timestep	time	weight	P	Q	Qfitted	Qresidual
23	230	0	0.125	0.928457746478873	0.0157194662906857	0.912738280188188
24	240	0	0	0.792348591549296	0.0204022730013448	0.771946318547951
25	250	0	0.1	0.70084647887324	0.0222206722292082	0.678625806644031
26	260	0	0.05	0.654040140845071	0.0258992622696545	0.628140878575416
27	270	0	0	0.431220422535211	0.0292837782151342	0.401936644320077
28	280	0	0	0.453035915492958	0.0265289917965281	0.42650692369643
29	290	0	0	0.404670422535211	0.0226331076287406	0.38203731490647
30	300	0	0	0.369880985915493	0.0170017589427125	0.35287922697278
31	310	0	0	0.324880985915493	0.0144681816455703	0.310412804269923
32	320	0	0	0.229075352112676	0.011780484673443	0.217294867439233
33	330	0	0	0.223985915492958	0.0108239612866666	0.213161954206291
34	340	0	0	0.175994366197183	0.0102722985161769	0.165722067681006
35	350	0	0	0.146230985915493	0.00885054723412	0.137380438681373
36	360	0	0	0.121411267605634	0.00759221874630417	0.11381904885933
37	370	0	0	0.094062676056338	0.00482705245516826	0.0892356236011697
38	380	0	0	0.0849295774647887	0.00428299806949426	0.0806465793952945
39	390	0	0	0.0642612676056338	0.00389406531095157	0.0603672022946822
40	400	0	0	0.0624739436619718	0.00367966754250047	0.0587942761194714
41	410	0	0	0.0568014084507042	0.00379776684991769	0.0530036416007865
42	420	0	0.5	0.0552042253521127	0.00754737367473192	0.0476568516773807
43	430	0	0	0.106637323943662	0.0315912689086384	0.0750460550350238
44	440	0	0	0.0928267605633803	0.0398743455842791	0.0529524149791012
45	450	0	0.025	0.099424647887324	0.0345835054138479	0.0648411424734761
46	460	0	0.275	0.100983802816901	0.0321935278961862	0.0687902749207152
47	470	0	0	0.110326056338028	0.0407619911284508	0.0695640652095775
48	480	0	0	0.100692253521127	0.0422525559955971	0.0584396975255295
49	490	0	0	0.0857598591549296	0.0357760979389943	0.0499837612159353
50	500	0	0	0.0750042253521127	0.0314243696636693	0.0435798556884433
51	510	0	0	0.0637732394366197	0.0265948496021013	0.0371783898345184
52	520	0	0	0.0538161971830986	0.0238316179619608	0.0299845792211378
53	530	0	0	0.047243661971831	0.0218432049062135	0.0254004570656175
54	540	0	0	0.0403605633802817	0.0187686683957572	0.0215918949845245
55	550	0	0	0.0389028169014084	0.0162309295621357	0.0226718873392728
56	560	0	0	0.0329514084507042	0.0137371332787775	0.0192142751719267
57	570	0	0	0.0315950704225352	0.0134870301232976	0.0181080402992376
58	580	0	0	0.0262394366197183	0.0129456197502007	0.0132938168695176
59	590	0	0	0.0219676056338028	0.012148236222829	0.00981936941097384
60	600	0	0	0.022037323943662	0.0109158745654602	0.0111214493782018
61	610	0	0	0.0176070422535211	0.00964379613381305	0.00796324611970807
62	620	0	0	0.0190584507042254	0.00820735107408502	0.0108510996301403
63	630	0	0	0.0177338028169014	0.00427001910928124	0.0134637837076202
64	640	0	0	0.0191091549295775	0.00417884296060065	0.0149303119689768
65	650	0	0	0.0204528169014084	0.00341011706114117	0.0170426998402673
66	660	0	0.2	0.0197366197183099	0.00378183164458857	0.0159547880737213
67	670	0	0	0.0232795774647887	0.0113868607611562	0.0118927167036325
68	680	0	0	0.0260176056338028	0.0152000798458085	0.0108175257879943
69	690	0	0.25	0.0391056338028169	0.0151824152263889	0.023923218576428
70	700	0	0.05	0.0705802816901409	0.0259063683499408	0.0446739133402001
71	710	0	0	0.0750232394366197	0.0311288340380037	0.0438944053986161
72	720	0	0	0.0711823943661972	0.0281823561408857	0.0430000382253115
73	730	0	0.075	0.0588042253521127	0.0244763276584588	0.0343278976936538
74	740	0	0	0.0523964788732394	0.0245952828086613	0.0278011960645781
75	750	0	0	0.0437894366197183	0.0230104703657161	0.0207789662540023
76	760	0	0.025	0.0387507042253521	0.0201001114120169	0.0186505928133352
77	770	0	0.05	0.0335471830985915	0.0199240629251781	0.0136231201734134
78	780	0	0.025	0.0284514084507042	0.0203285522842268	0.00812285616647743
79	790	0.999781612803049	0	0.0254281690140845	0.0206282102960073	0.00479995871807725
80	800	0.999997625843225	0	0.0227978873239437	0.0189245789450137	0.00387330837892996
81	810	0.999574290531333	0	0.0214859154929577	0.0165800182544057	0.00490589723855207
82	820	0.999819608967521	0	0.0192105633802817	0.01472622504649	0.00448433833379171
83	830	0.995518079686213	1.45	0.0182028169014084	0.0241775583357457	-0.00597474143433727
84	840	0	0.7	0.0389281690140845	0.0998863308900573	-0.0609581618759728
85	850	0.668606351896561	0.55	0.111479577464789	0.16531341058566	-0.0538338331208713
86	860	0.770729016980645	0	0.156745774647887	0.189997164207744	-0.0332513895598571
87	870	0.579364416722949	0	0.126076056338028	0.177438904439713	-0.0513628481016843
88	880	0.521365112071101	0	0.0942464788732394	0.149961838825978	-0.0557153599527381
89	890	0.597529826968017	0	0.0780274647887324	0.12630500420189	-0.0482775394131578
90	900	0.733545137886021	0	0.0641852112676057	0.103277152095146	-0.0390919408275398
91	910	0.771107364794723	0	0.0546845070422535	0.0896189472394459	-0.0349344401971924
92	920	0.818494836167079	0	0.048130985915493	0.0779309804542237	-0.0297999945387308
93	930	0.751048891110049	1.125	0.0441	0.0804422973609128	-0.0363422973609127
94	940	0.875400054368084	0.875	0.162507042253521	0.138934179712735	0.0235728625407865
95	950	0.177947535246978	0	0.335021830985915	0.196163415451345	0.138858415534571
96	960	0.48108225119168	0.125	0.267654929577465	0.195114405509217	0.0725405240682479
97	970	0.988375035637189	0	0.187364788732394	0.170617704710865	0.0167470840215289
98	980	0.815545661847573	0	0.122552112676056	0.147876958945225	-0.0253248462691684
99	990	0.721477694197503	0	0.0942401408450704	0.129393253079472	-0.0351531122344011
100	1000	0.749820393153187	0	0.0761323943661972	0.115392192225152	-0.0392597978589546
101	1010	0.745661876898537	0	0.0651295774647887	0.105563850369885	-0.040434272905096
102	1020	0.78400015737202	0.25	0.060756338028169	0.0962956245084666	-0.0355392864802976
103	1030	0.927287639659442	0.05	0.0802014084507042	0.0961101803360533	-0.0159087718853491
104	1040	0.954149532015731	0	0.104983098591549	0.0862930743113802	0.018690024280169
105	1050	0.939694560648929	0	0.0934669014084507	0.0717541818873828	0.0217127195210679
106	1060	0.912546255249983	0.475	0.0845112676056338	0.0609728932190127	0.0235383743866211
107	1070	0.949521734759094	0.125	0.0941450704225353	0.0749346920694101	0.0192103783531252
108	1080	0.89200670927488	0.375	0.109939436619718	0.0862471037872699	0.0236923328324483
109	1090	0.806181369806264	0.25	0.136128169014085	0.103176631181322	0.0329515378327624
110	1100	0.795682836942466	0.375	0.151548591549296	0.119640912181076	0.0319076793682203
111	1110	0.567636712281964	0.275	0.191091549295775	0.134208327039719	0.0568832222560559
112	1120	0.414099388697111	0.15	0.220658450704226	0.142140621667336	0.0785178290368901
113	1130	0	0.175	0.226774647887324	0.135702665238215	0.0910719826491088
114	1140	0	0.25	0.198469014084507	0.122073655705822	0.0763953583786851
115	1150	0	0.025	0.178117605633803	0.115186465293663	0.0629311403401403
116	1160	0.804155116202347	0.075	0.143657746478873	0.107596758683107	0.0360609877957658
117	1170	0	0.05	0.137649295774648	0.0983167035641783	0.0393325922104697
118	1180	0	0.175	0.126247183098591	0.0919513131344421	0.0342958699641493
119	1190	0.973088983113274	0.2	0.106567605633803	0.0929487375695481	0.0136188680642547
120	1200	0	0	0.101357746478873	0.0956243684892231	0.00573337798965029
121	1210	0.998930012042737	0	0.0951211267605634	0.0896278051270446	0.00549332163351886
122	1220	0.709942288466253	0	0.125987323943662	0.0788071469410221	0.0471801770026398
123	1230	0.552357084515025	0	0.130785211267606	0.0676484357244643	0.0631367755431413
124	1240	0.624464220782573	0	0.115618309859155	0.0604370914415315	0.0551812184176235
125	1250	0.671159699024468	0	0.102733098591549	0.0541383678081449	0.0485947307834043
126	1260	0.778467670315916	0	0.0853922535211268	0.0481307553552947	0.0372614981658321
127	1270	0.827061999174453	0	0.0731154929577465	0.0404671862178173	0.0326483067399292
128	1280	0.88340789813049	0	0.0621443661971831	0.0351988205889844	0.0269455456081987
129	1290	0.916517760032798	0	0.0526119718309859	0.0297395345472179	0.022872437283768
130	1300	0.912817615995819	0.075	0.0484922535211268	0.0254311322496613	0.0230611212714655
131	1310	0.935520463832218	0.175	0.0438401408450704	0.0245730004409637	0.0192671404041067
132	1320	0.984608611113479	0	0.0407154929577465	0.030146307274034	0.0105691856837125
133	1330	0.994186144670487	0.35	0.0387316901408451	0.0322334455151571	0.00649824462568801
134	1340	0.996256794120476	0.025	0.043206338028169	0.0449339897247675	-0.00172765169659848
135	1350	0.995676287242434	0	0.0458429577464789	0.0484508057405109	-0.00260784799403201
136	1360	0.998943049399944	0.875	0.0483274647887324	0.0495184498309197	-0.00119098504218729
137	1370	0		0.0776915492957746		
138	1380	0	1.3	0.180880985915493		
139	1390	0		0.401647183098591		
140	1400	0		0.38269014084507		
141	1410	0		0.34232323943662		
142	1420	0		0.30047323943662		
143	1430	0		0.259941549295775		
144	1440	0		0.224505633802817		
145	1450	0		0.184030985915493		
146	1460	0		0.190622535211267		
147	1470	0		0.173782394366197		
148	1480	0		0.14772676056338		
149	1490	0		0.138485915492958		
150	1500	0		0.121969014084507		
151	1510	0		0.1233		
152	1520	0		0.118933098591549		
153	1530	0		0.121075352112676		
154	1540	0		0.121151408450704		
155	1550	0		0.128059859154929		
156	1560	0		0.137072535211268		
157	1570	0		0.116632394366197		
158	1580	0		0.102619014084507		
159	1590	0		0.12972676056338		
160	1600	0		0.168458450704225		
161	1610	0		0.160966901408451		
162	1620	0		0.134410563380282		
163	1630	0		0.108291549295775		
164	1640	0		0.104026056338028		
165	1650	0		0.133707042253521		
166	1660	0		0.146148591549296		
167	1670	0		0.125866901408451		
168	1680	0		0.104374647887324		
169	1690	0		0.0969654929577465		
170	1700	0	0.025	0.0910838028169014		
171	1710	0	0	0.0884725352112676		
172	1720	0	0	0.0837443661971831		
173	1730	0		0.124123943661972		
174	1740	0		0.311425352112676		
175	1750	0		0.470097887323944		
176	1760	0		0.426428873239437		
177	1770	0		0.483566197183099		
178	1780	0		0.457257042253521		
179	1790	0		0.361464084507042		
180	1800	0		0.28452676056338		
181	1810	0		0.22455		
182	1820	0		0.168889436619718		
183	1830	0		0.131837323943662		
184	1840	0		0.106257042253521		
185	1850	0		0.094474647887324		
186	1860	0		0.0873633802816902		
187	1870	0		0.106928873239437		
188	1880	0		0.24615		
189	1890	0		0.255175352112676		
190	1900	0		0.227915492957746		
191	1910	0		0.194507746478873		
192	1920	0		0.160624647887324		
193	1930	0		0.128909154929578		
194	1940	0		0.104197183098592		
195	1950	0		0.0937457746478873		
196	1960	0		0.0836429577464789		
197	1970	0		0.0761133802816901		
198	1980	0		0.069274647887324		
199	1990	0		0.0635577464788733		
200	2000	0		0.0620176056338028		
201	2010	0		0.0614852112676056		
202	2020	0		0.0631204225352113		
203	2030	0		0.0605345070422535		
204	2040	0		0.0594443661971831		
205	2050	0		0.0605915492957747		
206	2060	0		0.0639		
207	2070	0		0.065230985915493		
208	2080	0		0.063		
209	2090	0		0.0625690140845071		
210	2100	0		0.0619605633802817		
211	2110	0		0.0615739436619718		
212	2120	0		0.0683176056338028		
213	2130	0		0.0759992957746479		
214	2140	0		0.0753718309859155		
215	2150	0		0.0700225352112676		
216	2160	0		0.0647112676056338		
217	2170	0		0.0605028169014085		
218	2180	0		0.0556415492957746		
219	2190	0		0.0530619718309859		
220	2200	0		0.0494239436619718		
221	2210	0		0.0466098591549296		
222	2220	0		0.0455767605633803		
223	2230	0		0.0453549295774648		
224	2240	0		0.050380985915493		
225	2250	0		0.0567887323943662		
226	2260	0		0.0633866197183099		
227	2270	0		0.0635007042253521		
228	2280	0		0.0626577464788733		
229	2290	0		0.0586964788732395		
230	2300	0		0.0528908450704225		
231	2310	0		0.0493922535211268		
232	2320	0		0.0456401408450704		
233	2330	0		0.0441823943661972		
234	2340	0		0.0429464788732394		
235	2350	0		0.0420464788732394		
236	2360	0		0.0396380281690141		
237	2370	0		0.0377112676056338		
238	2380	0		0.0362852112676056		
239	2390	0		0.033737323943662		
240	2400	0		0.0322795774647887		
241	2410	0		0.0309992957746479		
242	2420	0		0.031062676056338		
243	2430	0		0.0284767605633803		
244	2440	0		0.0295225352112676		
245	2450	0		0.0272408450704225		
246	2460	0		0.0273992957746479		
247	2470	0		0.0268542253521127		
248	2480	0		0.0253584507042254		
249	2490	0		0.0235521126760563		
250	2500	0		0.021619014084507		
251	2510	0		0.0330718309859155		
252	2520	0		0.0325521126760564		
253	2530	0		0.0347704225352113		
254	2540	0		0.027906338028169		
255	2550	0		0.0232669014084507		
256	2560	0		0.0245535211267606		
257	2570	0		0.0206619718309859		
258	2580	0		0.019362676056338		
259	2590	0		0.0181647887323944		
260	2600	0				
261	2610	0				
262	2620	0				
263	2630	0				
264	2640	0				
265	2650	0				
266	2660	0				
267	2670	0				
268	2680	0				
269	2690	0				
270	2700	0				
271	2710	0				
272	2720	0				
273	2730	0				
274	2740	0				
275	2750	0				
276	2760	0				
277	2770	0				
278	2780	0				
279	2790	0				
280	2800	0				
281	2810	0				
282	2820	0				
283	2830	0				
284	2840	0				
285	2850	0				
286	2860	0				
287	2870	0				
288	2880	0				
289	2890	0				
290	2900	0				
291	2910	0				
292	2920	0				
293	2930	0				
294	2940	0				
295	2950	0				
296	2960	0				
297	2970	0				
298	2980	0				
299	2990	0				
300	3000	0				
301	3010	0				
302	3020	0				
303	3030	0				
304	3040	0				
305	3050	0				
306	3060	0				
307	3070	0				
308	3080	0				
309	3090	0				
310	3100	0				
311	3110	0				
312	3120	0				
313	3130	0				
314	3140	0				
315	3150	0				
316	3160	0				
317	3170	0				
318	3180	0				
319	3190	0				
320	3200	0				
321	3210	0				
322	3220	0				
323	3230	0				
324	3240	0				
325	3250	0				
326	3260	0				
327	3270	0				
328	3280	0				
329	3290	0				
330	3300	0				
331	3310	0				
332	3320	0				
333	3330	0				
334	3340	0				
335	3350	0				
336	3360	0				
337	3370	0				
338	3380	0				
339	3390	0				
340	3400	0				
341	3410	0				
342	3420	0				
343	3430	0				
344	3440	0				
345	3450	0				
346	3460	0				
347	3470	0				
348	3480	0				
349	3490	0				
350	3500	0				
351	3510	0				
352	3520	0				
353	3530	0				
354	3540	0				
355	3550	0				
356	3560	0				
357	3570	0				
358	3580	0				
359	3590	0				
360	3600	0				
361	3610	0				
362	3620	0				
363	3630	0				
364	3640	0				
365	3650	0				
366	3660	0				
367	3670	0				
368	3680	0				
369	3690	0				
370	3700	0				
371	3710	0				
372	3720	0				
373	3730	0				
374	3740	0				
375	3750	0				
376	3760	0				
377	3770	0				
378	3780	0				
379	3790	0				
380	3800	0				
381	3810	0				
382	3820	0				
383	3830	0				
384	3840	0				
385	3850	0				
386	3860	0				
387	3870	0				
388	3880	0				
389	3890	0				
390	3900	0				
391	3910	0				
392	3920	0				
393	3930	0				
394	3940	0				
395	3950	0				
396	3960	0				
397	3970	0				
398	3980	0				
399	3990	0				
400	4000	0				
401	4010	0				
402	4020	0				
403	4030	0				
404	4040	0				
405	4050	0				
406	4060	0				
407	4070	0				
408	4080	0				
409	4090	0				
410	4100	0				
411	4110	0				
412	4120	0				
413	4130	0				
414	4140	0				
415	4150	0				
416	4160	0				
417	4170	0				
418	4180	0				
419	4190	0				
420	4200	0				
421	4210	0				
422	4220	0				
423	4230	0				
424	4240	0				
425	4250	0				
426	4260	0				
427	4270	0				
428	4280	0				
429	4290	0				
430	4300	0				
431	4310	0				
432	4320	0				
433	4330	0				
434	4340	0				
435	4350	0				
436	4360	0				
437	4370	0				
438	4380	0				
439	4390	0				
440	4400	0				
441	4410	0				
442	4420	0				
443	4430	0				
444	4440	0				
445	4450	0				
446	4460	0				
447	4470	0				
448	4480	0				
449	4490	0				
450	4500	0				
451	4510	0				
452	4520	0				
453	4530	0				
454	4540	0				
455	4550	0				
456	4560	0				
457	4570	0				
458	4580	0				
459	4590	0				
460	4600	0				
461	4610	0				
462	4620	0				
463	4630	0				
464	4640	0				
465	4650	0				
466	4660	0				
467	4670	0				
468	4680	0				
469	4690	0				
470	4700	0				
471	4710	0				
472	4720	0				
473	4730	0				
474	4740	0				
475	4750	0				
476	4760	0				
477	4770	0				
478	4780	0				
479	4790	0				
480	4800	0				
481	4810	0				
482	4820	0				
483	4830	0				
484	4840	0				
485	4850	0				
486	4860	0				
487	4870	0				
488	4880	0				
489	4890	0				
490	4900	0				
491	4910	0				
492	4920	0				
493	4930	0				
494	4940	0				
495	4950	0				
496	4960	0				
497	4970	0				
498	4980	0				
499	4990	0				
500	5000	0				
501	5010	0				
502	5020	0				
503	5030	0				
504	5040	0				
505	5050	0				
506	5060	0				
507	5070	0				
508	5080	0				
509	5090	0				
510	5100	0				
511	5110	0				
512	5120	0				
513	5130	0				
514	5140	0				
515	5150	0				
516	5160	0				
517	5170	0				
518	5180	0				
519	5190	0				
520	5200	0				
521	5210	0				
522	5220	0				
523	5230	0				
524	5240	0				
525	5250	0				
526	5260	0				
527	5270	0				
528	5280	0				
529	5290	0				
530	5300	0				
531	5310	0				
532	5320	0				
533	5330	0				
534	5340	0				
535	5350	0				
536	5360	0				
537	5370	0				
538	5380	0				
539	5390	0				
540	5400	0				
541	5410	0				
542	5420	0				
543	5430	0				
544	5440	0				
545	5450	0				
546	5460	0				
547	5470	0				
548	5480	0				
549	5490	0				
550	5500	0				
551	5510	0				
552	5520	0				
553	5530	0				
554	5540	0				
555	5550	0				
556	5560	0				
557	5570	0				
558	5580	0				
559	5590	0				
560	5600	0				
561	5610	0				
562	5620	0				
563	5630	0				
564	5640	0				
565	5650	0				
566	5660	0				
567	5670	0				
568	5680	0				
569	5690	0				
570	5700	0				
571	5710	0				
572	5720	0				
573	5730	0				
574	5740	0				
575	5750	0				
576	5760	0				
577	5770	0				
578	5780	0				
579	5790	0				
580	5800	0				
581	5810	0				
582	5820	0				
583	5830	0				
584	5840	0				
585	5850	0				
586	5860	0				
587	5870	0				
588	5880	0				
589	5890	0				
590	5900	0				
591	5910	0				
592	5920	0				
593	5930	0				
594	5940	0				
595	5950	0				
596	5960	0				
597	5970	0				
598	5980	0				
599	5990	0				
600	6000	0				
601	6010	0				
602	6020	0				
603	6030	0				
604	6040	0				
605	6050	0				
606	6060	0				
607	6070	0				
608	6080	0				
609	6090	0				
610	6100	0				
611	6110	0				
612	6120	0				
613	6130	0				
614	6140	0				
615	6150	0				
616	6160	0				
617	6170	0				
618	6180	0				
619	6190	0				
620	6200	0				
621	6210	0				
622	6220	0				
623	6230	0				
624	6240	0				
625	6250	0				
626	6260	0				
627	6270	0				
628	6280	0				
629	6290	0				
630	6300	0				
631	6310	0				
632	6320	0				
633	6330	0				
634	6340	0				
635	6350	0				
636	6360	0				
637	6370	0				
638	6380	0				
639	6390	0				
640	6400	0				
641	6410	0				
642	6420	0				
643	6430	0				
644	6440	0				
645	6450	0				
646	6460	0				
647	6470	0				
648	6480	0				
649	6490	0				
650	6500	0				
651	6510	0				
652	6520	0				
653	6530	0				
654	6540	0				
655	6550	0				
656	6560	0				
657	6570	0				
658	6580	0				
659	6590	0				
660	6600	0				
661	6610	0				
662	6620	0				
663	6630	0				
664	6640	0				
665	6650	0				
666	6660	0				
667	6670	0				
668	6680	0				
669	6690	0				
670	6700	0				
671	6710	0				
672	6720	0				
673	6730	0				
674	6740	0				
675	6750	0				
676	6760	0				
677	6770	0				
678	6780	0				
679	6790	0				
680	6800	0				
681	6810	0				
682	6820	0				
683	6830	0				
684	6840	0				
685	6850	0				
686	6860	0				
687	6870	0				
688	6880	0				
689	6890	0				
690	6900	0				
691	6910	0				
692	6920	0				
693	6930	0				
694	6940	0				
695	6950	0				
696	6960	0				
697	6970	0				
698	6980	0				
699	6990	0				
700	7000	0				
701	7010	0				
702	7020	0				
703	7030	0				
704	7040	0				
705	7050	0				
706	7060	0				
707	7070	0				
708	7080	0				
709	7090	0				
710	7100	0				
711	7110	0				
712	7120	0				
713	7130	0				
714	7140	0				
715	7150	0				
716	7160	0				
717	7170	0				
718	7180	0				
719	7190	0				
720	7200	0				
721	7210	0				
722	7220	0				
723	7230	0				
724	7240	0				
725	7250	0				
726	7260	0				
727	7270	0				
728	7280	0				
729	7290	0				
730	7300	0				
731	7310	0				
732	7320	0				
733	7330	0				
734	7340	0				
735	7350	0				
736	7360	0				
737	7370	0				
738	7380	0				
739	7390	0				
740	7400	0				
741	7410	0				
742	7420	0				
743	7430	0				
744	7440	0				
745	7450	0				
746	7460	0				
747	7470	0				
748	7480	0				
749	7490	0				
750	7500	0				
751	7510	0				
752	7520	0				
753	7530	0				
754	7540	0				
755	7550	0				
756	7560	0				
757	7570	0				
758	7580	0				
759	7590	0				
760	7600	0				
761	7610	0				
762	7620	0				
763	7630	0				
764	7640	0				
765	7650	0				
766	7660	0				
767	7670	0				
768	7680	0				
769	7690	0				
770	7700	0				
771	7710	0				
772	7720	0				
773	7730	0				
774	7740	0				
775	7750	0				
776	7760	0				
777	7770	0				
778	7780	0				
779	7790	0				
780	7800	0				
781	7810	0				
782	7820	0				
783	7830	0				
784	7840	0				
785	7850	0				
786	7860	0				
787	7870	0				
788	7880	0				
789	7890	0				
790	7900	0				
791	7910	0				
792	7920	0				
793	7930	0				
794	7940	0				
795	7950	0				
796	7960	0				
797	7970	0				
798	7980	0				
799	7990	0				
800	8000	0				
801	8010	0				
802	8020	0				
803	8030	0				
804	8040	0				
805	8050	0				
806	8060	0				
807	8070	0				
808	8080	0				
809	8090	0				
810	8100	0				
811	8110	0				
812	8120	0				
813	8130	0				
814	8140	0				
815	8150	0				
816	8160	0				
817	8170	0				
818	8180	0				
819	8190	0				
820	8200	0				
821	8210	0				
822	8220	0				
823	8230	0				
824	8240	0				
825	8250	0				
826	8260	0				
827	8270	0				
828	8280	0				
829	8290	0				
830	8300	0				
831	8310	0				
832	8320	0				
833	8330	0				
834	8340	0				
835	8350	0				
836	8360	0	0			
837	8370	0	0			
838	8380	0	0.125			
839	8390	0	0			
840	8400	0	0			
841	8410	0	0.175			
842	8420	0	0			
843	8430	0	0			
844	8440	0	0			
845	8450	0	0			
846	8460	0	0			
847	8470	0	0			
848	8480	0	0			
849	8490	0	0			
850	8500	0	0	0.0410197183098592		
851	8510	0	0	0.0654274647887324		
852	8520	0	0	0.107429577464789		
853	8530	0	0	0.177971830985915		
854	8540	0	0	0.217242253521127		
855	8550	0	0	0.18488661971831		
856	8560	0	0	0.14997676056338	0.00396611455807883	0.146010646005301
857	8570	0	0	0.119129577464789	0.00391379511371279	0.115215782351076
858	8580	0	0	0.118337323943662	0.00349096537195876	0.114846358571703
859	8590	0	0	0.115624647887324	0.0024735376454408	0.113151110241883
860	8600	0	0	0.110129577464789	0.00204298662435574	0.108086590840433
861	8610	0	0	0.109261267605634	0.00139796656007508	0.107863301045559
862	8620	0	0	0.0979035211267606	0	0.0979035211267606
863	8630	0	0	0.137706338028169	0	0.137706338028169
864	8640	0	0	0.16277323943662	0	0.16277323943662
865	8650	0	0.125	0.292785211267606	0.000990641906365551	0.29179456936124
866	8660	0	0	0.421637323943662	0.00711678797572264	0.414520535967939
867	8670	0	0.55	0.315640140845071	0.0138588742916388	0.301781266553432
868	8680	0	0.3	0.425040845070423	0.0419421148019931	0.38309873026843
869	8690	0	0.175	0.310278169014085	0.0673152441590878	0.242962924854997
870	8700	0	0	0.263091549295775	0.0748679962225672	0.188223553073207
871	8710	0	0	0.220772535211268	0.0690378161796555	0.151734719031612
872	8720	0	0	0.141280985915493	0.0580450896248032	0.0832358962906899
873	8730	0	0.325	0.133624647887324	0.0517279216537261	0.081896726233598
874	8740	0	0	0.118939436619718	0.0594950106312192	0.0594444259884992
875	8750	0	0	0.0995894366197184	0.0606058408517702	0.0389835957679482
876	8760	0	0	0.0888338028169014	0.0531608184844078	0.0356729843324936
877	8770	0	0	0.0833894366197184	0.0471034493308952	0.0362859872888231
878	8780	0	0	0.0829014084507042	0.0424351722690147	0.0404662361816895
879	8790	0	0	0.08235	0.0369997157898858	0.0453502842101142
880	8800	0	0	0.0810950704225352	0.0317929438311799	0.0493021265913553
881	8810	0	0	0.0801760563380282	0.0270520277559438	0.0531240285820844
882	8820	0	0	0.0772288732394366	0.0238932192092621	0.0533356540301746
883	8830	0	0	0.0745035211267605	0.0234204258874149	0.0510830952393456
884	8840	0	0	0.0730711267605634	0.0236212039659324	0.049449922794631
885	8850	0	0	0.0718035211267606	0.022005566667805	0.0497979544589555
886	8860	0	0	0.0709225352112676	0.0187149002977042	0.0522076349135634
887	8870	0	0.5	0.0721838028169014	0.0185090405201353	0.0536747622967661
888	8880	0	0	0.0684633802816901	0.0369910705451611	0.031472309736529
889	8890	0	0	0.0643119718309859	0.0439565585167339	0.020355413314252
890	8900	0	0	0.065680985915493	0.0376316045023765	0.0280493814131165
891	8910	0	0	0.0593619718309859	0.0327850518599775	0.0265769199710084
892	8920	0	0	0.0596852112676056	0.0269991656177956	0.0326860456498101
893	8930	0	0	0.0656746478873239	0.0222985283924712	0.0433761194948528
894	8940	0	0	0.0595711267605634	0.0162149752907211	0.0433561514698422
895	8950	0	0	0.0542598591549296	0.0147588807841823	0.0395009783707472
896	8960	0	0	0.0471866197183099	0.012846958182432	0.0343396615358779
897	8970	0	0	0.0476366197183099	0.012184601567928	0.0354520181503818
898	8980	0	0	0.0435612676056338	0.0121870244571078	0.031374243148526
899	8990	0	0	0.0402084507042254	0.0100089360553353	0.0301995146488901
900	9000	0	0	0.0397014084507042	0.0085558724834017	0.0311455359673025
901	9010	0	0	0.0342316901408451	0.0064262511935617	0.0278054389472834
902	9020	0	0	0.0339654929577465	0.00628371986912155	0.027681773088625
903	9030	0	0	0.0293894366197183	0.00701291129559625	0.0223765253241221
904	9040	0	0	0.0287049295774648	0.00712119379727997	0.0215837357801848
905	9050	0	0	0.0273359154929578	0.00706725041554515	0.0202686650774126
906	9060	0		0.0246992957746479		
907	9070	0	0	0.0236598591549296		
908	9080	0	0	0.0189507042253521		
909	9090	0	0	0.0231147887323944		
910	9100	0	0	0.0187859154929577		
911	9110	0	0	0.020719014084507		
912	9120	0	0	0.0253584507042254		
913	9130	0	0	0.01935		
914	9140	0	0	0.0232035211267606		
915	9150	0	0.05	0.0181394366197183		
916	9160	0		0.027887323943662		
917	9170	0		0.0386302816901409		
918	9180	0		0.0411021126760564		
919	9190	0		0.0414443661971831		
920	9200	0		0.0409183098591549		
921	9210	0		0.072893661971831		
922	9220	0		0.0731345070422535		
923	9230	0		0.0678169014084507		
924	9240	0		0.0621633802816902		
925	9250	0		0.0572260563380282		
926	9260	0		0.0498549295774648		
927	9270	0		0.0442901408450704		
928	9280	0		0.0394859154929577		
929	9290	0		0.0351570422535211		
930	9300	0		0.0313161971830986		
931	9310	0		0.0307014084507042		
932	9320	0		0.0263408450704226		
933	9330	0		0.0262077464788732		
934	9340	0		0.0242239436619718		
935	9350	0		0.023387323943662		
936	9360	0		0.0289267605633803		
937	9370	0		0.0287746478873239		
938	9380	0		0.0296429577464789		
939	9390	0		0.0277859154929577		
940	9400	0		0.0279570422535211		
941	9410	0		0.0261950704225352		
942	9420	0		0.023843661971831		
943	9430	0		0.023869014084507		
944	9440	0		0.0227471830985916		
945	9450	0		0.023412676056338		
946	9460	0		0.0266133802816901		
947	9470	0		0.0362471830985916		
948	9480	0		0.0440683098591549		
949	9490	0		0.0410007042253521		
950	9500	0		0.0378253521126761		
951	9510	0		0.0338070422535211		
952	9520	0		0.0308091549295775		
953	9530	0		0.0290028169014085		
954	9540	0		0.0256816901408451		
955	9550	0		0.0250415492957747		
956	9560	0		0.0223922535211268		
957	9570	0		0.0216443661971831		
958	9580	0		0.0208330985915493		
959	9590	0		0.0188302816901409		
960	9600	0		0.0197366197183099		
961	9610	0		0.0170366197183099		
962	9620	0		0.0169795774647887		
963	9630	0		0.0170683098591549		
964	9640	0		0.0159084507042254		
965	9650	0		0.0168211267605634		
966	9660	0		0.0155345070422535		
967	9670	0		0.0159781690140845		
968	9680	0		0.0163964788732394		
969	9690	0		0.0233112676056338		
970	9700	0		0.0484225352112676		
971	9710	0		0.060737323943662		
972	9720	0		0.0560471830985916		
973	9730	0		0.0578535211267606		
974	9740	0		0.0888401408450704		
975	9750	0		0.0966929577464789		
976	9760	0		0.0825654929577465		
977	9770	0		0.0741169014084507		
978	9780	0		0.214903521126761		
979	9790	0		0.553785211267606		
980	9800	0		0.424153521126761		
981	9810	0		0.502504225352113		
982	9820	0		0.40725		
983	9830	0		0.280635211267606		
984	9840	0		0.19864014084507		
985	9850	0		0.128966197183099		
986	9860	0		0.0957676056338028		
987	9870	0		0.0797070422535211		
988	9880	0		0.059843661971831		
989	9890	0		0.0517246478873239		
990	9900	0		0.0426042253521127		
991	9910	0		0.0370647887323944		
992	9920	0		0.0318992957746479		
993	9930	0		0.0278683098591549		
994	9940	0		0.025212676056338		
995	9950	0		0.0370204225352113		
996	9960	0		0.0709985915492958		
997	9970	0		0.0699654929577465		
998	9980	0		0.101611267605634		
999	9990	0		0.100666901408451		
1000	10000	0		0.0834908450704225		
1001	10010	0		0.0785598591549296		
1002	10020	0		0.0715183098591549		
1003	10030	0		0.0692049295774648		
1004	10040	0		0.0647176056338028		
1005	10050	0		0.064330985915493		
1006	10060	0		0.0700288732394366		
1007	10070	0		0.0648950704225352		
1008	10080	0		0.0606802816901409		
1009	10090	0		0.0542598591549296		
1010	10100	0		0.049969014084507		
1011	10110	0		0.0460964788732394		
1012	10120	0		0.039587323943662		
1013	10130	0		0.036462676056338		
1014	10140	0		0.0307204225352113		
1015	10150	0		0.0278366197183099		
1016	10160	0		0.0241098591549296		
1017	10170	0		0.0205542253521127		
1018	10180	0		0.0188176056338028		
1019	10190	0		0.0155535211267606		
1020	10200	0		0.0149514084507042		
1021	10210	0		0.0169352112676056		
1022	10220	0		0.0191408450704225		
1023	10230	0		0.025206338028169		
1024	10240	0		0.0394922535211268		
1025	10250	0		0.0457225352112676		
1026	10260	0		0.0441316901408451		
1027	10270	0		0.0421922535211268		
1028	10280	0		0.0405253521126761		
1029	10290	0		0.0475352112676056		
1030	10300	0		0.107397887323944		
1031	10310	0		0.297342253521127		
1032	10320	0		0.301214788732395		
1033	10330	0		0.244229577464789		
1034	10340	0		0.209427464788732		
1035	10350	0		0.158564788732394		
1036	10360	0		0.113051408450704		
1037	10370	0		0.217907746478873		
1038	10380	0		0.32618661971831		
1039	10390	0		0.258730985915493		
1040	10400	0		0.184810563380282		
1041	10410	0		0.123737323943662		
1042	10420	0		0.0966169014084507		
1043	10430	0		0.0793140845070422		
1044	10440	0		0.0690718309859155		
1045	10450	0		0.0583288732394366		
1046	10460	0		0.0513126760563381		
1047	10470	0		0.0470725352112676		
1048	10480	0		0.0398598591549296		
1049	10490	0		0.0370457746478873		
1050	10500	0		0.0312464788732394		
1051	10510	0		0.0288380281690141		
1052	10520	0		0.0257514084507042		
1053	10530	0		0.0226521126760563		
1054	10540	0		0.022069014084507		
1055	10550	0		0.0210232394366197		
1056	10560	0		0.0218978873239437		
1057	10570	0		0.0201612676056338		
1058	10580	0		0.0191725352112676		
1059	10590	0		0.0191661971830986		
1060	10600	0		0.0169161971830986		
1061	10610	0		0.0177464788732394		
1062	10620	0		0.0339274647887324		
1063	10630	0		0.0886056338028168		
1064	10640	0		0.104304929577465		
1065	10650	0		0.0931880281690141		
1066	10660	0		0.0819823943661972		
1067	10670	0		0.0689894366197183		
1068	10680	0		0.062087323943662		
1069	10690	0		0.0536830985915493		
1070	10700	0		0.0479218309859155		
1071	10710	0		0.0441443661971831		
1072	10720	0		0.038706338028169		
1073	10730	0		0.0368049295774648		
1074	10740	0		0.0332302816901409		
1075	10750	0		0.0322035211267606		
1076	10760	0		0.0301056338028169		
1077	10770	0		0.0279697183098592		
1078	10780	0		0.0275387323943662		
1079	10790	0		0.0249971830985915		
1080	10800	0		0.024737323943662		
1081	10810	0		0.0223415492957747		
1082	10820	0		0.0213781690140845		
1083	10830	0		0.0207823943661972		
1084	10840	0		0.0189697183098592		
1085	10850	0		0.0195464788732394		
1086	10860	0		0.0195274647887324		
1087	10870	0		0.0196098591549296		
1088	10880	0		0.0200408450704225		
1089	10890	0		0.0196542253521127		
1090	10900	0		0.0201169014084507		
1091	10910	0		0.0194767605633803		
1092	10920	0		0.0203640845070422		
1093	10930	0		0.0199014084507042		
1094	10940	0		0.0199014084507042		
1095	10950	0		0.0190647887323944		
1096	10960	0		0.0177401408450704		
1097	10970	0		0.017106338028169		
1098	10980	0		0.0147485915492958		
1099	10990	0		0.0142415492957747		
1100	11000	0		0.014412676056338		
1101	11010	0		0.0151415492957747		
1102	11020	0		0.0158830985915493		
1103	11030	0		0.0142352112676057		
1104	11040	0		0.0140007042253521		
1105	11050	0		0.0136077464788732		
1106	11060	0		0.0125366197183098		
1107	11070	0		0.0122260563380282		
1108	11080	0		0.0150528169014085		
1109	11090	0		0.0156485915492958		
1110	11100	0				
1111	11110	0				
1112	11120	0				
1113	11130	0				
1114	11140	0				
1115	11150	0				
1116	11160	0				
1117	11170	0				
1118	11180	0				
1119	11190	0				
1120	11200	0				
1121	11210	0				
1122	11220	0				
1123	11230	0				
1124	11240	0				
1125	11250	0				
1126	11260	0				
1127	11270	0				
1128	11280	0				
1129	11290	0				
1130	11300	0				
1131	11310	0				
1132	11320	0				
1133	11330	0				
1134	11340	0				
1135	11350	0				
1136	11360	0				
1137	11370	0				
1138	11380	0				
1139	11390	0				
1140	11400	0				
1141	11410	0				
1142	11420	0				
1143	11430	0				
1144	11440	0				
1145	11450	0				
1146	11460	0				
1147	11470	0				
1148	11480	0				
1149	11490	0				
1150	11500	0				
1151	11510	0				
1152	11520	0				
1153	11530	0				
1154	11540	0				
1155	11550	0				
1156	11560	0				
1157	11570	0				
1158	11580	0				
1159	11590	0				
1160	11600	0				
1161	11610	0				
1162	11620	0				
1163	11630	0				
1164	11640	0				
1165	11650	0				
1166	11660	0				
1167	11670	0				
1168	11680	0				
1169	11690	0				
1170	11700	0				
1171	11710	0				
1172	11720	0				
1173	11730	0				
1174	11740	0				
1175	11750	0				
1176	11760	0				
1177	11770	0				
1178	11780	0				
1179	11790	0				
1180	11800	0				
1181	11810	0				
1182	11820	0				
1183	11830	0				
1184	11840	0				
1185	11850	0				
1186	11860	0				
1187	11870	0				
1188	11880	0				
1189	11890	0				
1190	11900	0				
1191	11910	0				
1192	11920	0				
1193	11930	0				
1194	11940	0				
1195	11950	0				
1196	11960	0				
1197	11970	0				
1198	11980	0				
1199	11990	0				
1200	12000	0				
1201	12010	0				
1202	12020	0				
1203	12030	0				
1204	12040	0				
1205	12050	0				
1206	12060	0				
1207	12070	0				
1208	12080	0				
1209	12090	0				
1210	12100	0				
1211	12110	0				
1212	12120	0				
1213	12130	0				
1214	12140	0				
1215	12150	0				
1216	12160	0				
1217	12170	0				
1218	12180	0				
1219	12190	0				
1220	12200	0				
1221	12210	0				
1222	12220	0				
1223	12230	0				
1224	12240	0				
1225	12250	0				
1226	12260	0				
1227	12270	0				
1228	12280	0				
1229	12290	0				
1230	12300	0				
1231	12310	0				
1232	12320	0				
1233	12330	0				
1234	12340	0				
1235	12350	0				
1236	12360	0				
1237	12370	0				
1238	12380	0				
1239	12390	0				
1240	12400	0				
1241	12410	0				
1242	12420	0				
1243	12430	0				
1244	12440	0				
1245	12450	0				
1246	12460	0				
1247	12470	0				
1248	12480	0				
1249	12490	0				
1250	12500	0				
1251	12510	0				
1252	12520	0				
1253	12530	0				
1254	12540	0				
1255	12550	0				
1256	12560	0				
1257	12570	0				
1258	12580	0				
1259	12590	0				
1260	12600	0				
1261	12610	0				
1262	12620	0				
1263	12630	0				
1264	12640	0				
1265	12650	0				
1266	12660	0				
1267	12670	0				
1268	12680	0				
1269	12690	0				
1270	12700	0				
1271	12710	0				
1272	12720	0				
1273	12730	0				
1274	12740	0				
1275	12750	0				
1276	12760	0				
1277	12770	0				
1278	12780	0				
1279	12790	0				
1280	12800	0				
1281	12810	0				
1282	12820	0				
1283	12830	0				
1284	12840	0				
1285	12850	0				
1286	12860	0				
1287	12870	0				
1288	12880	0				
1289	12890	0				
1290	12900	0				
1291	12910	0				
1292	12920	0				
1293	12930	0				
1294	12940	0				
1295	12950	0				
1296	12960	0				
1297	12970	0				
1298	12980	0				
1299	12990	0				
1300	13000	0				
1301	13010	0				
1302	13020	0				
1303	13030	0				
1304	13040	0				
1305	13050	0				
1306	13060	0				
1307	13070	0				
1308	13080	0				
1309	13090	0				
1310	13100	0				
1311	13110	0				
1312	13120	0				
1313	13130	0				
1314	13140	0				
1315	13150	0				
1316	13160	0				
1317	13170	0				
1318	13180	0				
1319	13190	0				
1320	13200	0				
1321	13210	0				
1322	13220	0				
1323	13230	0				
1324	13240	0				
1325	13250	0				
1326	13260	0				
1327	13270	0				
1328	13280	0				
1329	13290	0				
1330	13300	0				
1331	13310	0				
1332	13320	0				
1333	13330	0				
1334	13340	0				
1335	13350	0				
1336	13360	0				
1337	13370	0				
1338	13380	0				
1339	13390	0				
1340	13400	0				
1341	13410	0				
1342	13420	0				
1343	13430	0				
1344	13440	0				
1345	13450	0				
1346	13460	0				
1347	13470	0				
1348	13480	0				
1349	13490	0				
1350	13500	0				
1351	13510	0				
1352	13520	0				
1353	13530	0				
1354	13540	0				
1355	13550	0				
1356	13560	0				
1357	13570	0				
1358	13580	0				
1359	13590	0				
1360	13600	0				
1361	13610	0				
1362	13620	0				
1363	13630	0				
1364	13640	0				
1365	13650	0				
1366	13660	0				
1367	13670	0				
1368	13680	0				
1369	13690	0				
1370	13700	0				
1371	13710	0				
1372	13720	0				
1373	13730	0				
1374	13740	0				
1375	13750	0				
1376	13760	0				
1377	13770	0				
1378	13780	0				
1379	13790	0				
1380	13800	0				
1381	13810	0				
1382	13820	0				
1383	13830	0				
1384	13840	0				
1385	13850	0				
1386	13860	0				
1387	13870	0				
1388	13880	0				
1389	13890	0				
1390	13900	0				
1391	13910	0				
1392	13920	0				
1393	13930	0				
1394	13940	0				
1395	13950	0				
1396	13960	0				
1397	13970	0				
1398	13980	0				
1399	13990	0				
1400	14000	0				
1401	14010	0				
1402	14020	0				
1403	14030	0				
1404	14040	0				
1405	14050	0				
1406	14060	0				
1407	14070	0				
1408	14080	0				
1409	14090	0				
1410	14100	0				
1411	14110	0				
1412	14120	0				
1413	14130	0				
1414	14140	0				
1415	14150	0				
1416	14160	0				
1417	14170	0				
1418	14180	0				
1419	14190	0				
1420	14200	0				
1421	14210	0				
1422	14220	0				
1423	14230	0				
1424	14240	0				
1425	14250	0				
1426	14260	0				
1427	14270	0				
1428	14280	0				
1429	14290	0				
1430	14300	0				
1431	14310	0				
1432	14320	0				
1433	14330	0				
1434	14340	0				
1435	14350	0				
1436	14360	0				
1437	14370	0				
1438	14380	0				
1439	14390	0				
1440	14400	0				
1441	14410	0				
1442	14420	0				
1443	14430	0				
1444	14440	0				
1445	14450	0				
1446	14460	0				
1447	14470	0				
1448	14480	0				
1449	14490	0				
1450	14500	0				
1451	14510	0				
1452	14520	0				
1453	14530	0				
1454	14540	0				
1455	14550	0				
1456	14560	0				
1457	14570	0				
1458	14580	0				
1459	14590	0				
1460	14600	0				
1461	14610	0				
1462	14620	0				
1463	14630	0				
1464	14640	0				
1465	14650	0				
1466	14660	0				
1467	14670	0				
1468	14680	0				
1469	14690	0				
1470	14700	0				
1471	14710	0				
1472	14720	0				
1473	14730	0				
1474	14740	0				
1475	14750	0				
1476	14760	0				
1477	14770	0				
1478	14780	0				
1479	14790	0				
1480	14800	0				
1481	14810	0				
1482	14820	0				
1483	14830	0				
1484	14840	0				
1485	14850	0				
1486	14860	0				
1487	14870	0				
1488	14880	0				
1489	14890	0				
1490	14900	0				
1491	14910	0				
1492	14920	0				
1493	14930	0				
1494	14940	0				
1495	14950	0				
1496	14960	0				
1497	14970	0				
1498	14980	0				
1499	14990	0				
1500	15000	0				
1501	15010	0				
1502	15020	0				
1503	15030	0				
1504	15040	0				
1505	15050	0				
1506	15060	0				
1507	15070	0				
1508	15080	0				
1509	15090	0				
1510	15100	0				
1511	15110	0				
1512	15120	0				
1513	15130	0				
1514	15140	0				
1515	15150	0				
1516	15160	0				
1517	15170	0				
1518	15180	0				
1519	15190	0				
1520	15200	0				
1521	15210	0				
1522	15220	0				
1523	15230	0				
1524	15240	0				
1525	15250	0				
1526	15260	0				
1527	15270	0				
1528	15280	0				
1529	15290	0				
1530	15300	0				
1531	15310	0				
1532	15320	0				
1533	15330	0				
1534	15340	0				
1535	15350	0				
1536	15360	0				
1537	15370	0				
1538	15380	0				
1539	15390	0				
1540	15400	0				
1541	15410	0				
1542	15420	0				
1543	15430	0				
1544	15440	0				
1545	15450	0				
1546	15460	0				
1547	15470	0				
1548	15480	0				
1549	15490	0				
1550	15500	0				
1551	15510	0				
1552	15520	0				
1553	15530	0				
1554	15540	0				
1555	15550	0				
1556	15560	0				
1557	15570	0				
1558	15580	0				
1559	15590	0				
1560	15600	0				
1561	15610	0				
1562	15620	0				
1563	15630	0				
1564	15640	0				
1565	15650	0				
1566	15660	0				
1567	15670	0				
1568	15680	0				
1569	15690	0				
1570	15700	0				
1571	15710	0				
1572	15720	0				
1573	15730	0				
1574	15740	0				
1575	15750	0				
1576	15760	0				
1577	15770	0				
1578	15780	0				
1579	15790	0				
1580	15800	0				
1581	15810	0				
1582	15820	0				
1583	15830	0				
1584	15840	0				
1585	15850	0				
1586	15860	0				
1587	15870	0				
1588	15880	0				
1589	15890	0				
1590	15900	0				
1591	15910	0				
1592	15920	0				
1593	15930	0				
1594	15940	0				
1595	15950	0				
1596	15960	0				
1597	15970	0				
1598	15980	0				
1599	15990	0				
1600	16000	0				
1601	16010	0				
1602	16020	0				
1603	16030	0				
1604	16040	0				
1605	16050	0				
1606	16060	0				
1607	16070	0				
1608	16080	0				
1609	16090	0				
1610	16100	0				
1611	16110	0				
1612	16120	0				
1613	16130	0				
1614	16140	0				
1615	16150	0				
1616	16160	0				
1617	16170	0				
1618	16180	0				
1619	16190	0				
1620	16200	0				
1621	16210	0				
1622	16220	0				
1623	16230	0				
1624	16240	0				
1625	16250	0				
1626	16260	0				
1627	16270	0				
1628	16280	0				
1629	16290	0				
1630	16300	0				
1631	16310	0				
1632	16320	0				
1633	16330	0				
1634	16340	0				
1635	16350	0				
1636	16360	0				
1637	16370	0				
1638	16380	0				
1639	16390	0				
1640	16400	0				
1641	16410	0				
1642	16420	0				
1643	16430	0				
1644	16440	0				
1645	16450	0				
1646	16460	0				
1647	16470	0				
1648	16480	0				
1649	16490	0				
1650	16500	0				
1651	16510	0				
1652	16520	0				
1653	16530	0				
1654	16540	0				
1655	16550	0				
1656	16560	0				
1657	16570	0				
1658	16580	0				
1659	16590	0				
1660	16600	0				
1661	16610	0				
1662	16620	0				
1663	16630	0				
1664	16640	0				
1665	16650	0				
1666	16660	0				
1667	16670	0				
1668	16680	0				
1669	16690	0				
1670	16700	0				
1671	16710	0				
1672	16720	0				
1673	16730	0				
1674	16740	0				
1675	16750	0				
1676	16760	0				
1677	16770	0				
1678	16780	0				
1679	16790	0				
1680	16800	0				
1681	16810	0				
1682	16820	0				
1683	16830	0				
1684	16840	0				
1685	16850	0				
1686	16860	0				
1687	16870	0				
1688	16880	0				
1689	16890	0				
1690	16900	0				
1691	16910	0				
1692	16920	0				
1693	16930	0				
1694	16940	0				
1695	16950	0				
1696	16960	0				
1697	16970	0				
1698	16980	0				
1699	16990	0				
1700	17000	0				
1701	17010	0				
1702	17020	0				
1703	17030	0				
1704	17040	0				
1705	17050	0	0			
1706	17060	0	0			
1707	17070	0	0			
1708	17080	0	0			
1709	17090	0	0			
1710	17100	0	0			
1711	17110	0	0			
1712	17120	0	0			
1713	17130	0	0			
1714	17140	0	0			
1715	17150	0	0			
1716	17160	0	0			
1717	17170	0	0			
1718	17180	0	0	0.22487323943662		
1719	17190	0	0	0.183739436619718		
1720	17200	0	0	0.22487323943662		
1721	17210	0	0	0.190204225352113		
1722	17220	0	0	0.162507042253521		
1723	17230	0	0	0.115478873239437		
1724	17240	0	0	0.110345070422535		
1725	17250	0	0	0.0793521126760563	0	0.0793521126760563
1726	17260	0	0	0.0486760563380282	0	0.0486760563380282
1727	17270	0	0	0.0478521126760563	0	0.0478521126760563
1728	17280	0	0	0.0424647887323944	0	0.0424647887323944
1729	17290	0	0	0.109330985915493	0	0.109330985915493
1730	17300	0	0	0.152176056338028	0	0.152176056338028
1731	17310	0	0	0.182091549295775	0	0.182091549295775
1732	17320	0	0	0.163457746478873	0	0.163457746478873
1733	17330	0	0	0.13030985915493	0	0.13030985915493
1734	17340	0	0	0.139056338028169	0	0.139056338028169
1735	17350	0	0	0.124478873239437	0	0.124478873239437
1736	17360	0	0	0.116366197183099	0	0.116366197183099
1737	17370	0	0	0.133035211267606	0	0.133035211267606
1738	17380	0	0	0.164725352112676	0	0.164725352112676
1739	17390	0	0	0.170049295774648	0	0.170049295774648
1740	17400	0	0	0.156422535211268	0	0.156422535211268
1741	17410	0	0	0.135570422535211	0	0.135570422535211
1742	17420	0	0	0.128154929577465	0	0.128154929577465
1743	17430	0	0	0.124415492957746	0	0.124415492957746
1744	17440	0	0	0.124225352112676	0	0.124225352112676
1745	17450	0	0	0.118964788732394	0	0.118964788732394
1746	17460	0	0	0.10330985915493	0	0.10330985915493
1747	17470	0	0	0.0998239436619719	0	0.0998239436619719
1748	17480	0	0	0.092218309859155	0	0.092218309859155
1749	17490	0	0	0.0875281690140845	0	0.0875281690140845
1750	17500	0	0	0.0867676056338028	0	0.0867676056338028
1751	17510	0	0.375	0.111232394366197	0.00297192571909665	0.108260468647101
1752	17520	0	0	0.0927253521126761	0.0213503639271679	0.0713749881855082
1753	17530	0	0	0.0753591549295775	0.028500149710891	0.0468590052186865
1754	17540	0	0	0.0759929577464789	0.0247521214006084	0.0512408363458705
1755	17550	0	0	0.067943661971831	0.0211435043174049	0.0468001576544261
1756	17560	0	0	0.063443661971831	0.0174037857008512	0.0460398762709798
1757	17570	0	0	0.0581197183098592	0.0147767285856774	0.0433429897241818
1758	17580	0	0	0.0530492957746479	0.0121612314680409	0.040888064306607
1759	17590	0	0	0.046330985915493	0.0110691605881368	0.0352618253273562
1760	17600	0	0.05	0.0397394366197183	0.0100314753993702	0.0297079612203481
1761	17610	0	0	0.0378380281690141	0.0119851663662351	0.025852861802779
1762	17620	0	0	0.0345422535211268	0.012940288304283	0.0216019652168438
1763	17630	0	0	0.0340352112676056	0.0108069848949159	0.0232282263726897
1764	17640	0	0.05	0.0317535211267605	0.00963229503408481	0.0221212260926757
1765	17650	0	0	0.0287112676056338	0.00998690834557382	0.01872435926006
1766	17660	0	0	0.0292183098591549	0.0104830403413836	0.0187352695177713
1767	17670	0	0	0.0269366197183099	0.0101814638541838	0.0167551558641261
1768	17680	0	0.025	0.0286478873239437	0.00983404571663864	0.018813841607305
1769	17690	0	0	0.0299154929577465	0.0103289959851601	0.0195864969725864
1770	17700	0	0	0.0285211267605634	0.00946652909637148	0.0190545976641919
1771	17710	0	0	0.0304225352112676	0.00748598403022243	0.0229365511810452
1772	17720	0	0	0.0294084507042254	0.00388634863844542	0.0255221020657799
1773	17730	0	0	0.0311197183098592	0.00330053544664011	0.027819182863219
1774	17740	0	0.025	0.0338450704225352	0.00304432889646724	0.030800741526068
1775	17750	0	0	0.0346690140845071	0.00408118079230352	0.0305878332922035
1776	17760	0	0	0.0343521126760563	0.00434013875502834	0.030011973921028
1777	17770	0	0	0.0329577464788732	0.00386019596389699	0.0290975505149762
1778	17780	0	0	0.0329577464788732	0.00336814719380075	0.0295895992850725
1779	17790	0	0	0.0308028169014084	0.00298168605392593	0.0278211308474825
1780	17800	0	0	0.0304225352112676	0.00258627218853586	0.0278362630227318
1781	17810	0	0.025	0.0287112676056338	0.00214879014970725	0.0265624774559266
1782	17820	0	0.4	0.0279507042253522	0.00635939333595601	0.0215913108893961
1783	17830	0	0	0.0303591549295775	0.0262139758697178	0.00414517905985964
1784	17840	0	0.15	0.0294084507042254	0.0345983660663035	-0.00518991536207809
1785	17850	0	0.175	0.0301056338028169	0.0387042849343076	-0.00859865113149071
1786	17860	0	0	0.0304225352112676	0.0459306960258674	-0.0155081608145998
1787	17870	0	0	0.0295985915492958	0.0434697206014998	-0.013871129052204
1788	17880	0	0	0.0304859154929577	0.0371020063714314	-0.00661609087847363
1789	17890	0	0.025	0.0329577464788732	0.0310507216083113	0.00190702487056191
1790	17900	0	0	0.0340985915492958	0.02825591379106	0.0058426777582358
1791	17910	0	0	0.0375211267605634	0.0249031655554645	0.0126179612050989
1792	17920	0	0	0.0380915492957746	0.0224634420116894	0.0156281072840852
1793	17930	0	0	0.0340985915492958	0.0209711842841909	0.0131274072651049
1794	17940	0	0	0.0318169014084507	0.0179467201913068	0.0138701812171439
1795	17950	0	0	0.0305492957746479	0.0160718436713517	0.0144774521032961
1796	17960	0	0	0.027	0.0135340750894298	0.0134659249105702
1797	17970	0	0	0.0267464788732395	0.012185454863674	0.0145610240095654
1798	17980	0	0.025	0.0239577464788732	0.0117292957439948	0.0122284507348784
1799	17990	0	0.15	0.0249718309859155	0.0134059793982639	0.0115658515876516
1800	18000	0	0	0.0230704225352113	0.021298337681807	0.00177208485340429
1801	18010	0	0	0.0227535211267606	0.0230109184278683	-0.000257397301107767
1802	18020	0	0	0.0222464788732394	0.0195461542299331	0.00270032464330634
1803	18030	0	0	0.0181267605633803	0.0141636357044425	0.00396312485893777
1804	18040	0	0	0.0199647887323944	0.0115020591886904	0.00846272954370401
1805	18050	0	0	0.0172394366197183	0.0084700523236619	0.0087693842960564
1806	18060	0	0	0.0152112676056338	0.00595849631628946	0.00925277128934434
1807	18070	0	0	0.0146408450704225	0.00542337466515356	0.00921747040526899
1808	18080	0	0	0.0126760563380282	0.00475517276517681	0.0079208835728514
1809	18090	0	0	0.0126760563380282	0.00446444120181596	0.00821161513621225
1810	18100	0	0	0.0116619718309859	0.0041565541398991	0.00750541769108683
1811	18110	0	0	0.0105845070422535	0.00343047444077067	0.00715403260148283
1812	18120	0	0	0.0115352112676056	0.00288807430469859	0.00864713696290705
1813	18130	0	0	0.0101408450704225	0.00224206135152459	0.00789878371889791
1814	18140	0	0	0.0101408450704225	0.00223576152551628	0.00790508354490622
1815	18150	0	0	0.00899999999999998	0.00245993307854287	0.00654006692145711
1816	18160	0	0	0.00868309859154928	0.00248972065996125	0.00619337793158803
1817	18170	0	0	0.0082394366197183	0.00241203035671436	0.00582740626300394
1818	18180	0	0	0.0076056338028169	0.00195084090088707	0.00565479290192983
1819	18190	0	0	0.0076056338028169	0.00119825705149292	0.00640737675132398
1820	18200	0	0	0.00646478873239437	0	0.00646478873239437
1821	18210	0	0	0.00722535211267606	0	0.00722535211267606
1822	18220	0	0	0.0076056338028169	0	0.0076056338028169
1823	18230	0	0	0.00785915492957746	0	0.00785915492957746
1824	18240	0	0	0.00906338028169013	0	0.00906338028169013
1825	18250	0	0.475	0.0058943661971831	0.00376443924418909	0.00212992695299401
1826	18260	0	0	0.00507042253521127	0.027043794307746	-0.0219733717725348
1827	18270	0	0	0.00507042253521127	0.0361001896337952	-0.031029767098584
1828	18280	0	0	0.00507042253521127	0.0313526871074373	-0.026282264572226
1829	18290	0	0	0.00507042253521127	0.0267817721353795	-0.0217113496001682
1830	18300	0	0.225	0.00500704225352113	0.0238279506525362	-0.018820908399015
1831	18310	0	0.25	0.00507042253521127	0.0335086917108899	-0.0284382691756786
1832	18320	0	0	0.00507042253521127	0.046737892304165	-0.0416674697689537
1833	18330	0.657627202691602	0.575	0.00564084507042254	0.0524292621618804	-0.0467884170914579
1834	18340	0.461891881285936	0.1	0.00583098591549296	0.0749218653442421	-0.0690908794287492
1835	18350	0.41509467173696	0	0.00957042253521124	0.0855069723922565	-0.0759365498570453
1836	18360	0.445982133542309	0.025	0.0101408450704225	0.0777976553046698	-0.0676568102342473
1837	18370	0.536979333673187	0.05	0.0101408450704225	0.0674966005417184	-0.0573557554712959
1838	18380	0.599798802020635	0.125	0.0101408450704225	0.0609385024941347	-0.0507976574237122
1839	18390	0.589434168264448	0.15	0.00880985915492956	0.0603198898778554	-0.0515100307229259
1840	18400	0.572412990776359	0	0.0076056338028169	0.0632138114953646	-0.0556081776925477
1841	18410	0.575227425124778	0	0.00874647887323943	0.0620845887873695	-0.05333810991413
1842	18420	0.628974136905183	0	0.00849295774647887	0.0553427489593743	-0.0468497912128954
1843	18430	0.694947203095807	0	0.0101408450704225	0.049189824849442	-0.0390489797790195
1844	18440	0.737426593009162	0.375	0.0101408450704225	0.0463854548899729	-0.0362446098195504
1845	18450	0.645656599753434	0.3	0.0120422535211268	0.0595935373029399	-0.0475512837818131
1846	18460	0.52724646120814	1.65	0.0194577464788732	0.0872437632811102	-0.067786016802237
1847	18470	0.218358542127911	0.075	0.0406267605633803	0.167367798979041	-0.12674103841566
1848	18480	0.188329069455391	0.025	0.0553943661971831	0.194685836101545	-0.139291469904362
1849	18490	0.198185002061772	0	0.0502605633802817	0.173964048929124	-0.123703485548842
1850	18500	0.25910158876308	0	0.0440492957746479	0.150224744586511	-0.106175448811863
1851	18510	0.345657602239139	0.275	0.0389788732394366	0.126264657777938	-0.0872857845385015
1852	18520	0.406435998275128	0.425	0.044112676056338	0.123009654177827	-0.0788969781214892
1853	18530	0.477000594861262	0.05	0.0588802816901408	0.131925905102261	-0.0730456234121198
1854	18540	0.470850028678848	0.025	0.0596408450704226	0.127967526863014	-0.0683266817925919
1855	18550	0.490972447075574	0.7	0.0565985915492958	0.121081937265078	-0.0644833457157818
1856	18560	0.351672111791603	0.075	0.0600211267605634	0.14475378542128	-0.0847326586607163
1857	18570	0.354471629081611	0.225	0.0668028169014085	0.153371696253978	-0.0865688793525697
1858	18580	0.507963020042974	0.675	0.0856267605633803	0.147628605278924	-0.0620018447155435
1859	18590	0.503258896474114	0.2	0.101598591549296	0.166676535733979	-0.0650779441846828
1860	18600	0.613648089987009	0.65	0.122640845070422	0.173643368941506	-0.051002523871084
1861	18610	0.971809559234699	0.35	0.207	0.194869810759368	0.0121301892406324
1862	18620	0.49992047860646	0.2	0.275260563380282	0.21133236115787	0.063928202222412
1863	18630	0.408606646922218	0.025	0.287302816901409	0.206861807041133	0.0804410098602759
1864	18640	0.75149140641967	0	0.226267605633803	0.186030515636245	0.0402370899975578
1865	18650	0.99073350667737	0	0.165612676056338	0.155892042735226	0.00972063332111156
1866	18660	0.897534099588396	0	0.112943661971831	0.130548490707797	-0.0176048287359662
1867	18670	0.983995565511196	0	0.0952605633802816	0.101292913533731	-0.00603235015344977
1868	18680	0.957205752675284	0	0.0808732394366197	0.0911569455407299	-0.0102837061041101
1869	18690	0.93866147796765	0	0.068830985915493	0.0815693245333405	-0.0127383386178476
1870	18700	0.932349771916679	0	0.0600845070422535	0.073825650765379	-0.0137411437231254
1871	18710	0.906967474926523	0.475	0.0533661971830986	0.071441096824879	-0.0180748996417804
1872	18720	0.724155592658272	0	0.0464577464788732	0.0843817215230307	-0.0379239750441575
1873	18730	0.670964905542168	0.1	0.0413239436619718	0.0863685687716115	-0.0450446251096397
1874	18740	0.781774917209403	0.1	0.0507676056338028	0.0814119929219252	-0.0306443872881223
1875	18750	0.962592672842389	0.025	0.0680704225352113	0.0789298490496282	-0.0108594265144169
1876	18760	0.97935409849166	0	0.0628732394366197	0.0697975323343126	-0.0069242928976929
1877	18770	0.987587325258615	0	0.0571056338028169	0.0623618004069253	-0.00525616660410834
1878	18780	0.99519412931339	0	0.0487394366197183	0.0523522555892179	-0.00361281896949958
1879	18790	0	0	0.0441126760563381	0.0413440846524264	0.00276859140391161
1880	18800	0.989649849765613	0	0.0422112676056338	0.0330096989956215	0.00920156861001231
1881	18810	0.983553187990691	0	0.036443661971831	0.0242393954408915	0.0122042665309395
1882	18820	0.975000638607745	0	0.0340352112676056	0.0197991210928193	0.0142360901747863
1883	18830	0.977315855721867	0	0.0291549295774648	0.0154524547504318	0.013702474827033
1884	18840	0	0	0.027887323943662	0.0136447519733604	0.0142425719703016
1885	18850	0.981092363055404	0	0.0246549295774648	0.0111533608147686	0.0135015687626961
1886	18860	0	0	0.0228169014084507	0.0102918468062683	0.0125250546021825
1887	18870	0.986873666540732	0	0.0212323943661972	0.0101591372689759	0.0110732570972213
1888	18880	0.992705026725121	0	0.0183169014084507	0.00973492194412271	0.00858197946432798
1889	18890	0.993977226201137	0	0.0177464788732394	0.00969452668738953	0.00805195218584987
1890	18900	0.994875163088326	0	0.0161619718309859	0.00868625642099689	0.00747571540998901
1891	18910	0.993971109289911	0	0.0152112676056338	0.00698281507040576	0.00822845253522805
1892	18920	0.983738269816592	0	0.0145774647887324	0.00293693070117631	0.0116405340875561
1893	18930	0.988528318633785	0	0.0126760563380282	0.00231962148330915	0.0103564348547191
1894	18940	0.984642642555937	0	0.0126760563380282	0.00109069326637943	0.0115853630716488
1895	18950	0.981348990914456	0	0.0126760563380282	0.000199709508582154	0.0124763468294461
1896	18960	0.980551197043507	0	0.0126760563380282	0	0.0126760563380282
1897	18970	0.981070185004427	0	0.0125492957746479	0	0.0125492957746479
1898	18980	0	0	0.0114718309859155	0	0.0114718309859155
1899	18990	0.984750194740971	0	0.0115985915492958	0	0.0115985915492958
1900	19000	0.989650238040294	0	0.0101408450704225	0	0.0101408450704225
1901	19010	0	0	0.0101408450704225	0	0.0101408450704225
1902	19020	0.989650238040294	0	0.0101408450704225	0	0.0101408450704225
1903	19030	0	0	0.0101408450704225	0	0.0101408450704225
1904	19040	0.989650238040294	0	0.0101408450704225	0	0.0101408450704225
1905	19050	0.989650238040294	0	0.0101408450704225	0	0.0101408450704225
1906	19060	0.989650238040294	0	0.0101408450704225	0	0.0101408450704225
1907	19070	0.994367125503541	0	0.00836619718309859	0	0.00836619718309859
1908	19080	0	0	0.00995070422535209	0	0.00995070422535209
1909	19090	0	0	0.00804929577464788	0	0.00804929577464788
1910	19100	0	0	0.0076056338028169	0	0.0076056338028169
1911	19110	0	0	0.0076056338028169	0	0.0076056338028169
1912	19120	0	0	0.0076056338028169	0	0.0076056338028169
1913	19130	0	0	0.0076056338028169	0	0.0076056338028169
1914	19140	0	0	0.0076056338028169	0	0.0076056338028169
1915	19150	0	0	0.0076056338028169	0	0.0076056338028169
1916	19160	0	0	0.0076056338028169	0	0.0076056338028169
1917	19170	0	0	0.0076056338028169	0	0.0076056338028169
1918	19180	0	0.025	0.0076056338028169	0.00019812838127311	0.00740750542154379
1919	19190	0	0	0.0076056338028169	0.00142335759514453	0.00618227620767237
1920	19200	0	0	0.0076056338028169	0.00190000998072607	0.00570562382209084
1921	19210	0	0	0.00754225352112676	0.00165014142670723	0.00589211209441953
1922	19220	0	0	0.0076056338028169	0.00140956695449366	0.00619606684832324
1923	19230	0	0	0.00690845070422535	0.00116025238005675	0.00574819832416861
1924	19240	0	0.25	0.00671830985915493	0.00296639905177626	0.00375191080737867
1925	19250	0	0	0.00747887323943662	0.0150443247159813	-0.00756545147654472
1926	19260	0	0	0.00507042253521127	0.0197380438464698	-0.0146676213112585
1927	19270	0	0	0.00507042253521127	0.0171437621761939	-0.0120733396409826
1928	19280	0	0	0.00507042253521127	0.014704899623333	-0.00963447708812172
1929	19290	0	0	0.00507042253521127	0.0122118750234228	-0.00714145248821157
1930	19300	0	0	0.00507042253521127	0.0103515991932183	-0.00528117665800708
1931	19310	0	0	0.00507042253521127	0.00853528126953066	-0.00346485873431939
1932	19320	0	0	0.00507042253521127	0.00770075295176925	-0.00263033041655798
1933	19330	0	0	0.00507042253521127	0.00673766508467205	-0.00166724254946078
1934	19340	0	0	0.00507042253521127	0.00644294634874383	-0.00137252381353256
1935	19350	0	0	0.00507042253521127	0.00644957191841788	-0.00137914938320661
1936	19360	0	0	0.00507042253521127	0.00535783054844491	-0.000287408013233635
1937	19370	0	0	0.00507042253521127	0.00456979147375167	0.000500631061459602
1938	19380	0	0	0.00507042253521127	0.003412835105363	0.00165758742984827
1939	19390	0	0	0.00507042253521127	0.00314185993456077	0.0019285626006505
1940	19400	0	0	0.00507042253521127	0.00350645564779813	0.00156396688741314
1941	19410	0	0	0.00507042253521127	0.00356059689863999	0.00150982563657128
1942	19420	0	0	0.00507042253521127	0.00353362520777257	0.0015367973274387
1943	19430	0	0	0.00507042253521127	0.0029185523205082	0.00215187021470308
1944	19440	0	0	0.00507042253521127	0.00199709508582154	0.00307332744938973
1945	19450	0	0	0.00507042253521127	0	0.00507042253521127
1946	19460	0	0	0.00507042253521127	0	0.00507042253521127
1947	19470	0	0.025	0.00507042253521127	0.00019812838127311	0.00487229415393816
1948	19480	0	0	0.00507042253521127	0.00142335759514453	0.00364706494006674
1949	19490	0	0	0.00507042253521127	0.00190000998072607	0.0031704125544852
1950	19500	0	0	0.00507042253521127	0.00165014142670723	0.00342028110850404
1951	19510	0	0	0.00507042253521127	0.00140956695449366	0.00366085558071761
1952	19520	0	0	0.00507042253521127	0.00116025238005675	0.00391017015515452
1953	19530	0	0	0.00507042253521127	0.000985115239045158	0.00408530729616611
1954	19540	0	0.025	0.00507042253521127	0.00100887714580917	0.0040615453894021
1955	19550	0	0	0.00507042253521127	0.00216130163435364	0.00290912090085763
1956	19560	0	0	0.00507042253521127	0.00254235788984766	0.00252806464536361
1957	19570	0	0	0.00507042253521127	0.00225937150510363	0.00281105103010764
1958	19580	0	0	0.00507042253521127	0.00201891817734905	0.00305150435786222
1959	19590	0	0	0.00507042253521127	0.00166069918282351	0.00340972335238776
1960	19600	0	0.025	0.00507042253521127	0.00161103724448835	0.00345938529072292
1961	19610	0	0.025	0.00507042253521127	0.00275354730063178	0.00231687523457949
1962	19620	0	0.05	0.00507042253521127	0.00477175437108201	0.000298668164129262
1963	19630	0	0	0.00507042253521127	0.00738986007162376	-0.00231943753641249
1964	19640	0	0	0.00507042253521127	0.00782501811091342	-0.00275459557570215
1965	19650	0	0	0.00507042253521127	0.0068328159315975	-0.00176239339638623
1966	19660	0	0.025	0.00507042253521127	0.00595493194417992	-0.000884509408968645
1967	19670	0	0.025	0.00507042253521127	0.00636535787286458	-0.00129493533765331
1968	19680	0	0.125	0.00507042253521127	0.00815424532374972	-0.00308382278853845
1969	19690	0	0.35	0.00507042253521127	0.0167567121918384	-0.0116862896566271
1970	19700	0	0.025	0.00507042253521127	0.0357630046288438	-0.0306925820936325
1971	19710	0	0	0.00507042253521127	0.041703360602755	-0.0366329380675437
1972	19720	0	0	0.00507042253521127	0.0368768130493896	-0.0318063905141784
1973	19730	0	0.025	0.00507042253521127	0.0316181311794549	-0.0265477086442437
1974	19740	0	0	0.00507042253521127	0.0275004361673674	-0.0224300136321562
1975	19750	0	0	0.00507042253521127	0.0237769972799004	-0.0187065747446891
1976	19760	0	0	0.00507042253521127	0.0202344942304128	-0.0151640716952016
1977	19770	0	0.125	0.00507042253521127	0.0193075722627386	-0.0142371497275274
1978	19780	0	0.075	0.00507042253521127	0.0241689020243152	-0.019098479489104
1979	19790	0	0.025	0.00507042253521127	0.0294572689898233	-0.024386846454612
1980	19800	0	0	0.00507042253521127	0.0297746206136362	-0.024704198078425
1981	19810	0	0	0.00507042253521127	0.0258097061807836	-0.0207392836455724
1982	19820	0	0	0.00507042253521127	0.0214828230145321	-0.0164124004793208
1983	19830	0	0.425	0.00507042253521127	0.0209971175315164	-0.0159266949963052
1984	19840	0	0	0.00507042253521127	0.0401583387627884	-0.0350879162275771
1985	19850	0	0	0.00507042253521127	0.0475564383063303	-0.042486015771119
1986	19860	0	0.125	0.00507042253521127	0.0433010187797249	-0.0382305962445137
1987	19870	0	0.125	0.00507042253521127	0.0450646394762963	-0.039994216941085
1988	19880	0	0	0.00507042253521127	0.047609991904761	-0.0425395693695497
1989	19890	0	0.025	0.00507042253521127	0.0430737961599844	-0.0380033736247732
1990	19900	0	0.25	0.00507042253521127	0.0372913412614453	-0.032220918726234
1991	19910	0	0.125	0.00507042253521127	0.0462621261722886	-0.0411917036370773
1992	19920	0	0	0.00507042253521127	0.0526682982628028	-0.0475978757275915
1993	19930	0	0	0.00507042253521127	0.0499640703483687	-0.0448936478131574
1994	19940	0	0	0.00507042253521127	0.0447554850029124	-0.0396850624677012
1995	19950	0	0.2	0.00507042253521127	0.0398151934892124	-0.0347447709540012
1996	19960	0	0.025	0.00507042253521127	0.044453957158632	-0.0393835346234207
1997	19970	0	0	0.00507042253521127	0.0441771411013754	-0.0391067185661641
1998	19980	0	0	0.00507042253521127	0.0389578092929383	-0.033887386757727
1999	19990	0	0	0.00507042253521127	0.0344509926728377	-0.0293805701376264
2000	20000	0	0	0.00507042253521127	0.0304035231943039	-0.0253331006590926
2001	20010	0	0	0.00507042253521127	0.0278659393346049	-0.0227955167993936
2002	20020	0	0	0.00507042253521127	0.0242358198574917	-0.0191653973222804
2003	20030	0	0.025	0.00507042253521127	0.0209425001938105	-0.0158720776585993
2004	20040	0	0.2	0.00507042253521127	0.0180985027218049	-0.0130280801865937
2005	20050	0	0.025	0.00507042253521127	0.0273263447213196	-0.0222559221861083
2006	20060	0	0	0.00507042253521127	0.0316488877370072	-0.0265784652017959
2007	20070	0	0		0.0277893687800941	
2008	20080	0	0		0.0236155041279841	
2009	20090	0	0		0.0195600697685642	
2010	20100	0	0		0.0161430948103564	
2011	20110	0	0		0.0123269474491481	
2012	20120	0	0		0.0105557720710224	
2013	20130	0	0		0.00966891724666036	
2014	20140	0	0		0.00881374413633202	
2015	20150	0	0.025		0.00807214634598743	
2016	20160	0	0		0.00666378637288627	
2017	20170	0	0		0.00614411833653159	
2018	20180	0	0		0.00496262152175807	
2019	20190	0	0		0.00459501302660018	
2020	20200	0	0		0.00463566258161532	
2021	20210	0	0		0.00453760084351422	
2022	20220	0	0		0.00428556385266893	
2023	20230	0	0		0.00362585792497508	
2024	20240	0	0		0.00253187920982965	
2025	20250	0	0.025		0.00100706796825167	
2026	20260	0	0.1		0.00282522234309236	
2027	20270	0	0.05		0.00849014392661716	
2028	20280	0	0.4		0.0156947442644404	
2029	20290	0	0.5		0.0388677543302274	
2030	20300	0	0.025		0.0694784290206826	
2031	20310	0	0.125		0.0756123661763863	
2032	20320	0	0		0.072000471933186	
2033	20330	0	0		0.0642101005973396	
2034	20340	0	0		0.0541346423409682	
2035	20350	0	0		0.0457365914678883	
2036	20360	0	0.025		0.0393375527933532	
2037	20370	0				
2038	20380	0				
2039	20390	0				
2040	20400	0				
2041	20410	0				
2042	20420	0				
2043	20430	0				
2044	20440	0				
2045	20450	0				
2046	20460	0				
2047	20470	0				
2048	20480	0				
2049	20490	0				
2050	20500	0				
2051	20510	0				
2052	20520	0				
2053	20530	0				
2054	20540	0				
2055	20550	0				
2056	20560	0				
2057	20570	0				
2058	20580	0				
2059	20590	0				
2060	20600	0				
2061	20610	0				
2062	20620	0				
2063	20630	0				
2064	20640	0				
2065	20650	0				
2066	20660	0				
2067	20670	0				
2068	20680	0				
2069	20690	0				
2070	20700	0				
2071	20710	0				
2072	20720	0				
2073	20730	0				
2074	20740	0				
2075	20750	0				
2076	20760	0				
2077	20770	0				
2078	20780	0				
2079	20790	0				
2080	20800	0				
2081	20810	0				
2082	20820	0				
2083	20830	0				
2084	20840	0				
2085	20850	0				
2086	20860	0				
2087	20870	0				
2088	20880	0				
2089	20890	0				
2090	20900	0				
2091	20910	0				
2092	20920	0				
2093	20930	0				
2094	20940	0				
2095	20950	0				
2096	20960	0				
2097	20970	0				
2098	20980	0				
2099	20990	0				
2100	21000	0				
2101	21010	0				
2102	21020	0				
2103	21030	0				
2104	21040	0				
2105	21050	0				
2106	21060	0				
2107	21070	0				
2108	21080	0				
2109	21090	0				
2110	21100	0				
2111	21110	0				
2112	21120	0				
2113	21130	0				
2114	21140	0				
2115	21150	0				
2116	21160	0				
2117	21170	0				
2118	21180	0				
2119	21190	0				
2120	21200	0				
2121	21210	0				
2122	21220	0				
2123	21230	0				
2124	21240	0				
2125	21250	0				
2126	21260	0				
2127	21270	0				
2128	21280	0				
2129	21290	0				
2130	21300	0				
2131	21310	0				
2132	21320	0				
2133	21330	0				
2134	21340	0				
2135	21350	0				
2136	21360	0				
2137	21370	0				
2138	21380	0				
2139	21390	0				
2140	21400	0				
2141	21410	0				
2142	21420	0				
2143	21430	0				
2144	21440	0				
2145	21450	0				
2146	21460	0				
2147	21470	0				
2148	21480	0				
2149	21490	0				
2150	21500	0				
2151	21510	0				
2152	21520	0				
2153	21530	0				
2154	21540	0				
2155	21550	0				
2156	21560	0				
2157	21570	0				
2158	21580	0				
2159	21590	0				
2160	21600	0				
2161	21610	0				
2162	21620	0				
2163	21630	0				
2164	21640	0				
2165	21650	0				
2166	21660	0				
2167	21670	0				
2168	21680	0				
2169	21690	0				
2170	21700	0				
2171	21710	0				
2172	21720	0				
2173	21730	0				
2174	21740	0				
2175	21750	0				
2176	21760	0				
2177	21770	0				
2178	21780	0				
2179	21790	0				
2180	21800	0				
2181	21810	0				
2182	21820	0				
2183	21830	0				
2184	21840	0				
2185	21850	0				
2186	21860	0				
2187	21870	0				
2188	21880	0				
2189	21890	0				
2190	21900	0				
2191	21910	0				
2192	21920	0				
2193	21930	0				
2194	21940	0				
2195	21950	0				
2196	21960	0				
2197	21970	0				
2198	21980	0				
2199	21990	0				
2200	22000	0				
2201	22010	0				
2202	22020	0				
2203	22030	0				
2204	22040	0				
2205	22050	0				
2206	22060	0				
2207	22070	0				
2208	22080	0				
2209	22090	0				
2210	22100	0				
2211	22110	0				
2212	22120	0				
2213	22130	0				
2214	22140	0				
2215	22150	0				
2216	22160	0				
2217	22170	0				
2218	22180	0				
2219	22190	0				
2220	22200	0				
2221	22210	0				
2222	22220	0				
2223	22230	0				
2224	22240	0				
2225	22250	0				
2226	22260	0				
2227	22270	0				
2228	22280	0				
2229	22290	0				
2230	22300	0				
2231	22310	0				
2232	22320	0				
2233	22330	0				
2234	22340	0				
2235	22350	0				
2236	22360	0				
2237	22370	0				
2238	22380	0				
2239	22390	0				
2240	22400	0				
2241	22410	0				
2242	22420	0				
2243	22430	0				
2244	22440	0				
2245	22450	0				
2246	22460	0				
2247	22470	0				
2248	22480	0				
2249	22490	0				
2250	22500	0				
2251	22510	0				
2252	22520	0				
2253	22530	0				
2254	22540	0				
2255	22550	0				
2256	22560	0				
2257	22570	0				
2258	22580	0				
2259	22590	0				
2260	22600	0				
2261	22610	0				
2262	22620	0				
2263	22630	0				
2264	22640	0				
2265	22650	0				
2266	22660	0				
2267	22670	0				
2268	22680	0				
2269	22690	0				
2270	22700	0				
2271	22710	0				
2272	22720	0				
2273	22730	0				
2274	22740	0				
2275	22750	0				
2276	22760	0				
2277	22770	0				
2278	22780	0				
2279	22790	0				
2280	22800	0				
2281	22810	0				
2282	22820	0				
2283	22830	0				
2284	22840	0				
2285	22850	0				
2286	22860	0				
2287	22870	0				
2288	22880	0				
2289	22890	0				
2290	22900	0				
2291	22910	0				
2292	22920	0				
2293	22930	0				
2294	22940	0				
2295	22950	0				
2296	22960	0				
2297	22970	0				
2298	22980	0				
2299	22990	0				
2300	23000	0				
2301	23010	0				
2302	23020	0				
2303	23030	0				
2304	23040	0				
2305	23050	0				
2306	23060	0				
2307	23070	0				
2308	23080	0				
2309	23090	0				
2310	23100	0				
2311	23110	0				
2312	23120	0				
2313	23130	0				
2314	23140	0				
2315	23150	0				
2316	23160	0				
2317	23170	0				
2318	23180	0				
2319	23190	0				
2320	23200	0				
2321	23210	0				
2322	23220	0				
2323	23230	0				
2324	23240	0				
2325	23250	0				
2326	23260	0				
2327	23270	0				
2328	23280	0				
2329	23290	0				
2330	23300	0				
2331	23310	0				
2332	23320	0				
2333	23330	0				
2334	23340	0				
2335	23350	0				
2336	23360	0				
2337	23370	0				
2338	23380	0				
2339	23390	0				
2340	23400	0				
2341	23410	0				
2342	23420	0				
2343	23430	0				
2344	23440	0				
2345	23450	0				
2346	23460	0				
2347	23470	0				
2348	23480	0				
2349	23490	0				
2350	23500	0				
2351	23510	0				
2352	23520	0				
2353	23530	0				
2354	23540	0				
2355	23550	0				
2356	23560	0				
2357	23570	0				
2358	23580	0				
2359	23590	0				
2360	23600	0				
2361	23610	0				
2362	23620	0				
2363	23630	0				
2364	23640	0				
2365	23650	0				
2366	23660	0				
2367	23670	0				
2368	23680	0				
2369	23690	0				
2370	23700	0				
2371	23710	0				
2372	23720	0				
2373	23730	0				
2374	23740	0				
2375	23750	0				
2376	23760	0				
2377	23770	0				
2378	23780	0				
2379	23790	0				
2380	23800	0				
2381	23810	0				
2382	23820	0				
2383	23830	0				
2384	23840	0				
2385	23850	0				
2386	23860	0				
2387	23870	0				
2388	23880	0				
2389	23890	0				
2390	23900	0				
2391	23910	0				
2392	23920	0				
2393	23930	0				
2394	23940	0				
2395	23950	0				
2396	23960	0				
2397	23970	0				
2398	23980	0				
2399	23990	0				
2400	24000	0				
2401	24010	0				
2402	24020	0				
2403	24030	0				
2404	24040	0				
2405	24050	0				
2406	24060	0				
2407	24070	0				
2408	24080	0				
2409	24090	0				
2410	24100	0				
2411	24110	0				
2412	24120	0				
2413	24130	0				
2414	24140	0				
2415	24150	0				
2416	24160	0				
2417	24170	0				
2418	24180	0				
2419	24190	0				
2420	24200	0				
2421	24210	0				
2422	24220	0				
2423	24230	0				
2424	24240	0				
2425	24250	0				
2426	24260	0				
2427	24270	0				
2428	24280	0				
2429	24290	0				
2430	24300	0				
2431	24310	0				
2432	24320	0				
2433	24330	0				
2434	24340	0				
2435	24350	0				
2436	24360	0				
2437	24370	0				
2438	24380	0				
2439	24390	0				
2440	24400	0				
2441	24410	0				
2442	24420	0				
2443	24430	0				
2444	24440	0				
2445	24450	0				
2446	24460	0				
2447	24470	0				
2448	24480	0				
2449	24490	0				
2450	24500	0				
2451	24510	0				
2452	24520	0				
2453	24530	0				
2454	24540	0				
2455	24550	0				
2456	24560	0				
2457	24570	0				
2458	24580	0				
2459	24590	0				
2460	24600	0				
2461	24610	0				
2462	24620	0				
2463	24630	0				
2464	24640	0				
2465	24650	0				
2466	24660	0				
2467	24670	0				
2468	24680	0				
2469	24690	0				
2470	24700	0				
2471	24710	0				
2472	24720	0				
2473	24730	0				
2474	24740	0				
2475	24750	0				
2476	24760	0				
2477	24770	0				
2478	24780	0				
2479	24790	0				
2480	24800	0				
2481	24810	0				
2482	24820	0				
2483	24830	0				
2484	24840	0				
2485	24850	0				
2486	24860	0				
2487	24870	0				
2488	24880	0				
2489	24890	0				
2490	24900	0				
2491	24910	0				
2492	24920	0				
2493	24930	0				
2494	24940	0				
2495	24950	0				
2496	24960	0				
2497	24970	0				
2498	24980	0				
2499	24990	0				
2500	25000	0				
2501	25010	0				
2502	25020	0				
2503	25030	0				
2504	25040	0				
2505	25050	0				
2506	25060	0				
2507	25070	0				
2508	25080	0				
2509	25090	0				
2510	25100	0				
2511	25110	0				
2512	25120	0				
2513	25130	0				
2514	25140	0				
2515	25150	0				
2516	25160	0				
2517	25170	0				
2518	25180	0				
2519	25190	0				
2520	25200	0				
2521	25210	0				
2522	25220	0				
2523	25230	0				
2524	25240	0				
2525	25250	0				
2526	25260	0				
2527	25270	0				
2528	25280	0				
2529	25290	0				
2530	25300	0				
2531	25310	0				
2532	25320	0				
2533	25330	0				
2534	25340	0				
2535	25350	0				
2536	25360	0				
2537	25370	0				
2538	25380	0				
2539	25390	0				
2540	25400	0				
2541	25410	0				
2542	25420	0				
2543	25430	0				
2544	25440	0				
2545	25450	0				
2546	25460	0				
2547	25470	0				
2548	25480	0				
2549	25490	0				
2550	25500	0				
2551	25510	0				
2552	25520	0				
2553	25530	0				
2554	25540	0				
2555	25550	0				
2556	25560	0				
2557	25570	0				
2558	25580	0				
2559	25590	0				
2560	25600	0				
2561	25610	0				
2562	25620	0				
2563	25630	0				
2564	25640	0				
2565	25650	0				
2566	25660	0				
2567	25670	0				
2568	25680	0				
2569	25690	0				
2570	25700	0				
2571	25710	0				
2572	25720	0				
2573	25730	0				
2574	25740	0				
2575	25750	0				
2576	25760	0				
2577	25770	0				
2578	25780	0				
2579	25790	0				
2580	25800	0				
2581	25810	0				
2582	25820	0				
2583	25830	0				
2584	25840	0				
2585	25850	0				
2586	25860	0				
2587	25870	0				
2588	25880	0				
2589	25890	0				
2590	25900	0				
2591	25910	0				
2592	25920	0				
2593	25930	0				
2594	25940	0				
2595	25950	0				
2596	25960	0				
2597	25970	0				
2598	25980	0	0			
2599	25990	0	0			
2600	26000	0	0			
2601	26010	0	0	0.0447338028169014		
2602	26020	0	0	0.0422366197183099		
2603	26030	0	0	0.0441316901408451		
2604	26040	0	0	0.0473197183098591		
2605	26050	0	0	0.0633866197183099		
2606	26060	0	0	0.0662957746478873		
2607	26070	0	0	0.0682859154929578		
2608	26080	0	0	0.112126056338028		
2609	26090	0	0	0.117633802816901		
2610	26100	0	0	0.147821830985916		
2611	26110	0	0	0.16180985915493		
2612	26120	0	0	0.114864084507042		
2613	26130	0	0	0.0714422535211268		
2614	26140	0	0.6	0.04815		
2615	26150	0	0.025	0.0546021126760564		
2616	26160	0	0	0.0509070422535211		
2617	26170	0	0	0.0540253521126761		
2618	26180	0	0	0.0605725352112676	0.035479748334555	0.0250927868767126
2619	26190	0	0	0.0601985915492958	0.0292556240758555	0.0309429674734402
2620	26200	0	0	0.0834464788732394	0.0248030181171406	0.0586434607560989
2621	26210	0	0	0.0774253521126761	0.0204430855879105	0.0569822665247655
2622	26220	0	0	0.0856014084507042	0.0185214057055549	0.0670800027451494
2623	26230	0	0	0.090874647887324	0.0161542938581275	0.0747203540291966
2624	26240	0	0.775	0.0763352112676057	0.0214058496101017	0.054929361657504
2625	26250	0	0.25	0.0906718309859155	0.0613390286891372	0.0293328022967784
2626	26260	0	0.7	0.109755633802817	0.0913015545188581	0.0184540792839587
2627	26270	0	0	0.11732323943662	0.12077599048208	-0.00345275104546056
2628	26280	0	0	0.11410985915493	0.12153756437315	-0.00742770521821992
2629	26290	0	0	0.103189436619719	0.104129229677122	-0.000939793057403465
2630	26300	0	0.175	0.089524647887324	0.0917255491538731	-0.00220090126654919
2631	26310	0	0.175	0.0789718309859155	0.0877179106890975	-0.00874607970318198
2632	26320	0	0.025	0.0718542253521127	0.0908654411549931	-0.0190112158028804
2633	26330	0	0.025	0.0643943661971831	0.0838236249003179	-0.0194292587031348
2634	26340	0	0	0.0487204225352113	0.075798254301659	-0.0270778317664477
2635	26350	0	0	0.0383260563380282	0.0647065264057541	-0.0263804700677259
2636	26360	0	0	0.0380091549295775	0.056743087024337	-0.0187339320947596
2637	26370	0	0	0.0358352112676056	0.0504687719765101	-0.0146335607089044
2638	26380	0	0.025	0.0334647887323944	0.0414354816957821	-0.00797069296338775
2639	26390	0	0	0.029237323943662	0.0378123781077224	-0.00857505416406039
2640	26400	0	0	0.0221133802816901	0.0352183728108186	-0.0131049925291284
2641	26410	0	0	0.0186971830985916	0.0349020163341527	-0.0162048332355612
2642	26420	0	0	0.0153316901408451	0.0347626419779364	-0.0194309518370914
2643	26430	0	0	0.0114845070422535	0.0314273253874064	-0.0199428183451529
2644	26440	0	0	0.0125112676056338	0.0263423542199227	-0.0138310866142889
2645	26450	0	0	0.00835352112676057	0.0163565206466565	-0.00800299951989596
2646	26460	0	0.825	0.0124478873239437	0.0182709739530215	-0.00582308662907778
2647	26470	0	0	0.014419014084507	0.0531955838845319	-0.0387765698000248
2648	26480	0	0.05	0.0136077464788732	0.0693366032376275	-0.0557288567587542
2649	26490	0	0	0.0137978873239437	0.0631339630189233	-0.0493360756949796
2650	26500	0	0	0.0144316901408451	0.0549665516575817	-0.0405348615167366
2651	26510	0	0	0.0200028169014085	0.0440595893323603	-0.0240567724309518
2652	26520	0	0	0.0241985915492958	0.0361408140977886	-0.0119422225484928
2653	26530	0	0	0.031962676056338	0.0295891094918416	0.00237356656449643
2654	26540	0	0	0.0411591549295775	0.026673029336771	0.0144861255928065
2655	26550	0	0	0.0416154929577465	0.0231750382199488	0.0184404547377976
2656	26560	0	0	0.0522570422535211	0.0219338431862768	0.0303231990672444
2657	26570	0	0	0.0542661971830986	0.0216851414045218	0.0325810557785768
2658	26580	0	0	0.0561612676056338	0.0179329141566782	0.0382283534489556
2659	26590	0	0	0.0568077464788733	0.0153358920433236	0.0414718544355497
2660	26600	0	0	0.0518894366197183	0.0116042080749103	0.040285228544808
2661	26610	0	0	0.0598880281690141	0.0112237250323907	0.0486643031366234
2662	26620	0	0	0.0479535211267606	0.01221392875709	0.0357395923696706
2663	26630	0	0	0.0479408450704226	0.0123783417524241	0.0355625033179985
2664	26640	0	0	0.0411591549295775	0.0123622543152091	0.0287969006143684
2665	26650	0	0	0.0320007042253521	0.010343342037405	0.0216573621879471
2666	26660	0	0	0.0402654929577465	0.00729713882476559	0.0329683541329809
2667	26670	0	0.075	0.0356070422535211	0.00117809560792097	0.0344289466456002
2668	26680	0	0.4	0.0383514084507042	0.00783954590296766	0.0305118625477366
2669	26690	0	0	0.0410387323943662	0.0284737514644906	0.0125649809298755
2670	26700	0	0.65	0.0431683098591549	0.0405019218848396	0.00266638797431534
2671	26710	0	0.25	0.1557	0.0696195449772854	0.0860804550227146
2672	26720	0	0.05	0.221051408450704	0.090063920624938	0.130987487825766
2673	26730	0	0	0.166880281690141	0.086269875889981	0.0806104058001598
2674	26740	0	0.025	0.11500985915493	0.0753423935449634	0.0396674656099662
2675	26750	0	0	0.0819443661971831	0.0641716842251752	0.0177726819720079
2676	26760	0	0.025	0.0700415492957747	0.0558669406414387	0.0141746086543359
2677	26770	0	0	0.0606169014084507	0.0484298808314891	0.0121870205769616
2678	26780	0	0	0.0543929577464789	0.0441495750010162	0.0102433827454626
2679	26790	0	0.025	0.0440239436619718	0.0399614657203484	0.00406247794162343
2680	26800	0	0.2	0.0494366197183098	0.0384329457635874	0.0110036739547225
2681	26810	0	0	0.0548176056338028	0.046286635948678	0.0085309696851248
2682	26820	0	0.4	0.0621380281690141	0.04815048284364	0.0139875453253741
2683	26830	0	0	0.0638619718309859	0.0622622338555589	0.00159973797542702
2684	26840	0	0.025	0.0614852112676057	0.0646937147114353	-0.00320850344382963
2685	26850	0	0.025	0.0567887323943662	0.0585371734903442	-0.00174844109597795
2686	26860	0	0.05	0.0492274647887324	0.0555046789351565	-0.00627721414642409
2687	26870	0	0.1	0.0489739436619718	0.0526756890159796	-0.00370174535400775
2688	26880	0	0	0.0449049295774648	0.0523273278389158	-0.00742239826145105
2689	26890	0	0.15	0.0394732394366197	0.0459548662209019	-0.0064816267842822
2690	26900	0	0.025	0.0429908450704226	0.0470833203740875	-0.00409247530366492
2691	26910	0	0	0.0639443661971831	0.0414819284259689	0.0224624377712142
2692	26920	0	0.4	0.0791112676056338	0.0384133218467697	0.0406979457588641
2693	26930	0	0	0.110110563380281	0.0539647111502049	0.0561458522300766
2694	26940	0	0	0.111707746478873	0.0561866093950401	0.0555211370838333
2695	26950	0	0	0.0975359154929577	0.0489289466491754	0.0486069688437823
2696	26960	0	0	0.0799859154929578	0.0418022635885954	0.0381836519043624
2697	26970	0	0	0.0698704225352113	0.0366151302019184	0.0332552923332929
2698	26980	0	0.55	0.0674239436619718	0.0376291888222188	0.029794754839753
2699	26990	0	0.3	0.130316197183099	0.0626854956958879	0.0676307014872107
2700	27000	0	0.025	0.174302112676056	0.0854211887172212	0.0888809239588352
2701	27010	0	0	0.162101408450704	0.0817061985298993	0.080395209920805
2702	27020	0	0	0.122342957746479	0.0713898793535426	0.0509530783929363
2703	27030	0	0	0.10208661971831	0.0589557051814797	0.0431309145368301
2704	27040	0	0.025	0.0838711267605634	0.0500393650617675	0.0338317616987959
2705	27050	0	0	0.0741549295774648	0.0437010930881856	0.0304538364892792
2706	27060	0	0	0.0664669014084507	0.0380437238609852	0.0284231775474655
2707	27070	0	0	0.0605852112676057	0.0337499214065812	0.0268352898610244
2708	27080	0	0.45	0.054012676056338	0.034539881440358	0.0194727946159801
2709	27090	0	0.725	0.0596725352112676	0.0610723152236431	-0.00139978001237552
2710	27100	0.848415937647731	0	0.0724943661971831	0.101247449405854	-0.0287530832086707
2711	27110	0.815121605706893	0.675	0.0796119718309859	0.111658906481308	-0.0320469346503216
2712	27120	0	0.575	0.1215	0.132850057175828	-0.0113500571758285
2713	27130	0.928691937810995	0	0.175880281690141	0.157637462794728	0.0182428188954129
2714	27140	0.972005028333219	0	0.167216197183099	0.152048418386956	0.0151677787961421
2715	27150	0.988891003493775	0	0.129454225352113	0.132137977450231	-0.00268375209811822
2716	27160	0.943682119216938	0	0.098968309859155	0.11343934519521	-0.0144710353360553
2717	27170	0.916250309248464	0	0.0809239436619718	0.0976915743652568	-0.016767630703285
2718	27180	0.92997928694488	0.05	0.0671957746478873	0.0831089017325925	-0.0159131270847052
2719	27190	0.965771811207763	0.375	0.065243661971831	0.0760289011657466	-0.0107852391939156
2720	27200	0.950215687604919	0.025	0.0739647887323944	0.086894201703956	-0.0129294129715616
2721	27210	0.943601628292264	0	0.0744781690140845	0.0870163063911113	-0.0125381373770268
2722	27220	0.921672827449693	0	0.0667647887323944	0.0784790438064498	-0.0117142550740554
2723	27230	0.944933468246191	0	0.0577077464788732	0.0679065596495268	-0.0101988131706536
2724	27240	0	0	0.050393661971831	0.0594670109345081	-0.00907334896267706
2725	27250	0.966728291447339	0	0.0446450704225352	0.052650966758193	-0.00800589633565783
2726	27260	0.981362971584489	0	0.0397964788732394	0.0471817018614609	-0.00738522298822145
2727	27270	0.970910906407767	0	0.0354485915492958	0.0453592205489159	-0.00991062899962016
2728	27280	0.966112291423696	0	0.030587323943662	0.0413286553330421	-0.0107413313893801
2729	27290	0.975267557435035	0	0.0267401408450704	0.0345212382075188	-0.00778109736244835
2730	27300	0.993915404958467	0.675	0.0271330985915493	0.0321072875643838	-0.0049741889728345
2731	27310	0.990636967505215	0.025	0.0536070422535211	0.0597052510317594	-0.00609820877823828
2732	27320	0.998037264623938	0.15	0.0633485915492958	0.0660656923444507	-0.00271710079515493
2733	27330	0.967593214187261	0	0.0783190140845071	0.0608698280789419	0.0174491860055652
2734	27340	0.952566766567081	0.15	0.0755556338028169	0.0580326729611099	0.017522960841707
2735	27350	0.923034464289691	0	0.0803915492957746	0.0574633641920176	0.0229281851037571
2736	27360	0.893034631256487	0.1	0.0800683098591549	0.0548066049249811	0.0252617049341738
2737	27370	0		0.0795676056338028		
2738	27380	0		0.0814056338028169		
2739	27390	0		0.0734197183098592		
2740	27400	0		0.0631964788732394		
2741	27410	0		0.0544119718309859		
2742	27420	0		0.0473767605633803		
2743	27430	0		0.0424077464788733		
2744	27440	0		0.0371725352112676		
2745	27450	0		0.0317471830985916		
2746	27460	0		0.028324647887324		
2747	27470	0		0.0264549295774648		
2748	27480	0		0.0294845070422535		
2749	27490	0		0.0306823943661972		
2750	27500	0		0.0283880281690141		
2751	27510	0		0.0255929577464789		
2752	27520	0		0.0219929577464789		
2753	27530	0	0.6	0.0215049295774648		
2754	27540	0	0.375	0.0272471830985916		
2755	27550	0	0.55	0.046337323943662		
2756	27560	0	0.025	0.0659852112676056		
2757	27570	0	0.1	0.0655732394366197		
2758	27580	0	0.75	0.0702950704225352		
2759	27590	0	0.1	0.100996478873239		
2760	27600	0	0.3	0.119414788732395		
2761	27610	0	0.05	0.141122535211268		
2762	27620	0	0.4	0.149552112676056		
2763	27630	0	0.575	0.194292253521127		
2764	27640	0	0	0.291238732394366		
2765	27650	0	0	0.267198591549296		
2766	27660	0	0	0.197664084507042		
2767	27670	0	0	0.137769718309859		
2768	27680	0	0	0.10472323943662		
2769	27690	0	0.125	0.0836239436619718		
2770	27700	0	0	0.0717274647887324		
2771	27710	0	0	0.0590133802816902		
2772	27720	0	0.425	0.0532267605633803		
2773	27730	0	0	0.053087323943662	0.0905555464895148	-0.0374682225458529
2774	27740	0	0	0.0513760563380282	0.0878051664383485	-0.0364291101003203
2775	27750	0.815631134365557	0	0.0465908450704225	0.0739290993994411	-0.0273382543290186
2776	27760	0.871910296359243	0	0.0394605633802817	0.0612249999436629	-0.0217644365633811
2777	27770	0.91892388549325	0.05	0.0357845070422535	0.0521693846743395	-0.016384877632086
2778	27780	0.933134899281049	0.075	0.0330147887323944	0.0483475816441738	-0.0153327929117795
2779	27790	0.955279478365957	0	0.0303845070422535	0.0436686010242333	-0.0132840939819798
2780	27800	0.941241017109807	0	0.0268795774647887	0.0414155153428202	-0.0145359378780314
2781	27810	0.957781464316775	0.075	0.0236091549295775	0.0349825325096837	-0.0113733775801062
2782	27820	0.958383648524669	0.075	0.0233429577464789	0.03381756548092	-0.0104746077344411
2783	27830	0.955305298712026	0	0.0212767605633803	0.0319799426301939	-0.0107031820668136
2784	27840	0	0	0.0194894366197183	0.0253058230828229	-0.00581638646310455
2785	27850	0	0.05	0.0184119718309859	0.0225092357129658	-0.00409726388197988
2786	27860	0	0	0.0175753521126761	0.0212973130936583	-0.00372196098098219
2787	27870	0	0	0.0165739436619718	0.020489601195555	-0.00391565753358322
2788	27880	0	0.025	0.0145330985915493	0.0193526466878421	-0.0048195480962928
2789	27890	0	0.325	0.0153697183098592	0.0213447484166162	-0.00597503010675708
2790	27900	0	0.15	0.0173218309859155	0.0364179001202031	-0.0190960691342876
2791	27910	0	0	0.0228802816901409	0.0475029261243879	-0.0246226444342471
2792	27920	0	0	0.0253964788732394	0.0445260781307145	-0.0191295992574751
2793	27930	0	0.15	0.0257957746478873	0.0370233729015689	-0.0112275982536815
2794	27940	0	0	0.0279950704225352	0.0388994166507331	-0.0109043462281979
2795	27950	0		0.0334711267605634		
2796	27960	0		0.040962676056338		
2797	27970	0		0.0495633802816902		
2798	27980	0		0.0496774647887324		
2799	27990	0		0.047687323943662		
2800	28000	0		0.0559014084507042		
2801	28010	0		0.133212676056338		
2802	28020	0		0.20976338028169		
2803	28030	0		0.202702816901408		
2804	28040	0		0.156796478873239		
2805	28050	0		0.114198591549296		
2806	28060	0		0.0930295774647887		
2807	28070	0		0.0766014084507042		
2808	28080	0		0.0664605633802817		
2809	28090	0		0.0595964788732394		
2810	28100	0		0.0663401408450704		
2811	28110	0		0.0723866197183098		
2812	28120	0		0.0728429577464789		
2813	28130	0		0.0717718309859155		
2814	28140	0		0.0663591549295775		
2815	28150	0		0.0614345070422535		
2816	28160	0		0.0557683098591549		
2817	28170	0		0.0796880281690141		
2818	28180	0		0.100267605633803		
2819	28190	0		0.106643661971831		
2820	28200	0		0.151529577464789		
2821	28210	0		0.200528873239437		
2822	28220	0		0.183910563380282		
2823	28230	0		0.158425352112676		
2824	28240	0		0.147619014084507		
2825	28250	0		0.129016901408451		
2826	28260	0		0.11127676056338		
2827	28270	0		0.104507746478873		
2828	28280	0		0.0958880281690141		
2829	28290	0		0.0978464788732394		
2830	28300	0		0.0927380281690141		
2831	28310	0		0.0899176056338028		
2832	28320	0		0.102092957746479		
2833	28330	0		0.102802816901408		
2834	28340	0		0.107074647887324		
2835	28350	0		0.102099295774648		
2836	28360	0	0.025	0.090906338028169		
2837	28370	0	0.025	0.0826415492957747		
2838	28380	0	0	0.0790098591549296		
2839	28390	0	0	0.0852401408450704		
2840	28400	0	0	0.0900950704225352		
2841	28410	0	0	0.0874267605633803		
2842	28420	0	0	0.0819760563380282		
2843	28430	0	0	0.0747507042253521		
2844	28440	0	0	0.069756338028169		
2845	28450	0	0.05	0.0630633802816902		
2846	28460	0	0.05	0.0586584507042254		
2847	28470	0	0	0.0531697183098592		
2848	28480	0	0	0.0478014084507042		
2849	28490	0	0	0.0446577464788732		
2850	28500	0	0	0.0394732394366197		
2851	28510	0	0.025	0.0367605633802817		
2852	28520	0	0	0.0340161971830986		
2853	28530	0	0	0.0321211267605634		
2854	28540	0	0	0.031480985915493		
2855	28550	0	0	0.0304098591549296		
2856	28560	0	0	0.03015	0.0040889797231933	0.0260610202768067
2857	28570	0	0	0.0281788732394366	0.00340442079887162	0.024774452440565
2858	28580	0	0	0.0276211267605634	0.00266722961840976	0.0249538971421536
2859	28590	0	0	0.0260619718309859	0.00223615640690546	0.0238258154240805
2860	28600	0	0		0.00191334501538992	
2861	28610	0	0		0.00193889319486818	
2862	28620	0	0		0.00202276173214301	
2863	28630	0	0		0.00191929122404928	
2864	28640	0	0		0.00171822912982624	
2865	28650	0	0		0.00130444204094403	
2866	28660	0	0		0.000713605010620385	
2867	28670	0	0		0.000350645564779813	
2868	28680	0	0		0.000356059689863999	
2869	28690	0	0		0.000353362520777257	
2870	28700	0	0		0.00029185523205082	
2871	28710	0	0		0.000199709508582154	
2872	28720	0	0		0	
2873	28730	0	0		0	
2874	28740	0	0.125		0.000990641906365551	
2875	28750	0	0		0.00711678797572264	
2876	28760	0	0		0.00950004990363033	
2877	28770	0	0		0.00825070713353613	
2878	28780	0	0		0.00704783477246829	
2879	28790	0	0		0.00580126190028373	
2880	28800	0	0		0.00492557619522579	
2881	28810	0	0		0.00405374382268029	
2882	28820	0	0.025		0.00388784857731869	
2883	28830	0	0.075		0.00522948228457185	
2884	28840	0	0.025		0.00941436153941477	
2885	28850	0	0		0.0118202850783069	
2886	28860	0	0		0.0107622352291752	
2887	28870	0	0		0.00917806279109537	
2888	28880	0	0.975		0.0152090090017508	
2889	28890	0	0.125		0.0629988649460108	
2890	28900	0	0.05		0.0875219673823469	
2891	28910	0	0		0.0821495079761062	
2892	28920	0	0		0.0720648687690975	
2893	28930	0	0		0.0601366259755161	
2894	28940	0	0		0.0509761682246723	
2895	28950	0	0		0.0414037680275713	
2896	28960	0	0.025		0.0371070604461544	
2897	28970	0	0		0.033492061072665	
2898	28980	0	0		0.0319621267670381	
2899	28990	0	0.15		0.0326566379935908	
2900	29000	0	0		0.0355045412594835	
2901	29010	0	0		0.0346732025508376	
2902	29020	0	0.025		0.0281837814599028	
2903	29030	0	0.5		0.0302604632614196	
2904	29040	0	0.05		0.0545513185873438	
2905	29050	0	0.025		0.0655161516716904	
2906	29060	0	0.275		0.0635516357940445	
2907	29070	0	0		0.0691071193423666	
2908	29080	0	0		0.0638687542578703	
2909	29090	0	0		0.0480601130553868	
2910	29100	0	0		0.0399654776014823	
2911	29110	0	0.025		0.0342856128333752	
2912	29120	0	0		0.0309198576382242	
2913	29130	0	0		0.0279187740867909	
2914	29140	0	0		0.0265542836653102	
2915	29150	0	0		0.0231357847791735	
2916	29160	0	0		0.020685280761652	
2917	29170	0	0		0.0179046250532427	
2918	29180	0	0.15		0.0169603494523417	
2919	29190	0	0.225		0.0252838874909486	
2920	29200	0	0		0.0368770977473106	
2921	29210	0	0.15		0.0406768552729336	
2922	29220	0	0		0.0434148714546445	
2923	29230	0	0		0.0403960433029325	
2924	29240	0				
2925	29250	0				
2926	29260	0				
2927	29270	0				
2928	29280	0				
2929	29290	0				
2930	29300	0				
2931	29310	0				
2932	29320	0				
2933	29330	0				
2934	29340	0				
2935	29350	0				
2936	29360	0				
2937	29370	0				
2938	29380	0				
2939	29390	0				
2940	29400	0				
2941	29410	0				
2942	29420	0				
2943	29430	0				
2944	29440	0				
2945	29450	0				
2946	29460	0				
2947	29470	0				
2948	29480	0				
2949	29490	0				
2950	29500	0				
2951	29510	0				
2952	29520	0				
2953	29530	0				
2954	29540	0				
2955	29550	0				
2956	29560	0				
2957	29570	0				
2958	29580	0				
2959	29590	0				
2960	29600	0				
2961	29610	0				
2962	29620	0				
2963	29630	0				
2964	29640	0				
2965	29650	0				
2966	29660	0				
2967	29670	0				
2968	29680	0				
2969	29690	0				
2970	29700	0				
2971	29710	0				
2972	29720	0				
2973	29730	0				
2974	29740	0				
2975	29750	0				
2976	29760	0				
2977	29770	0				
2978	29780	0				
2979	29790	0				
2980	29800	0				
2981	29810	0				
2982	29820	0				
2983	29830	0				
2984	29840	0				
2985	29850	0				
2986	29860	0				
2987	29870	0				
2988	29880	0				
2989	29890	0				
2990	29900	0				
2991	29910	0				
2992	29920	0				
2993	29930	0				
2994	29940	0				
2995	29950	0				
2996	29960	0				
2997	29970	0				
2998	29980	0				
2999	29990	0				
3000	30000	0				
3001	30010	0				
3002	30020	0				
3003	30030	0				
3004	30040	0				
3005	30050	0				
3006	30060	0				
3007	30070	0				
3008	30080	0				
3009	30090	0				
3010	30100	0				
3011	30110	0				
3012	30120	0				
3013	30130	0				
3014	30140	0				
3015	30150	0				
3016	30160	0				
3017	30170	0				
3018	30180	0				
3019	30190	0				
3020	30200	0				
3021	30210	0				
3022	30220	0				
3023	30230	0				
3024	30240	0				
3025	30250	0				
3026	30260	0				
3027	30270	0				
3028	30280	0				
3029	30290	0				
3030	30300	0				
3031	30310	0				
3032	30320	0				
3033	30330	0				
3034	30340	0				
3035	30350	0				
3036	30360	0				
3037	30370	0				
3038	30380	0				
3039	30390	0				
3040	30400	0				
3041	30410	0				
3042	30420	0				
3043	30430	0				
3044	30440	0				
3045	30450	0				
3046	30460	0				
3047	30470	0				
3048	30480	0				
3049	30490	0				
3050	30500	0				
3051	30510	0				
3052	30520	0				
3053	30530	0				
3054	30540	0				
3055	30550	0				
3056	30560	0				
3057	30570	0				
3058	30580	0				
3059	30590	0				
3060	30600	0				
3061	30610	0				
3062	30620	0				
3063	30630	0				
3064	30640	0				
3065	30650	0				
3066	30660	0				
3067	30670	0				
3068	30680	0				
3069	30690	0				
3070	30700	0				
3071	30710	0				
3072	30720	0				
3073	30730	0				
3074	30740	0				
3075	30750	0				
3076	30760	0				
3077	30770	0				
3078	30780	0				
3079	30790	0				
3080	30800	0				
3081	30810	0				
3082	30820	0				
3083	30830	0				
3084	30840	0				
3085	30850	0				
3086	30860	0				
3087	30870	0				
3088	30880	0				
3089	30890	0				
3090	30900	0				
3091	30910	0				
3092	30920	0				
3093	30930	0				
3094	30940	0				
3095	30950	0				
3096	30960	0				
3097	30970	0				
3098	30980	0				
3099	30990	0				
3100	31000	0				
3101	31010	0				
3102	31020	0				
3103	31030	0				
3104	31040	0				
3105	31050	0				
3106	31060	0				
3107	31070	0				
3108	31080	0				
3109	31090	0				
3110	31100	0				
3111	31110	0				
3112	31120	0				
3113	31130	0				
3114	31140	0				
3115	31150	0				
3116	31160	0				
3117	31170	0				
3118	31180	0				
3119	31190	0				
3120	31200	0				
3121	31210	0				
3122	31220	0				
3123	31230	0				
3124	31240	0				
3125	31250	0				
3126	31260	0				
3127	31270	0				
3128	31280	0				
3129	31290	0				
3130	31300	0				
3131	31310	0				
3132	31320	0				
3133	31330	0				
3134	31340	0				
3135	31350	0				
3136	31360	0				
3137	31370	0				
3138	31380	0				
3139	31390	0				
3140	31400	0				
3141	31410	0				
3142	31420	0				
3143	31430	0				
3144	31440	0				
3145	31450	0				
3146	31460	0				
3147	31470	0				
3148	31480	0				
3149	31490	0				
3150	31500	0				
3151	31510	0				
3152	31520	0				
3153	31530	0				
3154	31540	0				
3155	31550	0				
3156	31560	0				
3157	31570	0				
3158	31580	0				
3159	31590	0				
3160	31600	0				
3161	31610	0				
3162	31620	0				
3163	31630	0				
3164	31640	0				
3165	31650	0				
3166	31660	0				
3167	31670	0				
3168	31680	0				
3169	31690	0				
3170	31700	0				
3171	31710	0				
3172	31720	0				
3173	31730	0				
3174	31740	0				
3175	31750	0				
3176	31760	0				
3177	31770	0				
3178	31780	0				
3179	31790	0				
3180	31800	0				
3181	31810	0				
3182	31820	0				
3183	31830	0				
3184	31840	0				
3185	31850	0				
3186	31860	0				
3187	31870	0				
3188	31880	0				
3189	31890	0				
3190	31900	0				
3191	31910	0				
3192	31920	0				
3193	31930	0				
3194	31940	0				
3195	31950	0				
3196	31960	0				
3197	31970	0				
3198	31980	0				
3199	31990	0				
3200	32000	0				
3201	32010	0				
3202	32020	0				
3203	32030	0				
3204	32040	0				
3205	32050	0				
3206	32060	0				
3207	32070	0				
3208	32080	0				
3209	32090	0				
3210	32100	0				
3211	32110	0				
3212	32120	0				
3213	32130	0				
3214	32140	0				
3215	32150	0				
3216	32160	0				
3217	32170	0				
3218	32180	0				
3219	32190	0				
3220	32200	0				
3221	32210	0				
3222	32220	0				
3223	32230	0				
3224	32240	0				
3225	32250	0				
3226	32260	0				
3227	32270	0				
3228	32280	0				
3229	32290	0				
3230	32300	0				
3231	32310	0				
3232	32320	0				
3233	32330	0				
3234	32340	0				
3235	32350	0				
3236	32360	0				
3237	32370	0				
3238	32380	0				
3239	32390	0				
3240	32400	0				
3241	32410	0				
3242	32420	0				
3243	32430	0				
3244	32440	0				
3245	32450	0				
3246	32460	0				
3247	32470	0				
3248	32480	0				
3249	32490	0				
3250	32500	0				
3251	32510	0				
3252	32520	0				
3253	32530	0				
3254	32540	0				
3255	32550	0				
3256	32560	0				
3257	32570	0				
3258	32580	0				
3259	32590	0				
3260	32600	0				
3261	32610	0				
3262	32620	0				
3263	32630	0				
3264	32640	0				
3265	32650	0				
3266	32660	0				
3267	32670	0				
3268	32680	0				
3269	32690	0				
3270	32700	0				
3271	32710	0				
3272	32720	0				
3273	32730	0				
3274	32740	0				
3275	32750	0				
3276	32760	0				
3277	32770	0				
3278	32780	0				
3279	32790	0				
3280	32800	0				
3281	32810	0				
3282	32820	0				
3283	32830	0				
3284	32840	0				
3285	32850	0				
3286	32860	0				
3287	32870	0				
3288	32880	0				
3289	32890	0				
3290	32900	0				
3291	32910	0				
3292	32920	0				
3293	32930	0				
3294	32940	0				
3295	32950	0				
3296	32960	0				
3297	32970	0				
3298	32980	0				
3299	32990	0				
3300	33000	0				
3301	33010	0				
3302	33020	0				
3303	33030	0				
3304	33040	0				
3305	33050	0				
3306	33060	0				
3307	33070	0				
3308	33080	0				
3309	33090	0				
3310	33100	0				
3311	33110	0				
3312	33120	0				
3313	33130	0				
3314	33140	0				
3315	33150	0				
3316	33160	0				
3317	33170	0				
3318	33180	0				
3319	33190	0				
3320	33200	0				
3321	33210	0				
3322	33220	0				
3323	33230	0				
3324	33240	0				
3325	33250	0				
3326	33260	0				
3327	33270	0				
3328	33280	0				
3329	33290	0				
3330	33300	0				
3331	33310	0				
3332	33320	0				
3333	33330	0				
3334	33340	0				
3335	33350	0				
3336	33360	0				
3337	33370	0				
3338	33380	0				
3339	33390	0				
3340	33400	0				
3341	33410	0				
3342	33420	0				
3343	33430	0				
3344	33440	0				
3345	33450	0				
3346	33460	0				
3347	33470	0				
3348	33480	0				
3349	33490	0				
3350	33500	0				
3351	33510	0				
3352	33520	0				
3353	33530	0				
3354	33540	0				
3355	33550	0				
3356	33560	0				
3357	33570	0				
3358	33580	0				
3359	33590	0				
3360	33600	0				
3361	33610	0				
3362	33620	0				
3363	33630	0				
3364	33640	0				
3365	33650	0				
3366	33660	0				
3367	33670	0				
3368	33680	0				
3369	33690	0				
3370	33700	0				
3371	33710	0				
3372	33720	0				
3373	33730	0				
3374	33740	0				
3375	33750	0				
3376	33760	0				
3377	33770	0				
3378	33780	0				
3379	33790	0				
3380	33800	0				
3381	33810	0				
3382	33820	0				
3383	33830	0				
3384	33840	0				
3385	33850	0				
3386	33860	0				
3387	33870	0				
3388	33880	0				
3389	33890	0				
3390	33900	0				
3391	33910	0				
3392	33920	0				
3393	33930	0				
3394	33940	0				
3395	33950	0				
3396	33960	0				
3397	33970	0				
3398	33980	0				
3399	33990	0				
3400	34000	0				
3401	34010	0				
3402	34020	0				
3403	34030	0				
3404	34040	0				
3405	34050	0				
3406	34060	0				
3407	34070	0				
3408	34080	0				
3409	34090	0				
3410	34100	0				
3411	34110	0				
3412	34120	0				
3413	34130	0				
3414	34140	0				
3415	34150	0				
3416	34160	0				
3417	34170	0				
3418	34180	0				
3419	34190	0				
3420	34200	0				
3421	34210	0				
3422	34220	0				
3423	34230	0				
3424	34240	0				
3425	34250	0				
3426	34260	0				
3427	34270	0				
3428	34280	0				
3429	34290	0				
3430	34300	0				
3431	34310	0				
3432	34320	0				
3433	34330	0				
3434	34340	0				
3435	34350	0				
3436	34360	0				
3437	34370	0				
3438	34380	0				
3439	34390	0				
3440	34400	0				
3441	34410	0				
3442	34420	0				
3443	34430	0				
3444	34440	0				
3445	34450	0				
3446	34460	0				
3447	34470	0				
3448	34480	0				
3449	34490	0				
3450	34500	0				
3451	34510	0				
3452	34520	0				
3453	34530	0				
3454	34540	0				
3455	34550	0				
3456	34560	0				
3457	34570	0				
3458	34580	0				
3459	34590	0				
3460	34600	0				
3461	34610	0				
3462	34620	0				
3463	34630	0				
3464	34640	0				
3465	34650	0				
3466	34660	0				
3467	34670	0				
3468	34680	0				
3469	34690	0				
3470	34700	0				
3471	34710	0				
3472	34720	0				
3473	34730	0				
3474	34740	0				
3475	34750	0				
3476	34760	0				
3477	34770	0				
3478	34780	0				
3479	34790	0				
3480	34800	0				
3481	34810	0				
3482	34820	0				
3483	34830	0				
3484	34840	0				
3485	34850	0		0.000944366197183098		
3486	34860	0		0.00371408450704225		
3487	34870	0		0.000703521126760562		
3488	34880	0		0.00834718309859155		
3489	34890	0		0.0189633802816902		
3490	34900	0		0.0181140845070423		
3491	34910	0		0.018006338028169		
3492	34920	0		0.019787323943662		
3493	34930	0		0.0311514084507042		
3494	34940	0		0.0663718309859155		
3495	34950	0		0.140159154929577		
3496	34960	0		0.196028873239437		
3497	34970	0		0.137579577464789		
3498	34980	0		0.276838732394366		
3499	34990	0		0.307850704225352		
3500	35000	0		0.252678169014084		
3501	35010	0		0.347159154929578		
3502	35020	0		0.276540845070422		
3503	35030	0		0.371459154929578		
3504	35040	0		0.207494366197183		
3505	35050	0		0.165771126760563		
3506	35060	0		0.158285915492958		
3507	35070	0	0	0.144367605633803		
3508	35080	0	0	0.130601408450705		
3509	35090	0	0	0.117373943661972		
3510	35100	0	0	0.104653521126761		
3511	35110	0	0	0.0924274647887324		
3512	35120	0	0	0.0806387323943662		
3513	35130	0	0	0.069319014084507		
3514	35140	0	0	0.0585760563380282		
3515	35150	0	0.1	0.0532267605633803		
3516	35160	0	0	0.0505394366197183		
3517	35170	0	0	0.0480359154929578		
3518	35180	0	0	0.0456845070422535		
3519	35190	0	0	0.0461218309859155		
3520	35200	0	0	0.0442014084507042		
3521	35210	0	0	0.0374767605633803		
3522	35220	0	0	0.0389091549295775		
3523	35230	0	0	0.0359683098591549		
3524	35240	0	0	0.0364943661971831		
3525	35250	0	0	0.0358478873239436		
3526	35260	0	0	0.0263598591549296		
3527	35270	0	0	0.0327929577464789	0.00200178721106706	0.0307911705354118
3528	35280	0	0	0.0249654929577465	0.00171117449668034	0.0232543184610661
3529	35290	0	0	0.0224619718309859	0.00128525023871234	0.0211767215922736
3530	35300	0	0	0.0200915492957747	0.00125674397382431	0.0188348053219503
3531	35310	0	0	0.0133922535211268	0.00140258225911925	0.0119896712620075
3532	35320	0	0	0.0158260563380282	0.00142423875945599	0.0144018175785722
3533	35330	0	0	0.0108570422535211	0.00141345008310903	0.00944359217041209
3534	35340	0	0	0.0101028169014085	0.00116742092820328	0.00893539597320518
3535	35350	0	0	0.0104640845070423	0.000798838034328615	0.00966524647271365
3536	35360	0	0	0.00695915492957747	0	0.00695915492957747
3537	35370	0	0	0.0144443661971831	0	0.0144443661971831
3538	35380	0	0	0.00875281690140845	0	0.00875281690140845
3539	35390	0	0	0.00894929577464789	0	0.00894929577464789
3540	35400	0	0	0.00809366197183099	0	0.00809366197183099
3541	35410	0	0	0.00501971830985915	0	0.00501971830985915
3542	35420	0	0	0.00605915492957747	0	0.00605915492957747
3543	35430	0	0	0.00434154929577465	0	0.00434154929577465
3544	35440	0	0	0.0045443661971831	0	0.0045443661971831
3545	35450	0	0	0.00500070422535211	0	0.00500070422535211
3546	35460	0	0.025	0.00448098591549296	0.00019812838127311	0.00428285753421985
3547	35470	0	0.025	0.00591338028169014	0.00162148597641764	0.0042918943052725
3548	35480	0	0.05	0.00375211267605634	0.00371962433841681	3.24883376395233e-05
3549	35490	0	0.05	0.0138485915492958	0.00679312336026857	0.0070554681890272
3550	35500	0	0	0.0145267605633803	0.00970644353294207	0.00482031703043823
3551	35510	0	0	0.0190838028169014	0.00967012214941699	0.00941368066748442
3552	35520	0	0	0.0158197183098592	0.00826478438150368	0.0075549339283555
3553	35530	0	0	0.0125302816901409	0.00693550267268202	0.00559477901745883
3554	35540	0	0	0.0136711267605634	0.00583942804194898	0.00783169871861439
3555	35550	0	0.025	0.00902535211267605	0.00517014833676626	0.0038552037759098
3556	35560	0	0	0.0100774647887324	0.00577232119015288	0.00430514359857953
3557	35570	0	0	0.00835352112676056	0.00587917517863929	0.00247434594812128
3558	35580	0	0	0.00692746478873239	0.00526309542736538	0.00166436936136702
3559	35590	0	0	0.00835352112676056	0.00477496998393409	0.00357855114282647
3560	35600	0	0	0.00576760563380282	0.00412895461514922	0.00163865101865359
3561	35610	0	0	0.00745352112676057	0.00347709464605302	0.00397642648070755
3562	35620	0	0	0.00590704225352113	0.00297379269046829	0.00293324956305284
3563	35630	0	0	0.00563450704225352	0.00271564640012125	0.00291886064213227
3564	35640	0	0.05	0.0062556338028169	0.00307768999878085	0.00317794380403605
3565	35650	0	0	0.00507042253521127	0.00551457353080116	-0.000444150995589889
3566	35660	0	0.15	0.00592605633802817	0.00750855063386167	-0.0015824942958335
3567	35670	0	0.15	0.00578661971830986	0.0150197905289254	-0.00923317081061549
3568	35680	0	0.05	0.00518450704225352	0.0245665192321931	-0.0193820121899396
3569	35690	0	0.025	0.00527323943661972	0.0273869883531178	-0.0221137489164981
3570	35700	0	0	0.00465211267605634	0.0258660443153484	-0.021213931639292
3571	35710	0	0.075	0.00567253521126761	0.0231857370791142	-0.0175132018678466
3572	35720	0	0.375	0.00479154929577465	0.0264154273231184	-0.0216238780273438
3573	35730	0	0.2	0.00691478873239437	0.0447787349946459	-0.0378639462622515
3574	35740	0	0.05	0.00725704225352113	0.0591666465841768	-0.0519096043306557
3575	35750	0	0	0.00772605633802817	0.0593343937125815	-0.0516083373745533
3576	35760	0	0.05	0.00784647887323944	0.0528186679688271	-0.0449721890955877
3577	35770	0	0	0.00617957746478873	0.0479723800109427	-0.0417928025461539
3578	35780	0	0.05	0.00777676056338028	0.0426686258917287	-0.0348918653283484
3579	35790	0	0	0.00744718309859155	0.0387492353744869	-0.0313020522758953
3580	35800	0	0.025	0.00785915492957747	0.0350758802226304	-0.027216725293053
3581	35810	0	0	0.00774507042253521	0.0319132486730706	-0.0241681782505354
3582	35820	0	0	0.00631267605633803	0.030036683698203	-0.023724007641865
3583	35830	0	0	0.00683239436619719	0.0281659154509931	-0.0213335210847959
3584	35840	0	0	0.00512112676056338	0.0254104677686774	-0.020289341008114
3585	35850	0	0	0.00560915492957747	0.0216036360982787	-0.0159944811687013
3586	35860	0.938586432018481	0	0.00501338028169014	0.0178771256239063	-0.0128637453422161
3587	35870	0.967663084371792	0	0.00609084507042254	0.0146402913868073	-0.00854944631638476
3588	35880	0.981288748754488	0	0.00730774647887324	0.0131325476590446	-0.00582480118017131
3589	35890	0.977413240678868	0	0.00561549295774648	0.0127508665271971	-0.00713537356945063
3590	35900	0.981930350695818	0	0.00591971830985916	0.011978520959569	-0.00605880264970988
3591	35910	0.986439598690228	0	0.00570422535211268	0.0106092870105625	-0.00490506165844985
3592	35920	0.991211809994633	0	0.00486760563380282	0.00788157257837594	-0.00301396694457312
3593	35930	0.998816161702707	0	0.00495	0.00394967152356911	0.00100032847643089
3594	35940	0.999489091969158	0	0.00403098591549296	0.00212874774795653	0.00190223816753643
3595	35950	0.99996243656261	0	0.0045	0.00161001583728571	0.00288998416271429
3596	35960	0.999717726753613	0	0.00370774647887324	0.00145678962349864	0.0022509568553746
3597	35970	0.999867084354731	0	0.00351760563380282	0.000939770153965638	0.00257783547983718
3598	35980	0.999878759856352	0	0.00341619718309859	0.000752781537941565	0.00266341564515703
3599	35990	0.999848991953738	0	0.0028774647887324	0.00029185523205082	0.00258560955668158
3600	36000	0.999913750022002	0	0.00300422535211268	0.000199709508582154	0.00280451584353052
3601	36010	0.999659254169079	0	0.0022056338028169	0	0.0022056338028169
3602	36020	0.999751605712972	0	0.00238309859154929	0	0.00238309859154929
3603	36030	0.999700615494934	0	0.00228169014084507	0	0.00228169014084507
3604	36040	0.999618991969498	0	0.00213591549295775	0	0.00213591549295775
3605	36050	0.999816575771198	0	0.00252887323943662	0	0.00252887323943662
3606	36060	0.99961961926823	0.025	0.00224366197183099	0.00019812838127311	0.00204553359055788
3607	36070	0.999080809051061	0	0.00275704225352113	0.00142335759514453	0.0013336846583766
3608	36080	0.993411037460156	0.65	0.00263661971830986	0.00705134789382693	-0.00441472817551708
3609	36090	0.758977019441618	0.025	0.0028330985915493	0.0388555672817381	-0.0360224686901888
3610	36100	0.630100283629335	0	0.00253521126760563	0.0522331840485159	-0.0496979727809103
3611	36110	0.638760016438031	0	0.00185070422535211	0.0459639394551707	-0.0441132352298186
3612	36120	0.715729554165079	0	0.00201549295774648	0.0392839974825875	-0.037268504524841
3613	36130	0.776609737030763	0.1	0.00170492957746479	0.0331793911255975	-0.0314744615481328
3614	36140	0.781414947248746	0	0.00192676056338028	0.0332046230150181	-0.0312778624516378
3615	36150	0.828701500380582	0	0.00166056338028169	0.0303069709490085	-0.0286464075687268
3616	36160	0.836900125708631	0	0.00144507042253521	0.0272070895691984	-0.0257620191466632
3617	36170	0.868647139479699	0	0.00155915492957746	0.0236866087172007	-0.0221274537876232
3618	36180	0		0.00350492957746479		
3619	36190	0		0.00470915492957746		
3620	36200	0		0.00461408450704225		
3621	36210	0	1.375	0.0258401408450704		
3622	36220	0	0.3	0.0753401408450704		
3623	36230	0	0.075	0.0704598591549296		
3624	36240	0	0.025	0.0572007042253521		
3625	36250	0	0	0.0462612676056338		
3626	36260	0	0.075	0.0379521126760563		
3627	36270	0	0	0.0327232394366197		
3628	36280	0	0	0.0276401408450704		
3629	36290	0	0	0.0238056338028169		
3630	36300	0	0	0.0195971830985916		
3631	36310	0	0	0.0169352112676056		
3632	36320	0	0	0.0143049295774648		
3633	36330	0	0	0.0123401408450704		
3634	36340	0	0	0.0109204225352113		
3635	36350	0	0	0.00928521126760563		
3636	36360	0	0	0.00881619718309859		
3637	36370	0	0	0.00778943661971831		
3638	36380	0	0	0.00744084507042254		
3639	36390	0	0	0.00716830985915493		
3640	36400	0	0	0.0063887323943662		
3641	36410	0	0	0.00651549295774648	0.0168449909891923	-0.0103294980314458
3642	36420	0	0	0.00581197183098592	0.004677379014255	0.00113459281673092
3643	36430	0.999939619825713	0	0.00575492957746479	0.00195916282738928	0.00379576675007551
3644	36440	0.999873607465828	0	0.00534295774647887	0.00125979707091393	0.00408316067556495
3645	36450	0.999907794702569	0	0.00484859154929577	0.000875565696152459	0.00397302585314331
3646	36460	0.999753071210534	0	0.0050387323943662	0.000599128525746461	0.00443960386861974
3647	36470	0.999606718743	0.025	0.00482957746478873	0.00019812838127311	0.00463144908351562
3648	36480	0.999986260687452	0	0.0049943661971831	0.00142335759514453	0.00357100860203857
3649	36490	0.999562043729394	0	0.00659154929577465	0.00190000998072607	0.00469153931504858
3650	36500	0.999315649362676	0.025	0.00697183098591549	0.00184826980798034	0.00512356117793516
3651	36510	0.997070414947411	0	0.00974788732394366	0.00283292454963819	0.00691496277430548
3652	36520	0.985486585329758	0.025	0.0144887323943662	0.00325839074205592	0.0112303416523103
3653	36530	0.984525881787348	0	0.0157183098591549	0.00405861426089691	0.011659695598258
3654	36540	0.97007328624896	0.425	0.0207507042253521	0.00748850818139866	0.0132621960439535
3655	36550	0.999888517465646	0.05	0.0306	0.0281416737259763	0.00245832627402373
3656	36560	0.972516846149566	0.025	0.0287556338028169	0.0383820433465657	-0.00962640954374879
3657	36570	0.991664940118977	0.075	0.0345676056338028	0.036450398177428	-0.00188279254362524
3658	36580	0.975651537400918	0.05	0.0500007042253521	0.0361616711096222	0.0138390331157299
3659	36590	0.947737826126831	0.05	0.0538288732394366	0.0350901111680971	0.0187387620713395
3660	36600	0	0.2	0.0614788732394366	0.0354341850021982	0.0260446882372384
3661	36610	0	0.625	0.0901838028169015	0.0461552975182466	0.0440285052986549
3662	36620	0	0	0.116588028169014	0.0769597179362852	0.0396283102327288
3663	36630	0	0.025	0.110383098591549	0.0835888354091456	0.0267942631824038
3664	36640	0	0.025	0.0939485915492958	0.0744319090543596	0.0195166824949362
3665	36650	0	0	0.0813042253521127	0.0669652415963152	0.0143389837557975
3666	36660	0	0.325	0.0751183098591549	0.0593368226402697	0.0157814872188853
3667	36670	0	0.05	0.0711507042253521	0.0674144507360766	0.0037362534892755
3668	36680	0	0.325	0.0650471830985916	0.0707181699526967	-0.00567098685410518
3669	36690	0	0	0.0693950704225352	0.0804862576828258	-0.0110911872602906
3670	36700	0	0.15	0.0676267605633803	0.0812086637586629	-0.0135819031952827
3671	36710	0	0.075	0.0655288732394366	0.0803238042737662	-0.0147949310343296
3672	36720	0	0.7	0.0774633802816902	0.0849971552177726	-0.00753377493608247
3673	36730	0	0.575	0.113932394366197	0.113137443820485	0.000794950545712589
3674	36740	0	0.025	0.160567605633803	0.144778625883156	0.0157889797506466
3675	36750	0	0	0.162304225352113	0.137704779365493	0.0245994459866197
3676	36760	0	0	0.133440845070423	0.121592719849965	0.0118481252204573
3677	36770	0	0.125	0.115535915492958	0.107111563958519	0.00842435153443862
3678	36780	0	0	0.0961478873239437	0.0986468192416988	-0.00249893191775516
3679	36790	0	0	0.0833387323943662	0.0888037698291951	-0.00546503743482893
3680	36800	0	0	0.0712838028169014	0.0752671223372038	-0.00398331952030241
3681	36810	0	0	0.0617197183098592	0.0642913555402317	-0.00257163723037252
3682	36820	0	0	0.0554957746478873	0.0532114298872485	0.00228434476063883
3683	36830	0	0	0.0480929577464789	0.0506162020540899	-0.00252324430761101
3684	36840	0	0	0.0442140845070422	0.0459657527353509	-0.00175166822830861
3685	36850	0	0	0.0388964788732395	0.0397662420255168	-0.000869763152277353
3686	36860	0	0	0.0356323943661972	0.0333682695900942	0.00226412477610301
3687	36870	0	0	0.0327866197183099	0.0270431725728666	0.00574344714544327
3688	36880	0	0	0.0289964788732394	0.0261970001431031	0.00279947873013633
3689	36890	0	0	0.0272725352112676	0.0236621582680542	0.00361037694321336
3690	36900	0	0.025	0.0253140845070423	0.0228450882631839	0.00246899624385837
3691	36910	0	0.1	0.0253077464788732	0.0210769066095377	0.00423083986933551
3692	36920	0	0.125	0.0233302816901409	0.0228129113331965	0.000517370356944324
3693	36930	0	0.25	0.0259288732394366	0.0249866548914047	0.000942218348031966
3694	36940	0	0.2	0.0294591549295775	0.0353087935244852	-0.00584963859490772
3695	36950	0	0.3	0.0367669014084507	0.049580541079148	-0.0128136396706973
3696	36960	0	0.025	0.0522316901408451	0.0631131493278828	-0.0108814591870377
3697	36970	0	0.025	0.0551408450704225	0.063269425867636	-0.00812858079721347
3698	36980	0	0	0.0533218309859155	0.0549106394254532	-0.00158880843953767
3699	36990	0	0.025	0.0508183098591549	0.0474441225621742	0.00337418729698073
3700	37000	0	0	0.046825352112676	0.0412628460056766	0.00556250610699947
3701	37010	0	0	0.0450316901408451	0.036414653774247	0.00861703636659809
3702	37020	0	0.025	0.0415267605633803	0.0320336560925742	0.00949310447080611
3703	37030	0	0	0.0399549295774648	0.0301915380301797	0.00976339154728511
3704	37040	0	0	0.0372992957746479	0.0278192039999045	0.00948009177474339
3705	37050	0	0.025	0.0353915492957746	0.0251421200996426	0.010249429196132
3706	37060	0	0.05	0.0341239436619718	0.0240991857393326	0.0100247579226392
3707	37070	0	0	0.0315823943661972	0.0238339110311391	0.00774848333505809
3708	37080	0	0	0.0303971830985916	0.0225641355681071	0.0078330475304845
3709	37090	0	0	0.0277669014084507	0.020419367153841	0.00734753425460969
3710	37100	0	0	0.0260619718309859	0.0193457241139799	0.00671624771700605
3711	37110	0	0	0.0249021126760563	0.0179318769628062	0.00697023571325013
3712	37120	0	0	0.0236915492957747	0.0154995508114338	0.0081919984843409
3713	37130	0	0	0.0232352112676056	0.0125690977970137	0.0106661134705919
3714	37140	0	0	0.0219992957746479	0.00874222984767099	0.0132570659269769
3715	37150	0	0	0.021619014084507	0.00571409694140342	0.0159049171431036
3716	37160	0	0	0.0206429577464789	0.00299674836982325	0.0176462093766556
3717	37170	0	0	0.0198	0.00258640727129303	0.017213592728707
3718	37180	0	0	0.0192042253521127	0.00207118802653425	0.0171330373255784
3719	37190	0	0	0.0179239436619718	0.00173266900646441	0.0161912746555074
3720	37200	0	0	0.0176197183098591	0.0013101736335895	0.0163095446762696
3721	37210	0	0	0.0164091549295775	0.00127087278374279	0.0151382821458347
3722	37220	0	0	0.0161239436619719	0.00125706032800578	0.0148668833339661
3723	37230	0	0	0.0155788732394366	0.00106548190050525	0.0145133913389314
3724	37240	0	0	0.0147739436619718	0.000998580273605334	0.0137753633883665
3725	37250	0	0	0.0148816901408451	0.000783419972683793	0.0140982701681613
3726	37260	0	0	0.013924647887324	0.000399419017164308	0.0135252288701596
3727	37270	0	0	0.0137661971830986	0	0.0137661971830986
3728	37280	0	0	0.0133478873239437	0	0.0133478873239437
3729	37290	0	0	0.0129422535211268	0	0.0129422535211268
3730	37300	0	0	0.0130246478873239	0	0.0130246478873239
3731	37310	0	0	0.0122957746478873	0	0.0122957746478873
3732	37320	0	0	0.0124161971830986	0	0.0124161971830986
3733	37330	0	0	0.0118964788732394	0	0.0118964788732394
3734	37340	0	0	0.0119218309859155	0	0.0119218309859155
3735	37350	0	0	0.0117633802816902	0	0.0117633802816902
3736	37360	0	0	0.0113957746478874	0	0.0113957746478874
3737	37370	0	0	0.0114147887323944	0	0.0114147887323944
3738	37380	0	0	0.0107176056338028	0	0.0107176056338028
3739	37390	0	0	0.0108507042253521	0	0.0108507042253521
3740	37400	0	0	0.0104577464788732	0	0.0104577464788732
3741	37410	0	0	0.0101408450704225	0	0.0101408450704225
3742	37420	0	0	0.0101408450704225	0	0.0101408450704225
3743	37430	0	0	0.0101408450704225	0	0.0101408450704225
3744	37440	0	0	0.0101408450704225	0	0.0101408450704225
3745	37450	0	0	0.0101408450704225	0	0.0101408450704225
3746	37460	0	0	0.0101408450704225	0	0.0101408450704225
3747	37470	0	0.025	0.0101408450704225	0.00019812838127311	0.00994271668914939
3748	37480	0	0.425	0.0101408450704225	0.0047915400767874	0.0053493049936351
3749	37490	0	0.05	0.0101408450704225	0.0264933458607293	-0.0163525007903068
3750	37500	0	0.025	0.0101408450704225	0.0369951546706125	-0.02685430960019
3751	37510	0	0	0.0101408450704225	0.0346853487651132	-0.0245445036946907
3752	37520	0	0.05	0.00989366197183098	0.0307194402031357	-0.0208257782313047
3753	37530	0	0	0.00988732394366197	0.0280253962259934	-0.0181380722823315
3754	37540	0	0	0.00988732394366197	0.025087799504363	-0.0152004755607011
3755	37550	0	0	0.00988732394366197	0.0209514387478836	-0.0110641148042216
3756	37560	0	0	0.00988732394366197	0.0186131432527812	-0.0087258193091192
3757	37570	0	0	0.00988732394366197	0.0161362861365313	-0.00624896219286938
3758	37580	0	0	0.00988732394366197	0.0149591328911369	-0.00507180894747488
3759	37590	0	0	0.00988732394366197	0.0143417231862949	-0.00445439924263291
3760	37600	0	0	0.00988732394366197	0.0122392098737305	-0.00235188593006853
3761	37610	0	0	0.00988732394366197	0.0104887448172016	-0.000601420873539671
3762	37620	0	0	0.00988732394366197	0.00835099371588326	0.00153633022777871
3763	37630	0	0	0.00988732394366197	0.00798092864277016	0.00190639530089181
3764	37640	0	0	0.00988732394366197	0.00826761244324458	0.00161971150041739
3765	37650	0	0	0.00972887323943662	0.00827744161982111	0.00145143161961551
3766	37660	0	0	0.00963380281690141	0.00800440814912817	0.00162939466777324
3767	37670	0	0	0.00963380281690141	0.00685240517177676	0.00278139764512466
3768	37680	0	0	0.00963380281690141	0.00503342576033514	0.00460037705656628
3769	37690	0	0	0.00963380281690141	0.00140339362894312	0.00823040918795829
3770	37700	0	0	0.00963380281690141	0.000906434550136668	0.00872736826676475
3771	37710	0	0	0.00963380281690141	0.000583710464101639	0.00905009235279977
3772	37720	0	0	0.00963380281690141	0.000399419017164308	0.0092343837997371
3773	37730	0	0.025	0.00963380281690141	0.00019812838127311	0.0094356744356283
3774	37740	0	0.05	0.00963380281690141	0.00181961435769075	0.00781418845921067
3775	37750	0	0.025	0.00963380281690141	0.00494485355228823	0.00468894926461318
3776	37760	0	0	0.00963380281690141	0.00687351898330389	0.00276028383359753
3777	37770	0	0	0.00963380281690141	0.00660985978863418	0.00302394302826724
3778	37780	0	0		0.00562952771575129	
3779	37790	0				
3780	37800	0				
3781	37810	0				
3782	37820	0				
3783	37830	0				
3784	37840	0				
3785	37850	0				
3786	37860	0				
3787	37870	0				
3788	37880	0				
3789	37890	0				
3790	37900	0				
3791	37910	0				
3792	37920	0				
3793	37930	0				
3794	37940	0				
3795	37950	0				
3796	37960	0				
3797	37970	0				
3798	37980	0				
3799	37990	0				
3800	38000	0				
3801	38010	0				
3802	38020	0				
3803	38030	0				
3804	38040	0				
3805	38050	0				
3806	38060	0				
3807	38070	0				
3808	38080	0				
3809	38090	0				
3810	38100	0				
3811	38110	0				
3812	38120	0				
3813	38130	0				
3814	38140	0				
3815	38150	0				
3816	38160	0				
3817	38170	0				
3818	38180	0				
3819	38190	0				
3820	38200	0				
3821	38210	0				
3822	38220	0				
3823	38230	0				
3824	38240	0				
3825	38250	0				
3826	38260	0				
3827	38270	0				
3828	38280	0				
3829	38290	0				
3830	38300	0				
3831	38310	0				
3832	38320	0				
3833	38330	0				
3834	38340	0				
3835	38350	0				
3836	38360	0				
3837	38370	0				
3838	38380	0				
3839	38390	0				
3840	38400	0				
3841	38410	0				
3842	38420	0				
3843	38430	0				
3844	38440	0				
3845	38450	0				
3846	38460	0				
3847	38470	0				
3848	38480	0				
3849	38490	0				
3850	38500	0				
3851	38510	0				
3852	38520	0				
3853	38530	0				
3854	38540	0				
3855	38550	0				
3856	38560	0				
3857	38570	0				
3858	38580	0				
3859	38590	0				
3860	38600	0				
3861	38610	0				
3862	38620	0				
3863	38630	0				
3864	38640	0				
3865	38650	0				
3866	38660	0				
3867	38670	0				
3868	38680	0				
3869	38690	0				
3870	38700	0				
3871	38710	0				
3872	38720	0				
3873	38730	0				
3874	38740	0				
3875	38750	0				
3876	38760	0				
3877	38770	0				
3878	38780	0				
3879	38790	0				
3880	38800	0				
3881	38810	0				
3882	38820	0				
3883	38830	0				
3884	38840	0				
3885	38850	0				
3886	38860	0				
3887	38870	0				
3888	38880	0				
3889	38890	0				
3890	38900	0				
3891	38910	0				
3892	38920	0				
3893	38930	0				
3894	38940	0				
3895	38950	0				
3896	38960	0				
3897	38970	0				
3898	38980	0				
3899	38990	0				
3900	39000	0				
3901	39010	0				
3902	39020	0				
3903	39030	0				
3904	39040	0				
3905	39050	0				
3906	39060	0				
3907	39070	0				
3908	39080	0				
3909	39090	0				
3910	39100	0				
3911	39110	0				
3912	39120	0				
3913	39130	0				
3914	39140	0				
3915	39150	0				
3916	39160	0				
3917	39170	0				
3918	39180	0				
3919	39190	0				
3920	39200	0				
3921	39210	0				
3922	39220	0				
3923	39230	0				
3924	39240	0				
3925	39250	0				
3926	39260	0				
3927	39270	0				
3928	39280	0				
3929	39290	0				
3930	39300	0				
3931	39310	0				
3932	39320	0				
3933	39330	0				
3934	39340	0				
3935	39350	0				
3936	39360	0				
3937	39370	0				
3938	39380	0				
3939	39390	0				
3940	39400	0				
3941	39410	0				
3942	39420	0				
3943	39430	0				
3944	39440	0				
3945	39450	0				
3946	39460	0				
3947	39470	0				
3948	39480	0				
3949	39490	0				
3950	39500	0				
3951	39510	0				
3952	39520	0				
3953	39530	0				
3954	39540	0				
3955	39550	0				
3956	39560	0				
3957	39570	0				
3958	39580	0				
3959	39590	0				
3960	39600	0				
3961	39610	0				
3962	39620	0				
3963	39630	0				
3964	39640	0				
3965	39650	0				
3966	39660	0				
3967	39670	0				
3968	39680	0				
3969	39690	0				
3970	39700	0				
3971	39710	0				
3972	39720	0				
3973	39730	0				
3974	39740	0				
3975	39750	0				
3976	39760	0				
3977	39770	0				
3978	39780	0				
3979	39790	0				
3980	39800	0				
3981	39810	0				
3982	39820	0				
3983	39830	0				
3984	39840	0				
3985	39850	0				
3986	39860	0				
3987	39870	0				
3988	39880	0				
3989	39890	0				
3990	39900	0				
3991	39910	0				
3992	39920	0				
3993	39930	0				
3994	39940	0				
3995	39950	0				
3996	39960	0				
3997	39970	0				
3998	39980	0				
3999	39990	0				
4000	40000	0				
4001	40010	0				
4002	40020	0				
4003	40030	0				
4004	40040	0				
4005	40050	0				
4006	40060	0				
4007	40070	0				
4008	40080	0				
4009	40090	0				
4010	40100	0				
4011	40110	0				
4012	40120	0				
4013	40130	0				
4014	40140	0				
4015	40150	0				
4016	40160	0				
4017	40170	0				
4018	40180	0				
4019	40190	0				
4020	40200	0				
4021	40210	0				
4022	40220	0				
4023	40230	0				
4024	40240	0				
4025	40250	0				
4026	40260	0				
4027	40270	0				
4028	40280	0				
4029	40290	0				
4030	40300	0				
4031	40310	0				
4032	40320	0				
4033	40330	0				
4034	40340	0				
4035	40350	0				
4036	40360	0				
4037	40370	0				
4038	40380	0				
4039	40390	0				
4040	40400	0				
4041	40410	0				
4042	40420	0				
4043	40430	0				
4044	40440	0				
4045	40450	0				
4046	40460	0				
4047	40470	0				
4048	40480	0				
4049	40490	0				
4050	40500	0				
4051	40510	0				
4052	40520	0				
4053	40530	0				
4054	40540	0				
4055	40550	0				
4056	40560	0				
4057	40570	0				
4058	40580	0				
4059	40590	0				
4060	40600	0				
4061	40610	0				
4062	40620	0				
4063	40630	0				
4064	40640	0				
4065	40650	0				
4066	40660	0				
4067	40670	0				
4068	40680	0				
4069	40690	0				
4070	40700	0				
4071	40710	0				
4072	40720	0				
4073	40730	0				
4074	40740	0				
4075	40750	0				
4076	40760	0				
4077	40770	0				
4078	40780	0				
4079	40790	0				
4080	40800	0				
4081	40810	0				
4082	40820	0				
4083	40830	0				
4084	40840	0				
4085	40850	0				
4086	40860	0				
4087	40870	0				
4088	40880	0				
4089	40890	0				
4090	40900	0				
4091	40910	0				
4092	40920	0				
4093	40930	0				
4094	40940	0				
4095	40950	0				
4096	40960	0				
4097	40970	0				
4098	40980	0				
4099	40990	0				
4100	41000	0				
4101	41010	0				
4102	41020	0				
4103	41030	0				
4104	41040	0				
4105	41050	0				
4106	41060	0				
4107	41070	0				
4108	41080	0				
4109	41090	0				
4110	41100	0				
4111	41110	0				
4112	41120	0				
4113	41130	0				
4114	41140	0				
4115	41150	0				
4116	41160	0				
4117	41170	0				
4118	41180	0				
4119	41190	0				
4120	41200	0				
4121	41210	0				
4122	41220	0				
4123	41230	0				
4124	41240	0				
4125	41250	0				
4126	41260	0				
4127	41270	0				
4128	41280	0				
4129	41290	0				
4130	41300	0				
4131	41310	0				
4132	41320	0				
4133	41330	0				
4134	41340	0				
4135	41350	0				
4136	41360	0				
4137	41370	0				
4138	41380	0				
4139	41390	0				
4140	41400	0				
4141	41410	0				
4142	41420	0				
4143	41430	0				
4144	41440	0				
4145	41450	0				
4146	41460	0				
4147	41470	0				
4148	41480	0				
4149	41490	0				
4150	41500	0				
4151	41510	0				
4152	41520	0				
4153	41530	0				
4154	41540	0				
4155	41550	0				
4156	41560	0				
4157	41570	0				
4158	41580	0				
4159	41590	0				
4160	41600	0				
4161	41610	0				
4162	41620	0				
4163	41630	0				
4164	41640	0				
4165	41650	0				
4166	41660	0				
4167	41670	0				
4168	41680	0				
4169	41690	0				
4170	41700	0				
4171	41710	0				
4172	41720	0				
4173	41730	0				
4174	41740	0				
4175	41750	0				
4176	41760	0				
4177	41770	0				
4178	41780	0				
4179	41790	0				
4180	41800	0				
4181	41810	0				
4182	41820	0				
4183	41830	0				
4184	41840	0				
4185	41850	0				
4186	41860	0				
4187	41870	0				
4188	41880	0				
4189	41890	0				
4190	41900	0				
4191	41910	0				
4192	41920	0				
4193	41930	0				
4194	41940	0				
4195	41950	0				
4196	41960	0				
4197	41970	0				
4198	41980	0				
4199	41990	0				
4200	42000	0				
4201	42010	0				
4202	42020	0				
4203	42030	0				
4204	42040	0				
4205	42050	0				
4206	42060	0				
4207	42070	0				
4208	42080	0				
4209	42090	0				
4210	42100	0				
4211	42110	0				
4212	42120	0				
4213	42130	0				
4214	42140	0				
4215	42150	0				
4216	42160	0				
4217	42170	0				
4218	42180	0				
4219	42190	0				
4220	42200	0				
4221	42210	0				
4222	42220	0				
4223	42230	0				
4224	42240	0				
4225	42250	0				
4226	42260	0				
4227	42270	0				
4228	42280	0				
4229	42290	0				
4230	42300	0				
4231	42310	0				
4232	42320	0				
4233	42330	0				
4234	42340	0				
4235	42350	0				
4236	42360	0				
4237	42370	0				
4238	42380	0				
4239	42390	0				
4240	42400	0				
4241	42410	0				
4242	42420	0				
4243	42430	0				
4244	42440	0				
4245	42450	0				
4246	42460	0				
4247	42470	0				
4248	42480	0				
4249	42490	0				
4250	42500	0				
4251	42510	0				
4252	42520	0				
4253	42530	0				
4254	42540	0				
4255	42550	0				
4256	42560	0				
4257	42570	0				
4258	42580	0				
4259	42590	0				
4260	42600	0				
4261	42610	0				
4262	42620	0				
4263	42630	0				
4264	42640	0				
4265	42650	0				
4266	42660	0				
4267	42670	0				
4268	42680	0				
4269	42690	0				
4270	42700	0				
4271	42710	0				
4272	42720	0				
4273	42730	0				
4274	42740	0				
4275	42750	0				
4276	42760	0				
4277	42770	0				
4278	42780	0				
4279	42790	0				
4280	42800	0				
4281	42810	0				
4282	42820	0				
4283	42830	0				
4284	42840	0				
4285	42850	0				
4286	42860	0				
4287	42870	0				
4288	42880	0				
4289	42890	0				
4290	42900	0				
4291	42910	0				
4292	42920	0				
4293	42930	0				
4294	42940	0				
4295	42950	0				
4296	42960	0				
4297	42970	0				
4298	42980	0				
4299	42990	0				
4300	43000	0				
4301	43010	0				
4302	43020	0				
4303	43030	0				
4304	43040	0				
4305	43050	0				
4306	43060	0				
4307	43070	0				
4308	43080	0				
4309	43090	0				
4310	43100	0				
4311	43110	0				
4312	43120	0				
4313	43130	0				
4314	43140	0				
4315	43150	0				
4316	43160	0				
4317	43170	0				
4318	43180	0				
4319	43190	0				
4320	43200	0				
4321	43210	0				
4322	43220	0				
4323	43230	0				
4324	43240	0				
4325	43250	0				
4326	43260	0				
4327	43270	0				
4328	43280	0				
4329	43290	0				
4330	43300	0				
4331	43310	0				
4332	43320	0				
4333	43330	0				
4334	43340	0				
4335	43350	0				
4336	43360	0				
4337	43370	0				
4338	43380	0				
4339	43390	0				
4340	43400	0				
4341	43410	0				
4342	43420	0				
4343	43430	0				
4344	43440	0				
4345	43450	0				
4346	43460	0				
4347	43470	0				
4348	43480	0				
4349	43490	0				
4350	43500	0				
4351	43510	0				
4352	43520	0	0			
4353	43530	0	0			
4354	43540	0	0			
4355	43550	0	0			
4356	43560	0	0			
4357	43570	0	0			
4358	43580	0	0	0.00906338028169014		
4359	43590	0	0	0.0128767605633803		
4360	43600	0	0	0.0158070422535211		
4361	43610	0	0	0.0131133802816901		
4362	43620	0	0.2	0.0123908450704225		
4363	43630	0	0.05	0.0125683098591549		
4364	43640	0	0.025	0.0154330985915493		
4365	43650	0	0	0.0263408450704226		
4366	43660	0	0.025	0.0334140845070423		
4367	43670	0	0	0.0391943661971831		
4368	43680	0	0	0.0480422535211268		
4369	43690	0	0	0.0695535211267606		
4370	43700	0	0	0.0802647887323944		
4371	43710	0	0	0.0797133802816901		
4372	43720	0	0	0.102954929577465	0.00788159572366869	0.0950733338537961
4373	43730	0	0	0.0772035211267606	0.00754636661329357	0.069657154513467
4374	43740	0	0	0.0644577464788732	0.00656945098545041	0.0578882954934228
4375	43750	0	0	0.0449302816901409	0.00567494173087119	0.0392553399592697
4376	43760	0	0.8	0.027456338028169	0.0108758728076675	0.0165804652205015
4377	43770	0	0.025	0.0315570422535211	0.0499388293399283	-0.0183817870864071
4378	43780	0	0.025	0.0353661971830986	0.0666771012272473	-0.0313109040441487
4379	43790	0	0.025	0.0381549295774648	0.0606177698778727	-0.022462840300408
4380	43800	0	0.075	0.0394922535211268	0.0548850143605982	-0.0153927608394714
4381	43810	0	0.375	0.0408295774647887	0.0530416056095542	-0.0122120281447655
4382	43820	0	0	0.0420021126760563	0.0656794368983647	-0.0236773242223084
4383	43830	0	0.15	0.040069014084507	0.0651855732564799	-0.0251165591719728
4384	43840	0	0	0.0369	0.0646443655026457	-0.0277443655026456
4385	43850	0	0.05	0.033737323943662	0.05980137447121	-0.026064050527548
4386	43860	0	0	0.0305746478873239	0.0549928078986529	-0.0244181600113289
4387	43870	0	0	0.0274119718309859	0.0509551577257992	-0.0235431858948132
4388	43880	0	0.075	0.0249781690140845	0.0431064727621523	-0.0181283037480678
4389	43890	0	0	0.0249147887323944	0.0414045265216547	-0.0164897377892603
4390	43900	0	0	0.0250985915492958	0.0361675297210122	-0.0110689381717164
4391	43910	0	0.025	0.0253521126760563	0.0338164569964614	-0.00846434432040511
4392	43920	0	0.2	0.0255295774647887	0.0356382294940015	-0.0101086520292127
4393	43930	0	0.175	0.0257133802816902	0.0444559322073346	-0.0187425519256444
4394	43940	0	0.025	0.0258908450704226	0.0546173356468692	-0.0287264905764466
4395	43950	0	0	0.026112676056338	0.0521491946719668	-0.0260365186156288
4396	43960	0	0	0.0263281690140845	0.0450437926055429	-0.0187156235914584
4397	43970	0	0.025	0.0265056338028169	0.0340109752626013	-0.00750534145978437
4398	43980	0	0	0.0266894366197183	0.0311073029821233	-0.00441786636240495
4399	43990	0	0	0.0268732394366197	0.0281302683825912	-0.00125702894597148
4400	44000	0	0	0.0271204225352113	0.0240994257812045	0.00302099675400677
4401	44010	0	0	0.0272978873239437	0.0202344271003284	0.00706346022361525
4402	44020	0	0.05	0.0273676056338029	0.015701268846757	0.0116663367870458
4403	44030	0	0.025	0.0250542253521127	0.0171597139275293	0.00789451142458342
4404	44040	0	0.025	0.0216760563380282	0.0171739585455352	0.00450209779249292
4405	44050	0	0.3	0.0182978873239437	0.0190628735257893	-0.000764986201845643
4406	44060	0	0	0.0149133802816902	0.0315317005724464	-0.0166183202907563
4407	44070	0	0	0.0115352112676057	0.0352062437389211	-0.0236710324713155
4408	44080	0	0	0.00831549295774648	0.0312320654037024	-0.0229165724459559
4409	44090	0	0	0.0100901408450704	0.0271526603914687	-0.0170625195463983
4410	44100	0	0	0.0152366197183099	0.0235843930589472	-0.00834777334063728
4411	44110	0	0.1	0.0424584507042253	0.0211327462755943	0.021325704428631
4412	44120	0	0.25	0.0581070422535211	0.0243106626801117	0.0337963795734094
4413	44130	0	0.825	0.0553183098591549	0.0417379287170061	0.0135803811421489
4414	44140	0	0.075	0.0464387323943662	0.083649270312369	-0.0372105379180028
4415	44150	0	0	0.0639443661971831	0.098739592969937	-0.0347952267727539
4416	44160	0	0	0.100679577464789	0.0880663115412887	0.0126132659235
4417	44170	0	0.6	0.11320985915493	0.0793467489982588	0.0338631101566708
4418	44180	0	0.1	0.174479577464789	0.0970345858352453	0.0774449916295435
4419	44190	0	0	0.186185915492958	0.103575195402962	0.0826107200899956
4420	44200	0	0	0.131691549295775	0.0920459833569519	0.0396455659388227
4421	44210	0	0	0.0964014084507043	0.081575851059088	0.0148255573916163
4422	44220	0	0.25	0.0781161971830986	0.0727239805944536	0.00539221658864496
4423	44230	0	0	0.0625753521126761	0.0773762019527831	-0.0148008498401071
4424	44240	0	0	0.0499943661971831	0.0747524265192637	-0.0247580603220806
4425	44250	0	0	0.043212676056338	0.0637575650095037	-0.0205448889531657
4426	44260	0	0	0.0337816901408451	0.0525521950972097	-0.0187705049563646
4427	44270	0	0.13	0.0340288732394366	0.0462548424367548	-0.0122259691973181
4428	44280	0	0.08	0.0450190140845071	0.0512107422377309	-0.00619172815322389
4429	44290	0	0.34	0.0524408450704225	0.0571728665925879	-0.00473202152216536
4430	44300	0	0.91	0.108817605633803	0.0783815309085753	0.0304360747252275
4431	44310	0	0.02	0.13095	0.122711743265233	0.0082382567347675
4432	44320	0	0.77	0.126158450704225	0.136993673723102	-0.0108352230188765
4433	44330	0	0.16	0.208584507042254	0.157929838164111	0.0506546688781429
4434	44340	0	0.08	0.235622535211268	0.15959146319887	0.076031072012398
4435	44350	0	0.02	0.216088732394366	0.145070654827599	0.0710180775667673
4436	44360	0	0.01	0.166005633802817	0.12641884780127	0.0395867860015473
4437	44370	0	0	0.124307746478873	0.106788010341788	0.0175197361370856
4438	44380	0	0	0.101560563380282	0.0900270458777276	0.011533517502554
4439	44390	0	0.01	0.0844098591549296	0.0772257609563171	0.00718409819861245
4440	44400	0	0	0.0731218309859155	0.071467820623587	0.00165401036232851
4441	44410	0	0	0.0735654929577465	0.064545912954408	0.00901958000333852
4442	44420	0	0.01	0.0687232394366197	0.0561994873193664	0.0125237521172534
4443	44430	0	0	0.0606105633802817	0.04994107632145	0.0106694870588317
4444	44440	0	0.06	0.0562753521126761	0.0430563323819181	0.013219019730758
4445	44450	0	0	0.0511985915492958	0.0429823872024524	0.00821620434684336
4446	44460	0	0	0.0479788732394366	0.0409207254606764	0.00705814777876019
4447	44470	0	0	0.0458683098591549	0.0384852301335244	0.00738307972563054
4448	44480	0	0	0.0405633802816901	0.0361707786063387	0.00439260167535147
4449	44490	0	0	0.0389091549295775	0.03161919976817	0.00728995516140748
4450	44500	0	0.36	0.0321528169014085	0.0279234409478986	0.00422937595350981
4451	44510	0	2.75	0.0769183098591549	0.0576493969735417	0.0192689128856132
4452	44520	0	0	0.169529577464789	0.195690146757228	-0.026160569292439
4453	44530	0	0	0.13133661971831	0.237314226409412	-0.105977606691103
4454	44540	0	0	0.0996401408450705	0.204615226010559	-0.104975085165488
4455	44550	0	0.07	0.0787943661971831	0.174365087044803	-0.0955707208476201
4456	44560	0	0.01	0.0671640845070423	0.147429978897296	-0.0802658943902538
4457	44570	0	0	0.0558823943661972	0.127220553592079	-0.0713381592258818
4458	44580	0	0	0.0493035211267606	0.106217308712608	-0.0569137875858473
4459	44590	0	0	0.0433394366197183	0.096006852311292	-0.0526674156915737
4460	44600	0	0	0.0380788732394366	0.0842266109420227	-0.0461477377025861
4461	44610	0	0	0.0352647887323944	0.0799836752025649	-0.0447188864701705
4462	44620	0	0.04	0.0311387323943662	0.0781441703735884	-0.0470054379792222
4463	44630	0	0.36	0.0396443661971831	0.0694307927074793	-0.0297864265102962
4464	44640	0.859844289833535	0	0.108437323943662	0.077793619439138	0.0306437045045239
4465	44650	0.67466442466687	0.3	0.125296478873239	0.0742093538339797	0.0510871250392598
4466	44660	0.607752599496228	0.07	0.139988028169014	0.0852120251494244	0.0547760030195897
4467	44670	0.575044652157616	0.02	0.151865492957746	0.0944414548896455	0.0574240380681009
4468	44680	0.684588263476406	0	0.135418309859155	0.09019721685094	0.045221093008215
4469	44690	0.798069950837509	0	0.116866901408451	0.0826814501425898	0.0341854512658609
4470	44700	0.853544703030315	0	0.0952415492957746	0.0680335601014042	0.0272079891943704
4471	44710	0.874524575359046	0	0.0788007042253521	0.0509274218383044	0.0278732823870477
4472	44720	0.748709962617862	0	0.0654528169014084	0.0247773131221209	0.0406755037792876
4473	44730	0.839461934489972	0	0.0552169014084507	0.0227932312220452	0.0324236701864055
4474	44740	0.888305882119958	0	0.0478457746478873	0.0209569293824712	0.0268888452654162
4475	44750	0.91809707650942	0	0.0419514084507042	0.0182665227930285	0.0236848856576757
4476	44760	0.938620269584664	0	0.0372359154929577	0.0162861493080389	0.0209497661849189
4477	44770	0.949051446638383	0	0.0327359154929578	0.0133285275688075	0.0194073879241502
4478	44780	0.95583293981626	0	0.0297	0.0121075667254875	0.0175924332745125
4479	44790	0.970908093111975	0	0.0262394366197183	0.0110729219426384	0.01516651467708
4480	44800	0.974319377111065	0.11	0.024762676056338	0.0115765464327945	0.0131861296235435
4481	44810	0.999628024174589	0.73	0.0240845070422535	0.0229480284290618	0.00113647861319173
4482	44820	0.816511990514077	0.13	0.0288380281690141	0.0609804764858147	-0.0321424483168006
4483	44830	0.696440104659334	0.13	0.0355119718309859	0.0795662915484378	-0.0440543197174519
4484	44840	0.651388933810935	0	0.0326852112676057	0.0764442612488275	-0.0437590499812219
4485	44850	0.703785447006409	0	0.0295669014084507	0.0682216516314676	-0.0386547502230169
4486	44860	0.808203801922088	0.11	0.0282105633802817	0.0557887958189726	-0.0275782324386909
4487	44870	0.941886147724171	1.8	0.0469394366197183	0.066383504560905	-0.0194440679411867
4488	44880	0.999551016793711	0.3	0.146110563380282	0.151296060657181	-0.00518549727689932
4489	44890	0.949460567186358	0	0.204433098591549	0.194854421595186	0.00957867699636289
4490	44900	0.956746980695603	0	0.170727464788732	0.177302770962175	-0.00657530617344257
4491	44910	0.822475011705542	0	0.131140140845071	0.154043810117338	-0.0229036692722677
4492	44920	0.811938130940707	0	0.106599295774648	0.131290709044453	-0.0246914132698051
4493	44930	0.852733672320284	0	0.0892014084507042	0.111250581689538	-0.022049173238834
4494	44940	0.902279641990027	0	0.0708718309859155	0.0931185465092434	-0.0222467155233279
4495	44950	0.994390485957169	0.74	0.0821028169014084	0.0871434822171866	-0.00504066531577821
4496	44960	0.976621325800884	0	0.104735915492958	0.114528798738446	-0.00979288324548783
4497	44970	0.912562131263778	0.13	0.109432394366197	0.126634554549945	-0.0172021601837482
4498	44980	0.854688431392201	0.01	0.104533098591549	0.125119774134589	-0.0205866755430392
4499	44990	0.891470291240171	0	0.093130985915493	0.112676469162533	-0.0195454832470401
4500	45000	0.937033381232238	0	0.0828507042253521	0.0949943778058585	-0.0121436735805063
4501	45010	0.974444758782226	0.02	0.0721901408450705	0.0761448146381799	-0.00395467379310942
4502	45020	0.99999788058927	0.11	0.063874647887324	0.0631818729233744	0.000692774963949594
4503	45030	0.97149571117333	0.72	0.060287323943662	0.0725405872051779	-0.012253263261516
4504	45040	0.835867388496918	0	0.0739901408450704	0.105695133116913	-0.0317049922718429
4505	45050	0.792147174105607	0.01	0.0825591549295774	0.116381614264116	-0.0338224593345387
4506	45060	0.857826656031991	0	0.080569014084507	0.103028544365426	-0.0224595302809194
4507	45070	0.984380273998934	0.01	0.079180985915493	0.0834474946334339	-0.00426650871794093
4508	45080	0.981831063132097	0	0.0718605633802817	0.0580992979864294	0.0137612653938522
4509	45090	0.96930944382092	0	0.0627021126760563	0.046209715083915	0.0164923975921413
4510	45100	0.948550121083713	0	0.0564338028169014	0.0399591650142525	0.0164746378026489
4511	45110	0.91448343681166	1.82	0.0685521126760564	0.0521691737036492	0.0163829389724072
4512	45120	0.997422789108245	0.04	0.137750704225352	0.138695210910143	-0.00094450668479118
4513	45130	0.722195190059807	0.05	0.130252816901408	0.174719470252775	-0.0444666533513661
4514	45140	0	0.26	0.128243661971831	0.159383000390094	-0.0311393384182631
4515	45150	0	0.58	0.125784507042254	0.153438607965196	-0.0276541009229427
4516	45160	0	0.12	0.131089436619718	0.159900231786963	-0.0288107951672448
4517	45170	0	0.07	0.129238732394366	0.157536344266096	-0.0282976118717301
4518	45180	0.919240857688865	0	0.12027676056338	0.140338412391743	-0.0200616518283625
4519	45190	0.997667562416628	0.01	0.126811267605634	0.127354939462012	-0.000543671856377687
4520	45200	0.99513619815299	0	0.118711267605634	0.111023440085847	0.00768782751978683
4521	45210	0.999815757204008	0	0.105293661971831	0.100307612502496	0.00498604946933472
4522	45220	0.99983284625664	0	0.0935049295774648	0.0912937894889727	0.00221114008849216
4523	45230	0.999999521998291	0	0.0788767605633803	0.0756736499215839	0.00320311064179642
4524	45240	0.996018030880118	0	0.069762676056338	0.0609367523263568	0.00882592372998125
4525	45250	0.999258369490076	0	0.0608514084507042	0.0513130964661939	0.00953831198451039
4526	45260	0.999881443741461	0	0.0530429577464789	0.0487479429069249	0.004295014839554
4527	45270	0.997063801149646	0	0.0476049295774648	0.0477375308487464	-0.000132601271281591
4528	45280	0.997938015076218	0	0.0436816901408451	0.0447422802549812	-0.00106059011413615
4529	45290	0.999510690352965	0	0.0425408450704225	0.041416116337523	0.0011247287328995
4530	45300	0.999977266419078	0	0.0381105633802817	0.0364442521514355	0.00166631122884618
4531	45310	0.998439196000318	0.07	0.0356260563380282	0.0307132496394531	0.00491280669857508
4532	45320	0.981275054658203	0.69	0.0336359154929578	0.025026482230592	0.00860943326236575
4533	45330	0	0.81	0.0615549295774648	0.0654762001543978	-0.00392127057693303
4534	45340	0	0.38	0.120245070422535	0.11785581084242	0.00238925958011572
4535	45350	0.827373054175816	0.04	0.110541549295775	0.140166894078498	-0.0296253447827235
4536	45360	0	0	0.120631690140845	0.128693084859648	-0.00806139471880267
4537	45370	0	0.21	0.108164788732395	0.110938233374634	-0.00277344464223923
4538	45380	0	0.11	0.102264084507042	0.104061809012857	-0.00179772450581507
4539	45390	0	0	0.0983852112676055	0.098554527320264	-0.000169316052658422
4540	45400	0	0	0.0945887323943662	0.0874854769397929	0.00710325545457324
4541	45410	0	0.1	0.091337323943662	0.0771370972054127	0.0142002267382493
4542	45420	0	0.26	0.0893281690140845	0.075549133400579	0.0137790356135055
4543	45430	0	0.02	0.094493661971831	0.0848443381176368	0.00964932385419418
4544	45440	0	0.2	0.0911661971830986	0.0852703666773555	0.0058958305057431
4545	45450	0	0.01	0.0954760563380282	0.0847100455639636	0.0107660107740645
4546	45460	0	0.12	0.0956915492957747	0.078173948521972	0.0175176007738027
4547	45470	0	0.2	0.0949943661971831	0.0748239275500107	0.0201704386471724
4548	45480	0	0.25	0.106681690140845	0.0830631743664913	0.0236185157743538
4549	45490	0	0.07	0.115871830985916	0.0942787999516227	0.0215930310342928
4550	45500	0	0	0.126221830985915	0.0959244621133402	0.0302973688725752
4551	45510	0	0	0.119294366197183	0.0858727136240915	0.0334216525730917
4552	45520	0	0	0.10787323943662	0.0732036009636417	0.034669638472978
4553	45530	0	0	0.100235915492958	0.0573822208892557	0.042853694603702
4554	45540	0	0	0.0893661971830986	0.0436983573552804	0.0456678398278183
4555	45550	0	0	0.0824197183098592	0.0359602388023019	0.0464594795075572
4556	45560	0	0	0.0757394366197183	0.0309069480278032	0.0448324885919151
4557	45570	0	0	0.0702443661971831	0.0277998661442646	0.0424445000529185
4558	45580	0	0	0.0655922535211268	0.0241104705584132	0.0414817829627136
4559	45590	0	0	0.0640077464788733	0.0218953405472527	0.0421124059316206
4560	45600	0	0.02	0.058930985915493	0.0198918812482956	0.0390391046671974
4561	45610	0	0	0.0571816901408451	0.0180020248206801	0.0391796653201649
4562	45620	0	0.08	0.0548239436619718	0.0160413403247623	0.0387826033372095
4563	45630	0	0.18	0.0601922535211268	0.018493122393823	0.0416991311273038
4564	45640	0	0	0.069737323943662	0.0281010723965545	0.0416362515471075
4565	45650	0	0	0.0702253521126761	0.0287388198942545	0.0414865322184216
4566	45660	0	0	0.065224647887324	0.0250037645549005	0.0402208833324234
4567	45670	0	0	0.0609908450704226	0.0200159321475065	0.040974912922916
4568	45680	0	0	0.0560725352112676	0.0149108308682842	0.0411617043429834
4569	45690	0	0.01	0.0494302816901408	0.0108395420714771	0.0385907396186638
4570	45700	0	0.01	0.0458049295774648	0.00933479048341296	0.0364701390940518
4571	45710	0	0	0.043656338028169	0.0091855384001273	0.0344707996280417
4572	45720	0	0	0.0406140845070423	0.00839485920173072	0.0322192253053116
4573	45730	0	0	0.0380852112676056	0.00790249872940776	0.0301827125381979
4574	45740	0	0	0.0361394366197183	0.00727373635497507	0.0288657002647432
4575	45750	0	0	0.0343711267605634	0.0060816524196706	0.0282894743408928
4576	45760	0	0	0.0322669014084507	0.00510717633825082	0.0271597250701999
4577	45770	0	0.01	0.0312654929577465	0.00430242183464017	0.0269630711231063
4578	45780	0	0	0.029712676056338	0.00478835479419106	0.024924321262147
4579	45790	0	0	0.0284450704225352	0.00515815844691773	0.0232869119756175
4580	45800	0	0.01	0.0272661971830986	0.00508089788406659	0.022185299299032
4581	45810	0	0	0.0264992957746479	0.00505523592226301	0.0214440598523849
4582	45820	0	0.01	0.0252570422535211	0.0044150805658259	0.0208419616876952
4583	45830	0	0	0.0240401408450704	0.00336099663968954	0.0206791442053809
4584	45840	0	0	0.0232352112676056	0.00190232970115598	0.0213328815664496
4585	45850	0	0	0.0224429577464789	0.00168526776168359	0.0207576899847953
4586	45860	0	0	0.02115	0.00149749414292169	0.0196525058570783
4587	45870	0	0	0.0206302816901408	0.00131586137345218	0.0193144203166887
4588	45880	0	0	0.0194767605633803	0.0011910513015751	0.0182857092618052
4589	45890	0	0.01	0.0186654929577465	0.0010572946393322	0.0176081983184143
4590	45900	0	0	0.0178985915492958	0.00135921393820091	0.0165393776110949
4591	45910	0	0	0.0174739436619718	0.00138920866895245	0.0160847349930194
4592	45920	0	0	0.0162950704225352	0.00122960172053059	0.0150654687020046
4593	45930	0	0	0.0156549295774648	0.00111894294651958	0.0145359866309452
4594	45940	0	0	0.015312676056338	0.000935228572946238	0.0143774474833918
4595	45950	0	0	0.0142478873239437	0.000832182950979431	0.0134157043729643
4596	45960	0	0.01	0.0139119718309859	0.000789076200927154	0.0131228956300588
4597	45970	0	0.01	0.0133035211267606	0.00129175408301159	0.012011767043749
4598	45980	0	0.03	0.0122387323943662	0.00210564348574744	0.0101330889086188
4599	45990	0	0.01	0.0123338028169014	0.00371019902978048	0.00862360378712092
4600	46000	0	0	0.0118774647887324	0.00453820766829537	0.00733925712043703
4601	46010	0	0.01	0.0118838028169014	0.00416427360459554	0.00771952921230585
4602	46020	0	0	0.0113007042253521	0.00403002825487475	0.00727067597047737
4603	46030	0	0.03	0.0110345070422535	0.00380075831298744	0.00723374872926608
4604	46040	0	0.01	0.0107556338028169	0.00483872779512296	0.00591690600769393
4605	46050	0	0	0.0106478873239437	0.0054725014150321	0.0051753859089116
4606	46060	0	0	0.0104514084507042	0.00505716208017996	0.00539424637052427
4607	46070	0	0	0.00986830985915493	0.00444035564713453	0.0054279542120204
4608	46080	0	0.09	0.00972887323943662	0.00454236787705669	0.00518650536237993
4609	46090	0	0	0.00979859154929578	0.00849159767007346	0.00130699387922231
4610	46100	0	0.04	0.00995704225352113	0.00992484424336233	3.21980101587998e-05
4611	46110	0	0	0.0095387323943662	0.0106391361639657	-0.00110040376959946
4612	46120	0	0	0.00916478873239436	0.0102468177456867	-0.00108202901329232
4613	46130	0	0.01	0.00924718309859155	0.00887281050015217	0.000374372598439377
4614	46140	0	0	0.00867042253521126	0.00834731393363801	0.000323108601573257
4615	46150	0	0	0.00877183098591549	0.00733352198392449	0.00143830900199101
4616	46160	0	0	0.00831549295774648	0.0064951297589327	0.00182036319881378
4617	46170	0	0	0.00821408450704225	0.00544188311529132	0.00277220139175094
4618	46180	0	0	0.00818239436619719	0.00484240529206737	0.00333998907412981
4619	46190	0	0	0.00777042253521127	0.00438314503935399	0.00338727749585728
4620	46200	0	0	0.00787816901408451	0.00378494806777807	0.00409322094630644
4621	46210	0	0	0.00772605633802817	0.00345653932357574	0.00426951701445243
4622	46220	0	0	0.0077387323943662	0.00270595054968846	0.00503278184467774
4623	46230	0	0	0.00763098591549296	0.00241562490959149	0.00521536100590147
4624	46240	0	0	0.00744718309859155	0.00210004842126728	0.00534713467732427
4625	46250	0	0.01	0.00751056338028169	0.00206394254665607	0.00544662083362562
4626	46260	0	0	0.00709859154929578	0.00257359846617167	0.00452499308312411
4627	46270	0	0	0.0073330985915493	0.00250890335532701	0.00482419523622229
4628	46280	0	0	0.00714295774647888	0.00207006523220469	0.00507289251427419
4629	46290	0		0.00706056338028169		
4630	46300	0		0.00733943661971831		
4631	46310	0				
4632	46320	0				
4633	46330	0				
4634	46340	0				
4635	46350	0				
4636	46360	0				
4637	46370	0				
4638	46380	0				
4639	46390	0				
4640	46400	0				
4641	46410	0				
4642	46420	0				
4643	46430	0				
4644	46440	0				
4645	46450	0				
4646	46460	0				
4647	46470	0				
4648	46480	0				
4649	46490	0				
4650	46500	0				
4651	46510	0				
4652	46520	0				
4653	46530	0				
4654	46540	0				
4655	46550	0				
4656	46560	0				
4657	46570	0				
4658	46580	0				
4659	46590	0				
4660	46600	0				
4661	46610	0				
4662	46620	0				
4663	46630	0				
4664	46640	0				
4665	46650	0				
4666	46660	0				
4667	46670	0				
4668	46680	0				
4669	46690	0				
4670	46700	0				
4671	46710	0				
4672	46720	0				
4673	46730	0				
4674	46740	0				
4675	46750	0				
4676	46760	0				
4677	46770	0				
4678	46780	0				
4679	46790	0				
4680	46800	0				
4681	46810	0				
4682	46820	0				
4683	46830	0				
4684	46840	0				
4685	46850	0				
4686	46860	0				
4687	46870	0				
4688	46880	0				
4689	46890	0				
4690	46900	0				
4691	46910	0				
4692	46920	0				
4693	46930	0				
4694	46940	0				
4695	46950	0				
4696	46960	0				
4697	46970	0				
4698	46980	0				
4699	46990	0				
4700	47000	0				
4701	47010	0				
4702	47020	0				
4703	47030	0				
4704	47040	0				
4705	47050	0				
4706	47060	0				
4707	47070	0				
4708	47080	0				
4709	47090	0				
4710	47100	0				
4711	47110	0				
4712	47120	0				
4713	47130	0				
4714	47140	0				
4715	47150	0				
4716	47160	0				
4717	47170	0				
4718	47180	0				
4719	47190	0				
4720	47200	0				
4721	47210	0				
4722	47220	0				
4723	47230	0				
4724	47240	0				
4725	47250	0				
4726	47260	0				
4727	47270	0				
4728	47280	0				
4729	47290	0				
4730	47300	0				
4731	47310	0				
4732	47320	0				
4733	47330	0				
4734	47340	0				
4735	47350	0				
4736	47360	0				
4737	47370	0				
4738	47380	0				
4739	47390	0				
4740	47400	0				
4741	47410	0				
4742	47420	0				
4743	47430	0				
4744	47440	0				
4745	47450	0				
4746	47460	0				
4747	47470	0				
4748	47480	0				
4749	47490	0				
4750	47500	0				
4751	47510	0				
4752	47520	0				
4753	47530	0				
4754	47540	0				
4755	47550	0				
4756	47560	0				
4757	47570	0				
4758	47580	0				
4759	47590	0				
4760	47600	0				
4761	47610	0				
4762	47620	0				
4763	47630	0				
4764	47640	0				
4765	47650	0				
4766	47660	0				
4767	47670	0				
4768	47680	0				
4769	47690	0				
4770	47700	0				
4771	47710	0				
4772	47720	0				
4773	47730	0				
4774	47740	0				
4775	47750	0				
4776	47760	0				
4777	47770	0				
4778	47780	0				
4779	47790	0				
4780	47800	0				
4781	47810	0				
4782	47820	0				
4783	47830	0				
4784	47840	0				
4785	47850	0				
4786	47860	0				
4787	47870	0				
4788	47880	0				
4789	47890	0				
4790	47900	0				
4791	47910	0				
4792	47920	0				
4793	47930	0				
4794	47940	0				
4795	47950	0				
4796	47960	0				
4797	47970	0				
4798	47980	0				
4799	47990	0				
4800	48000	0				
4801	48010	0				
4802	48020	0				
4803	48030	0				
4804	48040	0				
4805	48050	0				
4806	48060	0				
4807	48070	0				
4808	48080	0				
4809	48090	0				
4810	48100	0				
4811	48110	0				
4812	48120	0				
4813	48130	0				
4814	48140	0				
4815	48150	0				
4816	48160	0				
4817	48170	0				
4818	48180	0				
4819	48190	0				
4820	48200	0				
4821	48210	0				
4822	48220	0				
4823	48230	0				
4824	48240	0				
4825	48250	0				
4826	48260	0				
4827	48270	0				
4828	48280	0				
4829	48290	0				
4830	48300	0				
4831	48310	0				
4832	48320	0				
4833	48330	0				
4834	48340	0				
4835	48350	0				
4836	48360	0				
4837	48370	0				
4838	48380	0				
4839	48390	0				
4840	48400	0				
4841	48410	0				
4842	48420	0				
4843	48430	0				
4844	48440	0				
4845	48450	0				
4846	48460	0				
4847	48470	0				
4848	48480	0				
4849	48490	0				
4850	48500	0				
4851	48510	0				
4852	48520	0				
4853	48530	0				
4854	48540	0				
4855	48550	0				
4856	48560	0				
4857	48570	0				
4858	48580	0				
4859	48590	0				
4860	48600	0				
4861	48610	0				
4862	48620	0				
4863	48630	0				
4864	48640	0				
4865	48650	0				
4866	48660	0				
4867	48670	0				
4868	48680	0				
4869	48690	0				
4870	48700	0				
4871	48710	0				
4872	48720	0				
4873	48730	0				
4874	48740	0				
4875	48750	0				
4876	48760	0				
4877	48770	0				
4878	48780	0				
4879	48790	0				
4880	48800	0				
4881	48810	0				
4882	48820	0				
4883	48830	0				
4884	48840	0				
4885	48850	0				
4886	48860	0				
4887	48870	0				
4888	48880	0				
4889	48890	0				
4890	48900	0				
4891	48910	0				
4892	48920	0				
4893	48930	0				
4894	48940	0				
4895	48950	0				
4896	48960	0				
4897	48970	0				
4898	48980	0				
4899	48990	0				
4900	49000	0				
4901	49010	0				
4902	49020	0				
4903	49030	0				
4904	49040	0				
4905	49050	0				
4906	49060	0				
4907	49070	0				
4908	49080	0				
4909	49090	0				
4910	49100	0				
4911	49110	0				
4912	49120	0				
4913	49130	0				
4914	49140	0				
4915	49150	0				
4916	49160	0				
4917	49170	0				
4918	49180	0				
4919	49190	0				
4920	49200	0				
4921	49210	0				
4922	49220	0				
4923	49230	0				
4924	49240	0				
4925	49250	0				
4926	49260	0				
4927	49270	0				
4928	49280	0				
4929	49290	0				
4930	49300	0				
4931	49310	0				
4932	49320	0				
4933	49330	0				
4934	49340	0				
4935	49350	0				
4936	49360	0				
4937	49370	0				
4938	49380	0				
4939	49390	0				
4940	49400	0				
4941	49410	0				
4942	49420	0				
4943	49430	0				
4944	49440	0				
4945	49450	0				
4946	49460	0				
4947	49470	0				
4948	49480	0				
4949	49490	0				
4950	49500	0				
4951	49510	0				
4952	49520	0				
4953	49530	0				
4954	49540	0				
4955	49550	0				
4956	49560	0				
4957	49570	0				
4958	49580	0				
4959	49590	0				
4960	49600	0				
4961	49610	0				
4962	49620	0				
4963	49630	0				
4964	49640	0				
4965	49650	0				
4966	49660	0				
4967	49670	0				
4968	49680	0				
4969	49690	0				
4970	49700	0				
4971	49710	0				
4972	49720	0				
4973	49730	0				
4974	49740	0				
4975	49750	0				
4976	49760	0				
4977	49770	0				
4978	49780	0				
4979	49790	0				
4980	49800	0				
4981	49810	0				
4982	49820	0				
4983	49830	0				
4984	49840	0				
4985	49850	0				
4986	49860	0				
4987	49870	0				
4988	49880	0				
4989	49890	0				
4990	49900	0				
4991	49910	0				
4992	49920	0				
4993	49930	0				
4994	49940	0				
4995	49950	0				
4996	49960	0				
4997	49970	0				
4998	49980	0				
4999	49990	0				
5000	50000	0				
5001	50010	0				
5002	50020	0				
5003	50030	0				
5004	50040	0				
5005	50050	0				
5006	50060	0				
5007	50070	0				
5008	50080	0				
5009	50090	0				
5010	50100	0				
5011	50110	0				
5012	50120	0				
5013	50130	0				
5014	50140	0				
5015	50150	0				
5016	50160	0				
5017	50170	0				
5018	50180	0				
5019	50190	0				
5020	50200	0				
5021	50210	0				
5022	50220	0				
5023	50230	0				
5024	50240	0				
5025	50250	0				
5026	50260	0				
5027	50270	0				
5028	50280	0				
5029	50290	0				
5030	50300	0				
5031	50310	0				
5032	50320	0				
5033	50330	0				
5034	50340	0				
5035	50350	0				
5036	50360	0				
5037	50370	0				
5038	50380	0				
5039	50390	0				
5040	50400	0				
5041	50410	0				
5042	50420	0				
5043	50430	0				
5044	50440	0				
5045	50450	0				
5046	50460	0				
5047	50470	0				
5048	50480	0				
5049	50490	0				
5050	50500	0				
5051	50510	0				
5052	50520	0				
5053	50530	0				
5054	50540	0				
5055	50550	0				
5056	50560	0				
5057	50570	0				
5058	50580	0				
5059	50590	0				
5060	50600	0				
5061	50610	0				
5062	50620	0				
5063	50630	0				
5064	50640	0				
5065	50650	0				
5066	50660	0				
5067	50670	0				
5068	50680	0				
5069	50690	0				
5070	50700	0				
5071	50710	0				
5072	50720	0				
5073	50730	0				
5074	50740	0				
5075	50750	0				
5076	50760	0				
5077	50770	0				
5078	50780	0				
5079	50790	0				
5080	50800	0				
5081	50810	0				
5082	50820	0				
5083	50830	0				
5084	50840	0				
5085	50850	0				
5086	50860	0				
5087	50870	0				
5088	50880	0				
5089	50890	0				
5090	50900	0				
5091	50910	0				
5092	50920	0				
5093	50930	0				
5094	50940	0				
5095	50950	0				
5096	50960	0				
5097	50970	0				
5098	50980	0				
5099	50990	0				
5100	51000	0				
5101	51010	0				
5102	51020	0				
5103	51030	0				
5104	51040	0				
5105	51050	0				
5106	51060	0				
5107	51070	0				
5108	51080	0				
5109	51090	0				
5110	51100	0				
5111	51110	0				
5112	51120	0				
5113	51130	0				
5114	51140	0				
5115	51150	0				
5116	51160	0				
5117	51170	0				
5118	51180	0				
5119	51190	0				
5120	51200	0				
5121	51210	0				
5122	51220	0				
5123	51230	0				
5124	51240	0				
5125	51250	0				
5126	51260	0				
5127	51270	0				
5128	51280	0				
5129	51290	0				
5130	51300	0				
5131	51310	0				
5132	51320	0				
5133	51330	0				
5134	51340	0				
5135	51350	0				
5136	51360	0				
5137	51370	0				
5138	51380	0				
5139	51390	0				
5140	51400	0				
5141	51410	0				
5142	51420	0				
5143	51430	0				
5144	51440	0				
5145	51450	0				
5146	51460	0				
5147	51470	0				
5148	51480	0				
5149	51490	0				
5150	51500	0				
5151	51510	0				
5152	51520	0				
5153	51530	0				
5154	51540	0				
5155	51550	0				
5156	51560	0				
5157	51570	0				
5158	51580	0				
5159	51590	0				
5160	51600	0				
5161	51610	0				
5162	51620	0				
5163	51630	0				
5164	51640	0				
5165	51650	0				
5166	51660	0				
5167	51670	0				
5168	51680	0				
5169	51690	0				
5170	51700	0				
5171	51710	0				
5172	51720	0				
5173	51730	0				
5174	51740	0				
5175	51750	0				
5176	51760	0				
5177	51770	0				
5178	51780	0				
5179	51790	0				
5180	51800	0				
5181	51810	0				
5182	51820	0				
5183	51830	0				
5184	51840	0				
5185	51850	0				
5186	51860	0				
5187	51870	0				
5188	51880	0				
5189	51890	0				
5190	51900	0				
5191	51910	0				
5192	51920	0				
5193	51930	0				
5194	51940	0				
5195	51950	0				
5196	51960	0				
5197	51970	0				
5198	51980	0				
5199	51990	0				
5200	52000	0				
5201	52010	0				
5202	52020	0				
5203	52030	0				
5204	52040	0				
5205	52050	0				
5206	52060	0				
5207	52070	0				
5208	52080	0				
5209	52090	0				
5210	52100	0				
5211	52110	0				
5212	52120	0				
5213	52130	0				
5214	52140	0				
5215	52150	0				
5216	52160	0				
5217	52170	0				
5218	52180	0				
5219	52190	0				
5220	52200	0				
5221	52210	0				
5222	52220	0				
5223	52230	0				
5224	52240	0				
5225	52250	0				
5226	52260	0				
5227	52270	0				
5228	52280	0				
5229	52290	0				
5230	52300	0				
5231	52310	0				
5232	52320	0				
5233	52330	0				
5234	52340	0				
5235	52350	0				
5236	52360	0				
5237	52370	0				
5238	52380	0				
5239	52390	0	0			
5240	52400	0	0.01			
5241	52410	0	0			
5242	52420	0	0	0.064774647887324		
5243	52430	0	0	0.134397887323944		
5244	52440	0	0	0.101167605633803		
5245	52450	0	0	0.15891338028169		
5246	52460	0	0	0.254490845070423		
5247	52470	0	0	0.251169718309859		
5248	52480	0	0	0.337069014084507		
5249	52490	0	0	0.310398591549296		
5250	52500	0	0	0.503473943661972		
5251	52510	0	0	0.571392253521127		
5252	52520	0	0	0.459760563380282		
5253	52530	0	0	0.621221830985916		
5254	52540	0	0.04	0.466428169014085		
5255	52550	0	0	0.306335915492958		
5256	52560	0	0	0.187054225352113		
5257	52570	0	0.17	0.138771126760564		
5258	52580	0	0	0.127419718309859		
5259	52590	0	0.11	0.110566901408451	0.0157649786474501	0.0948019227610004
5260	52600	0	0	0.137833098591549	0.0191398033061502	0.118693295285399
5261	52610	0	0	0.118850704225352	0.0192422972290093	0.0996084069963431
5262	52620	0	0.35	0.115054225352113	0.0191048462624558	0.0959493790896569
5263	52630	0	0.01	0.112183098591549	0.0339348925644064	0.0782482060271431
5264	52640	0	0.43	0.122469718309859	0.0421702611226493	0.08029945718721
5265	52650	0	0.06	0.121880281690141	0.0591467311927223	0.0627335504974187
5266	52660	0	0.01	0.120137323943662	0.0653054504133509	0.0548318735303111
5267	52670	0	0	0.129631690140845	0.0583933477380444	0.0712383424028006
5268	52680	0	0	0.12105	0.0507046285433702	0.0703453714566298
5269	52690	0	0	0.157227464788732	0.0423302351908545	0.114897229597878
5270	52700	0	0	0.27687676056338	0.0370991055888204	0.23977765497456
5271	52710	0	0	0.260372535211268	0.0310178914609044	0.229354643750363
5272	52720	0	0	0.382398591549296	0.028402777601193	0.353995813948103
5273	52730	0	0.02	0.445011971830986	0.0263419945675279	0.418669977263458
5274	52740	0	0	0.431860563380282	0.0248274112259995	0.407033152154282
5275	52750	0	0	0.357800704225352	0.023854935455298	0.333945768770054
5276	52760	0	0	0.303135211267606	0.019854704613674	0.283280506653932
5277	52770	0	0	0.372067605633803	0.0173704653971377	0.354697140236665
5278	52780	0	0	0.264054929577465	0.0140005366749468	0.250054392902518
5279	52790	0	0	0.278201408450704	0.0131381745933455	0.265063233857359
5280	52800	0	0.25	0.20982676056338	0.0146330571135657	0.195193703449814
5281	52810	0	0.49	0.183257746478873	0.0300260161313027	0.15323173034757
5282	52820	0	0.93	0.219733098591549	0.0647674748346752	0.154965623756874
5283	52830	0	0.34	0.448123943661972	0.115962730197229	0.332161213464743
5284	52840	0	0.37	0.435200704225352	0.144173058219346	0.291027646006006
5285	52850	0	0	0.394269718309859	0.148517527683796	0.245752190626063
5286	52860	0	0	0.28986338028169	0.136012179567461	0.153851200714229
5287	52870	0	0	0.223903521126761	0.11442638861288	0.109477132513881
5288	52880	0	0.03	0.168464788732395	0.0970465292170483	0.0714182595153463
5289	52890	0	0.91	0.197182394366197	0.0908167574206485	0.106365636945549
5290	52900	0	0.1	0.328969014084507	0.126907316514001	0.202061697570506
5291	52910	0	0.8	0.385757746478873	0.147421646241241	0.238336100237632
5292	52920	0	0.42	0.499664788732395	0.177734766492422	0.321930022239973
5293	52930	0	0.06	0.462771126760563	0.19919594559739	0.263575181163173
5294	52940	0	0	0.35543661971831	0.184712627782609	0.170723991935701
5295	52950	0	0	0.265183098591549	0.160038628744401	0.105144469847148
5296	52960	0	0	0.204921126760564	0.133948323562974	0.0709728031975896
5297	52970	0	0	0.153697183098592	0.118096029275715	0.0356011538228768
5298	52980	0	0	0.131349295774648	0.104927583869341	0.0264217119053068
5299	52990	0	0.43	0.121398591549296	0.100992071762884	0.0204065197864121
5300	53000	0	1.25	0.146845774647887	0.125398910222297	0.0214468644255899
5301	53010	0	0.8	0.380066197183099	0.188259788256678	0.19180640892642
5302	53020	0	0.01	0.43180985915493	0.234872805788248	0.196937053366682
5303	53030	0	0	0.335319718309859	0.216654317406782	0.118665400903077
5304	53040	0	0	0.249990845070423	0.183656659308623	0.0663341857617994
5305	53050	0	0	0.203862676056338	0.153840321510937	0.0500223545454014
5306	53060	0	0	0.160916197183099	0.132158441132187	0.0287577560509111
5307	53070	0	0	0.129542957746479	0.11712485800312	0.0124180997433587
5308	53080	0	0.06	0.116397887323944	0.105074534561476	0.0113233527624683
5309	53090	0	0	0.103899295774648	0.0965185196440037	0.00738077613064421
5310	53100	0	0	0.094487323943662	0.0832819186789365	0.0112054052647255
5311	53110	0	0	0.0867802816901408	0.0749298294697367	0.0118504522204041
5312	53120	0	0	0.0781542253521127	0.0595618546286816	0.0185923707234311
5313	53130	0	0	0.0732802816901408	0.0464382039453793	0.0268420777447615
5314	53140	0	0	0.0685964788732394	0.0377234783396066	0.0308730005336329
5315	53150	0	0	0.0627908450704226	0.0341393197812699	0.0286515252891526
5316	53160	0	0	0.0565161971830986	0.035610047413219	0.0209061497698796
5317	53170	0	0	0.0541014084507043	0.036768787302797	0.0173326211479072
5318	53180	0	0	0.0510021126760563	0.0356843565198482	0.0153177561562081
5319	53190	0	0	0.0473197183098591	0.0309402326258248	0.0163794856840344
5320	53200	0	0	0.0436943661971831	0.0206672601896851	0.023027106007498
5321	53210	0	0	0.0413556338028169	0.00753415106545745	0.0338214827373595
5322	53220	0	0	0.040512676056338	0.000851033946660265	0.0396616421096778
5323	53230	0	0.04	0.0383007042253521	0.00107105179433156	0.0372296524310206
5324	53240	0	0.09	0.0343267605633803	0.00383218368028599	0.0304945768830943
5325	53250	0	0.08	0.0302387323943662	0.00965265738742956	0.0205860750069366
5326	53260	0	0	0.032843661971831	0.0148830765676733	0.0179605854041577
5327	53270	0	1.17	0.0405760563380282	0.0242487090021628	0.0163273473358654
5328	53280	0	0.98	0.085461971830986	0.0870703682289981	-0.00160839639801212
5329	53290	0	0.06	0.170841549295775	0.155455300147757	0.0153862491480175
5330	53300	0	0.04	0.173890140845071	0.163996494152746	0.00989364669232484
5331	53310	0	0	0.138156338028169	0.144742448283209	-0.00658611025504019
5332	53320	0	0	0.116093661971831	0.122833942638329	-0.00674028066649798
5333	53330	0	0	0.0988922535211268	0.103257114982795	-0.00436486146166855
5334	53340	0	0	0.0858992957746479	0.0868231759381685	-0.00092388016352063
5335	53350	0	0	0.0735021126760564	0.075481728524174	-0.00197961584811762
5336	53360	0	0	0.0637669014084507	0.0669472721030167	-0.00318037069456595
5337	53370	0	0.56	0.0628669014084507	0.0648539320757464	-0.00198703066729568
5338	53380	0	0	0.0590830985915493	0.0900333742803501	-0.0309502756888008
5339	53390	0	0.12	0.0541774647887324	0.096028929617596	-0.0418514648288636
5340	53400	0.68947319642742	0	0.0502225352112676	0.0887081664708891	-0.0384856312596215
5341	53410	0.749592162591154	0.34	0.0469584507042254	0.0803411265411173	-0.033382675836892
5342	53420	0.690307048580623	0	0.0453612676056338	0.085273236324636	-0.0399119687190022
5343	53430	0.677483168950665	0	0.043637323943662	0.0873555359067302	-0.0437182119630683
5344	53440	0.721539391470332	0	0.0398535211267606	0.07950184423134	-0.0396483231045795
5345	53450	0.735664297887051	0	0.0345485915492958	0.0729068333943233	-0.0383582418450275
5346	53460	0.805044994665381	0	0.0318295774647887	0.0629858314366367	-0.031156253971848
5347	53470	0.848870015572175	0	0.028362676056338	0.0527913480469821	-0.024428671990644
5348	53480	0.960595302023381	0	0.0263408450704226	0.0368533658800208	-0.0105125208095982
5349	53490	0.994813205345285	0	0.0238690140845071	0.0251166228834007	-0.00124760879889367
5350	53500	0.997582710798874	0	0.0221450704225352	0.0215629298289009	0.000582140593634276
5351	53510	0.999126046601758	0	0.0209535211267606	0.0178850750562606	0.00306844607049991
5352	53520	0.999870902279831	0	0.020237323943662	0.0173783522802658	0.00285897166339616
5353	53530	0.999988457533978	0	0.0194957746478873	0.0162028374551506	0.00329293719273672
5354	53540	0.999993232651767	0	0.0183232394366197	0.0153018231102559	0.00302141632636382
5355	53550	0.999978188449326	0.01	0.0177274647887324	0.0140475213404849	0.00367994344824754
5356	53560	0.998750598446438	0	0.0179176056338028	0.013088916258346	0.0048286893754568
5357	53570	0.999999524911741	0.7	0.0177908450704225	0.017246011440914	0.000544833629508496
5358	53580	0.899639378659229	0.01	0.0251683098591549	0.0468366374832332	-0.0216683276240783
5359	53590	0.887015651610024	2	0.0453295774647887	0.075948055705799	-0.0306184782410102
5360	53600	0.913306082588386	0.39	0.185000704225352	0.168356706407429	0.0166439978179226
5361	53610	0.511381006754075	0	0.276078169014084	0.217443203651181	0.0586349653629039
5362	53620	0.854334411761607	0.09	0.231230281690141	0.195739924937689	0.0354903567524522
5363	53630	0.920935024993136	0.38	0.199565492957747	0.174985706614968	0.0245797863427788
5364	53640	0.796483956463431	0.05	0.20256338028169	0.167032713700274	0.0355306665814162
5365	53650	0.93818721324072	0.01	0.175924647887324	0.155886208273507	0.0200384396138174
5366	53660	0.977945993460748	0.05	0.142453521126761	0.133674568936403	0.00877895219035785
5367	53670	0.999806944634724	0	0.125334507042254	0.121708092255848	0.00362641478640537
5368	53680	0.988815205392361	0	0.105851408450704	0.108837864940915	-0.00298645649021075
5369	53690	0.956529878458227	0	0.0907795774647887	0.0972208712256335	-0.00644129376084476
5370	53700	0.928856200618667	0	0.078274647887324	0.0907896067478677	-0.0125149588605437
5371	53710	0.957238984624795	0	0.06795	0.0767150008980716	-0.00876500089807156
5372	53720	0.97551585843019	0	0.0608830985915493	0.0668259513365536	-0.00594285274500433
5373	53730	0.971621799713856	0	0.0532394366197183	0.0571190130877319	-0.00387957646801355
5374	53740	0.98044642881516	0	0.0478711267605634	0.0543890615186105	-0.00651793475804707
5375	53750	0.956816608382479	0	0.0431302816901409	0.0549633436858211	-0.0118330619956803
5376	53760	0.956716780979631	0	0.0389028169014085	0.0523904200591137	-0.0134876031577053
5377	53770	0.963136666093813	0.03	0.0366654929577465	0.0480593841134138	-0.0113938911556673
5378	53780	0.995665669770366	0	0.0349478873239437	0.0385013741140945	-0.00355348679015083
5379	53790	0.999952119063394	0	0.0338323943661972	0.0310338260107235	0.0027985683554737
5380	53800	0.945727125894961	0	0.0319309859154929	0.0132494410529594	0.0186815448625335
5381	53810	0.935529935456932	0	0.0297570422535211	0.00959401908914173	0.0201630231643794
5382	53820	0.936145169199358	0	0.0282359154929578	0.00809789666119604	0.0201380188317617
5383	53830	0.934971882837382	0	0.0262394366197183	0.00565489766944347	0.0205845389502748
5384	53840	0.916685325736575	0	0.0252823943661972	0.00219578466898242	0.0230866096972148
5385	53850	0.925807194229628	0	0.0235014084507042	0.00154912711458544	0.0219522813361188
5386	53860	0.930194819756554	0	0.0225823943661972	0.00117023650811022	0.021412157858087
5387	53870	0.935271699144906	0	0.0214985915492958	0.000731076094075683	0.0207675154552201
5388	53880	0.940426291529921	0	0.0207253521126761	0.000731221467426466	0.0199941306452496
5389	53890	0.941943316042658	0	0.0203450704225352	0.000600536163320118	0.0197445342592151
5390	53900	0.947473983352555	0	0.0194260563380282	0.000513352349004102	0.0189127039890241
5391	53910	0.949047228564797	0	0.0190838028169014	0.000385575071613702	0.0186982277452877
5392	53920	0.948919091458566	0	0.0190330985915493	0.000377023192147293	0.018656075399402
5393	53930	0.951895907328976	0.06	0.0188619718309859	0.00089628279279124	0.0179656890381947
5394	53940	0.96890125051251	0	0.0187795774647887	0.00384332985618367	0.0149362476086051
5395	53950	0.974906396610237	0	0.0186718309859155	0.00498405897867527	0.0136877720072402
5396	53960	0.97965554358355	0.52	0.0195718309859155	0.00843163603303902	0.0111401949528765
5397	53970	0.960444750797062	0	0.0214542253521127	0.0332284500800895	-0.0117742247279769
5398	53980	0.887354691620237	0	0.020224647887324	0.0423048133112383	-0.0220801654239144
5399	53990	0.894910455239551	0	0.0191978873239437	0.0366872182492187	-0.017489330925275
5400	54000	0.941643415934836	0	0.0186718309859155	0.0312647896883546	-0.0125929587024391
5401	54010	0.971194209023397	0	0.0185767605633803	0.0259043151992822	-0.00732755463590189
5402	54020	0.986273995454552	0	0.0180253521126761	0.0220320319540311	-0.00400667984135508
5403	54030	0.998354476464703	0	0.0177654929577465	0.0183257264905014	-0.000560233532754865
5404	54040	0.998383095815401	0.01	0.0173345070422535	0.0168909303029118	0.000443576739341714
5405	54050	0.999581021839653	0	0.017106338028169	0.0151312518744273	0.00197508615374173
5406	54060	0.998968527250126	0	0.0167450704225352	0.0144586943209438	0.00228637610159141
5407	54070	0.99900511120167	0	0.0161302816901408	0.0141057121493024	0.00202456954083846
5408	54080	0.999832334724352	0.02	0.016193661971831	0.0118856693686592	0.00430799260317175
5409	54090	0.999833795181708	0	0.0158323943661972	0.0113424437663476	0.00448995059984956
5410	54100	0.998947358232402	0	0.0157056338028169	0.00945189857717668	0.0062537352256402
5411	54110	0.997857021849568	0	0.0152429577464789	0.00902755136093203	0.00621540638554685
5412	54120	0.998767404618538	0	0.0149260563380282	0.00941671148362064	0.00550934485440751
5413	54130	0.998160367227461	0.22	0.0155978873239437	0.0108140151926657	0.00478387213127793
5414	54140	0	0	0.0149070422535211	0.0209072714920335	-0.00600022923851235
5415	54150	0	0	0.0146788732394366	0.0236830161578174	-0.00900414291838079
5416	54160	0	0.36	0.0150781690140845	0.0223187849763392	-0.00724061596225467
5417	54170	0	0.01	0.0159528169014085	0.0336647856990999	-0.0177119687976915
5418	54180	0	0	0.0156422535211268	0.0387556167916009	-0.0231133632704741
5419	54190	0	0	0.0153760563380282	0.0338042100161386	-0.0184281536781105
5420	54200	0	0	0.0156232394366197	0.0286330255114342	-0.0130097860748145
5421	54210	0	0	0.0153380281690141	0.0242500273749365	-0.00891199920592241
5422	54220	0	0	0.0154964788732394	0.0207008170505964	-0.00520433817735698
5423	54230	0	0	0.0153190140845071	0.0177981438824108	-0.00247912979790377
5424	54240	0	0	0.0153760563380282	0.0166733846868098	-0.00129732834878167
5425	54250	0	0	0.0151985915492958	0.0142337671232734	0.000964824426022399
5426	54260	0	0	0.0146852112676056	0.0130771262018754	0.00160808506573026
5427	54270	0	0	0.0147169014084507	0.012079384351284	0.00263751705716675
5428	54280	0	0	0.0144950704225352	0.0103747787982628	0.00412029162427244
5429	54290	0	0	0.014387323943662	0.00944608787921828	0.00494123606444368
5430	54300	0	0	0.0142225352112676	0.00793134357983565	0.00629119163143197
5431	54310	0	0.02	0.0136838028169014	0.0079208962174971	0.0057629065994043
5432	54320	0	0	0.0140197183098592	0.00888198264837457	0.00513773566148459
5433	54330	0	1.04	0.0177591549295775	0.0167871100810187	0.000972044848558774
5434	54340	0	0.64	0.0227028169014085	0.0708347198351079	-0.0481319029336994
5435	54350	0	0.26	0.0317408450704225	0.123010618712582	-0.0912697736421597
5436	54360	0	0	0.0484415492957747	0.13600981876756	-0.0875682694717851
5437	54370	0	0.78	0.0518514084507042	0.127691291120582	-0.0758398826698781
5438	54380	0	0.03	0.0535056338028169	0.146807993920819	-0.0933023601180024
5439	54390	0	0.13	0.0509323943661972	0.14795171452728	-0.0970193201610823
5440	54400	0	0	0.0609654929577465	0.132692485789032	-0.0717269928312853
5441	54410	0	0	0.0747253521126761	0.118024933544035	-0.0432995814313594
5442	54420	0	0	0.0750042253521127	0.101004398574712	-0.0260001732225989
5443	54430	0	0	0.0871669014084507	0.0893206996624355	-0.00215379825398479
5444	54440	0	0	0.0891443661971831	0.080478766148607	0.00866560004857608
5445	54450	0	0	0.0894992957746479	0.0721303729470629	0.0173689228275849
5446	54460	0	0	0.0934732394366197	0.0623389356159979	0.0311343038206218
5447	54470	0	0.03	0.0904753521126761	0.0536571414602895	0.0368182106523866
5448	54480	0	0.71	0.0970605633802817	0.0564475588157178	0.040613004564564
5449	54490	0	0.22	0.133269718309859	0.0902144131201797	0.0430553051896794
5450	54500	0	0.01	0.152898591549296	0.112951203025014	0.0399473885242818
5451	54510	0	0.02	0.133364788732394	0.106765548428119	0.0265992403042753
5452	54520	0	0	0.119116901408451	0.0951469228600429	0.0239699785484078
5453	54530	0	0	0.104482394366197	0.0811599294724792	0.0233224648937179
5454	54540	0	0	0.0922943661971831	0.0623557941744842	0.0299385720226989
5455	54550	0	0.01	0.0816591549295775	0.0496033358337959	0.0320558190957816
5456	54560	0	0.28	0.0764429577464789	0.0443550748925933	0.0320878828538855
5457	54570	0	0	0.0735654929577465	0.0517003130673949	0.0218651798903516
5458	54580	0	0.03	0.0691669014084507	0.0485650149507722	0.0206018864576785
5459	54590	0	0	0.0653957746478874	0.0459065592970365	0.0194892153508509
5460	54600	0	0	0.0636147887323944	0.0393771654865864	0.0242376232458079
5461	54610	0	0	0.0602556338028169	0.0330390128785532	0.0272166209242637
5462	54620	0	0	0.0557492957746479	0.0270036140076053	0.0287456817670426
5463	54630	0	0	0.0519971830985916	0.0235105489434926	0.028486634155099
5464	54640	0	0	0.0479408450704225	0.0233252530228492	0.0246155920475734
5465	54650	0	0	0.0444866197183099	0.0224154227632212	0.0220711969550886
5466	54660	0	0	0.0413619718309859	0.0218633043742479	0.019498667456738
5467	54670	0	0	0.0381485915492958	0.0198566004191841	0.0182919911301116
5468	54680	0	0	0.0364183098591549	0.015173466580714	0.0212448432784409
5469	54690	0	0	0.0344218309859155	0.00780791086696774	0.0266139201189478
5470	54700	0	0	0.0332239436619718	0.00463827921817062	0.0285856644438012
5471	54710	0	0	0.0319056338028169	0.00433226130848982	0.0275733724943271
5472	54720	0	0.25	0.0307838028169014	0.00643651308582431	0.0243472897310771
5473	54730	0	0.78	0.0354485915492958	0.0249214181741013	0.0105271733751945
5474	54740	0	0.01	0.0421732394366197	0.0679832851315406	-0.0258100456949208
5475	54750	0	0.07	0.0429845070422535	0.0806817622015869	-0.0376972551593334
5476	54760	0	0	0.0452725352112676	0.07298626883795	-0.0277137336266824
5477	54770	0	0	0.0495570422535211	0.0619113235759465	-0.0123542813224253
5478	54780	0	0	0.0488978873239437	0.0514749008350983	-0.00257701351115468
5479	54790	0	0	0.049030985915493	0.0432539715281745	0.00577701438731849
5480	54800	0	0.01	0.0492908450704225	0.0363968059579024	0.0128940391125202
5481	54810	0	0	0.0504697183098592	0.0330992983277391	0.0173704199821201
5482	54820	0	0	0.050824647887324	0.0294588336972329	0.021365814190091
5483	54830	0	0.46	0.0504887323943662	0.0317302919340639	0.0187584404603023
5484	54840	0	0.32	0.0645908450704225	0.0553481421704074	0.00924270290001514
5485	54850	0	0.32	0.0808478873239437	0.0780207662922041	0.00282712103173959
5486	54860	0	0	0.0829647887323944	0.0917624021341639	-0.00879761340176956
5487	54870	0	0.15	0.0814943661971831	0.0876302200652145	-0.00613585386803141
5488	54880	0	0	0.0988161971830986	0.0839836400741415	0.0148325571089571
5489	54890	0	0	0.104659859154929	0.0782028950129323	0.0264569641419971
5490	54900	0	0	0.0970225352112677	0.068185689922688	0.0288368452885796
5491	54910	0	0	0.0885232394366197	0.0603340662094791	0.0281891732271406
5492	54920	0	0	0.0804169014084507	0.05104545288296	0.0293714485254907
5493	54930	0	0	0.072893661971831	0.0422964730838258	0.0305971888880052
5494	54940	0	0	0.0678422535211268	0.0331223568050323	0.0347198967160945
5495	54950	0	0.04	0.0629492957746479	0.0302355924936355	0.0327137032810124
5496	54960	0	0	0.0589246478873239	0.0283485352455659	0.0305761126417581
5497	54970	0	0	0.0560345070422535	0.0246314488783542	0.0314030581638994
5498	54980	0	0	0.0544056338028169	0.0218072600610232	0.0325983737417937
5499	54990	0	0	0.0524725352112676	0.0199609899086766	0.032511545302591
5500	55000	0	0	0.0491450704225352	0.0195643915954611	0.0295806788270741
5501	55010	0	0	0.0466922535211268	0.0190517573822831	0.0276404961388437
5502	55020	0	0.03	0.0441316901408451	0.017870808607465	0.02626088153338
5503	55030	0	0	0.0430035211267606	0.0169260551596979	0.0260774659670627
5504	55040	0	0.08	0.041837323943662	0.0123701662708258	0.0294671576728361
5505	55050	0	0	0.0402338028169014	0.0121861389764605	0.0280476638404409
5506	55060	0	0	0.0389661971830986	0.0104976056325893	0.0284685915505093
5507	55070	0	0	0.0369316901408451	0.00867172735745097	0.0282599627833941
5508	55080	0	0.01	0.036006338028169	0.00645647369241528	0.0295498643357537
5509	55090	0	0	0.0338514084507042	0.0057691492671676	0.0280822591835366
5510	55100	0	0	0.0324380281690141	0.0053006031938156	0.0271374249751985
5511	55110	0	0	0.0308345070422535	0.00458630301179189	0.0262482040304616
5512	55120	0	0	0.029224647887324	0.00422601930512472	0.0249986285821992
5513	55130	0	0	0.0284387323943662	0.00381621576188189	0.0246225166324843
5514	55140	0	0	0.0275197183098592	0.00341108688108798	0.0241086314287712
5515	55150	0	0.06	0.0282929577464789	0.00358261909674268	0.0247103386497362
5516	55160	0	0.5	0.0283880281690141	0.00966080830996007	0.018727219859054
5517	55170	0	0	0.0284894366197183	0.0350300778097733	-0.00654064119005502
5518	55180	0	0.05	0.0276845070422535	0.0440494627012291	-0.0163649556589756
5519	55190	0	0.04	0.027462676056338	0.0412259171212938	-0.0137632410649557
5520	55200	0	0	0.0268859154929578	0.0387996164690275	-0.0119137009760698
5521	55210	0	0		0.0335703577331133	
5522	55220	0	0		0.0286063985081656	
5523	55230	0	0		0.0236214640120714	
5524	55240	0	0		0.0209064787056301	
5525	55250	0	0.01		0.0177284675105825	
5526	55260	0	0		0.0171308186508256	
5527	55270	0	0.01		0.0168095005023458	
5528	55280	0	0		0.0145911409769044	
5529	55290	0				
5530	55300	0				
5531	55310	0				
5532	55320	0				
5533	55330	0				
5534	55340	0				
5535	55350	0				
5536	55360	0				
5537	55370	0				
5538	55380	0				
5539	55390	0				
5540	55400	0				
5541	55410	0				
5542	55420	0				
5543	55430	0				
5544	55440	0				
5545	55450	0				
5546	55460	0				
5547	55470	0				
5548	55480	0				
5549	55490	0				
5550	55500	0				
5551	55510	0				
5552	55520	0				
5553	55530	0				
5554	55540	0				
5555	55550	0				
5556	55560	0				
5557	55570	0				
5558	55580	0				
5559	55590	0				
5560	55600	0				
5561	55610	0				
5562	55620	0				
5563	55630	0				
5564	55640	0				
5565	55650	0				
5566	55660	0				
5567	55670	0				
5568	55680	0				
5569	55690	0				
5570	55700	0				
5571	55710	0				
5572	55720	0				
5573	55730	0				
5574	55740	0				
5575	55750	0				
5576	55760	0				
5577	55770	0				
5578	55780	0				
5579	55790	0				
5580	55800	0				
5581	55810	0				
5582	55820	0				
5583	55830	0				
5584	55840	0				
5585	55850	0				
5586	55860	0				
5587	55870	0				
5588	55880	0				
5589	55890	0				
5590	55900	0				
5591	55910	0				
5592	55920	0				
5593	55930	0				
5594	55940	0				
5595	55950	0				
5596	55960	0				
5597	55970	0				
5598	55980	0				
5599	55990	0				
5600	56000	0				
5601	56010	0				
5602	56020	0				
5603	56030	0				
5604	56040	0				
5605	56050	0				
5606	56060	0				
5607	56070	0				
5608	56080	0				
5609	56090	0				
5610	56100	0				
5611	56110	0				
5612	56120	0				
5613	56130	0				
5614	56140	0				
5615	56150	0				
5616	56160	0				
5617	56170	0				
5618	56180	0				
5619	56190	0				
5620	56200	0				
5621	56210	0				
5622	56220	0				
5623	56230	0				
5624	56240	0				
5625	56250	0				
5626	56260	0				
5627	56270	0				
5628	56280	0				
5629	56290	0				
5630	56300	0				
5631	56310	0				
5632	56320	0				
5633	56330	0				
5634	56340	0				
5635	56350	0				
5636	56360	0				
5637	56370	0				
5638	56380	0				
5639	56390	0				
5640	56400	0				
5641	56410	0				
5642	56420	0				
5643	56430	0				
5644	56440	0				
5645	56450	0				
5646	56460	0				
5647	56470	0				
5648	56480	0				
5649	56490	0				
5650	56500	0				
5651	56510	0				
5652	56520	0				
5653	56530	0				
5654	56540	0				
5655	56550	0				
5656	56560	0				
5657	56570	0				
5658	56580	0				
5659	56590	0				
5660	56600	0				
5661	56610	0				
5662	56620	0				
5663	56630	0				
5664	56640	0				
5665	56650	0				
5666	56660	0				
5667	56670	0				
5668	56680	0				
5669	56690	0				
5670	56700	0				
5671	56710	0				
5672	56720	0				
5673	56730	0				
5674	56740	0				
5675	56750	0				
5676	56760	0				
5677	56770	0				
5678	56780	0				
5679	56790	0				
5680	56800	0				
5681	56810	0				
5682	56820	0				
5683	56830	0				
5684	56840	0				
5685	56850	0				
5686	56860	0				
5687	56870	0				
5688	56880	0				
5689	56890	0				
5690	56900	0				
5691	56910	0				
5692	56920	0				
5693	56930	0				
5694	56940	0				
5695	56950	0				
5696	56960	0				
5697	56970	0				
5698	56980	0				
5699	56990	0				
5700	57000	0				
5701	57010	0				
5702	57020	0				
5703	57030	0				
5704	57040	0				
5705	57050	0				
5706	57060	0				
5707	57070	0				
5708	57080	0				
5709	57090	0				
5710	57100	0				
5711	57110	0				
5712	57120	0				
5713	57130	0				
5714	57140	0				
5715	57150	0				
5716	57160	0				
5717	57170	0				
5718	57180	0				
5719	57190	0				
5720	57200	0				
5721	57210	0				
5722	57220	0				
5723	57230	0				
5724	57240	0				
5725	57250	0				
5726	57260	0				
5727	57270	0				
5728	57280	0				
5729	57290	0				
5730	57300	0				
5731	57310	0				
5732	57320	0				
5733	57330	0				
5734	57340	0				
5735	57350	0				
5736	57360	0				
5737	57370	0				
5738	57380	0				
5739	57390	0				
5740	57400	0				
5741	57410	0				
5742	57420	0				
5743	57430	0				
5744	57440	0				
5745	57450	0				
5746	57460	0				
5747	57470	0				
5748	57480	0				
5749	57490	0				
5750	57500	0				
5751	57510	0				
5752	57520	0				
5753	57530	0				
5754	57540	0				
5755	57550	0				
5756	57560	0				
5757	57570	0				
5758	57580	0				
5759	57590	0				
5760	57600	0				
5761	57610	0				
5762	57620	0				
5763	57630	0				
5764	57640	0				
5765	57650	0				
5766	57660	0				
5767	57670	0				
5768	57680	0				
5769	57690	0				
5770	57700	0				
5771	57710	0				
5772	57720	0				
5773	57730	0				
5774	57740	0				
5775	57750	0				
5776	57760	0				
5777	57770	0				
5778	57780	0				
5779	57790	0				
5780	57800	0				
5781	57810	0				
5782	57820	0				
5783	57830	0				
5784	57840	0				
5785	57850	0				
5786	57860	0				
5787	57870	0				
5788	57880	0				
5789	57890	0				
5790	57900	0				
5791	57910	0				
5792	57920	0				
5793	57930	0				
5794	57940	0				
5795	57950	0				
5796	57960	0				
5797	57970	0				
5798	57980	0				
5799	57990	0				
5800	58000	0				
5801	58010	0				
5802	58020	0				
5803	58030	0				
5804	58040	0				
5805	58050	0				
5806	58060	0				
5807	58070	0				
5808	58080	0				
5809	58090	0				
5810	58100	0				
5811	58110	0				
5812	58120	0				
5813	58130	0				
5814	58140	0				
5815	58150	0				
5816	58160	0				
5817	58170	0				
5818	58180	0				
5819	58190	0				
5820	58200	0				
5821	58210	0				
5822	58220	0				
5823	58230	0				
5824	58240	0				
5825	58250	0				
5826	58260	0				
5827	58270	0				
5828	58280	0				
5829	58290	0				
5830	58300	0				
5831	58310	0				
5832	58320	0				
5833	58330	0				
5834	58340	0				
5835	58350	0				
5836	58360	0				
5837	58370	0				
5838	58380	0				
5839	58390	0				
5840	58400	0				
5841	58410	0				
5842	58420	0				
5843	58430	0				
5844	58440	0				
5845	58450	0				
5846	58460	0				
5847	58470	0				
5848	58480	0				
5849	58490	0				
5850	58500	0				
5851	58510	0				
5852	58520	0				
5853	58530	0				
5854	58540	0				
5855	58550	0				
5856	58560	0				
5857	58570	0				
5858	58580	0				
5859	58590	0				
5860	58600	0				
5861	58610	0				
5862	58620	0				
5863	58630	0				
5864	58640	0				
5865	58650	0				
5866	58660	0				
5867	58670	0				
5868	58680	0				
5869	58690	0				
5870	58700	0				
5871	58710	0				
5872	58720	0				
5873	58730	0				
5874	58740	0				
5875	58750	0				
5876	58760	0				
5877	58770	0				
5878	58780	0				
5879	58790	0				
5880	58800	0				
5881	58810	0				
5882	58820	0				
5883	58830	0				
5884	58840	0				
5885	58850	0				
5886	58860	0				
5887	58870	0				
5888	58880	0				
5889	58890	0				
5890	58900	0				
5891	58910	0				
5892	58920	0				
5893	58930	0				
5894	58940	0				
5895	58950	0				
5896	58960	0				
5897	58970	0				
5898	58980	0				
5899	58990	0				
5900	59000	0				
5901	59010	0				
5902	59020	0				
5903	59030	0				
5904	59040	0				
5905	59050	0				
5906	59060	0				
5907	59070	0				
5908	59080	0				
5909	59090	0				
5910	59100	0				
5911	59110	0				
5912	59120	0				
5913	59130	0				
5914	59140	0				
5915	59150	0				
5916	59160	0				
5917	59170	0				
5918	59180	0				
5919	59190	0				
5920	59200	0				
5921	59210	0				
5922	59220	0				
5923	59230	0				
5924	59240	0				
5925	59250	0				
5926	59260	0				
5927	59270	0				
5928	59280	0				
5929	59290	0				
5930	59300	0				
5931	59310	0				
5932	59320	0				
5933	59330	0				
5934	59340	0				
5935	59350	0				
5936	59360	0				
5937	59370	0				
5938	59380	0				
5939	59390	0				
5940	59400	0				
5941	59410	0				
5942	59420	0				
5943	59430	0				
5944	59440	0				
5945	59450	0				
5946	59460	0				
5947	59470	0				
5948	59480	0				
5949	59490	0				
5950	59500	0				
5951	59510	0				
5952	59520	0				
5953	59530	0				
5954	59540	0				
5955	59550	0				
5956	59560	0				
5957	59570	0				
5958	59580	0				
5959	59590	0				
5960	59600	0				
5961	59610	0				
5962	59620	0				
5963	59630	0				
5964	59640	0				
5965	59650	0				
5966	59660	0				
5967	59670	0				
5968	59680	0				
5969	59690	0				
5970	59700	0				
5971	59710	0				
5972	59720	0				
5973	59730	0				
5974	59740	0				
5975	59750	0				
5976	59760	0				
5977	59770	0				
5978	59780	0				
5979	59790	0				
5980	59800	0				
5981	59810	0				
5982	59820	0				
5983	59830	0				
5984	59840	0				
5985	59850	0				
5986	59860	0				
5987	59870	0				
5988	59880	0				
5989	59890	0				
5990	59900	0				
5991	59910	0				
5992	59920	0				
5993	59930	0				
5994	59940	0				
5995	59950	0				
5996	59960	0				
5997	59970	0				
5998	59980	0				
5999	59990	0				
6000	60000	0				
6001	60010	0				
6002	60020	0				
6003	60030	0				
6004	60040	0				
6005	60050	0				
6006	60060	0				
6007	60070	0				
6008	60080	0				
6009	60090	0				
6010	60100	0				
6011	60110	0				
6012	60120	0				
6013	60130	0				
6014	60140	0				
6015	60150	0				
6016	60160	0				
6017	60170	0				
6018	60180	0				
6019	60190	0				
6020	60200	0				
6021	60210	0				
6022	60220	0				
6023	60230	0				
6024	60240	0				
6025	60250	0				
6026	60260	0				
6027	60270	0				
6028	60280	0				
6029	60290	0				
6030	60300	0				
6031	60310	0				
6032	60320	0				
6033	60330	0				
6034	60340	0				
6035	60350	0				
6036	60360	0				
6037	60370	0				
6038	60380	0				
6039	60390	0				
6040	60400	0				
6041	60410	0				
6042	60420	0				
6043	60430	0				
6044	60440	0				
6045	60450	0				
6046	60460	0				
6047	60470	0				
6048	60480	0				
6049	60490	0				
6050	60500	0				
6051	60510	0				
6052	60520	0				
6053	60530	0				
6054	60540	0				
6055	60550	0				
6056	60560	0				
6057	60570	0				
6058	60580	0				
6059	60590	0				
6060	60600	0				
6061	60610	0				
6062	60620	0				
6063	60630	0				
6064	60640	0				
6065	60650	0				
6066	60660	0				
6067	60670	0				
6068	60680	0				
6069	60690	0				
6070	60700	0				
6071	60710	0				
6072	60720	0				
6073	60730	0				
6074	60740	0				
6075	60750	0				
6076	60760	0				
6077	60770	0				
6078	60780	0				
6079	60790	0				
6080	60800	0				
6081	60810	0				
6082	60820	0				
6083	60830	0				
6084	60840	0				
6085	60850	0				
6086	60860	0				
6087	60870	0				
6088	60880	0				
6089	60890	0				
6090	60900	0				
6091	60910	0				
6092	60920	0				
6093	60930	0				
6094	60940	0				
6095	60950	0				
6096	60960	0				
6097	60970	0				
6098	60980	0				
6099	60990	0				
6100	61000	0				
6101	61010	0				
6102	61020	0				
6103	61030	0				
6104	61040	0				
6105	61050	0				
6106	61060	0				
6107	61070	0				
6108	61080	0				
6109	61090	0				
6110	61100	0		0.100825352112676		
6111	61110	0		0.137661971830986		
6112	61120	0		0.181825352112676		
6113	61130	0		0.160985915492958		
6114	61140	0		0.1926		
6115	61150	0		0.206847887323944		
6116	61160	0		0.199952112676057		
6117	61170	0		0.200218309859155		
6118	61180	0		0.173104225352113		
6119	61190	0	0	0.211538028169014		
6120	61200	0	0	0.208191549295775		
6121	61210	0	0	0.246067605633803		
6122	61220	0	0	0.314822535211268		
6123	61230	0	0	0.302754929577465		
6124	61240	0	0	0.358453521126761		
6125	61250	0	0	0.219828169014084		
6126	61260	0	0	0.226292957746479		
6127	61270	0	0	0.203729577464789		
6128	61280	0	0	0.165929577464789		
6129	61290	0	0.01	0.162152112676056		
6130	61300	0	0	0.110611267605634		
6131	61310	0	0	0.134264788732394		
6132	61320	0	0	0.104197183098592		
6133	61330	0	0	0.0786169014084507		
6134	61340	0	0	0.0744845070422535		
6135	61350	0	0	0.0684760563380282		
6136	61360	0	0	0.0653577464788732		
6137	61370	0	0	0.0619859154929578		
6138	61380	0	0	0.0588422535211268		
6139	61390	0	0	0.0558	0.000243692031358561	0.0555563079686414
6140	61400	0	0	0.0529352112676056	0.000243740489142155	0.0526914707784635
6141	61410	0	0.01	0.0502732394366197	0.00027943007361595	0.0499938093630038
6142	61420	0	0	0.0475859154929577	0.000740460487725845	0.0468454550052319
6143	61430	0	0.03	0.0452535211267606	0.00112628307368939	0.0441272380530712
6144	61440	0	0.07	0.043630985915493	0.00304851954980346	0.0405824663656895
6145	61450	0	0.85	0.0518450704225352	0.0137058632142711	0.0381392072082641
6146	61460	0	0.16	0.0717211267605634	0.0575689023611118	0.0141522243994516
6147	61470	0	0	0.0666760563380282	0.0805570953977128	-0.0138810390596846
6148	61480	0	0	0.0522507042253521	0.0740450043119776	-0.0217943000866255
6149	61490	0	0.03	0.0465718309859155	0.063529842011368	-0.0169580110254525
6150	61500	0	0	0.0435295774647887	0.0541659988952805	-0.0106364214304918
6151	61510	0	0	0.0406394366197183	0.0465988667558803	-0.00595943013616199
6152	61520	0	0	0.0379014084507042	0.0389311665260372	-0.001029758075333
6153	61530	0	0	0.0354169014084507	0.034700198732256	0.000716702676194711
6154	61540	0	0	0.0331352112676056	0.0305631567537452	0.00257205451386044
6155	61550	0	0	0.0309295774647887	0.0284422321818965	0.00248734528289221
6156	61560	0	0	0.0288760563380282	0.0276301903903969	0.00124586594763125
6157	61570	0	0	0.027	0.0235242274125973	0.00347577258740273
6158	61580	0	0	0.0252	0.0199377824856276	0.00526221751437237
6159	61590	0	0	0.0235521126760564	0.0158354227855428	0.00771668989051354
6160	61600	0	0	0.0219802816901408	0.0149957669289134	0.00698451476122741
6161	61610	0	0	0.0205605633802817	0.0160341616839374	0.00452640169634428
6162	61620	0	0.31	0.0191408450704225	0.0186599466833947	0.00048089838702781
6163	61630	0	0.06	0.0192422535211268	0.0338606711480585	-0.0146184176269318
6164	61640	0	0.01	0.0259605633802817	0.040176241180739	-0.0142156778004573
6165	61650	0	0	0.0213718309859155	0.0346698921376242	-0.0132980611517088
6166	61660	0	0	0.0184056338028169	0.0239043861348717	-0.00549875233205481
6167	61670	0	0	0.0168591549295775	0.018854181799104	-0.00199502686952655
6168	61680	0	0	0.015312676056338	0.0159140877365546	-0.000601411680216572
6169	61690	0	0	0.0137661971830986	0.0131213136162768	0.000644883566821837
6170	61700	0	0	0.0122197183098592	0.0114903492166977	0.00072936909316151
6171	61710	0	0	0.0106732394366197	0.0100604792730241	0.000612760163595613
6172	61720	0	0	0.0124225352112676	0.00939126556969087	0.00303126964157672
6173	61730	0	0	0.0100394366197183	0.00927504651520682	0.00076439010451149
6174	61740	0	0	0.00960845070422536	0.00791167532051938	0.00169677538370598
6175	61750	0	0	0.0105464788732395	0.00674945375549144	0.00379702511774801
6176	61760	0	0	0.00882253521126761	0.00521115915912316	0.00361137605214444
6177	61770	0	0	0.0106225352112676	0.0048381739117508	0.00578436129951682
6178	61780	0	0	0.00938028169014084	0.0052305764114355	0.00414970527870535
6179	61790	0	0.07	0.0102676056338028	0.00593712337473227	0.00433048225907054
6180	61800	0	0.5	0.0101661971830986	0.0133244656310904	-0.00315826844799181
6181	61810	0	0.61	0.0115859154929577	0.0432310111552286	-0.0316450956622709
6182	61820	0	0.01	0.017543661971831	0.0807479677549889	-0.0632043057831579
6183	61830	0	0.04	0.0279633802816902	0.0847922528979551	-0.0568288726162649
6184	61840	0	0.08	0.0307774647887324	0.0754547673337169	-0.0446773025449845
6185	61850	0	0.03	0.0333380281690141	0.0688493748619414	-0.0355113466929274
6186	61860	0	0	0.0434281690140845	0.0612746735120146	-0.0178465044979301
6187	61870	0	0	0.0550140845070423	0.0525979030547555	0.00241618145228678
6188	61880	0	0	0.0533154929577465	0.0450809586545398	0.00823453430320664
6189	61890	0	0	0.0496647887323944	0.039863408808505	0.00980137992388937
6190	61900	0	0	0.0427183098591549	0.0357011212344441	0.00701718862471088
6191	61910	0	0	0.0388394366197183	0.0336676733774797	0.00517176324223857
6192	61920	0	0	0.0347323943661972	0.0306806961695486	0.00405169819664862
6193	61930	0	0	0.0324507042253521	0.0258260044088259	0.00662469981652627
6194	61940	0	0	0.0288	0.0216396308244785	0.00716036917552148
6195	61950	0	0	0.0246169014084507	0.0187583862479581	0.0058585151604926
6196	61960	0	0	0.0240084507042254	0.0188216627263672	0.00518678797785813
6197	61970	0	0	0.0211183098591549	0.0192756108896155	0.00184269896953945
6198	61980	0	0	0.0212704225352113	0.0187568098533846	0.00251361268182665
6199	61990	0	0	0.0196225352112676	0.017112763802278	0.00250977140898967
6200	62000	0	0	0.0179239436619718	0.0133255873452191	0.00459835631675277
6201	62010	0	0	0.0184816901408451	0.00711519982076906	0.011366490320076
6202	62020	0	0	0.0163774647887324	0.0021048838690382	0.0142725809196942
6203	62030	0	0	0.0162760563380282	0.00167750698122678	0.0145985493568014
6204	62040	0	0	0.0156169014084507	0.000989296705923875	0.0146276047025268
6205	62050	0	0	0.0127521126760564	0.000239651410298585	0.0125124612657578
6206	62060	0	0	0.0127521126760563	0	0.0127521126760563
6207	62070	0	0	0.0118140845070423	0	0.0118140845070423
6208	62080	0	0.06	0.0122450704225352	0.000475508115055465	0.0117695623074798
6209	62090	0	0	0.0116619718309859	0.00341605822834687	0.00824591360263906
6210	62100	0	0	0.0117887323943662	0.00456002395374256	0.00722870844062365
6211	62110	0	0	0.0115859154929577	0.00396033942409734	0.00762557606886039
6212	62120	0	0	0.010774647887324	0.00338296069078478	0.00739168719653917
6213	62130	0	0	0.0114338028169014	0.00278460571213619	0.00864919710476524
6214	62140	0	0	0.0101661971830986	0.00236427657370838	0.00780192060939019
6215	62150	0	0	0.0110028169014085	0.00194579703488654	0.00905701986652192
6216	62160	0.993852728579208	0	0.0103183098591549	0.00177106569410188	0.00854724416505304
6217	62170	0.994393590655829	0	0.00988732394366196	0.00154163498189183	0.00834568896177013
6218	62180	0.99185281767748	0	0.0109521126760563	0.00146215218815137	0.00948996048790497
6219	62190	0.995415837139142	0	0.0094056338028169	0.00146244293485293	0.00794319086796397
6220	62200	0.993158669269874	0	0.0100901408450704	0.00120107232664024	0.00888906851843019
6221	62210	0.995136419729017	0	0.00907605633802817	0.0010267046980082	0.00804935164001997
6222	62220	0.995473321939582	0	0.00872112676056338	0.000771150143227404	0.00794997661733598
6223	62230	0.995494381261445	0	0.00856901408450704	0.000754046384294586	0.00781496770021245
6224	62240	0.995270981396744	0	0.00877183098591549	0.00084154935547155	0.00793028163044394
6225	62250	0.995133669233915	0.09	0.00917746478873239	0.00156780542825679	0.0076096593604756
6226	62260	0.999687550851444	0.2	0.00869577464788732	0.0075571844425706	0.00113859020531672
6227	62270	0.944366237306796	0.95	0.00927887323943662	0.0264562277370702	-0.0171773544976336
6228	62280	0	0.92	0.0138422535211268	0.0829986048488942	-0.0691563513277675
6229	62290	0.217039021447074	0.02	0.0149070422535211	0.143014013923763	-0.128106971670241
6230	62300	0.189555176641256	0.36	0.017569014084507	0.152070920476196	-0.134501906391689
6231	62310	0.247066290080118	0.15	0.0410704225352113	0.150322310316902	-0.109251887781691
6232	62320	0.329982509346372	0.01	0.0537211267605634	0.144060925619412	-0.0903397988588482
6233	62330	0.458393681758128	0	0.0596535211267606	0.126133348357839	-0.0664798272310782
6234	62340	0.610218236670413	0	0.056687323943662	0.107163517237031	-0.0504761932933686
6235	62350	0.684663311029365	0	0.0482197183098592	0.0918226243417713	-0.0436029060319121
6236	62360	0.710915857138857	0	0.0425661971830986	0.0809926657349839	-0.0384264685518853
6237	62370	0.728369645802615	0.08	0.0367352112676056	0.0727395049545957	-0.03600429368699
6238	62380	0.678227693362657	0	0.0321211267605634	0.0720722003018442	-0.0399510735412808
6239	62390	0.718277313899033	0	0.0298394366197183	0.0665893673478778	-0.0367499307281595
6240	62400	0.758697499656701	0	0.0254028169014085	0.0570642818572156	-0.0316614649558071
6241	62410	0.804187474423793	0.06	0.0232985915492958	0.0498019516728755	-0.0265033601235798
6242	62420	0.81091174345922	0.77	0.0224619718309859	0.052530037564642	-0.0300680657336561
6243	62430	0.504488391242291	0.03	0.0248450704225352	0.0904604188627273	-0.0656153484401921
6244	62440	0.434712275316806	0	0.0287492957746479	0.104739866111736	-0.0759905703370877
6245	62450	0.467416419696199	0.01	0.0286478873239437	0.0954163569173782	-0.0667684695934346
6246	62460	0.55661979498423	0.06	0.0276591549295775	0.0843195026054116	-0.0566603476758341
6247	62470	0.652140928803826	0.14	0.0271267605633803	0.0729953788338004	-0.0458686182704201
6248	62480	0.738123356476363	0	0.0270507042253521	0.0637682869896699	-0.0367175827643178
6249	62490	0.864744589738638	0.1	0.0261380281690141	0.0521075132695802	-0.025969485100566
6250	62500	0.848806599803919	0.28	0.0263661971830986	0.0523807647117239	-0.0260145675286253
6251	62510	0.795316633802049	0	0.0280140845070423	0.0590890717128723	-0.0310749872058301
6252	62520	0.786031194680226	0	0.0290788732394366	0.0591494927217018	-0.0300706194822651
6253	62530	0.822064318639657	0	0.0282676056338028	0.0536997036782759	-0.0254320980444731
6254	62540	0.883980811047253	0.27	0.0261887323943662	0.0474472225656738	-0.0212584901713076
6255	62550	0.815607212936614	0.14	0.0264676056338028	0.0550133722058013	-0.0285457665719985
6256	62560	0.783712699964687	0.27	0.0297633802816902	0.0623077858601713	-0.0325444055784811
6257	62570	0.71265617445907	0.08	0.0329323943661972	0.073117452015754	-0.0401850576495568
6258	62580	0.681752330842872	0.09	0.0349859154929577	0.0779026007099452	-0.0429166852169875
6259	62590	0.710063714617536	0.17	0.0372169014084507	0.0766216522202494	-0.0394047508117987
6260	62600	0.697799243812162	0.65	0.0415014084507042	0.0838751795048195	-0.0423737710541152
6261	62610	0.708206993968422	0.25	0.067512676056338	0.110575885090353	-0.0430632090340152
6262	62620	0.946327853109871	0.34	0.109140845070422	0.126046697701384	-0.0169058526309615
6263	62630	0.99251473176153	0	0.135735211267606	0.127277397180861	0.00845781408674476
6264	62640	0.987463147690546	0.01	0.130360563380282	0.119060889075119	0.0112996743051633
6265	62650	0.907062294258239	0.4	0.132008450704225	0.10703312299827	0.0249753277059553
6266	62660	0.510661366635158	0.06	0.180380281690141	0.113482106045325	0.0668981756448162
6267	62670	0.66067815567072	0	0.158476056338028	0.110989693619151	0.0474863627188774
6268	62680	0.853600190385957	0	0.128281690140845	0.097124558026724	0.0311571321141211
6269	62690	0.911312065316302	0	0.107619718309859	0.0839023864170479	0.023717331892811
6270	62700	0.960772682080611	0.32	0.0932704225352113	0.0757440604167137	0.0175263621184976
6271	62710	0.823129885812326	0.01	0.116822535211268	0.0830139057947102	0.0338086294165575
6272	62720	0.905095277400745	0	0.105616901408451	0.0825799020055131	0.0230369994029376
6273	62730	0.962498412548725	0	0.0908619718309859	0.0737203060295281	0.0171416658014579
6274	62740	0.971416239530622	0	0.0781859154929578	0.0625787241834065	0.0156071913095513
6275	62750	0.978586194449296	0	0.0672845070422535	0.0532154432319615	0.014069063810292
6276	62760	0.991399512221882	0	0.0580056338028169	0.0478981323183261	0.0101075014844908
6277	62770	0.980396752740278	0	0.0522253521126761	0.0415418910098647	0.0106834611028113
6278	62780	0.991024490234652	0	0.0466225352112676	0.0381646504736194	0.00845788473764819
6279	62790	0.985435046675732	0.08	0.0431492957746479	0.032766919404357	0.0103823763702909
6280	62800	0.996229292082245	0.87	0.0421859154929577	0.0383598102305408	0.00382610526241696
6281	62810	0.995113602543838	0	0.0712140845070423	0.0761293894716904	-0.00491530496464812
6282	62820	0.996031679271106	1.99	0.091343661971831	0.10321717732695	-0.0118735153551192
6283	62830	0.703762348882006	0.07	0.14374647887324	0.188090582736274	-0.0443441038630347
6284	62840	0.522947069979896	0.37	0.152619718309859	0.220805789187261	-0.0681860708774021
6285	62850	0.486843127885692	0.63	0.153152112676056	0.214304875153414	-0.061152762477358
6286	62860	0.999455021885953	0.04	0.226470422535211	0.223097336907348	0.00337308562786293
6287	62870	0.865793708971919	0	0.233391549295775	0.206155893894389	0.0272356554013852
6288	62880	0.994937956754687	0	0.190216901408451	0.179550480556404	0.0106664208520465
6289	62890	0.998892655994716	0	0.147498591549296	0.15080730855407	-0.00330871700477389
6290	62900	0	0	0.122552112676056	0.132907969148239	-0.0103558564721824
6291	62910	0	0	0.105135211267606	0.114764262550681	-0.00962905128307542
6292	62920	0	0	0.0922816901408451	0.102006401748598	-0.00972471160775251
6293	62930	0	0	0.081456338028169	0.0955257567372147	-0.0140694187090457
6294	62940	0	0	0.0725070422535211	0.080113304112952	-0.00760626185943086
6295	62950	0	0	0.0643183098591549	0.0729081146396962	-0.00858980478054131
6296	62960	0	0	0.0589690140845071	0.0638531901822922	-0.00488417609778518
6297	62970	0	0	0.0537971830985916	0.0593480845439651	-0.00555090144537358
6298	62980	0	0	0.0496394366197183	0.0583586003005099	-0.00871916368079159
6299	62990	0	0.05	0.0468253521126761	0.0539475471656452	-0.00712219505296918
6300	63000	0	0.31	0.0442140845070423	0.0549991632915428	-0.0107850787845005
6301	63010	0	0.13	0.0437577464788733	0.0613096624852542	-0.0175519160063809
6302	63020	0	0.04	0.0446450704225352	0.0660564454478118	-0.0214113750252766
6303	63030	0	0.94	0.0486507042253521	0.0572410138737841	-0.00859030964843199
6304	63040	0	1.33	0.124377464788732	0.106354394452978	0.0180230703357544
6305	63050	0	0.53	0.281585915492958	0.183190303444423	0.0983956120485348
6306	63060	0	0.01	0.312287323943662	0.21582536219884	0.0964619617448218
6307	63070	0	0.01	0.256005633802817	0.200224223181537	0.0557814106212801
6308	63080	0	0.17	0.209535211267606	0.172501349600891	0.037033861666715
6309	63090	0	0.01	0.188822535211268	0.154144803861893	0.0346777313493742
6310	63100	0	0	0.157842253521127	0.13549700398843	0.0223452495326971
6311	63110	0	0.34	0.134518309859155	0.120219014459569	0.0142992953995862
6312	63120	0	0.1	0.12227323943662	0.12305673589193	-0.000783496455310631
6313	63130	0	0.2	0.117456338028169	0.124539406470481	-0.00708306844231223
6314	63140	0	0.02	0.123160563380282	0.125947999771786	-0.00278743639150413
6315	63150	0	0.02	0.12252676056338	0.119829654448035	0.00269710611534557
6316	63160	0	0.35	0.121461971830986	0.108729320911343	0.0127326509196424
6317	63170	0	0.04	0.124276056338028	0.110447186184061	0.0138288701539667
6318	63180	0	0.02	0.11603661971831	0.105930462767602	0.0101061569507079
6319	63190	0	0.18	0.10536338028169	0.0998179931124629	0.00554538716922738
6320	63200	0	0.3	0.0996845070422535	0.103618656637265	-0.00393414959501143
6321	63210	0	0.06	0.111194366197183	0.11378131378453	-0.00258694758734696
6322	63220	0	0.01	0.112588732394366	0.112316571748649	0.000272160645717043
6323	63230	0	0	0.105921126760563	0.0972311039590497	0.00869002280151349
6324	63240	0	0	0.0965154929577465	0.075707033340969	0.0208084596167775
6325	63250	0	0	0.089087323943662	0.0539939133168374	0.0350934106268245
6326	63260	0	0	0.0798338028169014	0.0437648215277042	0.0360689812891972
6327	63270	0	0	0.0734450704225352	0.0394345842186696	0.0340104862038656
6328	63280	0	0	0.0688056338028169	0.0351212114918857	0.0336844223109312
6329	63290	0	0.26	0.0667267605633803	0.0331512546463676	0.0335755059170127
6330	63300	0	0.02	0.0729887323943662	0.0428425511182923	0.0301461812760739
6331	63310	0	2.97	0.0982140845070422	0.0696016380949573	0.0286124464120849
6332	63320	0	0.14	0.159616901408451	0.20904749395751	-0.0494305925490598
6333	63330	0	0.1	0.172850704225352	0.267266965599192	-0.09441626137384
6334	63340	0	0.61	0.183954929577465	0.243934210911841	-0.0599792813343767
6335	63350	0	0.09	0.225811267605634	0.243247090212031	-0.0174358226063973
6336	63360	0	0.02	0.223935211267606	0.224394375782998	-0.000459164515392629
6337	63370	0	0	0.198050704225352	0.194069930962837	0.00398077326251517
6338	63380	0	0	0.167323943661972	0.163095609390912	0.00422833427105993
6339	63390	0	0	0.139208450704225	0.143633654461385	-0.00442520375715993
6340	63400	0	0	0.127647887323944	0.123090735694494	0.00455715162944949
6341	63410	0	0.02	0.115047887323944	0.109629019726192	0.0054188675977512
6342	63420	0	0	0.106529577464789	0.106152608664126	0.000376968800663069
6343	63430	0	0.01	0.0988225352112676	0.0895639987226944	0.00925853648857322
6344	63440	0	0	0.0924591549295775	0.079243851714508	0.0132153032150694
6345	63450	0	0	0.0865267605633803	0.0659303602677321	0.0205964002956482
6346	63460	0	0	0.0815830985915493	0.0612995670071029	0.0202835315844464
6347	63470	0	0	0.0765126760563381	0.0627403757369111	0.0137723003194269
6348	63480	0	0.01	0.0718225352112676	0.0598106269839164	0.0120119082273512
6349	63490	0	0	0.0683239436619718	0.0584052897851395	0.00991865387683234
6350	63500	0	0	0.0642422535211268	0.0497772912805256	0.0144649622406012
6351	63510	0	0.01	0.0609211267605634	0.0384967278644002	0.0224243988961632
6352	63520	0	0	0.0579549295774648	0.0143477609803509	0.0436071685971139
6353	63530	0	0	0.0555971830985915	0.011345212940943	0.0442519701576485
6354	63540	0	0	0.0534169014084507	0.00784635891618849	0.0455705424922622
6355	63550	0	0	0.0514901408450704	0.00229779347299747	0.049192347372073
6356	63560	0	0	0.0497915492957747	0.00134151241900496	0.0484500368767697
6357	63570	0	0	0.050374647887324	0.00106002673496179	0.0493146211523622
6358	63580	0	0	0.0496394366197183	0.000978513686446614	0.0486609229332717
6359	63590	0	0	0.0479915492957746	0.000961866347359533	0.0470296829484151
6360	63600	0	0	0.045912676056338	0.0008330259463416	0.0450796501099964
6361	63610	0	0	0.0444422535211268	0.000715922096203221	0.0437263314249235
6362	63620	0	0	0.0428450704225352	0.000489007605833717	0.0423560628167015
6363	63630	0	0		0.000405736921921998	
6364	63640	0	0		0.000311375675579959	
6365	63650	0	0		0.000270948899816834	
6366	63660	0	0		0.000267019405693334	
6367	63670	0	0		0.000257000318732253	
6368	63680	0	0		0.000222307679378461	
6369	63690	0	0		0.000141345008310903	
6370	63700	0	0		0.000116742092820328	
6371	63710	0	0		7.98838034328615e-05	
6372	63720	0	0		0	
6373	63730	0	0		0	
6374	63740	0	0.07		0.000554759467564709	
6375	63750	0	0.18		0.00541192561157107	
6376	63760	0	0.13		0.0165984702136938	
6377	63770	0	0		0.0257019273507595	
6378	63780	0	0		0.0257078576446498	
6379	63790	0	0		0.0219783241553908	
6380	63800	0	0		0.018441887969102	
6381	63810	0	0.05		0.0157924954006674	
6382	63820	0	0		0.015872948847769	
6383	63830	0	0		0.0151276847648857	
6384	63840	0	0		0.0134683410224873	
6385	63850	0	0		0.0122519830248688	
6386	63860	0	0		0.0112770810200805	
6387	63870	0	0		0.00993989596453528	
6388	63880	0	0		0.00820361016458254	
6389	63890	0	0.01		0.00697283748797115	
6390	63900	0	0		0.00676881090089428	
6391	63910	0	0		0.00713384651308868	
6392	63920	0	0		0.00725516077844581	
6393	63930	0	0		0.00677763557396234	
6394	63940	0	0		0.00581771760320054	
6395	63950	0	0		0.00399222688343	
6396	63960	0	0		0.00199116093735378	
6397	63970	0	0		0.000996468745243272	
6398	63980	0	0		0.000969058543376637	
6399	63990	0	0		0.000950417072913076	
6400	64000	0	0		0.000827450953243795	
6401	64010	0	0.02		0.000758100443289502	
6402	64020	0	0.33		0.00392509815858871	
6403	64030	0	0.05		0.0208331100269061	
6404	64040	0	0		0.0293726344746213	
6405	64050	0	0		0.0268497985834944	
6406	64060	0	0		0.0229771924327217	
6407	64070	0	0		0.0190639025252834	
6408	64080	0	0		0.0160893670199588	
6409	64090	0	0		0.0133423532047664	
6410	64100	0				
6411	64110	0				
6412	64120	0				
6413	64130	0				
6414	64140	0				
6415	64150	0				
6416	64160	0				
6417	64170	0				
6418	64180	0				
6419	64190	0				
6420	64200	0				
6421	64210	0				
6422	64220	0				
6423	64230	0				
6424	64240	0				
6425	64250	0				
6426	64260	0				
6427	64270	0				
6428	64280	0				
6429	64290	0				
6430	64300	0				
6431	64310	0				
6432	64320	0				
6433	64330	0				
6434	64340	0				
6435	64350	0				
6436	64360	0				
6437	64370	0				
6438	64380	0				
6439	64390	0				
6440	64400	0				
6441	64410	0				
6442	64420	0				
6443	64430	0				
6444	64440	0				
6445	64450	0				
6446	64460	0				
6447	64470	0				
6448	64480	0				
6449	64490	0				
6450	64500	0				
6451	64510	0				
6452	64520	0				
6453	64530	0				
6454	64540	0				
6455	64550	0				
6456	64560	0				
6457	64570	0				
6458	64580	0				
6459	64590	0				
6460	64600	0				
6461	64610	0				
6462	64620	0				
6463	64630	0				
6464	64640	0				
6465	64650	0				
6466	64660	0				
6467	64670	0				
6468	64680	0				
6469	64690	0				
6470	64700	0				
6471	64710	0				
6472	64720	0				
6473	64730	0				
6474	64740	0				
6475	64750	0				
6476	64760	0				
6477	64770	0				
6478	64780	0				
6479	64790	0				
6480	64800	0				
6481	64810	0				
6482	64820	0				
6483	64830	0				
6484	64840	0				
6485	64850	0				
6486	64860	0				
6487	64870	0				
6488	64880	0				
6489	64890	0				
6490	64900	0				
6491	64910	0				
6492	64920	0				
6493	64930	0				
6494	64940	0				
6495	64950	0				
6496	64960	0				
6497	64970	0				
6498	64980	0				
6499	64990	0				
6500	65000	0				
6501	65010	0				
6502	65020	0				
6503	65030	0				
6504	65040	0				
6505	65050	0				
6506	65060	0				
6507	65070	0				
6508	65080	0				
6509	65090	0				
6510	65100	0				
6511	65110	0				
6512	65120	0				
6513	65130	0				
6514	65140	0				
6515	65150	0				
6516	65160	0				
6517	65170	0				
6518	65180	0				
6519	65190	0				
6520	65200	0				
6521	65210	0				
6522	65220	0				
6523	65230	0				
6524	65240	0				
6525	65250	0				
6526	65260	0				
6527	65270	0				
6528	65280	0				
6529	65290	0				
6530	65300	0				
6531	65310	0				
6532	65320	0				
6533	65330	0				
6534	65340	0				
6535	65350	0				
6536	65360	0				
6537	65370	0				
6538	65380	0				
6539	65390	0				
6540	65400	0				
6541	65410	0				
6542	65420	0				
6543	65430	0				
6544	65440	0				
6545	65450	0				
6546	65460	0				
6547	65470	0				
6548	65480	0				
6549	65490	0				
6550	65500	0				
6551	65510	0				
6552	65520	0				
6553	65530	0				
6554	65540	0				
6555	65550	0				
6556	65560	0				
6557	65570	0				
6558	65580	0				
6559	65590	0				
6560	65600	0				
6561	65610	0				
6562	65620	0				
6563	65630	0				
6564	65640	0				
6565	65650	0				
6566	65660	0				
6567	65670	0				
6568	65680	0				
6569	65690	0				
6570	65700	0				
6571	65710	0				
6572	65720	0				
6573	65730	0				
6574	65740	0				
6575	65750	0				
6576	65760	0				
6577	65770	0				
6578	65780	0				
6579	65790	0				
6580	65800	0				
6581	65810	0				
6582	65820	0				
6583	65830	0				
6584	65840	0				
6585	65850	0				
6586	65860	0				
6587	65870	0				
6588	65880	0				
6589	65890	0				
6590	65900	0				
6591	65910	0				
6592	65920	0				
6593	65930	0				
6594	65940	0				
6595	65950	0				
6596	65960	0				
6597	65970	0				
6598	65980	0				
6599	65990	0				
6600	66000	0				
6601	66010	0				
6602	66020	0				
6603	66030	0				
6604	66040	0				
6605	66050	0				
6606	66060	0				
6607	66070	0				
6608	66080	0				
6609	66090	0				
6610	66100	0				
6611	66110	0				
6612	66120	0				
6613	66130	0				
6614	66140	0				
6615	66150	0				
6616	66160	0				
6617	66170	0				
6618	66180	0				
6619	66190	0				
6620	66200	0				
6621	66210	0				
6622	66220	0				
6623	66230	0				
6624	66240	0				
6625	66250	0				
6626	66260	0				
6627	66270	0				
6628	66280	0				
6629	66290	0				
6630	66300	0				
6631	66310	0				
6632	66320	0				
6633	66330	0				
6634	66340	0				
6635	66350	0				
6636	66360	0				
6637	66370	0				
6638	66380	0				
6639	66390	0				
6640	66400	0				
6641	66410	0				
6642	66420	0				
6643	66430	0				
6644	66440	0				
6645	66450	0				
6646	66460	0				
6647	66470	0				
6648	66480	0				
6649	66490	0				
6650	66500	0				
6651	66510	0				
6652	66520	0				
6653	66530	0				
6654	66540	0				
6655	66550	0				
6656	66560	0				
6657	66570	0				
6658	66580	0				
6659	66590	0				
6660	66600	0				
6661	66610	0				
6662	66620	0				
6663	66630	0				
6664	66640	0				
6665	66650	0				
6666	66660	0				
6667	66670	0				
6668	66680	0				
6669	66690	0				
6670	66700	0				
6671	66710	0				
6672	66720	0				
6673	66730	0				
6674	66740	0				
6675	66750	0				
6676	66760	0				
6677	66770	0				
6678	66780	0				
6679	66790	0				
6680	66800	0				
6681	66810	0				
6682	66820	0				
6683	66830	0				
6684	66840	0				
6685	66850	0				
6686	66860	0				
6687	66870	0				
6688	66880	0				
6689	66890	0				
6690	66900	0				
6691	66910	0				
6692	66920	0				
6693	66930	0				
6694	66940	0				
6695	66950	0				
6696	66960	0				
6697	66970	0				
6698	66980	0				
6699	66990	0				
6700	67000	0				
6701	67010	0				
6702	67020	0				
6703	67030	0				
6704	67040	0				
6705	67050	0				
6706	67060	0				
6707	67070	0				
6708	67080	0				
6709	67090	0				
6710	67100	0				
6711	67110	0				
6712	67120	0				
6713	67130	0				
6714	67140	0				
6715	67150	0				
6716	67160	0				
6717	67170	0				
6718	67180	0				
6719	67190	0				
6720	67200	0				
6721	67210	0				
6722	67220	0				
6723	67230	0				
6724	67240	0				
6725	67250	0				
6726	67260	0				
6727	67270	0				
6728	67280	0				
6729	67290	0				
6730	67300	0				
6731	67310	0				
6732	67320	0				
6733	67330	0				
6734	67340	0				
6735	67350	0				
6736	67360	0				
6737	67370	0				
6738	67380	0				
6739	67390	0				
6740	67400	0				
6741	67410	0				
6742	67420	0				
6743	67430	0				
6744	67440	0				
6745	67450	0				
6746	67460	0				
6747	67470	0				
6748	67480	0				
6749	67490	0				
6750	67500	0				
6751	67510	0				
6752	67520	0				
6753	67530	0				
6754	67540	0				
6755	67550	0				
6756	67560	0				
6757	67570	0				
6758	67580	0				
6759	67590	0				
6760	67600	0				
6761	67610	0				
6762	67620	0				
6763	67630	0				
6764	67640	0				
6765	67650	0				
6766	67660	0				
6767	67670	0				
6768	67680	0				
6769	67690	0				
6770	67700	0				
6771	67710	0				
6772	67720	0				
6773	67730	0				
6774	67740	0				
6775	67750	0				
6776	67760	0				
6777	67770	0				
6778	67780	0				
6779	67790	0				
6780	67800	0				
6781	67810	0				
6782	67820	0				
6783	67830	0				
6784	67840	0				
6785	67850	0				
6786	67860	0				
6787	67870	0				
6788	67880	0				
6789	67890	0				
6790	67900	0				
6791	67910	0				
6792	67920	0				
6793	67930	0				
6794	67940	0				
6795	67950	0				
6796	67960	0				
6797	67970	0				
6798	67980	0				
6799	67990	0				
6800	68000	0				
6801	68010	0				
6802	68020	0				
6803	68030	0				
6804	68040	0				
6805	68050	0				
6806	68060	0				
6807	68070	0				
6808	68080	0				
6809	68090	0				
6810	68100	0				
6811	68110	0				
6812	68120	0				
6813	68130	0				
6814	68140	0				
6815	68150	0				
6816	68160	0				
6817	68170	0				
6818	68180	0				
6819	68190	0				
6820	68200	0				
6821	68210	0				
6822	68220	0				
6823	68230	0				
6824	68240	0				
6825	68250	0				
6826	68260	0				
6827	68270	0				
6828	68280	0				
6829	68290	0				
6830	68300	0				
6831	68310	0				
6832	68320	0				
6833	68330	0				
6834	68340	0				
6835	68350	0				
6836	68360	0				
6837	68370	0				
6838	68380	0				
6839	68390	0				
6840	68400	0				
6841	68410	0				
6842	68420	0				
6843	68430	0				
6844	68440	0				
6845	68450	0				
6846	68460	0				
6847	68470	0				
6848	68480	0				
6849	68490	0				
6850	68500	0				
6851	68510	0				
6852	68520	0				
6853	68530	0				
6854	68540	0				
6855	68550	0				
6856	68560	0				
6857	68570	0				
6858	68580	0				
6859	68590	0				
6860	68600	0				
6861	68610	0				
6862	68620	0				
6863	68630	0				
6864	68640	0				
6865	68650	0				
6866	68660	0				
6867	68670	0				
6868	68680	0				
6869	68690	0				
6870	68700	0				
6871	68710	0				
6872	68720	0				
6873	68730	0				
6874	68740	0				
6875	68750	0				
6876	68760	0				
6877	68770	0				
6878	68780	0				
6879	68790	0				
6880	68800	0				
6881	68810	0				
6882	68820	0				
6883	68830	0				
6884	68840	0				
6885	68850	0				
6886	68860	0				
6887	68870	0				
6888	68880	0				
6889	68890	0				
6890	68900	0				
6891	68910	0				
6892	68920	0				
6893	68930	0				
6894	68940	0				
6895	68950	0				
6896	68960	0				
6897	68970	0				
6898	68980	0				
6899	68990	0				
6900	69000	0				
6901	69010	0				
6902	69020	0				
6903	69030	0				
6904	69040	0				
6905	69050	0				
6906	69060	0				
6907	69070	0				
6908	69080	0				
6909	69090	0				
6910	69100	0				
6911	69110	0				
6912	69120	0				
6913	69130	0				
6914	69140	0				
6915	69150	0				
6916	69160	0				
6917	69170	0				
6918	69180	0				
6919	69190	0				
6920	69200	0				
6921	69210	0				
6922	69220	0				
6923	69230	0				
6924	69240	0				
6925	69250	0				
6926	69260	0				
6927	69270	0				
6928	69280	0				
6929	69290	0				
6930	69300	0				
6931	69310	0				
6932	69320	0				
6933	69330	0				
6934	69340	0				
6935	69350	0				
6936	69360	0				
6937	69370	0				
6938	69380	0				
6939	69390	0				
6940	69400	0				
6941	69410	0				
6942	69420	0				
6943	69430	0				
6944	69440	0				
6945	69450	0				
6946	69460	0				
6947	69470	0				
6948	69480	0				
6949	69490	0				
6950	69500	0				
6951	69510	0				
6952	69520	0				
6953	69530	0				
6954	69540	0				
6955	69550	0				
6956	69560	0				
6957	69570	0				
6958	69580	0				
6959	69590	0				
6960	69600	0				
6961	69610	0				
6962	69620	0				
6963	69630	0				
6964	69640	0				
6965	69650	0				
6966	69660	0				
6967	69670	0				
6968	69680	0				
6969	69690	0				
6970	69700	0				
6971	69710	0				
6972	69720	0				
6973	69730	0				
6974	69740	0				
6975	69750	0				
6976	69760	0				
6977	69770	0				
6978	69780	0				
6979	69790	0				
6980	69800	0				
6981	69810	0				
6982	69820	0				
6983	69830	0				
6984	69840	0				
6985	69850	0				
6986	69860	0				
6987	69870	0				
6988	69880	0				
6989	69890	0				
6990	69900	0				
6991	69910	0				
6992	69920	0	0			
6993	69930	0	0			
6994	69940	0	0			
6995	69950	0	0	0.13750985915493		
6996	69960	0	0	0.20950985915493		
6997	69970	0	0	0.406140845070423		
6998	69980	0	0	0.756329577464789		
6999	69990	0	0.01	0.771743661971831		
7000	70000	0	0	1.07949295774648		
7001	70010	0	0	0.631901408450704		
7002	70020	0	0	0.645921126760563		
7003	70030	0	0	0.544816901408451		
7004	70040	0	0	0.528040140845071		
7005	70050	0	0	0.532134507042254		
7006	70060	0	0	0.376193661971831		
7007	70070	0	0	0.331364788732394		
7008	70080	0	0	0.261228169014084		
7009	70090	0	0	0.229493661971831		
7010	70100	0	0	0.1971		
7011	70110	0	0	0.168312676056338		
7012	70120	0	0	0.143721126760564	0.000171117449668034	0.143550009310896
7013	70130	0	0	0.122476056338028	0.000128525023871234	0.122347531314157
7014	70140	0	0	0.112544366197183	0.000125674397382431	0.1124186917998
7015	70150	0	0	0.102137323943662	0.000140258225911925	0.10199706571775
7016	70160	0	0	0.0838140845070423	0.0001424238759456	0.0836716606310966
7017	70170	0	0	0.0862542253521127	0.000141345008310903	0.0861128803438018
7018	70180	0	0.22	0.0729380281690141	0.0018602718480237	0.0710777563209904
7019	70190	0	0	0.0677408450704226	0.0126054306407047	0.0551354144297178
7020	70200	0	0	0.0647239436619718	0.0167200878303894	0.0480038558315825
7021	70210	0	0	0.0524598591549296	0.0145212445550236	0.037938614599906
7022	70220	0	0	0.0498802816901409	0.0124041891995442	0.0374760924905967
7023	70230	0	0	0.0421478873239437	0.0102102209444994	0.0319376663794443
7024	70240	0	0	0.0412161971830986	0.0086690141035974	0.0325471830795012
7025	70250	0	0	0.0383830985915493	0.0071345891279173	0.031248509463632
7026	70260	0	0	0.0363676056338028	0.00649390754504023	0.0298736980887626
7027	70270	0	0	0.0389408450704225	0.00565266160027006	0.0332881834701525
7028	70280	0	0	0.0325964788732394	0.00536122468988834	0.0272352541833511
7029	70290	0	0	0.0339654929577465	0.00536229076112742	0.0286032021966191
7030	70300	0	0	0.0350112676056338	0.00440393186434753	0.0306073357412863
7031	70310	0	0	0.0333823943661972	0.00376458389269675	0.0296178104735004
7032	70320	0	0	0.0375338028169014	0.00282755052516715	0.0347062522917343
7033	70330	0	0	0.0341619718309859	0.00276483674241348	0.0313971350885725
7034	70340	0	0	0.0338323943661972	0.00308568097006235	0.0307467133961348
7035	70350	0	0	0.0325267605633803	0.00313332527080319	0.0293934352925771
7036	70360	0	0	0.0349478873239437	0.00310959018283987	0.0318382971411038
7037	70370	0	0	0.0359176056338028	0.00256832604204721	0.0333492795917556
7038	70380	0	0	0.0307838028169014	0.00175744367552295	0.0290263591413784
7039	70390	0	0	0.0307647887323944	0	0.0307647887323944
7040	70400	0	0	0.0264295774647887	0	0.0264295774647887
7041	70410	0	0	0.0266007042253521	0	0.0266007042253521
7042	70420	0	0	0.0234887323943662	0	0.0234887323943662
7043	70430	0	0	0.0245978873239437	0	0.0245978873239437
7044	70440	0	0	0.0232098591549296	0	0.0232098591549296
7045	70450	0	0	0.0217457746478873	0	0.0217457746478873
7046	70460	0	0	0.0231464788732394	0	0.0231464788732394
7047	70470	0	0	0.0201739436619718	0	0.0201739436619718
7048	70480	0	0	0.0210295774647887	0	0.0210295774647887
7049	70490	0	0.35	0.0205478873239437	0.00277379733782354	0.0177740899861201
7050	70500	0	0.25	0.0211880281690141	0.0219082901447545	-0.000720261975740405
7051	70510	0	0.01	0.0241922535211268	0.0409129670341194	-0.0167207135129927
7052	70520	0	0.03	0.0223161971830986	0.0429091768767474	-0.0205929796936488
7053	70530	0	0	0.0232035211267606	0.0387033847364473	-0.0154998636096868
7054	70540	0	0	0.0228866197183099	0.0332792714132852	-0.0103926516949753
7055	70550	0	0	0.0270633802816902	0.0279381336410458	-0.000874753359355641
7056	70560	0	0	0.0260429577464789	0.0233572163913715	0.0026857413551074
7057	70570	0	0.03	0.0223732394366197	0.0204628072035021	0.00191043223311764
7058	70580	0	0	0.0244521126760564	0.0195867780266356	0.00486533464942077
7059	70590	0	0.09	0.0224556338028169	0.019214050471347	0.0032415833314699
7060	70600	0	0	0.0290471830985915	0.022869946969208	0.00617723612938353
7061	70610	0	0	0.0297253521126761	0.0226457932655993	0.00707955884707676
7062	70620	0	0.04	0.0267338028169014	0.0196182127515178	0.00711559006538364
7063	70630	0	0	0.0254535211267606	0.0182416637409898	0.00721185738577075
7064	70640	0	0	0.0191218309859155	0.0165732061729633	0.00254862481295218
7065	70650	0	0	0.0236598591549296	0.0157649492046986	0.00789490995023103
7066	70660	0	0	0.0195021126760563	0.0149473609453558	0.00455475173070051
7067	70670	0	0	0.0272091549295775	0.0142690320509001	0.0129401228786774
7068	70680	0	0.11	0.0322542253521127	0.0136744202105036	0.0185798051416091
7069	70690	0	0	0.0344345070422535	0.0166368379642468	0.0177976690780067
7070	70700	0	0	0.0351	0.0147856433327874	0.0203143566672127
7071	70710	0	0	0.0352394366197183	0.0109056725755743	0.0243337640441441
7072	70720	0	0.46	0.0389408450704225	0.0129791565900898	0.0259616884803328
7073	70730	0	0	0.0470218309859155	0.0338473520720545	0.013174478913861
7074	70740	0	0.08	0.0532077464788732	0.0422877576059378	0.0109199888729355
7075	70750	0	0.18	0.0721711267605634	0.0422819943218127	0.0298891324387507
7076	70760	0	0	0.0912295774647887	0.0476573336160238	0.043572243848765
7077	70770	0	0	0.070212676056338	0.0451499530944964	0.0250627229618417
7078	70780	0	0	0.0543549295774648	0.0388100770090775	0.0155448525683873
7079	70790	0	0	0.0490183098591549	0.0327492620712412	0.0162690477879137
7080	70800	0	0	0.0355880281690141	0.0278517021882182	0.00773632598079589
7081	70810	0	0	0.0298014084507042	0.0238556876131076	0.00594572083759663
7082	70820	0	0	0.029687323943662	0.0211419559489376	0.00854536799472437
7083	70830	0	0	0.0277605633802817	0.0199631912632406	0.00779737211704107
7084	70840	0	0	0.0256056338028169	0.0173255028524836	0.00828013095033326
7085	70850	0	0	0.0233049295774648	0.0157744457977225	0.0075304837797423
7086	70860	0	0	0.020256338028169	0.0134557047629091	0.00680063326525988
7087	70870	0	0	0.0167387323943662	0.0120373418778804	0.0047013905164858
7088	70880	0	0.07	0.0155725352112676	0.0119936739822692	0.00357886122899839
7089	70890	0	0	0.0153887323943662	0.0138557451686439	0.00153298722572227
7090	70900	0	0.02	0.0152619718309859	0.0153646059935322	-0.000102634162546255
7091	70910	0	0.26	0.0167767605633803	0.0168537925798507	-7.70320164704616e-05
7092	70920	0	0	0.0190330985915493	0.0276387592380858	-0.00860566064653652
7093	70930	0.992630992822108	0.2	0.0252316901408451	0.0293920975474195	-0.00416040740657442
7094	70940	0.96932943769405	0	0.0268225352112676	0.0351747359300615	-0.00835220071879393
7095	70950	0.964728957950752	0	0.0245788732394366	0.0344957830790804	-0.00991690983964379
7096	70960	0.970877642949644	0	0.0210359154929577	0.0281220916672696	-0.00708617617431188
7097	70970	0.984975923192074	0	0.0195718309859155	0.0239689072791882	-0.00439707629327272
7098	70980	0.993857899164384	0	0.0179049295774648	0.0200100056425062	-0.00210507606504137
7099	70990	0.997755345860232	0.1	0.0185260563380282	0.0185681151965209	-4.20588584927155e-05
7100	71000	0.997798402624058	0.16	0.0208647887323944	0.0220164955023432	-0.00115170676994878
7101	71010	0.97097511100183	0.33	0.0235140845070423	0.0332496714195904	-0.00973558691254812
7102	71020	0.851921157574184	0	0.0251366197183099	0.0503250184393644	-0.0251883987210545
7103	71030	0.796371666318214	0	0.0224049295774648	0.0525797477514436	-0.0301748181739788
7104	71040	0.822909624977614	0	0.0205859154929577	0.0460068259648597	-0.025420910471902
7105	71050	0.864396752435227	0	0.0169098591549296	0.0385659009570304	-0.0216560418021008
7106	71060	0.915923701415963	0	0.0164788732394366	0.0328228788400863	-0.0163440056006497
7107	71070	0.941071670991404	0	0.015287323943662	0.0284633461580316	-0.0131760222143696
7108	71080	0.960613693340946	0	0.0136838028169014	0.0250525025421867	-0.0113686997252853
7109	71090	0.970221054100922	0	0.0145140845070423	0.0230024271694868	-0.00848834266244455
7110	71100	0.973611042369278	0	0.0132908450704226	0.0208590093326699	-0.0075681642622473
7111	71110	0.974315326092758	0	0.0121816901408451	0.0188473511276465	-0.00666566098680143
7112	71120	0.98888854199517	0	0.0119852112676056	0.0152923120324853	-0.00330710076487968
7113	71130	0.995455362739825	0	0.0115098591549296	0.0122267032985794	-0.000716844143649821
7114	71140	0.999758323155775	0	0.0117697183098592	0.00896002019480918	0.00280969811505
7115	71150	0.999938333423597	0	0.0120295774647887	0.00765469840498887	0.00437487905979987
7116	71160	0.999880700478019	0.03	0.0117570422535212	0.00805337954519475	0.0037036627083264
7117	71170	0.999704698903036	0	0.0118014084507042	0.0100287826675056	0.00177262578319865
7118	71180	0.999101383043961	0.02	0.0111422535211268	0.0105674436492723	0.000574809871854485
7119	71190	0.999050787870666	0.02	0.0114528169014085	0.0106084552868964	0.000844361614512007
7120	71200	0.998899877549388	0.2	0.0110788732394366	0.0110658313742704	1.30418651662721e-05
7121	71210	0.967448498317664	0.49	0.0109330985915493	0.0221387665294083	-0.0112056679378591
7122	71220	0.769607823171678	0.2	0.0125112676056338	0.0483128207526411	-0.0358015531470072
7123	71230	0.586850482144859	0.37	0.0125112676056338	0.0677892418249706	-0.0552779742193368
7124	71240	0.467225581529413	0.01	0.015274647887324	0.0825661581482002	-0.0672915102608762
7125	71250	0.568085855899346	0	0.0268288732394366	0.081007662208802	-0.0541787889693654
7126	71260	0.671784512824869	0	0.0285021126760564	0.069050531642052	-0.0405484189659956
7127	71270	0.777927325967104	0	0.0271521126760563	0.0584333703653076	-0.0312812576892513
7128	71280	0.855116231224454	0	0.0245154929577465	0.0490125105709127	-0.0244970176131663
7129	71290	0.882735073293839	0.33	0.0229056338028169	0.0452357950704616	-0.0223301612676447
7130	71300	0.762996298528833	0.44	0.022512676056338	0.0593093330288051	-0.0367966569724671
7131	71310	0.542413620470656	0	0.0253521126760564	0.0844512148323193	-0.0590991021562629
7132	71320	0.508577344830287	0.02	0.0258591549295775	0.0870232305111012	-0.0611640755815237
7133	71330	0.551136464668202	0	0.0239260563380282	0.077102589890171	-0.0531765335521428
7134	71340	0.641397953494693	0.41	0.0246169014084507	0.0700698435877295	-0.0454529421792788
7135	71350	0.551474055715841	0	0.0231908450704225	0.0788866475090969	-0.0556958024386744
7136	71360	0.575706103433066	0	0.0241161971830986	0.079200153151611	-0.0550839559685124
7137	71370	0.629549292919874	0	0.0225823943661972	0.06967789694685	-0.0470955025806528
7138	71380	0.681410113002796	0	0.0206492957746479	0.0631543618607362	-0.0425050660860883
7139	71390	0.723121133453349	0	0.0192929577464789	0.0566081194254743	-0.0373151616789954
7140	71400	0.759148862136483	0	0.0176957746478873	0.0510670110921462	-0.0333712364442588
7141	71410	0.842650488881894	0.15	0.0171887323943662	0.0439507450801692	-0.026762012685803
7142	71420	0.85240570143896	0.1	0.0172204225352113	0.0424355434807667	-0.0252151209455554
7143	71430	0.862653719595576	0.08	0.0201929577464789	0.0435924241658674	-0.0233994664193885
7144	71440	0.872816420483137	0	0.0217647887323944	0.0423296034829119	-0.0205648147505175
7145	71450	0.878969705589498	0	0.0209281690140845	0.0416317892661992	-0.0207036202521147
7146	71460	0.905779468005252	0.12	0.0200345070422535	0.0381669783533361	-0.0181324713110825
7147	71470	0.884417787590566	0.03	0.0190901408450704	0.0403303857701195	-0.0212402449250491
7148	71480	0.891587049656218	0	0.0185197183098591	0.0389675500405321	-0.020447831730673
7149	71490	0.939748306872749	0	0.0202119718309859	0.0342340345253591	-0.0140220626943732
7150	71500	0.987694818516638	0	0.0234507042253521	0.0276945153817563	-0.00424381115640418
7151	71510	0.997773225248944	0	0.0220753521126761	0.021919747901409	0.000155604211267087
7152	71520	0.996843898886086	0.01	0.0200471830985915	0.0203035612635139	-0.000256378164922355
7153	71530	0.999255462626244	0	0.0189697183098592	0.0178191231592091	0.00115059515065
7154	71540	0.999918283341789	0	0.0178161971830986	0.0150687427079096	0.00274745447518899
7155	71550	0.997487897529098	0	0.0169035211267606	0.00986933900512	0.00703418212164056
7156	71560	0.997289838889374	0	0.0160225352112676	0.00879825444583919	0.00722428076542841
7157	71570	0.997879948580867	0	0.0151922535211268	0.0085088804692773	0.00668337305184945
7158	71580	0.997884517407538	0.01	0.0143683098591549	0.00815099914619694	0.00621731071295801
7159	71590	0.998658879295761	0	0.0137598591549296	0.0082140677946237	0.00554579136030588
7160	71600	0.998316406221745	0.04	0.0135190140845071	0.0077318121364487	0.00578720194805836
7161	71610	0.999895498599777	0.7	0.0139943661971831	0.0141320684485962	-0.000137702251413059
7162	71620	0.796007102292752	0.16	0.0154647887323944	0.0487624657664941	-0.0332976770340997
7163	71630	0.695256059936293	0	0.0248133802816901	0.0684267674096971	-0.0436133871280069
7164	71640	0.748483251321047	0.23	0.0309929577464789	0.065159748603644	-0.0341667908571651
7165	71650	0.781000603590077	0.12	0.0366338028169014	0.0682514468645392	-0.0316176440476378
7166	71660	0	0.14	0.0433711267605634	0.0702387413065337	-0.0268676145459703
7167	71670	0	0	0.0453866197183099	0.0692004564862159	-0.023813836767906
7168	71680	0	0	0.0419387323943662	0.062099114378506	-0.0201603819841398
7169	71690	0	0	0.0381802816901408	0.0539461814782204	-0.0157658997880796
7170	71700	0	0.16	0.0354232394366197	0.0478187433699952	-0.0123955039333754
7171	71710	0	0.07	0.0326598591549296	0.0507813934984904	-0.0181215343435608
7172	71720	0	0	0.0307838028169014	0.0543128201656201	-0.0235290173487187
7173	71730	0	0.02	0.0282422535211268	0.0487538635153006	-0.0205116099941738
7174	71740	0	0.01	0.026093661971831	0.0435156745726327	-0.0174220126008017
7175	71750	0	0.1	0.0245154929577465	0.03876150350148	-0.0142460105437335
7176	71760	0	0	0.0230767605633803	0.0398236627131307	-0.0167469021497504
7177	71770	0	0	0.0223352112676056	0.0396003814317311	-0.0172651701641255
7178	71780	0	0	0.0203133802816901	0.035756586592319	-0.0154432063106289
7179	71790	0	0	0.0190838028169014	0.0325360875791745	-0.0134522847622731
7180	71800	0	0	0.0179366197183099	0.0286676854176409	-0.010731065699331
7181	71810	0	0	0.0173661971830986	0.0246388368856182	-0.00727263970251963
7182	71820	0	0.03	0.0168781690140845	0.017400625740546	-0.000522456726461455
7183	71830	0	0.27	0.0168401408450704	0.0180581877553975	-0.00121804691032707
7184	71840	0	0	0.016637323943662	0.0294241238893298	-0.0127867999456678
7185	71850	0	0	0.0163014084507043	0.0310847562147278	-0.0147833477640236
7186	71860	0	0	0.0159971830985916	0.0267350519100226	-0.0107378688114311
7187	71870	0	0	0.0155852112676056	0.0223061702695902	-0.0067209590019846
7188	71880	0	0	0.0152492957746479	0.0190623995713771	-0.00381310379672923
7189	71890	0	0	0.0150338028169014	0.0161608727303512	-0.00112706991344975
7190	71900	0	0	0.014387323943662	0.0134188049603359	0.000968518983326117
7191	71910	0	0	0.0141084507042254	0.0111274958901211	0.00298095481410432
7192	71920	0	0	0.0137281690140845	0.00946750146599649	0.00426066754808801
7193	71930	0	0	0.0137725352112676	0.00900086609690269	0.00477166911436491
7194	71940	0	0	0.0135316901408451	0.00842883410179445	0.00510285603905064
7195	71950	0	0	0.0131197183098592	0.00671701585321378	0.00640270245664539
7196	71960	0	0	0.0129359154929577	0.00500574621265062	0.00793016928030712
7197	71970	0	0	0.0125746478873239	0.00384719883667061	0.00872744905065333
7198	71980	0	0.1	0.0126633802816902	0.00460649693215385	0.00805688334953632
7199	71990	0	0.03	0.0127647887323944	0.0101454281655646	0.00261936056682975
7200	72000	0	0.02	0.0124035211267606	0.0137360514175601	-0.00133253029079953
7201	72010	0	0.01	0.0123654929577465	0.0142650566151804	-0.00189956365743395
7202	72020	0	0	0.0124922535211268	0.0130994764691094	-0.000607222947982643
7203	72030	0	0.01	0.0122450704225352	0.0106487210444721	0.00159634937806311
7204	72040	0	0	0.012181690140845	0.00768981698458436	0.00449187315626067
7205	72050	0	0.02	0.0126	0.00683566872815019	0.00576433127184981
7206	72060	0	0	0.0130056338028169	0.00697561046433707	0.0060300233384798
7207	72070	0	0.01	0.0129676056338028	0.0066606557096718	0.006306949924131
7208	72080	0	0	0.0128598591549296	0.00647594967315953	0.00638390948177004
7209	72090	0	0	0.0124922535211268	0.00625924057998158	0.00623301294114518
7210	72100	0	0	0.0123781690140845	0.005389889885402	0.00698827912868251
7211	72110	0	0	0.01215	0.00468998025836057	0.00746001974163941
7212	72120	0	0	0.0122640845070423	0.00381233964637219	0.00845174486067006
7213	72130	0	0	0.0122007042253521	0.0034128260242247	0.00878787820112741
7214	72140	0	0.02	0.0119345070422535	0.00344819397594939	0.00848631306630414
7215	72150	0	0.01	0.0118394366197183	0.00442556508396021	0.00741387153575809
7216	72160	0	0	0.0115795774647888	0.00525180117439176	0.006327776290397
7217	72170	0	0	0.0113957746478874	0.00486925356203853	0.00652652108584884
7218	72180	0	0	0.0113070422535211	0.00407353812549548	0.00723350412802566
7219	72190	0	0	0.0109964788732394	0.0027039962848541	0.00829248258838533
7220	72200	0	0	0.0108633802816901	0.00209359296332337	0.00876978731836675
7221	72210	0	0	0.0104007042253521	0.00167291539468576	0.00872778883066635
7222	72220	0	0	0.01035	0.00144191897927567	0.00890808102072433
7223	72230	0	0	0.0101471830985915	0.00131188798894752	0.00883529510964403
7224	72240	0	0	0.00982394366197183	0.00112023128795202	0.00870371237401981
7225	72250	0	0	0.00992535211267605	0.0010322856248195	0.00889306648785655
7226	72260	0	0	0.00972253521126761	0.000760840024175895	0.00896169518709171
7227	72270	0	0	0.00969084507042254	0.000622297423875636	0.0090685476465469
7228	72280	0	0	0.00972253521126761	0.000428167497410502	0.0092943677138571
7229	72290	0	0	0.00983028169014084	0.000379873818636096	0.00945040787150475
7230	72300	0	0	0.00959577464788732	0.000406190849206281	0.00918958379868104
7231	72310	0	0	0.0093612676056338	0.000425105977803124	0.00893616162783068
7232	72320	0	0	0.00939929577464789	0.000425113892567405	0.00897418188208048
7233	72330	0	0	0.00926619718309859	0.000374829193951559	0.00889136798914703
7234	72340	0	0	0.00915211267605634	0.000276509699686051	0.00887560297637029
7235	72350	0	0	0.00912676056338028	7.98838034328615e-05	0.00904687675994742
7236	72360	0	0	0.00919647887323944	0	0.00919647887323944
7237	72370	0	0	0.00924084507042253	0	0.00924084507042253
7238	72380	0	0	0.00912042253521127	0	0.00912042253521127
7239	72390	0	0	0.00916478873239437	0	0.00916478873239437
7240	72400	0	0.87	0.0117697183098592	0.00689486766830424	0.00487485064155493
7241	72410	0	0.01	0.0135697183098592	0.0496120956635388	-0.0360423773536797
7242	72420	0	0.07	0.0131323943661972	0.0672444498348896	-0.0541120554686924
7243	72430	0	0.07	0.0136711267605634	0.0627250863756713	-0.0490539596151079
7244	72440	0	0.35	0.0147676056338028	0.0617922131373234	-0.0470246075035206
7245	72450	0	0.01	0.0167767605633803	0.070887291233118	-0.0541105306697378
7246	72460	0	0	0.0181140845070423	0.0704827775063794	-0.0523686929993371
7247	72470	0	0	0.0190077464788733	0.0596655812044056	-0.0406578347255323
7248	72480	0	0.08	0.0194894366197183	0.0530397861574451	-0.0335503495377268
7249	72490	0	0.01	0.0197683098591549	0.0491186598227063	-0.0293503499635514
7250	72500	0	0.04	0.0201485915492958	0.047016580427403	-0.0268679888781072
7251	72510	0	0.04	0.0207697183098592	0.0456932949611967	-0.0249235766513376
7252	72520	0	0	0.0215176056338028	0.0423072825916736	-0.0207896769578708
7253	72530	0	0	0.0222591549295775	0.037744349478989	-0.0154851945494116
7254	72540	0	0.18	0.0235838028169014	0.0331849167314607	-0.00960111391455929
7255	72550	0	0	0.0252	0.0397842077053546	-0.0145842077053546
7256	72560	0	0.68	0.0259922535211268	0.0468631055480746	-0.0208708520269478
7257	72570	0	0.13	0.027912676056338	0.0773505066148887	-0.0494378305585507
7258	72580	0	0.06		0.0933609663056356	
7259	72590	0	0		0.0877396678617309	
7260	72600	0	0		0.076509232779572	
7261	72610	0	0.71		0.064843625253637	
7262	72620	0	0		0.0913888352757513	
7263	72630	0	0		0.0959503695159296	
7264	72640	0	0		0.0832617064105286	
7265	72650	0	0		0.0700503302009843	
7266	72660	0	0		0.0605736319630588	
7267	72670	0	0		0.0545473816924304	
7268	72680	0	0		0.0454725349820709	
7269	72690	0	0		0.0400327349610469	
7270	72700	0	0		0.0337191330660494	
7271	72710	0	0		0.0314286882375496	
7272	72720	0	0		0.0317922615498992	
7273	72730	0	0		0.0285762737547924	
7274	72740	0	0		0.0258917676961277	
7275	72750	0	0.01		0.0198350187228645	
7276	72760	0				
7277	72770	0				
7278	72780	0				
7279	72790	0				
7280	72800	0				
7281	72810	0				
7282	72820	0				
7283	72830	0				
7284	72840	0				
7285	72850	0				
7286	72860	0				
7287	72870	0				
7288	72880	0				
7289	72890	0				
7290	72900	0				
7291	72910	0				
7292	72920	0				
7293	72930	0				
7294	72940	0				
7295	72950	0				
7296	72960	0				
7297	72970	0				
7298	72980	0				
7299	72990	0				
7300	73000	0				
7301	73010	0				
7302	73020	0				
7303	73030	0				
7304	73040	0				
7305	73050	0				
7306	73060	0				
7307	73070	0				
7308	73080	0				
7309	73090	0				
7310	73100	0				
7311	73110	0				
7312	73120	0				
7313	73130	0				
7314	73140	0				
7315	73150	0				
7316	73160	0				
7317	73170	0				
7318	73180	0				
7319	73190	0				
7320	73200	0				
7321	73210	0				
7322	73220	0				
7323	73230	0				
7324	73240	0				
7325	73250	0				
7326	73260	0				
7327	73270	0				
7328	73280	0				
7329	73290	0				
7330	73300	0				
7331	73310	0				
7332	73320	0				
7333	73330	0				
7334	73340	0				
7335	73350	0				
7336	73360	0				
7337	73370	0				
7338	73380	0				
7339	73390	0				
7340	73400	0				
7341	73410	0				
7342	73420	0				
7343	73430	0				
7344	73440	0				
7345	73450	0				
7346	73460	0				
7347	73470	0				
7348	73480	0				
7349	73490	0				
7350	73500	0				
7351	73510	0				
7352	73520	0				
7353	73530	0				
7354	73540	0				
7355	73550	0				
7356	73560	0				
7357	73570	0				
7358	73580	0				
7359	73590	0				
7360	73600	0				
7361	73610	0				
7362	73620	0				
7363	73630	0				
7364	73640	0				
7365	73650	0				
7366	73660	0				
7367	73670	0				
7368	73680	0				
7369	73690	0				
7370	73700	0				
7371	73710	0				
7372	73720	0				
7373	73730	0				
7374	73740	0				
7375	73750	0				
7376	73760	0				
7377	73770	0				
7378	73780	0				
7379	73790	0				
7380	73800	0				
7381	73810	0				
7382	73820	0				
7383	73830	0				
7384	73840	0				
7385	73850	0				
7386	73860	0				
7387	73870	0				
7388	73880	0				
7389	73890	0				
7390	73900	0				
7391	73910	0				
7392	73920	0				
7393	73930	0				
7394	73940	0				
7395	73950	0				
7396	73960	0				
7397	73970	0				
7398	73980	0				
7399	73990	0				
7400	74000	0				
7401	74010	0				
7402	74020	0				
7403	74030	0				
7404	74040	0				
7405	74050	0				
7406	74060	0				
7407	74070	0				
7408	74080	0				
7409	74090	0				
7410	74100	0				
7411	74110	0				
7412	74120	0				
7413	74130	0				
7414	74140	0				
7415	74150	0				
7416	74160	0				
7417	74170	0				
7418	74180	0				
7419	74190	0				
7420	74200	0				
7421	74210	0				
7422	74220	0				
7423	74230	0				
7424	74240	0				
7425	74250	0				
7426	74260	0				
7427	74270	0				
7428	74280	0				
7429	74290	0				
7430	74300	0				
7431	74310	0				
7432	74320	0				
7433	74330	0				
7434	74340	0				
7435	74350	0				
7436	74360	0				
7437	74370	0				
7438	74380	0				
7439	74390	0				
7440	74400	0				
7441	74410	0				
7442	74420	0				
7443	74430	0				
7444	74440	0				
7445	74450	0				
7446	74460	0				
7447	74470	0				
7448	74480	0				
7449	74490	0				
7450	74500	0				
7451	74510	0				
7452	74520	0				
7453	74530	0				
7454	74540	0				
7455	74550	0				
7456	74560	0				
7457	74570	0				
7458	74580	0				
7459	74590	0				
7460	74600	0				
7461	74610	0				
7462	74620	0				
7463	74630	0				
7464	74640	0				
7465	74650	0				
7466	74660	0				
7467	74670	0				
7468	74680	0				
7469	74690	0				
7470	74700	0				
7471	74710	0				
7472	74720	0				
7473	74730	0				
7474	74740	0				
7475	74750	0				
7476	74760	0				
7477	74770	0				
7478	74780	0				
7479	74790	0				
7480	74800	0				
7481	74810	0				
7482	74820	0				
7483	74830	0				
7484	74840	0				
7485	74850	0				
7486	74860	0				
7487	74870	0				
7488	74880	0				
7489	74890	0				
7490	74900	0				
7491	74910	0				
7492	74920	0				
7493	74930	0				
7494	74940	0				
7495	74950	0				
7496	74960	0				
7497	74970	0				
7498	74980	0				
7499	74990	0				
7500	75000	0				
7501	75010	0				
7502	75020	0				
7503	75030	0				
7504	75040	0				
7505	75050	0				
7506	75060	0				
7507	75070	0				
7508	75080	0				
7509	75090	0				
7510	75100	0				
7511	75110	0				
7512	75120	0				
7513	75130	0				
7514	75140	0				
7515	75150	0				
7516	75160	0				
7517	75170	0				
7518	75180	0				
7519	75190	0				
7520	75200	0				
7521	75210	0				
7522	75220	0				
7523	75230	0				
7524	75240	0				
7525	75250	0				
7526	75260	0				
7527	75270	0				
7528	75280	0				
7529	75290	0				
7530	75300	0				
7531	75310	0				
7532	75320	0				
7533	75330	0				
7534	75340	0				
7535	75350	0				
7536	75360	0				
7537	75370	0				
7538	75380	0				
7539	75390	0				
7540	75400	0				
7541	75410	0				
7542	75420	0				
7543	75430	0				
7544	75440	0				
7545	75450	0				
7546	75460	0				
7547	75470	0				
7548	75480	0				
7549	75490	0				
7550	75500	0				
7551	75510	0				
7552	75520	0				
7553	75530	0				
7554	75540	0				
7555	75550	0				
7556	75560	0				
7557	75570	0				
7558	75580	0				
7559	75590	0				
7560	75600	0				
7561	75610	0				
7562	75620	0				
7563	75630	0				
7564	75640	0				
7565	75650	0				
7566	75660	0				
7567	75670	0				
7568	75680	0				
7569	75690	0				
7570	75700	0				
7571	75710	0				
7572	75720	0				
7573	75730	0				
7574	75740	0				
7575	75750	0				
7576	75760	0				
7577	75770	0				
7578	75780	0				
7579	75790	0				
7580	75800	0				
7581	75810	0				
7582	75820	0				
7583	75830	0				
7584	75840	0				
7585	75850	0				
7586	75860	0				
7587	75870	0				
7588	75880	0				
7589	75890	0				
7590	75900	0				
7591	75910	0				
7592	75920	0				
7593	75930	0				
7594	75940	0				
7595	75950	0				
7596	75960	0				
7597	75970	0				
7598	75980	0				
7599	75990	0				
7600	76000	0				
7601	76010	0				
7602	76020	0				
7603	76030	0				
7604	76040	0				
7605	76050	0				
7606	76060	0				
7607	76070	0				
7608	76080	0				
7609	76090	0				
7610	76100	0				
7611	76110	0				
7612	76120	0				
7613	76130	0				
7614	76140	0				
7615	76150	0				
7616	76160	0				
7617	76170	0				
7618	76180	0				
7619	76190	0				
7620	76200	0				
7621	76210	0				
7622	76220	0				
7623	76230	0				
7624	76240	0				
7625	76250	0				
7626	76260	0				
7627	76270	0				
7628	76280	0				
7629	76290	0				
7630	76300	0				
7631	76310	0				
7632	76320	0				
7633	76330	0				
7634	76340	0				
7635	76350	0				
7636	76360	0				
7637	76370	0				
7638	76380	0				
7639	76390	0				
7640	76400	0				
7641	76410	0				
7642	76420	0				
7643	76430	0				
7644	76440	0				
7645	76450	0				
7646	76460	0				
7647	76470	0				
7648	76480	0				
7649	76490	0				
7650	76500	0				
7651	76510	0				
7652	76520	0				
7653	76530	0				
7654	76540	0				
7655	76550	0				
7656	76560	0				
7657	76570	0				
7658	76580	0				
7659	76590	0				
7660	76600	0				
7661	76610	0				
7662	76620	0				
7663	76630	0				
7664	76640	0				
7665	76650	0				
7666	76660	0				
7667	76670	0				
7668	76680	0				
7669	76690	0				
7670	76700	0				
7671	76710	0				
7672	76720	0				
7673	76730	0				
7674	76740	0				
7675	76750	0				
7676	76760	0				
7677	76770	0				
7678	76780	0				
7679	76790	0				
7680	76800	0				
7681	76810	0				
7682	76820	0				
7683	76830	0				
7684	76840	0				
7685	76850	0				
7686	76860	0				
7687	76870	0				
7688	76880	0				
7689	76890	0				
7690	76900	0				
7691	76910	0				
7692	76920	0				
7693	76930	0				
7694	76940	0				
7695	76950	0				
7696	76960	0				
7697	76970	0				
7698	76980	0				
7699	76990	0				
7700	77000	0				
7701	77010	0				
7702	77020	0				
7703	77030	0				
7704	77040	0				
7705	77050	0				
7706	77060	0				
7707	77070	0				
7708	77080	0				
7709	77090	0				
7710	77100	0				
7711	77110	0				
7712	77120	0				
7713	77130	0				
7714	77140	0				
7715	77150	0				
7716	77160	0				
7717	77170	0				
7718	77180	0				
7719	77190	0				
7720	77200	0				
7721	77210	0				
7722	77220	0				
7723	77230	0				
7724	77240	0				
7725	77250	0				
7726	77260	0				
7727	77270	0				
7728	77280	0				
7729	77290	0				
7730	77300	0				
7731	77310	0				
7732	77320	0				
7733	77330	0				
7734	77340	0				
7735	77350	0				
7736	77360	0				
7737	77370	0				
7738	77380	0				
7739	77390	0				
7740	77400	0				
7741	77410	0				
7742	77420	0				
7743	77430	0				
7744	77440	0				
7745	77450	0				
7746	77460	0				
7747	77470	0				
7748	77480	0				
7749	77490	0				
7750	77500	0				
7751	77510	0				
7752	77520	0				
7753	77530	0				
7754	77540	0				
7755	77550	0				
7756	77560	0				
7757	77570	0				
7758	77580	0				
7759	77590	0				
7760	77600	0				
7761	77610	0				
7762	77620	0				
7763	77630	0				
7764	77640	0				
7765	77650	0				
7766	77660	0				
7767	77670	0				
7768	77680	0				
7769	77690	0				
7770	77700	0				
7771	77710	0				
7772	77720	0				
7773	77730	0				
7774	77740	0				
7775	77750	0				
7776	77760	0				
7777	77770	0				
7778	77780	0				
7779	77790	0				
7780	77800	0				
7781	77810	0				
7782	77820	0				
7783	77830	0				
7784	77840	0				
7785	77850	0				
7786	77860	0				
7787	77870	0				
7788	77880	0				
7789	77890	0				
7790	77900	0				
7791	77910	0				
7792	77920	0				
7793	77930	0				
7794	77940	0				
7795	77950	0				
7796	77960	0				
7797	77970	0				
7798	77980	0				
7799	77990	0				
7800	78000	0				
7801	78010	0				
7802	78020	0				
7803	78030	0				
7804	78040	0				
7805	78050	0				
7806	78060	0				
7807	78070	0				
7808	78080	0				
7809	78090	0				
7810	78100	0				
7811	78110	0				
7812	78120	0				
7813	78130	0				
7814	78140	0				
7815	78150	0				
7816	78160	0				
7817	78170	0				
7818	78180	0				
7819	78190	0				
7820	78200	0				
7821	78210	0				
7822	78220	0				
7823	78230	0				
7824	78240	0				
7825	78250	0				
7826	78260	0				
7827	78270	0				
7828	78280	0				
7829	78290	0				
7830	78300	0				
7831	78310	0				
7832	78320	0				
7833	78330	0				
7834	78340	0				
7835	78350	0				
7836	78360	0				
7837	78370	0				
7838	78380	0				
7839	78390	0				
7840	78400	0				
7841	78410	0				
7842	78420	0				
7843	78430	0				
7844	78440	0				
7845	78450	0				
7846	78460	0				
7847	78470	0				
7848	78480	0				
7849	78490	0				
7850	78500	0				
7851	78510	0				
7852	78520	0				
7853	78530	0				
7854	78540	0				
7855	78550	0				
7856	78560	0				
7857	78570	0				
7858	78580	0	0			
7859	78590	0	0			
7860	78600	0	0			
7861	78610	0	0			
7862	78620	0	0			
7863	78630	0	0			
7864	78640	0	0			
7865	78650	0	0			
7866	78660	0	0			
7867	78670	0	0	0.00932957746478873		
7868	78680	0	0	0.00773239436619719		
7869	78690	0	0	0.00930422535211267		
7870	78700	0	0	0.0112816901408451		
7871	78710	0	0	0.0142985915492958		
7872	78720	0	0	0.0189380281690141		
7873	78730	0	0	0.0258084507042254		
7874	78740	0	0	0.0433014084507042		
7875	78750	0	0	0.0756253521126761		
7876	78760	0	0	0.106352112676056		
7877	78770	0	0	0.114895774647887		
7878	78780	0	0	0.173687323943662	0	0.173687323943662
7879	78790	0	0	0.212754929577465	0	0.212754929577465
7880	78800	0	0	0.211157746478873	0	0.211157746478873
7881	78810	0	0	0.317357746478873	0	0.317357746478873
7882	78820	0	0.03	0.284070422535211	0.000237754057527732	0.283832668477684
7883	78830	0	0	0.251264788732394	0.00170802911417343	0.249556759618221
7884	78840	0	0	0.210447887323944	0.00228001197687128	0.208167875347072
7885	78850	0	0.27	0.16103661971831	0.00411995622979826	0.156916663488512
7886	78860	0	0	0.126988732394366	0.0170637423729533	0.109924990021413
7887	78870	0	0.07	0.0991267605633803	0.0224671701154743	0.076659590447906
7888	78880	0	0	0.0749028169014084	0.0229890669616969	0.0519137499397115
7889	78890	0	0	0.0752070422535211	0.0215162495720078	0.0536907926815134
7890	78900	0	0	0.10060985915493	0.018036654546444	0.0825732046084856
7891	78910	0	0	0.125619718309859	0.0153568495452159	0.110262868764643
7892	78920	0	0	0.180697183098592	0.012735869415224	0.167961313683368
7893	78930	0	0.09	0.441101408450704	0.0121726019327946	0.42892880651791
7894	78940	0	0	0.310873943661972	0.0149320774650546	0.295941866196917
7895	78950	0	0	0.318479577464789	0.0159993164360846	0.302480261028704
7896	78960	0	0	0.27752323943662	0.0147056515601384	0.262817587876481
7897	78970	0	0	0.203228873239437	0.0125621339177155	0.190666739321721
7898	78980	0	0	0.192650704225352	0.0109240378109721	0.18172666641438
7899	78990	0	0	0.18623661971831	0.00884511318066963	0.17739150653764
7900	79000	0	0	0.163983802816901	0.00793376145426439	0.156050041362637
7901	79010	0	0	0.132198591549296	0.00769347208633442	0.124505119462961
7902	79020	0	0.04	0.126411971830986	0.00759427472538152	0.118817697105604
7903	79030	0	0	0.131222535211268	0.00926872324023615	0.121953811971031
7904	79040	0	0	0.126697183098591	0.00938268400920915	0.117314499089382
7905	79050	0	0	0.13275	0.0075881125235555	0.125161887476444
7906	79060	0	0	0.111447887323944	0.00461255882394446	0.106835328499999
7907	79070	0	0	0.130937323943662	0.00357231564696193	0.1273650082967
7908	79080	0	0	0.124022535211268	0.00270725395891413	0.121315281252354
7909	79090	0	0	0.108392957746479	0.00255952205646502	0.105833435690014
7910	79100	0	0	0.113152816901408	0.00246252534624498	0.110690291555163
7911	79110	0	0	0.0924084507042254	0.00229986172939268	0.0901085889748327
7912	79120	0	0	0.0991204225352113	0.00202544696081719	0.0970949755743941
7913	79130	0	0	0.0810887323943662	0.00169391618746438	0.0793948162069018
7914	79140	0	0	0.0785408450704226	0.000800714884426824	0.0777401301859957
7915	79150	0	0	0.0762084507042254	0.000684469798672136	0.0755239809055532
7916	79160	0	0	0.062562676056338	0.000514100095484936	0.0620485759608531
7917	79170	0	0	0.0644767605633803	0.000502697589529724	0.0639740629738506
7918	79180	0	0	0.0588042253521127	0.0005610329036477	0.058243192448465
7919	79190	0	0	0.0690971830985916	0.000569695503782398	0.0685274875948092
7920	79200	0	0	0.0589753521126761	0.000565380033243612	0.0584099720794325
7921	79210	0	0	0.053968309859155	0.000466968371281311	0.0535013414878736
7922	79220	0	0.24	0.0536323943661972	0.0022215676739533	0.0514108266922439
7923	79230	0	0.34	0.0542725352112676	0.0163587788987018	0.0379137563125658
7924	79240	0	0.04	0.0876866197183099	0.0379147645189728	0.0497718551993371
7925	79250	0	0.07	0.0874014084507043	0.0445136250540598	0.0428877833966444
7926	79260	0	0	0.0770323943661972	0.0429991834019238	0.0340332109642734
7927	79270	0	0	0.0715943661971831	0.0382687876584231	0.0333255785387601
7928	79280	0	0	0.066143661971831	0.0321122417855753	0.0340314201862557
7929	79290	0	0	0.0629112676056338	0.0269839466712333	0.0359273209344005
7930	79300	0	0	0.0519781690140845	0.022935337020729	0.0290428319933555
7931	79310	0	0	0.045893661971831	0.0202580995533955	0.0256355624184355
7932	79320	0	0	0.0400753521126761	0.0180353473200947	0.0220400047925813
7933	79330	0	0	0.0348971830985916	0.0172293007699829	0.0176678823286087
7934	79340	0	0	0.0325267605633803	0.0158648082083689	0.0166619523550113
7935	79350	0	0	0.0289711267605634	0.0135937014857394	0.015377425274824
7936	79360	0	0	0.0263852112676057	0.0114094921700447	0.014975719097561
7937	79370	0	0	0.0238943661971831	0.00947175719521938	0.0144226090019637
7938	79380	0	0.05	0.0228992957746479	0.00974730593859625	0.0131519898360516
7939	79390	0	0	0.0212450704225352	0.0124360406506173	0.00880902977191795
7940	79400	0	0	0.0201676056338028	0.0134754656283889	0.00669214000541391
7941	79410	0	0	0.0198887323943662	0.0124593264488389	0.00742940594552731
7942	79420	0	0	0.0176323943661972	0.0102679235121299	0.00736447085406725
7943	79430	0	0	0.0182978873239437	0.00649293750628841	0.0118049498176552
7944	79440	0	0	0.0166309859154929	0.00310696034156406	0.0135240255739289
7945	79450	0	0	0.0164471830985915	0.00218068415310215	0.0142664989454894
7946	79460	0	0	0.0169985915492958	0.00147588807841823	0.0155227034708775
7947	79470	0	0	0.0143239436619718	0.0012846958182432	0.0130392478437286
7948	79480	0	0	0.0154394366197183	0.0012184601567928	0.0142209764629255
7949	79490	0	0	0.0135760563380282	0.00121870244571078	0.0123573538923174
7950	79500	0	0	0.0133288732394366	0.00100089360553353	0.0123279796339031
7951	79510	0	0	0.0132971830985916	0.00085558724834017	0.0124415958502514
7952	79520	0	0	0.0125746478873239	0.00064262511935617	0.0119320227679678
7953	79530	0	0	0.0135760563380282	0.000628371986912155	0.012947684351116
7954	79540	0	0	0.012130985915493	0.000701291129559625	0.0114296947859333
7955	79550	0	0.13	0.0128154929577465	0.00174238696234817	0.0110731059953983
7956	79560	0	0	0.0122767605633803	0.00810818453630606	0.00416857602707422
7957	79570	0	0.24	0.0115605633802817	0.012365794824099	-0.000805231443817348
7958	79580	0	0.06	0.0139943661971831	0.0231198954644848	-0.00912552926730173
7959	79590	0	0	0.0165295774647887	0.0289859022066841	-0.0124563247418954
7960	79600	0	0	0.0214542253521127	0.026434694026427	-0.00498046867431434
7961	79610	0	0	0.0199964788732394	0.0226147814302713	-0.00261830255703186
7962	79620	0	0	0.0193880281690141	0.018737277114917	0.000650751054097062
7963	79630	0	0	0.0180760563380282	0.0160790210108571	0.00199703532717106
7964	79640	0	0.01	0.0171697183098591	0.0135669251931961	0.00360279311666306
7965	79650	0	0.09	0.0172140845070423	0.0134806614295964	0.0037334230774459
7966	79660	0	0.06	0.0174866197183099	0.0174658314303834	2.0788287926423e-05
7967	79670	0	0.36	0.0197176056338028	0.0237617665288609	-0.00404416089505803
7968	79680	0	0	0.0226457746478873	0.0410971600150148	-0.0184513853671274
7969	79690	0	0.02	0.0634753521126761	0.044955085391511	0.0185202667211651
7970	79700	0.21840593570463	0	0.168845070422535	0.0397962962599515	0.129048774162584
7971	79710	0.331675772514474	0.02	0.13197676056338	0.034566257120594	0.097410503442786
7972	79720	0.514668913248368	0	0.097656338028169	0.0303834292997189	0.0672729087284501
7973	79730	0.669350830985527	0	0.0769816901408451	0.0276503846443366	0.0493313054965085
7974	79740	0.72248078859353	0.95	0.0708401408450704	0.031556555526237	0.0392835853188334
7975	79750	0.999963820172861	0	0.0758535211267606	0.0758936451879579	-4.01240611973414e-05
7976	79760	0.951335615536357	0	0.0749788732394366	0.0905328656637065	-0.0155539924242699
7977	79770	0.923065265600625	0	0.0669042253521127	0.0789095674801782	-0.0120053421280655
7978	79780	0.956144721139143	0	0.0575302816901408	0.0668496364369237	-0.00931935474678284
7979	79790	0.980846794680716	0	0.0503302816901408	0.0546828680063139	-0.00435258631617304
7980	79800	0.98650098369891	0	0.0432697183098592	0.046638444522928	-0.00336872621306889
7981	79810	0.999771866531014	0	0.0388711267605634	0.0384818897101126	0.000389237050450748
7982	79820	0.999901405862774	1.11	0.0435485915492958	0.0444574770491533	-0.00090888549985748
7983	79830	0.911372944078692	0.02	0.0740978873239437	0.0957148945221335	-0.0216170071981898
7984	79840	0.994552229886876	0.16	0.121842253521127	0.117617369756388	0.00422488376473895
7985	79850	0.720150485028671	0.32	0.163166197183099	0.116632559274684	0.0465336379084149
7986	79860	0.222819774125657	0.88	0.247588732394366	0.125493239250117	0.12209549314425
7987	79870	0.198757903498495	0.13	0.290997887323944	0.158351528164534	0.13264635915941
7988	79880	0.503423975249587	0.01	0.229829577464789	0.16189962866238	0.0679299488024091
7989	79890	0.799570022845909	0.01	0.178675352112676	0.143248559471775	0.0354267926409014
7990	79900	0.993398380076643	0	0.136952112676056	0.127654137241805	0.0092979754342512
7991	79910	0.999721231873139	0	0.112043661971831	0.11018959787521	0.00185406409662056
7992	79920	0.864861506288947	0.52	0.13062676056338	0.102146218108279	0.0284805424551014
7993	79930	0.727850457246083	0.01	0.155915492957746	0.116563760315722	0.0393517326420244
7994	79940	0.799072555911175	0	0.147194366197183	0.113556627526293	0.0336377386708901
7995	79950	0.849672941793461	0	0.127134507042254	0.0933416338593145	0.033792873182939
7996	79960	0.932708915428709	0	0.106440845070423	0.080994701971934	0.0254461430984885
7997	79970	0.976398740928358	0	0.0883711267605634	0.0732168589457764	0.0151542678147869
7998	79980	0.991339585480864	0.02	0.076037323943662	0.0657501562827312	0.0102871676609308
7999	79990	0.993784440080896	0	0.0654908450704225	0.0587575557435423	0.0067332893268802
8000	80000	0.999451519808077	0.05	0.0583859154929578	0.053808304430323	0.00457761106263472
8001	80010	0.999994466655588	0.67	0.0552169014084507	0.0562422590899312	-0.00102535768148044
8002	80020	0.892602640380389	0.58	0.0665429577464789	0.0907949643644325	-0.0242520066179537
8003	80030	0.999220707902568	0.01	0.121766197183099	0.122329636066793	-0.000563438883694117
8004	80040	0.492951245366755	0	0.191218309859155	0.122703316480693	0.0685149933784617
8005	80050	0.531215628129861	0.3	0.171874647887324	0.106214363011132	0.0656602848761921
8006	80060	0.809941313227517	0	0.135912676056338	0.0997832600356333	0.0361294160207047
8007	80070	0.880185537691185	0.15	0.114585211267606	0.0879672065517611	0.0266180047158444
8008	80080	0.898527649609509	0.35	0.108697183098592	0.0857414815988052	0.0229557014997864
8009	80090	0.9754477168938	0.03	0.106288732394366	0.0968583017865338	0.0094304306078325
8010	80100	0.847627459637316	1.09	0.130164084507042	0.104541150475814	0.0256229340312283
8011	80110	0.43235194453924	0	0.223726056338028	0.147017054082921	0.0767090022551075
8012	80120	0.61710015208344	0.09	0.210111971830986	0.158208637141547	0.0519033346894385
8013	80130	0.745589171333717	0.52	0.186908450704226	0.142871792010694	0.0440366586935315
8014	80140	0.908707809925899	0.02	0.173465492957747	0.150060196542207	0.0234052964155394
8015	80150	0.988098773722909	0.1	0.15242323943662	0.14189935341333	0.0105238860232902
8016	80160	0.998671199154848	0.02	0.137490845070423	0.129220500004603	0.00827034506581961
8017	80170	0.99038375915836	0.23	0.124035211267606	0.118025858055396	0.00600935321221009
8018	80180	0.806420599017272	0.37	0.155370422535211	0.121888654901155	0.0334817676340562
8019	80190	0.420619724603191	0.01	0.210359154929578	0.132502173607362	0.0778569813222153
8020	80200	0.466750376224798	0	0.199495774647887	0.127146195381913	0.0723495792659743
8021	80210	0.708144739720877	0	0.160269718309859	0.112886647024655	0.0473830712852037
8022	80220	0.811368674609564	0	0.126012676056338	0.090110520382574	0.035902155673764
8023	80230	0.888485377373263	0	0.104095774647887	0.0756386141697932	0.0284571604780941
8024	80240	0.921289527408201	0	0.089556338028169	0.065559849604369	0.0239964884238
8025	80250	0.876627288110862	0.57	0.0867992957746479	0.0627079791063968	0.024091316668251
8026	80260	0.172750411738736	0	0.229969014084507	0.0854016291486774	0.14456738493583
8027	80270	0.19623454673437	0.18	0.224898591549296	0.0920319370072918	0.132866654542004
8028	80280	0.292211577353435	0	0.197917605633803	0.0914697147763798	0.106447890857423
8029	80290	0.429903042736869	0.01	0.161296478873239	0.083182266582723	0.0781142122905165
8030	80300	0.582701275183567	0	0.129181690140845	0.0696699617596405	0.0595117283812046
8031	80310	0.615136950123735	0	0.109058450704225	0.0531965114960619	0.0558619392081635
8032	80320	0.66232618738478	0	0.0929345070422536	0.0440929882966676	0.048841518745586
8033	80330	0.73736929060635	0	0.0805056338028169	0.0385719373190356	0.0419336964837813
8034	80340	0.753963341775923	0	0.0710049295774648	0.031147880839218	0.0398570487382468
8035	80350	0.833599142222595	0	0.0623091549295775	0.0292908880123808	0.0330182669171967
8036	80360	0.872495240722752	0	0.0555528169014085	0.0270594372577751	0.0284933796436334
8037	80370	0.884205779099286	0	0.0496394366197183	0.0223899512048388	0.0272494854148795
8038	80380	0.876211845106001	0	0.0460457746478873	0.0174704054191216	0.0285753692287658
8039	80390	0.861348761306855	0	0.0420401408450704	0.0112527191753725	0.030787421669698
8040	80400	0.876558569605627	0	0.0384401408450704	0.0104872952339653	0.0279528456111051
8041	80410	0.897128771899026	0.03	0.036424647887324	0.0107461020852964	0.0256785458020276
8042	80420	0.919680122148547	0.29	0.0354295774647887	0.0145577358683925	0.0208718415963963
8043	80430	0.998555422456878	0.35	0.0351443661971831	0.0322745959823787	0.0028697702148044
8044	80440	0.935344941383999	0.7	0.0392007042253521	0.0588384899513034	-0.0196377857259513
8045	80450	0	0	0.0431302816901408	0.0945251184605892	-0.0513948367704484
8046	80460	0	0	0.0413429577464789	0.096289320509137	-0.0549463627626582
8047	80470	0	0	0.0373880281690141	0.0821582166763284	-0.0447701885073144
8048	80480	0	0.89	0.0361838028169014	0.0752817558031271	-0.0390979529862256
8049	80490	0	0.66	0.0553816901408451	0.112550901960078	-0.0571692118192334
8050	80500	0	0.3	0.0909253521126761	0.155859214143482	-0.0649338620308057
8051	80510	0	0.41	0.183954929577465	0.170449388672382	0.0135055409050826
8052	80520	0	0.05	0.267344366197183	0.177737352539057	0.0896070136581263
8053	80530	0	0.1	0.25418661971831	0.167302614749825	0.0868840049684845
8054	80540	0	0	0.220588732394366	0.151079233113632	0.0695094992807346
8055	80550	0	0	0.173528873239437	0.132226018309644	0.0413028549297929
8056	80560	0	0	0.135247183098592	0.112049666797149	0.0231975163014427
8057	80570	0	0	0.111612676056338	0.0967348853867928	0.0148777906695451
8058	80580	0	0.78	0.0996654929577466	0.0914811450533153	0.00818434790443129
8059	80590	0	0.43	0.13165985915493	0.129226131518508	0.0024337276364218
8060	80600	0	0.35	0.164465492957747	0.162254930613163	0.00221056234458344
8061	80610	0	0	0.186769014084507	0.172614817771482	0.0141541963130253
8062	80620	0	0.01	0.168851408450704	0.157856119016207	0.0109952894344972
8063	80630	0	0	0.142827464788732	0.131747775261844	0.0110796895268888
8064	80640	0	0	0.122742253521127	0.11186510097357	0.0108771525475567
8065	80650	0	0	0.107144366197183	0.0929728336855252	0.0141715325116578
8066	80660	0	0	0.0933591549295775	0.0850180511399282	0.00834110378964929
8067	80670	0	0.06	0.0837633802816901	0.0766797265854838	0.00708365369620635
8068	80680	0	0	0.0768359154929578	0.0710500842538987	0.00578583123905903
8069	80690	0	0	0.0703521126760563	0.0600521504795386	0.0102999621965178
8070	80700	0	0	0.0651549295774648	0.0481934231263962	0.0169615064510686
8071	80710	0	0	0.0600654929577465	0.0393980595440619	0.0206674334136846
8072	80720	0	0	0.0561866197183099	0.0289843951252788	0.0272022245930311
8073	80730	0	0	0.0516866197183099	0.024725144857853	0.0269614748604568
8074	80740	0	0	0.0483401408450704	0.0229884923000611	0.0253516485450093
8075	80750	0	0	0.0460838028169014	0.0234809530901245	0.0226028497267769
8076	80760	0	0	0.043193661971831	0.0237283352265917	0.0194653267452393
8077	80770	0	0	0.0408232394366197	0.0217563808409842	0.0190668585956355
8078	80780	0	0.49	0.0393021126760564	0.0216839393836367	0.0176181732924196
8079	80790	0	0.24	0.0421669014084507	0.038664314323965	0.00350258708448574
8080	80800	0	0.03	0.0447084507042254	0.0551061654196153	-0.01039771471539
8081	80810	0	0.02	0.0448605633802817	0.0533372918336715	-0.00847672845338984
8082	80820	0	0	0.0449429577464789	0.0477214982451794	-0.00277854049870056
8083	80830	0	0	0.0425661971830986	0.0406145164643524	0.00195168071874618
8084	80840	0	0	0.0406838028169014	0.0343128182762616	0.00637098454063978
8085	80850	0	0	0.0383514084507042	0.0287158085492687	0.00963559990143554
8086	80860	0	0	0.0366971830985916	0.0250576840558664	0.0116394990427252
8087	80870	0	0	0.0350556338028169	0.0219145753244674	0.0131410584783495
8088	80880	0	0	0.0333507042253521	0.0196415813228166	0.0137091229025355
8089	80890	0	0	0.0324380281690141	0.0191530654428843	0.0132849627261298
8090	80900	0	0	0.0307774647887324	0.0169034834950133	0.0138739812937191
8091	80910	0	0	0.0296366197183099	0.0144076498704382	0.0152289698478717
8092	80920	0	0	0.0279316901408451	0.0114925621033277	0.0164391280375174
8093	80930	0	0.44	0.0287683098591549	0.013643415346273	0.0151248945128819
8094	80940	0	0.01	0.0297253521126761	0.0357469936048654	-0.00602164149218931
8095	80950	0	0	0.0288443661971831	0.0449885592819469	-0.0161441930847638
8096	80960	0	0	0.0283943661971831	0.0408186950047669	-0.0124243288075838
8097	80970	0	0	0.0275197183098592	0.0352888657970897	-0.00776914748723048
8098	80980	0	0	0.027006338028169	0.0284092680435182	-0.00140293001534915
8099	80990	0	0	0.0263978873239437	0.020352256736689	0.00604563058725472
8100	81000	0	0	0.0255866197183099	0.0151363599473919	0.010450259770918
8101	81010	0	0	0.0252760563380282	0.0134718822027606	0.0118041741352676
8102	81020	0	0	0.0244140845070423	0.0116005008162238	0.0128135836908185
8103	81030	0	0.07	0.023843661971831	0.01153414801099	0.012309513960841
8104	81040	0	0.07	0.0232922535211267	0.0155084342875828	0.00778381923354397
8105	81050	0	0	0.0231211267605634	0.0183570334302749	0.00476409333028848
8106	81060	0	0	0.0226584507042254	0.0176697704473134	0.00498868025691193
8107	81070	0	0.36	0.0237802816901409	0.0172464506576976	0.00653383103244326
8108	81080	0	0.87	0.0275767605633803	0.0402449096838248	-0.0126681491204445
8109	81090	0	0.18	0.0281725352112676	0.0906235780496438	-0.0624510428383762
8110	81100	0	0.02	0.0281725352112676	0.111724389241456	-0.0835518540301883
8111	81110	0	0	0.0329894366197183	0.103239387823575	-0.070249951203857
8112	81120	0	0	0.042743661971831	0.0883044050938007	-0.0455607431219697
8113	81130	0	0	0.0465845070422535	0.0731674852908618	-0.0265829782486083
8114	81140	0	0.02	0.0544183098591549	0.0590886773800506	-0.00467036752089566
8115	81150	0	0.23	0.0674302816901408	0.0529303844512069	0.0144998972389339
8116	81160	0	0	0.0823183098591549	0.0587697168070577	0.0235485930520972
8117	81170	0	0.16	0.0903676056338028	0.0592541403792426	0.0311134652545602
8118	81180	0	0.03	0.091330985915493	0.062626717818885	0.028704268096608
8119	81190	0	0	0.0875915492957747	0.0629380306462281	0.0246535186495466
8120	81200	0	0.02	0.0807781690140845	0.0548910984051854	0.0258870706088991
8121	81210	0	0.46	0.0813739436619719	0.0510885048516772	0.0302854388102947
8122	81220	0	0.95	0.0871859154929578	0.0733980422931944	0.0137878731997633
8123	81230	0	0.15	0.0982077464788733	0.126571694871726	-0.0283639483928525
8124	81240	0	0.02	0.107150704225352	0.14556529957804	-0.0384145953526879
8125	81250	0	0.02	0.102929577464789	0.134310289182646	-0.031380711717857
8126	81260	0	0	0.120961267605634	0.118606648317316	0.00235461928831761
8127	81270	0	0	0.128680985915493	0.0996395050830369	0.029041480832456
8128	81280	0	0	0.124485211267606	0.080509406464352	0.0439758048032536
8129	81290	0	0	0.113957746478873	0.0616799465993956	0.0522777998794776
8130	81300	0	0	0.101674647887324	0.053598456319493	0.0480761915678311
8131	81310	0	0	0.0892204225352113	0.0480514300843278	0.0411689924508835
8132	81320	0	0.02	0.0807401408450704	0.0459695119176632	0.0347706289274072
8133	81330	0	0.22	0.0753781690140845	0.0464532065826408	0.0289249624314437
8134	81340	0	0.28	0.0726781690140845	0.053611786091466	0.0190663829226185
8135	81350	0	0.19	0.0701683098591549	0.0664109044437235	0.00375740541543149
8136	81360	0	0	0.0674619718309859	0.071764452300608	-0.00430248046962205
8137	81370	0	0	0.0626894366197183	0.0692286796644041	-0.00653924304468574
8138	81380	0	0	0.0586774647887324	0.0622093099589052	-0.00353184517017284
8139	81390	0	0.01	0.0543802816901409	0.0559822949924832	-0.00160201330234232
8140	81400	0	0	0.0521112676056338	0.0497713992149887	0.00233986839064506
8141	81410	0	0	0.0475542253521127	0.0417857449483963	0.00576848040371633
8142	81420	0	0	0.0452218309859155	0.031134396570226	0.0140874344156895
8143	81430	0	0	0.0441316901408451	0.0209296349838767	0.0232020551569684
8144	81440	0	0	0.0415584507042254	0.0183252219352338	0.0232332287689916
8145	81450	0	0		0.0167548627579604	
8146	81460	0	0		0.0145820069309424	
8147	81470	0	0.01		0.0120480125798573	
8148	81480	0	0		0.010721567608031	
8149	81490	0	0.05		0.0107313400884103	
8150	81500	0	0		0.0134815714133392	
8151	81510	0	0		0.0145598746516402	
8152	81520	0	0		0.0133273087796898	
8153	81530	0	0		0.0110534824608759	
8154	81540	0	0		0.0072253249230167	
8155	81550	0	0		0.00392345858491026	
8156	81560	0	0		0.00202086056866635	
8157	81570	0	0.01		0.00194017647059694	
8158	81580	0	0		0.00221452143826349	
8159	81590	0	0		0.0022585266736228	
8160	81600	0	0		0.0020498764660617	
8161	81610	0	0		0.00169324541120223	
8162	81620	0	0		0.0014453625977453	
8163	81630	0	0		0.00117692944088616	
8164	81640	0	0		0.00109509536867218	
8165	81650	0	0		0.00113781375355417	
8166	81660	0	0		0.00108580063619696	
8167	81670	0	0.25		0.00301158468907704	
8168	81680	0	0.52		0.0191820972351698	
8169	81690	0	0		0.0492055355245379	
8170	81700	0	0		0.0561927393158425	
8171	81710	0	0		0.0485471362443181	
8172	81720	0	0.05		0.0414434476139642	
8173	81730	0	0.01		0.0370506266643421	
8174	81740	0				
8175	81750	0				
8176	81760	0				
8177	81770	0				
8178	81780	0				
8179	81790	0				
8180	81800	0				
8181	81810	0				
8182	81820	0				
8183	81830	0				
8184	81840	0				
8185	81850	0				
8186	81860	0				
8187	81870	0				
8188	81880	0				
8189	81890	0				
8190	81900	0				
8191	81910	0				
8192	81920	0				
8193	81930	0				
8194	81940	0				
8195	81950	0				
8196	81960	0				
8197	81970	0				
8198	81980	0				
8199	81990	0				
8200	82000	0				
8201	82010	0				
8202	82020	0				
8203	82030	0				
8204	82040	0				
8205	82050	0				
8206	82060	0				
8207	82070	0				
8208	82080	0				
8209	82090	0				
8210	82100	0				
8211	82110	0				
8212	82120	0				
8213	82130	0				
8214	82140	0				
8215	82150	0				
8216	82160	0				
8217	82170	0				
8218	82180	0				
8219	82190	0				
8220	82200	0				
8221	82210	0				
8222	82220	0				
8223	82230	0				
8224	82240	0				
8225	82250	0				
8226	82260	0				
8227	82270	0				
8228	82280	0				
8229	82290	0				
8230	82300	0				
8231	82310	0				
8232	82320	0				
8233	82330	0				
8234	82340	0				
8235	82350	0				
8236	82360	0				
8237	82370	0				
8238	82380	0				
8239	82390	0				
8240	82400	0				
8241	82410	0				
8242	82420	0				
8243	82430	0				
8244	82440	0				
8245	82450	0				
8246	82460	0				
8247	82470	0				
8248	82480	0				
8249	82490	0				
8250	82500	0				
8251	82510	0				
8252	82520	0				
8253	82530	0				
8254	82540	0				
8255	82550	0				
8256	82560	0				
8257	82570	0				
8258	82580	0				
8259	82590	0				
8260	82600	0				
8261	82610	0				
8262	82620	0				
8263	82630	0				
8264	82640	0				
8265	82650	0				
8266	82660	0				
8267	82670	0				
8268	82680	0				
8269	82690	0				
8270	82700	0				
8271	82710	0				
8272	82720	0				
8273	82730	0				
8274	82740	0				
8275	82750	0				
8276	82760	0				
8277	82770	0				
8278	82780	0				
8279	82790	0				
8280	82800	0				
8281	82810	0				
8282	82820	0				
8283	82830	0				
8284	82840	0				
8285	82850	0				
8286	82860	0				
8287	82870	0				
8288	82880	0				
8289	82890	0				
8290	82900	0				
8291	82910	0				
8292	82920	0				
8293	82930	0				
8294	82940	0				
8295	82950	0				
8296	82960	0				
8297	82970	0				
8298	82980	0				
8299	82990	0				
8300	83000	0				
8301	83010	0				
8302	83020	0				
8303	83030	0				
8304	83040	0				
8305	83050	0				
8306	83060	0				
8307	83070	0				
8308	83080	0				
8309	83090	0				
8310	83100	0				
8311	83110	0				
8312	83120	0				
8313	83130	0				
8314	83140	0				
8315	83150	0				
8316	83160	0				
8317	83170	0				
8318	83180	0				
8319	83190	0				
8320	83200	0				
8321	83210	0				
8322	83220	0				
8323	83230	0				
8324	83240	0				
8325	83250	0				
8326	83260	0				
8327	83270	0				
8328	83280	0				
8329	83290	0				
8330	83300	0				
8331	83310	0				
8332	83320	0				
8333	83330	0				
8334	83340	0				
8335	83350	0				
8336	83360	0				
8337	83370	0				
8338	83380	0				
8339	83390	0				
8340	83400	0				
8341	83410	0				
8342	83420	0				
8343	83430	0				
8344	83440	0				
8345	83450	0				
8346	83460	0				
8347	83470	0				
8348	83480	0				
8349	83490	0				
8350	83500	0				
8351	83510	0				
8352	83520	0				
8353	83530	0				
8354	83540	0				
8355	83550	0				
8356	83560	0				
8357	83570	0				
8358	83580	0				
8359	83590	0				
8360	83600	0				
8361	83610	0				
8362	83620	0				
8363	83630	0				
8364	83640	0				
8365	83650	0				
8366	83660	0				
8367	83670	0				
8368	83680	0				
8369	83690	0				
8370	83700	0				
8371	83710	0				
8372	83720	0				
8373	83730	0				
8374	83740	0				
8375	83750	0				
8376	83760	0				
8377	83770	0				
8378	83780	0				
8379	83790	0				
8380	83800	0				
8381	83810	0				
8382	83820	0				
8383	83830	0				
8384	83840	0				
8385	83850	0				
8386	83860	0				
8387	83870	0				
8388	83880	0				
8389	83890	0				
8390	83900	0				
8391	83910	0				
8392	83920	0				
8393	83930	0				
8394	83940	0				
8395	83950	0				
8396	83960	0				
8397	83970	0				
8398	83980	0				
8399	83990	0				
8400	84000	0				
8401	84010	0				
8402	84020	0				
8403	84030	0				
8404	84040	0				
8405	84050	0				
8406	84060	0				
8407	84070	0				
8408	84080	0				
8409	84090	0				
8410	84100	0				
8411	84110	0				
8412	84120	0				
8413	84130	0				
8414	84140	0				
8415	84150	0				
8416	84160	0				
8417	84170	0				
8418	84180	0				
8419	84190	0				
8420	84200	0				
8421	84210	0				
8422	84220	0				
8423	84230	0				
8424	84240	0				
8425	84250	0				
8426	84260	0				
8427	84270	0				
8428	84280	0				
8429	84290	0				
8430	84300	0				
8431	84310	0				
8432	84320	0				
8433	84330	0				
8434	84340	0				
8435	84350	0				
8436	84360	0				
8437	84370	0				
8438	84380	0				
8439	84390	0				
8440	84400	0				
8441	84410	0				
8442	84420	0				
8443	84430	0				
8444	84440	0				
8445	84450	0				
8446	84460	0				
8447	84470	0				
8448	84480	0				
8449	84490	0				
8450	84500	0				
8451	84510	0				
8452	84520	0				
8453	84530	0				
8454	84540	0				
8455	84550	0				
8456	84560	0				
8457	84570	0				
8458	84580	0				
8459	84590	0				
8460	84600	0				
8461	84610	0				
8462	84620	0				
8463	84630	0				
8464	84640	0				
8465	84650	0				
8466	84660	0				
8467	84670	0				
8468	84680	0				
8469	84690	0				
8470	84700	0				
8471	84710	0				
8472	84720	0				
8473	84730	0				
8474	84740	0				
8475	84750	0				
8476	84760	0				
8477	84770	0				
8478	84780	0				
8479	84790	0				
8480	84800	0				
8481	84810	0				
8482	84820	0				
8483	84830	0				
8484	84840	0				
8485	84850	0				
8486	84860	0				
8487	84870	0				
8488	84880	0				
8489	84890	0				
8490	84900	0				
8491	84910	0				
8492	84920	0				
8493	84930	0				
8494	84940	0				
8495	84950	0				
8496	84960	0				
8497	84970	0				
8498	84980	0				
8499	84990	0				
8500	85000	0				
8501	85010	0				
8502	85020	0				
8503	85030	0				
8504	85040	0				
8505	85050	0				
8506	85060	0				
8507	85070	0				
8508	85080	0				
8509	85090	0				
8510	85100	0				
8511	85110	0				
8512	85120	0				
8513	85130	0				
8514	85140	0				
8515	85150	0				
8516	85160	0				
8517	85170	0				
8518	85180	0				
8519	85190	0				
8520	85200	0				
8521	85210	0				
8522	85220	0				
8523	85230	0				
8524	85240	0				
8525	85250	0				
8526	85260	0				
8527	85270	0				
8528	85280	0				
8529	85290	0				
8530	85300	0				
8531	85310	0				
8532	85320	0				
8533	85330	0				
8534	85340	0				
8535	85350	0				
8536	85360	0				
8537	85370	0				
8538	85380	0				
8539	85390	0				
8540	85400	0				
8541	85410	0				
8542	85420	0				
8543	85430	0				
8544	85440	0				
8545	85450	0				
8546	85460	0				
8547	85470	0				
8548	85480	0				
8549	85490	0				
8550	85500	0				
8551	85510	0				
8552	85520	0				
8553	85530	0				
8554	85540	0				
8555	85550	0				
8556	85560	0				
8557	85570	0				
8558	85580	0				
8559	85590	0				
8560	85600	0				
8561	85610	0				
8562	85620	0				
8563	85630	0				
8564	85640	0				
8565	85650	0				
8566	85660	0				
8567	85670	0				
8568	85680	0				
8569	85690	0				
8570	85700	0				
8571	85710	0				
8572	85720	0				
8573	85730	0				
8574	85740	0				
8575	85750	0				
8576	85760	0				
8577	85770	0				
8578	85780	0				
8579	85790	0				
8580	85800	0				
8581	85810	0				
8582	85820	0				
8583	85830	0				
8584	85840	0				
8585	85850	0				
8586	85860	0				
8587	85870	0				
8588	85880	0				
8589	85890	0				
8590	85900	0				
8591	85910	0				
8592	85920	0				
8593	85930	0				
8594	85940	0				
8595	85950	0				
8596	85960	0				
8597	85970	0				
8598	85980	0				
8599	85990	0				
8600	86000	0				
8601	86010	0				
8602	86020	0				
8603	86030	0				
8604	86040	0				
8605	86050	0				
8606	86060	0				
8607	86070	0				
8608	86080	0				
8609	86090	0				
8610	86100	0				
8611	86110	0				
8612	86120	0				
8613	86130	0				
8614	86140	0				
8615	86150	0				
8616	86160	0				
8617	86170	0				
8618	86180	0				
8619	86190	0				
8620	86200	0				
8621	86210	0				
8622	86220	0				
8623	86230	0				
8624	86240	0				
8625	86250	0				
8626	86260	0				
8627	86270	0				
8628	86280	0				
8629	86290	0				
8630	86300	0				
8631	86310	0				
8632	86320	0				
8633	86330	0				
8634	86340	0				
8635	86350	0				
8636	86360	0				
8637	86370	0				
8638	86380	0				
8639	86390	0				
8640	86400	0				
8641	86410	0				
8642	86420	0				
8643	86430	0				
8644	86440	0				
8645	86450	0				
8646	86460	0				
8647	86470	0				
8648	86480	0				
8649	86490	0				
8650	86500	0				
8651	86510	0				
8652	86520	0				
8653	86530	0				
8654	86540	0				
8655	86550	0				
8656	86560	0				
8657	86570	0				
8658	86580	0				
8659	86590	0				
8660	86600	0				
8661	86610	0				
8662	86620	0				
8663	86630	0				
8664	86640	0				
8665	86650	0				
8666	86660	0				
8667	86670	0				
8668	86680	0				
8669	86690	0				
8670	86700	0				
8671	86710	0				
8672	86720	0				
8673	86730	0				
8674	86740	0				
8675	86750	0				
8676	86760	0				
8677	86770	0				
8678	86780	0				
8679	86790	0				
8680	86800	0				
8681	86810	0				
8682	86820	0				
8683	86830	0				
8684	86840	0				
8685	86850	0				
8686	86860	0				
8687	86870	0				
8688	86880	0				
8689	86890	0				
8690	86900	0				
8691	86910	0				
8692	86920	0				
8693	86930	0				
8694	86940	0				
8695	86950	0				
8696	86960	0				
8697	86970	0				
8698	86980	0				
8699	86990	0				
8700	87000	0				
8701	87010	0				
8702	87020	0				
8703	87030	0				
8704	87040	0				
8705	87050	0				
8706	87060	0				
8707	87070	0				
8708	87080	0				
8709	87090	0				
8710	87100	0				
8711	87110	0				
8712	87120	0				
8713	87130	0				
8714	87140	0				
8715	87150	0				
8716	87160	0				
8717	87170	0				
8718	87180	0				
8719	87190	0				
8720	87200	0				
8721	87210	0				
8722	87220	0				
8723	87230	0				
8724	87240	0				
8725	87250	0				
8726	87260	0				
8727	87270	0				
8728	87280	0				
8729	87290	0				
8730	87300	0				
8731	87310	0				
8732	87320	0				
8733	87330	0				
8734	87340	0				
8735	87350	0				
8736	87360	0				
8737	87370	0				
8738	87380	0				
8739	87390	0				
8740	87400	0				
8741	87410	0				
8742	87420	0				
8743	87430	0				
8744	87440	0				
8745	87450	0				
8746	87460	0				
8747	87470	0				
8748	87480	0				
8749	87490	0				
8750	87500	0				
8751	87510	0				
8752	87520	0				
8753	87530	0				
8754	87540	0				
8755	87550	0				
8756	87560	0				
8757	87570	0				
8758	87580	0				
8759	87590	0				
8760	87600	0	0			
8761	87610	0	0			
8762	87620	0	0			
8763	87630	0	0			
8764	87640	0	0			
8765	87650	0	0			
8766	87660	0	0			
8767	87670	0	0.04	0.0705549295774648		
8768	87680	0	0	0.197670422535211		
8769	87690	0	0.07	0.314366197183099		
8770	87700	0	0.07	0.231667605633803		
8771	87710	0	0	0.429338028169014		
8772	87720	0	0	0.322250704225352		
8773	87730	0	0	0.275146478873239		
8774	87740	0	0	0.253318309859155		
8775	87750	0	0	0.270785915492958		
8776	87760	0	0	0.298064788732394		
8777	87770	0	0	0.318295774647887		
8778	87780	0	0	0.576861971830986		
8779	87790	0	0	0.610402816901409		
8780	87800	0	0	0.579878873239437	0.00409649744217715	0.575782375797259
8781	87810	0	0	0.766039436619718	0.00362153456722696	0.762417902052491
8782	87820	0	0.39	0.417498591549296	0.00619257353281342	0.411306018016482
8783	87830	0	0.18	0.325014084507042	0.0262894330478436	0.298724651459199
8784	87840	0	0	0.230856338028169	0.0422374218369253	0.188618916191244
8785	87850	0	0	0.163850704225352	0.0418491865141645	0.122001517711188
8786	87860	0	0.01	0.116391549295775	0.0363952571991863	0.0799962920965884
8787	87870	0	0.19	0.0941830985915493	0.0326298553405	0.0615532432510493
8788	87880	0	0	0.0903802816901409	0.0371057462888205	0.0532745354013204
8789	87890	0	0	0.103385915492958	0.036217024145861	0.0671688913470968
8790	87900	0	0.01	0.218535211267606	0.0310926577176335	0.187442553549972
8791	87910	0	0.02	0.294414084507042	0.0272384800138534	0.267175604493189
8792	87920	0	0	0.223428169014085	0.0252395484211148	0.19818862059297
8793	87930	0	0	0.204845070422535	0.0238835755188195	0.180961494903716
8794	87940	0	0.04	0.322402816901408	0.0208521124870782	0.30155070441433
8795	87950	0	0.26	0.472208450704225	0.0220717732117012	0.450136677492524
8796	87960	0	0.79	0.408194366197183	0.038644165972244	0.369550200224939
8797	87970	0	0.15	0.362002816901409	0.0817682330860908	0.280234583815318
8798	87980	0	0	0.379470422535211	0.101504473532325	0.277965949002886
8799	87990	0	0.02	0.345346478873239	0.0931199185821525	0.252226560291087
8800	88000	0	0	0.301892957746479	0.0814380715507867	0.220454886195692
8801	88010	0	0	0.262876056338028	0.0685797076030475	0.194296348734981
8802	88020	0	0	0.231338028169014	0.0574563240696595	0.173881704099355
8803	88030	0	0	0.221704225352113	0.0461770941415198	0.175527131210593
8804	88040	0	0	0.212476056338028	0.0400850710850533	0.172390985252975
8805	88050	0	0	0.203628169014085	0.0360099268224769	0.167618242191608
8806	88060	0	0.04	0.195160563380282	0.0338989205435405	0.161261642836741
8807	88070	0	0.01	0.191230985915493	0.0336877069891568	0.157543278926336
8808	88080	0	0	0.18970985915493	0.0289828101861348	0.160727048968795
8809	88090	0	0.01	0.189101408450704	0.0247316053502476	0.164369803100457
8810	88100	0	0.12	0.190901408450704	0.0217853777998382	0.169116030650866
8811	88110	0	0.6	0.192853521126761	0.0314001193672792	0.161453401759481
8812	88120	0	0	0.202715492957747	0.0635571236110754	0.139158369346671
8813	88130	0	0	0.243988732394366	0.073530337509782	0.170458394884584
8814	88140	0	0	0.275907042253521	0.0652472187606849	0.210659823492836
8815	88150	0	0	0.188087323943662	0.0548160944965641	0.133271229447098
8816	88160	0	0	0.147980281690141	0.0424774166790681	0.105502865011073
8817	88170	0	0	0.130969014084507	0.0305291384785824	0.100439875605925
8818	88180	0	0	0.123921126760563	0.0245349804599274	0.099386146300636
8819	88190	0	0	0.122805633802817	0.0220820350628056	0.100723598740011
8820	88200	0	0	0.118495774647887	0.0192696122295162	0.0992261624183712
8821	88210	0	0	0.103208450704225	0.0183778090857272	0.0848306416184982
8822	88220	0	0	0.100470422535211	0.017884398752508	0.0825860237827034
8823	88230	0	0	0.0894929577464789	0.0149026114159843	0.0745903463304946
8824	88240	0	0.12	0.0860704225352113	0.0135938418032194	0.0724765807319918
8825	88250	0	0.36	0.0918760563380281	0.0196533309533939	0.0722227253846343
8826	88260	0	0.44	0.115047887323944	0.0429057205243594	0.0721421667995844
8827	88270	0	0	0.159946478873239	0.0706777251230002	0.0892687537502391
8828	88280	0	0.02	0.157233802816901	0.074484951041238	0.0827488517756634
8829	88290	0	0.08	0.160656338028169	0.0666436509911488	0.0940126870370202
8830	88300	0	0.01	0.151377464788732	0.0603617006712889	0.0910157641174434
8831	88310	0	0	0.131678873239437	0.0512602117247408	0.0804186615146958
8832	88320	0	0.01	0.113577464788732	0.0398023032785755	0.0737751615101569
8833	88330	0	0	0.0997098591549297	0.0346470581513954	0.0650628010035343
8834	88340	0	0	0.0904056338028169	0.0309866599392398	0.0594189738635771
8835	88350	0	0	0.0777802816901408	0.0279282474984331	0.0498520341917077
8836	88360	0	0	0.0709098591549296	0.0260418757974729	0.0448679833574566
8837	88370	0	0	0.0620112676056338	0.0236481245887162	0.0383631430169176
8838	88380	0	0.2	0.0568901408450704	0.0213275403365919	0.0355626005084785
8839	88390	0	0	0.0606169014084507	0.0280692780731192	0.0325476233353315
8840	88400	0	0	0.0597295774647888	0.0299517089152463	0.0297778685495425
8841	88410	0	0.17	0.0567633802816902	0.0292808048562989	0.0274825754253912
8842	88420	0	0.38	0.051743661971831	0.0390315406497325	0.0127121213220985
8843	88430	0	0	0.054	0.0582875052347758	-0.00428750523477578
8844	88440	0	0	0.058030985915493	0.0609771520452737	-0.00294616612978073
8845	88450	0	0	0.0549633802816901	0.0508693695067097	0.00409401077498043
8846	88460	0.989934848329646	0	0.0507295774647888	0.0404244378313781	0.0103051396334107
8847	88470	0.966221598080728	0	0.047230985915493	0.0311057456007983	0.0161252403146947
8848	88480	0.965084350512802	0	0.0427183098591549	0.026735991443154	0.015982318416001
8849	88490	0.955912860295242	0.02	0.0397521126760563	0.0232729495716605	0.0164791631043959
8850	88500	0.902372979275328	0.86	0.0493352112676056	0.0277638208037939	0.0215713904638117
8851	88510	0.351053627362941	0.07	0.15814647887324	0.0684838125630422	0.0896626663101974
8852	88520	0.229370056754235	0	0.208090140845071	0.0867201275326466	0.121370013312424
8853	88530	0.434614572324387	0.01	0.159515492957747	0.0784704627347303	0.0810450302230162
8854	88540	0.570120344341793	0	0.1296	0.0679279967361152	0.061672003263885
8855	88550	0.71061552788162	0.09	0.103994366197183	0.0576566937147523	0.0463376724824309
8856	88560	0.838241690713134	0.04	0.0865267605633803	0.0537337350510076	0.0327930255123727
8857	88570	0.828353960989345	0	0.0804929577464789	0.0504145290628183	0.0300784286836606
8858	88580	0.665567748815409	0	0.0959323943661972	0.0469625704185078	0.0489698239476894
8859	88590	0.62902782728149	0	0.0939042253521127	0.0405740812880305	0.0533301440640822
8860	88600	0.748380986566222	0	0.0801126760563381	0.0373558109156295	0.0427568651407086
8861	88610	0.829302251850911	0	0.0685267605633803	0.0345601041978168	0.0339666563655635
8862	88620	0.844455336155639	0	0.0586901408450704	0.0270511919674073	0.0316389488776631
8863	88630	0.861967022012743	0.02	0.0507802816901408	0.0207303930677279	0.030049888622413
8864	88640	0.879112306099029	0.02	0.0465971830985916	0.0175364152012158	0.0290607678973757
8865	88650	0.879456152590931	0.39	0.047230985915493	0.0211588502602969	0.0260721356551961
8866	88660	0.981852279461414	0	0.0523521126760563	0.0416108255495767	0.0107412871264796
8867	88670	0.997107923137765	0	0.0528718309859155	0.0485059688040144	0.00436586218190113
8868	88680	0.999331048896741	0	0.0491323943661972	0.0436506300850921	0.00548176428110506
8869	88690	0.9903460007693	0	0.0464197183098592	0.036875994472398	0.00954372383746115
8870	88700	0.97422124877435	0	0.0433394366197183	0.029011423624591	0.0143280129951273
8871	88710	0.925936331072951	0	0.0411971830985916	0.0190723052271786	0.022124877871413
8872	88720	0.911737987967688	0	0.0383577464788732	0.0157115041654055	0.0226462423134677
8873	88730	0.939418652547546	0	0.034174647887324	0.01443487378369	0.019739774103634
8874	88740	0.936121614048121	0	0.0330718309859155	0.0126115512919249	0.0204602796939906
8875	88750	0.956259484839155	0	0.0297633802816902	0.0115777502456587	0.0181856300360315
8876	88760	0.955029036152147	0	0.0286732394366197	0.010568006631825	0.0181052328047948
8877	88770	0.950994440985699	0	0.0268859154929577	0.00840625507024007	0.0184796604227177
8878	88780	0.954142225187828	0	0.0252633802816901	0.00718197937956066	0.0180814009021295
8879	88790	0.94968163641758	0	0.0247183098591549	0.00554434117756684	0.0191739686815881
8880	88800	0.955913230855712	0.01	0.0228422535211267	0.0055459170541391	0.0172963364669876
8881	88810	0.963550390880563	0	0.0226014084507042	0.00660695161713589	0.0159944568335683
8882	88820	0.969684284664543	0.28	0.022487323943662	0.0090497472266901	0.0134375767169719
8883	88830	0.999098201093392	0.03	0.0226901408450704	0.0227451228104609	-5.49819653905201e-05
8884	88840	0.96891723698295	1.35	0.0240084507042254	0.0389636094957093	-0.0149551587914839
8885	88850	0.524258494646434	0.3	0.0390042253521127	0.103580015954978	-0.0645757906028657
8886	88860	0.940370536539844	0.02	0.118483098591549	0.138000698503956	-0.0195175999124066
8887	88870	0.924243821108219	0	0.153405633802817	0.128057049394861	0.0253485844079559
8888	88880	0.825752942145843	0.02	0.146230985915493	0.110317594501801	0.0359133914136918
8889	88890	0.850092321350455	0.02	0.124783098591549	0.0927051975127947	0.0320779010787547
8890	88900	0.937524098064818	0	0.101611267605634	0.0803871628813548	0.021224104724279
8891	88910	0.806977683841416	0.61	0.102308450704225	0.0725280416048999	0.0297804090993255
8892	88920	0.150477455665729	0.83	0.255105633802817	0.101915982857808	0.153189650945009
8893	88930	0.0547386150895053	0.12	0.419032394366197	0.148540229200694	0.270492165165503
8894	88940	0.073732047316353	0.03	0.396697183098592	0.159791651837782	0.236905531260809
8895	88950	0.154662401557726	0	0.30940985915493	0.147690001734501	0.161719857420428
8896	88960	0.25366198748929	0	0.244660563380282	0.125623463360334	0.119037100019948
8897	88970	0.390332861238818	0	0.193981690140845	0.106048095893806	0.0879335942470388
8898	88980	0.543797605992943	0.01	0.153101408450704	0.0881596589840306	0.0649417494666735
8899	88990	0.684269037442286	0	0.123325352112676	0.0782771721809778	0.0450481799316983
8900	89000	0.862555534669394	0.04	0.102321126760564	0.0746385693950623	0.0276825573655013
8901	89010	0.955456994482457	0.3	0.0892774647887324	0.0741428884897777	0.0151345762989547
8902	89020	0.999979490433543	0.34	0.0903676056338028	0.0892631577030978	0.00110444793070499
8903	89030	0.990355784784418	0	0.0965788732394366	0.102432025535758	-0.00585315229632105
8904	89040	0.997923769410594	0	0.0942464788732394	0.094101277837814	0.000145201035425452
8905	89050	0.966133345881499	0	0.0884281690140845	0.069908933562688	0.0185192354513965
8906	89060	0.937140858756285	0	0.0789591549295775	0.0566794672963066	0.0222796876332709
8907	89070	0.943769733548726	0	0.0702760563380282	0.0507135060253105	0.0195625503127176
8908	89080	0.959545635346273	0.43	0.0642295774647887	0.0505749718935181	0.0136546055712706
8909	89090	0.913121213132155	0.99	0.091812676056338	0.0761437600672435	0.0156689159890945
8910	89100	0.126680530321554	0.2	0.29860985915493	0.130532084716569	0.168077774438361
8911	89110	0.165712076494999	0	0.295719718309859	0.148888377889379	0.14683134042048
8912	89120	0.269380863866591	0	0.24473661971831	0.129772511433164	0.114964108285146
8913	89130	0.396144478915218	0.04	0.192625352112676	0.105704843538364	0.0869205085743122
8914	89140	0.539993009662312	0.25	0.156245070422535	0.0912587777020999	0.0649862927204355
8915	89150	0.487844578827091	0.02	0.159959154929577	0.0899884213526134	0.069970733576964
8916	89160	0.452574935451091	0	0.156549295774648	0.0843006832735473	0.0722486125011006
8917	89170	0.534101824457842	0.02	0.14020985915493	0.0763593040746856	0.0638505550802441
8918	89180	0.604623461531272	0.12	0.127280281690141	0.0708679354599759	0.056412346230165
8919	89190	0.671444653426122	0.01	0.122754929577465	0.0720326033537602	0.0507223262237045
8920	89200	0.663297345133358	0.15	0.120714084507042	0.070514189033047	0.0501998954739953
8921	89210	0	0.01	0.124618309859155	0.0669203223937972	0.0576979874653577
8922	89220	0	0	0.119243661971831	0.0585662061194765	0.0606774558523546
8923	89230	0	0	0.106402816901409	0.0471209108419146	0.0592819060594939
8924	89240	0	0	0.098594366197183	0.0435832220090412	0.0550111441881418
8925	89250	0	0	0.0844225352112676	0.0423062266131842	0.0421163085980834
8926	89260	0	0	0.0754985915492958	0.0399144840064549	0.0355841075428409
8927	89270	0	0	0.0659408450704225	0.0361783074373835	0.029762537633039
8928	89280	0	0	0.0596915492957746	0.030298117247995	0.0293934320477796
8929	89290	0	0	0.0542154929577465	0.0219214816959019	0.0322940112618446
8930	89300	0	0	0.0484859154929578	0.0128256156907884	0.0356602998021694
8931	89310	0	0.05	0.0458239436619719	0.0112131876796101	0.0346107559823617
8932	89320	0	0.22	0.0436816901408451	0.014086874113068	0.0295948160277771
8933	89330	0	0	0.0409183098591549	0.0245304190599969	0.016387890799158
8934	89340	0	0	0.0388521126760563	0.0264435636232193	0.012408549052837
8935	89350	0	0	0.0365197183098591	0.0216458218093653	0.0148738965004939
8936	89360	0	0	0.0353408450704225	0.0190262899070361	0.0163145551633864
8937	89370	0	0.12	0.0330211267605634	0.0171101017468171	0.0159110250137463
8938	89380	0	0.01	0.0333507042253521	0.0205398261764963	0.0128108780488558
8939	89390	0	0	0.0319183098591549	0.0202722283559271	0.0116460815032278
8940	89400	0	0	0.0303211267605634	0.0177742853480818	0.0125468414124816
8941	89410	0	0	0.0295859154929578	0.0143769835127482	0.0152089319802096
8942	89420	0	0.08	0.028330985915493	0.0133469761617429	0.01498400975375
8943	89430	0	0	0.0277352112676057	0.0161105827705629	0.0116246284970428
8944	89440	0	0.16	0.0268732394366197	0.0168932128565502	0.00998002658006957
8945	89450	0	0	0.0269492957746479	0.0226635810804592	0.00428571469418868
8946	89460	0	0	0.0266197183098592	0.0235050482225731	0.00311467008728601
8947	89470	0	0.01	0.0258084507042254	0.0210003355115416	0.00480811519268381
8948	89480	0	0.03	0.0257323943661972	0.0199470726201442	0.00578532174605297
8949	89490	0	0.25	0.0264422535211268	0.0209552636528538	0.00548698986827293
8950	89500	0	0.23	0.031043661971831	0.0336094728261349	-0.00256581085430389
8951	89510	0	0	0.0374957746478873	0.0465644543739907	-0.00906867972610339
8952	89520	0	0	0.039118309859155	0.0462035269569574	-0.00708521709780241
8953	89530	0	0.79	0.0406521126760564	0.0451939001104005	-0.00454178743434417
8954	89540	0	0.14	0.0521492957746479	0.079514443524124	-0.0273651477494761
8955	89550	0	0	0.0634943661971831	0.0969120197431488	-0.0334176535459657
8956	89560	0	0.02	0.0650915492957746	0.0870293573871404	-0.0219378080913658
8957	89570	0	0.11	0.0639	0.0764650193611674	-0.0125650193611674
8958	89580	0	0.03	0.065218309859155	0.0700238164435278	-0.0048055065843729
8959	89590	0	0.03	0.0649014084507042	0.065336478212506	-0.000435069761801785
8960	89600	0	0	0.0632028169014085	0.0593575974740107	0.00384521942739775
8961	89610	0	0.26	0.0629112676056338	0.0557753334868926	0.00713593411874121
8962	89620	0	0.19	0.0741802816901409	0.0625981148125077	0.0115821668776332
8963	89630	0	0.09	0.0939169014084507	0.0717405735708581	0.0221763278375927
8964	89640	0	0	0.105857746478873	0.0740641869454982	0.031793559533375
8965	89650	0	0.24	0.105287323943662	0.0680505777038212	0.0372367462398406
8966	89660	0	0.01	0.10806338028169	0.0712835670677669	0.0367798132139233
8967	89670	0	0.28	0.108012676056338	0.0697790836127855	0.0382335924435524
8968	89680	0	0.2	0.100064788732394	0.0769437283977715	0.023121060334623
8969	89690	0	0.06	0.103385915492958	0.0862456064970743	0.0171403089958834
8970	89700	0	0.12	0.108735211267606	0.0834820048851757	0.02525320638243
8971	89710	0	0	0.0955014084507042	0.0801152669165512	0.015386141534153
8972	89720	0	0	0.0885422535211268	0.0725721553384849	0.0159700981826419
8973	89730	0	0	0.098518309859155	0.0615919521350275	0.0369263577241274
8974	89740	0	0.02	0.101015492957747	0.0473436929817826	0.053671799975964
8975	89750	0	0	0.0937394366197183	0.0409595015827193	0.052779935036999
8976	89760	0	0.04	0.086856338028169	0.037247480356694	0.049608857671475
8977	89770	0	0	0.0791366197183099	0.0351145707841601	0.0440220489341498
8978	89780	0	0	0.0754859154929577	0.0333458820712569	0.0421400334217008
8979	89790	0	0.01	0.0715816901408451	0.0298116329901855	0.0417700571506595
8980	89800	0	0	0.0677915492957747	0.0269417276962742	0.0408498215995005
8981	89810	0	0	0.0663211267605634	0.0234710702170188	0.0428500565435446
8982	89820	0	0	0.0630507042253521	0.0184717314891575	0.0445789727361946
8983	89830	0	0	0.057574647887324	0.0158938392510818	0.0416808086362422
8984	89840	0	0	0.0542408450704226	0.0141647304289379	0.0400761146414847
8985	89850	0	0	0.0504380281690141	0.0130990169793839	0.0373390111896301
8986	89860	0	0	0.0477760563380282	0.0104126296086989	0.0373634267293293
8987	89870	0	0.01	0.0451774647887324	0.00882037073783687	0.0363570940508955
8988	89880	0	0.01	0.0429211267605634	0.00595756721169502	0.0369635595488684
8989	89890	0	0	0.0416915492957746	0.0043890655895849	0.0373024837061897
8990	89900	0	0	0.0402338028169014	0.0034170232406186	0.0368167795762828
8991	89910	0	0.02		0.00237011012002647	
8992	89920	0	0		0.00318145417987332	
8993	89930	0	0.17		0.00465713273817305	
8994	89940	0	0.23		0.0143908935349854	
8995	89950	0	0		0.0283693150265531	
8996	89960	0	0.02		0.0308018340023622	
8997	89970	0	0		0.0273351108869332	
8998	89980	0	0		0.0236305137752583	
8999	89990	0	0.03		0.0200451309659717	
9000	90000	0	0.62		0.0232105928294742	
9001	90010	0	0		0.0517714168771111	
9002	90020	0	0.06		0.0622627488826354	
9003	90030	0	0.32		0.0599343436105251	
9004	90040	0	0.32		0.0726283850486236	
9005	90050	0	0.19		0.0880253841735579	
9006	90060	0	0		0.0935561000632166	
9007	90070	0	0		0.0844663011271079	
9008	90080	0	0		0.0727284978643377	
9009	90090	0	0		0.0626803415500905	
9010	90100	0	0		0.0555538497604625	
9011	90110	0	0		0.0506539558663717	
9012	90120	0	0.02		0.0438905827208171	
9013	90130	0	0.01		0.0396317507978467	
9014	90140	0	0		0.0342357002823674	
9015	90150	0	0		0.0303884566565278	
9016	90160	0	0		0.0283544562772397	
9017	90170	0	0		0.0248923452579813	
9018	90180	0	0		0.0225929723162773	
9019	90190	0	0		0.0203266689270523	
9020	90200	0	0		0.0181491614095915	
9021	90210	0	0		0.0132550190884375	
9022	90220	0	0.01		0.012267718278638	
9023	90230	0	0		0.0102780998857099	
9024	90240	0	0		0.00617848339708379	
9025	90250	0	0		0.00272026245635003	
9026	90260	0	0		0.000991994279207965	
9027	90270	0	0.48		0.00464803969110251	
9028	90280	0				
9029	90290	0				
9030	90300	0				
9031	90310	0				
9032	90320	0				
9033	90330	0				
9034	90340	0				
9035	90350	0				
9036	90360	0				
9037	90370	0				
9038	90380	0				
9039	90390	0				
9040	90400	0				
9041	90410	0				
9042	90420	0				
9043	90430	0				
9044	90440	0				
9045	90450	0				
9046	90460	0				
9047	90470	0				
9048	90480	0				
9049	90490	0				
9050	90500	0				
9051	90510	0				
9052	90520	0				
9053	90530	0				
9054	90540	0				
9055	90550	0				
9056	90560	0				
9057	90570	0				
9058	90580	0				
9059	90590	0				
9060	90600	0				
9061	90610	0				
9062	90620	0				
9063	90630	0				
9064	90640	0				
9065	90650	0				
9066	90660	0				
9067	90670	0				
9068	90680	0				
9069	90690	0				
9070	90700	0				
9071	90710	0				
9072	90720	0				
9073	90730	0				
9074	90740	0				
9075	90750	0				
9076	90760	0				
9077	90770	0				
9078	90780	0				
9079	90790	0				
9080	90800	0				
9081	90810	0				
9082	90820	0				
9083	90830	0				
9084	90840	0				
9085	90850	0				
9086	90860	0				
9087	90870	0				
9088	90880	0				
9089	90890	0				
9090	90900	0				
9091	90910	0				
9092	90920	0				
9093	90930	0				
9094	90940	0				
9095	90950	0				
9096	90960	0				
9097	90970	0				
9098	90980	0				
9099	90990	0				
9100	91000	0				
9101	91010	0				
9102	91020	0				
9103	91030	0				
9104	91040	0				
9105	91050	0				
9106	91060	0				
9107	91070	0				
9108	91080	0				
9109	91090	0				
9110	91100	0				
9111	91110	0				
9112	91120	0				
9113	91130	0				
9114	91140	0				
9115	91150	0				
9116	91160	0				
9117	91170	0				
9118	91180	0				
9119	91190	0				
9120	91200	0				
9121	91210	0				
9122	91220	0				
9123	91230	0				
9124	91240	0				
9125	91250	0				
9126	91260	0				
9127	91270	0				
9128	91280	0				
9129	91290	0				
9130	91300	0				
9131	91310	0				
9132	91320	0				
9133	91330	0				
9134	91340	0				
9135	91350	0				
9136	91360	0				
9137	91370	0				
9138	91380	0				
9139	91390	0				
9140	91400	0				
9141	91410	0				
9142	91420	0				
9143	91430	0				
9144	91440	0				
9145	91450	0				
9146	91460	0				
9147	91470	0				
9148	91480	0				
9149	91490	0				
9150	91500	0				
9151	91510	0				
9152	91520	0				
9153	91530	0				
9154	91540	0				
9155	91550	0				
9156	91560	0				
9157	91570	0				
9158	91580	0				
9159	91590	0				
9160	91600	0				
9161	91610	0				
9162	91620	0				
9163	91630	0				
9164	91640	0				
9165	91650	0				
9166	91660	0				
9167	91670	0				
9168	91680	0				
9169	91690	0				
9170	91700	0				
9171	91710	0				
9172	91720	0				
9173	91730	0				
9174	91740	0				
9175	91750	0				
9176	91760	0				
9177	91770	0				
9178	91780	0				
9179	91790	0				
9180	91800	0				
9181	91810	0				
9182	91820	0				
9183	91830	0				
9184	91840	0				
9185	91850	0				
9186	91860	0				
9187	91870	0				
9188	91880	0				
9189	91890	0				
9190	91900	0				
9191	91910	0				
9192	91920	0				
9193	91930	0				
9194	91940	0				
9195	91950	0				
9196	91960	0				
9197	91970	0				
9198	91980	0				
9199	91990	0				
9200	92000	0				
9201	92010	0				
9202	92020	0				
9203	92030	0				
9204	92040	0				
9205	92050	0				
9206	92060	0				
9207	92070	0				
9208	92080	0				
9209	92090	0				
9210	92100	0				
9211	92110	0				
9212	92120	0				
9213	92130	0				
9214	92140	0				
9215	92150	0				
9216	92160	0				
9217	92170	0				
9218	92180	0				
9219	92190	0				
9220	92200	0				
9221	92210	0				
9222	92220	0				
9223	92230	0				
9224	92240	0				
9225	92250	0				
9226	92260	0				
9227	92270	0				
9228	92280	0				
9229	92290	0				
9230	92300	0				
9231	92310	0				
9232	92320	0				
9233	92330	0				
9234	92340	0				
9235	92350	0				
9236	92360	0				
9237	92370	0				
9238	92380	0				
9239	92390	0				
9240	92400	0				
9241	92410	0				
9242	92420	0				
9243	92430	0				
9244	92440	0				
9245	92450	0				
9246	92460	0				
9247	92470	0				
9248	92480	0				
9249	92490	0				
9250	92500	0				
9251	92510	0				
9252	92520	0				
9253	92530	0				
9254	92540	0				
9255	92550	0				
9256	92560	0				
9257	92570	0				
9258	92580	0				
9259	92590	0				
9260	92600	0				
9261	92610	0				
9262	92620	0				
9263	92630	0				
9264	92640	0				
9265	92650	0				
9266	92660	0				
9267	92670	0				
9268	92680	0				
9269	92690	0				
9270	92700	0				
9271	92710	0				
9272	92720	0				
9273	92730	0				
9274	92740	0				
9275	92750	0				
9276	92760	0				
9277	92770	0				
9278	92780	0				
9279	92790	0				
9280	92800	0				
9281	92810	0				
9282	92820	0				
9283	92830	0				
9284	92840	0				
9285	92850	0				
9286	92860	0				
9287	92870	0				
9288	92880	0				
9289	92890	0				
9290	92900	0				
9291	92910	0				
9292	92920	0				
9293	92930	0				
9294	92940	0				
9295	92950	0				
9296	92960	0				
9297	92970	0				
9298	92980	0				
9299	92990	0				
9300	93000	0				
9301	93010	0				
9302	93020	0				
9303	93030	0				
9304	93040	0				
9305	93050	0				
9306	93060	0				
9307	93070	0				
9308	93080	0				
9309	93090	0				
9310	93100	0				
9311	93110	0				
9312	93120	0				
9313	93130	0				
9314	93140	0				
9315	93150	0				
9316	93160	0				
9317	93170	0				
9318	93180	0				
9319	93190	0				
9320	93200	0				
9321	93210	0				
9322	93220	0				
9323	93230	0				
9324	93240	0				
9325	93250	0				
9326	93260	0				
9327	93270	0				
9328	93280	0				
9329	93290	0				
9330	93300	0				
9331	93310	0				
9332	93320	0				
9333	93330	0				
9334	93340	0				
9335	93350	0				
9336	93360	0				
9337	93370	0				
9338	93380	0				
9339	93390	0				
9340	93400	0				
9341	93410	0				
9342	93420	0				
9343	93430	0				
9344	93440	0				
9345	93450	0				
9346	93460	0				
9347	93470	0				
9348	93480	0				
9349	93490	0				
9350	93500	0				
9351	93510	0				
9352	93520	0				
9353	93530	0				
9354	93540	0				
9355	93550	0				
9356	93560	0				
9357	93570	0				
9358	93580	0				
9359	93590	0				
9360	93600	0				
9361	93610	0				
9362	93620	0				
9363	93630	0				
9364	93640	0				
9365	93650	0				
9366	93660	0				
9367	93670	0				
9368	93680	0				
9369	93690	0				
9370	93700	0				
9371	93710	0				
9372	93720	0				
9373	93730	0				
9374	93740	0				
9375	93750	0				
9376	93760	0				
9377	93770	0				
9378	93780	0				
9379	93790	0				
9380	93800	0				
9381	93810	0				
9382	93820	0				
9383	93830	0				
9384	93840	0				
9385	93850	0				
9386	93860	0				
9387	93870	0				
9388	93880	0				
9389	93890	0				
9390	93900	0				
9391	93910	0				
9392	93920	0				
9393	93930	0				
9394	93940	0				
9395	93950	0				
9396	93960	0				
9397	93970	0				
9398	93980	0				
9399	93990	0				
9400	94000	0				
9401	94010	0				
9402	94020	0				
9403	94030	0				
9404	94040	0				
9405	94050	0				
9406	94060	0				
9407	94070	0				
9408	94080	0				
9409	94090	0				
9410	94100	0				
9411	94110	0				
9412	94120	0				
9413	94130	0				
9414	94140	0				
9415	94150	0				
9416	94160	0				
9417	94170	0				
9418	94180	0				
9419	94190	0				
9420	94200	0				
9421	94210	0				
9422	94220	0				
9423	94230	0				
9424	94240	0				
9425	94250	0				
9426	94260	0				
9427	94270	0				
9428	94280	0				
9429	94290	0				
9430	94300	0				
9431	94310	0				
9432	94320	0				
9433	94330	0				
9434	94340	0				
9435	94350	0				
9436	94360	0				
9437	94370	0				
9438	94380	0				
9439	94390	0				
9440	94400	0				
9441	94410	0				
9442	94420	0				
9443	94430	0				
9444	94440	0				
9445	94450	0				
9446	94460	0				
9447	94470	0				
9448	94480	0				
9449	94490	0				
9450	94500	0				
9451	94510	0				
9452	94520	0				
9453	94530	0				
9454	94540	0				
9455	94550	0				
9456	94560	0				
9457	94570	0				
9458	94580	0				
9459	94590	0				
9460	94600	0				
9461	94610	0				
9462	94620	0				
9463	94630	0				
9464	94640	0				
9465	94650	0				
9466	94660	0				
9467	94670	0				
9468	94680	0				
9469	94690	0				
9470	94700	0				
9471	94710	0				
9472	94720	0				
9473	94730	0				
9474	94740	0				
9475	94750	0				
9476	94760	0				
9477	94770	0				
9478	94780	0				
9479	94790	0				
9480	94800	0				
9481	94810	0				
9482	94820	0				
9483	94830	0				
9484	94840	0				
9485	94850	0				
9486	94860	0				
9487	94870	0				
9488	94880	0				
9489	94890	0				
9490	94900	0				
9491	94910	0				
9492	94920	0				
9493	94930	0				
9494	94940	0				
9495	94950	0				
9496	94960	0				
9497	94970	0				
9498	94980	0				
9499	94990	0				
9500	95000	0				
9501	95010	0				
9502	95020	0				
9503	95030	0				
9504	95040	0				
9505	95050	0				
9506	95060	0				
9507	95070	0				
9508	95080	0				
9509	95090	0				
9510	95100	0				
9511	95110	0				
9512	95120	0				
9513	95130	0				
9514	95140	0				
9515	95150	0				
9516	95160	0				
9517	95170	0				
9518	95180	0				
9519	95190	0				
9520	95200	0				
9521	95210	0				
9522	95220	0				
9523	95230	0				
9524	95240	0				
9525	95250	0				
9526	95260	0				
9527	95270	0				
9528	95280	0				
9529	95290	0				
9530	95300	0				
9531	95310	0				
9532	95320	0				
9533	95330	0				
9534	95340	0				
9535	95350	0				
9536	95360	0				
9537	95370	0				
9538	95380	0				
9539	95390	0				
9540	95400	0				
9541	95410	0				
9542	95420	0				
9543	95430	0				
9544	95440	0				
9545	95450	0				
9546	95460	0				
9547	95470	0				
9548	95480	0				
9549	95490	0				
9550	95500	0				
9551	95510	0				
9552	95520	0				
9553	95530	0				
9554	95540	0				
9555	95550	0				
9556	95560	0				
9557	95570	0				
9558	95580	0				
9559	95590	0				
9560	95600	0				
9561	95610	0				
9562	95620	0				
9563	95630	0				
9564	95640	0				
9565	95650	0				
9566	95660	0				
9567	95670	0				
9568	95680	0				
9569	95690	0				
9570	95700	0				
9571	95710	0				
9572	95720	0				
9573	95730	0				
9574	95740	0				
9575	95750	0				
9576	95760	0				
9577	95770	0				
9578	95780	0				
9579	95790	0				
9580	95800	0				
9581	95810	0				
9582	95820	0				
9583	95830	0				
9584	95840	0				
9585	95850	0				
9586	95860	0				
9587	95870	0				
9588	95880	0				
9589	95890	0				
9590	95900	0				
9591	95910	0				
9592	95920	0				
9593	95930	0				
9594	95940	0				
9595	95950	0				
9596	95960	0				
9597	95970	0				
9598	95980	0				
9599	95990	0				
9600	96000	0				
9601	96010	0				
9602	96020	0		0.00363802816901409		
9603	96030	0		0.00410070422535211		
9604	96040	0		0.00590704225352113		
9605	96050	0		0.0059387323943662		
9606	96060	0		0.00572323943661972		
9607	96070	0		0.00550140845070422		
9608	96080	0		0.00594507042253521		
9609	96090	0		0.00741549295774648		
9610	96100	0		0.00823943661971831		
9611	96110	0		0.00992535211267606		
9612	96120	0		0.017106338028169		
9613	96130	0		0.0268288732394366		
9614	96140	0		0.0312781690140845		
9615	96150	0		0.0342507042253521		
9616	96160	0		0.0523838028169014		
9617	96170	0		0.0212260563380282		
9618	96180	0		0.00515281690140845		
9619	96190	0		0.00472183098591549		
9620	96200	0		0.0086830985915493		
9621	96210	0		0.0321211267605634		
9622	96220	0		0.0259352112676056		
9623	96230	0		0.0322922535211268		
9624	96240	0		0.0294338028169014		
9625	96250	0		0.0246612676056338		
9626	96260	0		0.0209408450704225		
9627	96270	0		0.0181330985915493		
9628	96280	0		0.0164091549295775		
9629	96290	0		0.0144		
9630	96300	0		0.015306338028169		
9631	96310	0		0.0143366197183099		
9632	96320	0		0.0131323943661972		
9633	96330	0		0.0128978873239437		
9634	96340	0		0.0106225352112676		
9635	96350	0		0.00998873239436619		
9636	96360	0		0.0090887323943662		
9637	96370	0		0.0119471830985916		
9638	96380	0		0.0162887323943662		
9639	96390	0	0	0.0224049295774648		
9640	96400	0	0.06	0.029680985915493		
9641	96410	0	0	0.0473070422535211		
9642	96420	0	0	0.214979577464789		
9643	96430	0	0.03	0.282314788732394		
9644	96440	0	0	0.428907042253521		
9645	96450	0	0	0.669714084507042		
9646	96460	0	0	0.638759154929578		
9647	96470	0	0	0.963868309859155		
9648	96480	0	0	0.75902323943662		
9649	96490	0	0.03	0.553297183098592		
9650	96500	0	0.61	0.581279577464789		
9651	96510	0	0.23	0.672997183098592		
9652	96520	0	0.06	0.875332394366197		
9653	96530	0	0.06	0.652943661971831		
9654	96540	0	0.02	0.445747183098591		
9655	96550	0	0	0.36964014084507		
9656	96560	0	0	0.281104225352113		
9657	96570	0	0	0.452383098591549		
9658	96580	0	0	0.377619718309859		
9659	96590	0	0	0.385916197183099	0.0295529529846646	0.356363244198434
9660	96600	0	0.53	0.430219014084507	0.0311178871958658	0.399101126888641
9661	96610	0	0.02	0.476892253521127	0.0557926411568762	0.421099612364251
9662	96620	0	0.03	0.512429577464789	0.0639313059916902	0.448498271473099
9663	96630	0	0.08	0.427531690140845	0.0579510211124396	0.369580669028406
9664	96640	0	0.14	0.362452816901408	0.0544508581079622	0.308001958793446
9665	96650	0	0.95	0.328354225352113	0.0630431331623927	0.26531109218972
9666	96660	0	0	0.333171126760563	0.107583969221925	0.225587157538638
9667	96670	0	0	0.31519014084507	0.119525316447446	0.195664824397624
9668	96680	0	0	0.266590140845071	0.10588757442562	0.16070256641945
9669	96690	0	0	0.218395774647887	0.0909536514556091	0.127442123192278
9670	96700	0	0.01	0.193911971830986	0.0761360819178207	0.117775889913165
9671	96710	0	0.19	0.201485915492958	0.0642582571421522	0.137227658350806
9672	96720	0	0.39	0.205726056338028	0.0649552521295361	0.140770804208492
9673	96730	0	0	0.224714788732394	0.081806659688635	0.142908129043759
9674	96740	0	0.26	0.294642253521127	0.0824907903228145	0.212151463198312
9675	96750	0	0.14	0.368721126760563	0.0884271390413623	0.280293987719201
9676	96760	0	0	0.401989436619718	0.0943295130075643	0.307659923612154
9677	96770	0	0	0.415609859154929	0.0843594672418113	0.331250391913118
9678	96780	0	0	0.383609154929577	0.0729827653733814	0.310626389556196
9679	96790	0	0	0.331117605633803	0.0604618714885077	0.270655734145295
9680	96800	0	0	0.280793661971831	0.05331350968091	0.227480152290921
9681	96810	0	0	0.240819718309859	0.0458021686337648	0.195017549676094
9682	96820	0	0	0.204705633802817	0.0432327348110141	0.161472898991803
9683	96830	0	0	0.175385915492958	0.0399945326181584	0.135391382874799
9684	96840	0	0	0.149666197183099	0.0333287398631202	0.116337457319979
9685	96850	0	0	0.128326056338028	0.0265791328708269	0.101746923467201
9686	96860	0	0	0.109755633802817	0.0161575613039208	0.0935980724988962
9687	96870	0	0	0.0920788732394366	0.0149601874530498	0.0771186857863869
9688	96880	0	0	0.0837	0.0140547643778469	0.0696452356221531
9689	96890	0	0	0.0751880281690141	0.0134237130787463	0.0617643150902677
9690	96900	0	0.34	0.0717084507042254	0.0159111403135227	0.0557973103907027
9691	96910	0	0.02	0.106611971830986	0.0312535358215538	0.0753584360094323
9692	96920	0	0.13	0.198038028169014	0.0367934622098138	0.1612445659592
9693	96930	0	0.32	0.208311971830986	0.0389135586925277	0.169398413138458
9694	96940	0	0.09	0.19240985915493	0.0530138832014272	0.139395975953502
9695	96950	0	0.04	0.168433098591549	0.0563674151051552	0.112065683486394
9696	96960	0	0	0.146142253521127	0.0518947356631242	0.0942475178580026
9697	96970	0	0	0.12612676056338	0.0448705698880481	0.0812561906753321
9698	96980	0	0	0.106884507042254	0.0383731349715427	0.0685113720707108
9699	96990	0	0	0.0925985915492958	0.0325838711261807	0.0600147204231151
9700	97000	0	0	0.0840802816901409	0.0284171192520907	0.0556631624380502
9701	97010	0	0.12	0.081424647887324	0.0270063496877724	0.0544182981995516
9702	97020	0	0.02	0.0893598591549296	0.0296280228664528	0.0597318362884768
9703	97030	0	0	0.0834401408450704	0.0309370190124216	0.0525031218326488
9704	97040	0	0	0.0784521126760563	0.0277757765074913	0.050676336168565
9705	97050	0	0	0.0738507042253521	0.0244146925304931	0.049436011694859
9706	97060	0	0	0.0695852112676056	0.0216401476098697	0.0479450636577359
9707	97070	0	0	0.0669169014084507	0.0188670231467266	0.0480498782617241
9708	97080	0	0	0.0649711267605634	0.0174563969620772	0.0475147297984862
9709	97090	0	0.38	0.0667901408450704	0.019439146256098	0.0473509945889724
9710	97100	0	0.04	0.0971366197183099	0.0367352703147807	0.0604013494035292
9711	97110	0	0.07	0.106282394366197	0.0431937688970691	0.0630886254691282
9712	97120	0	0.26	0.111035915492958	0.0441964090126378	0.0668395064803199
9713	97130	0	0.09	0.120644366197183	0.0519638193091974	0.0686805468879859
9714	97140	0	0.05	0.110788732394366	0.0534316766438571	0.0573570557505091
9715	97150	0	0.06	0.104247887323944	0.0503047433873953	0.0539431439365485
9716	97160	0	0	0.0948485915492958	0.0467294987365899	0.0481190928127058
9717	97170	0	0	0.0839661971830986	0.042208090190195	0.0417581069929036
9718	97180	0	0	0.0721521126760564	0.0364056785726135	0.0357464341034429
9719	97190	0	0	0.0632598591549296	0.0320169524702633	0.0312429066846663
9720	97200	0	0	0.0578091549295775	0.0290672257391735	0.028741929190404
9721	97210	0	0.81	0.0538098591549296	0.0312218378570151	0.0225880212979145
9722	97220	0.982108080685859	0.15	0.0601542253521127	0.0685448157744594	-0.00839059042234674
9723	97230	0.854571607897202	0.01	0.0621633802816901	0.0887356345646951	-0.0265722542830049
9724	97240	0.903920357688008	0.56	0.0684443661971831	0.086518016521678	-0.0180736503244949
9725	97250	0.801861038836015	0.12	0.139956338028169	0.10482875039595	0.0351275876322195
9726	97260	0.634763653745866	0.38	0.163603521126761	0.113311432011101	0.0502920891156599
9727	97270	0.307013171187256	0.28	0.224093661971831	0.122783896512129	0.101309765459702
9728	97280	0.260044002433663	1.17	0.244375352112676	0.138677855961903	0.105697496150773
9729	97290	0.359308579252016	0.25	0.273073943661972	0.187737015881466	0.0853369277805057
9730	97300	0.630213677120434	0	0.252817605633803	0.203809725989264	0.0490078796445385
9731	97310	0.89383840917725	0	0.21175985915493	0.182847604575188	0.0289122545797417
9732	97320	0.993297018007891	0	0.170683098591549	0.159203491851962	0.0114796067395875
9733	97330	0.999940002157959	0	0.135716197183099	0.131947887905371	0.00376830927772823
9734	97340	0.94640887001644	0	0.102238732394366	0.112939882569466	-0.0107011501751
9735	97350	0.944819552569847	0	0.0825274647887324	0.0960533980170872	-0.0135259332283548
9736	97360	0.930999614670847	0	0.0703901408450704	0.0855113757015293	-0.0151212348564589
9737	97370	0.904596576860701	0	0.0615929577464789	0.0788861171225875	-0.0172931593761087
9738	97380	0.885564637664502	0	0.0546464788732394	0.0723836643286631	-0.0177371854554237
9739	97390	0.876698650921587	0	0.0487901408450704	0.0690230338701193	-0.0202328930250488
9740	97400	0.922735952545312	0	0.0447845070422535	0.060270924034563	-0.0154864169923095
9741	97410	0.951583357331836	0.01	0.040043661971831	0.0515006890028381	-0.0114570270310071
9742	97420	0.990224787394637	0	0.0376288732394366	0.0396728089051253	-0.00204393566568866
9743	97430	0.997442172238537	0	0.0350112676056338	0.0363299527953844	-0.00131868518975062
9744	97440	0.994644998840772	0	0.0326471830985915	0.0354455058853142	-0.00279832278672264
9745	97450	0.999998264877859	0.07	0.0314746478873239	0.0306411007838675	0.000833547103456428
9746	97460	0.999052996853044	0	0.0302260563380282	0.0308518282188609	-0.000625771880832772
9747	97470	0.998714679203763	0	0.0291485915492958	0.0251432706055221	0.0040053209437737
9748	97480	0.992652359406749	0.55	0.028362676056338	0.0215684772107561	0.00679419884558195
9749	97490	0.999843071414658	1.21	0.0433140845070423	0.0471423409208856	-0.00382825641384331
9750	97500	0.743501196240158	0.16	0.150268309859155	0.115464394648924	0.0348039152102309
9751	97510	0.615302045431653	0.01	0.191947183098592	0.14045434911682	0.0514928339817719
9752	97520	0.769497594255828	0.05	0.169060563380282	0.126516818758584	0.0425437446216975
9753	97530	0.908010871582332	0.23	0.137566901408451	0.112005420410852	0.0255614809975987
9754	97540	0.998407849181761	0.72	0.116410563380282	0.112080734345838	0.00432982903444359
9755	97550	0.932508241836547	0.17	0.119757042253521	0.138460208056035	-0.0187031658025134
9756	97560	0.938775477989724	0.02	0.126830281690141	0.146633762201041	-0.0198034805108998
9757	97570	0.967910740605563	0	0.125657746478873	0.13384384073638	-0.00818609425750705
9758	97580	0.94062947136305	0.08	0.106314084507042	0.117495149076874	-0.0111810645698323
9759	97590	0.864536693255112	0.04	0.0892204225352113	0.10821643152702	-0.0189960089918085
9760	97600	0.852790894511916	0.05	0.0778816901408451	0.100732029584685	-0.0228503394438397
9761	97610	0.878937421856876	0	0.0667521126760564	0.0890558308801746	-0.0223037182041182
9762	97620	0.888517325928573	0.01	0.0587091549295775	0.0779297997723067	-0.0192206448427292
9763	97630	0.907109394498617	0.06	0.0520985915492958	0.0676941988962343	-0.0155956073469385
9764	97640	0.885049405494437	0.08	0.0481119718309859	0.0677145686395276	-0.0196025968085417
9765	97650	0	0.28	0.0464197183098592	0.0736536643190414	-0.0272339460091822
9766	97660	0.778717958121463	0.03	0.0488725352112676	0.0834116439122098	-0.0345391087009422
9767	97670	0.774632039741855	0.73	0.0515852112676056	0.0884967496416727	-0.0369115383740671
9768	97680	0.640922210498364	0.44	0.0656239436619718	0.115031448794276	-0.049407505132304
9769	97690	0.863598215349018	0	0.108849295774648	0.136098410467838	-0.0272491146931904
9770	97700	0.996611575420943	0	0.123090845070423	0.123368271825339	-0.000277426754916821
9771	97710	0.970373971697018	0.05	0.100457746478873	0.107839239470966	-0.00738149299209263
9772	97720	0.946751250559788	0.11	0.0822612676056338	0.0954921140415052	-0.0132308464358714
9773	97730	0.92801739456356	0.26	0.0730901408450704	0.0896139667355943	-0.0165238258905239
9774	97740	0.954604997936805	0.48	0.0774950704225352	0.0932575181041593	-0.0157624476816241
9775	97750	0.998348542967542	0.03	0.110326056338028	0.108059836871649	0.00226621946637928
9776	97760	0.997688709089619	0.13	0.114357042253521	0.10952091614829	0.00483612610523117
9777	97770	0.999149189451669	0.42	0.108950704225352	0.106335848388481	0.00261485583687074
9778	97780	0	0.2	0.136787323943662	0.120086569602831	0.0167007543408316
9779	97790	0	0.04	0.141737323943662	0.12380377170595	0.0179335522377121
9780	97800	0	0.01	0.130474647887324	0.113600048511498	0.0168745993758256
9781	97810	0	0.61	0.123762676056338	0.103146734862304	0.0206159411940338
9782	97820	0	0	0.128408450704225	0.12089175926657	0.00751669143765516
9783	97830	0	0.01	0.111175352112676	0.124206047115803	-0.0130306950031267
9784	97840	0.996775948084826	0	0.111625352112676	0.111354864429942	0.000270487682733994
9785	97850	0	0	0.122830985915493	0.098749374429126	0.024081611486367
9786	97860	0.844007126309649	0	0.113995774647888	0.0823364579307955	0.031659316717092
9787	97870	0.752223848942091	0	0.112328873239437	0.0698558271354262	0.0424730461040105
9788	97880	0.67346085373299	0	0.103892957746479	0.0550025046650812	0.0488904530813978
9789	97890	0.729136194602387	0	0.0905767605633803	0.0474764785530492	0.0431002820103311
9790	97900	0.772932947967241	0	0.0818683098591549	0.043028519460853	0.0388397903983019
9791	97910	0.845611267359169	0	0.0717084507042254	0.0392746870414449	0.0324337636627805
9792	97920	0	0	0.0630633802816902	0.0368077879032909	0.0262555923783992
9793	97930	0.893749528211372	0	0.0568647887323944	0.0315002897568257	0.0253644989755687
9794	97940	0.905866665961249	0	0.0502605633802817	0.0261222287915269	0.0241383345887548
9795	97950	0.891471048468916	0	0.0458176056338028	0.0192691789632149	0.026548426670588
9796	97960	0.904277605945339	0.17	0.0418880281690141	0.0186630399216468	0.0232249882473673
9797	97970	0	0.38	0.0411908450704225	0.0277724253566087	0.0134184197138139
9798	97980	0	0.92	0.0497788732394366	0.052865748024298	-0.00308687478486135
9799	97990	0	1.36	0.11507323943662	0.11245743789065	0.00261580154596987
9800	98000	0	0.21	0.26537323943662	0.191026079187201	0.074347160249419
9801	98010	0	0	0.28382323943662	0.210371342163943	0.0734518972726768
9802	98020	0	0	0.247576056338028	0.182051203271529	0.0655248530664997
9803	98030	0	0	0.207716197183099	0.153805644930648	0.0539105522524502
9804	98040	0	0.01	0.17022676056338	0.128630984729775	0.0415957758336054
9805	98050	0	0	0.139652112676056	0.109326001747523	0.0303261109285329
9806	98060	0	0.01	0.110680985915493	0.0942817495381798	0.0163992363773131
9807	98070	0	0	0.0896070422535211	0.0852261335265363	0.00438090872698482
9808	98080	0	0	0.0778943661971831	0.0775511306908629	0.000343235506320233
9809	98090	0	0.01	0.0680070422535211	0.0726811606240902	-0.00467411837056911
9810	98100	0	0	0.0613330985915493	0.0668972859323495	-0.00556418734080017
9811	98110	0	0	0.0554640845070423	0.0566544818246922	-0.0011903973176499
9812	98120	0	0	0.0513633802816902	0.0478093257172667	0.00355405456442349
9813	98130	0	0	0.0471612676056338	0.0415309981756891	0.00563026942994474
9814	98140	0	0	0.043656338028169	0.0415124433554867	0.00214389467268235
9815	98150	0	0	0.0402464788732394	0.0430677292982168	-0.00282125042497733
9816	98160	0	0.01	0.0376542253521127	0.0419604564336751	-0.00430623108156239
9817	98170	0	0	0.0360633802816901	0.0372690581876109	-0.00120567790592079
9818	98180	0	0	0.0336169014084507	0.0275401266148338	0.00607677479361689
9819	98190	0	0	0.0321971830985916	0.014516321665188	0.0176808614334036
9820	98200	0	0	0.0303845070422535	0.00275391039281287	0.0276305966494406
9821	98210	0	0	0.0289140845070423	0.000932377946457435	0.0279817065605848
9822	98220	0	0	0.0278683098591549	0.000846766779508925	0.027021543079646
9823	98230	0	0	0.0264612676056338	0.000711990498451584	0.0257492771071822
9824	98240	0	0	0.0257704225352113	0.000642080824809842	0.0251283417104014
9825	98250	0	0	0.0247943661971831	0.000513939482380892	0.0242804267148022
9826	98260	0	0	0.0241732394366197	0.000465999710737022	0.0237072397258827
9827	98270	0	0	0.0235267605633803	0.000385085497453058	0.0231416750659272
9828	98280	0	0	0.0226204225352113	0.000316920813927034	0.0223035017212842
9829	98290	0	0	0.0221070422535211	0.000251001253100896	0.0218560410004202
9830	98300	0	0.01	0.0214859154929577	0.000207776376380478	0.0212781391165773
9831	98310	0	0	0.021156338028169	0.000695017435440242	0.0204613205927288
9832	98320	0	0	0.0207823943661972	0.000900262218202351	0.0198821321479948
9833	98330	0	0	0.0204654929577465	0.00080248044662849	0.019663012511118
9834	98340	0	0	0.0200915492957747	0.000705171790108367	0.0193863775056663
9835	98350	0	0	0.0194577464788732	0.000580843044843026	0.0188769034340302
9836	98360	0	0	0.0192169014084507	0.000473929899050925	0.0187429715093998
9837	98370	0	0	0.018868309859155	0.000324299505814423	0.0185440103533405
9838	98380	0	0.16	0.0189697183098592	0.00156319925583155	0.0174065190540276
9839	98390	0	0.06	0.0193183098591549	0.00984193588762908	0.00947637397152583
9840	98400	0	0	0.0190711267605634	0.0158198141363522	0.00325131262421117
9841	98410	0	0	0.0188366197183099	0.015364669573811	0.00347195014449891
9842	98420	0	0	0.0243507042253521	0.0131817466539635	0.0111689575713887
9843	98430	0	0	0.0349985915492958	0.010979693372816	0.0240188981764798
9844	98440	0	0.01	0.0276591549295775	0.00929711961840568	0.0183620353111718
9845	98450	0	0.35	0.0250669014084507	0.0110218834400029	0.0140450179684478
9846	98460	0	0.36	0.0254471830985916	0.0303489561263834	-0.00490177302779185
9847	98470	0	0.12	0.043662676056338	0.0547320780894656	-0.0110694020331276
9848	98480	0	0.01	0.050869014084507	0.0635193707792967	-0.0126503566947896
9849	98490	0	0	0.0489169014084507	0.0591282079123071	-0.0102113065038564
9850	98500	0	0.17	0.0465908450704225	0.0517084856702565	-0.00511764059983401
9851	98510	0	0.08	0.0548176056338028	0.0525013190659018	0.00231628656790107
9852	98520	0	0	0.0601288732394366	0.0525222752208562	0.00760659801858037
9853	98530	0	0	0.0598943661971831	0.0475385261626138	0.0123558400345693
9854	98540	0	0	0.0569788732394366	0.0420122829439687	0.0149665902954679
9855	98550	0	0.01	0.0532711267605634	0.0374891155339369	0.0157820112266264
9856	98560	0	0.01	0.0493225352112676	0.0350587055703614	0.0142638296409062
9857	98570	0	0	0.0455577464788732	0.0318440247666003	0.0137137217122729
9858	98580	0	0.74	0.0431683098591549	0.0333683171968008	0.00979999266235416
9859	98590	0	0.18	0.0504316901408451	0.0654206456053655	-0.0149889554645204
9860	98600	0	0.12	0.0615042253521127	0.0860850430315324	-0.0245808176794197
9861	98610	0	0	0.0649838028169014	0.0875968039871345	-0.0226130011702331
9862	98620	0	0.06	0.06345	0.0810831585129252	-0.0176331585129252
9863	98630	0	0.06	0.0624612676056338	0.0734343512744084	-0.0109730836687745
9864	98640	0	0.01	0.0620049295774648	0.067544086999397	-0.00553915742193217
9865	98650	0	0.69	0.0607119718309859	0.0637207628935372	-0.00300879106255123
9866	98660	0	0	0.0580880281690141	0.0880923461316285	-0.0300043179626144
9867	98670	0	0.13	0.0541267605633803	0.0935789939289756	-0.0394522333655953
9868	98680	0	0	0.0541774647887324	0.0888517547169836	-0.0346742899282512
9869	98690	0	0	0.0548429577464789	0.0824798152471475	-0.0276368575006686
9870	98700	0	0.01	0.0518704225352113	0.0694648806504922	-0.0175944581152809
9871	98710	0	0	0.051762676056338	0.0588210691566977	-0.00705839310035966
9872	98720	0	0.09	0.0493352112676056	0.0484580018437246	0.000877209423880997
9873	98730	0	0.01	0.0488788732394366	0.0484853183938268	0.000393554845609788
9874	98740	0	0.34	0.0476112676056338	0.049961290153931	-0.00235002254829719
9875	98750	0	0	0.045462676056338	0.0644145876070748	-0.0189519115507368
9876	98760	0	0	0.0429654929577465	0.0689111587773395	-0.025945665819593
9877	98770	0	0		0.0590758119298962	
9878	98780	0	0		0.0498845543834909	
9879	98790	0	0		0.0354802437860336	
9880	98800	0	0.04		0.0306367001770944	
9881	98810	0	0.01		0.0292737666610763	
9882	98820	0	0.17		0.0304251320921511	
9883	98830	0	0		0.0365956747930893	
9884	98840	0	0.26		0.0383419683965434	
9885	98850	0	0.01		0.0460259169747536	
9886	98860	0	0.01		0.0418258634298833	
9887	98870	0	0		0.0363302793809641	
9888	98880	0	0		0.0301825447342861	
9889	98890	0	0		0.0259382786874392	
9890	98900	0	0		0.0237860454107767	
9891	98910	0	0		0.020910989594614	
9892	98920	0	0		0.0192216101221586	
9893	98930	0	0		0.0163772471708822	
9894	98940	0	0		0.0136924147153391	
9895	98950	0	0		0.0103781031704608	
9896	98960	0	0		0.00856371197611618	
9897	98970	0	0		0.00773939138681339	
9898	98980	0	0		0.00680514054111876	
9899	98990	0	0		0.00659669607614988	
9900	99000	0	0		0.00674005574280084	
9901	99010	0	0		0.00603345277925838	
9902	99020	0	0.13		0.00634594455891982	
9903	99030	0	0		0.0107205227923366	
9904	99040	0	0		0.0122151178901612	
9905	99050	0	0		0.00877736131513077	
9906	99060	0	0		0.00740963196679989	
9907	99070	0	0		0.00603331237629508	
9908	99080	0	0		0.00512259924303482	
9909	99090	0	0		0.0042158935755875	
9910	99100	0	0		0.00383730900388741	
9911	99110	0	0		0.00334020912743231	
9912	99120	0				
9913	99130	0				
9914	99140	0				
9915	99150	0				
9916	99160	0				
9917	99170	0				
9918	99180	0				
9919	99190	0				
9920	99200	0				
9921	99210	0				
9922	99220	0				
9923	99230	0				
9924	99240	0				
9925	99250	0				
9926	99260	0				
9927	99270	0				
9928	99280	0				
9929	99290	0				
9930	99300	0				
9931	99310	0				
9932	99320	0				
9933	99330	0				
9934	99340	0				
9935	99350	0				
9936	99360	0				
9937	99370	0				
9938	99380	0				
9939	99390	0				
9940	99400	0				
9941	99410	0				
9942	99420	0				
9943	99430	0				
9944	99440	0				
9945	99450	0				
9946	99460	0				
9947	99470	0				
9948	99480	0				
9949	99490	0				
9950	99500	0				
9951	99510	0				
9952	99520	0				
9953	99530	0				
9954	99540	0				
9955	99550	0				
9956	99560	0				
9957	99570	0				
9958	99580	0				
9959	99590	0				
9960	99600	0				
9961	99610	0				
9962	99620	0				
9963	99630	0				
9964	99640	0				
9965	99650	0				
9966	99660	0				
9967	99670	0				
9968	99680	0				
9969	99690	0				
9970	99700	0				
9971	99710	0				
9972	99720	0				
9973	99730	0				
9974	99740	0				
9975	99750	0				
9976	99760	0				
9977	99770	0				
9978	99780	0				
9979	99790	0				
9980	99800	0				
9981	99810	0				
9982	99820	0				
9983	99830	0				
9984	99840	0				
9985	99850	0				
9986	99860	0				
9987	99870	0				
9988	99880	0				
9989	99890	0				
9990	99900	0				
9991	99910	0				
9992	99920	0				
9993	99930	0				
9994	99940	0				
9995	99950	0				
9996	99960	0				
9997	99970	0				
9998	99980	0				
9999	99990	0				
10000	1e+05	0				
10001	100010	0				
10002	100020	0				
10003	100030	0				
10004	100040	0				
10005	100050	0				
10006	100060	0				
10007	100070	0				
10008	100080	0				
10009	100090	0				
10010	100100	0				
10011	100110	0				
10012	100120	0				
10013	100130	0				
10014	100140	0				
10015	100150	0				
10016	100160	0				
10017	100170	0				
10018	100180	0				
10019	100190	0				
10020	100200	0				
10021	100210	0				
10022	100220	0				
10023	100230	0				
10024	100240	0				
10025	100250	0				
10026	100260	0				
10027	100270	0				
10028	100280	0				
10029	100290	0				
10030	100300	0				
10031	100310	0				
10032	100320	0				
10033	100330	0				
10034	100340	0				
10035	100350	0				
10036	100360	0				
10037	100370	0				
10038	100380	0				
10039	100390	0				
10040	100400	0				
10041	100410	0				
10042	100420	0				
10043	100430	0				
10044	100440	0				
10045	100450	0				
10046	100460	0				
10047	100470	0				
10048	100480	0				
10049	100490	0				
10050	100500	0				
10051	100510	0				
10052	100520	0				
10053	100530	0				
10054	100540	0				
10055	100550	0				
10056	100560	0				
10057	100570	0				
10058	100580	0				
10059	100590	0				
10060	100600	0				
10061	100610	0				
10062	100620	0				
10063	100630	0				
10064	100640	0				
10065	100650	0				
10066	100660	0				
10067	100670	0				
10068	100680	0				
10069	100690	0				
10070	100700	0				
10071	100710	0				
10072	100720	0				
10073	100730	0				
10074	100740	0				
10075	100750	0				
10076	100760	0				
10077	100770	0				
10078	100780	0				
10079	100790	0				
10080	100800	0				
10081	100810	0				
10082	100820	0				
10083	100830	0				
10084	100840	0				
10085	100850	0				
10086	100860	0				
10087	100870	0				
10088	100880	0				
10089	100890	0				
10090	100900	0				
10091	100910	0				
10092	100920	0				
10093	100930	0				
10094	100940	0				
10095	100950	0				
10096	100960	0				
10097	100970	0				
10098	100980	0				
10099	100990	0				
10100	101000	0				
10101	101010	0				
10102	101020	0				
10103	101030	0				
10104	101040	0				
10105	101050	0				
10106	101060	0				
10107	101070	0				
10108	101080	0				
10109	101090	0				
10110	101100	0				
10111	101110	0				
10112	101120	0				
10113	101130	0				
10114	101140	0				
10115	101150	0				
10116	101160	0				
10117	101170	0				
10118	101180	0				
10119	101190	0				
10120	101200	0				
10121	101210	0				
10122	101220	0				
10123	101230	0				
10124	101240	0				
10125	101250	0				
10126	101260	0				
10127	101270	0				
10128	101280	0				
10129	101290	0				
10130	101300	0				
10131	101310	0				
10132	101320	0				
10133	101330	0				
10134	101340	0				
10135	101350	0				
10136	101360	0				
10137	101370	0				
10138	101380	0				
10139	101390	0				
10140	101400	0				
10141	101410	0				
10142	101420	0				
10143	101430	0				
10144	101440	0				
10145	101450	0				
10146	101460	0				
10147	101470	0				
10148	101480	0				
10149	101490	0				
10150	101500	0				
10151	101510	0				
10152	101520	0				
10153	101530	0				
10154	101540	0				
10155	101550	0				
10156	101560	0				
10157	101570	0				
10158	101580	0				
10159	101590	0				
10160	101600	0				
10161	101610	0				
10162	101620	0				
10163	101630	0				
10164	101640	0				
10165	101650	0				
10166	101660	0				
10167	101670	0				
10168	101680	0				
10169	101690	0				
10170	101700	0				
10171	101710	0				
10172	101720	0				
10173	101730	0				
10174	101740	0				
10175	101750	0				
10176	101760	0				
10177	101770	0				
10178	101780	0				
10179	101790	0				
10180	101800	0				
10181	101810	0				
10182	101820	0				
10183	101830	0				
10184	101840	0				
10185	101850	0				
10186	101860	0				
10187	101870	0				
10188	101880	0				
10189	101890	0				
10190	101900	0				
10191	101910	0				
10192	101920	0				
10193	101930	0				
10194	101940	0				
10195	101950	0				
10196	101960	0				
10197	101970	0				
10198	101980	0				
10199	101990	0				
10200	102000	0				
10201	102010	0				
10202	102020	0				
10203	102030	0				
10204	102040	0				
10205	102050	0				
10206	102060	0				
10207	102070	0				
10208	102080	0				
10209	102090	0				
10210	102100	0				
10211	102110	0				
10212	102120	0				
10213	102130	0				
10214	102140	0				
10215	102150	0				
10216	102160	0				
10217	102170	0				
10218	102180	0				
10219	102190	0				
10220	102200	0				
10221	102210	0				
10222	102220	0				
10223	102230	0				
10224	102240	0				
10225	102250	0				
10226	102260	0				
10227	102270	0				
10228	102280	0				
10229	102290	0				
10230	102300	0				
10231	102310	0				
10232	102320	0				
10233	102330	0				
10234	102340	0				
10235	102350	0				
10236	102360	0				
10237	102370	0				
10238	102380	0				
10239	102390	0				
10240	102400	0				
10241	102410	0				
10242	102420	0				
10243	102430	0				
10244	102440	0				
10245	102450	0				
10246	102460	0				
10247	102470	0				
10248	102480	0				
10249	102490	0				
10250	102500	0				
10251	102510	0				
10252	102520	0				
10253	102530	0				
10254	102540	0				
10255	102550	0				
10256	102560	0				
10257	102570	0				
10258	102580	0				
10259	102590	0				
10260	102600	0				
10261	102610	0				
10262	102620	0				
10263	102630	0				
10264	102640	0				
10265	102650	0				
10266	102660	0				
10267	102670	0				
10268	102680	0				
10269	102690	0				
10270	102700	0				
10271	102710	0				
10272	102720	0				
10273	102730	0				
10274	102740	0				
10275	102750	0				
10276	102760	0				
10277	102770	0				
10278	102780	0				
10279	102790	0				
10280	102800	0				
10281	102810	0				
10282	102820	0				
10283	102830	0				
10284	102840	0				
10285	102850	0				
10286	102860	0				
10287	102870	0				
10288	102880	0				
10289	102890	0				
10290	102900	0				
10291	102910	0				
10292	102920	0				
10293	102930	0				
10294	102940	0				
10295	102950	0				
10296	102960	0				
10297	102970	0				
10298	102980	0				
10299	102990	0				
10300	103000	0				
10301	103010	0				
10302	103020	0				
10303	103030	0				
10304	103040	0				
10305	103050	0				
10306	103060	0				
10307	103070	0				
10308	103080	0				
10309	103090	0				
10310	103100	0				
10311	103110	0				
10312	103120	0				
10313	103130	0				
10314	103140	0				
10315	103150	0				
10316	103160	0				
10317	103170	0				
10318	103180	0				
10319	103190	0				
10320	103200	0				
10321	103210	0				
10322	103220	0				
10323	103230	0				
10324	103240	0				
10325	103250	0				
10326	103260	0				
10327	103270	0				
10328	103280	0				
10329	103290	0				
10330	103300	0				
10331	103310	0				
10332	103320	0				
10333	103330	0				
10334	103340	0				
10335	103350	0				
10336	103360	0				
10337	103370	0				
10338	103380	0				
10339	103390	0				
10340	103400	0				
10341	103410	0				
10342	103420	0				
10343	103430	0				
10344	103440	0				
10345	103450	0				
10346	103460	0				
10347	103470	0				
10348	103480	0				
10349	103490	0				
10350	103500	0				
10351	103510	0				
10352	103520	0				
10353	103530	0				
10354	103540	0				
10355	103550	0				
10356	103560	0				
10357	103570	0				
10358	103580	0				
10359	103590	0				
10360	103600	0				
10361	103610	0				
10362	103620	0				
10363	103630	0				
10364	103640	0				
10365	103650	0				
10366	103660	0				
10367	103670	0				
10368	103680	0				
10369	103690	0				
10370	103700	0				
10371	103710	0				
10372	103720	0				
10373	103730	0				
10374	103740	0				
10375	103750	0				
10376	103760	0				
10377	103770	0				
10378	103780	0				
10379	103790	0				
10380	103800	0				
10381	103810	0				
10382	103820	0				
10383	103830	0				
10384	103840	0				
10385	103850	0				
10386	103860	0				
10387	103870	0				
10388	103880	0				
10389	103890	0				
10390	103900	0				
10391	103910	0				
10392	103920	0				
10393	103930	0				
10394	103940	0				
10395	103950	0				
10396	103960	0				
10397	103970	0				
10398	103980	0				
10399	103990	0				
10400	104000	0				
10401	104010	0				
10402	104020	0				
10403	104030	0				
10404	104040	0				
10405	104050	0				
10406	104060	0				
10407	104070	0				
10408	104080	0				
10409	104090	0				
10410	104100	0				
10411	104110	0				
10412	104120	0				
10413	104130	0				
10414	104140	0				
10415	104150	0				
10416	104160	0				
10417	104170	0				
10418	104180	0				
10419	104190	0				
10420	104200	0				
10421	104210	0				
10422	104220	0				
10423	104230	0				
10424	104240	0				
10425	104250	0				
10426	104260	0				
10427	104270	0				
10428	104280	0				
10429	104290	0				
10430	104300	0				
10431	104310	0				
10432	104320	0				
10433	104330	0				
10434	104340	0				
10435	104350	0				
10436	104360	0				
10437	104370	0				
10438	104380	0				
10439	104390	0				
10440	104400	0				
10441	104410	0				
10442	104420	0				
10443	104430	0				
10444	104440	0				
10445	104450	0				
10446	104460	0				
10447	104470	0				
10448	104480	0				
10449	104490	0				
10450	104500	0				
10451	104510	0				
10452	104520	0				
10453	104530	0				
10454	104540	0				
10455	104550	0				
10456	104560	0				
10457	104570	0				
10458	104580	0				
10459	104590	0				
10460	104600	0				
10461	104610	0				
10462	104620	0				
10463	104630	0				
10464	104640	0				
10465	104650	0				
10466	104660	0				
10467	104670	0				
10468	104680	0				
10469	104690	0				
10470	104700	0				
10471	104710	0				
10472	104720	0	0			
10473	104730	0	0			
10474	104740	0	0			
10475	104750	0	0			
10476	104760	0	0			
10477	104770	0	0			
10478	104780	0	0			
10479	104790	0	0			
10480	104800	0	0			
10481	104810	0	0	0.000126760563380282		
10482	104820	0	0	0.0117760563380282		
10483	104830	0	0	0.0379647887323944		
10484	104840	0	0	0.0576950704225352		
10485	104850	0	0	0.0690274647887324		
10486	104860	0	0	0.0780845070422535		
10487	104870	0	0	0.222319014084507		
10488	104880	0	0	0.246897887323944		
10489	104890	0	0	0.455387323943662		
10490	104900	0	0	0.708845070422535		
10491	104910	0	0	0.662938732394366		
10492	104920	0	0	0.871561267605634	0	0.871561267605634
10493	104930	0	0	0.713243661971831	0	0.713243661971831
10494	104940	0	0	0.957891549295774	0	0.957891549295774
10495	104950	0	0	0.844732394366197	0	0.844732394366197
10496	104960	0	0	0.824190845070422	0	0.824190845070422
10497	104970	0	0	0.77232676056338	0	0.77232676056338
10498	104980	0	0	0.464203521126761	0	0.464203521126761
10499	104990	0	0	0.279640140845071	0	0.279640140845071
10500	105000	0	0	0.156238732394366	0	0.156238732394366
10501	105010	0	0	0.143530985915493	0	0.143530985915493
10502	105020	0	0	0.206366197183098	0	0.206366197183098
10503	105030	0	0	0.160726056338028	0	0.160726056338028
10504	105040	0	0	0.137319718309859	0	0.137319718309859
10505	105050	0	0	0.120504929577465	0	0.120504929577465
10506	105060	0	0	0.0979859154929577	0	0.0979859154929577
10507	105070	0	0	0.0842007042253521	0	0.0842007042253521
10508	105080	0	0	0.0720633802816902	0	0.0720633802816902
10509	105090	0	0	0.0614281690140845	0	0.0614281690140845
10510	105100	0	0.43	0.0502415492957746	0.0034078081578975	0.0468337411378772
10511	105110	0	0.48	0.0501274647887324	0.0282858155569296	0.0218416492318028
10512	105120	0	0.01	0.0593176056338028	0.0600878888477725	-0.0007702832139697
10513	105130	0	0	0.0635323943661972	0.0654319672073626	-0.0018995728411654
10514	105140	0	0	0.0537528169014085	0.0566872710023601	-0.00293445410095164
10515	105150	0	0	0.0471169014084507	0.0476800830339372	-0.00056318162548645
10516	105160	0	0.16	0.0579676056338028	0.0410526762306116	0.0169149294031912
10517	105170	0	0	0.0591274647887324	0.0424326809006349	0.0166947838880975
10518	105180	0	0.75	0.0538732394366197	0.0467569751639473	0.00711626427267244
10519	105190	0	2.26	0.236864788732394	0.0967136477478722	0.140151140984522
10520	105200	0	0.34	0.403548591549296	0.220494615336157	0.183053976213138
10521	105210	0	0.01	0.279177464788732	0.270562672639663	0.00861479214906902
10522	105220	0	0.01	0.1899	0.244804181785244	-0.0549041817852441
10523	105230	0	0	0.149393661971831	0.208402856052516	-0.0590091940806849
10524	105240	0	0.01	0.126133098591549	0.173772929007655	-0.0476398304161053
10525	105250	0	0.05	0.0884408450704225	0.14720114036893	-0.0587602952985077
10526	105260	0	0	0.0675570422535211	0.129553295971925	-0.0619962537184034
10527	105270	0	0.01	0.0503429577464789	0.119286380281218	-0.0689434225347387
10528	105280	0	0.01	0.0444992957746479	0.107869541063317	-0.0633702452886689
10529	105290	0	0.22	0.042756338028169	0.103751229565641	-0.0609948915374724
10530	105300	0	0.12	0.0421985915492958	0.10778394435398	-0.0655853528046847
10531	105310	0	0	0.0373943661971831	0.0998945801602433	-0.0625002139630602
10532	105320	0	0.01	0.0350176056338028	0.0845945915650645	-0.0495769859312617
10533	105330	0	0	0.0323492957746479	0.0704981150881771	-0.0381488193135292
10534	105340	0	0.01	0.0287176056338028	0.0659865789890978	-0.0372689733552949
10535	105350	0	0	0.0264929577464789	0.0663698981257257	-0.0398769403792468
10536	105360	0	0.04	0.0262711267605634	0.0645647679498168	-0.0382936411892534
10537	105370	0	0.01	0.0289204225352113	0.0613468981377015	-0.0324264756024903
10538	105380	0	0.39	0.0383133802816901	0.0557877830329684	-0.0174744027512783
10539	105390	0	0.27	0.0780401408450704	0.0604962487314972	0.0175438921135732
10540	105400	0	0	0.160295070422535	0.0610176630749395	0.0992774073475957
10541	105410	0	0	0.159864084507042	0.0579325844171767	0.101931500089866
10542	105420	0	0.01	0.133485211267606	0.0498234543912882	0.0836617568763174
10543	105430	0	0.03	0.111802816901408	0.0422926407835216	0.0695101761178869
10544	105440	0	0.05	0.0830408450704225	0.037965107422002	0.0450757376484205
10545	105450	0	0.01	0.071980985915493	0.0361677142479634	0.0358132716675296
10546	105460	0	0	0.0602302816901409	0.0338162952789461	0.0264139864111948
10547	105470	0	0	0.0494049295774648	0.0307370395742932	0.0186678900031716
10548	105480	0	0	0.0445056338028169	0.0273644746414165	0.0171411591614004
10549	105490	0	0	0.0385732394366197	0.0247874288402785	0.0137858105963412
10550	105500	0	0.05	0.0389471830985916	0.020412054076356	0.0185351290222355
10551	105510	0	0.7	0.0356640845070423	0.0245211200904272	0.0111429644166151
10552	105520	0	0	0.0353788732394366	0.057009312916825	-0.0216304396773884
10553	105530	0	0	0.0373753521126761	0.0682534252958418	-0.0308780731831657
10554	105540	0	0	0.0365514084507042	0.0610808606182771	-0.0245294521675729
10555	105550	0	0	0.0467429577464789	0.053972244217086	-0.00722928647060712
10556	105560	0	0	0.0477190140845071	0.0461379858684384	0.00158102821606868
10557	105570	0	0	0.0481183098591549	0.0392208803085996	0.00889742955055533
10558	105580	0	0	0.0445056338028169	0.0317753823125417	0.0127302514902752
10559	105590	0	0.01	0.039574647887324	0.0255033385257597	0.0140713093615642
10560	105600	0	0	0.0389154929577465	0.0211691268133451	0.0177463661444014
10561	105610	0	0.1	0.0350492957746479	0.0212228168815859	0.013826478893062
10562	105620	0	0.14	0.044537323943662	0.0268049927312688	0.0177323312123932
10563	105630	0	0	0.0479598591549296	0.0319674738460318	0.0159923853088978
10564	105640	0	0	0.0430732394366197	0.0308417302570208	0.012231509179599
10565	105650	0	0	0.0389345070422535	0.0249781133644846	0.013956393677769
10566	105660	0	0	0.0380535211267606	0.0223573829175357	0.0156961382092249
10567	105670	0	0	0.0410514084507042	0.0212632470937448	0.0197881613569594
10568	105680	0	0	0.0374197183098592	0.0196929759181922	0.0177267423916669
10569	105690	0	0	0.0364056338028169	0.0182135223154618	0.0181921114873551
10570	105700	0	0	0.0348591549295775	0.0155169842597869	0.0193421706697906
10571	105710	0	0	0.0316521126760564	0.0118261135660736	0.0198259991099828
10572	105720	0	0	0.0325330985915493	0.00602021078010944	0.0265128878114399
10573	105730	0	0	0.0295542253521127	0.00554267908292847	0.0240115462691842
10574	105740	0	0	0.0302514084507042	0.00463935098955665	0.0256120574611476
10575	105750	0	0	0.0278619718309859	0.00382115275997674	0.0240408190710092
10576	105760	0	0	0.0262521126760563	0.00319851818396719	0.0230535944920891
10577	105770	0	0	0.0263471830985916	0.00330336883078419	0.0230438142678074
10578	105780	0	0	0.0250985915492958	0.00350459601504327	0.0215939955342525
10579	105790	0	0	0.0259605633802817	0.00348726814978028	0.0224732952305014
10580	105800	0	0	0.0235774647887324	0.00314625104455592	0.0204312137441765
10581	105810	0	0	0.02205	0.0024332273338132	0.0196167726661868
10582	105820	0	0	0.0213654929577465	0.00111837324806006	0.0202471197096864
10583	105830	0	0	0.019806338028169	0	0.019806338028169
10584	105840	0	0	0.0200154929577465	0	0.0200154929577465
10585	105850	0	0	0.0187542253521127	0	0.0187542253521127
10586	105860	0	0	0.0180633802816901	0	0.0180633802816901
10587	105870	0	0	0.017543661971831	0	0.017543661971831
10588	105880	0	0	0.0167767605633803	0	0.0167767605633803
10589	105890	0	0	0.0164915492957746	0	0.0164915492957746
10590	105900	0	0	0.0160288732394366	0	0.0160288732394366
10591	105910	0	0	0.0156802816901408	0	0.0156802816901408
10592	105920	0	0	0.014830985915493	0	0.014830985915493
10593	105930	0	0	0.0144507042253521	0	0.0144507042253521
10594	105940	0	0	0.0139880281690141	0	0.0139880281690141
10595	105950	0	0	0.0133415492957747	0	0.0133415492957747
10596	105960	0	0	0.0133352112676057	0	0.0133352112676057
10597	105970	0	0	0.0127774647887324	0	0.0127774647887324
10598	105980	0.979171016083869	0	0.0130056338028169	0	0.0130056338028169
10599	105990	0.980915182460419	0	0.012587323943662	0	0.012587323943662
10600	106000	0.987440032133354	0.79	0.0142035211267606	0.00626085684823028	0.0079426642785303
10601	106010	0.804855845761392	0	0.0131323943661972	0.0449781000065671	-0.0318457056403699
10602	106020	0		0.0139943661971831		
10603	106030	0	0.5	0.0200661971830986		
10604	106040	0	0	0.0247119718309859		
10605	106050	0	0	0.0244964788732394		
10606	106060	0	0	0.0220943661971831		
10607	106070	0	0	0.0197049295774648		
10608	106080	0	0	0.0182028169014085		
10609	106090	0	0	0.016187323943662		
10610	106100	0	0	0.0154838028169014		
10611	106110	0	0	0.0143049295774648		
10612	106120	0	0	0.0135697183098592		
10613	106130	0	0	0.0133542253521127		
10614	106140	0	0	0.0126633802816901		
10615	106150	0	0	0.0128725352112676		
10616	106160	0	0	0.012612676056338		
10617	106170	0	0	0.0136267605633803		
10618	106180	0	0	0.013480985915493		
10619	106190	0	0	0.0129866197183098		
10620	106200	0	0	0.013043661971831		
10621	106210	0	0	0.0123211267605634		
10622	106220	0	0	0.0122767605633803		
10623	106230	0		0.011706338028169		
10624	106240	0		0.0111802816901408		
10625	106250	0		0.011256338028169		
10626	106260	0		0.0112056338028169		
10627	106270	0	0	0.0113514084507042		
10628	106280	0	0	0.0107112676056338		
10629	106290	0	0	0.0107556338028169		
10630	106300	0	0	0.0108316901408451		
10631	106310	0	0	0.0107556338028169		
10632	106320	0	0	0.011243661971831		
10633	106330	0	0	0.0114147887323944		
10634	106340	0	0	0.0111549295774648		
10635	106350	0	0	0.0111549295774648		
10636	106360	0	0	0.0107556338028169		
10637	106370	0	0.02	0.0108950704225352		
10638	106380	0	0.36	0.0111866197183099		
10639	106390	0	0.02	0.0112119718309859		
10640	106400	0	0	0.0109584507042254		
10641	106410	0	0.03	0.0104957746478873		
10642	106420	0	0.33	0.010825352112676		
10643	106430	0	0.06	0.0111422535211268		
10644	106440	0	0.31	0.0111802816901409		
10645	106450	0	0.14	0.011693661971831		
10646	106460	0	0	0.017119014084507		
10647	106470	0	0	0.0210739436619719	0.061309789163059	-0.0402358455010872
10648	106480	0	0	0.0201929577464789	0.0532547200447472	-0.0330617622982683
10649	106490	0.821781073689051	0	0.0187478873239437	0.0458947966845515	-0.0271469093606079
10650	106500	0.873818818632927	0	0.0177401408450704	0.0392064679733323	-0.0214663271282619
10651	106510	0.917552523589459	0	0.0165422535211268	0.0333686998854878	-0.016826446364361
10652	106520	0.933560575412497	0	0.015756338028169	0.0292258772052111	-0.0134695391770421
10653	106530	0.943923532978953	0	0.014862676056338	0.0272655699911753	-0.0124028939348373
10654	106540	0.950287635663075	0.01	0.0143239436619719	0.0253980383755693	-0.0110740947135974
10655	106550	0.954557039659197	0	0.0138676056338028	0.0244609758802708	-0.010593370246468
10656	106560	0	0	0.0135507042253521	0.0216297171092191	-0.00807901288386694
10657	106570	0.982868221055211	0	0.0132908450704226	0.0187515525054886	-0.00546070743506601
10658	106580	0	0	0.0129295774647887	0.0158628873936068	-0.00293330992881808
10659	106590	0.998559114120425	0	0.0128408450704225	0.0122846974985501	0.000556147571872431
10660	106600	0.99826317044813	0	0.0124732394366197	0.0123706474706362	0.000102591965983572
10661	106610	0.999276340526501	0	0.0124225352112676	0.0116432653461298	0.000779269865137825
10662	106620	0.999920496096168	0	0.0122450704225352	0.0100074252067664	0.00223764521576875
10663	106630	0.998368430616257	0	0.0119471830985916	0.00633407697802861	0.00561310612056295
10664	106640	0.995700844090079	0	0.0119154929577465	0.00435447923726186	0.00756101372048464
10665	106650	0.989208444470917	0.02	0.011719014084507	0.0015206164422207	0.0101983976422863
10666	106660	0.989666538679298	0.12	0.0119154929577465	0.00228988102733326	0.00962561193041324
10667	106670	0.999985912380354	0.02	0.0117570422535211	0.00868174459596111	0.00307529765756002
10668	106680	0	0	0.0116619718309859	0.0117073721488378	-4.54003178518552e-05
10669	106690	0.998141191005938	0	0.0115732394366197	0.0106940147937529	0.000879224642866818
10670	106700	0.999568881524718	0	0.0114084507042254	0.00915449465289266	0.00225395605133274
10671	106710	0.999989516403089	0	0.0114211267605634	0.00762738105504903	0.00379374570551439
10672	106720	0.999588070257128	0	0.011237323943662	0.00644669907140191	0.00479062487226009
10673	106730	0	0.32	0.011680985915493	0.00792282686549264	0.00375815905000033
10674	106740	0	0.03	0.0120359154929577	0.0232412238059404	-0.0112053083129827
10675	106750	0	0	0.011687323943662	0.0301891661253352	-0.0185018421816732
10676	106760	0	0	0.0116619718309859	0.0273274859206081	-0.0156655140896222
10677	106770	0	0.02	0.0119471830985916	0.0239937568092224	-0.0120465737106308
10678	106780	0	0	0.0123528169014084	0.0209132574171352	-0.00856044051572676
10679	106790	0	0.03	0.0128661971830986	0.018470356843927	-0.0056041596608284
10680	106800	0	0.06	0.0136394366197183	0.0171992568240661	-0.00355982020434784
10681	106810	0	0	0.0136901408450704	0.0192879652562885	-0.00559782441121812
10682	106820	0	0.03	0.0138105633802817	0.0190330309687709	-0.00522246758848923
10683	106830	0	0.26	0.014374647887324	0.0210497317143524	-0.00667508382702839
10684	106840	0	0.03	0.0150211267605634	0.0334897913662712	-0.0184686646057078
10685	106850	0	0.01	0.0166119718309859	0.0370649564888126	-0.0204529846578267
10686	106860	0	0	0.0177845070422535	0.0328217439960578	-0.0150372369538043
10687	106870	0	0	0.018006338028169	0.0268966075515452	-0.00889026952337613
10688	106880	0	0	0.0176894366197183	0.0230368199067032	-0.00534738328698493
10689	106890	0	0	0.0171380281690141	0.0207125815808883	-0.00357455341187423
10690	106900	0	0	0.0166246478873239	0.0184775065000117	-0.00185285861268774
10691	106910	0	0.01	0.0163077464788733	0.0171619725039925	-0.000854226025119261
10692	106920	0	0	0.0159718309859155	0.0153162252054559	0.000655605780459631
10693	106930	0	0	0.0159718309859155	0.0134925175914273	0.00247931339448815
10694	106940	0	0.08	0.0157943661971831	0.0108925440270618	0.00490182217012128
10695	106950	0	0.58	0.0162443661971831	0.0178655732070118	-0.00162120700982865
10696	106960	0	0.21	0.0174232394366197	0.0484115180847872	-0.0309882786481674
10697	106970	0	0.32	0.0190077464788732	0.070117528063818	-0.0511097815849448
10698	106980	0	0.13	0.020262676056338	0.083770821357658	-0.06350814530132
10699	106990	0	0	0.0217711267605634	0.0878123514932899	-0.0660412247327265
10700	107000	0	0	0.0228739436619718	0.0783221954205181	-0.0554482517585463
10701	107010	0	0	0.0226140845070422	0.0666548004008879	-0.0440407158938457
10702	107020	0	0.05	0.0227154929577465	0.0561081408749722	-0.0333926479172257
10703	107030	0	0.05	0.0232415492957746	0.0506405929269849	-0.0273990436312102
10704	107040	0	0.06	0.025656338028169	0.0462006753205261	-0.0205443372923571
10705	107050	0	0.06	0.0296176056338028	0.0463416394315924	-0.0167240337977896
10706	107060	0	0.06	0.0314049295774648	0.0476119544952014	-0.0162070249177366
10707	107070	0	0	0.0335218309859155	0.0464525283256242	-0.0129306973397087
10708	107080	0	0.02	0.0336866197183099	0.0426194433629595	-0.00893282364464964
10709	107090	0	0	0.0326345070422535	0.0366273233594896	-0.00399281631723609
10710	107100	0	0	0.0315887323943662	0.0324542667820575	-0.000865534387691262
10711	107110	0	0.2	0.0306823943661972	0.0310911452774275	-0.000408750911230309
10712	107120	0	0.08	0.0312908450704226	0.0397619940646042	-0.00847114899418161
10713	107130	0	0.03	0.0321464788732394	0.0468613194398338	-0.0147148405665943
10714	107140	0	0.1	0.0339845070422535	0.0463235250505577	-0.0123390180083041
10715	107150	0	0.01	0.0349098591549296	0.0450403870833443	-0.0101305279284147
10716	107160	0	0.06	0.0355816901408451	0.0378827210819904	-0.0023010309411453
10717	107170	0	0.49	0.0378	0.0374941783839372	0.000305821616062803
10718	107180	0	0.01	0.0408992957746479	0.0557205340887351	-0.0148212383140872
10719	107190	0	0.55	0.0437387323943662	0.0654664181345635	-0.0217276857401973
10720	107200	0	0	0.0531887323943662	0.0848632161102945	-0.0316744837159283
10721	107210	0	0	0.0628098591549296	0.0884071315044738	-0.0255972723495442
10722	107220	0	0	0.0637605633802817	0.0766277427695044	-0.0128671793892227
10723	107230	0	0	0.0610352112676056	0.0653316070269621	-0.00429639575935643
10724	107240	0	0.12	0.0578852112676056	0.0552895577520694	0.0025956535155362
10725	107250	0	0.04	0.0546781690140845	0.0538369710722087	0.000841197941875864
10726	107260	0	0.52	0.058962676056338	0.0547648730576594	0.00419780299867862
10727	107270	0	0.02	0.0809492957746479	0.0769610681713921	0.00398822760325585
10728	107280	0	0	0.0874964788732394	0.0835484454797592	0.0039480333934802
10729	107290	0	0.01	0.0840676056338028	0.0740013186593766	0.0100662869744262
10730	107300	0	0	0.0760119718309859	0.0659763467965178	0.0100356250344681
10731	107310	0	0.04	0.0676204225352113	0.0545585554093904	0.0130618671258209
10732	107320	0	0.7	0.0707197183098591	0.0538277019340096	0.0168920163758495
10733	107330	0	0.03	0.0873950704225352	0.082081420775109	0.00531364964742619
10734	107340	0	0.8	0.106180985915493	0.100097410248367	0.00608357566712585
10735	107350	0	0.24	0.186185915492958	0.131996514457255	0.0541894010357023
10736	107360	0	0.33	0.206626056338028	0.151445888803107	0.0551801675349215
10737	107370	0	0.05	0.183752112676056	0.154100145169875	0.029651967506181
10738	107380	0	0.33	0.155110563380282	0.141643552014614	0.0134670113656675
10739	107390	0	0.07	0.134410563380282	0.136606658508205	-0.00219609512792276
10740	107400	0	0	0.111853521126761	0.125752371362858	-0.0138988502360971
10741	107410	0	0.07	0.092230985915493	0.110300645607477	-0.0180696596919842
10742	107420	0	0.01	0.0862795774647887	0.102798706960738	-0.0165191294959492
10743	107430	0	0.54	0.0775457746478873	0.0981175663375933	-0.020571791689706
10744	107440	0	0.07	0.0717654929577465	0.114570410949681	-0.0428049179919346
10745	107450	0	0	0.0655035211267606	0.118301325635846	-0.0527978045090855
10746	107460	0	0	0.0603443661971831	0.102519843797766	-0.0421754776005828
10747	107470	0	0	0.0556605633802817	0.0866352115290788	-0.0309746481487971
10748	107480	0	0.42	0.0518197183098592	0.0779363070504366	-0.0261165887405774
10749	107490	0	0	0.049069014084507	0.0914014582414503	-0.0423324441569433
10750	107500	0	0	0.0433838028169014	0.0927186438683482	-0.0493348410514468
10751	107510	0	0	0.0460330985915493	0.0834084784928476	-0.0373753799012983
10752	107520	0	0	0.0429781690140845	0.0729354660214197	-0.0299572970073352
10753	107530	0	0	0.0414823943661972	0.0595146837126149	-0.0180322893464178
10754	107540	0	0	0.0446514084507042	0.0528930289110031	-0.00824162046029882
10755	107550	0	0	0.0444105633802817	0.0393654270993319	0.00504513628094978
10756	107560	0	0	0.0453612676056338	0.0329285273773473	0.0124327402282865
10757	107570	0	0	0.0460774647887324	0.0252784234271431	0.0207990413615893
10758	107580	0	0	0.0453866197183098	0.0225117434633673	0.0228748762549425
10759	107590	0	0	0.0477570422535211	0.0203817910830434	0.0273752511704777
10760	107600	0	0	0.0470345070422535	0.0180387428269807	0.0289957642152728
10761	107610	0	0	0.0492464788732394	0.0164924591833157	0.0327540196899237
10762	107620	0	0	0.0514964788732394	0.0127714228764987	0.0387250559967407
10763	107630	0	0.1	0.0506345070422536	0.0112017582502714	0.0394327487919822
10764	107640	0	0	0.0516676056338028	0.012143462492909	0.0395241431408938
10765	107650	0	0.27	0.0501338028169014	0.015721629230369	0.0344121735865324
10766	107660	0	0	0.0496584507042254	0.0279093180834477	0.0217491326207776
10767	107670	0	0.01	0.0478774647887324	0.0311407948607792	0.0167366699279532
10768	107680	0	0.09	0.0451584507042253	0.0271002618834862	0.0180581888207391
10769	107690	0	0	0.0415394366197183	0.0250478753995229	0.0164915612201954
10770	107700	0	0.13	0.0401323943661972	0.024304080846674	0.0158283135195232
10771	107710	0	0	0.0380154929577465	0.0274968161512192	0.0105186768065273
10772	107720	0	0.31	0.0358478873239437	0.0292008641092378	0.00664702321470589
10773	107730	0	0.02	0.0347133802816901	0.0413665429045546	-0.00665316262286449
10774	107740	0	0.18	0.0330908450704226	0.0467005590219641	-0.0136097139515415
10775	107750	0	0.14	0.0325204225352113	0.0511681128979772	-0.018647690362766
10776	107760	0	0	0.0314302816901408	0.056777922422479	-0.0253476407323382
10777	107770	0	0.01	0.0303781690140845	0.051577222381543	-0.0211990533674586
10778	107780	0	0	0.0304352112676056	0.0452538408582958	-0.0148186295906902
10779	107790	0	0.01	0.0286669014084507	0.0385348344523169	-0.00986793304386622
10780	107800	0	0	0.0286478873239437	0.0345769175920768	-0.00592903026813317
10781	107810	0	0.01	0.027012676056338	0.0313502184868473	-0.00433754243050927
10782	107820	0	0	0.0261950704225352	0.0285128105892288	-0.0023177401666936
10783	107830	0	0	0.0253964788732394	0.0266296155678377	-0.00123313669459825
10784	107840	0	0.09	0.024293661971831	0.0230659551148583	0.00122770685697272
10785	107850	0	0	0.0239704225352113	0.0250949432116008	-0.00112452067638948
10786	107860	0	0	0.0225823943661972	0.0224396741238283	0.000142720242368926
10787	107870	0	0	0.0226964788732394	0.0198910704610312	0.00280540841220822
10788	107880	0	0	0.0221894366197183	0.0177643080567891	0.0044251285629292
10789	107890	0	0	0.022037323943662	0.0151907502362359	0.00684657370742606
10790	107900	0		0.0205098591549296		
10791	107910	0		0.0215683098591549		
10792	107920	0		0.0200978873239437		
10793	107930	0		0.0183232394366197		
10794	107940	0		0.0211943661971831		
10795	107950	0		0.0163964788732394		
10796	107960	0		0.0209028169014084		
10797	107970	0		0.017987323943662		
10798	107980	0				
10799	107990	0				
10800	108000	0				
10801	108010	0				
10802	108020	0				
10803	108030	0				
10804	108040	0				
10805	108050	0				
10806	108060	0				
10807	108070	0				
10808	108080	0				
10809	108090	0				
10810	108100	0				
10811	108110	0				
10812	108120	0				
10813	108130	0				
10814	108140	0				
10815	108150	0				
10816	108160	0				
10817	108170	0				
10818	108180	0				
10819	108190	0				
10820	108200	0				
10821	108210	0				
10822	108220	0				
10823	108230	0				
10824	108240	0				
10825	108250	0				
10826	108260	0				
10827	108270	0				
10828	108280	0				
10829	108290	0				
10830	108300	0				
10831	108310	0				
10832	108320	0				
10833	108330	0				
10834	108340	0				
10835	108350	0				
10836	108360	0				
10837	108370	0				
10838	108380	0				
10839	108390	0				
10840	108400	0				
10841	108410	0				
10842	108420	0				
10843	108430	0				
10844	108440	0				
10845	108450	0				
10846	108460	0				
10847	108470	0				
10848	108480	0				
10849	108490	0				
10850	108500	0				
10851	108510	0				
10852	108520	0				
10853	108530	0				
10854	108540	0				
10855	108550	0				
10856	108560	0				
10857	108570	0				
10858	108580	0				
10859	108590	0				
10860	108600	0				
10861	108610	0				
10862	108620	0				
10863	108630	0				
10864	108640	0				
10865	108650	0				
10866	108660	0				
10867	108670	0				
10868	108680	0				
10869	108690	0				
10870	108700	0				
10871	108710	0				
10872	108720	0				
10873	108730	0				
10874	108740	0				
10875	108750	0				
10876	108760	0				
10877	108770	0				
10878	108780	0				
10879	108790	0				
10880	108800	0				
10881	108810	0				
10882	108820	0				
10883	108830	0				
10884	108840	0				
10885	108850	0				
10886	108860	0				
10887	108870	0				
10888	108880	0				
10889	108890	0				
10890	108900	0				
10891	108910	0				
10892	108920	0				
10893	108930	0				
10894	108940	0				
10895	108950	0				
10896	108960	0				
10897	108970	0				
10898	108980	0				
10899	108990	0				
10900	109000	0				
10901	109010	0				
10902	109020	0				
10903	109030	0				
10904	109040	0				
10905	109050	0				
10906	109060	0				
10907	109070	0				
10908	109080	0				
10909	109090	0				
10910	109100	0				
10911	109110	0				
10912	109120	0				
10913	109130	0				
10914	109140	0				
10915	109150	0				
10916	109160	0				
10917	109170	0				
10918	109180	0				
10919	109190	0				
10920	109200	0				
10921	109210	0				
10922	109220	0				
10923	109230	0				
10924	109240	0				
10925	109250	0				
10926	109260	0				
10927	109270	0				
10928	109280	0				
10929	109290	0				
10930	109300	0				
10931	109310	0				
10932	109320	0				
10933	109330	0				
10934	109340	0				
10935	109350	0				
10936	109360	0				
10937	109370	0				
10938	109380	0				
10939	109390	0				
10940	109400	0				
10941	109410	0				
10942	109420	0				
10943	109430	0				
10944	109440	0				
10945	109450	0				
10946	109460	0				
10947	109470	0				
10948	109480	0				
10949	109490	0				
10950	109500	0				
10951	109510	0				
10952	109520	0				
10953	109530	0				
10954	109540	0				
10955	109550	0				
10956	109560	0				
10957	109570	0				
10958	109580	0				
10959	109590	0				
10960	109600	0				
10961	109610	0				
10962	109620	0				
10963	109630	0				
10964	109640	0				
10965	109650	0				
10966	109660	0				
10967	109670	0				
10968	109680	0				
10969	109690	0				
10970	109700	0				
10971	109710	0				
10972	109720	0				
10973	109730	0				
10974	109740	0				
10975	109750	0				
10976	109760	0				
10977	109770	0				
10978	109780	0				
10979	109790	0				
10980	109800	0				
10981	109810	0				
10982	109820	0				
10983	109830	0				
10984	109840	0				
10985	109850	0				
10986	109860	0				
10987	109870	0				
10988	109880	0				
10989	109890	0				
10990	109900	0				
10991	109910	0				
10992	109920	0				
10993	109930	0				
10994	109940	0				
10995	109950	0				
10996	109960	0				
10997	109970	0				
10998	109980	0				
10999	109990	0				
11000	110000	0				
11001	110010	0				
11002	110020	0				
11003	110030	0				
11004	110040	0				
11005	110050	0				
11006	110060	0				
11007	110070	0				
11008	110080	0				
11009	110090	0				
11010	110100	0				
11011	110110	0				
11012	110120	0				
11013	110130	0				
11014	110140	0				
11015	110150	0				
11016	110160	0				
11017	110170	0				
11018	110180	0				
11019	110190	0				
11020	110200	0				
11021	110210	0				
11022	110220	0				
11023	110230	0				
11024	110240	0				
11025	110250	0				
11026	110260	0				
11027	110270	0				
11028	110280	0				
11029	110290	0				
11030	110300	0				
11031	110310	0				
11032	110320	0				
11033	110330	0				
11034	110340	0				
11035	110350	0				
11036	110360	0				
11037	110370	0				
11038	110380	0				
11039	110390	0				
11040	110400	0				
11041	110410	0				
11042	110420	0				
11043	110430	0				
11044	110440	0				
11045	110450	0				
11046	110460	0				
11047	110470	0				
11048	110480	0				
11049	110490	0				
11050	110500	0				
11051	110510	0				
11052	110520	0				
11053	110530	0				
11054	110540	0				
11055	110550	0				
11056	110560	0				
11057	110570	0				
11058	110580	0				
11059	110590	0				
11060	110600	0				
11061	110610	0				
11062	110620	0				
11063	110630	0				
11064	110640	0				
11065	110650	0				
11066	110660	0				
11067	110670	0				
11068	110680	0				
11069	110690	0				
11070	110700	0				
11071	110710	0				
11072	110720	0				
11073	110730	0				
11074	110740	0				
11075	110750	0				
11076	110760	0				
11077	110770	0				
11078	110780	0				
11079	110790	0				
11080	110800	0				
11081	110810	0				
11082	110820	0				
11083	110830	0				
11084	110840	0				
11085	110850	0				
11086	110860	0				
11087	110870	0				
11088	110880	0				
11089	110890	0				
11090	110900	0				
11091	110910	0				
11092	110920	0				
11093	110930	0				
11094	110940	0				
11095	110950	0				
11096	110960	0				
11097	110970	0				
11098	110980	0				
11099	110990	0				
11100	111000	0				
11101	111010	0				
11102	111020	0				
11103	111030	0				
11104	111040	0				
11105	111050	0				
11106	111060	0				
11107	111070	0				
11108	111080	0				
11109	111090	0				
11110	111100	0				
11111	111110	0				
11112	111120	0				
11113	111130	0				
11114	111140	0				
11115	111150	0				
11116	111160	0				
11117	111170	0				
11118	111180	0				
11119	111190	0				
11120	111200	0				
11121	111210	0				
11122	111220	0				
11123	111230	0				
11124	111240	0				
11125	111250	0				
11126	111260	0				
11127	111270	0				
11128	111280	0				
11129	111290	0				
11130	111300	0				
11131	111310	0				
11132	111320	0				
11133	111330	0				
11134	111340	0				
11135	111350	0				
11136	111360	0				
11137	111370	0				
11138	111380	0				
11139	111390	0				
11140	111400	0				
11141	111410	0				
11142	111420	0				
11143	111430	0				
11144	111440	0				
11145	111450	0				
11146	111460	0				
11147	111470	0				
11148	111480	0				
11149	111490	0				
11150	111500	0				
11151	111510	0				
11152	111520	0				
11153	111530	0				
11154	111540	0				
11155	111550	0				
11156	111560	0				
11157	111570	0				
11158	111580	0				
11159	111590	0				
11160	111600	0				
11161	111610	0				
11162	111620	0				
11163	111630	0				
11164	111640	0				
11165	111650	0				
11166	111660	0				
11167	111670	0				
11168	111680	0				
11169	111690	0				
11170	111700	0				
11171	111710	0				
11172	111720	0				
11173	111730	0				
11174	111740	0				
11175	111750	0				
11176	111760	0				
11177	111770	0				
11178	111780	0				
11179	111790	0				
11180	111800	0				
11181	111810	0				
11182	111820	0				
11183	111830	0				
11184	111840	0				
11185	111850	0				
11186	111860	0				
11187	111870	0				
11188	111880	0				
11189	111890	0				
11190	111900	0				
11191	111910	0				
11192	111920	0				
11193	111930	0				
11194	111940	0				
11195	111950	0				
11196	111960	0				
11197	111970	0				
11198	111980	0				
11199	111990	0				
11200	112000	0				
11201	112010	0				
11202	112020	0				
11203	112030	0				
11204	112040	0				
11205	112050	0				
11206	112060	0				
11207	112070	0				
11208	112080	0				
11209	112090	0				
11210	112100	0				
11211	112110	0				
11212	112120	0				
11213	112130	0				
11214	112140	0				
11215	112150	0				
11216	112160	0				
11217	112170	0				
11218	112180	0				
11219	112190	0				
11220	112200	0				
11221	112210	0				
11222	112220	0				
11223	112230	0				
11224	112240	0				
11225	112250	0				
11226	112260	0				
11227	112270	0				
11228	112280	0				
11229	112290	0				
11230	112300	0				
11231	112310	0				
11232	112320	0				
11233	112330	0				
11234	112340	0				
11235	112350	0				
11236	112360	0				
11237	112370	0				
11238	112380	0				
11239	112390	0				
11240	112400	0				
11241	112410	0				
11242	112420	0				
11243	112430	0				
11244	112440	0				
11245	112450	0				
11246	112460	0				
11247	112470	0				
11248	112480	0				
11249	112490	0				
11250	112500	0				
11251	112510	0				
11252	112520	0				
11253	112530	0				
11254	112540	0				
11255	112550	0				
11256	112560	0				
11257	112570	0				
11258	112580	0				
11259	112590	0				
11260	112600	0				
11261	112610	0				
11262	112620	0				
11263	112630	0				
11264	112640	0				
11265	112650	0				
11266	112660	0				
11267	112670	0				
11268	112680	0				
11269	112690	0				
11270	112700	0				
11271	112710	0				
11272	112720	0				
11273	112730	0				
11274	112740	0				
11275	112750	0				
11276	112760	0				
11277	112770	0				
11278	112780	0				
11279	112790	0				
11280	112800	0				
11281	112810	0				
11282	112820	0				
11283	112830	0				
11284	112840	0				
11285	112850	0				
11286	112860	0				
11287	112870	0				
11288	112880	0				
11289	112890	0				
11290	112900	0				
11291	112910	0				
11292	112920	0				
11293	112930	0				
11294	112940	0				
11295	112950	0				
11296	112960	0				
11297	112970	0				
11298	112980	0				
11299	112990	0				
11300	113000	0				
11301	113010	0				
11302	113020	0				
11303	113030	0				
11304	113040	0				
11305	113050	0				
11306	113060	0				
11307	113070	0				
11308	113080	0				
11309	113090	0				
11310	113100	0				
11311	113110	0				
11312	113120	0				
11313	113130	0				
11314	113140	0				
11315	113150	0				
11316	113160	0				
11317	113170	0				
11318	113180	0				
11319	113190	0				
11320	113200	0				
11321	113210	0				
11322	113220	0				
11323	113230	0				
11324	113240	0				
11325	113250	0				
11326	113260	0				
11327	113270	0				
11328	113280	0				
11329	113290	0				
11330	113300	0				
11331	113310	0				
11332	113320	0				
11333	113330	0				
11334	113340	0				
11335	113350	0				
11336	113360	0				
11337	113370	0				
11338	113380	0				
11339	113390	0				
11340	113400	0				
11341	113410	0				
11342	113420	0				
11343	113430	0				
11344	113440	0				
11345	113450	0				
11346	113460	0				
11347	113470	0				
11348	113480	0				
11349	113490	0				
11350	113500	0				
11351	113510	0				
11352	113520	0				
11353	113530	0				
11354	113540	0				
11355	113550	0		0.048124647887324		
11356	113560	0		0.0867929577464789		
11357	113570	0		0.156498591549296		
11358	113580	0		0.279931690140845		
11359	113590	0		0.377264788732394		
11360	113600	0		0.389199295774648		
11361	113610	0		0.364322535211268		
11362	113620	0		0.393762676056338		
11363	113630	0		0.347178169014085		
11364	113640	0		0.276635915492958		
11365	113650	0		0.216050704225352		
11366	113660	0		0.16341338028169		
11367	113670	0		0.11674647887324		
11368	113680	0		0.0873316901408451		
11369	113690	0		0.0736035211267606		
11370	113700	0		0.0657887323943662		
11371	113710	0		0.0572514084507042		
11372	113720	0		0.0464957746478873		
11373	113730	0		0.0462739436619718		
11374	113740	0		0.0527007042253521		
11375	113750	0		0.0872683098591549		
11376	113760	0		0.10857676056338		
11377	113770	0		0.197860563380282		
11378	113780	0		0.212203521126761		
11379	113790	0		0.210479577464789		
11380	113800	0		0.271426056338028		
11381	113810	0		0.316508450704225		
11382	113820	0	0	0.360957042253521		
11383	113830	0	0	0.327340140845071		
11384	113840	0	0.01	0.265721830985916		
11385	113850	0	0.16	0.225044366197183		
11386	113860	0	0.29	0.203431690140845		
11387	113870	0	0.19	0.202385915492958		
11388	113880	0	0.35	0.190723943661972		
11389	113890	0	0.24	0.189221830985916		
11390	113900	0	0	0.19838661971831		
11391	113910	0	0	0.196282394366197		
11392	113920	0	0	0.190400704225352		
11393	113930	0	0	0.182218309859155		
11394	113940	0	0	0.194254225352113		
11395	113950	0	0	0.193569718309859		
11396	113960	0	0	0.145102816901408		
11397	113970	0	0	0.132090845070422		
11398	113980	0	0	0.127838028169014		
11399	113990	0	0	0.122995774647887		
11400	114000	0	0	0.0984359154929577		
11401	114010	0	0	0.0871415492957747		
11402	114020	0	0	0.0855316901408451	0.0174806237526785	0.0680510663881666
11403	114030	0	0	0.0766457746478873	0.0166566654018384	0.0599891092460489
11404	114040	0	0	0.0789781690140845	0.0166780396166364	0.0623001293974481
11405	114050	0	0.01	0.0717401408450704	0.0157795011371139	0.0559606397079565
11406	114060	0	0.01	0.0586014084507042	0.0135485727672823	0.045052835683422
11407	114070	0	0	0.0487204225352113	0.0103253927437457	0.0383950297914655
11408	114080	0	0.04	0.0397204225352113	0.00733480932084831	0.032385613214363
11409	114090	0	0	0.0378950704225352	0.00541846678710028	0.0324766036354349
11410	114100	0	0.05	0.0327929577464789	0.00446420046552809	0.0283287572809508
11411	114110	0	0	0.0314049295774648	0.00634508852066138	0.0250598410568034
11412	114120	0	0	0.0296619718309859	0.00677367269007447	0.0228882991409114
11413	114130	0	0.07	0.0279950704225352	0.00633092325056802	0.0216641471719672
11414	114140	0	0.65	0.0304985915492958	0.0140841742502974	0.0164144172989984
11415	114150	0	0.24	0.0392070422535211	0.048347691858391	-0.00914064960486981
11416	114160	0	0.01	0.0455830985915493	0.0714025132208803	-0.025819414629331
11417	114170	0	0.12	0.044537323943662	0.0697040930440246	-0.0251667691003627
11418	114180	0	0	0.044524647887324	0.0661528780009948	-0.0216282301136708
11419	114190	0	0	0.0642169014084507	0.05879613204046	0.00542076936799067
11420	114200	0	0.06	0.0714169014084507	0.0502549038119408	0.02116199759651
11421	114210	0	0.07	0.106852816901408	0.0459727623797376	0.0608800545216708
11422	114220	0	0.16	0.120105633802817	0.0463426874875852	0.0737629463152317
11423	114230	0	0.53	0.114344366197183	0.0547762366704818	0.0595681295267013
11424	114240	0	0.01	0.0934478873239437	0.0797790751312458	0.0136688121926979
11425	114250	0	0.11	0.0814119718309859	0.0873003733560894	-0.00588840152510348
11426	114260	0	0.04	0.089537323943662	0.0816897205341854	0.00784760340947657
11427	114270	0	0.69	0.073780985915493	0.0799521016516244	-0.00617111573613138
11428	114280	0	0	0.0971492957746479	0.102584375847793	-0.00543508007314548
11429	114290	0	0	0.117830281690141	0.106820027306232	0.0110102543839083
11430	114300	0	0	0.165682394366197	0.0941810998550963	0.071501294511101
11431	114310	0	0	0.278201408450704	0.083624124814067	0.194577283636637
11432	114320	0	0.04	0.278752816901409	0.0732738757946143	0.205478941106794
11433	114330	0	0.53	0.299598591549296	0.0710766720700291	0.228521919479267
11434	114340	0	0.71	0.299199295774648	0.0934042089334325	0.205795086841215
11435	114350	0	0.12	0.30741338028169	0.127345341216869	0.180068039064821
11436	114360	0	0.05	0.2916	0.134339540832875	0.157260459167125
11437	114370	0	0	0.247924647887324	0.122350371463313	0.125574276424011
11438	114380	0	0	0.211037323943662	0.108305472619741	0.10273185132392
11439	114390	0	0.44	0.181400704225352	0.0961246592485781	0.0852760449767742
11440	114400	0	0.06	0.219283098591549	0.105211167930769	0.11407193066078
11441	114410	0	0	0.231997183098592	0.104577261142563	0.127419921956029
11442	114420	0	0	0.201162676056338	0.0934205378651553	0.107742138191183
11443	114430	0	0	0.171785915492958	0.0822185588359745	0.0895673566569833
11444	114440	0	0	0.138194366197183	0.0711403299553507	0.0670540362418325
11445	114450	0	0	0.130512676056338	0.0640296466427926	0.0664830294135455
11446	114460	0	0	0.119300704225352	0.0529475546008426	0.0663531496245095
11447	114470	0	0.13	0.109831690140845	0.0445605720245814	0.0652711181162636
11448	114480	0	0.24	0.0925859154929578	0.0417812365109395	0.0508046789820183
11449	114490	0	0.04	0.0792950704225352	0.0554495258109305	0.0238455446116047
11450	114500	0	0.28	0.0771464788732395	0.0637268723527965	0.013419606520443
11451	114510	0	0.52	0.0836619718309859	0.0769259235903175	0.00673604824066837
11452	114520	0	0.46	0.14631338028169	0.104419872876953	0.0418935074047374
11453	114530	0	0.91	0.211804225352113	0.131532369025979	0.0802718563261335
11454	114540	0	1.13	0.257495070422535	0.175445502013702	0.0820495684088332
11455	114550	0	0.01	0.246568309859155	0.227916205468608	0.0186521043905467
11456	114560	0	0.21	0.218788732394366	0.228511081488222	-0.009722349093856
11457	114570	0	0	0.293666197183099	0.207119234769544	0.0865469624135546
11458	114580	0	0	0.293184507042254	0.181850135225892	0.111334371816362
11459	114590	0	0	0.257431690140845	0.153830130058323	0.103601560082522
11460	114600	0	0	0.212773943661972	0.128588391842351	0.0841855518196209
11461	114610	0	0	0.170328169014084	0.111541453113585	0.0587867159004995
11462	114620	0	0	0.139525352112676	0.100227982584499	0.0392973695281773
11463	114630	0	0	0.102809154929577	0.0900818547420229	0.0127273001875545
11464	114640	0	0.03	0.0887957746478873	0.083836441826736	0.00495933282115134
11465	114650	0	0	0.0900887323943662	0.0769966605630528	0.0130920718313134
11466	114660	0	0.27	0.0808225352112676	0.0698270280445471	0.0109955071667205
11467	114670	0	0.58	0.105978169014085	0.0797677864220552	0.0262103825920293
11468	114680	0	0.45	0.176818309859155	0.109334123487157	0.0674841863719974
11469	114690	0	0	0.200332394366197	0.137090947997417	0.06324144636878
11470	114700	0	0.01	0.176564788732394	0.135411831343426	0.0411529573889684
11471	114710	0	0	0.157791549295775	0.117737274642429	0.0400542746533461
11472	114720	0	0.02	0.122045070422535	0.0980913624880394	0.0239537079344959
11473	114730	0	0	0.0956281690140845	0.0786583921858589	0.0169697768282256
11474	114740	0	0	0.291802816901408	0.0594380091792245	0.232364807722184
11475	114750	0	0	0.270583098591549	0.0436980402032885	0.226885058388261
11476	114760	0	0	0.212983098591549	0.0385649447386895	0.17441815385286
11477	114770	0.205567220044029	0	0.168008450704225	0.0340432471486874	0.133965203555538
11478	114780	0.331083944649205	0	0.130411267605634	0.0319767601297948	0.098434507475839
11479	114790	0.49326245589165	0	0.0992281690140844	0.0284814203440476	0.0707467486700368
11480	114800	0.615092413649939	0	0.0799605633802817	0.0236578521155327	0.056302711264749
11481	114810	0.669482165797638	0	0.0704028169014084	0.019732835793195	0.0506699811082135
11482	114820	0.744932980274102	0	0.0602619718309859	0.017971311030765	0.0422906608002209
11483	114830	0.813181387949391	0	0.0528338028169014	0.0186445943420456	0.0341892084748559
11484	114840	0.861635247336399	0	0.0477887323943662	0.019157054071659	0.0286316783227072
11485	114850	0.887482620568441	0	0.043656338028169	0.0182270307024517	0.0254293073257173
11486	114860	0.880666691407115	0	0.0422619718309859	0.0156857377239113	0.0265762341070746
11487	114870	0.861716006154833	0	0.0394478873239437	0.0102804274467312	0.0291674598772125
11488	114880	0.837911786963454	0	0.0362535211267606	0.00401663261461352	0.032236888512147
11489	114890	0.826539148970256	0	0.0338957746478873	0.000401589844711527	0.0334941848031758
11490	114900	0.848940791529836	0	0.031487323943662	0.000362573820054667	0.0311247501236073
11491	114910	0.859382726994171	0	0.0302197183098592	0.000233484185640656	0.0299862341242185
11492	114920	0.902291630923018	1.08	0.0298140845070423	0.00871891367786408	0.0210951708291782
11493	114930	0.985856978912703	1.15	0.0737239436619718	0.0706029536488067	0.00312099001316514
11494	114940	0.827487238698345	0.08	0.112614084507042	0.148188891364088	-0.0355748068570461
11495	114950	0.598403343595685	0.12	0.111549295774648	0.164192329281725	-0.0526430335070766
11496	114960	0.633623668033189	0	0.106935211267606	0.149711946457676	-0.0427767351900699
11497	114970	0.653998125277576	0	0.0871352112676056	0.129363483198108	-0.0422282719305023
11498	114980	0.758122929624665	0.01	0.0771971830985915	0.108439132264445	-0.0312419491658532
11499	114990	0.860182632649654	0	0.0662704225352113	0.0913877196598439	-0.0251172971246327
11500	115000	0.902495347826957	0.81	0.0601859154929578	0.0850745693972486	-0.0248886539042908
11501	115010	0.932279994159087	0.52	0.0996845070422535	0.119915717655451	-0.0202312106131973
11502	115020	0.934432296077919	0	0.170923943661972	0.153849746337888	0.0170741973240832
11503	115030	0.999617727771408	0	0.161645070422535	0.153395091907419	0.00824997851511608
11504	115040	0.956570283490731	0	0.128484507042254	0.135069221442247	-0.00658471439999345
11505	115050	0.901390350440522	0	0.0979605633802817	0.11361093505398	-0.0156503716736982
11506	115060	0.895290485074387	0	0.0790985915492958	0.0944316857944037	-0.015333094245108
11507	115070	0.942538119489335	0	0.0659408450704225	0.0791398930198754	-0.0131990479494529
11508	115080	0.937615687071599	0	0.0575492957746479	0.0736987068885377	-0.0161494111138898
11509	115090	0.89689256068055	0	0.0495380281690141	0.0704642188077419	-0.0209261906387278
11510	115100	0.864219173956411	0	0.0438338028169014	0.0675742349780854	-0.023740432161184
11511	115110	0.854076737592852	0	0.0400309859154929	0.0642713943996849	-0.024240408484192
11512	115120	0.918399541916975	0.12	0.0374197183098592	0.0548611611219386	-0.0174414428120794
11513	115130	0.971010313390624	0.02	0.0349605633802817	0.0432028147168267	-0.00824225133654494
11514	115140	0.997231836330199	0	0.0326281690140845	0.0317476020671272	0.00088056694695729
11515	115150	0.999144217572009	0.49	0.0317408450704225	0.0312879600521495	0.000452885018273008
11516	115160	0.91510482093243	0.55	0.0376478873239437	0.0583799977468398	-0.0207321104228961
11517	115170	0.988381692681107	0.1	0.0858169014084507	0.0949899450202042	-0.00917304361175353
11518	115180	0.685675636205577	0.64	0.152594366197183	0.109500134557854	0.043094231639329
11519	115190	0.417098736329433	0.07	0.208622535211267	0.130009113733426	0.0786134214778412
11520	115200	0.440498867513375	0.25	0.205985915492958	0.131690833245076	0.0742950822478815
11521	115210	0.443294337357354	0.15	0.199495774647887	0.12128565654699	0.0782101181008974
11522	115220	0.36334241730414	0.3	0.204211267605634	0.11626549925095	0.0879457683546837
11523	115230	0.310320357659029	0.11	0.218408450704225	0.119155685449695	0.09925276525453
11524	115240	0.347126109159341	0	0.20892676056338	0.116484476647336	0.0924422839160436
11525	115250	0.398210856442771	0	0.187478873239437	0.103213264136971	0.0842656091024654
11526	115260	0.573317447095382	0	0.154166197183099	0.0919498288616458	0.0622163683214528
11527	115270	0	0	0.121842253521127	0.0800701993903474	0.0417720541307793
11528	115280	0.933894283542677	0	0.0926619718309859	0.0703317275643195	0.0223302442666665
11529	115290	0.97027842123764	0	0.0777549295774648	0.0619204471529804	0.0158344824244844
11530	115300	0.983204173016014	0	0.0666	0.0538057169809453	0.0127942830190547
11531	115310	0.995469909377943	0	0.0581070422535211	0.0498103795023088	0.00829666275121232
11532	115320	0	0	0.0520225352112676	0.0453628969282766	0.00665963828299103
11533	115330	0.999805963960502	0	0.0462169014084507	0.0425378491273117	0.00367905228113903
11534	115340	0	0	0.0421098591549296	0.0392412183603582	0.00286864079457138
11535	115350	0.999443236678776	0	0.0379774647887324	0.0342507319131832	0.00372673287554922
11536	115360	0.995014752303975	0	0.0343267605633803	0.0267336920515476	0.00759306851183267
11537	115370	0.97800326878154	0	0.0323239436619718	0.0201082245043813	0.0122157191575905
11538	115380	0.980063395042739	0	0.029230985915493	0.0171899065649665	0.0120410793505265
11539	115390	0.95772793609451	0	0.0278112676056338	0.0114134708326009	0.0163977967730329
11540	115400	0.956980616386623	0	0.0262901408450705	0.00955523936285514	0.0167349014822153
11541	115410	0.943628986003241	0	0.0253014084507042	0.00625531492752269	0.0190460935231815
11542	115420	0.935591643530761	0.09	0.0245661971830986	0.00439393929659265	0.0201722578865059
11543	115430	0.958072619319856	0.45	0.024743661971831	0.00956912004319776	0.0151745419286332
11544	115440	0.984357963765954	0.05	0.0257830985915493	0.0328567294057616	-0.00707363081421227
11545	115450	0.936599040550173	0.19	0.028343661971831	0.0444931796771799	-0.0161495177053489
11546	115460	0.903151138714437	0.28	0.0330338028169014	0.0516135622717166	-0.0185797594548152
11547	115470	0.842438667373348	0.03	0.0372422535211268	0.0634688315791691	-0.0262265780580424
11548	115480	0.86226361787485	0.28	0.0410704225352113	0.0649983452221104	-0.0239279226868992
11549	115490	0	0.15	0.0480422535211268	0.0715759547786576	-0.0235337012575308
11550	115500	0.897521914879581	0	0.054456338028169	0.0756258018267002	-0.0211694637985312
11551	115510	0	0	0.0555718309859155	0.0692717693899224	-0.013699938404007
11552	115520	0	0	0.0500704225352113	0.0595066613192543	-0.009436238784043
11553	115530	0	0.06	0.0458619718309859	0.0522431372779581	-0.0063811654469722
11554	115540	0	0.57	0.0447211267605634	0.0540362968030797	-0.00931517004251633
11555	115550	0	0.31	0.0522253521126761	0.0789372266154495	-0.0267118745027735
11556	115560	0	0.01	0.0558253521126761	0.100222086061434	-0.0443967339487581
11557	115570	0	0	0.0541774647887324	0.0958871012262582	-0.0417096364375258
11558	115580	0	0	0.0588676056338028	0.0839697085277007	-0.0251021028938978
11559	115590	0	0	0.0590704225352113	0.0734924390558029	-0.0144220165205916
11560	115600	0	0	0.058943661971831	0.0635008294973119	-0.00455716752548095
11561	115610	0	0	0.057143661971831	0.0554223249287621	0.00172133704306889
11562	115620	0	0	0.0525042253521127	0.0486689328751525	0.00383529247696015
11563	115630	0	0	0.0486760563380282	0.042301928573608	0.00637412776442021
11564	115640	0	0	0.0433014084507042	0.0364279773386454	0.00687343111205888
11565	115650	0	0	0.0397521126760564	0.034208020147789	0.00554409252826733
11566	115660	0	0	0.0370394366197183	0.0289175301423262	0.00812190647739212
11567	115670	0	0	0.0332366197183099	0.0226027307516867	0.0106338889666232
11568	115680	0	0	0.0318422535211268	0.0175726702941957	0.014269583226931
11569	115690	0	0.41	0.0308281690140845	0.0166079457003183	0.0142202233137662
11570	115700	0	1.05	0.0407154929577465	0.0445381500492208	-0.00382265709147433
11571	115710	0	0.27	0.11687323943662	0.106520879577144	0.0103523598594757
11572	115720	0	0	0.181647887323944	0.135547517026923	0.0461003702970206
11573	115730	0	0.01	0.173535211267606	0.12467991836469	0.0488552929029161
11574	115740	0	0	0.150845070422535	0.104934548249574	0.0459105221729609
11575	115750	0	0	0.128611267605634	0.0834629569827849	0.0451483106228488
11576	115760	0	0	0.106554929577465	0.0679417858570166	0.0386131437204483
11577	115770	0	0	0.0890366197183099	0.0573568017170291	0.0316798180012808
11578	115780	0	0	0.0782619718309859	0.0507483429653892	0.0275136288655967
11579	115790	0	0	0.0706816901408451	0.0453338271878846	0.0253478629529605
11580	115800	0	0.03	0.0652816901408451	0.0430804343293327	0.0222012558115124
11581	115810	0	0.05	0.0614535211267606	0.0427792272643857	0.0186742938623749
11582	115820	0	0	0.0646225352112676	0.0399992406902407	0.024623294521027
11583	115830	0	0	0.0608957746478873	0.0346655653686046	0.0262302092792827
11584	115840	0	0	0.0585380281690141	0.0285034526281452	0.0300345755408689
11585	115850	0	0.1	0.0552929577464789	0.0276207036433221	0.0276722541031568
11586	115860	0	0	0.0536957746478873	0.0333268922410612	0.0203688824068261
11587	115870	0	0.08	0.0541014084507042	0.03584232917704	0.0182590792736642
11588	115880	0	0.01	0.053543661971831	0.0373403624661156	0.0162032995057154
11589	115890	0	0	0.0527830985915493	0.0340240775009081	0.0187590210906412
11590	115900	0	0	0.0501971830985915	0.0243794977328443	0.0258176853657472
11591	115910	0	0	0.0481183098591549	0.0133590211064607	0.0347592887526942
11592	115920	0	0	0.0462676056338028	0.0094556101579745	0.0368119954758283
11593	115930	0	0.08	0.0433014084507042	0.00879638645184812	0.0345050219988561
11594	115940	0	0.21	0.0424140845070422	0.0130180188057303	0.0293960657013119
11595	115950	0	0.33	0.0431239436619718	0.0267938194267152	0.0163301242352567
11596	115960	0	0.22	0.0445943661971831	0.0476096288956155	-0.00301526269843232
11597	115970	0	0.21	0.0465718309859155	0.0629785846072511	-0.0164067536213356
11598	115980	0	0.41	0.051743661971831	0.074301578794783	-0.022557916822952
11599	115990	0	0.06	0.0566366197183099	0.0899920454420094	-0.0333554257236995
11600	116000	0	0.02	0.0597549295774648	0.090834021439077	-0.0310790918616122
11601	116010	0	0.08	0.0610478873239437	0.0806221742300664	-0.0195742869061227
11602	116020	0	0.47	0.0636084507042254	0.0768062233236535	-0.0131977726194282
11603	116030	0	0.26	0.0826478873239437	0.0937877701860958	-0.0111398828621521
11604	116040	0	0.05	0.111194366197183	0.107565681452129	0.00362868474505365
11605	116050	0	0	0.116898591549296	0.10341408086452	0.0134845106847755
11606	116060	0	0	0.107442253521127	0.0914586863886814	0.0159835671324455
11607	116070	0	0	0.0902028169014084	0.078342263475945	0.0118605534254634
11608	116080	0	0	0.0786422535211268	0.0670773471602681	0.0115649063608587
11609	116090	0	0.07	0.0698197183098592	0.0586642419587867	0.0111554763510725
11610	116100	0	0.07	0.0673605633802817	0.0556812800060315	0.0116792833742502
11611	116110	0	0.02	0.0646478873239436	0.0557041382981193	0.00894374902582436
11612	116120	0	0	0.0628732394366197	0.0536624669945333	0.00921077244208644
11613	116130	0	0	0.0613267605633803	0.0508649358451904	0.0104618247181899
11614	116140	0	0	0.058943661971831	0.0452408838492395	0.0137027781225914
11615	116150	0	0	0.054481690140845	0.0377337662107995	0.0167479239300456
11616	116160	0	0	0.052630985915493	0.029591872384977	0.023039113530516
11617	116170	0	0.22	0.050856338028169	0.025690865629668	0.025165472398501
11618	116180	0	0.3	0.0545070422535211	0.0353165694705198	0.0191904727830014
11619	116190	0	0.01	0.0623661971830986	0.0507869590238411	0.0115792381592575
11620	116200	0	0	0.0646985915492958	0.0539578449767825	0.0107407465725133
11621	116210	0	0	0.0620366197183099	0.0470737472326103	0.0149628724856996
11622	116220	0	0	0.0583605633802817	0.0383681933590412	0.0199923700212405
11623	116230	0	0.42	0.0567887323943662	0.0316429703618084	0.0251457620325578
11624	116240	0	0.41	0.0672591549295775	0.049102835865065	0.0181563190645125
11625	116250	0	0.04	0.0908619718309859	0.0743157548724991	0.0165462169584868
11626	116260	0	0	0.0952732394366197	0.0782223248891815	0.0170509145474382
11627	116270	0	0.04	0.0907859154929577	0.0697315414693412	0.0210543740236166
11628	116280	0	0.02	0.0842957746478873	0.0627066875039733	0.021589087143914
11629	116290	0	0	0.0759549295774648	0.0556309940817213	0.0203239354957434
11630	116300	0	0	0.0713408450704225	0.0465994640646603	0.0247413810057622
11631	116310	0	0.01	0.0644957746478873	0.0392456159438222	0.0252501587040651
11632	116320	0	0	0.0601605633802817	0.0345360304574921	0.0256245329227896
11633	116330	0	0	0.0571183098591549	0.0321991096836029	0.024919200175552
11634	116340	0	0	0.0530619718309859	0.0314683237149862	0.0215936481159998
11635	116350	0	0.05	0.050830985915493	0.0296875921725712	0.0211433937429218
11636	116360	0	0.16	0.0494366197183099	0.0295172722437424	0.0199193474745675
11637	116370	0	0.01	0.0494366197183099	0.0334870852630877	0.0159495344552222
11638	116380	0	0	0.0493669014084507	0.0315619119564802	0.0178049894519705
11639	116390	0	0	0.0478964788732394	0.0273608961904971	0.0205355826827423
11640	116400	0	0	0.0473323943661972	0.0255786438857238	0.0217537504804734
11641	116410	0	0.01	0.0461704225352113	0.023475853037415	0.0226945694977963
11642	116420	0	0	0.0445056338028169	0.0212311759184392	0.0232744578843777
11643	116430	0	0.29	0.0425535211267605	0.0198365054847021	0.0227170156420585
11644	116440	0	0	0.044537323943662	0.0282663755666583	0.0162709483770037
11645	116450	0	0	0.0438845070422535	0.029526894971812	0.0143576120704415
11646	116460	0	0	0.0432380281690141	0.0258557883982085	0.0173822397708056
11647	116470	0	0.08	0.0461471830985915	0.0232167446762691	0.0229304384223225
11648	116480	0	0.33	0.0493669014084507	0.0255576448097412	0.0238092565987096
11649	116490	0	0.29	0.0692112676056338	0.0426111838490691	0.0266000837565647
11650	116500	0	0.08	0.0888464788732395	0.0601397999784048	0.0287066788948346
11651	116510	0	0	0.094480985915493	0.0646116743689669	0.0298693115465261
11652	116520	0	0	0.0950197183098592	0.058317665530279	0.0367020527795801
11653	116530	0		0.0888718309859155		
11654	116540	0		0.0867232394366197		
11655	116550	0		0.0771654929577465		
11656	116560	0		0.0696232394366197		
11657	116570	0		0.0617387323943662		
11658	116580	0		0.0583922535211267		
11659	116590	0		0.0533725352112676		
11660	116600	0		0.0487330985915493		
11661	116610	0		0.0473260563380282		
11662	116620	0		0.044074647887324		
11663	116630	0		0.0458176056338028		
11664	116640	0		0.0411211267605634		
11665	116650	0		0.0394922535211268		
11666	116660	0		0.0405570422535211		
11667	116670	0		0.036893661971831		
11668	116680	0		0.0361774647887324		
11669	116690	0		0.0308978873239437		
11670	116700	0		0.0389598591549296		
11671	116710	0		0.0333253521126761		
11672	116720	0		0.0341429577464789		
11673	116730	0		0.0431239436619718		
11674	116740	0		0.0550140845070423		
11675	116750	0		0.0718352112676057		
11676	116760	0		0.0855570422535211		
11677	116770	0		0.0885992957746479		
11678	116780	0		0.081012676056338		
11679	116790	0		0.0747823943661972		
11680	116800	0		0.0663274647887324		
11681	116810	0				
11682	116820	0				
11683	116830	0				
11684	116840	0				
11685	116850	0				
11686	116860	0				
11687	116870	0				
11688	116880	0				
11689	116890	0				
11690	116900	0				
11691	116910	0				
11692	116920	0				
11693	116930	0				
11694	116940	0				
11695	116950	0				
11696	116960	0				
11697	116970	0				
11698	116980	0				
11699	116990	0				
11700	117000	0				
11701	117010	0				
11702	117020	0				
11703	117030	0				
11704	117040	0				
11705	117050	0				
11706	117060	0				
11707	117070	0				
11708	117080	0				
11709	117090	0				
11710	117100	0				
11711	117110	0				
11712	117120	0				
11713	117130	0				
11714	117140	0				
11715	117150	0				
11716	117160	0				
11717	117170	0				
11718	117180	0				
11719	117190	0				
11720	117200	0				
11721	117210	0				
11722	117220	0				
11723	117230	0				
11724	117240	0				
11725	117250	0				
11726	117260	0				
11727	117270	0				
11728	117280	0				
11729	117290	0				
11730	117300	0				
11731	117310	0				
11732	117320	0				
11733	117330	0				
11734	117340	0				
11735	117350	0				
11736	117360	0				
11737	117370	0				
11738	117380	0				
11739	117390	0				
11740	117400	0				
11741	117410	0				
11742	117420	0				
11743	117430	0				
11744	117440	0				
11745	117450	0				
11746	117460	0				
11747	117470	0				
11748	117480	0				
11749	117490	0				
11750	117500	0				
11751	117510	0				
11752	117520	0				
11753	117530	0				
11754	117540	0				
11755	117550	0				
11756	117560	0				
11757	117570	0				
11758	117580	0				
11759	117590	0				
11760	117600	0				
11761	117610	0				
11762	117620	0				
11763	117630	0				
11764	117640	0				
11765	117650	0				
11766	117660	0				
11767	117670	0				
11768	117680	0				
11769	117690	0				
11770	117700	0				
11771	117710	0				
11772	117720	0				
11773	117730	0				
11774	117740	0				
11775	117750	0				
11776	117760	0				
11777	117770	0				
11778	117780	0				
11779	117790	0				
11780	117800	0				
11781	117810	0				
11782	117820	0				
11783	117830	0				
11784	117840	0				
11785	117850	0				
11786	117860	0				
11787	117870	0				
11788	117880	0				
11789	117890	0				
11790	117900	0				
11791	117910	0				
11792	117920	0				
11793	117930	0				
11794	117940	0				
11795	117950	0				
11796	117960	0				
11797	117970	0				
11798	117980	0				
11799	117990	0				
11800	118000	0				
11801	118010	0				
11802	118020	0				
11803	118030	0				
11804	118040	0				
11805	118050	0				
11806	118060	0				
11807	118070	0				
11808	118080	0				
11809	118090	0				
11810	118100	0				
11811	118110	0				
11812	118120	0				
11813	118130	0				
11814	118140	0				
11815	118150	0				
11816	118160	0				
11817	118170	0				
11818	118180	0				
11819	118190	0				
11820	118200	0				
11821	118210	0				
11822	118220	0				
11823	118230	0				
11824	118240	0				
11825	118250	0				
11826	118260	0				
11827	118270	0				
11828	118280	0				
11829	118290	0				
11830	118300	0				
11831	118310	0				
11832	118320	0				
11833	118330	0				
11834	118340	0				
11835	118350	0				
11836	118360	0				
11837	118370	0				
11838	118380	0				
11839	118390	0				
11840	118400	0				
11841	118410	0				
11842	118420	0				
11843	118430	0				
11844	118440	0				
11845	118450	0				
11846	118460	0				
11847	118470	0				
11848	118480	0				
11849	118490	0				
11850	118500	0				
11851	118510	0				
11852	118520	0				
11853	118530	0				
11854	118540	0				
11855	118550	0				
11856	118560	0				
11857	118570	0				
11858	118580	0				
11859	118590	0				
11860	118600	0				
11861	118610	0				
11862	118620	0				
11863	118630	0				
11864	118640	0				
11865	118650	0				
11866	118660	0				
11867	118670	0				
11868	118680	0				
11869	118690	0				
11870	118700	0				
11871	118710	0				
11872	118720	0				
11873	118730	0				
11874	118740	0				
11875	118750	0				
11876	118760	0				
11877	118770	0				
11878	118780	0				
11879	118790	0				
11880	118800	0				
11881	118810	0				
11882	118820	0				
11883	118830	0				
11884	118840	0				
11885	118850	0				
11886	118860	0				
11887	118870	0				
11888	118880	0				
11889	118890	0				
11890	118900	0				
11891	118910	0				
11892	118920	0				
11893	118930	0				
11894	118940	0				
11895	118950	0				
11896	118960	0				
11897	118970	0				
11898	118980	0				
11899	118990	0				
11900	119000	0				
11901	119010	0				
11902	119020	0				
11903	119030	0				
11904	119040	0				
11905	119050	0				
11906	119060	0				
11907	119070	0				
11908	119080	0				
11909	119090	0				
11910	119100	0				
11911	119110	0				
11912	119120	0				
11913	119130	0				
11914	119140	0				
11915	119150	0				
11916	119160	0				
11917	119170	0				
11918	119180	0				
11919	119190	0				
11920	119200	0				
11921	119210	0				
11922	119220	0				
11923	119230	0				
11924	119240	0				
11925	119250	0				
11926	119260	0				
11927	119270	0				
11928	119280	0				
11929	119290	0				
11930	119300	0				
11931	119310	0				
11932	119320	0				
11933	119330	0				
11934	119340	0				
11935	119350	0				
11936	119360	0				
11937	119370	0				
11938	119380	0				
11939	119390	0				
11940	119400	0				
11941	119410	0				
11942	119420	0				
11943	119430	0				
11944	119440	0				
11945	119450	0				
11946	119460	0				
11947	119470	0				
11948	119480	0				
11949	119490	0				
11950	119500	0				
11951	119510	0				
11952	119520	0				
11953	119530	0				
11954	119540	0				
11955	119550	0				
11956	119560	0				
11957	119570	0				
11958	119580	0				
11959	119590	0				
11960	119600	0				
11961	119610	0				
11962	119620	0				
11963	119630	0				
11964	119640	0				
11965	119650	0				
11966	119660	0				
11967	119670	0				
11968	119680	0				
11969	119690	0				
11970	119700	0				
11971	119710	0				
11972	119720	0				
11973	119730	0				
11974	119740	0				
11975	119750	0				
11976	119760	0				
11977	119770	0				
11978	119780	0				
11979	119790	0				
11980	119800	0				
11981	119810	0				
11982	119820	0				
11983	119830	0				
11984	119840	0				
11985	119850	0				
11986	119860	0				
11987	119870	0				
11988	119880	0				
11989	119890	0				
11990	119900	0				
11991	119910	0				
11992	119920	0				
11993	119930	0				
11994	119940	0				
11995	119950	0				
11996	119960	0				
11997	119970	0				
11998	119980	0				
11999	119990	0				
12000	120000	0				
12001	120010	0				
12002	120020	0				
12003	120030	0				
12004	120040	0				
12005	120050	0				
12006	120060	0				
12007	120070	0				
12008	120080	0				
12009	120090	0				
12010	120100	0				
12011	120110	0				
12012	120120	0				
12013	120130	0				
12014	120140	0				
12015	120150	0				
12016	120160	0				
12017	120170	0				
12018	120180	0				
12019	120190	0				
12020	120200	0				
12021	120210	0				
12022	120220	0				
12023	120230	0				
12024	120240	0				
12025	120250	0				
12026	120260	0				
12027	120270	0				
12028	120280	0				
12029	120290	0				
12030	120300	0				
12031	120310	0				
12032	120320	0				
12033	120330	0				
12034	120340	0				
12035	120350	0				
12036	120360	0				
12037	120370	0				
12038	120380	0				
12039	120390	0				
12040	120400	0				
12041	120410	0				
12042	120420	0				
12043	120430	0				
12044	120440	0				
12045	120450	0				
12046	120460	0				
12047	120470	0				
12048	120480	0				
12049	120490	0				
12050	120500	0				
12051	120510	0				
12052	120520	0				
12053	120530	0				
12054	120540	0				
12055	120550	0				
12056	120560	0				
12057	120570	0				
12058	120580	0				
12059	120590	0				
12060	120600	0				
12061	120610	0				
12062	120620	0				
12063	120630	0				
12064	120640	0				
12065	120650	0				
12066	120660	0				
12067	120670	0				
12068	120680	0				
12069	120690	0				
12070	120700	0				
12071	120710	0				
12072	120720	0				
12073	120730	0				
12074	120740	0				
12075	120750	0				
12076	120760	0				
12077	120770	0				
12078	120780	0				
12079	120790	0				
12080	120800	0				
12081	120810	0				
12082	120820	0				
12083	120830	0				
12084	120840	0				
12085	120850	0				
12086	120860	0				
12087	120870	0				
12088	120880	0				
12089	120890	0				
12090	120900	0				
12091	120910	0				
12092	120920	0				
12093	120930	0				
12094	120940	0				
12095	120950	0				
12096	120960	0				
12097	120970	0				
12098	120980	0				
12099	120990	0				
12100	121000	0				
12101	121010	0				
12102	121020	0				
12103	121030	0				
12104	121040	0				
12105	121050	0				
12106	121060	0				
12107	121070	0				
12108	121080	0				
12109	121090	0				
12110	121100	0				
12111	121110	0				
12112	121120	0				
12113	121130	0				
12114	121140	0				
12115	121150	0				
12116	121160	0				
12117	121170	0				
12118	121180	0				
12119	121190	0				
12120	121200	0				
12121	121210	0				
12122	121220	0				
12123	121230	0				
12124	121240	0				
12125	121250	0				
12126	121260	0				
12127	121270	0				
12128	121280	0				
12129	121290	0				
12130	121300	0				
12131	121310	0				
12132	121320	0				
12133	121330	0				
12134	121340	0				
12135	121350	0				
12136	121360	0				
12137	121370	0				
12138	121380	0				
12139	121390	0				
12140	121400	0				
12141	121410	0				
12142	121420	0				
12143	121430	0				
12144	121440	0				
12145	121450	0				
12146	121460	0				
12147	121470	0				
12148	121480	0				
12149	121490	0				
12150	121500	0				
12151	121510	0				
12152	121520	0				
12153	121530	0				
12154	121540	0				
12155	121550	0				
12156	121560	0				
12157	121570	0				
12158	121580	0				
12159	121590	0				
12160	121600	0				
12161	121610	0				
12162	121620	0				
12163	121630	0				
12164	121640	0				
12165	121650	0				
12166	121660	0				
12167	121670	0				
12168	121680	0				
12169	121690	0				
12170	121700	0				
12171	121710	0				
12172	121720	0				
12173	121730	0				
12174	121740	0				
12175	121750	0				
12176	121760	0				
12177	121770	0				
12178	121780	0				
12179	121790	0				
12180	121800	0				
12181	121810	0				
12182	121820	0				
12183	121830	0				
12184	121840	0				
12185	121850	0				
12186	121860	0				
12187	121870	0				
12188	121880	0				
12189	121890	0				
12190	121900	0				
12191	121910	0				
12192	121920	0				
12193	121930	0				
12194	121940	0				
12195	121950	0				
12196	121960	0				
12197	121970	0				
12198	121980	0				
12199	121990	0				
12200	122000	0				
12201	122010	0				
12202	122020	0				
12203	122030	0				
12204	122040	0				
12205	122050	0				
12206	122060	0				
12207	122070	0				
12208	122080	0				
12209	122090	0				
12210	122100	0				
12211	122110	0				
12212	122120	0				
12213	122130	0				
12214	122140	0				
12215	122150	0				
12216	122160	0				
12217	122170	0				
12218	122180	0				
12219	122190	0				
12220	122200	0				
12221	122210	0				
12222	122220	0				
12223	122230	0				
12224	122240	0				
12225	122250	0				
12226	122260	0				
12227	122270	0				
12228	122280	0				
12229	122290	0				
12230	122300	0				
12231	122310	0				
12232	122320	0				
12233	122330	0				
12234	122340	0				
12235	122350	0				
12236	122360	0				
12237	122370	0				
12238	122380	0				
12239	122390	0				
12240	122400	0				
12241	122410	0	0			
12242	122420	0	0			
12243	122430	0	0			
12244	122440	0	0			
12245	122450	0	0	0		
12246	122460	0	0	0.0109267605633803		
12247	122470	0	0	0.023856338028169		
12248	122480	0	0.12	0.0283183098591549		
12249	122490	0	0.01	0.0503683098591549		
12250	122500	0	0	0.0746176056338028		
12251	122510	0	0	0.0824387323943662		
12252	122520	0	0	0.0800049295774648		
12253	122530	0	0	0.0792633802816901		
12254	122540	0	0	0.0824197183098592		
12255	122550	0	0	0.0870338028169014		
12256	122560	0	0	0.0904816901408451		
12257	122570	0	0	0.0979795774647888		
12258	122580	0	0	0.108247183098591		
12259	122590	0	0	0.132711971830986		
12260	122600	0	0	0.198602112676056		
12261	122610	0	0.43	0.259624647887324	0.00566139627502061	0.253963251612303
12262	122620	0	0.01	0.27237676056338	0.026274419725118	0.246102340838262
12263	122630	0	0	0.314131690140845	0.0348861324990066	0.279245557641839
12264	122640	0	0.26	0.280806338028169	0.0330117448052206	0.247794593222948
12265	122650	0	0.35	0.230235211267606	0.0443306692525596	0.185904542015046
12266	122660	0	0	0.22165985915493	0.0620458418260244	0.159614017328905
12267	122670	0	0	0.207133098591549	0.0627119437536743	0.144421154837875
12268	122680	0	0	0.176209859154929	0.0531757488802881	0.123034110274641
12269	122690	0	0		0.0448973828991455	
12270	122700	0	0		0.0378322934594392	
12271	122710	0	0		0.032959097009874	
12272	122720	0	0		0.0297496337757509	
12273	122730	0	0		0.0258630603005228	
12274	122740	0	0.01		0.0229663439523664	
12275	122750	0	0		0.0211335103294346	
12276	122760	0	0.07		0.0205828514399207	
12277	122770	0	0.08		0.0228915556988603	
12278	122780	0	0		0.0260338452828989	
12279	122790	0	0		0.0251506982858772	
12280	122800	0	0		0.0228278589153436	
12281	122810	0	0		0.0202474247462894	
12282	122820	0	0		0.015505997578804	
12283	122830	0	0		0.0136617741735042	
12284	122840	0	0		0.0110672835256253	
12285	122850	0	0		0.00719966868030196	
12286	122860	0	0		0.00396153624980574	
12287	122870	0	0		0.00382683712453161	
12288	122880	0	0		0.00347969998475542	
12289	122890	0	0		0.00292492631391232	
12290	122900	0	0		0.00240887299035483	
12291	122910	0	0	0.212045070422535	0.00205034484859249	0.209994725573943
12292	122920	0	0	0.212444366197183	0.00212854776875383	0.210315818428429
12293	122930	0	0	0.175005633802817	0.00223577503173492	0.172769858771082
12294	122940	0	0	0.15383661971831	0.00220868986917398	0.151627929849136
12295	122950	0	0	0.144500704225352	0.00194795471622952	0.142552749509123
12296	122960	0	0	0.113767605633803	0.00149312336659265	0.11227448226721
12297	122970	0	0	0.142669014084507	0.000639070427462892	0.142029943657044
12298	122980	0	0	0.128192957746479	0	0.128192957746479
12299	122990	0	0	0.145216901408451	0	0.145216901408451
12300	123000	0	0	0.142599295774648	0	0.142599295774648
12301	123010	0	0	0.110199295774648	0	0.110199295774648
12302	123020	0	0	0.10009014084507	0	0.10009014084507
12303	123030	0	0.02	0.086387323943662	0.000158502705018488	0.0862288212386435
12304	123040	0	0	0.0887197183098592	0.00113868607611562	0.0875810322337435
12305	123050	0	0	0.0796943661971831	0.00152000798458085	0.0781743582126023
12306	123060	0	0	0.0846633802816901	0.00132011314136578	0.0833432671403244
12307	123070	0	0	0.0862288732394366	0.00112765356359493	0.0851012196758417
12308	123080	0	0	0.0664098591549296	0.000928201904045396	0.0654816572508842
12309	123090	0	0	0.0614661971830986	0.000788092191236127	0.0606781049918625
12310	123100	0	0	0.050393661971831	0.000648599011628846	0.0497450629602021
12311	123110	0	0	0.0484478873239437	0.000590355231367294	0.0478575320925764
12312	123120	0	0	0.048606338028169	0.000513878327297278	0.0480924597008717
12313	123130	0	0	0.0441887323943662	0.000487384062717122	0.0437013483316491
12314	123140	0	0	0.0460964788732395	0.000487480978284311	0.0456089978949551
12315	123150	0	0	0.0429211267605634	0.000400357442213412	0.04252076931835
12316	123160	0	0	0.0466669014084507	0.000342234899336068	0.0463246665091147
12317	123170	0	0	0.0394795774647887	0.000257050047742468	0.0392225274170463
12318	123180	0	0	0.0334330985915493	0.000251348794764862	0.0331817497967844
12319	123190	0	0.02	0.0322732394366197	0.000439019156842338	0.0318342202797774
12320	123200	0	0.09	0.0298774647887324	0.00213679600059002	0.0277406687881424
12321	123210	0	0	0.0297	0.00692678534372296	0.022773214656277
12322	123220	0	0	0.0327676056338028	0.00839363325762028	0.0243739723761826
12323	123230	0	0	0.0368619718309859	0.00722793030660667	0.0296340415243793
12324	123240	0	0	0.0388521126760563	0.00600264294022257	0.0328494697358338
12325	123250	0	0	0.0338830985915493	0.00496500075944041	0.0289180978321089
12326	123260	0	0.02	0.0335218309859155	0.0043535165772099	0.0291683144087056
12327	123270	0	0.17	0.0315	0.00599500985246987	0.0255049901475301
12328	123280	0	0.01	0.0333633802816901	0.014448567852523	0.0189148124291671
12329	123290	0	0.01	0.0340859154929577	0.017688611936425	0.0163973035565328
12330	123300	0	0.06	0.0320704225352113	0.0168341796711191	0.0152362428640921
12331	123310	0	0	0.0330464788732394	0.0179433978304153	0.0151030810428242
12332	123320	0	0.06	0.0303845070422535	0.0170810671861968	0.0133034398560567
12333	123330	0	0	0.0326091549295775	0.0175488151181551	0.0150603398114224
12334	123340	0	0	0.0313922535211268	0.0163126525319866	0.0150796009891402
12335	123350	0	0	0.028812676056338	0.014406774559851	0.014405901496487
12336	123360	0	0	0.0271838028169014	0.0127692360158337	0.0144145668010677
12337	123370	0	0	0.0250732394366197	0.0114772699378671	0.0135959694987527
12338	123380	0	0	0.0237612676056338	0.0106855084808863	0.0130757591247475
12339	123390	0	0	0.0224239436619718	0.00893058413767783	0.013493359524294
12340	123400	0	0	0.0208394366197183	0.00756213801549691	0.0132772986042214
12341	123410	0	0	0.0199838028169014	0.00581164828809535	0.014172154528806
12342	123420	0	0	0.0192612676056338	0.00537984819565605	0.0138814194099778
12343	123430	0	0	0.0186401408450704	0.00541258464650873	0.0132275561985617
12344	123440	0	0	0.0180316901408451	0.00494205100085899	0.0130896391399861
12345	123450	0	0	0.0176577464788732	0.00469978251108632	0.0129579639677869
12346	123460	0	0	0.0179619718309859	0.00404085156776675	0.0139211202632192
12347	123470	0	0	0.0175943661971831	0.00322470139945806	0.0143696647977251
12348	123480	0	0	0.0166943661971831	0.00188624530159016	0.0148081208955929
12349	123490	0	0.08	0.0165549295774648	0.00226889043610238	0.0142860391413624
12350	123500	0	0	0.0164028169014084	0.00588211717492508	0.0105206997264834
12351	123510	0	0	0.0172457746478873	0.00678048449524538	0.0104652901526419
12352	123520	0	0	0.0167577464788733	0.0057597553860603	0.010997991092813
12353	123530	0.986888176618048	0	0.0155852112676056	0.00451061425437971	0.0110745970132259
12354	123540	0.98466114726973	0.02	0.0155154929577465	0.00387131032120007	0.0116441826365464
12355	123550	0.986984432242548	0	0.0152366197183099	0.00429105484106013	0.0109455648772497
12356	123560	0.985063412065738	0	0.0153253521126761	0.00411440403109624	0.0112109480815798
12357	123570	0.986141706042648	0.06	0.0151542253521127	0.00415704218189042	0.0109971831702223
12358	123580	0.994532370079851	0.23	0.0156612676056338	0.00842200620884352	0.00723926139679028
12359	123590	0.994764755803543	0	0.0182661971830986	0.0205326519839861	-0.00226645480088752
12360	123600	0.990800993651636	0	0.0205922535211268	0.0241784473511505	-0.00358619383002376
12361	123610	0.994726755387137	0.01	0.0202119718309859	0.020893541949483	-0.000681570118497101
12362	123620	0.993645427489501	0.64	0.0194704225352113	0.0233533461208388	-0.00388292358562757
12363	123630	0.818497720231724	0.02	0.0223795774647887	0.0519371381215064	-0.0295575606567177
12364	123640	0.765453908588323	0	0.0272725352112676	0.0629406346292644	-0.0356680994179968
12365	123650	0.787099683615731	0	0.0255929577464789	0.0551669564034967	-0.0295739986570178
12366	123660	0.844239981960353	0	0.0233683098591549	0.0477395967208201	-0.0243712868616651
12367	123670	0.886623263001066	0	0.0207823943661972	0.040068908506559	-0.0192865141403619
12368	123680	0.918464716284092	0	0.0194260563380282	0.0347297979758208	-0.0153037416377926
12369	123690	0.959333728995439	0	0.0179112676056338	0.0295359609781804	-0.0116246933725466
12370	123700	0.965111624616334	0	0.0162190140845071	0.0257082373143172	-0.00948922322981011
12371	123710	0.976496213486302	0	0.0156105633802817	0.0222698529737221	-0.00665928959344045
12372	123720	0.973837356257283	0	0.0145457746478873	0.0203467207733421	-0.00580094612545477
12373	123730	0.976606587545914	0	0.0140767605633803	0.0202524987698299	-0.0061757382064496
12374	123740	0.98732095298398	0	0.0137091549295775	0.0177102866372951	-0.00400113170771766
12375	123750	0.991155164867259	0	0.0128598591549296	0.015604218441453	-0.00274435928652344
12376	123760	0.995627666860947	0.01	0.0125302816901409	0.0127241499250595	-0.0001938682349186
12377	123770	0.997545465831125	0.03	0.0119281690140845	0.0124119377571802	-0.000483768743095718
12378	123780	0.99433421777154	0	0.011712676056338	0.0136756597144933	-0.00196298365815531
12379	123790	0.997043636019888	0	0.0113894366197183	0.0124770580682073	-0.00108762144848897
12380	123800	0.993692951159956	0.42	0.0114274647887324	0.0153202236758437	-0.00389275888711129
12381	123810	0.886624371958135	0	0.0116366197183099	0.0339020566563988	-0.0222654369380889
12382	123820	0.830058581571421	0	0.0109077464788732	0.0390525642332279	-0.0281448177543546
12383	123830	0.890236924931298	0	0.0109901408450704	0.0293885813682157	-0.0183984405231453
12384	123840	0.930354610993093	0	0.0107112676056338	0.0249488009686204	-0.0142375333629866
12385	123850	0.957458743139853	0	0.0106732394366197	0.0206347119956529	-0.00996147255903316
12386	123860	0.912646217871005	0.24	0.0426295774647887	0.019466477998485	0.0231630994663037
12387	123870	0.898126863985266	0	0.0518514084507042	0.0282596287408111	0.0235917797098932
12388	123880	0.95113981559664	0	0.0486380281690141	0.0315689558622166	0.0170690723067975
12389	123890	0.985190285330825	0.11	0.040030985915493	0.0282762210602221	0.0117547648552709
12390	123900	0.999729353540059	0.68	0.0387380281690141	0.0360606508423385	0.00267737732667556
12391	123910	0.611762851521876	0	0.122564788732395	0.0689621433646373	0.0536026453677572
12392	123920	0.531841280553815	0	0.140171830985916	0.0773227877526352	0.0628490432332804
12393	123930	0.758887177556061	0	0.108823943661972	0.0666192609854936	0.0422046826764783
12394	123940	0.894334105601965	0	0.0837887323943662	0.0564962620496242	0.027292470344742
12395	123950	0.961252760681374	0.05	0.0653260563380282	0.0482752702872709	0.0170507860507573
12396	123960	0.996881269878926	0.01	0.0527577464788732	0.0454579599315854	0.00729978654728782
12397	123970	0.997610330559188	0.15	0.0465464788732394	0.042928679394475	0.00361779947876446
12398	123980	0.98692394222879	0.1	0.0563894366197183	0.0470321342639064	0.00935730235581194
12399	123990	0.999812391979453	1.14	0.0578281690140845	0.0587697970941968	-0.000941628080112257
12400	124000	0.869998147469902	0.44	0.139341549295775	0.114469309704091	0.0248722395916832
12401	124010	0	0.08	0.200243661971831	0.151610363210649	0.0486332987611821
12402	124020	0.688592898434432	0	0.195978169014085	0.146717337149587	0.0492608318644981
12403	124030	0.780273943433483	0.05	0.169288732394366	0.128614854337263	0.0406738780571039
12404	124040	0.887425992477013	0.36	0.140431690140845	0.112595330546997	0.027836359593848
12405	124050	0.835988445983196	0.83	0.151206338028169	0.122763110982203	0.0284432270459659
12406	124060	0.477945897852983	0.21	0.22268661971831	0.158890847992019	0.0637957717262906
12407	124070	0.47373002695288	0.54	0.240718309859155	0.175678098714366	0.065040211144789
12408	124080	0.534064306436916	0.61	0.253457746478873	0.191859597666657	0.0615981488122158
12409	124090	0.647644538009296	0.49	0.264612676056338	0.215508780930075	0.0491038951262628
12410	124100	0.531415102914575	0.08	0.293495070422535	0.228024939489929	0.0654701309326062
12411	124110	0.591918578800306	0	0.267071830985915	0.208068160532905	0.0590036704530107
12412	124120	0.712065930576331	0	0.225380281690141	0.179268526683164	0.0461117550069772
12413	124130	0.777213753838492	0.18	0.19433661971831	0.153693654783026	0.0406429649352843
12414	124140	0.889775660823289	0	0.168103521126761	0.142179934642017	0.0259235864847434
12415	124150	0.99797013275114	0	0.139652112676056	0.134428597942185	0.0052235147338717
12416	124160	0.962844163314781	0	0.111644366197183	0.122872170937212	-0.0112278047400287
12417	124170	0.89647128684376	0	0.0910077464788733	0.110443602670586	-0.0194358561917126
12418	124180	0.876437792416439	0	0.0764112676056338	0.0964602397082644	-0.0200489721026306
12419	124190	0.886051015103462	0	0.063880985915493	0.0816278519459135	-0.0177468660304205
12420	124200	0.958047174970629	0	0.0544753521126761	0.0645216956832801	-0.0100463435706041
12421	124210	0.973242052117124	0.02	0.0482514084507043	0.0553625468522665	-0.00711113840156225
12422	124220	0.773812148977348	0.84	0.0928077464788732	0.0574720685608808	0.0353356779179924
12423	124230	0.667459127486319	0.31	0.143252112676056	0.0984194913236433	0.044832621352413
12424	124240	0.969900221943259	0	0.134714788732395	0.126163954024711	0.008550834707684
12425	124250	0.979041333431723	0	0.110307042253521	0.11701622100625	-0.00670917875272899
12426	124260	0.984843990404869	0	0.0918823943661972	0.0965360334802092	-0.00465363911401201
12427	124270	0	0	0.0762084507042254	0.0790649422887599	-0.00285649158453455
12428	124280	0	0	0.0645464788732394	0.0621217743332214	0.00242470454001803
12429	124290	0	0	0.0552169014084507	0.0474198338611263	0.00779706754732443
12430	124300	0	0	0.0491894366197183	0.0385647829194544	0.0106246537002639
12431	124310	0	0.36	0.0451774647887324	0.0366180387353249	0.0085594260534075
12432	124320	0	0.02	0.045906338028169	0.0516789354313768	-0.0057725974032078
12433	124330	0	0.53	0.0454753521126761	0.0625660714456223	-0.0170907193329462
12434	124340	0	0.91	0.065668309859155	0.0873823012602763	-0.0217139914011214
12435	124350	0	0	0.123997183098592	0.134544761514893	-0.0105475784163014
12436	124360	0	0	0.128465492957747	0.138330741120692	-0.00986524816294498
12437	124370	0	0	0.106542253521127	0.119883270285661	-0.0133410167645337
12438	124380	0	0.59	0.0935429577464789	0.109006736846721	-0.0154637791002423
12439	124390	0	0.13	0.175474647887324	0.125608430305416	0.0498662175819081
12440	124400	0	0	0.258369718309859	0.131649533710083	0.126720184599776
12441	124410	0	0	0.232035211267606	0.117613648348029	0.114421562919577
12442	124420	0	0	0.196111267605634	0.101916740283143	0.0941945273224911
12443	124430	0	0.06	0.164604929577465	0.081654666846336	0.0829502627311288
12444	124440	0	0.01	0.145907746478873	0.0744321480070428	0.0714755984718303
12445	124450	0	0	0.129162676056338	0.0671446295671782	0.0620180464891598
12446	124460	0	0	0.104742253521127	0.0584185331239364	0.0463237203971903
12447	124470	0	0	0.0917683098591549	0.0507238960331855	0.0410444138259695
12448	124480	0	0	0.0776978873239437	0.0448307676909376	0.0328671196330061
12449	124490	0	0.01	0.0682478873239437	0.0446996383315057	0.0235482489924379
12450	124500	0	0	0.0618147887323944	0.0426857264139616	0.0191290623184327
12451	124510	0	0.07	0.0561422535211268	0.0396695408253237	0.0164727126958031
12452	124520	0	0	0.0520288732394366	0.0354992679713856	0.016529605268051
12453	124530	0	0	0.0464640845070423	0.0315459328641114	0.0149181516429309
12454	124540	0	0	0.0430035211267606	0.02396906052018	0.0190344606065806
12455	124550	0	0.59	0.0418119718309859	0.0206878417996735	0.0211241300313124
12456	124560	0	0.23	0.0485049295774648	0.0504047758198478	-0.00189984624238296
12457	124570	0	0.32	0.058487323943662	0.0731922051631072	-0.0147048812194453
12458	124580	0	0.01	0.0761704225352113	0.0843620567850481	-0.00819163424983678
12459	124590	0	0.47	0.0861591549295775	0.081377014149668	0.00478214077990946
12460	124600	0	0.07	0.0965598591549296	0.0925827847773737	0.00397707437755585
12461	124610	0	0.03	0.110085211267606	0.0954654149541996	0.0146197963134059
12462	124620	0	0.2	0.111878873239437	0.0859666296601734	0.0259122435792633
12463	124630	0	0.21	0.114851408450704	0.0865251708358859	0.0283262376148183
12464	124640	0	0	0.107524647887324	0.089019492020885	0.018505155866439
12465	124650	0	0	0.0948612676056338	0.0837189159701325	0.0111423516355013
12466	124660	0	0.04	0.0847267605633803	0.0743724124196961	0.0103543481436842
12467	124670	0	0.37	0.0788007042253521	0.0702524489703427	0.00854825525500939
12468	124680	0	0.16	0.0948929577464788	0.0819731914652167	0.0129197662812622
12469	124690	0	0.18	0.120669718309859	0.0894324137192138	0.0312373045906453
12470	124700	0	0.09	0.132274647887324	0.0933092043674683	0.0389654435198556
12471	124710	0	0.12	0.127343661971831	0.0922260992179744	0.0351175627538565
12472	124720	0	0.31	0.132902112676056	0.092002720033695	0.0408993926423614
12473	124730	0	0.19	0.150084507042254	0.101727786924916	0.0483567201173378
12474	124740	0	0	0.154704929577465	0.106489498023557	0.0482154315539078
12475	124750	0	0.02	0.144006338028169	0.097781323735579	0.0462250142925901
12476	124760	0	0	0.128224647887324	0.0812469068966233	0.0469777409907007
12477	124770	0	0	0.109527464788732	0.0696293803202859	0.0398980844684463
12478	124780	0	0.01	0.0952669014084507	0.0597517703027621	0.0355151311056886
12479	124790	0	0	0.0845112676056338	0.0522587965291153	0.0322524710765185
12480	124800	0	0.07	0.0741802816901409	0.0439945088456133	0.0301857728445276
12481	124810	0	0.56	0.0684760563380282	0.0457050414071293	0.0227710149308989
12482	124820	0	0.04	0.0679753521126761	0.0702922208224856	-0.0023168687098095
12483	124830	0	0.04	0.0684823943661972	0.0787188092906294	-0.0102364149244322
12484	124840	0	0.04	0.0721077464788733	0.0718403518547411	0.000267394624132153
12485	124850	0	0.07	0.0774633802816902	0.0664286341489997	0.0110347461326905
12486	124860	0	0.26	0.0821725352112676	0.0629821870208698	0.0191903481903978
12487	124870	0	0	0.0901267605633803	0.0685394383833225	0.0215873221800578
12488	124880	0	0.33	0.089080985915493	0.06659314097635	0.022487844939143
12489	124890	0	0	0.0949183098591549	0.0747204497843207	0.0201978600748342
12490	124900	0	0.23	0.0966676056338028	0.0746187818577035	0.0220488237760993
12491	124910	0	0.08	0.0973077464788732	0.0769091168485405	0.0203986296303328
12492	124920	0	0	0.0987845070422534	0.0764982390814676	0.0222862679607859
12493	124930	0	0.52	0.096756338028169	0.0685072392176979	0.0282490988104711
12494	124940	0	0	0.0889605633802817	0.0839374595610132	0.00502310381926857
12495	124950	0	0.31	0.0806387323943662	0.087089542084986	-0.00645080969061981
12496	124960	0	0.14	0.0747443661971831	0.0938012037844013	-0.0190568375872183
12497	124970	0	0.01	0.0684950704225352	0.0984273612235083	-0.0299322908009731
12498	124980	0	0.54	0.0644197183098592	0.0945346288037204	-0.0301149104938612
12499	124990	0	0	0.0597232394366197	0.110743475046493	-0.0510202356098728
12500	125000	0	0.56	0.0555845070422535	0.11256317814703	-0.0569786711047767
12501	125010	0	0	0.0522190140845071	0.125679492191996	-0.0734604781074887
12502	125020	0	0.14	0.0484352112676056	0.120302181111036	-0.0718669698434304
12503	125030	0	0	0.0498929577464789	0.111915478436748	-0.0620225206902696
12504	125040	0	0.01	0.0606739436619718	0.102433738503527	-0.0417597948415555
12505	125050	0	0.01	0.0676457746478873	0.0874604656581352	-0.0198146910102479
12506	125060	0	0	0.110028169014085	0.0783244832644022	0.0317036857496823
12507	125070	0	0	0.120980281690141	0.0647481655460011	0.0562321161441397
12508	125080	0	0	0.132407746478873	0.0583422887630112	0.074065457715862
12509	125090	0	0	0.12844647887324	0.0508080550984646	0.077638423774775
12510	125100	0	0	0.118711267605634	0.0454907182364636	0.0732205493691702
12511	125110	0	0	0.133314084507042	0.0414302860166728	0.0918837984903696
12512	125120	0	0	0.122621830985916	0.0347565437726601	0.0878652872132556
12513	125130	0	0	0.131444366197183	0.0310033237926807	0.100441042404502
12514	125140	0	0.3	0.131824647887324	0.0261922782715399	0.105632369615784
12515	125150	0	0	0.156181690140845	0.0389441557262802	0.117237534414565
12516	125160	0	0	0.195997183098592	0.0417655957538959	0.154231587344696
12517	125170	0	0.05	0.212824647887324	0.0366883854858459	0.176136262401478
12518	125180	0	0.1	0.218097887323944	0.0350463356563967	0.183051551667547
12519	125190	0	0.13	0.20423661971831	0.0332324373677618	0.171004182350548
12520	125200	0	0.01	0.192390845070423	0.0369206722240087	0.155470172846414
12521	125210	0	0.04	0.178250704225352	0.0318321565394614	0.146418547685891
12522	125220	0	0	0.156745774647887	0.0298343547443133	0.126911419903574
12523	125230	0	0	0.132800704225352	0.0256073227121193	0.107193381513233
12524	125240	0	0	0.108012676056338	0.0223067107630869	0.0857059652932512
12525	125250	0	0	0.0943415492957746	0.0199529889365074	0.0743885603592673
12526	125260	0	0.37	0.0837760563380282	0.0196404771304192	0.064135579207609
12527	125270	0	0.02	0.0802647887323943	0.0358833632886518	0.0443814254437425
12528	125280	0	0	0.0757394366197184	0.0417027920326685	0.0340366445870499
12529	125290	0	0	0.0687359154929578	0.0377562775523204	0.0309796379406374
12530	125300	0	0	0.0617957746478873	0.0336869003494381	0.0281088742984493
12531	125310	0	0	0.0564654929577465	0.0287467366718028	0.0277187562859436
12532	125320	0	0	0.0522633802816902	0.0250615474402251	0.0272018328414651
12533	125330	0	0	0.0510147887323944	0.0208901294387844	0.0301246592936099
12534	125340	0	0	0.0489802816901408	0.0185281485222718	0.030452133167869
12535	125350	0	0	0.0460457746478873	0.0146911995170998	0.0313545751307875
12536	125360	0	0	0.0435929577464789	0.0140221102375091	0.0295708475089697
12537	125370	0	0	0.0409119718309859	0.0136135639939795	0.0272984078370064
12538	125380	0	0	0.0384084507042254	0.0109216194123186	0.0274868312919067
12539	125390	0	0	0.0366654929577465	0.00845231465062181	0.0282131783071247
12540	125400	0	0	0.0345232394366197	0.0056445129572859	0.0288787264793338
12541	125410	0	0	0.0330464788732394	0.00522653796462386	0.0278199409086156
12542	125420	0	0	0.0313732394366197	0.00544090315350609	0.0259323362831136
12543	125430	0	0	0.0300992957746479	0.00555019986181103	0.0245490959128369
12544	125440	0	0.05	0.0288950704225352	0.00591086982194083	0.0229842006005944
12545	125450	0	0	0.0284197183098592	0.00744886264126299	0.0209708556685962
12546	125460	0	0.48	0.0279316901408451	0.0107932697945524	0.0171384203462927
12547	125470	0	0	0.0275387323943662	0.0307885162870551	-0.0032497838926889
12548	125480	0		0.0267528169014085		
12549	125490	0		0.0260112676056338		
12550	125500	0		0.0247943661971831		
12551	125510	0		0.0245028169014085		
12552	125520	0		0.0235711267605634		
12553	125530	0		0.0217774647887324		
12554	125540	0		0.0229119718309859		
12555	125550	0		0.0205288732394366		
12556	125560	0		0.0208964788732394		
12557	125570	0		0.0179556338028169		
12558	125580	0		0.0196669014084507		
12559	125590	0		0.0191281690140845		
