timestep	time	weight	P	Q	Qfitted	Qresidual
22	220	0.0124974776559958	0	0.68644014084507	0.0173742271121803	0.66906591373289
23	230	0.0066228787922436	0.125	0.928457746478873	0.0162606673569723	0.912197079121901
24	240	0.00936388399346364	0	0.792348591549296	0.0214940389894978	0.770854552559798
25	250	0.0120345986977573	0.1	0.70084647887324	0.0206191324127183	0.680227346460521
26	260	0.014199251375593	0.05	0.654040140845071	0.0263434862083707	0.6276966546367
27	270	0.0349588750279557	0	0.431220422535211	0.027605697676298	0.403614724858913
28	280	0.0310461110713232	0	0.453035915492958	0.0255067345466647	0.427529180946293
29	290	0.0406033145663483	0	0.404670422535211	0.0225230047891144	0.382147417746097
30	300	0.0467493739757541	0	0.369880985915493	0.0165687913516053	0.353312194563888
31	310	0.0600172771880935	0	0.324880985915493	0.0131749626375518	0.311706023277941
32	320	0.121264753480441	0	0.229075352112676	0.0104485124042832	0.218626839708393
33	330	0.123756887421238	0	0.223985915492958	0.0100466286886155	0.213939286804342
34	340	0	0	0.175994366197183	0.00902862476773335	0.16696574142945
35	350	0.276528977712047	0	0.146230985915493	0.00749053266459158	0.138740453250901
36	360	0	0	0.121411267605634	0.00678637190244824	0.114624895703186
37	370	0.53547384030124	0	0.094062676056338	0.00403405473347519	0.0900286213228628
38	380	0.598675817593832	0	0.0849295774647887	0.00290703967203306	0.0820225377927557
39	390	0.783384010152067	0	0.0642612676056338	0.00214331472760091	0.0621179528780329
40	400	0.778602459015968	0	0.0624739436619718	0.00187104207106914	0.0606029015909027
41	410	0.824012066938972	0	0.0568014084507042	0.00173705600768623	0.055064352443018
42	420	0.868869217248638	0.5	0.0552042253521127	0.0071077542001858	0.0480964711519269
43	430	0.798828689669205	0	0.106637323943662	0.0420383667640004	0.0645989571796617
44	440	0.816354900748131	0	0.0928267605633803	0.0425298991947628	0.0502968613686175
45	450	0.806431586915154	0.025	0.099424647887324	0.0399982884970098	0.0594263593903142
46	460	0.791105042282357	0.275	0.100983802816901	0.0366183338781611	0.0643654689387403
47	470	0.792015310089162	0	0.110326056338028	0.0490201611451411	0.0613058951928871
48	480	0	0	0.100692253521127	0.0457769358246212	0.0549153176965055
49	490	0.931268109316609	0	0.0857598591549296	0.0420848787231224	0.0436749804318072
50	500	0	0	0.0750042253521127	0.0349030409273753	0.0401011844247374
51	510	0.960333576013618	0	0.0637732394366197	0.0287711602879212	0.0350020791486985
52	520	0.993938604556645	0	0.0538161971830986	0.0244762962101572	0.0293399009729414
53	530	0.993899219633926	0	0.047243661971831	0.0212972044883185	0.0259464574835125
54	540	0.999692068597539	0	0.0403605633802817	0.0191061660870112	0.0212543972932705
55	550	0.995275089002757	0	0.0389028169014084	0.0157544216682146	0.0231483952331938
56	560	0.988207826737294	0	0.0329514084507042	0.0117425484994828	0.0212088599512215
57	570	0.999735627523842	0	0.0315950704225352	0.00777712186396144	0.0238179485585738
58	580	0.986076444522701	0	0.0262394366197183	0.00735564917456859	0.0188837874451497
59	590	0.96690891482468	0	0.0219676056338028	0.00847556839730231	0.0134920372365005
60	600	0.978651686447404	0	0.022037323943662	0.00740918429355749	0.0146281396501045
61	610	0.979325152279556	0	0.0176070422535211	0.00416200744046771	0.0134450348130534
62	620	0.948110121333926	0	0.0190584507042254	0.00507424814308449	0.0139842025611409
63	630	0.993489343823751	0	0.0177338028169014	0.00249897990999029	0.0152348229069111
64	640	0.996900773708591	0	0.0191091549295775	0.00275895226484797	0.0163502026647295
65	650	0.998345168740503	0	0.0204528169014084	0.00186569361753007	0.0185871232838784
66	660	0.987274827119776	0.2	0.0197366197183099	0.00426299570193389	0.015473624016376
67	670	0.958181835329414	0	0.0232795774647887	0.0158851144934086	0.00739446297138014
68	680	0.985281167768483	0	0.0260176056338028	0.0165791040957153	0.00943850153808751
69	690	0.999896205917064	0.25	0.0391056338028169	0.0181329086265573	0.0209727251762596
70	700	0.973396402968681	0.05	0.0705802816901409	0.0329137429560187	0.0376665387341222
71	710	0.919302660724798	0	0.0750232394366197	0.0347374550248922	0.0402857844117275
72	720	0.949767364199368	0	0.0711823943661972	0.0318909666735127	0.0392914276926844
73	730	0.992426798357634	0.075	0.0588042253521127	0.0280245687422383	0.0307796566098744
74	740	0.999271766081761	0	0.0523964788732394	0.0282119632314506	0.0241845156417889
75	750	0.998647403079963	0	0.0437894366197183	0.0248159635805201	0.0189734730391983
76	760	0.99276433364308	0.025	0.0387507042253521	0.0225746925866118	0.0161760116387403
77	770	0.98523553723874	0.05	0.0335471830985915	0.0213094491980496	0.0122377339005419
78	780	0.957763509452277	0.025	0.0284514084507042	0.022424794087224	0.00602661436348025
79	790	0	0	0.0254281690140845	0.0215825308122087	0.00384563820187582
80	800	0	0	0.0227978873239437	0.0184005213685815	0.00439736595536218
81	810	0	0	0.0214859154929577	0.0152079163013241	0.00627799919163363
82	820	0	0	0.0192105633802817	0.0126354506379639	0.0065751127423178
83	830	0	1.45	0.0182028169014084	0.0263444885352731	-0.0081416716338647
84	840	0	0.7	0.0389281690140845	0.131229610210748	-0.0923014411966633
85	850	0	0.55	0.111479577464789	0.188696522058513	-0.0772169445937246
86	860	0	0	0.156745774647887	0.221527801644975	-0.0647820269970877
87	870	0	0	0.126076056338028	0.196367563522654	-0.0702915071846261
88	880	0	0	0.0942464788732394	0.163486038528432	-0.069239559655193
89	890	0	0	0.0780274647887324	0.134942986865004	-0.056915522076272
90	900	0	0	0.0641852112676057	0.115393875028266	-0.05120866376066
91	910	0	0	0.0546845070422535	0.0994074002389751	-0.0447228931967216
92	920	0	0	0.048130985915493	0.0854951834162621	-0.0373641975007691
93	930	0	1.125	0.0441	0.0852456489334522	-0.0411456489334522
94	940	0	0.875	0.162507042253521	0.16011656216636	0.00239048008716117
95	950	0	0	0.335021830985915	0.217740540972934	0.117281290012981
96	960	0	0.125	0.267654929577465	0.207340767139902	0.0603141624375627
97	970	0	0	0.187364788732394	0.182956527512545	0.004408261219849
98	980	0	0	0.122552112676056	0.142076454821681	-0.0195243421456244
99	990	0	0	0.0942401408450704	0.114019621687226	-0.0197794808421553
100	1000	0	0	0.0761323943661972	0.10453602162347	-0.0284036272572729
101	1010	0	0	0.0651295774647887	0.0984550313640291	-0.0333254538992404
102	1020	0	0.25	0.060756338028169	0.0879600430246569	-0.0272037049964879
103	1030	0	0.05	0.0802014084507042	0.0970877106495374	-0.0168863021988332
104	1040	0	0	0.104983098591549	0.0806847813040264	0.0242983172875229
105	1050	0	0	0.0934669014084507	0.0695900536479379	0.0238768477605129
106	1060	0	0.475	0.0845112676056338	0.0608753200095838	0.02363594759605
107	1070	0	0.125	0.0941450704225353	0.0808909302764739	0.0132541401460614
108	1080	0	0.375	0.109939436619718	0.0810979991115074	0.0288414375082109
109	1090	0	0.25	0.136128169014085	0.100532079551026	0.0355960894630586
110	1100	0	0.375	0.151548591549296	0.118111751598231	0.0334368399510648
111	1110	0	0.275	0.191091549295775	0.141043024378489	0.0500485249172857
112	1120	0	0.15	0.220658450704226	0.146562444489115	0.0740960062151108
113	1130	0	0.175	0.226774647887324	0.144794223687971	0.0819804241993527
114	1140	0	0.25	0.198469014084507	0.13613159780032	0.0623374162841867
115	1150	0	0.025	0.178117605633803	0.130017081110023	0.0481005245237797
116	1160	0	0.075	0.143657746478873	0.116853830547522	0.0268039159313515
117	1170	0	0.05	0.137649295774648	0.104826108052779	0.0328231877218689
118	1180	0	0.175	0.126247183098591	0.0960448310750492	0.0302023520235423
119	1190	0	0.2	0.106567605633803	0.0978055507060094	0.00876205492779342
120	1200	0	0	0.101357746478873	0.100085147968965	0.00127259850990864
121	1210	0	0	0.0951211267605634	0.0868493945027223	0.00827173225784113
122	1220	0	0	0.125987323943662	0.073884446723079	0.052102877220583
123	1230	0	0	0.130785211267606	0.0605054279222952	0.0702797833453104
124	1240	0	0	0.115618309859155	0.0502113448231806	0.0654069650359744
125	1250	0	0	0.102733098591549	0.0420116615268324	0.0607214370647168
126	1260	0	0	0.0853922535211268	0.038291023455841	0.0471012300652858
127	1270	0	0	0.0731154929577465	0.0302438969796382	0.0428715959781083
128	1280	0	0	0.0621443661971831	0.02629256345476	0.0358518027424231
129	1290	0	0	0.0526119718309859	0.0201602539373103	0.0324517178936756
130	1300	0	0.075	0.0484922535211268	0.0179274546010532	0.0305647989200736
131	1310	0	0.175	0.0438401408450704	0.021798086471008	0.0220420543740624
132	1320	0	0	0.0407154929577465	0.0300187477836626	0.0106967451740839
133	1330	0	0.35	0.0387316901408451	0.0304829278358656	0.00824876230497949
134	1340	0	0.025	0.043206338028169	0.0508856528801335	-0.00767931485196452
135	1350	0	0	0.0458429577464789	0.0490150848022246	-0.00317212705574569
136	1360	0	0.875	0.0483274647887324	0.0546118765682675	-0.00628441177953512
137	1370	0		0.0776915492957746		
138	1380	0	1.3	0.180880985915493		
139	1390	0		0.401647183098591		
140	1400	0		0.38269014084507		
141	1410	0		0.34232323943662		
142	1420	0		0.30047323943662		
143	1430	0		0.259941549295775		
144	1440	0		0.224505633802817		
145	1450	0		0.184030985915493		
146	1460	0		0.190622535211267		
147	1470	0		0.173782394366197		
148	1480	0		0.14772676056338		
149	1490	0		0.138485915492958		
150	1500	0		0.121969014084507		
151	1510	0		0.1233		
152	1520	0		0.118933098591549		
153	1530	0		0.121075352112676		
154	1540	0		0.121151408450704		
155	1550	0		0.128059859154929		
156	1560	0		0.137072535211268		
157	1570	0		0.116632394366197		
158	1580	0		0.102619014084507		
159	1590	0		0.12972676056338		
160	1600	0		0.168458450704225		
161	1610	0		0.160966901408451		
162	1620	0		0.134410563380282		
163	1630	0		0.108291549295775		
164	1640	0		0.104026056338028		
165	1650	0		0.133707042253521		
166	1660	0		0.146148591549296		
167	1670	0		0.125866901408451		
168	1680	0		0.104374647887324		
169	1690	0		0.0969654929577465		
170	1700	0	0.025	0.0910838028169014		
171	1710	0	0	0.0884725352112676		
172	1720	0	0	0.0837443661971831		
173	1730	0		0.124123943661972		
174	1740	0		0.311425352112676		
175	1750	0		0.470097887323944		
176	1760	0		0.426428873239437		
177	1770	0		0.483566197183099		
178	1780	0		0.457257042253521		
179	1790	0		0.361464084507042		
180	1800	0		0.28452676056338		
181	1810	0		0.22455		
182	1820	0		0.168889436619718		
183	1830	0		0.131837323943662		
184	1840	0		0.106257042253521		
185	1850	0		0.094474647887324		
186	1860	0		0.0873633802816902		
187	1870	0		0.106928873239437		
188	1880	0		0.24615		
189	1890	0		0.255175352112676		
190	1900	0		0.227915492957746		
191	1910	0		0.194507746478873		
192	1920	0		0.160624647887324		
193	1930	0		0.128909154929578		
194	1940	0		0.104197183098592		
195	1950	0		0.0937457746478873		
196	1960	0		0.0836429577464789		
197	1970	0		0.0761133802816901		
198	1980	0		0.069274647887324		
199	1990	0		0.0635577464788733		
200	2000	0		0.0620176056338028		
201	2010	0		0.0614852112676056		
202	2020	0		0.0631204225352113		
203	2030	0		0.0605345070422535		
204	2040	0		0.0594443661971831		
205	2050	0		0.0605915492957747		
206	2060	0		0.0639		
207	2070	0		0.065230985915493		
208	2080	0		0.063		
209	2090	0		0.0625690140845071		
210	2100	0		0.0619605633802817		
211	2110	0		0.0615739436619718		
212	2120	0		0.0683176056338028		
213	2130	0		0.0759992957746479		
214	2140	0		0.0753718309859155		
215	2150	0		0.0700225352112676		
216	2160	0		0.0647112676056338		
217	2170	0		0.0605028169014085		
218	2180	0		0.0556415492957746		
219	2190	0		0.0530619718309859		
220	2200	0		0.0494239436619718		
221	2210	0		0.0466098591549296		
222	2220	0		0.0455767605633803		
223	2230	0		0.0453549295774648		
224	2240	0		0.050380985915493		
225	2250	0		0.0567887323943662		
226	2260	0		0.0633866197183099		
227	2270	0		0.0635007042253521		
228	2280	0		0.0626577464788733		
229	2290	0		0.0586964788732395		
230	2300	0		0.0528908450704225		
231	2310	0		0.0493922535211268		
232	2320	0		0.0456401408450704		
233	2330	0		0.0441823943661972		
234	2340	0		0.0429464788732394		
235	2350	0		0.0420464788732394		
236	2360	0		0.0396380281690141		
237	2370	0		0.0377112676056338		
238	2380	0		0.0362852112676056		
239	2390	0		0.033737323943662		
240	2400	0		0.0322795774647887		
241	2410	0		0.0309992957746479		
242	2420	0		0.031062676056338		
243	2430	0		0.0284767605633803		
244	2440	0		0.0295225352112676		
245	2450	0		0.0272408450704225		
246	2460	0		0.0273992957746479		
247	2470	0		0.0268542253521127		
248	2480	0		0.0253584507042254		
249	2490	0		0.0235521126760563		
250	2500	0		0.021619014084507		
251	2510	0		0.0330718309859155		
252	2520	0		0.0325521126760564		
253	2530	0		0.0347704225352113		
254	2540	0		0.027906338028169		
255	2550	0		0.0232669014084507		
256	2560	0		0.0245535211267606		
257	2570	0		0.0206619718309859		
258	2580	0		0.019362676056338		
259	2590	0		0.0181647887323944		
260	2600	0				
261	2610	0				
262	2620	0				
263	2630	0				
264	2640	0				
265	2650	0				
266	2660	0				
267	2670	0				
268	2680	0				
269	2690	0				
270	2700	0				
271	2710	0				
272	2720	0				
273	2730	0				
274	2740	0				
275	2750	0				
276	2760	0				
277	2770	0				
278	2780	0				
279	2790	0				
280	2800	0				
281	2810	0				
282	2820	0				
283	2830	0				
284	2840	0				
285	2850	0				
286	2860	0				
287	2870	0				
288	2880	0				
289	2890	0				
290	2900	0				
291	2910	0				
292	2920	0				
293	2930	0				
294	2940	0				
295	2950	0				
296	2960	0				
297	2970	0				
298	2980	0				
299	2990	0				
300	3000	0				
301	3010	0				
302	3020	0				
303	3030	0				
304	3040	0				
305	3050	0				
306	3060	0				
307	3070	0				
308	3080	0				
309	3090	0				
310	3100	0				
311	3110	0				
312	3120	0				
313	3130	0				
314	3140	0				
315	3150	0				
316	3160	0				
317	3170	0				
318	3180	0				
319	3190	0				
320	3200	0				
321	3210	0				
322	3220	0				
323	3230	0				
324	3240	0				
325	3250	0				
326	3260	0				
327	3270	0				
328	3280	0				
329	3290	0				
330	3300	0				
331	3310	0				
332	3320	0				
333	3330	0				
334	3340	0				
335	3350	0				
336	3360	0				
337	3370	0				
338	3380	0				
339	3390	0				
340	3400	0				
341	3410	0				
342	3420	0				
343	3430	0				
344	3440	0				
345	3450	0				
346	3460	0				
347	3470	0				
348	3480	0				
349	3490	0				
350	3500	0				
351	3510	0				
352	3520	0				
353	3530	0				
354	3540	0				
355	3550	0				
356	3560	0				
357	3570	0				
358	3580	0				
359	3590	0				
360	3600	0				
361	3610	0				
362	3620	0				
363	3630	0				
364	3640	0				
365	3650	0				
366	3660	0				
367	3670	0				
368	3680	0				
369	3690	0				
370	3700	0				
371	3710	0				
372	3720	0				
373	3730	0				
374	3740	0				
375	3750	0				
376	3760	0				
377	3770	0				
378	3780	0				
379	3790	0				
380	3800	0				
381	3810	0				
382	3820	0				
383	3830	0				
384	3840	0				
385	3850	0				
386	3860	0				
387	3870	0				
388	3880	0				
389	3890	0				
390	3900	0				
391	3910	0				
392	3920	0				
393	3930	0				
394	3940	0				
395	3950	0				
396	3960	0				
397	3970	0				
398	3980	0				
399	3990	0				
400	4000	0				
401	4010	0				
402	4020	0				
403	4030	0				
404	4040	0				
405	4050	0				
406	4060	0				
407	4070	0				
408	4080	0				
409	4090	0				
410	4100	0				
411	4110	0				
412	4120	0				
413	4130	0				
414	4140	0				
415	4150	0				
416	4160	0				
417	4170	0				
418	4180	0				
419	4190	0				
420	4200	0				
421	4210	0				
422	4220	0				
423	4230	0				
424	4240	0				
425	4250	0				
426	4260	0				
427	4270	0				
428	4280	0				
429	4290	0				
430	4300	0				
431	4310	0				
432	4320	0				
433	4330	0				
434	4340	0				
435	4350	0				
436	4360	0				
437	4370	0				
438	4380	0				
439	4390	0				
440	4400	0				
441	4410	0				
442	4420	0				
443	4430	0				
444	4440	0				
445	4450	0				
446	4460	0				
447	4470	0				
448	4480	0				
449	4490	0				
450	4500	0				
451	4510	0				
452	4520	0				
453	4530	0				
454	4540	0				
455	4550	0				
456	4560	0				
457	4570	0				
458	4580	0				
459	4590	0				
460	4600	0				
461	4610	0				
462	4620	0				
463	4630	0				
464	4640	0				
465	4650	0				
466	4660	0				
467	4670	0				
468	4680	0				
469	4690	0				
470	4700	0				
471	4710	0				
472	4720	0				
473	4730	0				
474	4740	0				
475	4750	0				
476	4760	0				
477	4770	0				
478	4780	0				
479	4790	0				
480	4800	0				
481	4810	0				
482	4820	0				
483	4830	0				
484	4840	0				
485	4850	0				
486	4860	0				
487	4870	0				
488	4880	0				
489	4890	0				
490	4900	0				
491	4910	0				
492	4920	0				
493	4930	0				
494	4940	0				
495	4950	0				
496	4960	0				
497	4970	0				
498	4980	0				
499	4990	0				
500	5000	0				
501	5010	0				
502	5020	0				
503	5030	0				
504	5040	0				
505	5050	0				
506	5060	0				
507	5070	0				
508	5080	0				
509	5090	0				
510	5100	0				
511	5110	0				
512	5120	0				
513	5130	0				
514	5140	0				
515	5150	0				
516	5160	0				
517	5170	0				
518	5180	0				
519	5190	0				
520	5200	0				
521	5210	0				
522	5220	0				
523	5230	0				
524	5240	0				
525	5250	0				
526	5260	0				
527	5270	0				
528	5280	0				
529	5290	0				
530	5300	0				
531	5310	0				
532	5320	0				
533	5330	0				
534	5340	0				
535	5350	0				
536	5360	0				
537	5370	0				
538	5380	0				
539	5390	0				
540	5400	0				
541	5410	0				
542	5420	0				
543	5430	0				
544	5440	0				
545	5450	0				
546	5460	0				
547	5470	0				
548	5480	0				
549	5490	0				
550	5500	0				
551	5510	0				
552	5520	0				
553	5530	0				
554	5540	0				
555	5550	0				
556	5560	0				
557	5570	0				
558	5580	0				
559	5590	0				
560	5600	0				
561	5610	0				
562	5620	0				
563	5630	0				
564	5640	0				
565	5650	0				
566	5660	0				
567	5670	0				
568	5680	0				
569	5690	0				
570	5700	0				
571	5710	0				
572	5720	0				
573	5730	0				
574	5740	0				
575	5750	0				
576	5760	0				
577	5770	0				
578	5780	0				
579	5790	0				
580	5800	0				
581	5810	0				
582	5820	0				
583	5830	0				
584	5840	0				
585	5850	0				
586	5860	0				
587	5870	0				
588	5880	0				
589	5890	0				
590	5900	0				
591	5910	0				
592	5920	0				
593	5930	0				
594	5940	0				
595	5950	0				
596	5960	0				
597	5970	0				
598	5980	0				
599	5990	0				
600	6000	0				
601	6010	0				
602	6020	0				
603	6030	0				
604	6040	0				
605	6050	0				
606	6060	0				
607	6070	0				
608	6080	0				
609	6090	0				
610	6100	0				
611	6110	0				
612	6120	0				
613	6130	0				
614	6140	0				
615	6150	0				
616	6160	0				
617	6170	0				
618	6180	0				
619	6190	0				
620	6200	0				
621	6210	0				
622	6220	0				
623	6230	0				
624	6240	0				
625	6250	0				
626	6260	0				
627	6270	0				
628	6280	0				
629	6290	0				
630	6300	0				
631	6310	0				
632	6320	0				
633	6330	0				
634	6340	0				
635	6350	0				
636	6360	0				
637	6370	0				
638	6380	0				
639	6390	0				
640	6400	0				
641	6410	0				
642	6420	0				
643	6430	0				
644	6440	0				
645	6450	0				
646	6460	0				
647	6470	0				
648	6480	0				
649	6490	0				
650	6500	0				
651	6510	0				
652	6520	0				
653	6530	0				
654	6540	0				
655	6550	0				
656	6560	0				
657	6570	0				
658	6580	0				
659	6590	0				
660	6600	0				
661	6610	0				
662	6620	0				
663	6630	0				
664	6640	0				
665	6650	0				
666	6660	0				
667	6670	0				
668	6680	0				
669	6690	0				
670	6700	0				
671	6710	0				
672	6720	0				
673	6730	0				
674	6740	0				
675	6750	0				
676	6760	0				
677	6770	0				
678	6780	0				
679	6790	0				
680	6800	0				
681	6810	0				
682	6820	0				
683	6830	0				
684	6840	0				
685	6850	0				
686	6860	0				
687	6870	0				
688	6880	0				
689	6890	0				
690	6900	0				
691	6910	0				
692	6920	0				
693	6930	0				
694	6940	0				
695	6950	0				
696	6960	0				
697	6970	0				
698	6980	0				
699	6990	0				
700	7000	0				
701	7010	0				
702	7020	0				
703	7030	0				
704	7040	0				
705	7050	0				
706	7060	0				
707	7070	0				
708	7080	0				
709	7090	0				
710	7100	0				
711	7110	0				
712	7120	0				
713	7130	0				
714	7140	0				
715	7150	0				
716	7160	0				
717	7170	0				
718	7180	0				
719	7190	0				
720	7200	0				
721	7210	0				
722	7220	0				
723	7230	0				
724	7240	0				
725	7250	0				
726	7260	0				
727	7270	0				
728	7280	0				
729	7290	0				
730	7300	0				
731	7310	0				
732	7320	0				
733	7330	0				
734	7340	0				
735	7350	0				
736	7360	0				
737	7370	0				
738	7380	0				
739	7390	0				
740	7400	0				
741	7410	0				
742	7420	0				
743	7430	0				
744	7440	0				
745	7450	0				
746	7460	0				
747	7470	0				
748	7480	0				
749	7490	0				
750	7500	0				
751	7510	0				
752	7520	0				
753	7530	0				
754	7540	0				
755	7550	0				
756	7560	0				
757	7570	0				
758	7580	0				
759	7590	0				
760	7600	0				
761	7610	0				
762	7620	0				
763	7630	0				
764	7640	0				
765	7650	0				
766	7660	0				
767	7670	0				
768	7680	0				
769	7690	0				
770	7700	0				
771	7710	0				
772	7720	0				
773	7730	0				
774	7740	0				
775	7750	0				
776	7760	0				
777	7770	0				
778	7780	0				
779	7790	0				
780	7800	0				
781	7810	0				
782	7820	0				
783	7830	0				
784	7840	0				
785	7850	0				
786	7860	0				
787	7870	0				
788	7880	0				
789	7890	0				
790	7900	0				
791	7910	0				
792	7920	0				
793	7930	0				
794	7940	0				
795	7950	0				
796	7960	0				
797	7970	0				
798	7980	0				
799	7990	0				
800	8000	0				
801	8010	0				
802	8020	0				
803	8030	0				
804	8040	0				
805	8050	0				
806	8060	0				
807	8070	0				
808	8080	0				
809	8090	0				
810	8100	0				
811	8110	0				
812	8120	0				
813	8130	0				
814	8140	0				
815	8150	0				
816	8160	0				
817	8170	0				
818	8180	0				
819	8190	0				
820	8200	0				
821	8210	0				
822	8220	0				
823	8230	0				
824	8240	0				
825	8250	0				
826	8260	0				
827	8270	0				
828	8280	0				
829	8290	0				
830	8300	0				
831	8310	0				
832	8320	0				
833	8330	0				
834	8340	0				
835	8350	0				
836	8360	0	0			
837	8370	0	0			
838	8380	0	0.125			
839	8390	0	0			
840	8400	0	0			
841	8410	0	0.175			
842	8420	0	0			
843	8430	0	0			
844	8440	0	0			
845	8450	0	0			
846	8460	0	0			
847	8470	0	0			
848	8480	0	0			
849	8490	0	0			
850	8500	0	0	0.0410197183098592		
851	8510	0	0	0.0654274647887324		
852	8520	0	0	0.107429577464789		
853	8530	0	0	0.177971830985915		
854	8540	0	0	0.217242253521127		
855	8550	0	0	0.18488661971831		
856	8560	0	0	0.14997676056338	0.00184043425742442	0.148136326305956
857	8570	0	0	0.119129577464789	0.0013986233074324	0.117730954157356
858	8580	0	0	0.118337323943662	0.00240578820581658	0.115931535737846
859	8590	0	0	0.115624647887324	0.00165894501731956	0.113965702870004
860	8600	0	0	0.110129577464789	0.00106427066342064	0.109065306801368
861	8610	0	0	0.109261267605634	0.00135287802508344	0.10790838958055
862	8620	0	0	0.0979035211267606	0	0.0979035211267606
863	8630	0	0	0.137706338028169	0	0.137706338028169
864	8640	0	0	0.16277323943662	0	0.16277323943662
865	8650	0	0.125	0.292785211267606	0.00133565282478745	0.291449558442818
866	8660	0	0	0.421637323943662	0.00992819655838037	0.411709127385282
867	8670	0	0.55	0.315640140845071	0.0162388124888868	0.299401328356184
868	8680	0	0.3	0.425040845070423	0.0565531334969775	0.368487711573445
869	8690	0	0.175	0.310278169014085	0.0791170524013718	0.231161116612713
870	8700	0	0	0.263091549295775	0.087563974688192	0.175527574607583
871	8710	0	0	0.220772535211268	0.07739960633014	0.143372928881128
872	8720	0	0	0.141280985915493	0.0647447975793638	0.0765361883361292
873	8730	0	0.325	0.133624647887324	0.0567537351701431	0.0768709127171809
874	8740	0	0	0.118939436619718	0.0718925192197635	0.047046917399955
875	8750	0	0	0.0995894366197184	0.0669192946401352	0.0326701419795833
876	8760	0	0	0.0888338028169014	0.0594955238259724	0.0293382789909291
877	8770	0	0	0.0833894366197184	0.0499207157904106	0.0334687208293078
878	8780	0	0	0.0829014084507042	0.0410974686225357	0.0418039398281685
879	8790	0	0	0.08235	0.0352720662297599	0.0470779337702401
880	8800	0	0	0.0810950704225352	0.0303284628003689	0.0507666076221663
881	8810	0	0	0.0801760563380282	0.0240712362613972	0.056104820076631
882	8820	0	0	0.0772288732394366	0.017567345966514	0.0596615272729226
883	8830	0	0	0.0745035211267605	0.0137132082288264	0.0607903128979341
884	8840	0	0	0.0730711267605634	0.0134579758184114	0.059613150942152
885	8850	0	0	0.0718035211267606	0.0153799437226279	0.0564235774041327
886	8860	0.853538827038594	0	0.0709225352112676	0.0125075860685178	0.0584149491427498
887	8870	0.913689896482804	0.5	0.0721838028169014	0.0161219344976691	0.0560618683192323
888	8880	0.984120178051704	0	0.0684633802816901	0.044313584354225	0.0241497959274652
889	8890	0.99953505621486	0	0.0643119718309859	0.0439862939348616	0.0203256778961243
890	8900	0.999854169855933	0	0.065680985915493	0.0413272657097801	0.0243537202057129
891	8910	0.999081739271984	0	0.0593619718309859	0.0343886196626651	0.0249733521683208
892	8920	0.980407177087393	0	0.0596852112676056	0.0270822433653782	0.0326029679022274
893	8930	0.971748716652387	0	0.0656746478873239	0.0235604550817591	0.0421141928055648
894	8940	0.942569706748835	0	0.0595711267605634	0.0192597885411038	0.0403113382194596
895	8950	0.943766647946147	0	0.0542598591549296	0.0164285069167917	0.0378313522381379
896	8960	0.964993923924055	0	0.0471866197183099	0.0139106045342697	0.0332760151840401
897	8970	0.960264113740937	0	0.0476366197183099	0.0119369247566126	0.0356996949616973
898	8980	0.960407427742045	0	0.0435612676056338	0.00988289544487179	0.033678372160762
899	8990	0.986979007720073	0	0.0402084507042254	0.00937495705606224	0.0308334936481631
900	9000	0.997297645556386	0	0.0397014084507042	0.00750674293653564	0.0321946655141686
901	9010	0.999859131819392	0	0.0342316901408451	0.00468309511110225	0.0295485950297428
902	9020	0.984913608935759	0	0.0339654929577465	0.00187278151647885	0.0320927114412677
903	9030	0.999362645967605	0	0.0293894366197183	0.00182408564690758	0.0275653509728107
904	9040	0.998590200977596	0	0.0287049295774648	0.0041127050266526	0.0245922245508122
905	9050	0.999115725850609	0	0.0273359154929578	0.00473984290662731	0.0225960725863304
906	9060	0		0.0246992957746479		
907	9070	0	0	0.0236598591549296		
908	9080	0	0	0.0189507042253521		
909	9090	0	0	0.0231147887323944		
910	9100	0	0	0.0187859154929577		
911	9110	0	0	0.020719014084507		
912	9120	0	0	0.0253584507042254		
913	9130	0	0	0.01935		
914	9140	0	0	0.0232035211267606		
915	9150	0	0.05	0.0181394366197183		
916	9160	0		0.027887323943662		
917	9170	0		0.0386302816901409		
918	9180	0		0.0411021126760564		
919	9190	0		0.0414443661971831		
920	9200	0		0.0409183098591549		
921	9210	0		0.072893661971831		
922	9220	0		0.0731345070422535		
923	9230	0		0.0678169014084507		
924	9240	0		0.0621633802816902		
925	9250	0		0.0572260563380282		
926	9260	0		0.0498549295774648		
927	9270	0		0.0442901408450704		
928	9280	0		0.0394859154929577		
929	9290	0		0.0351570422535211		
930	9300	0		0.0313161971830986		
931	9310	0		0.0307014084507042		
932	9320	0		0.0263408450704226		
933	9330	0		0.0262077464788732		
934	9340	0		0.0242239436619718		
935	9350	0		0.023387323943662		
936	9360	0		0.0289267605633803		
937	9370	0		0.0287746478873239		
938	9380	0		0.0296429577464789		
939	9390	0		0.0277859154929577		
940	9400	0		0.0279570422535211		
941	9410	0		0.0261950704225352		
942	9420	0		0.023843661971831		
943	9430	0		0.023869014084507		
944	9440	0		0.0227471830985916		
945	9450	0		0.023412676056338		
946	9460	0		0.0266133802816901		
947	9470	0		0.0362471830985916		
948	9480	0		0.0440683098591549		
949	9490	0		0.0410007042253521		
950	9500	0		0.0378253521126761		
951	9510	0		0.0338070422535211		
952	9520	0		0.0308091549295775		
953	9530	0		0.0290028169014085		
954	9540	0		0.0256816901408451		
955	9550	0		0.0250415492957747		
956	9560	0		0.0223922535211268		
957	9570	0		0.0216443661971831		
958	9580	0		0.0208330985915493		
959	9590	0		0.0188302816901409		
960	9600	0		0.0197366197183099		
961	9610	0		0.0170366197183099		
962	9620	0		0.0169795774647887		
963	9630	0		0.0170683098591549		
964	9640	0		0.0159084507042254		
965	9650	0		0.0168211267605634		
966	9660	0		0.0155345070422535		
967	9670	0		0.0159781690140845		
968	9680	0		0.0163964788732394		
969	9690	0		0.0233112676056338		
970	9700	0		0.0484225352112676		
971	9710	0		0.060737323943662		
972	9720	0		0.0560471830985916		
973	9730	0		0.0578535211267606		
974	9740	0		0.0888401408450704		
975	9750	0		0.0966929577464789		
976	9760	0		0.0825654929577465		
977	9770	0		0.0741169014084507		
978	9780	0		0.214903521126761		
979	9790	0		0.553785211267606		
980	9800	0		0.424153521126761		
981	9810	0		0.502504225352113		
982	9820	0		0.40725		
983	9830	0		0.280635211267606		
984	9840	0		0.19864014084507		
985	9850	0		0.128966197183099		
986	9860	0		0.0957676056338028		
987	9870	0		0.0797070422535211		
988	9880	0		0.059843661971831		
989	9890	0		0.0517246478873239		
990	9900	0		0.0426042253521127		
991	9910	0		0.0370647887323944		
992	9920	0		0.0318992957746479		
993	9930	0		0.0278683098591549		
994	9940	0		0.025212676056338		
995	9950	0		0.0370204225352113		
996	9960	0		0.0709985915492958		
997	9970	0		0.0699654929577465		
998	9980	0		0.101611267605634		
999	9990	0		0.100666901408451		
1000	10000	0		0.0834908450704225		
1001	10010	0		0.0785598591549296		
1002	10020	0		0.0715183098591549		
1003	10030	0		0.0692049295774648		
1004	10040	0		0.0647176056338028		
1005	10050	0		0.064330985915493		
1006	10060	0		0.0700288732394366		
1007	10070	0		0.0648950704225352		
1008	10080	0		0.0606802816901409		
1009	10090	0		0.0542598591549296		
1010	10100	0		0.049969014084507		
1011	10110	0		0.0460964788732394		
1012	10120	0		0.039587323943662		
1013	10130	0		0.036462676056338		
1014	10140	0		0.0307204225352113		
1015	10150	0		0.0278366197183099		
1016	10160	0		0.0241098591549296		
1017	10170	0		0.0205542253521127		
1018	10180	0		0.0188176056338028		
1019	10190	0		0.0155535211267606		
1020	10200	0		0.0149514084507042		
1021	10210	0		0.0169352112676056		
1022	10220	0		0.0191408450704225		
1023	10230	0		0.025206338028169		
1024	10240	0		0.0394922535211268		
1025	10250	0		0.0457225352112676		
1026	10260	0		0.0441316901408451		
1027	10270	0		0.0421922535211268		
1028	10280	0		0.0405253521126761		
1029	10290	0		0.0475352112676056		
1030	10300	0		0.107397887323944		
1031	10310	0		0.297342253521127		
1032	10320	0		0.301214788732395		
1033	10330	0		0.244229577464789		
1034	10340	0		0.209427464788732		
1035	10350	0		0.158564788732394		
1036	10360	0		0.113051408450704		
1037	10370	0		0.217907746478873		
1038	10380	0		0.32618661971831		
1039	10390	0		0.258730985915493		
1040	10400	0		0.184810563380282		
1041	10410	0		0.123737323943662		
1042	10420	0		0.0966169014084507		
1043	10430	0		0.0793140845070422		
1044	10440	0		0.0690718309859155		
1045	10450	0		0.0583288732394366		
1046	10460	0		0.0513126760563381		
1047	10470	0		0.0470725352112676		
1048	10480	0		0.0398598591549296		
1049	10490	0		0.0370457746478873		
1050	10500	0		0.0312464788732394		
1051	10510	0		0.0288380281690141		
1052	10520	0		0.0257514084507042		
1053	10530	0		0.0226521126760563		
1054	10540	0		0.022069014084507		
1055	10550	0		0.0210232394366197		
1056	10560	0		0.0218978873239437		
1057	10570	0		0.0201612676056338		
1058	10580	0		0.0191725352112676		
1059	10590	0		0.0191661971830986		
1060	10600	0		0.0169161971830986		
1061	10610	0		0.0177464788732394		
1062	10620	0		0.0339274647887324		
1063	10630	0		0.0886056338028168		
1064	10640	0		0.104304929577465		
1065	10650	0		0.0931880281690141		
1066	10660	0		0.0819823943661972		
1067	10670	0		0.0689894366197183		
1068	10680	0		0.062087323943662		
1069	10690	0		0.0536830985915493		
1070	10700	0		0.0479218309859155		
1071	10710	0		0.0441443661971831		
1072	10720	0		0.038706338028169		
1073	10730	0		0.0368049295774648		
1074	10740	0		0.0332302816901409		
1075	10750	0		0.0322035211267606		
1076	10760	0		0.0301056338028169		
1077	10770	0		0.0279697183098592		
1078	10780	0		0.0275387323943662		
1079	10790	0		0.0249971830985915		
1080	10800	0		0.024737323943662		
1081	10810	0		0.0223415492957747		
1082	10820	0		0.0213781690140845		
1083	10830	0		0.0207823943661972		
1084	10840	0		0.0189697183098592		
1085	10850	0		0.0195464788732394		
1086	10860	0		0.0195274647887324		
1087	10870	0		0.0196098591549296		
1088	10880	0		0.0200408450704225		
1089	10890	0		0.0196542253521127		
1090	10900	0		0.0201169014084507		
1091	10910	0		0.0194767605633803		
1092	10920	0		0.0203640845070422		
1093	10930	0		0.0199014084507042		
1094	10940	0		0.0199014084507042		
1095	10950	0		0.0190647887323944		
1096	10960	0		0.0177401408450704		
1097	10970	0		0.017106338028169		
1098	10980	0		0.0147485915492958		
1099	10990	0		0.0142415492957747		
1100	11000	0		0.014412676056338		
1101	11010	0		0.0151415492957747		
1102	11020	0		0.0158830985915493		
1103	11030	0		0.0142352112676057		
1104	11040	0		0.0140007042253521		
1105	11050	0		0.0136077464788732		
1106	11060	0		0.0125366197183098		
1107	11070	0		0.0122260563380282		
1108	11080	0		0.0150528169014085		
1109	11090	0		0.0156485915492958		
1110	11100	0				
1111	11110	0				
1112	11120	0				
1113	11130	0				
1114	11140	0				
1115	11150	0				
1116	11160	0				
1117	11170	0				
1118	11180	0				
1119	11190	0				
1120	11200	0				
1121	11210	0				
1122	11220	0				
1123	11230	0				
1124	11240	0				
1125	11250	0				
1126	11260	0				
1127	11270	0				
1128	11280	0				
1129	11290	0				
1130	11300	0				
1131	11310	0				
1132	11320	0				
1133	11330	0				
1134	11340	0				
1135	11350	0				
1136	11360	0				
1137	11370	0				
1138	11380	0				
1139	11390	0				
1140	11400	0				
1141	11410	0				
1142	11420	0				
1143	11430	0				
1144	11440	0				
1145	11450	0				
1146	11460	0				
1147	11470	0				
1148	11480	0				
1149	11490	0				
1150	11500	0				
1151	11510	0				
1152	11520	0				
1153	11530	0				
1154	11540	0				
1155	11550	0				
1156	11560	0				
1157	11570	0				
1158	11580	0				
1159	11590	0				
1160	11600	0				
1161	11610	0				
1162	11620	0				
1163	11630	0				
1164	11640	0				
1165	11650	0				
1166	11660	0				
1167	11670	0				
1168	11680	0				
1169	11690	0				
1170	11700	0				
1171	11710	0				
1172	11720	0				
1173	11730	0				
1174	11740	0				
1175	11750	0				
1176	11760	0				
1177	11770	0				
1178	11780	0				
1179	11790	0				
1180	11800	0				
1181	11810	0				
1182	11820	0				
1183	11830	0				
1184	11840	0				
1185	11850	0				
1186	11860	0				
1187	11870	0				
1188	11880	0				
1189	11890	0				
1190	11900	0				
1191	11910	0				
1192	11920	0				
1193	11930	0				
1194	11940	0				
1195	11950	0				
1196	11960	0				
1197	11970	0				
1198	11980	0				
1199	11990	0				
1200	12000	0				
1201	12010	0				
1202	12020	0				
1203	12030	0				
1204	12040	0				
1205	12050	0				
1206	12060	0				
1207	12070	0				
1208	12080	0				
1209	12090	0				
1210	12100	0				
1211	12110	0				
1212	12120	0				
1213	12130	0				
1214	12140	0				
1215	12150	0				
1216	12160	0				
1217	12170	0				
1218	12180	0				
1219	12190	0				
1220	12200	0				
1221	12210	0				
1222	12220	0				
1223	12230	0				
1224	12240	0				
1225	12250	0				
1226	12260	0				
1227	12270	0				
1228	12280	0				
1229	12290	0				
1230	12300	0				
1231	12310	0				
1232	12320	0				
1233	12330	0				
1234	12340	0				
1235	12350	0				
1236	12360	0				
1237	12370	0				
1238	12380	0				
1239	12390	0				
1240	12400	0				
1241	12410	0				
1242	12420	0				
1243	12430	0				
1244	12440	0				
1245	12450	0				
1246	12460	0				
1247	12470	0				
1248	12480	0				
1249	12490	0				
1250	12500	0				
1251	12510	0				
1252	12520	0				
1253	12530	0				
1254	12540	0				
1255	12550	0				
1256	12560	0				
1257	12570	0				
1258	12580	0				
1259	12590	0				
1260	12600	0				
1261	12610	0				
1262	12620	0				
1263	12630	0				
1264	12640	0				
1265	12650	0				
1266	12660	0				
1267	12670	0				
1268	12680	0				
1269	12690	0				
1270	12700	0				
1271	12710	0				
1272	12720	0				
1273	12730	0				
1274	12740	0				
1275	12750	0				
1276	12760	0				
1277	12770	0				
1278	12780	0				
1279	12790	0				
1280	12800	0				
1281	12810	0				
1282	12820	0				
1283	12830	0				
1284	12840	0				
1285	12850	0				
1286	12860	0				
1287	12870	0				
1288	12880	0				
1289	12890	0				
1290	12900	0				
1291	12910	0				
1292	12920	0				
1293	12930	0				
1294	12940	0				
1295	12950	0				
1296	12960	0				
1297	12970	0				
1298	12980	0				
1299	12990	0				
1300	13000	0				
1301	13010	0				
1302	13020	0				
1303	13030	0				
1304	13040	0				
1305	13050	0				
1306	13060	0				
1307	13070	0				
1308	13080	0				
1309	13090	0				
1310	13100	0				
1311	13110	0				
1312	13120	0				
1313	13130	0				
1314	13140	0				
1315	13150	0				
1316	13160	0				
1317	13170	0				
1318	13180	0				
1319	13190	0				
1320	13200	0				
1321	13210	0				
1322	13220	0				
1323	13230	0				
1324	13240	0				
1325	13250	0				
1326	13260	0				
1327	13270	0				
1328	13280	0				
1329	13290	0				
1330	13300	0				
1331	13310	0				
1332	13320	0				
1333	13330	0				
1334	13340	0				
1335	13350	0				
1336	13360	0				
1337	13370	0				
1338	13380	0				
1339	13390	0				
1340	13400	0				
1341	13410	0				
1342	13420	0				
1343	13430	0				
1344	13440	0				
1345	13450	0				
1346	13460	0				
1347	13470	0				
1348	13480	0				
1349	13490	0				
1350	13500	0				
1351	13510	0				
1352	13520	0				
1353	13530	0				
1354	13540	0				
1355	13550	0				
1356	13560	0				
1357	13570	0				
1358	13580	0				
1359	13590	0				
1360	13600	0				
1361	13610	0				
1362	13620	0				
1363	13630	0				
1364	13640	0				
1365	13650	0				
1366	13660	0				
1367	13670	0				
1368	13680	0				
1369	13690	0				
1370	13700	0				
1371	13710	0				
1372	13720	0				
1373	13730	0				
1374	13740	0				
1375	13750	0				
1376	13760	0				
1377	13770	0				
1378	13780	0				
1379	13790	0				
1380	13800	0				
1381	13810	0				
1382	13820	0				
1383	13830	0				
1384	13840	0				
1385	13850	0				
1386	13860	0				
1387	13870	0				
1388	13880	0				
1389	13890	0				
1390	13900	0				
1391	13910	0				
1392	13920	0				
1393	13930	0				
1394	13940	0				
1395	13950	0				
1396	13960	0				
1397	13970	0				
1398	13980	0				
1399	13990	0				
1400	14000	0				
1401	14010	0				
1402	14020	0				
1403	14030	0				
1404	14040	0				
1405	14050	0				
1406	14060	0				
1407	14070	0				
1408	14080	0				
1409	14090	0				
1410	14100	0				
1411	14110	0				
1412	14120	0				
1413	14130	0				
1414	14140	0				
1415	14150	0				
1416	14160	0				
1417	14170	0				
1418	14180	0				
1419	14190	0				
1420	14200	0				
1421	14210	0				
1422	14220	0				
1423	14230	0				
1424	14240	0				
1425	14250	0				
1426	14260	0				
1427	14270	0				
1428	14280	0				
1429	14290	0				
1430	14300	0				
1431	14310	0				
1432	14320	0				
1433	14330	0				
1434	14340	0				
1435	14350	0				
1436	14360	0				
1437	14370	0				
1438	14380	0				
1439	14390	0				
1440	14400	0				
1441	14410	0				
1442	14420	0				
1443	14430	0				
1444	14440	0				
1445	14450	0				
1446	14460	0				
1447	14470	0				
1448	14480	0				
1449	14490	0				
1450	14500	0				
1451	14510	0				
1452	14520	0				
1453	14530	0				
1454	14540	0				
1455	14550	0				
1456	14560	0				
1457	14570	0				
1458	14580	0				
1459	14590	0				
1460	14600	0				
1461	14610	0				
1462	14620	0				
1463	14630	0				
1464	14640	0				
1465	14650	0				
1466	14660	0				
1467	14670	0				
1468	14680	0				
1469	14690	0				
1470	14700	0				
1471	14710	0				
1472	14720	0				
1473	14730	0				
1474	14740	0				
1475	14750	0				
1476	14760	0				
1477	14770	0				
1478	14780	0				
1479	14790	0				
1480	14800	0				
1481	14810	0				
1482	14820	0				
1483	14830	0				
1484	14840	0				
1485	14850	0				
1486	14860	0				
1487	14870	0				
1488	14880	0				
1489	14890	0				
1490	14900	0				
1491	14910	0				
1492	14920	0				
1493	14930	0				
1494	14940	0				
1495	14950	0				
1496	14960	0				
1497	14970	0				
1498	14980	0				
1499	14990	0				
1500	15000	0				
1501	15010	0				
1502	15020	0				
1503	15030	0				
1504	15040	0				
1505	15050	0				
1506	15060	0				
1507	15070	0				
1508	15080	0				
1509	15090	0				
1510	15100	0				
1511	15110	0				
1512	15120	0				
1513	15130	0				
1514	15140	0				
1515	15150	0				
1516	15160	0				
1517	15170	0				
1518	15180	0				
1519	15190	0				
1520	15200	0				
1521	15210	0				
1522	15220	0				
1523	15230	0				
1524	15240	0				
1525	15250	0				
1526	15260	0				
1527	15270	0				
1528	15280	0				
1529	15290	0				
1530	15300	0				
1531	15310	0				
1532	15320	0				
1533	15330	0				
1534	15340	0				
1535	15350	0				
1536	15360	0				
1537	15370	0				
1538	15380	0				
1539	15390	0				
1540	15400	0				
1541	15410	0				
1542	15420	0				
1543	15430	0				
1544	15440	0				
1545	15450	0				
1546	15460	0				
1547	15470	0				
1548	15480	0				
1549	15490	0				
1550	15500	0				
1551	15510	0				
1552	15520	0				
1553	15530	0				
1554	15540	0				
1555	15550	0				
1556	15560	0				
1557	15570	0				
1558	15580	0				
1559	15590	0				
1560	15600	0				
1561	15610	0				
1562	15620	0				
1563	15630	0				
1564	15640	0				
1565	15650	0				
1566	15660	0				
1567	15670	0				
1568	15680	0				
1569	15690	0				
1570	15700	0				
1571	15710	0				
1572	15720	0				
1573	15730	0				
1574	15740	0				
1575	15750	0				
1576	15760	0				
1577	15770	0				
1578	15780	0				
1579	15790	0				
1580	15800	0				
1581	15810	0				
1582	15820	0				
1583	15830	0				
1584	15840	0				
1585	15850	0				
1586	15860	0				
1587	15870	0				
1588	15880	0				
1589	15890	0				
1590	15900	0				
1591	15910	0				
1592	15920	0				
1593	15930	0				
1594	15940	0				
1595	15950	0				
1596	15960	0				
1597	15970	0				
1598	15980	0				
1599	15990	0				
1600	16000	0				
1601	16010	0				
1602	16020	0				
1603	16030	0				
1604	16040	0				
1605	16050	0				
1606	16060	0				
1607	16070	0				
1608	16080	0				
1609	16090	0				
1610	16100	0				
1611	16110	0				
1612	16120	0				
1613	16130	0				
1614	16140	0				
1615	16150	0				
1616	16160	0				
1617	16170	0				
1618	16180	0				
1619	16190	0				
1620	16200	0				
1621	16210	0				
1622	16220	0				
1623	16230	0				
1624	16240	0				
1625	16250	0				
1626	16260	0				
1627	16270	0				
1628	16280	0				
1629	16290	0				
1630	16300	0				
1631	16310	0				
1632	16320	0				
1633	16330	0				
1634	16340	0				
1635	16350	0				
1636	16360	0				
1637	16370	0				
1638	16380	0				
1639	16390	0				
1640	16400	0				
1641	16410	0				
1642	16420	0				
1643	16430	0				
1644	16440	0				
1645	16450	0				
1646	16460	0				
1647	16470	0				
1648	16480	0				
1649	16490	0				
1650	16500	0				
1651	16510	0				
1652	16520	0				
1653	16530	0				
1654	16540	0				
1655	16550	0				
1656	16560	0				
1657	16570	0				
1658	16580	0				
1659	16590	0				
1660	16600	0				
1661	16610	0				
1662	16620	0				
1663	16630	0				
1664	16640	0				
1665	16650	0				
1666	16660	0				
1667	16670	0				
1668	16680	0				
1669	16690	0				
1670	16700	0				
1671	16710	0				
1672	16720	0				
1673	16730	0				
1674	16740	0				
1675	16750	0				
1676	16760	0				
1677	16770	0				
1678	16780	0				
1679	16790	0				
1680	16800	0				
1681	16810	0				
1682	16820	0				
1683	16830	0				
1684	16840	0				
1685	16850	0				
1686	16860	0				
1687	16870	0				
1688	16880	0				
1689	16890	0				
1690	16900	0				
1691	16910	0				
1692	16920	0				
1693	16930	0				
1694	16940	0				
1695	16950	0				
1696	16960	0				
1697	16970	0				
1698	16980	0				
1699	16990	0				
1700	17000	0				
1701	17010	0				
1702	17020	0				
1703	17030	0				
1704	17040	0				
1705	17050	0	0			
1706	17060	0	0			
1707	17070	0	0			
1708	17080	0	0			
1709	17090	0	0			
1710	17100	0	0			
1711	17110	0	0			
1712	17120	0	0			
1713	17130	0	0			
1714	17140	0	0			
1715	17150	0	0			
1716	17160	0	0			
1717	17170	0	0			
1718	17180	0	0	0.22487323943662		
1719	17190	0	0	0.183739436619718		
1720	17200	0	0	0.22487323943662		
1721	17210	0	0	0.190204225352113		
1722	17220	0	0	0.162507042253521		
1723	17230	0	0	0.115478873239437		
1724	17240	0	0	0.110345070422535		
1725	17250	0	0	0.0793521126760563	0	0.0793521126760563
1726	17260	0	0	0.0486760563380282	0	0.0486760563380282
1727	17270	0	0	0.0478521126760563	0	0.0478521126760563
1728	17280	0	0	0.0424647887323944	0	0.0424647887323944
1729	17290	0	0	0.109330985915493	0	0.109330985915493
1730	17300	0	0	0.152176056338028	0	0.152176056338028
1731	17310	0	0	0.182091549295775	0	0.182091549295775
1732	17320	0	0	0.163457746478873	0	0.163457746478873
1733	17330	0	0	0.13030985915493	0	0.13030985915493
1734	17340	0	0	0.139056338028169	0	0.139056338028169
1735	17350	0	0	0.124478873239437	0	0.124478873239437
1736	17360	0	0	0.116366197183099	0	0.116366197183099
1737	17370	0	0	0.133035211267606	0	0.133035211267606
1738	17380	0	0	0.164725352112676	0	0.164725352112676
1739	17390	0	0	0.170049295774648	0	0.170049295774648
1740	17400	0	0	0.156422535211268	0	0.156422535211268
1741	17410	0	0	0.135570422535211	0	0.135570422535211
1742	17420	0	0	0.128154929577465	0	0.128154929577465
1743	17430	0	0	0.124415492957746	0	0.124415492957746
1744	17440	0	0	0.124225352112676	0	0.124225352112676
1745	17450	0	0	0.118964788732394	0	0.118964788732394
1746	17460	0	0	0.10330985915493	0	0.10330985915493
1747	17470	0	0	0.0998239436619719	0	0.0998239436619719
1748	17480	0	0	0.092218309859155	0	0.092218309859155
1749	17490	0	0	0.0875281690140845	0	0.0875281690140845
1750	17500	0	0	0.0867676056338028	0	0.0867676056338028
1751	17510	0	0.375	0.111232394366197	0.00400695847436234	0.107225435891835
1752	17520	0	0	0.0927253521126761	0.0297845896751411	0.062940762437535
1753	17530	0	0	0.0753591549295775	0.0310858201794662	0.0442733347501112
1754	17540	0	0	0.0759929577464789	0.0289905055818419	0.0470024521646369
1755	17550	0	0	0.067943661971831	0.023480791330018	0.044462870641813
1756	17560	0	0	0.063443661971831	0.0188293055285549	0.044614356443276
1757	17570	0	0	0.0581197183098592	0.0157859754906674	0.0423337428191918
1758	17580	0	0	0.0530492957746479	0.0144448414058279	0.03860445436882
1759	17590	0	0	0.046330985915493	0.0123213801875938	0.0340096057278992
1760	17600	0	0.05	0.0397394366197183	0.0109672145306173	0.028772222089101
1761	17610	0	0	0.0378380281690141	0.0129239721908116	0.0249140559782025
1762	17620	0	0	0.0345422535211268	0.0115569476075827	0.0229853059135441
1763	17630	0.999809287727239	0	0.0340352112676056	0.0108966185362923	0.0231385927313134
1764	17640	0	0.05	0.0317535211267605	0.00929509050965244	0.0224584306171081
1765	17650	0.986294200906028	0	0.0287112676056338	0.00999417402715282	0.018717093578481
1766	17660	0.999868443705132	0	0.0292183098591549	0.00765415889337695	0.021564150965778
1767	17670	0.995232782644998	0	0.0269366197183099	0.00715944383353666	0.0197771758847732
1768	17680	0.999557560415337	0.025	0.0286478873239437	0.00812528220396184	0.0205226051199818
1769	17690	0.999990094138931	0	0.0299154929577465	0.00944215601554752	0.020473336942199
1770	17700	0.999810688844085	0	0.0285211267605634	0.00765145721275888	0.0208696695478045
1771	17710	0.997825067361681	0	0.0304225352112676	0.00774599311018487	0.0226765421010827
1772	17720	0.996029465781249	0	0.0294084507042254	0.00414573248595326	0.0252627182182721
1773	17730	0.99125709711728	0	0.0311197183098592	0.00339702178231753	0.0277226965275416
1774	17740	0.982515805300042	0.025	0.0338450704225352	0.00298153091777346	0.0308635395047617
1775	17750	0.981878921356734	0	0.0346690140845071	0.00412419643486633	0.0305448176496407
1776	17760	0.982516070946093	0	0.0343521126760563	0.00401371762810098	0.0303383950479553
1777	17770	0.988004989722427	0	0.0329577464788732	0.00379017539515511	0.0291675710837181
1778	17780	0.986483194388948	0	0.0329577464788732	0.00310452612827145	0.0298532203506018
1779	17790	0.988019575596293	0	0.0308028169014084	0.00224078729153436	0.0285620296098741
1780	17800	0.991883475062854	0	0.0304225352112676	0.00209009136213363	0.028332443849134
1781	17810	0.993270900908729	0.025	0.0287112676056338	0.00201672764150472	0.0266945399641291
1782	17820	0.999951556184527	0.4	0.0279507042253522	0.00778929274305333	0.0201614114822988
1783	17830	0.85681440616037	0	0.0303591549295775	0.0349358636337249	-0.00457670870414747
1784	17840	0.889029526385668	0.15	0.0294084507042254	0.0377682790520696	-0.00835982834784426
1785	17850	0.762395983190537	0.175	0.0301056338028169	0.0469721218909677	-0.0168664880881508
1786	17860	0.681896495648747	0	0.0304225352112676	0.0533410077055764	-0.0229184724943087
1787	17870	0.775686085215868	0	0.0295985915492958	0.0477672850593538	-0.018168693510058
1788	17880	0.781217733712838	0	0.0304859154929577	0.0411500054654866	-0.0106640899725289
1789	17890	0.878752312391836	0.025	0.0329577464788732	0.0350794506516011	-0.0021217041727279
1790	17900	0.932973405265637	0	0.0340985915492958	0.0310165787970942	0.00308201275220156
1791	17910	0.975374757621622	0	0.0375211267605634	0.0271480782531861	0.0103730485073773
1792	17920	0.989359179787276	0	0.0380915492957746	0.0238828551594117	0.014208694136363
1793	17930	0.99421240351522	0	0.0340985915492958	0.0200156477447294	0.0140829438045664
1794	17940	0.985130740790434	0	0.0318169014084507	0.0177736471301894	0.0140432542782613
1795	17950	0.976269358011257	0	0.0305492957746479	0.0144347397691041	0.0161145560055438
1796	17960	0.974744706852534	0	0.027	0.0110746051142847	0.0159253948857153
1797	17970	0.989777073427593	0	0.0267464788732395	0.00794411269195052	0.0188023661812889
1798	17980	0.969739691208669	0.025	0.0239577464788732	0.00665985312164782	0.0172978933572254
1799	17990	0.980212849143849	0.15	0.0249718309859155	0.00991334284973452	0.0150584881361809
1800	18000	0.920262310009557	0	0.0230704225352113	0.0196269808706091	0.00344344166460216
1801	18010	0.92930032203603	0	0.0227535211267606	0.0193339047296706	0.00341961639708993
1802	18020	0.88883331742087	0	0.0222464788732394	0.0194906177283102	0.00275586114492926
1803	18030	0.937700549481201	0	0.0181267605633803	0.0134529353373366	0.0046738252260437
1804	18040	0.960424047003745	0	0.0199647887323944	0.0109016400524968	0.00906314867989753
1805	18050	0.953027165676844	0	0.0172394366197183	0.00872146193075097	0.00851797468896734
1806	18060	0.971069867845908	0	0.0152112676056338	0.00680499715950336	0.00840627044613045
1807	18070	0.976083856321335	0	0.0146408450704225	0.00586107444708237	0.00877977062334018
1808	18080	0.971904438545992	0	0.0126760563380282	0.0049220662643145	0.0077539900737137
1809	18090	0.972000522416802	0	0.0126760563380282	0.00426849048852499	0.00840756584950321
1810	18100	0.974699856043538	0	0.0116619718309859	0.00343361648626465	0.00822835534472127
1811	18110	0.964680396434326	0	0.0105845070422535	0.00318782426364545	0.00739668277860805
1812	18120	0	0	0.0115352112676056	0.00248617763651581	0.00904903363108984
1813	18130	0.962987554044119	0	0.0101408450704225	0.00149856760915462	0.00864227746126788
1814	18140	0.974075062641679	0	0.0101408450704225	0.000653038737289033	0.00948780633313347
1815	18150	0.965722255064459	0	0.00899999999999998	0.000752860945404904	0.00824713905459508
1816	18160	0.966668394202897	0	0.00868309859154928	0.00147080365332714	0.00721229493822214
1817	18170	0.96572131998141	0	0.0082394366197183	0.00157399153819114	0.00666544508152716
1818	18180	0.961117603655086	0	0.0076056338028169	0.00110550028651533	0.00650013351630158
1819	18190	0.953709024455528	0	0.0076056338028169	0.00115960973578581	0.0064460240670311
1820	18200	0.965705243079716	0	0.00646478873239437	0	0.00646478873239437
1821	18210	0.969309468013355	0	0.00722535211267606	0	0.00722535211267606
1822	18220	0.971043578758366	0	0.0076056338028169	0	0.0076056338028169
1823	18230	0.972174108420491	0	0.00785915492957746	0	0.00785915492957746
1824	18240	0.977260080657265	0	0.00906338028169013	0	0.00906338028169013
1825	18250	0.942694823552816	0.475	0.0058943661971831	0.00507548073419229	0.000818885462990809
1826	18260	0.604942677304087	0	0.00507042253521127	0.0377271469218454	-0.0326567243866341
1827	18270	0.67613845845185	0	0.00507042253521127	0.0393753722273239	-0.0343049496921126
1828	18280	0.643487220912589	0	0.00507042253521127	0.0367213070703331	-0.0316508845351219
1829	18290	0.665785125617932	0	0.00507042253521127	0.0297423356846895	-0.0246719131494782
1830	18300	0.751241030819368	0.225	0.00500704225352113	0.0262546287541203	-0.0212475865005992
1831	18310	0.576705330381184	0.25	0.00507042253521127	0.0405376284095049	-0.0354672058742936
1832	18320	0.481967574191078	0	0.00507042253521127	0.0568046843384891	-0.0517342618032778
1833	18330	0.506937112415751	0.575	0.00564084507042254	0.0598692680337237	-0.0542284229633011
1834	18340	0	0.1	0.00583098591549296	0.0933687792551747	-0.0875377933396818
1835	18350	0	0	0.00957042253521124	0.0938990042444794	-0.0843285817092681
1836	18360	0	0.025	0.0101408450704225	0.084421997491038	-0.0742811524206155
1837	18370	0	0.05	0.0101408450704225	0.074351679676644	-0.0642108346062215
1838	18380	0	0.125	0.0101408450704225	0.0666665937980434	-0.0565257487276209
1839	18390	0	0.15	0.00880985915492956	0.0657577327585126	-0.056947873603583
1840	18400	0	0	0.0076056338028169	0.0681709738975048	-0.0605653400946878
1841	18410	0	0	0.00874647887323943	0.0613772765005652	-0.0526307976273258
1842	18420	0	0	0.00849295774647887	0.055336249883347	-0.0468432921368682
1843	18430	0	0	0.0101408450704225	0.0478144858550629	-0.0376736407846404
1844	18440	0	0.375	0.0101408450704225	0.0420502903550017	-0.0319094452845792
1845	18450	0	0.3	0.0120422535211268	0.0660720511426342	-0.0540297976215074
1846	18460	0	1.65	0.0194577464788732	0.0966820542771363	-0.0772243077982631
1847	18470	0	0.075	0.0406267605633803	0.20545645649794	-0.16482969593456
1848	18480	0	0.025	0.0553943661971831	0.205568902619333	-0.15017453642215
1849	18490	0	0	0.0502605633802817	0.186950124887258	-0.136689561506976
1850	18500	0	0	0.0440492957746479	0.156683057016349	-0.112633761241701
1851	18510	0	0.275	0.0389788732394366	0.132947025655477	-0.0939681524160405
1852	18520	0	0.425	0.044112676056338	0.133196181695008	-0.0890835056386703
1853	18530	0	0.05	0.0588802816901408	0.152660732476938	-0.0937804507867975
1854	18540	0	0.025	0.0596408450704226	0.138622396917557	-0.0789815518471346
1855	18550	0	0.7	0.0565985915492958	0.129793236228735	-0.0731946446794395
1856	18560	0	0.075	0.0600211267605634	0.160933742711101	-0.100912615950537
1857	18570	0	0.225	0.0668028169014085	0.153291029655546	-0.0864882127541371
1858	18580	0	0.675	0.0856267605633803	0.160887248972294	-0.0752604884089142
1859	18590	0	0.2	0.101598591549296	0.184842985434189	-0.0832443938848931
1860	18600	0	0.65	0.122640845070422	0.180157631005352	-0.0575167859349299
1861	18610	0	0.35	0.207	0.203882077473988	0.0031179225260119
1862	18620	0	0.2	0.275260563380282	0.213315117088877	0.0619454462914046
1863	18630	0	0.025	0.287302816901409	0.211701763280061	0.0756010536213475
1864	18640	0	0	0.226267605633803	0.190141304173744	0.036126301460059
1865	18650	0	0	0.165612676056338	0.156356331470564	0.00925634458577451
1866	18660	0	0	0.112943661971831	0.130839827285326	-0.0178961653134946
1867	18670	0	0	0.0952605633802816	0.100879295409135	-0.00561873202885349
1868	18680	0	0	0.0808732394366197	0.0869826235501122	-0.00610938411349252
1869	18690	0	0	0.068830985915493	0.0747365690550788	-0.00590558313958582
1870	18700	0	0	0.0600845070422535	0.0623053270500428	-0.0022208200077893
1871	18710	0	0.475	0.0533661971830986	0.0568811030713078	-0.00351490588820925
1872	18720	0	0	0.0464577464788732	0.0823285755726597	-0.0358708290937865
1873	18730	0	0.1	0.0413239436619718	0.0743287273605432	-0.0330047836985713
1874	18740	0	0.1	0.0507676056338028	0.0715429307424285	-0.0207753251086256
1875	18750	0	0.025	0.0680704225352113	0.0697081465724893	-0.00163772403727803
1876	18760	0	0	0.0628732394366197	0.0577793029096379	0.00509393652698183
1877	18770	0	0	0.0571056338028169	0.051407342413412	0.00569829138940491
1878	18780	0	0	0.0487394366197183	0.0478107077543099	0.000928728865408429
1879	18790	0	0	0.0441126760563381	0.0369565372280492	0.00715613882828885
1880	18800	0	0	0.0422112676056338	0.0317870017777553	0.0104242658278785
1881	18810	0	0	0.036443661971831	0.0236891935015274	0.0127544684703036
1882	18820	0	0	0.0340352112676056	0.0181177473704797	0.0159174638971259
1883	18830	0	0	0.0291549295774648	0.0150904086965728	0.014064520880892
1884	18840	0	0	0.027887323943662	0.0121909000567192	0.0156964238869428
1885	18850	0	0	0.0246549295774648	0.00889735709356457	0.0157575724839002
1886	18860	0	0	0.0228169014084507	0.00564962721141807	0.0171672741970326
1887	18870	0	0	0.0212323943661972	0.00463959682689289	0.0165927975393043
1888	18880	0	0	0.0183169014084507	0.00559358224766297	0.0127233191607877
1889	18890	0	0	0.0177464788732394	0.00547637894952834	0.0122700999237111
1890	18900	0	0	0.0161619718309859	0.004169731868392	0.0119922399625939
1891	18910	0	0	0.0152112676056338	0.00553381136565641	0.00967745623997739
1892	18920	0	0	0.0145774647887324	0.00176175849746989	0.0128157062912625
1893	18930	0	0	0.0126760563380282	0.0016182199673337	0.0110578363706945
1894	18940	0	0	0.0126760563380282	0.000925111823393486	0.0117509445146347
1895	18950	0	0	0.0126760563380282	0.000193268289297634	0.0124827880487306
1896	18960	0	0	0.0126760563380282	0	0.0126760563380282
1897	18970	0	0	0.0125492957746479	0	0.0125492957746479
1898	18980	0	0	0.0114718309859155	0	0.0114718309859155
1899	18990	0	0	0.0115985915492958	0	0.0115985915492958
1900	19000	0	0	0.0101408450704225	0	0.0101408450704225
1901	19010	0	0	0.0101408450704225	0	0.0101408450704225
1902	19020	0	0	0.0101408450704225	0	0.0101408450704225
1903	19030	0	0	0.0101408450704225	0	0.0101408450704225
1904	19040	0	0	0.0101408450704225	0	0.0101408450704225
1905	19050	0	0	0.0101408450704225	0	0.0101408450704225
1906	19060	0	0	0.0101408450704225	0	0.0101408450704225
1907	19070	0	0	0.00836619718309859	0	0.00836619718309859
1908	19080	0	0	0.00995070422535209	0	0.00995070422535209
1909	19090	0	0	0.00804929577464788	0	0.00804929577464788
1910	19100	0	0	0.0076056338028169	0	0.0076056338028169
1911	19110	0	0	0.0076056338028169	0	0.0076056338028169
1912	19120	0	0	0.0076056338028169	0	0.0076056338028169
1913	19130	0	0	0.0076056338028169	0	0.0076056338028169
1914	19140	0	0	0.0076056338028169	0	0.0076056338028169
1915	19150	0	0	0.0076056338028169	0	0.0076056338028169
1916	19160	0	0	0.0076056338028169	0	0.0076056338028169
1917	19170	0	0	0.0076056338028169	0	0.0076056338028169
1918	19180	0	0.025	0.0076056338028169	0.000267130564957489	0.00733850323785941
1919	19190	0	0	0.0076056338028169	0.00198563931167607	0.00561999449114083
1920	19200	0	0	0.0076056338028169	0.00207238801196441	0.00553324579085249
1921	19210	0	0	0.00754225352112676	0.0019327003721228	0.00560955314900397
1922	19220	0	0	0.0076056338028169	0.00156538608866787	0.00604024771414904
1923	19230	0	0	0.00690845070422535	0.00125528703523699	0.00565316366898836
1924	19240	0	0.25	0.00671830985915493	0.00372370401561938	0.00299460584353555
1925	19250	0	0	0.00747887323943662	0.0208193825438159	-0.0133405093043793
1926	19260	0	0	0.00507042253521127	0.0215453054654837	-0.0164748829302725
1927	19270	0	0	0.00507042253521127	0.0200225339479415	-0.0149521114127302
1928	19280	0	0	0.00507042253521127	0.0162507071245093	-0.011180284589298
1929	19290	0	0	0.00507042253521127	0.0130470151246135	-0.00797659258940226
1930	19300	0	0	0.00507042253521127	0.010992731513248	-0.00592230897803677
1931	19310	0	0	0.00507042253521127	0.0100052314173787	-0.00493480888216742
1932	19320	0	0	0.00507042253521127	0.00844840821395097	-0.0033779856787397
1933	19330	0	0	0.00507042253521127	0.00704894134295882	-0.00197851880774755
1934	19340	0	0	0.00507042253521127	0.00605966666065166	-0.000989244125440391
1935	19350	0	0	0.00507042253521127	0.00514708297376853	-7.66604385572548e-05
1936	19360	0	0	0.00507042253521127	0.00492447067336248	0.000145951861848786
1937	19370	0	0	0.00507042253521127	0.00390541013447077	0.0011650124007405
1938	19380	0	0	0.00507042253521127	0.00253481584484876	0.00253560669036251
1939	19390	0	0	0.00507042253521127	0.000936390758239424	0.00413403177697185
1940	19400	0	0	0.00507042253521127	0.00091204282345379	0.00415837971175748
1941	19410	0	0	0.00507042253521127	0.0020563525133263	0.00301407002188497
1942	19420	0	0	0.00507042253521127	0.00236992145331365	0.00270050108189762
1943	19430	0	0	0.00507042253521127	0.00152038666202948	0.00355003587318179
1944	19440	0	0	0.00507042253521127	0.00193268289297634	0.00313773964223493
1945	19450	0	0	0.00507042253521127	0	0.00507042253521127
1946	19460	0	0	0.00507042253521127	0	0.00507042253521127
1947	19470	0	0.025	0.00507042253521127	0.000267130564957489	0.00480329197025378
1948	19480	0	0	0.00507042253521127	0.00198563931167607	0.0030847832235352
1949	19490	0	0	0.00507042253521127	0.00207238801196441	0.00299803452324686
1950	19500	0	0	0.00507042253521127	0.0019327003721228	0.00313772216308847
1951	19510	0	0	0.00507042253521127	0.00156538608866787	0.0035050364465434
1952	19520	0	0	0.00507042253521127	0.00125528703523699	0.00381513549997428
1953	19530	0	0	0.00507042253521127	0.00105239836604449	0.00401802416916678
1954	19540	0	0.025	0.00507042253521127	0.00123011999201268	0.00384030254319859
1955	19550	0	0	0.00507042253521127	0.00280706465751566	0.00226335787769561
1956	19560	0	0	0.00507042253521127	0.0027679182386779	0.00230250429653337
1957	19570	0	0	0.00507042253521127	0.00252954660995342	0.00254087592525785
1958	19580	0	0	0.00507042253521127	0.00205953086091146	0.00301089167429981
1959	19590	0	0	0.00507042253521127	0.00172403488804011	0.00334638764717116
1960	19600	0	0.025	0.00507042253521127	0.00169486607782876	0.00337555645738251
1961	19610	0	0.025	0.00507042253521127	0.00344991405924387	0.0016205084759674
1962	19620	0	0.05	0.00507042253521127	0.00550735287521899	-0.000436930340007723
1963	19630	0	0	0.00507042253521127	0.00876310151649822	-0.00369267898128695
1964	19640	0	0	0.00507042253521127	0.00844534397388275	-0.00337492143867148
1965	19650	0	0	0.00507042253521127	0.00741721078572541	-0.00234678825051414
1966	19660	0	0.025	0.00507042253521127	0.00632637466258077	-0.0012559521273695
1967	19670	0	0.025	0.00507042253521127	0.00734733717633165	-0.00227691464112038
1968	19680	0	0.125	0.00507042253521127	0.0095170464089668	-0.00444662387375553
1969	19690	0	0.35	0.00507042253521127	0.0212096863543598	-0.0161392638191486
1970	19700	0	0.025	0.00507042253521127	0.0449525388876039	-0.0398821163523927
1971	19710	0	0	0.00507042253521127	0.0461709331785305	-0.0411005106433193
1972	19720	0	0	0.00507042253521127	0.0416583863123437	-0.0365879637771324
1973	19730	0	0.025	0.00507042253521127	0.0343914723580351	-0.0293210498228238
1974	19740	0	0	0.00507042253521127	0.0299117063940649	-0.0248412838588536
1975	19750	0	0	0.00507042253521127	0.025471623004686	-0.0204012004694747
1976	19760	0	0	0.00507042253521127	0.0225196067799615	-0.0174491842447503
1977	19770	0	0.125	0.00507042253521127	0.0204167430112323	-0.015346320476021
1978	19780	0	0.075	0.00507042253521127	0.0271158835838728	-0.0220454610486616
1979	19790	0	0.025	0.00507042253521127	0.030804874657242	-0.0257344521220307
1980	19800	0	0	0.00507042253521127	0.0301166900970401	-0.0250462675618289
1981	19810	0	0	0.00507042253521127	0.0262772848162154	-0.0212068622810041
1982	19820	0	0	0.00507042253521127	0.0210664456639431	-0.0159960231287318
1983	19830	0	0.425	0.00507042253521127	0.0201498435041053	-0.0150794209688941
1984	19840	0	0	0.00507042253521127	0.0459211929648645	-0.0408507704296532
1985	19850	0	0	0.00507042253521127	0.0465355435294628	-0.0414651209942516
1986	19860	0	0.125	0.00507042253521127	0.0459721783790028	-0.0409017558437915
1987	19870	0	0.125	0.00507042253521127	0.048478801767494	-0.0434083792322827
1988	19880	0	0	0.00507042253521127	0.0500123230131394	-0.0449419004779281
1989	19890	0	0.025	0.00507042253521127	0.0455553635254421	-0.0404849409902308
1990	19900	0	0.25	0.00507042253521127	0.0426941751305596	-0.0376237525953484
1991	19910	0	0.125	0.00507042253521127	0.0543345556687002	-0.049264133133489
1992	19920	0	0	0.00507042253521127	0.0576452533694988	-0.0525748308342875
1993	19930	0	0	0.00507042253521127	0.0526420165623885	-0.0475715940271772
1994	19940	0	0	0.00507042253521127	0.0452906129546678	-0.0402201904194565
1995	19950	0	0.2	0.00507042253521127	0.041015805804832	-0.0359453832696208
1996	19960	0	0.025	0.00507042253521127	0.0484350721591685	-0.0433646496239572
1997	19970	0	0	0.00507042253521127	0.0453730903392417	-0.0403026678040305
1998	19980	0	0	0.00507042253521127	0.0383968927576685	-0.0333264702224572
1999	19990	0	0	0.00507042253521127	0.0320792304029477	-0.0270088078677364
2000	20000	0	0	0.00507042253521127	0.0280911994392453	-0.023020776904034
2001	20010	0	0	0.00507042253521127	0.0237367363555136	-0.0186663138203023
2002	20020	0	0	0.00507042253521127	0.0197987274348586	-0.0147283048996473
2003	20030	0	0.025	0.00507042253521127	0.0189025468330177	-0.0138321242978064
2004	20040	0	0.2	0.00507042253521127	0.0170333603397124	-0.0119629378045012
2005	20050	0	0.025	0.00507042253521127	0.027838456075721	-0.0227680335405097
2006	20060	0	0	0.00507042253521127	0.0283598564267026	-0.0232894338914913
2007	20070	0	0		0.0270592121891559	
2008	20080	0	0		0.0227326575202999	
2009	20090	0	0		0.0178072716058599	
2010	20100	0	0		0.0143136069767859	
2011	20110	0	0		0.0113673539094007	
2012	20120	0	0		0.00996620871349178	
2013	20130	0	0		0.00908408581136167	
2014	20140	0	0		0.00741774637655706	
2015	20150	0	0.025		0.00698406781412397	
2016	20160	0	0		0.00679837234246898	
2017	20170	0	0		0.0057779877949369	
2018	20180	0	0		0.00427491463921442	
2019	20190	0	0		0.0026398577331599	
2020	20200	0	0		0.0022841956211566	
2021	20210	0	0		0.00302567680438228	
2022	20220	0	0		0.00321660050724169	
2023	20230	0	0		0.00246799511009217	
2024	20240	0	0		0.00239371520729751	
2025	20250	0	0.025		0.00105724509208575	
2026	20260	0	0.1		0.00354830634374962	
2027	20270	0	0.05		0.0110179542413868	
2028	20280	0	0.4		0.0188429572294792	
2029	20290	0	0.5		0.05078795864261	
2030	20300	0	0.025		0.0846139961998876	
2031	20310	0	0.125		0.0849877812963901	
2032	20320	0	0		0.0835895616445264	
2033	20330	0	0		0.0707021267005748	
2034	20340	0	0		0.0592322516411188	
2035	20350	0	0		0.0507531017580106	
2036	20360	0	0.025		0.0442711483587172	
2037	20370	0				
2038	20380	0				
2039	20390	0				
2040	20400	0				
2041	20410	0				
2042	20420	0				
2043	20430	0				
2044	20440	0				
2045	20450	0				
2046	20460	0				
2047	20470	0				
2048	20480	0				
2049	20490	0				
2050	20500	0				
2051	20510	0				
2052	20520	0				
2053	20530	0				
2054	20540	0				
2055	20550	0				
2056	20560	0				
2057	20570	0				
2058	20580	0				
2059	20590	0				
2060	20600	0				
2061	20610	0				
2062	20620	0				
2063	20630	0				
2064	20640	0				
2065	20650	0				
2066	20660	0				
2067	20670	0				
2068	20680	0				
2069	20690	0				
2070	20700	0				
2071	20710	0				
2072	20720	0				
2073	20730	0				
2074	20740	0				
2075	20750	0				
2076	20760	0				
2077	20770	0				
2078	20780	0				
2079	20790	0				
2080	20800	0				
2081	20810	0				
2082	20820	0				
2083	20830	0				
2084	20840	0				
2085	20850	0				
2086	20860	0				
2087	20870	0				
2088	20880	0				
2089	20890	0				
2090	20900	0				
2091	20910	0				
2092	20920	0				
2093	20930	0				
2094	20940	0				
2095	20950	0				
2096	20960	0				
2097	20970	0				
2098	20980	0				
2099	20990	0				
2100	21000	0				
2101	21010	0				
2102	21020	0				
2103	21030	0				
2104	21040	0				
2105	21050	0				
2106	21060	0				
2107	21070	0				
2108	21080	0				
2109	21090	0				
2110	21100	0				
2111	21110	0				
2112	21120	0				
2113	21130	0				
2114	21140	0				
2115	21150	0				
2116	21160	0				
2117	21170	0				
2118	21180	0				
2119	21190	0				
2120	21200	0				
2121	21210	0				
2122	21220	0				
2123	21230	0				
2124	21240	0				
2125	21250	0				
2126	21260	0				
2127	21270	0				
2128	21280	0				
2129	21290	0				
2130	21300	0				
2131	21310	0				
2132	21320	0				
2133	21330	0				
2134	21340	0				
2135	21350	0				
2136	21360	0				
2137	21370	0				
2138	21380	0				
2139	21390	0				
2140	21400	0				
2141	21410	0				
2142	21420	0				
2143	21430	0				
2144	21440	0				
2145	21450	0				
2146	21460	0				
2147	21470	0				
2148	21480	0				
2149	21490	0				
2150	21500	0				
2151	21510	0				
2152	21520	0				
2153	21530	0				
2154	21540	0				
2155	21550	0				
2156	21560	0				
2157	21570	0				
2158	21580	0				
2159	21590	0				
2160	21600	0				
2161	21610	0				
2162	21620	0				
2163	21630	0				
2164	21640	0				
2165	21650	0				
2166	21660	0				
2167	21670	0				
2168	21680	0				
2169	21690	0				
2170	21700	0				
2171	21710	0				
2172	21720	0				
2173	21730	0				
2174	21740	0				
2175	21750	0				
2176	21760	0				
2177	21770	0				
2178	21780	0				
2179	21790	0				
2180	21800	0				
2181	21810	0				
2182	21820	0				
2183	21830	0				
2184	21840	0				
2185	21850	0				
2186	21860	0				
2187	21870	0				
2188	21880	0				
2189	21890	0				
2190	21900	0				
2191	21910	0				
2192	21920	0				
2193	21930	0				
2194	21940	0				
2195	21950	0				
2196	21960	0				
2197	21970	0				
2198	21980	0				
2199	21990	0				
2200	22000	0				
2201	22010	0				
2202	22020	0				
2203	22030	0				
2204	22040	0				
2205	22050	0				
2206	22060	0				
2207	22070	0				
2208	22080	0				
2209	22090	0				
2210	22100	0				
2211	22110	0				
2212	22120	0				
2213	22130	0				
2214	22140	0				
2215	22150	0				
2216	22160	0				
2217	22170	0				
2218	22180	0				
2219	22190	0				
2220	22200	0				
2221	22210	0				
2222	22220	0				
2223	22230	0				
2224	22240	0				
2225	22250	0				
2226	22260	0				
2227	22270	0				
2228	22280	0				
2229	22290	0				
2230	22300	0				
2231	22310	0				
2232	22320	0				
2233	22330	0				
2234	22340	0				
2235	22350	0				
2236	22360	0				
2237	22370	0				
2238	22380	0				
2239	22390	0				
2240	22400	0				
2241	22410	0				
2242	22420	0				
2243	22430	0				
2244	22440	0				
2245	22450	0				
2246	22460	0				
2247	22470	0				
2248	22480	0				
2249	22490	0				
2250	22500	0				
2251	22510	0				
2252	22520	0				
2253	22530	0				
2254	22540	0				
2255	22550	0				
2256	22560	0				
2257	22570	0				
2258	22580	0				
2259	22590	0				
2260	22600	0				
2261	22610	0				
2262	22620	0				
2263	22630	0				
2264	22640	0				
2265	22650	0				
2266	22660	0				
2267	22670	0				
2268	22680	0				
2269	22690	0				
2270	22700	0				
2271	22710	0				
2272	22720	0				
2273	22730	0				
2274	22740	0				
2275	22750	0				
2276	22760	0				
2277	22770	0				
2278	22780	0				
2279	22790	0				
2280	22800	0				
2281	22810	0				
2282	22820	0				
2283	22830	0				
2284	22840	0				
2285	22850	0				
2286	22860	0				
2287	22870	0				
2288	22880	0				
2289	22890	0				
2290	22900	0				
2291	22910	0				
2292	22920	0				
2293	22930	0				
2294	22940	0				
2295	22950	0				
2296	22960	0				
2297	22970	0				
2298	22980	0				
2299	22990	0				
2300	23000	0				
2301	23010	0				
2302	23020	0				
2303	23030	0				
2304	23040	0				
2305	23050	0				
2306	23060	0				
2307	23070	0				
2308	23080	0				
2309	23090	0				
2310	23100	0				
2311	23110	0				
2312	23120	0				
2313	23130	0				
2314	23140	0				
2315	23150	0				
2316	23160	0				
2317	23170	0				
2318	23180	0				
2319	23190	0				
2320	23200	0				
2321	23210	0				
2322	23220	0				
2323	23230	0				
2324	23240	0				
2325	23250	0				
2326	23260	0				
2327	23270	0				
2328	23280	0				
2329	23290	0				
2330	23300	0				
2331	23310	0				
2332	23320	0				
2333	23330	0				
2334	23340	0				
2335	23350	0				
2336	23360	0				
2337	23370	0				
2338	23380	0				
2339	23390	0				
2340	23400	0				
2341	23410	0				
2342	23420	0				
2343	23430	0				
2344	23440	0				
2345	23450	0				
2346	23460	0				
2347	23470	0				
2348	23480	0				
2349	23490	0				
2350	23500	0				
2351	23510	0				
2352	23520	0				
2353	23530	0				
2354	23540	0				
2355	23550	0				
2356	23560	0				
2357	23570	0				
2358	23580	0				
2359	23590	0				
2360	23600	0				
2361	23610	0				
2362	23620	0				
2363	23630	0				
2364	23640	0				
2365	23650	0				
2366	23660	0				
2367	23670	0				
2368	23680	0				
2369	23690	0				
2370	23700	0				
2371	23710	0				
2372	23720	0				
2373	23730	0				
2374	23740	0				
2375	23750	0				
2376	23760	0				
2377	23770	0				
2378	23780	0				
2379	23790	0				
2380	23800	0				
2381	23810	0				
2382	23820	0				
2383	23830	0				
2384	23840	0				
2385	23850	0				
2386	23860	0				
2387	23870	0				
2388	23880	0				
2389	23890	0				
2390	23900	0				
2391	23910	0				
2392	23920	0				
2393	23930	0				
2394	23940	0				
2395	23950	0				
2396	23960	0				
2397	23970	0				
2398	23980	0				
2399	23990	0				
2400	24000	0				
2401	24010	0				
2402	24020	0				
2403	24030	0				
2404	24040	0				
2405	24050	0				
2406	24060	0				
2407	24070	0				
2408	24080	0				
2409	24090	0				
2410	24100	0				
2411	24110	0				
2412	24120	0				
2413	24130	0				
2414	24140	0				
2415	24150	0				
2416	24160	0				
2417	24170	0				
2418	24180	0				
2419	24190	0				
2420	24200	0				
2421	24210	0				
2422	24220	0				
2423	24230	0				
2424	24240	0				
2425	24250	0				
2426	24260	0				
2427	24270	0				
2428	24280	0				
2429	24290	0				
2430	24300	0				
2431	24310	0				
2432	24320	0				
2433	24330	0				
2434	24340	0				
2435	24350	0				
2436	24360	0				
2437	24370	0				
2438	24380	0				
2439	24390	0				
2440	24400	0				
2441	24410	0				
2442	24420	0				
2443	24430	0				
2444	24440	0				
2445	24450	0				
2446	24460	0				
2447	24470	0				
2448	24480	0				
2449	24490	0				
2450	24500	0				
2451	24510	0				
2452	24520	0				
2453	24530	0				
2454	24540	0				
2455	24550	0				
2456	24560	0				
2457	24570	0				
2458	24580	0				
2459	24590	0				
2460	24600	0				
2461	24610	0				
2462	24620	0				
2463	24630	0				
2464	24640	0				
2465	24650	0				
2466	24660	0				
2467	24670	0				
2468	24680	0				
2469	24690	0				
2470	24700	0				
2471	24710	0				
2472	24720	0				
2473	24730	0				
2474	24740	0				
2475	24750	0				
2476	24760	0				
2477	24770	0				
2478	24780	0				
2479	24790	0				
2480	24800	0				
2481	24810	0				
2482	24820	0				
2483	24830	0				
2484	24840	0				
2485	24850	0				
2486	24860	0				
2487	24870	0				
2488	24880	0				
2489	24890	0				
2490	24900	0				
2491	24910	0				
2492	24920	0				
2493	24930	0				
2494	24940	0				
2495	24950	0				
2496	24960	0				
2497	24970	0				
2498	24980	0				
2499	24990	0				
2500	25000	0				
2501	25010	0				
2502	25020	0				
2503	25030	0				
2504	25040	0				
2505	25050	0				
2506	25060	0				
2507	25070	0				
2508	25080	0				
2509	25090	0				
2510	25100	0				
2511	25110	0				
2512	25120	0				
2513	25130	0				
2514	25140	0				
2515	25150	0				
2516	25160	0				
2517	25170	0				
2518	25180	0				
2519	25190	0				
2520	25200	0				
2521	25210	0				
2522	25220	0				
2523	25230	0				
2524	25240	0				
2525	25250	0				
2526	25260	0				
2527	25270	0				
2528	25280	0				
2529	25290	0				
2530	25300	0				
2531	25310	0				
2532	25320	0				
2533	25330	0				
2534	25340	0				
2535	25350	0				
2536	25360	0				
2537	25370	0				
2538	25380	0				
2539	25390	0				
2540	25400	0				
2541	25410	0				
2542	25420	0				
2543	25430	0				
2544	25440	0				
2545	25450	0				
2546	25460	0				
2547	25470	0				
2548	25480	0				
2549	25490	0				
2550	25500	0				
2551	25510	0				
2552	25520	0				
2553	25530	0				
2554	25540	0				
2555	25550	0				
2556	25560	0				
2557	25570	0				
2558	25580	0				
2559	25590	0				
2560	25600	0				
2561	25610	0				
2562	25620	0				
2563	25630	0				
2564	25640	0				
2565	25650	0				
2566	25660	0				
2567	25670	0				
2568	25680	0				
2569	25690	0				
2570	25700	0				
2571	25710	0				
2572	25720	0				
2573	25730	0				
2574	25740	0				
2575	25750	0				
2576	25760	0				
2577	25770	0				
2578	25780	0				
2579	25790	0				
2580	25800	0				
2581	25810	0				
2582	25820	0				
2583	25830	0				
2584	25840	0				
2585	25850	0				
2586	25860	0				
2587	25870	0				
2588	25880	0				
2589	25890	0				
2590	25900	0				
2591	25910	0				
2592	25920	0				
2593	25930	0				
2594	25940	0				
2595	25950	0				
2596	25960	0				
2597	25970	0				
2598	25980	0	0			
2599	25990	0	0			
2600	26000	0	0			
2601	26010	0	0	0.0447338028169014		
2602	26020	0	0	0.0422366197183099		
2603	26030	0	0	0.0441316901408451		
2604	26040	0	0	0.0473197183098591		
2605	26050	0	0	0.0633866197183099		
2606	26060	0	0	0.0662957746478873		
2607	26070	0	0	0.0682859154929578		
2608	26080	0	0	0.112126056338028		
2609	26090	0	0	0.117633802816901		
2610	26100	0	0	0.147821830985916		
2611	26110	0	0	0.16180985915493		
2612	26120	0	0	0.114864084507042		
2613	26130	0	0	0.0714422535211268		
2614	26140	0	0.6	0.04815		
2615	26150	0	0.025	0.0546021126760564		
2616	26160	0	0	0.0509070422535211		
2617	26170	0	0	0.0540253521126761		
2618	26180	0	0	0.0605725352112676	0.0395019665001516	0.021070568711116
2619	26190	0	0	0.0601985915492958	0.0316922749343557	0.02850631661494
2620	26200	0	0	0.0834464788732394	0.0265128478203048	0.0569336310529346
2621	26210	0	0	0.0774253521126761	0.0241641446153691	0.053261207497307
2622	26220	0	0	0.0856014084507042	0.0206771977272052	0.064924210723499
2623	26230	0	0	0.090874647887324	0.0175141507869633	0.0733604971003607
2624	26240	0	0.775	0.0763352112676057	0.0233008874483307	0.0530343238192749
2625	26250	0	0.25	0.0906718309859155	0.07668244508321	0.0139893859027056
2626	26260	0	0.7	0.109755633802817	0.103324170545986	0.00643146325683128
2627	26270	0	0	0.11732323943662	0.145712331759027	-0.0283890923224071
2628	26280	0	0	0.11410985915493	0.131875888085085	-0.0177660289301552
2629	26290	0	0	0.103189436619719	0.111164861973794	-0.007975425354075
2630	26300	0	0.175	0.089524647887324	0.0931604859892649	-0.003635838101941
2631	26310	0	0.175	0.0789718309859155	0.0963205323365551	-0.0173487013506396
2632	26320	0	0.025	0.0718542253521127	0.0991280028105511	-0.0272737774584385
2633	26330	0	0.025	0.0643943661971831	0.0909137031435055	-0.0265193369463224
2634	26340	0	0	0.0487204225352113	0.0817925554819141	-0.0330721329467028
2635	26350	0	0	0.0383260563380282	0.0647048652065541	-0.0263788088685259
2636	26360	0	0	0.0380091549295775	0.055836210088351	-0.0178270551587736
2637	26370	0	0	0.0358352112676056	0.0470873713780845	-0.0112521601104789
2638	26380	0	0.025	0.0334647887323944	0.0392028281454658	-0.00573803941307147
2639	26390	0.744929254963046	0	0.029237323943662	0.0303735151298905	-0.00113619118622853
2640	26400	0	0	0.0221133802816901	0.0232234947031573	-0.00111011442146719
2641	26410	0.834708050930921	0	0.0186971830985916	0.0209952227530311	-0.00229803965443954
2642	26420	0	0	0.0153316901408451	0.0215548398528081	-0.00622314971196306
2643	26430	0	0	0.0114845070422535	0.0210957801856392	-0.00961127314338563
2644	26440	0	0	0.0125112676056338	0.0204292180072988	-0.00791795040166505
2645	26450	0	0	0.00835352112676057	0.0102913967929974	-0.0019378756662368
2646	26460	0	0.825	0.0124478873239437	0.0169516414993376	-0.00450375417539395
2647	26470	0	0	0.014419014084507	0.068627298079149	-0.054208283994642
2648	26480	0.496648284301184	0.05	0.0136077464788732	0.0728031468973885	-0.0591954004185153
2649	26490	0.432230834017576	0	0.0137978873239437	0.0712645908900662	-0.0574667035661226
2650	26500	0.455030930406309	0	0.0144316901408451	0.0591310408879397	-0.0446993507470946
2651	26510	0.654134186643078	0	0.0200028169014085	0.0474071188905109	-0.0274043019891025
2652	26520	0	0	0.0241985915492958	0.0384393799678597	-0.0142407884185639
2653	26530	0.876071620696149	0	0.031962676056338	0.0345761325284169	-0.00261345647207882
2654	26540	0	0	0.0411591549295775	0.0293030374271407	0.0118561175024368
2655	26550	0.998412287062932	0	0.0416154929577465	0.0250841115869881	0.0165313813707584
2656	26560	0.984395659380123	0	0.0522570422535211	0.0215757686854213	0.0306812735680999
2657	26570	0.940977849750595	0	0.0542661971830986	0.0178498766036684	0.0364163205794302
2658	26580	0.960147009468838	0	0.0561612676056338	0.0168556399074616	0.0393056276981722
2659	26590	0.982327573971783	0	0.0568077464788733	0.013374415389771	0.0434333310891023
2660	26600	0.985715062310682	0	0.0518894366197183	0.00866460263892494	0.0432248339807934
2661	26610	0.852463631290835	0	0.0598880281690141	0.00384076379584366	0.0560472643731704
2662	26620	0.962845301952602	0	0.0479535211267606	0.00347805082850773	0.0444754702982528
2663	26630	0.943915714792587	0	0.0479408450704226	0.00697324144562467	0.0409676036247979
2664	26640	0.973551631350457	0	0.0411591549295775	0.00800314936062581	0.0331560055689517
2665	26650	0.998115995243072	0	0.0320007042253521	0.00542854648736256	0.0265721577379895
2666	26660	0.999907528203033	0	0.0402654929577465	0.00685183783748467	0.0334136551202618
2667	26670	0.961738905900905	0.075	0.0356070422535211	0.00110546902727836	0.0345015732262428
2668	26680	0.990260040382044	0.4	0.0383514084507042	0.0106175435529433	0.0277338648977609
2669	26690	0.921036419152116	0	0.0410387323943662	0.0379873930227104	0.00305133937165575
2670	26700	0.944395900650956	0.65	0.0431683098591549	0.0459017039966937	-0.00273339413753879
2671	26710	0.803443612726551	0.25	0.1557	0.0899172919731212	0.0657827080268789
2672	26720	0.365840530322256	0.05	0.221051408450704	0.103084781082147	0.117966627368557
2673	26730	0.713708818875597	0	0.166880281690141	0.0981871560801144	0.0686931256100264
2674	26740	0.998438385467736	0.025	0.11500985915493	0.0841662907533563	0.0308435684015732
2675	26750	0.945705275597299	0	0.0819443661971831	0.072014470729164	0.0099298954680191
2676	26760	0.94380241655282	0.025	0.0700415492957747	0.0606149148373582	0.00942663445841645
2677	26770	0.929323986685097	0	0.0606169014084507	0.0549096448590604	0.00570725654939028
2678	26780	0.954270890707769	0	0.0543929577464789	0.0477614982171232	0.00663145952935565
2679	26790	0.952866276208115	0.025	0.0440239436619718	0.040991696093681	0.00303224756829087
2680	26800	0.961703471940296	0.2	0.0494366197183098	0.0394826005137889	0.00995401920452098
2681	26810	0.918230083809395	0	0.0548176056338028	0.0470909244936256	0.0077266811401772
2682	26820	0.971980749579678	0.4	0.0621380281690141	0.0470096949063737	0.0151283332626404
2683	26830	0.719094408479668	0	0.0638619718309859	0.0676621096564699	-0.00380013782548404
2684	26840	0.769980896006423	0.025	0.0614852112676057	0.0614770511744692	8.16009313647087e-06
2685	26850	0.841539142150631	0.025	0.0567887323943662	0.0549883237554392	0.00180040863892702
2686	26860	0.794484996193449	0.05	0.0492274647887324	0.0481102382525264	0.00111722653620597
2687	26870	0.857437658846791	0.1	0.0489739436619718	0.0479825655493028	0.000991378112668986
2688	26880	0.76066699786695	0	0.0449049295774648	0.0518864786753188	-0.006981549097854
2689	26890	0.850846421938431	0.15	0.0394732394366197	0.0453505016900809	-0.0058772622534612
2690	26900	0.736198142083826	0.025	0.0429908450704226	0.0511066512227755	-0.00811580615235297
2691	26910	0.99747449077954	0	0.0639443661971831	0.0432938978124141	0.020650468384769
2692	26920	0.960912247741665	0.4	0.0791112676056338	0.0412426317107665	0.0378686358948673
2693	26930	0.950156830666893	0	0.110110563380281	0.062248615985391	0.0478619473948905
2694	26940	0.859626069939085	0	0.111707746478873	0.0589396045557081	0.0527681419231652
2695	26950	0.960176772787954	0	0.0975359154929577	0.0512583859366966	0.0462775295562611
2696	26960	0.999113230649392	0	0.0799859154929578	0.0416902322428985	0.0382956832500592
2697	26970	0.975451230719667	0	0.0698704225352113	0.0335761929304997	0.0362942296047116
2698	26980	0.995146909345101	0.55	0.0674239436619718	0.0347406640352396	0.0326832796267323
2699	26990	0.903126782103771	0.3	0.130316197183099	0.0742272712994322	0.0560889258836664
2700	27000	0.627667110498232	0.025	0.174302112676056	0.0938843810692826	0.0804177316067738
2701	27010	0.675007265945031	0	0.162101408450704	0.0876621745252221	0.0744392339254821
2702	27020	0.991132776392371	0	0.122342957746479	0.0760654818605976	0.0462774758858813
2703	27030	0.964246448181289	0	0.10208661971831	0.0591853486909871	0.0429012710273227
2704	27040	0.997568065884939	0.025	0.0838711267605634	0.0499865122362905	0.0338846145242729
2705	27050	0.99318090341955	0	0.0741549295774648	0.0451470474568149	0.0290078821206499
2706	27060	0.998543995936415	0	0.0664669014084507	0.0388182002337721	0.0276487011746786
2707	27070	0.995631578763313	0	0.0605852112676057	0.0319533454306442	0.0286318658369615
2708	27080	0.999203203241225	0.45	0.054012676056338	0.0312806342166531	0.022732041839685
2709	27090	0.811830119168242	0.725	0.0596725352112676	0.0680742635225244	-0.00840172831125675
2710	27100	0	0	0.0724943661971831	0.116763101501032	-0.0442687353038486
2711	27110	0	0.675	0.0796119718309859	0.119872528621403	-0.0402605567904171
2712	27120	0	0.575	0.1215	0.158019441008398	-0.0365194410083977
2713	27130	0	0	0.175880281690141	0.175556327805551	0.000323953884589473
2714	27140	0	0	0.167216197183099	0.159155493048042	0.00806070413505644
2715	27150	0	0	0.129454225352113	0.14077710602067	-0.0113228806685578
2716	27160	0	0	0.098968309859155	0.120850381948903	-0.021882072089748
2717	27170	0	0	0.0809239436619718	0.100396965602444	-0.0194730219404717
2718	27180	0	0.05	0.0671957746478873	0.0882012601949407	-0.0210054855470534
2719	27190	0	0.375	0.065243661971831	0.081073522268724	-0.015829860296893
2720	27200	0	0.025	0.0739647887323944	0.0949207276567652	-0.0209559389243708
2721	27210	0	0	0.0744781690140845	0.08960429549673	-0.0151261264826455
2722	27220	0	0	0.0667647887323944	0.0765995930951235	-0.00983480436272917
2723	27230	0	0	0.0577077464788732	0.0605736175020336	-0.00286587102316031
2724	27240	0	0	0.050393661971831	0.0479652704985153	0.00242839147331575
2725	27250	0	0	0.0446450704225352	0.0402685328690221	0.00437653755351308
2726	27260	0	0	0.0397964788732394	0.0352831857931764	0.00451329308006304
2727	27270	0	0	0.0354485915492958	0.0289011126416145	0.00654747890768125
2728	27280	0	0	0.030587323943662	0.0279858720293708	0.00260145191429117
2729	27290	0	0	0.0267401408450704	0.0273696924328888	-0.000629551587818411
2730	27300	0	0.675	0.0271330985915493	0.0257149021110439	0.00141819648050537
2731	27310	0	0.025	0.0536070422535211	0.0708705619718593	-0.0172635197183381
2732	27320	0	0.15	0.0633485915492958	0.0705551842446208	-0.00720659269532505
2733	27330	0	0	0.0783190140845071	0.0702440705611377	0.00807494352336932
2734	27340	0	0.15	0.0755556338028169	0.0600563856852917	0.0154992481175253
2735	27350	0	0	0.0803915492957746	0.0608411479565298	0.0195504013392448
2736	27360	0	0.1	0.0800683098591549	0.0562149271250595	0.0238533827340954
2737	27370	0		0.0795676056338028		
2738	27380	0		0.0814056338028169		
2739	27390	0		0.0734197183098592		
2740	27400	0		0.0631964788732394		
2741	27410	0		0.0544119718309859		
2742	27420	0		0.0473767605633803		
2743	27430	0		0.0424077464788733		
2744	27440	0		0.0371725352112676		
2745	27450	0		0.0317471830985916		
2746	27460	0		0.028324647887324		
2747	27470	0		0.0264549295774648		
2748	27480	0		0.0294845070422535		
2749	27490	0		0.0306823943661972		
2750	27500	0		0.0283880281690141		
2751	27510	0		0.0255929577464789		
2752	27520	0		0.0219929577464789		
2753	27530	0	0.6	0.0215049295774648		
2754	27540	0	0.375	0.0272471830985916		
2755	27550	0	0.55	0.046337323943662		
2756	27560	0	0.025	0.0659852112676056		
2757	27570	0	0.1	0.0655732394366197		
2758	27580	0	0.75	0.0702950704225352		
2759	27590	0	0.1	0.100996478873239		
2760	27600	0	0.3	0.119414788732395		
2761	27610	0	0.05	0.141122535211268		
2762	27620	0	0.4	0.149552112676056		
2763	27630	0	0.575	0.194292253521127		
2764	27640	0	0	0.291238732394366		
2765	27650	0	0	0.267198591549296		
2766	27660	0	0	0.197664084507042		
2767	27670	0	0	0.137769718309859		
2768	27680	0	0	0.10472323943662		
2769	27690	0	0.125	0.0836239436619718		
2770	27700	0	0	0.0717274647887324		
2771	27710	0	0	0.0590133802816902		
2772	27720	0	0.425	0.0532267605633803		
2773	27730	0	0	0.053087323943662	0.0851072098464925	-0.0320198859028305
2774	27740	0	0	0.0513760563380282	0.0743469510665957	-0.0229708947285675
2775	27750	0	0	0.0465908450704225	0.0683822558224444	-0.0217914107520219
2776	27760	0	0	0.0394605633802817	0.0538211989677008	-0.0143606355874191
2777	27770	0	0.05	0.0357845070422535	0.0417972853543792	-0.00601277831212573
2778	27780	0	0.075	0.0330147887323944	0.0394154405264076	-0.00640065179401327
2779	27790	0	0	0.0303845070422535	0.0379161293656029	-0.00753162232334936
2780	27800	0	0	0.0268795774647887	0.0376623014305596	-0.0107827239657708
2781	27810	0	0.075	0.0236091549295775	0.0321679926871853	-0.00855883775760783
2782	27820	0	0.075	0.0233429577464789	0.0325772956950628	-0.00923433794858396
2783	27830	0	0	0.0212767605633803	0.0320611453684836	-0.0107843848051033
2784	27840	0	0	0.0194894366197183	0.0255353479812781	-0.0060459113615598
2785	27850	0	0.05	0.0184119718309859	0.0223970923929139	-0.003985120561928
2786	27860	0	0	0.0175753521126761	0.0212974415871125	-0.00372208947443646
2787	27870	0	0	0.0165739436619718	0.0171249403992389	-0.000550996737267023
2788	27880	0	0.025	0.0145330985915493	0.0152681890773674	-0.000735090485818078
2789	27890	0	0.325	0.0153697183098592	0.0208244238936234	-0.00545470558376421
2790	27900	0	0.15	0.0173218309859155	0.0427357075643276	-0.0254138765784121
2791	27910	0	0	0.0228802816901409	0.0509484848004786	-0.0280682031103378
2792	27920	0	0	0.0253964788732394	0.0484990742187568	-0.0231025953455173
2793	27930	0	0.15	0.0257957746478873	0.0397991461693829	-0.0140033715214955
2794	27940	0	0	0.0279950704225352	0.0432854810282071	-0.0152904106056719
2795	27950	0		0.0334711267605634		
2796	27960	0		0.040962676056338		
2797	27970	0		0.0495633802816902		
2798	27980	0		0.0496774647887324		
2799	27990	0		0.047687323943662		
2800	28000	0		0.0559014084507042		
2801	28010	0		0.133212676056338		
2802	28020	0		0.20976338028169		
2803	28030	0		0.202702816901408		
2804	28040	0		0.156796478873239		
2805	28050	0		0.114198591549296		
2806	28060	0		0.0930295774647887		
2807	28070	0		0.0766014084507042		
2808	28080	0		0.0664605633802817		
2809	28090	0		0.0595964788732394		
2810	28100	0		0.0663401408450704		
2811	28110	0		0.0723866197183098		
2812	28120	0		0.0728429577464789		
2813	28130	0		0.0717718309859155		
2814	28140	0		0.0663591549295775		
2815	28150	0		0.0614345070422535		
2816	28160	0		0.0557683098591549		
2817	28170	0		0.0796880281690141		
2818	28180	0		0.100267605633803		
2819	28190	0		0.106643661971831		
2820	28200	0		0.151529577464789		
2821	28210	0		0.200528873239437		
2822	28220	0		0.183910563380282		
2823	28230	0		0.158425352112676		
2824	28240	0		0.147619014084507		
2825	28250	0		0.129016901408451		
2826	28260	0		0.11127676056338		
2827	28270	0		0.104507746478873		
2828	28280	0		0.0958880281690141		
2829	28290	0		0.0978464788732394		
2830	28300	0		0.0927380281690141		
2831	28310	0		0.0899176056338028		
2832	28320	0		0.102092957746479		
2833	28330	0		0.102802816901408		
2834	28340	0		0.107074647887324		
2835	28350	0		0.102099295774648		
2836	28360	0	0.025	0.090906338028169		
2837	28370	0	0.025	0.0826415492957747		
2838	28380	0	0	0.0790098591549296		
2839	28390	0	0	0.0852401408450704		
2840	28400	0	0	0.0900950704225352		
2841	28410	0	0	0.0874267605633803		
2842	28420	0	0	0.0819760563380282		
2843	28430	0	0	0.0747507042253521		
2844	28440	0	0	0.069756338028169		
2845	28450	0	0.05	0.0630633802816902		
2846	28460	0	0.05	0.0586584507042254		
2847	28470	0	0	0.0531697183098592		
2848	28480	0	0	0.0478014084507042		
2849	28490	0	0	0.0446577464788732		
2850	28500	0	0	0.0394732394366197		
2851	28510	0	0.025	0.0367605633802817		
2852	28520	0	0	0.0340161971830986		
2853	28530	0	0	0.0321211267605634		
2854	28540	0	0	0.031480985915493		
2855	28550	0	0	0.0304098591549296		
2856	28560	0	0	0.03015	0.00378257601088601	0.026367423989114
2857	28570	0	0	0.0281788732394366	0.00317145190543553	0.0250074213340011
2858	28580	0	0	0.0276211267605634	0.00265115942631498	0.0249699673342484
2859	28590	0	0	0.0260619718309859	0.00204040915060337	0.0240215626803826
2860	28600	0	0		0.0013511178894716	
2861	28610	0	0		0.000966532954169271	
2862	28620	0	0		0.00108782383959961	
2863	28630	0	0		0.0013540026461311	
2864	28640	0	0		0.00115339876989541	
2865	28650	0	0		0.000924768666556278	
2866	28660	0	0		0.000480175654419211	
2867	28670	0	0		9.1204282345379e-05	
2868	28680	0	0		0.00020563525133263	
2869	28690	0	0		0.000236992145331365	
2870	28700	0	0		0.000152038666202948	
2871	28710	0	0		0.000193268289297634	
2872	28720	0	0		0	
2873	28730	0	0		0	
2874	28740	0	0.125		0.00133565282478745	
2875	28750	0	0		0.00992819655838037	
2876	28760	0	0		0.0103619400598221	
2877	28770	0	0		0.00966350186061398	
2878	28780	0	0		0.00782693044333934	
2879	28790	0	0		0.00627643517618497	
2880	28800	0	0		0.00526199183022246	
2881	28810	0	0		0.00481494713527595	
2882	28820	0	0.025		0.00437425729415542	
2883	28830	0	0.075		0.00626468214011598	
2884	28840	0	0.025		0.0112806677011033	
2885	28850	0	0		0.0126062275809101	
2886	28860	0	0		0.0117796144810162	
2887	28870	0	0		0.0097608314074973	
2888	28880	0	0.975		0.017972511371541	
2889	28890	0	0.125		0.0846192529196997	
2890	28900	0	0.05		0.096504403559684	
2891	28910	0	0		0.0948595051439139	
2892	28920	0	0		0.0795481583330571	
2893	28930	0	0		0.0643889326052914	
2894	28940	0	0		0.0539651134831086	
2895	28950	0	0		0.0476048790333286	
2896	28960	0	0.025		0.0410513769689048	
2897	28970	0	0		0.0363158642261265	
2898	28980	0	0		0.0310761693779779	
2899	28990	0	0.15		0.0277553086961406	
2900	29000	0	0		0.0363699067365995	
2901	29010	0	0		0.0327284429953004	
2902	29020	0	0.025		0.0257483245033661	
2903	29030	0	0.5		0.023988772132547	
2904	29040	0	0.05		0.0553593231236598	
2905	29050	0	0.025		0.0632918645880485	
2906	29060	0	0.275		0.0661163063707	
2907	29070	0	0		0.0732912660517594	
2908	29080	0	0		0.0674314498692207	
2909	29090	0	0		0.0525734543531423	
2910	29100	0	0		0.0442461045972278	
2911	29110	0	0.025		0.0370838285088671	
2912	29120	0	0		0.0330185393923063	
2913	29130	0	0		0.0289193908223575	
2914	29140	0	0		0.0240080717766829	
2915	29150	0	0		0.0212509129279983	
2916	29160	0	0		0.0184202136186079	
2917	29170	0	0		0.013906100066095	
2918	29180	0	0.15		0.0114418636516133	
2919	29190	0	0.225		0.0228789084568371	
2920	29200	0	0		0.0382020592271895	
2921	29210	0	0.15		0.0388717101598963	
2922	29220	0	0		0.0441115087845636	
2923	29230	0	0		0.0411916959623712	
2924	29240	0				
2925	29250	0				
2926	29260	0				
2927	29270	0				
2928	29280	0				
2929	29290	0				
2930	29300	0				
2931	29310	0				
2932	29320	0				
2933	29330	0				
2934	29340	0				
2935	29350	0				
2936	29360	0				
2937	29370	0				
2938	29380	0				
2939	29390	0				
2940	29400	0				
2941	29410	0				
2942	29420	0				
2943	29430	0				
2944	29440	0				
2945	29450	0				
2946	29460	0				
2947	29470	0				
2948	29480	0				
2949	29490	0				
2950	29500	0				
2951	29510	0				
2952	29520	0				
2953	29530	0				
2954	29540	0				
2955	29550	0				
2956	29560	0				
2957	29570	0				
2958	29580	0				
2959	29590	0				
2960	29600	0				
2961	29610	0				
2962	29620	0				
2963	29630	0				
2964	29640	0				
2965	29650	0				
2966	29660	0				
2967	29670	0				
2968	29680	0				
2969	29690	0				
2970	29700	0				
2971	29710	0				
2972	29720	0				
2973	29730	0				
2974	29740	0				
2975	29750	0				
2976	29760	0				
2977	29770	0				
2978	29780	0				
2979	29790	0				
2980	29800	0				
2981	29810	0				
2982	29820	0				
2983	29830	0				
2984	29840	0				
2985	29850	0				
2986	29860	0				
2987	29870	0				
2988	29880	0				
2989	29890	0				
2990	29900	0				
2991	29910	0				
2992	29920	0				
2993	29930	0				
2994	29940	0				
2995	29950	0				
2996	29960	0				
2997	29970	0				
2998	29980	0				
2999	29990	0				
3000	30000	0				
3001	30010	0				
3002	30020	0				
3003	30030	0				
3004	30040	0				
3005	30050	0				
3006	30060	0				
3007	30070	0				
3008	30080	0				
3009	30090	0				
3010	30100	0				
3011	30110	0				
3012	30120	0				
3013	30130	0				
3014	30140	0				
3015	30150	0				
3016	30160	0				
3017	30170	0				
3018	30180	0				
3019	30190	0				
3020	30200	0				
3021	30210	0				
3022	30220	0				
3023	30230	0				
3024	30240	0				
3025	30250	0				
3026	30260	0				
3027	30270	0				
3028	30280	0				
3029	30290	0				
3030	30300	0				
3031	30310	0				
3032	30320	0				
3033	30330	0				
3034	30340	0				
3035	30350	0				
3036	30360	0				
3037	30370	0				
3038	30380	0				
3039	30390	0				
3040	30400	0				
3041	30410	0				
3042	30420	0				
3043	30430	0				
3044	30440	0				
3045	30450	0				
3046	30460	0				
3047	30470	0				
3048	30480	0				
3049	30490	0				
3050	30500	0				
3051	30510	0				
3052	30520	0				
3053	30530	0				
3054	30540	0				
3055	30550	0				
3056	30560	0				
3057	30570	0				
3058	30580	0				
3059	30590	0				
3060	30600	0				
3061	30610	0				
3062	30620	0				
3063	30630	0				
3064	30640	0				
3065	30650	0				
3066	30660	0				
3067	30670	0				
3068	30680	0				
3069	30690	0				
3070	30700	0				
3071	30710	0				
3072	30720	0				
3073	30730	0				
3074	30740	0				
3075	30750	0				
3076	30760	0				
3077	30770	0				
3078	30780	0				
3079	30790	0				
3080	30800	0				
3081	30810	0				
3082	30820	0				
3083	30830	0				
3084	30840	0				
3085	30850	0				
3086	30860	0				
3087	30870	0				
3088	30880	0				
3089	30890	0				
3090	30900	0				
3091	30910	0				
3092	30920	0				
3093	30930	0				
3094	30940	0				
3095	30950	0				
3096	30960	0				
3097	30970	0				
3098	30980	0				
3099	30990	0				
3100	31000	0				
3101	31010	0				
3102	31020	0				
3103	31030	0				
3104	31040	0				
3105	31050	0				
3106	31060	0				
3107	31070	0				
3108	31080	0				
3109	31090	0				
3110	31100	0				
3111	31110	0				
3112	31120	0				
3113	31130	0				
3114	31140	0				
3115	31150	0				
3116	31160	0				
3117	31170	0				
3118	31180	0				
3119	31190	0				
3120	31200	0				
3121	31210	0				
3122	31220	0				
3123	31230	0				
3124	31240	0				
3125	31250	0				
3126	31260	0				
3127	31270	0				
3128	31280	0				
3129	31290	0				
3130	31300	0				
3131	31310	0				
3132	31320	0				
3133	31330	0				
3134	31340	0				
3135	31350	0				
3136	31360	0				
3137	31370	0				
3138	31380	0				
3139	31390	0				
3140	31400	0				
3141	31410	0				
3142	31420	0				
3143	31430	0				
3144	31440	0				
3145	31450	0				
3146	31460	0				
3147	31470	0				
3148	31480	0				
3149	31490	0				
3150	31500	0				
3151	31510	0				
3152	31520	0				
3153	31530	0				
3154	31540	0				
3155	31550	0				
3156	31560	0				
3157	31570	0				
3158	31580	0				
3159	31590	0				
3160	31600	0				
3161	31610	0				
3162	31620	0				
3163	31630	0				
3164	31640	0				
3165	31650	0				
3166	31660	0				
3167	31670	0				
3168	31680	0				
3169	31690	0				
3170	31700	0				
3171	31710	0				
3172	31720	0				
3173	31730	0				
3174	31740	0				
3175	31750	0				
3176	31760	0				
3177	31770	0				
3178	31780	0				
3179	31790	0				
3180	31800	0				
3181	31810	0				
3182	31820	0				
3183	31830	0				
3184	31840	0				
3185	31850	0				
3186	31860	0				
3187	31870	0				
3188	31880	0				
3189	31890	0				
3190	31900	0				
3191	31910	0				
3192	31920	0				
3193	31930	0				
3194	31940	0				
3195	31950	0				
3196	31960	0				
3197	31970	0				
3198	31980	0				
3199	31990	0				
3200	32000	0				
3201	32010	0				
3202	32020	0				
3203	32030	0				
3204	32040	0				
3205	32050	0				
3206	32060	0				
3207	32070	0				
3208	32080	0				
3209	32090	0				
3210	32100	0				
3211	32110	0				
3212	32120	0				
3213	32130	0				
3214	32140	0				
3215	32150	0				
3216	32160	0				
3217	32170	0				
3218	32180	0				
3219	32190	0				
3220	32200	0				
3221	32210	0				
3222	32220	0				
3223	32230	0				
3224	32240	0				
3225	32250	0				
3226	32260	0				
3227	32270	0				
3228	32280	0				
3229	32290	0				
3230	32300	0				
3231	32310	0				
3232	32320	0				
3233	32330	0				
3234	32340	0				
3235	32350	0				
3236	32360	0				
3237	32370	0				
3238	32380	0				
3239	32390	0				
3240	32400	0				
3241	32410	0				
3242	32420	0				
3243	32430	0				
3244	32440	0				
3245	32450	0				
3246	32460	0				
3247	32470	0				
3248	32480	0				
3249	32490	0				
3250	32500	0				
3251	32510	0				
3252	32520	0				
3253	32530	0				
3254	32540	0				
3255	32550	0				
3256	32560	0				
3257	32570	0				
3258	32580	0				
3259	32590	0				
3260	32600	0				
3261	32610	0				
3262	32620	0				
3263	32630	0				
3264	32640	0				
3265	32650	0				
3266	32660	0				
3267	32670	0				
3268	32680	0				
3269	32690	0				
3270	32700	0				
3271	32710	0				
3272	32720	0				
3273	32730	0				
3274	32740	0				
3275	32750	0				
3276	32760	0				
3277	32770	0				
3278	32780	0				
3279	32790	0				
3280	32800	0				
3281	32810	0				
3282	32820	0				
3283	32830	0				
3284	32840	0				
3285	32850	0				
3286	32860	0				
3287	32870	0				
3288	32880	0				
3289	32890	0				
3290	32900	0				
3291	32910	0				
3292	32920	0				
3293	32930	0				
3294	32940	0				
3295	32950	0				
3296	32960	0				
3297	32970	0				
3298	32980	0				
3299	32990	0				
3300	33000	0				
3301	33010	0				
3302	33020	0				
3303	33030	0				
3304	33040	0				
3305	33050	0				
3306	33060	0				
3307	33070	0				
3308	33080	0				
3309	33090	0				
3310	33100	0				
3311	33110	0				
3312	33120	0				
3313	33130	0				
3314	33140	0				
3315	33150	0				
3316	33160	0				
3317	33170	0				
3318	33180	0				
3319	33190	0				
3320	33200	0				
3321	33210	0				
3322	33220	0				
3323	33230	0				
3324	33240	0				
3325	33250	0				
3326	33260	0				
3327	33270	0				
3328	33280	0				
3329	33290	0				
3330	33300	0				
3331	33310	0				
3332	33320	0				
3333	33330	0				
3334	33340	0				
3335	33350	0				
3336	33360	0				
3337	33370	0				
3338	33380	0				
3339	33390	0				
3340	33400	0				
3341	33410	0				
3342	33420	0				
3343	33430	0				
3344	33440	0				
3345	33450	0				
3346	33460	0				
3347	33470	0				
3348	33480	0				
3349	33490	0				
3350	33500	0				
3351	33510	0				
3352	33520	0				
3353	33530	0				
3354	33540	0				
3355	33550	0				
3356	33560	0				
3357	33570	0				
3358	33580	0				
3359	33590	0				
3360	33600	0				
3361	33610	0				
3362	33620	0				
3363	33630	0				
3364	33640	0				
3365	33650	0				
3366	33660	0				
3367	33670	0				
3368	33680	0				
3369	33690	0				
3370	33700	0				
3371	33710	0				
3372	33720	0				
3373	33730	0				
3374	33740	0				
3375	33750	0				
3376	33760	0				
3377	33770	0				
3378	33780	0				
3379	33790	0				
3380	33800	0				
3381	33810	0				
3382	33820	0				
3383	33830	0				
3384	33840	0				
3385	33850	0				
3386	33860	0				
3387	33870	0				
3388	33880	0				
3389	33890	0				
3390	33900	0				
3391	33910	0				
3392	33920	0				
3393	33930	0				
3394	33940	0				
3395	33950	0				
3396	33960	0				
3397	33970	0				
3398	33980	0				
3399	33990	0				
3400	34000	0				
3401	34010	0				
3402	34020	0				
3403	34030	0				
3404	34040	0				
3405	34050	0				
3406	34060	0				
3407	34070	0				
3408	34080	0				
3409	34090	0				
3410	34100	0				
3411	34110	0				
3412	34120	0				
3413	34130	0				
3414	34140	0				
3415	34150	0				
3416	34160	0				
3417	34170	0				
3418	34180	0				
3419	34190	0				
3420	34200	0				
3421	34210	0				
3422	34220	0				
3423	34230	0				
3424	34240	0				
3425	34250	0				
3426	34260	0				
3427	34270	0				
3428	34280	0				
3429	34290	0				
3430	34300	0				
3431	34310	0				
3432	34320	0				
3433	34330	0				
3434	34340	0				
3435	34350	0				
3436	34360	0				
3437	34370	0				
3438	34380	0				
3439	34390	0				
3440	34400	0				
3441	34410	0				
3442	34420	0				
3443	34430	0				
3444	34440	0				
3445	34450	0				
3446	34460	0				
3447	34470	0				
3448	34480	0				
3449	34490	0				
3450	34500	0				
3451	34510	0				
3452	34520	0				
3453	34530	0				
3454	34540	0				
3455	34550	0				
3456	34560	0				
3457	34570	0				
3458	34580	0				
3459	34590	0				
3460	34600	0				
3461	34610	0				
3462	34620	0				
3463	34630	0				
3464	34640	0				
3465	34650	0				
3466	34660	0				
3467	34670	0				
3468	34680	0				
3469	34690	0				
3470	34700	0				
3471	34710	0				
3472	34720	0				
3473	34730	0				
3474	34740	0				
3475	34750	0				
3476	34760	0				
3477	34770	0				
3478	34780	0				
3479	34790	0				
3480	34800	0				
3481	34810	0				
3482	34820	0				
3483	34830	0				
3484	34840	0				
3485	34850	0		0.000944366197183098		
3486	34860	0		0.00371408450704225		
3487	34870	0		0.000703521126760562		
3488	34880	0		0.00834718309859155		
3489	34890	0		0.0189633802816902		
3490	34900	0		0.0181140845070423		
3491	34910	0		0.018006338028169		
3492	34920	0		0.019787323943662		
3493	34930	0		0.0311514084507042		
3494	34940	0		0.0663718309859155		
3495	34950	0		0.140159154929577		
3496	34960	0		0.196028873239437		
3497	34970	0		0.137579577464789		
3498	34980	0		0.276838732394366		
3499	34990	0		0.307850704225352		
3500	35000	0		0.252678169014084		
3501	35010	0		0.347159154929578		
3502	35020	0		0.276540845070422		
3503	35030	0		0.371459154929578		
3504	35040	0		0.207494366197183		
3505	35050	0		0.165771126760563		
3506	35060	0		0.158285915492958		
3507	35070	0	0	0.144367605633803		
3508	35080	0	0	0.130601408450705		
3509	35090	0	0	0.117373943661972		
3510	35100	0	0	0.104653521126761		
3511	35110	0	0	0.0924274647887324		
3512	35120	0	0	0.0806387323943662		
3513	35130	0	0	0.069319014084507		
3514	35140	0	0	0.0585760563380282		
3515	35150	0	0.1	0.0532267605633803		
3516	35160	0	0	0.0505394366197183		
3517	35170	0	0	0.0480359154929578		
3518	35180	0	0	0.0456845070422535		
3519	35190	0	0	0.0461218309859155		
3520	35200	0	0	0.0442014084507042		
3521	35210	0	0	0.0374767605633803		
3522	35220	0	0	0.0389091549295775		
3523	35230	0	0	0.0359683098591549		
3524	35240	0	0	0.0364943661971831		
3525	35250	0	0	0.0358478873239436		
3526	35260	0	0	0.0263598591549296		
3527	35270	0	0	0.0327929577464789	0.00187499141121245	0.0309179663352664
3528	35280	0.999451028872322	0	0.0249654929577465	0.00150134858730713	0.0234641443704394
3529	35290	0.999983376272651	0	0.0224619718309859	0.00093661902222045	0.0215253528087655
3530	35300	0.999811904102691	0	0.0200915492957747	0.00037455630329577	0.0197169929924789
3531	35310	0.98731704710927	0	0.0133922535211268	0.000364817129381516	0.0130274363917452
3532	35320	0.994353689503421	0	0.0158260563380282	0.00082254100533052	0.0150035153326977
3533	35330	0.980290228897179	0	0.0108570422535211	0.000947968581325462	0.00990907367219566
3534	35340	0.977459906469674	0	0.0101028169014085	0.000608154664811794	0.00949466223659667
3535	35350	0.973515258117589	0	0.0104640845070423	0.000773073157190538	0.00969101134985173
3536	35360	0.96806847876186	0	0.00695915492957747	0	0.00695915492957747
3537	35370	0.993923440778995	0	0.0144443661971831	0	0.0144443661971831
3538	35380	0.975993822184776	0	0.00875281690140845	0	0.00875281690140845
3539	35390	0.97679862614701	0	0.00894929577464789	0	0.00894929577464789
3540	35400	0	0	0.00809366197183099	0	0.00809366197183099
3541	35410	0.958371296109998	0	0.00501971830985915	0	0.00501971830985915
3542	35420	0	0	0.00605915492957747	0	0.00605915492957747
3543	35430	0.954717111363999	0	0.00434154929577465	0	0.00434154929577465
3544	35440	0.955823843749178	0	0.0045443661971831	0	0.0045443661971831
3545	35450	0.958270658564845	0	0.00500070422535211	0	0.00500070422535211
3546	35460	0.954432189490841	0.025	0.00448098591549296	0.000267130564957489	0.00421385535053547
3547	35470	0.949628922908614	0.025	0.00591338028169014	0.00225276987663356	0.00366061040505658
3548	35480	0.923256222620993	0.05	0.00375211267605634	0.00459228845355547	-0.000840175777499128
3549	35490	0.958283109554849	0.05	0.0138485915492958	0.00851062813735434	0.00533796341194143
3550	35500	0.943007529713367	0	0.0145267605633803	0.0116141411080716	0.00291261945530866
3551	35510	0.973192047238744	0	0.0190838028169014	0.0108308498920793	0.00825295292482213
3552	35520	0.959955429294619	0	0.0158197183098592	0.00930385832286281	0.00651585998699636
3553	35530	0.951328474866414	0	0.0125302816901409	0.00765673404090941	0.00487354764923145
3554	35540	0.966246485896551	0	0.0136711267605634	0.00639978557545775	0.00727134118510562
3555	35550	0.944787725616069	0.025	0.00902535211267605	0.00581486172370993	0.00321049038896613
3556	35560	0.945190577952947	0	0.0100774647887324	0.00684684532200974	0.00323061946672266
3557	35570	0.943847529808314	0	0.00835352112676056	0.00619729016714478	0.00215623095961578
3558	35580	0.936416197746073	0	0.00692746478873239	0.00548034592625773	0.00144711886247466
3559	35590	0.946561173267147	0	0.00835352112676056	0.0045914531084462	0.00376206801831437
3560	35600	0.934546793336462	0	0.00576760563380282	0.00379056418771229	0.00197704144609052
3561	35610	0.944108638921694	0	0.00745352112676057	0.00306836219668334	0.00438515893007723
3562	35620	0.936757180812407	0	0.00590704225352113	0.0023668165899883	0.00354022566353283
3563	35630	0.943093018636852	0	0.00563450704225352	0.0017738525422757	0.00386065449997782
3564	35640	0.949562525984565	0.05	0.0062556338028169	0.0020421054696311	0.0042135283331858
3565	35650	0.914826744442043	0	0.00507042253521127	0.00555083474007311	-0.000480412204861841
3566	35660	0.91979346795645	0.15	0.00592605633802817	0.00747226593474592	-0.00154620959671775
3567	35670	0.80657342889403	0.15	0.00578661971830986	0.0188220977692163	-0.0130354780509065
3568	35680	0.709194639311462	0.05	0.00518450704225352	0.0290791483069216	-0.0238946412646681
3569	35690	0.70020784309675	0.025	0.00527323943661972	0.0314002048974573	-0.0261269654608375
3570	35700	0.69486162338593	0	0.00465211267605634	0.0293173699082618	-0.0246652572322055
3571	35710	0.741272593954545	0.075	0.00567253521126761	0.0256804023309674	-0.0200078671196998
3572	35720	0.690845325777772	0.375	0.00479154929577465	0.0307219473095498	-0.0259303980137752
3573	35730	0.483018713630308	0.2	0.00691478873239437	0.0559351377471926	-0.0490203490147982
3574	35740	0.436844753718499	0.05	0.00725704225352113	0.068715600465717	-0.0614585582121959
3575	35750	0.438291400456601	0	0.00772605633802817	0.0674987150561711	-0.059772658718143
3576	35760	0.46932711176503	0.05	0.00784647887323944	0.0586848871781605	-0.050838408304921
3577	35770	0.505910410148555	0	0.00617957746478873	0.0518553748569945	-0.0456757973922058
3578	35780	0.571468682839637	0.05	0.00777676056338028	0.0446619373486736	-0.0368851767852933
3579	35790	0.567286735868827	0	0.00744718309859155	0.0425124817415193	-0.0350652986429278
3580	35800	0.62036576699972	0.025	0.00785915492957747	0.0370303622393188	-0.0291712073097413
3581	35810	0.675045882799905	0	0.00774507042253521	0.0326799434988132	-0.024934873076278
3582	35820	0.709986785234806	0	0.00631267605633803	0.0273768684085821	-0.021064192352244
3583	35830	0.761197383266503	0	0.00683239436619719	0.0238600462365193	-0.0170276518703221
3584	35840	0.743129788647472	0	0.00512112676056338	0.021935461997667	-0.0168143352371036
3585	35850	0.741620619131268	0	0.00560915492957747	0.01847977983297	-0.0128706249033926
3586	35860	0	0	0.00501338028169014	0.0143738342494028	-0.00936045396771263
3587	35870	0	0	0.00609084507042254	0.00934512996098215	-0.00325428489055961
3588	35880	0	0	0.00730774647887324	0.00669358087878562	0.000614165600087619
3589	35890	0	0	0.00561549295774648	0.00734017997054633	-0.00172468701279985
3590	35900	0	0	0.00591971830985916	0.0078411402084782	-0.00192142189861905
3591	35910	0	0	0.00570422535211268	0.00659968974379835	-0.000895464391685676
3592	35920	0	0	0.00486760563380282	0.00570878388835493	-0.000841178254552114
3593	35930	0	0	0.00495	0.0028241094479269	0.0021258905520731
3594	35940	0	0	0.00403098591549296	0.00127708418950387	0.00275390172598909
3595	35950	0	0	0.0045	0.000808986910895099	0.0036910130891049
3596	35960	0	0	0.00370774647887324	0.000951725151603379	0.00275602132726986
3597	35970	0	0	0.00351760563380282	0.000509712583738527	0.00300789305006429
3598	35980	0	0	0.00341619718309859	0.000623528723926634	0.00279266845917196
3599	35990	0	0	0.0028774647887324	0.000152038666202948	0.00272542612252945
3600	36000	0	0	0.00300422535211268	0.000193268289297634	0.00281095706281504
3601	36010	0	0	0.0022056338028169	0	0.0022056338028169
3602	36020	0	0	0.00238309859154929	0	0.00238309859154929
3603	36030	0	0	0.00228169014084507	0	0.00228169014084507
3604	36040	0	0	0.00213591549295775	0	0.00213591549295775
3605	36050	0	0	0.00252887323943662	0	0.00252887323943662
3606	36060	0	0.025	0.00224366197183099	0.000267130564957489	0.0019765314068735
3607	36070	0	0	0.00275704225352113	0.00198563931167607	0.000771402941845055
3608	36080	0	0.65	0.00263661971830986	0.00901778270085913	-0.00638116298254927
3609	36090	0	0.025	0.0028330985915493	0.0538264530406582	-0.0509933544491089
3610	36100	0	0	0.00253521126760563	0.0574331137114187	-0.0548979024438131
3611	36110	0	0	0.00185070422535211	0.0535778847223941	-0.051727180497042
3612	36120	0	0	0.00201549295774648	0.0436851370435319	-0.0416696440857854
3613	36130	0	0.1	0.00170492957746479	0.0362343606917149	-0.0345294311142501
3614	36140	0	0	0.00192676056338028	0.0373816271449377	-0.0354548665815574
3615	36150	0	0	0.00166056338028169	0.0350752057440506	-0.0334146423637689
3616	36160	0	0	0.00144507042253521	0.0306476961452062	-0.029202625722671
3617	36170	0	0	0.00155915492957746	0.0256609003673053	-0.0241017454377279
3618	36180	0		0.00350492957746479		
3619	36190	0		0.00470915492957746		
3620	36200	0		0.00461408450704225		
3621	36210	0	1.375	0.0258401408450704		
3622	36220	0	0.3	0.0753401408450704		
3623	36230	0	0.075	0.0704598591549296		
3624	36240	0	0.025	0.0572007042253521		
3625	36250	0	0	0.0462612676056338		
3626	36260	0	0.075	0.0379521126760563		
3627	36270	0	0	0.0327232394366197		
3628	36280	0	0	0.0276401408450704		
3629	36290	0	0	0.0238056338028169		
3630	36300	0	0	0.0195971830985916		
3631	36310	0	0	0.0169352112676056		
3632	36320	0	0	0.0143049295774648		
3633	36330	0	0	0.0123401408450704		
3634	36340	0	0	0.0109204225352113		
3635	36350	0	0	0.00928521126760563		
3636	36360	0	0	0.00881619718309859		
3637	36370	0	0	0.00778943661971831		
3638	36380	0	0	0.00744084507042254		
3639	36390	0	0	0.00716830985915493		
3640	36400	0	0	0.0063887323943662		
3641	36410	0	0	0.00651549295774648	0.0136517488206038	-0.00713625586285735
3642	36420	0	0	0.00581197183098592	0.00328594046254796	0.00252603136843796
3643	36430	0	0	0.00575492957746479	0.00134874928809374	0.00440618028937105
3644	36440	0	0	0.00534295774647887	0.000904244725291731	0.00443871302118714
3645	36450	0	0	0.00484859154929577	0.000456115998608845	0.00439247555068692
3646	36460	0	0	0.0050387323943662	0.000579804867892903	0.0044589275264733
3647	36470	0	0.025	0.00482957746478873	0.000267130564957489	0.00456244689983124
3648	36480	0	0	0.0049943661971831	0.00198563931167607	0.00300872688550703
3649	36490	0	0	0.00659154929577465	0.00207238801196441	0.00451916128381023
3650	36500	0	0.025	0.00697183098591549	0.00219983093708029	0.00477200004883521
3651	36510	0	0	0.00974788732394366	0.00355102540034394	0.00619686192359972
3652	36520	0	0.025	0.0144887323943662	0.0035948056121589	0.0108939267822073
3653	36530	0	0	0.0157183098591549	0.00497073804984336	0.0107475718093116
3654	36540	0	0.425	0.0207507042253521	0.00914198313196479	0.0116087210933873
3655	36550	0	0.05	0.0306	0.0382995421816076	-0.00769954218160759
3656	36560	0	0.025	0.0287556338028169	0.0427823200731305	-0.0140266862703136
3657	36570	0	0.075	0.0345676056338028	0.0426028360566877	-0.0080352304228849
3658	36580	0	0.05	0.0500007042253521	0.0414084998126346	0.00859220441271749
3659	36590	0	0.05	0.0538288732394366	0.0392533234442196	0.014575549795217
3660	36600	0	0.2	0.0614788732394366	0.0398115413957045	0.0216673318437321
3661	36610	0	0.625	0.0901838028169015	0.0564244474333003	0.0337593553836013
3662	36620	0	0	0.116588028169014	0.095083962180795	0.0215040659882191
3663	36630	0	0.025	0.110383098591549	0.0917275153612728	0.0186555832302766
3664	36640	0	0.025	0.0939485915492958	0.0838651166748531	0.0100834748744427
3665	36650	0	0	0.0813042253521127	0.0707256796444491	0.0105785457076636
3666	36660	0	0.325	0.0751183098591549	0.0629658157478195	0.0121524941113354
3667	36670	0	0.05	0.0711507042253521	0.0769888976590058	-0.00583819343365366
3668	36680	0	0.325	0.0650471830985916	0.0774472683547275	-0.012400085256136
3669	36690	0	0	0.0693950704225352	0.0898721632173305	-0.0204770927947953
3670	36700	0	0.15	0.0676267605633803	0.0823916236380693	-0.014764863074689
3671	36710	0	0.075	0.0655288732394366	0.0842630847798486	-0.018734211540412
3672	36720	0	0.7	0.0774633802816902	0.0862577420856039	-0.0087943618039137
3673	36730	0	0.575	0.113932394366197	0.130704908067946	-0.0167725137017484
3674	36740	0	0.025	0.160567605633803	0.162600684416808	-0.0020330787830051
3675	36750	0	0	0.162304225352113	0.148606765543058	0.0136974598090549
3676	36760	0	0	0.133440845070423	0.125713484631833	0.00772736043858996
3677	36770	0	0.125	0.115535915492958	0.105907416808114	0.00962849868484408
3678	36780	0	0	0.0961478873239437	0.100546097974021	-0.00439821065007698
3679	36790	0	0	0.0833387323943662	0.0893768044226208	-0.00603807202825457
3680	36800	0	0	0.0712838028169014	0.0770645955450038	-0.00578079272810234
3681	36810	0	0	0.0617197183098592	0.0637522915543106	-0.00203257324445139
3682	36820	0	0	0.0554957746478873	0.0489076482851304	0.00658812636275694
3683	36830	0	0	0.0480929577464789	0.0415975873624577	0.00649537038402117
3684	36840	0	0	0.0442140845070422	0.0373040953387679	0.00690998916827437
3685	36850	0	0	0.0388964788732395	0.0322799561672972	0.00661652270594222
3686	36860	0	0	0.0356323943661972	0.0258610924230567	0.00977130194314049
3687	36870	0	0	0.0327866197183099	0.0152374854310834	0.0175491342872265
3688	36880	0	0	0.0289964788732394	0.0119636436532497	0.0170328352199898
3689	36890	0	0	0.0272725352112676	0.0119160723043086	0.015356462906959
3690	36900	0	0.025	0.0253140845070423	0.0152161371657601	0.0100979473412821
3691	36910	0	0.1	0.0253077464788732	0.0147182774648111	0.0105894690140621
3692	36920	0	0.125	0.0233302816901409	0.0209641870309088	0.00236609465923204
3693	36930	0	0.25	0.0259288732394366	0.0278749853597112	-0.00194611212027453
3694	36940	0	0.2	0.0294591549295775	0.0428730098193626	-0.0134138548897851
3695	36950	0	0.3	0.0367669014084507	0.0581798553697219	-0.0214129539612711
3696	36960	0	0.025	0.0522316901408451	0.0746615804033602	-0.0224298902625151
3697	36970	0	0.025	0.0551408450704225	0.0706522493977739	-0.0155114043273513
3698	36980	0	0	0.0533218309859155	0.0622617657351097	-0.00893993474919425
3699	36990	0	0.025	0.0508183098591549	0.0524193107007478	-0.00160100084159284
3700	37000	0	0	0.046825352112676	0.046082345268101	0.000743006844575025
3701	37010	0	0	0.0450316901408451	0.0397991912603741	0.00523249888047097
3702	37020	0	0.025	0.0415267605633803	0.0350196526278062	0.00650710793557405
3703	37030	0	0	0.0399549295774648	0.03167727395479	0.00827765562267479
3704	37040	0	0	0.0372992957746479	0.0272539127726168	0.0100453830020311
3705	37050	0	0.025	0.0353915492957746	0.0234789202678035	0.0119126290279711
3706	37060	0	0.05	0.0341239436619718	0.0214102783428907	0.0127136653190811
3707	37070	0	0	0.0315823943661972	0.0212192367501039	0.0103631576160933
3708	37080	0	0	0.0303971830985916	0.0176175267408468	0.0127796563577448
3709	37090	0	0	0.0277669014084507	0.0144339034983274	0.0133329979101233
3710	37100	0	0	0.0260619718309859	0.0122071605957807	0.0138548112352052
3711	37110	0	0	0.0249021126760563	0.0116977656877387	0.0132043469883177
3712	37120	0	0	0.0236915492957747	0.011075101189131	0.0126164481066436
3713	37130	0	0	0.0232352112676056	0.009765441228003	0.0134697700396026
3714	37140	0	0	0.0219992957746479	0.00671400555250017	0.0152852902221477
3715	37150	0	0	0.021619014084507	0.00516269840353569	0.0164563156809713
3716	37160	0	0	0.0206429577464789	0.00247293421029317	0.0181700235361857
3717	37170	0	0	0.0198	0.00198093690774323	0.0178190630922568
3718	37180	0	0	0.0192042253521127	0.00155607580098133	0.0176481495511313
3719	37190	0	0	0.0179239436619718	0.00138373258983894	0.0165402110721329
3720	37200	0	0	0.0176197183098591	0.000798940732265533	0.0168207775775936
3721	37210	0	0	0.0164091549295775	0.000430521100196212	0.0159786338293812
3722	37220	0	0	0.0161239436619719	0.000581312105321022	0.0155426315566508
3723	37230	0	0	0.0155788732394366	0.000648262647996625	0.01493061059144
3724	37240	0	0	0.0147739436619718	0.000626022956865679	0.0141479207051062
3725	37250	0	0	0.0148816901408451	0.000497345621703531	0.0143843445191415
3726	37260	0	0	0.013924647887324	0.000386536578595269	0.0135381113087287
3727	37270	0	0	0.0137661971830986	0	0.0137661971830986
3728	37280	0	0	0.0133478873239437	0	0.0133478873239437
3729	37290	0	0	0.0129422535211268	0	0.0129422535211268
3730	37300	0	0	0.0130246478873239	0	0.0130246478873239
3731	37310	0	0	0.0122957746478873	0	0.0122957746478873
3732	37320	0	0	0.0124161971830986	0	0.0124161971830986
3733	37330	0	0	0.0118964788732394	0	0.0118964788732394
3734	37340	0	0	0.0119218309859155	0	0.0119218309859155
3735	37350	0	0	0.0117633802816902	0	0.0117633802816902
3736	37360	0	0	0.0113957746478874	0	0.0113957746478874
3737	37370	0	0	0.0114147887323944	0	0.0114147887323944
3738	37380	0	0	0.0107176056338028	0	0.0107176056338028
3739	37390	0	0	0.0108507042253521	0	0.0108507042253521
3740	37400	0	0	0.0104577464788732	0	0.0104577464788732
3741	37410	0	0	0.0101408450704225	0	0.0101408450704225
3742	37420	0	0	0.0101408450704225	0	0.0101408450704225
3743	37430	0	0	0.0101408450704225	0	0.0101408450704225
3744	37440	0	0	0.0101408450704225	0	0.0101408450704225
3745	37450	0	0	0.0101408450704225	0	0.0101408450704225
3746	37460	0	0	0.0101408450704225	0	0.0101408450704225
3747	37470	0	0.025	0.0101408450704225	0.000267130564957489	0.00987371450546501
3748	37480	0	0.425	0.0101408450704225	0.00652685891595339	0.00361398615446911
3749	37490	0	0.05	0.0101408450704225	0.0363625174403727	-0.0262216723699502
3750	37500	0	0.025	0.0101408450704225	0.0414017057638275	-0.031260860693405
3751	37510	0	0	0.0101408450704225	0.0405517077503603	-0.0304108626799378
3752	37520	0	0.05	0.00989366197183098	0.0343389004287157	-0.0244452384568848
3753	37530	0	0	0.00988732394366197	0.0314270291378841	-0.0215397051942221
3754	37540	0	0	0.00988732394366197	0.0270744978328822	-0.0171871738892203
3755	37550	0	0	0.00988732394366197	0.0244177301173494	-0.0145304061736874
3756	37560	0	0	0.00988732394366197	0.0207689105034771	-0.0108815865598151
3757	37570	0	0	0.00988732394366197	0.0175372742811683	-0.0076499503375063
3758	37580	0	0	0.00988732394366197	0.0149578133467198	-0.00507048940305785
3759	37590	0	0	0.00988732394366197	0.0126844105374293	-0.00279708659376729
3760	37600	0	0	0.00988732394366197	0.0115720371184767	-0.0016847131748147
3761	37610	0	0	0.00988732394366197	0.0094375871828872	0.000449736760774774
3762	37620	0	0	0.00988732394366197	0.00648738454237879	0.00339993940128318
3763	37630	0	0	0.00988732394366197	0.00351500477377659	0.00637231916988538
3764	37640	0	0	0.00988732394366197	0.00311503666401329	0.00677228727964868
3765	37650	0	0	0.00972887323943662	0.00475951335215434	0.00496935988728228
3766	37660	0	0	0.00963380281690141	0.00515168943295702	0.00448211338394439
3767	37670	0	0	0.00963380281690141	0.003644823308391	0.00598897950851041
3768	37680	0	0	0.00963380281690141	0.00400903896048781	0.00562476385641361
3769	37690	0	0	0.00963380281690141	0.000949845747463477	0.00868395706943794
3770	37700	0	0	0.00963380281690141	0.000667252579960365	0.00896655023694105
3771	37710	0	0	0.00963380281690141	0.000304077332405897	0.00932972548449552
3772	37720	0	0	0.00963380281690141	0.000386536578595269	0.00924726623830614
3773	37730	0	0.025	0.00963380281690141	0.000267130564957489	0.00936667225194392
3774	37740	0	0.05	0.00963380281690141	0.00251990044159105	0.00711390237531036
3775	37750	0	0.025	0.00963380281690141	0.00631079720027405	0.00332300561662736
3776	37760	0	0	0.00963380281690141	0.0080631157077277	0.00157068710917371
3777	37770	0	0	0.00963380281690141	0.00750317484487787	0.00213062797202354
3778	37780	0	0		0.00631875958469553	
3779	37790	0				
3780	37800	0				
3781	37810	0				
3782	37820	0				
3783	37830	0				
3784	37840	0				
3785	37850	0				
3786	37860	0				
3787	37870	0				
3788	37880	0				
3789	37890	0				
3790	37900	0				
3791	37910	0				
3792	37920	0				
3793	37930	0				
3794	37940	0				
3795	37950	0				
3796	37960	0				
3797	37970	0				
3798	37980	0				
3799	37990	0				
3800	38000	0				
3801	38010	0				
3802	38020	0				
3803	38030	0				
3804	38040	0				
3805	38050	0				
3806	38060	0				
3807	38070	0				
3808	38080	0				
3809	38090	0				
3810	38100	0				
3811	38110	0				
3812	38120	0				
3813	38130	0				
3814	38140	0				
3815	38150	0				
3816	38160	0				
3817	38170	0				
3818	38180	0				
3819	38190	0				
3820	38200	0				
3821	38210	0				
3822	38220	0				
3823	38230	0				
3824	38240	0				
3825	38250	0				
3826	38260	0				
3827	38270	0				
3828	38280	0				
3829	38290	0				
3830	38300	0				
3831	38310	0				
3832	38320	0				
3833	38330	0				
3834	38340	0				
3835	38350	0				
3836	38360	0				
3837	38370	0				
3838	38380	0				
3839	38390	0				
3840	38400	0				
3841	38410	0				
3842	38420	0				
3843	38430	0				
3844	38440	0				
3845	38450	0				
3846	38460	0				
3847	38470	0				
3848	38480	0				
3849	38490	0				
3850	38500	0				
3851	38510	0				
3852	38520	0				
3853	38530	0				
3854	38540	0				
3855	38550	0				
3856	38560	0				
3857	38570	0				
3858	38580	0				
3859	38590	0				
3860	38600	0				
3861	38610	0				
3862	38620	0				
3863	38630	0				
3864	38640	0				
3865	38650	0				
3866	38660	0				
3867	38670	0				
3868	38680	0				
3869	38690	0				
3870	38700	0				
3871	38710	0				
3872	38720	0				
3873	38730	0				
3874	38740	0				
3875	38750	0				
3876	38760	0				
3877	38770	0				
3878	38780	0				
3879	38790	0				
3880	38800	0				
3881	38810	0				
3882	38820	0				
3883	38830	0				
3884	38840	0				
3885	38850	0				
3886	38860	0				
3887	38870	0				
3888	38880	0				
3889	38890	0				
3890	38900	0				
3891	38910	0				
3892	38920	0				
3893	38930	0				
3894	38940	0				
3895	38950	0				
3896	38960	0				
3897	38970	0				
3898	38980	0				
3899	38990	0				
3900	39000	0				
3901	39010	0				
3902	39020	0				
3903	39030	0				
3904	39040	0				
3905	39050	0				
3906	39060	0				
3907	39070	0				
3908	39080	0				
3909	39090	0				
3910	39100	0				
3911	39110	0				
3912	39120	0				
3913	39130	0				
3914	39140	0				
3915	39150	0				
3916	39160	0				
3917	39170	0				
3918	39180	0				
3919	39190	0				
3920	39200	0				
3921	39210	0				
3922	39220	0				
3923	39230	0				
3924	39240	0				
3925	39250	0				
3926	39260	0				
3927	39270	0				
3928	39280	0				
3929	39290	0				
3930	39300	0				
3931	39310	0				
3932	39320	0				
3933	39330	0				
3934	39340	0				
3935	39350	0				
3936	39360	0				
3937	39370	0				
3938	39380	0				
3939	39390	0				
3940	39400	0				
3941	39410	0				
3942	39420	0				
3943	39430	0				
3944	39440	0				
3945	39450	0				
3946	39460	0				
3947	39470	0				
3948	39480	0				
3949	39490	0				
3950	39500	0				
3951	39510	0				
3952	39520	0				
3953	39530	0				
3954	39540	0				
3955	39550	0				
3956	39560	0				
3957	39570	0				
3958	39580	0				
3959	39590	0				
3960	39600	0				
3961	39610	0				
3962	39620	0				
3963	39630	0				
3964	39640	0				
3965	39650	0				
3966	39660	0				
3967	39670	0				
3968	39680	0				
3969	39690	0				
3970	39700	0				
3971	39710	0				
3972	39720	0				
3973	39730	0				
3974	39740	0				
3975	39750	0				
3976	39760	0				
3977	39770	0				
3978	39780	0				
3979	39790	0				
3980	39800	0				
3981	39810	0				
3982	39820	0				
3983	39830	0				
3984	39840	0				
3985	39850	0				
3986	39860	0				
3987	39870	0				
3988	39880	0				
3989	39890	0				
3990	39900	0				
3991	39910	0				
3992	39920	0				
3993	39930	0				
3994	39940	0				
3995	39950	0				
3996	39960	0				
3997	39970	0				
3998	39980	0				
3999	39990	0				
4000	40000	0				
4001	40010	0				
4002	40020	0				
4003	40030	0				
4004	40040	0				
4005	40050	0				
4006	40060	0				
4007	40070	0				
4008	40080	0				
4009	40090	0				
4010	40100	0				
4011	40110	0				
4012	40120	0				
4013	40130	0				
4014	40140	0				
4015	40150	0				
4016	40160	0				
4017	40170	0				
4018	40180	0				
4019	40190	0				
4020	40200	0				
4021	40210	0				
4022	40220	0				
4023	40230	0				
4024	40240	0				
4025	40250	0				
4026	40260	0				
4027	40270	0				
4028	40280	0				
4029	40290	0				
4030	40300	0				
4031	40310	0				
4032	40320	0				
4033	40330	0				
4034	40340	0				
4035	40350	0				
4036	40360	0				
4037	40370	0				
4038	40380	0				
4039	40390	0				
4040	40400	0				
4041	40410	0				
4042	40420	0				
4043	40430	0				
4044	40440	0				
4045	40450	0				
4046	40460	0				
4047	40470	0				
4048	40480	0				
4049	40490	0				
4050	40500	0				
4051	40510	0				
4052	40520	0				
4053	40530	0				
4054	40540	0				
4055	40550	0				
4056	40560	0				
4057	40570	0				
4058	40580	0				
4059	40590	0				
4060	40600	0				
4061	40610	0				
4062	40620	0				
4063	40630	0				
4064	40640	0				
4065	40650	0				
4066	40660	0				
4067	40670	0				
4068	40680	0				
4069	40690	0				
4070	40700	0				
4071	40710	0				
4072	40720	0				
4073	40730	0				
4074	40740	0				
4075	40750	0				
4076	40760	0				
4077	40770	0				
4078	40780	0				
4079	40790	0				
4080	40800	0				
4081	40810	0				
4082	40820	0				
4083	40830	0				
4084	40840	0				
4085	40850	0				
4086	40860	0				
4087	40870	0				
4088	40880	0				
4089	40890	0				
4090	40900	0				
4091	40910	0				
4092	40920	0				
4093	40930	0				
4094	40940	0				
4095	40950	0				
4096	40960	0				
4097	40970	0				
4098	40980	0				
4099	40990	0				
4100	41000	0				
4101	41010	0				
4102	41020	0				
4103	41030	0				
4104	41040	0				
4105	41050	0				
4106	41060	0				
4107	41070	0				
4108	41080	0				
4109	41090	0				
4110	41100	0				
4111	41110	0				
4112	41120	0				
4113	41130	0				
4114	41140	0				
4115	41150	0				
4116	41160	0				
4117	41170	0				
4118	41180	0				
4119	41190	0				
4120	41200	0				
4121	41210	0				
4122	41220	0				
4123	41230	0				
4124	41240	0				
4125	41250	0				
4126	41260	0				
4127	41270	0				
4128	41280	0				
4129	41290	0				
4130	41300	0				
4131	41310	0				
4132	41320	0				
4133	41330	0				
4134	41340	0				
4135	41350	0				
4136	41360	0				
4137	41370	0				
4138	41380	0				
4139	41390	0				
4140	41400	0				
4141	41410	0				
4142	41420	0				
4143	41430	0				
4144	41440	0				
4145	41450	0				
4146	41460	0				
4147	41470	0				
4148	41480	0				
4149	41490	0				
4150	41500	0				
4151	41510	0				
4152	41520	0				
4153	41530	0				
4154	41540	0				
4155	41550	0				
4156	41560	0				
4157	41570	0				
4158	41580	0				
4159	41590	0				
4160	41600	0				
4161	41610	0				
4162	41620	0				
4163	41630	0				
4164	41640	0				
4165	41650	0				
4166	41660	0				
4167	41670	0				
4168	41680	0				
4169	41690	0				
4170	41700	0				
4171	41710	0				
4172	41720	0				
4173	41730	0				
4174	41740	0				
4175	41750	0				
4176	41760	0				
4177	41770	0				
4178	41780	0				
4179	41790	0				
4180	41800	0				
4181	41810	0				
4182	41820	0				
4183	41830	0				
4184	41840	0				
4185	41850	0				
4186	41860	0				
4187	41870	0				
4188	41880	0				
4189	41890	0				
4190	41900	0				
4191	41910	0				
4192	41920	0				
4193	41930	0				
4194	41940	0				
4195	41950	0				
4196	41960	0				
4197	41970	0				
4198	41980	0				
4199	41990	0				
4200	42000	0				
4201	42010	0				
4202	42020	0				
4203	42030	0				
4204	42040	0				
4205	42050	0				
4206	42060	0				
4207	42070	0				
4208	42080	0				
4209	42090	0				
4210	42100	0				
4211	42110	0				
4212	42120	0				
4213	42130	0				
4214	42140	0				
4215	42150	0				
4216	42160	0				
4217	42170	0				
4218	42180	0				
4219	42190	0				
4220	42200	0				
4221	42210	0				
4222	42220	0				
4223	42230	0				
4224	42240	0				
4225	42250	0				
4226	42260	0				
4227	42270	0				
4228	42280	0				
4229	42290	0				
4230	42300	0				
4231	42310	0				
4232	42320	0				
4233	42330	0				
4234	42340	0				
4235	42350	0				
4236	42360	0				
4237	42370	0				
4238	42380	0				
4239	42390	0				
4240	42400	0				
4241	42410	0				
4242	42420	0				
4243	42430	0				
4244	42440	0				
4245	42450	0				
4246	42460	0				
4247	42470	0				
4248	42480	0				
4249	42490	0				
4250	42500	0				
4251	42510	0				
4252	42520	0				
4253	42530	0				
4254	42540	0				
4255	42550	0				
4256	42560	0				
4257	42570	0				
4258	42580	0				
4259	42590	0				
4260	42600	0				
4261	42610	0				
4262	42620	0				
4263	42630	0				
4264	42640	0				
4265	42650	0				
4266	42660	0				
4267	42670	0				
4268	42680	0				
4269	42690	0				
4270	42700	0				
4271	42710	0				
4272	42720	0				
4273	42730	0				
4274	42740	0				
4275	42750	0				
4276	42760	0				
4277	42770	0				
4278	42780	0				
4279	42790	0				
4280	42800	0				
4281	42810	0				
4282	42820	0				
4283	42830	0				
4284	42840	0				
4285	42850	0				
4286	42860	0				
4287	42870	0				
4288	42880	0				
4289	42890	0				
4290	42900	0				
4291	42910	0				
4292	42920	0				
4293	42930	0				
4294	42940	0				
4295	42950	0				
4296	42960	0				
4297	42970	0				
4298	42980	0				
4299	42990	0				
4300	43000	0				
4301	43010	0				
4302	43020	0				
4303	43030	0				
4304	43040	0				
4305	43050	0				
4306	43060	0				
4307	43070	0				
4308	43080	0				
4309	43090	0				
4310	43100	0				
4311	43110	0				
4312	43120	0				
4313	43130	0				
4314	43140	0				
4315	43150	0				
4316	43160	0				
4317	43170	0				
4318	43180	0				
4319	43190	0				
4320	43200	0				
4321	43210	0				
4322	43220	0				
4323	43230	0				
4324	43240	0				
4325	43250	0				
4326	43260	0				
4327	43270	0				
4328	43280	0				
4329	43290	0				
4330	43300	0				
4331	43310	0				
4332	43320	0				
4333	43330	0				
4334	43340	0				
4335	43350	0				
4336	43360	0				
4337	43370	0				
4338	43380	0				
4339	43390	0				
4340	43400	0				
4341	43410	0				
4342	43420	0				
4343	43430	0				
4344	43440	0				
4345	43450	0				
4346	43460	0				
4347	43470	0				
4348	43480	0				
4349	43490	0				
4350	43500	0				
4351	43510	0				
4352	43520	0	0			
4353	43530	0	0			
4354	43540	0	0			
4355	43550	0	0			
4356	43560	0	0			
4357	43570	0	0			
4358	43580	0	0	0.00906338028169014		
4359	43590	0	0	0.0128767605633803		
4360	43600	0	0	0.0158070422535211		
4361	43610	0	0	0.0131133802816901		
4362	43620	0	0.2	0.0123908450704225		
4363	43630	0	0.05	0.0125683098591549		
4364	43640	0	0.025	0.0154330985915493		
4365	43650	0	0	0.0263408450704226		
4366	43660	0	0.025	0.0334140845070423		
4367	43670	0	0	0.0391943661971831		
4368	43680	0	0	0.0480422535211268		
4369	43690	0	0	0.0695535211267606		
4370	43700	0	0	0.0802647887323944		
4371	43710	0	0	0.0797133802816901		
4372	43720	0	0	0.102954929577465	0.00803965406795608	0.0949152755095087
4373	43730	0	0	0.0772035211267606	0.00680537030737865	0.0703981508193819
4374	43740	0	0	0.0644577464788732	0.00615654395058229	0.058301202528291
4375	43750	0	0	0.0449302816901409	0.00512986787917756	0.0398004138109633
4376	43760	0	0.8	0.027456338028169	0.0122376845073679	0.0152186535208012
4377	43770	0	0.025	0.0315570422535211	0.065894492575364	-0.0343374503218429
4378	43780	0	0.025	0.0353661971830986	0.0701890012782639	-0.0348228040951654
4379	43790	0	0.025	0.0381549295774648	0.06846803659453	-0.0303131070170652
4380	43800	0	0.075	0.0394922535211268	0.0595170409312242	-0.0200247874100974
4381	43810	0	0.375	0.0408295774647887	0.0576931039571723	-0.0168635264923836
4382	43820	0	0	0.0420021126760563	0.0766102949949495	-0.0346081823188931
4383	43830	0	0.15	0.040069014084507	0.0739196483374258	-0.0338506342529188
4384	43840	0	0	0.0369	0.0755870460477344	-0.0386870460477344
4385	43850	0	0.05	0.033737323943662	0.0654610606974043	-0.0317237367537423
4386	43860	0	0	0.0305746478873239	0.0593262743822633	-0.0287516264949394
4387	43870	0	0	0.0274119718309859	0.0501384708499476	-0.0227264990189616
4388	43880	0	0.075	0.0249781690140845	0.0458940846203739	-0.0209159156062894
4389	43890	0	0	0.0249147887323944	0.0433805787376995	-0.0184657900053052
4390	43900	0	0	0.0250985915492958	0.0355603487325297	-0.0104617571832339
4391	43910	0	0.025	0.0253521126760563	0.0276083985541937	-0.00225628587813742
4392	43920	0	0.2	0.0255295774647887	0.027358085467052	-0.00182850800226332
4393	43930	0.70162754033707	0.175	0.0257133802816902	0.043973761073345	-0.0182603807916548
4394	43940	0	0.025	0.0258908450704226	0.0544982831287228	-0.0286074380583002
4395	43950	0.633574943313843	0	0.026112676056338	0.0496067998930249	-0.0234941238366869
4396	43960	0.604233128478067	0	0.0263281690140845	0.0435417051291571	-0.0172135361150726
4397	43970	0.804865226308973	0.025	0.0265056338028169	0.0312485122147837	-0.00474287841196676
4398	43980	0.860719037895406	0	0.0266894366197183	0.0289640706259873	-0.00227463400626891
4399	43990	0.894379693426172	0	0.0268732394366197	0.0259220403615842	0.000951199075035509
4400	44000	0.925075334539959	0	0.0271204225352113	0.0226806757999739	0.00443974673523736
4401	44010	0.923789598413894	0	0.0272978873239437	0.0200688382047625	0.0072290491191812
4402	44020	0.982955041724477	0.05	0.0273676056338029	0.0147745665394229	0.01259303909438
4403	44030	0.958615669809848	0.025	0.0250542253521127	0.0165006787305542	0.00855354662155849
4404	44040	0	0.025	0.0216760563380282	0.016119405119847	0.00555665121818111
4405	44050	0.879895941325725	0.3	0.0182978873239437	0.0199660941978434	-0.00166820687389978
4406	44060	0.647079724052636	0	0.0149133802816902	0.0374330239650989	-0.0225196436834087
4407	44070	0.708453334386788	0	0.0115352112676057	0.0347850162359266	-0.0232498049683209
4408	44080	0.677554783671234	0	0.00831549295774648	0.0310167217580223	-0.0227012288002758
4409	44090	0.732711744942711	0	0.0100901408450704	0.0261011883804434	-0.016011047535373
4410	44100	0.852803159081687	0	0.0152366197183099	0.0226756469249772	-0.00743902720666734
4411	44110	0.998908938192807	0.1	0.0424584507042253	0.0203810905218141	0.0220773601824112
4412	44120	0.996345769378129	0.25	0.0581070422535211	0.0278214322681128	0.0302856099854083
4413	44130	0.941343247875506	0.825	0.0553183098591549	0.0506951449409536	0.00462316491820129
4414	44140	0.406543946115932	0.075	0.0464387323943662	0.105555923565191	-0.0591171911708246
4415	44150	0.572594053485527	0	0.0639443661971831	0.109046984323752	-0.0451026181265694
4416	44160	0.893948129236877	0	0.100679577464789	0.0980654557874383	0.00261412167735041
4417	44170	0.986765178153074	0.6	0.11320985915493	0.0872444519949004	0.0259654071600292
4418	44180	0.91873598550081	0.1	0.174479577464789	0.114234685695537	0.0602448917692518
4419	44190	0.739472208118854	0	0.186185915492958	0.112496443300436	0.0736894721925221
4420	44200	0.999927086139164	0	0.131691549295775	0.102501074269237	0.0291904750265372
4421	44210	0.90942596841567	0	0.0964014084507043	0.0864799156460637	0.00992149280464057
4422	44220	0.924731230472283	0.25	0.0781161971830986	0.0756647442423998	0.00245145294069875
4423	44230	0.674424370054573	0	0.0625753521126761	0.081923270404453	-0.019347918291777
4424	44240	0.688989926416113	0	0.0499943661971831	0.0743490954297483	-0.0243547292325652
4425	44250	0.595265079224697	0	0.043212676056338	0.0668534931508921	-0.0236408170945541
4426	44260	0.591366605900304	0	0.0337816901408451	0.0521407609737008	-0.0183590708328557
4427	44270	0.708836961337882	0.13	0.0340288732394366	0.0412027061663579	-0.00717383292692128
4428	44280	0.865425646499076	0.08	0.0450190140845071	0.0414781229718329	0.00354089111267417
4429	44290	0.84596528777453	0.34	0.0524408450704225	0.0499148406093223	0.00252600446110025
4430	44300	0.981849024508617	0.91	0.108817605633803	0.0825449194291613	0.0262726862046415
4431	44310	0.643401624196222	0.02	0.13095	0.139807572568475	-0.00885757256847455
4432	44320	0.773701311180187	0.77	0.126158450704225	0.139885864147345	-0.0137274134431195
4433	44330	0.854233995004346	0.16	0.208584507042254	0.179993047539717	0.0285914595025369
4434	44340	0.864164863185081	0.08	0.235622535211268	0.171933144124845	0.0636893910864232
4435	44350	0.899365181919016	0.02	0.216088732394366	0.158232281645543	0.0578564507488228
4436	44360	0.953111932379763	0.01	0.166005633802817	0.13450212799767	0.031503505805147
4437	44370	0.841282431590931	0	0.124307746478873	0.115896519047268	0.00841122743160487
4438	44380	0.890832123566281	0	0.101560563380282	0.0941261196567858	0.00743444372349582
4439	44390	0.894954418973707	0.01	0.0844098591549296	0.0827112376371305	0.00169862151779906
4440	44400	0.897281953091069	0	0.0731218309859155	0.0720790114313834	0.00104281955453216
4441	44410	0.977490685880104	0	0.0735654929577465	0.0607123958332568	0.0128530971244897
4442	44420	0.91541565098192	0.01	0.0687232394366197	0.05326532610744	0.0154579133291797
4443	44430	0.908140942000953	0	0.0606105633802817	0.0417236002534525	0.0188869631268292
4444	44440	0.927283711380242	0.06	0.0562753521126761	0.033825197325546	0.02245015478713
4445	44450	0.909334168616996	0	0.0511985915492958	0.0295834529399439	0.0216151386093518
4446	44460	0.88869634197615	0	0.0479788732394366	0.0254736155731602	0.0225052576662764
4447	44470	0.967751874238754	0	0.0458683098591549	0.0238982734645288	0.0219700363946261
4448	44480	0.955430774189124	0	0.0405633802816901	0.0205787507850163	0.0199846294966738
4449	44490	0.95818236308481	0	0.0389091549295775	0.0195432499048902	0.0193659050246873
4450	44500	0.879633064492483	0.36	0.0321528169014085	0.0231311114756454	0.00902170542576301
4451	44510	0.976208288084142	2.75	0.0769183098591549	0.0678770612312783	0.00904124862787653
4452	44520	0.18533453454511	0	0.169529577464789	0.258508081393664	-0.0889785039288755
4453	44530	0.242309008623264	0	0.13133661971831	0.259749447630038	-0.128412827911728
4454	44540	0.143539631711547	0	0.0996401408450705	0.237630872669417	-0.137990731824346
4455	44550	0.149573725457541	0.07	0.0787943661971831	0.192604562765732	-0.113810196568549
4456	44560	0.254895089586128	0.01	0.0671640845070423	0.160280970810988	-0.0931168863039454
4457	44570	0.237564089562075	0	0.0558823943661972	0.137260871813506	-0.0813784774473089
4458	44580	0.302884957500791	0	0.0493035211267606	0.124657146795642	-0.0753536256688816
4459	44590	0.425270469165223	0	0.0433394366197183	0.105912879702377	-0.062573443082659
4460	44600	0.517989703409352	0	0.0380788732394366	0.0895575560331369	-0.0514786827937002
4461	44610	0.541866196457798	0	0.0352647887323944	0.0767719411903756	-0.0415071524579813
4462	44620	0.67392461748403	0.04	0.0311387323943662	0.0652967211377783	-0.0341579887434121
4463	44630	0.542467248700781	0.36	0.0396443661971831	0.0670409012947775	-0.0273965350975944
4464	44640	0	0	0.108437323943662	0.0793078402056661	0.0291294837379958
4465	44650	0	0.3	0.125296478873239	0.0651950821067122	0.0601013967665272
4466	44660	0	0.07	0.139988028169014	0.0681471242862521	0.071840903882762
4467	44670	0	0.02	0.151865492957746	0.0696959401753562	0.0821695527823902
4468	44680	0	0	0.135418309859155	0.0776145807329958	0.0578037291261591
4469	44690	0	0	0.116866901408451	0.0716136850239164	0.0452532163845342
4470	44700	0	0	0.0952415492957746	0.0560371820344896	0.0392043672612849
4471	44710	0	0	0.0788007042253521	0.0518896057485998	0.0269110984767523
4472	44720	0	0	0.0654528169014084	0.0270896678396492	0.0383631490617592
4473	44730	0	0	0.0552169014084507	0.0235264428064768	0.0316904586019739
4474	44740	0	0	0.0478457746478873	0.0198029316388503	0.028042843009037
4475	44750	0	0	0.0419514084507042	0.0177192549572392	0.024232153493465
4476	44760	0	0	0.0372359154929577	0.0140141407531325	0.0232217747398252
4477	44770	0	0	0.0327359154929578	0.0110077075874958	0.0217282079054619
4478	44780	0	0	0.0297	0.00770618511118235	0.0219938148888177
4479	44790	0	0	0.0262394366197183	0.0058781574279245	0.0203612791917938
4480	44800	0	0.11	0.024762676056338	0.00659528148043606	0.018167394575902
4481	44810	0	0.73	0.0240845070422535	0.0217369388317255	0.00234756821052807
4482	44820	0	0.13	0.0288380281690141	0.0737847464147802	-0.0449467182457661
4483	44830	0	0.13	0.0355119718309859	0.0870077261846657	-0.0514957543536798
4484	44840	0	0	0.0326852112676057	0.0870768419414841	-0.0543916306738785
4485	44850	0	0	0.0295669014084507	0.074993517794603	-0.0454266163861523
4486	44860	0	0.11	0.0282105633802817	0.0613131404644361	-0.0331025770841544
4487	44870	0	1.8	0.0469394366197183	0.0777595142915994	-0.0308200776718811
4488	44880	0	0.3	0.146110563380282	0.19902363135118	-0.0529130679708985
4489	44890	0	0	0.204433098591549	0.219069459859065	-0.0146363612675153
4490	44900	0	0	0.170727464788732	0.203125344612094	-0.0323978798233621
4491	44910	0	0	0.131140140845071	0.168913781924405	-0.0377736410793344
4492	44920	0	0	0.106599295774648	0.13700772792915	-0.0304084321545018
4493	44930	0	0	0.0892014084507042	0.116085354257365	-0.0268839458066606
4494	44940	0	0	0.0708718309859155	0.102575457924229	-0.0317036269383137
4495	44950	0	0.74	0.0821028169014084	0.0933044685393035	-0.0112016516378951
4496	44960	0	0	0.104735915492958	0.127641245294277	-0.0229053298013194
4497	44970	0	0.13	0.109432394366197	0.121497781007684	-0.0120653866414871
4498	44980	0	0.01	0.104533098591549	0.120451676910224	-0.0159185783186749
4499	44990	0	0	0.093130985915493	0.108369874076334	-0.0152388881608407
4500	45000	0	0	0.0828507042253521	0.0893065951011359	-0.00645589087578383
4501	45010	0	0.02	0.0721901408450705	0.0697193782597892	0.00247076258528126
4502	45020	0	0.11	0.063874647887324	0.0501707855315949	0.0137038623557291
4503	45030	0	0.72	0.060287323943662	0.0579770276550657	0.00231029628859628
4504	45040	0	0	0.0739901408450704	0.110810233727989	-0.0368200928829181
4505	45050	0	0.01	0.0825591549295774	0.11207110129895	-0.0295119463693726
4506	45060	0	0	0.080569014084507	0.0975610376192897	-0.0169920235347826
4507	45070	0	0.01	0.079180985915493	0.0853806382265235	-0.00619965231103058
4508	45080	0	0	0.0718605633802817	0.0593580371690282	0.0125025262112535
4509	45090	0	0	0.0627021126760563	0.0462246038459537	0.0164775088301026
4510	45100	0	0	0.0564338028169014	0.0380909551142076	0.0183428477026938
4511	45110	0	1.82	0.0685521126760564	0.0517564652038146	0.0167956474722418
4512	45120	0	0.04	0.137750704225352	0.175589359708418	-0.0378386554830653
4513	45130	0	0.05	0.130252816901408	0.18259575311433	-0.0523429362129216
4514	45140	0	0.26	0.128243661971831	0.173629511519986	-0.0453858495481546
4515	45150	0	0.58	0.125784507042254	0.170986690486937	-0.0452021834446832
4516	45160	0	0.12	0.131089436619718	0.179932978654162	-0.0488435420344434
4517	45170	0	0.07	0.129238732394366	0.168933033033903	-0.0396943006395367
4518	45180	0	0	0.12027676056338	0.154613670741743	-0.0343369101783624
4519	45190	0	0.01	0.126811267605634	0.13200602105875	-0.00519475345311613
4520	45200	0	0	0.118711267605634	0.114936414228637	0.00377485337699679
4521	45210	0	0	0.105293661971831	0.0996533534877246	0.00564030848410614
4522	45220	0	0	0.0935049295774648	0.0838921319526448	0.00961279762482002
4523	45230	0	0	0.0788767605633803	0.0762923745897154	0.00258438597366487
4524	45240	0	0	0.069762676056338	0.0586907289680469	0.0110719470882911
4525	45250	0	0	0.0608514084507042	0.0438020392707902	0.0170493691799141
4526	45260	0	0	0.0530429577464789	0.0295397408214164	0.0235032169250624
4527	45270	0	0	0.0476049295774648	0.0264852021259527	0.0211197274515121
4528	45280	0	0	0.0436816901408451	0.0303582897109928	0.0133234004298522
4529	45290	0	0	0.0425408450704225	0.0275235406521435	0.015017304418279
4530	45300	0	0	0.0381105633802817	0.0173523686769545	0.0207581947033272
4531	45310	0	0.07	0.0356260563380282	0.0210822891842388	0.0145437671537893
4532	45320	0	0.69	0.0336359154929578	0.0216314612294606	0.0120044542634971
4533	45330	0	0.81	0.0615549295774648	0.078063401318362	-0.0165084717408972
4534	45340	0	0.38	0.120245070422535	0.138292652354076	-0.0180475819315404
4535	45350	0	0.04	0.110541549295775	0.16139377897726	-0.0508522296814851
4536	45360	0	0	0.120631690140845	0.145451922637746	-0.0248202324969011
4537	45370	0	0.21	0.108164788732395	0.123883858159523	-0.0157190694271284
4538	45380	0	0.11	0.102264084507042	0.117215614553782	-0.0149515300467403
4539	45390	0	0	0.0983852112676055	0.110783366479981	-0.0123981552123759
4540	45400	0	0	0.0945887323943662	0.0991777864152889	-0.0045890540209227
4541	45410	0	0.1	0.091337323943662	0.086524908647311	0.00481241529635096
4542	45420	0	0.26	0.0893281690140845	0.082571014220366	0.00675715479371855
4543	45430	0	0.02	0.094493661971831	0.0896923623779438	0.00480129959388716
4544	45440	0	0.2	0.0911661971830986	0.0859124433267215	0.00525375385637703
4545	45450	0	0.01	0.0954760563380282	0.0898169552552329	0.00565910108279524
4546	45460	0	0.12	0.0956915492957747	0.0777610189400741	0.0179305303557006
4547	45470	0	0.2	0.0949943661971831	0.0714309460539124	0.0235634201432707
4548	45480	0	0.25	0.106681690140845	0.0746647360076988	0.0320169541331463
4549	45490	0	0.07	0.115871830985916	0.0884753956300062	0.0273964353559093
4550	45500	0	0	0.126221830985915	0.0906564880009437	0.0355653429849717
4551	45510	0	0	0.119294366197183	0.081387000952563	0.0379073652446202
4552	45520	0	0	0.10787323943662	0.0678644367909773	0.0400088026456423
4553	45530	0	0	0.100235915492958	0.0534920692010997	0.046743846291858
4554	45540	0	0	0.0893661971830986	0.0428197433199273	0.0465464538631713
4555	45550	0	0	0.0824197183098592	0.0350983362444836	0.0473213820653756
4556	45560	0	0	0.0757394366197183	0.0287172940548608	0.0470221425648575
4557	45570	0	0	0.0702443661971831	0.0234105654444232	0.0468338007527599
4558	45580	0	0	0.0655922535211268	0.0188388250629705	0.0467534284581563
4559	45590	0	0	0.0640077464788733	0.0161665314454298	0.0478412150334435
4560	45600	0	0.02	0.058930985915493	0.0144158994099747	0.0445150865055183
4561	45610	0	0	0.0571816901408451	0.0132025152394187	0.0439791749014264
4562	45620	0	0.08	0.0548239436619718	0.0112019253507927	0.0436220183111791
4563	45630	0	0.18	0.0601922535211268	0.0145979745209032	0.0455942790002236
4564	45640	0	0	0.069737323943662	0.0277443918781628	0.0419929320654992
4565	45650	0	0	0.0702253521126761	0.0271248190851638	0.0431005330275123
4566	45660	0	0	0.065224647887324	0.0248562941311542	0.0403683537561698
4567	45670	0	0	0.0609908450704226	0.0197882008761496	0.041202644194273
4568	45680	0	0	0.0560725352112676	0.015421272860065	0.0406512623512026
4569	45690	0	0.01	0.0494302816901408	0.0118632620194841	0.0375670196706567
4570	45700	0	0.01	0.0458049295774648	0.010940669922402	0.0348642596550628
4571	45710	0	0	0.043656338028169	0.0101584859627792	0.0334978520653898
4572	45720	0	0	0.0406140845070423	0.00889475922927249	0.0317193252777698
4573	45730	0	0	0.0380852112676056	0.0075780604853377	0.0305071507822679
4574	45740	0	0	0.0361394366197183	0.00637342854312984	0.0297660080765885
4575	45750	0	0	0.0343711267605634	0.00557404883119986	0.0287970779293635
4576	45760	0	0	0.0322669014084507	0.00433084121804537	0.0279360601904053
4577	45770	0	0.01	0.0312654929577465	0.00297068561884044	0.028294807338906
4578	45780	0	0	0.029712676056338	0.00255668671939435	0.0271559893369437
4579	45790	0	0	0.0284450704225352	0.00278224036071691	0.0256628300618183
4580	45800	0	0.01	0.0272661971830986	0.00370989208495521	0.0235563050981434
4581	45810	0	0	0.0264992957746479	0.00399843438839152	0.0225008613862564
4582	45820	0	0.01	0.0252570422535211	0.00348869316712918	0.021768349086392
4583	45830	0	0	0.0240401408450704	0.00362362366383307	0.0204165171812374
4584	45840	0	0	0.0232352112676056	0.00197142294362661	0.021263788323979
4585	45850	0	0	0.0224429577464789	0.00167770244454748	0.0207652553019314
4586	45860	0	0	0.02115	0.00144406168604154	0.0197059383139585
4587	45870	0	0	0.0206302816901408	0.00130310003871472	0.0193271816514261
4588	45880	0	0	0.0194767605633803	0.00110279971826479	0.0183739608451155
4589	45890	0	0.01	0.0186654929577465	0.00109588201081194	0.0175696109469345
4590	45900	0	0	0.0178985915492958	0.00158900653258828	0.0163095850167075
4591	45910	0	0	0.0174739436619718	0.00139848710659064	0.0160754565553812
4592	45920	0	0	0.0162950704225352	0.00123677341543219	0.015058297007103
4593	45930	0	0	0.0156549295774648	0.00101042891603345	0.0146445006614313
4594	45940	0	0	0.015312676056338	0.00086552995797114	0.0144471460983669
4595	45950	0	0	0.0142478873239437	0.000703346693610633	0.0135445406303331
4596	45960	0	0.01	0.0139119718309859	0.000683007078446448	0.0132289647525395
4597	45970	0	0.01	0.0133035211267606	0.00142669513557094	0.0118768259911896
4598	45980	0	0.03	0.0122387323943662	0.00235325826916128	0.00988547412520494
4599	45990	0	0.01	0.0123338028169014	0.00447346281577565	0.00786034000112575
4600	46000	0	0	0.0118774647887324	0.00505011800609303	0.00682734678263937
4601	46010	0	0.01	0.0118838028169014	0.00463163173448049	0.0072521710824209
4602	46020	0	0	0.0113007042253521	0.00459631551488335	0.00670438871046877
4603	46030	0	0.03	0.0110345070422535	0.00418182777994821	0.00685267926230531
4604	46040	0	0.01	0.0107556338028169	0.00577891394167908	0.00497671986113781
4605	46050	0	0	0.0106478873239437	0.00612708637533828	0.00452080094860542
4606	46060	0	0	0.0104514084507042	0.0056204213376082	0.00483098711309603
4607	46070	0	0	0.00986830985915493	0.00476690247422261	0.00510140738493232
4608	46080	0	0.09	0.00972887323943662	0.00491976477500259	0.00480910846443403
4609	46090	0	0	0.00979859154929578	0.0104885180511135	-0.000689926501817689
4610	46100	0	0.04	0.00995704225352113	0.0107467165897872	-0.000789674336266099
4611	46110	0	0	0.0095387323943662	0.0125134101691506	-0.00297467777478442
4612	46120	0	0	0.00916478873239436	0.0108171329663014	-0.00165234423390705
4613	46130	0	0.01	0.00924718309859155	0.00922489747211802	2.22856264735245e-05
4614	46140	0	0	0.00867042253521126	0.00839330639266409	0.000277116142547171
4615	46150	0	0	0.00877183098591549	0.00759684997219789	0.0011749810137176
4616	46160	0	0	0.00831549295774648	0.0065941755843167	0.00172131737342978
4617	46170	0	0	0.00821408450704225	0.00549299918655415	0.00272108532048811
4618	46180	0	0	0.00818239436619719	0.00454606213101057	0.00363633223518662
4619	46190	0	0	0.00777042253521127	0.00363173383223193	0.00413868870297934
4620	46200	0	0	0.00787816901408451	0.00337170150246077	0.00450646751162374
4621	46210	0	0	0.00772605633802817	0.00291436749315174	0.00481168884487643
4622	46220	0	0	0.0077387323943662	0.00214840903274486	0.00559032336162133
4623	46230	0	0	0.00763098591549296	0.00146911601665964	0.00616186989883332
4624	46240	0	0	0.00744718309859155	0.000977948249948034	0.00646923484864352
4625	46250	0	0.01	0.00751056338028169	0.00118446079322002	0.00632610258706168
4626	46260	0	0	0.00709859154929578	0.00194348915834666	0.00515510239094912
4627	46270	0	0	0.0073330985915493	0.00179897270747063	0.00553412588407867
4628	46280	0	0	0.00714295774647888	0.00188548905318036	0.00525746869329851
4629	46290	0		0.00706056338028169		
4630	46300	0		0.00733943661971831		
4631	46310	0				
4632	46320	0				
4633	46330	0				
4634	46340	0				
4635	46350	0				
4636	46360	0				
4637	46370	0				
4638	46380	0				
4639	46390	0				
4640	46400	0				
4641	46410	0				
4642	46420	0				
4643	46430	0				
4644	46440	0				
4645	46450	0				
4646	46460	0				
4647	46470	0				
4648	46480	0				
4649	46490	0				
4650	46500	0				
4651	46510	0				
4652	46520	0				
4653	46530	0				
4654	46540	0				
4655	46550	0				
4656	46560	0				
4657	46570	0				
4658	46580	0				
4659	46590	0				
4660	46600	0				
4661	46610	0				
4662	46620	0				
4663	46630	0				
4664	46640	0				
4665	46650	0				
4666	46660	0				
4667	46670	0				
4668	46680	0				
4669	46690	0				
4670	46700	0				
4671	46710	0				
4672	46720	0				
4673	46730	0				
4674	46740	0				
4675	46750	0				
4676	46760	0				
4677	46770	0				
4678	46780	0				
4679	46790	0				
4680	46800	0				
4681	46810	0				
4682	46820	0				
4683	46830	0				
4684	46840	0				
4685	46850	0				
4686	46860	0				
4687	46870	0				
4688	46880	0				
4689	46890	0				
4690	46900	0				
4691	46910	0				
4692	46920	0				
4693	46930	0				
4694	46940	0				
4695	46950	0				
4696	46960	0				
4697	46970	0				
4698	46980	0				
4699	46990	0				
4700	47000	0				
4701	47010	0				
4702	47020	0				
4703	47030	0				
4704	47040	0				
4705	47050	0				
4706	47060	0				
4707	47070	0				
4708	47080	0				
4709	47090	0				
4710	47100	0				
4711	47110	0				
4712	47120	0				
4713	47130	0				
4714	47140	0				
4715	47150	0				
4716	47160	0				
4717	47170	0				
4718	47180	0				
4719	47190	0				
4720	47200	0				
4721	47210	0				
4722	47220	0				
4723	47230	0				
4724	47240	0				
4725	47250	0				
4726	47260	0				
4727	47270	0				
4728	47280	0				
4729	47290	0				
4730	47300	0				
4731	47310	0				
4732	47320	0				
4733	47330	0				
4734	47340	0				
4735	47350	0				
4736	47360	0				
4737	47370	0				
4738	47380	0				
4739	47390	0				
4740	47400	0				
4741	47410	0				
4742	47420	0				
4743	47430	0				
4744	47440	0				
4745	47450	0				
4746	47460	0				
4747	47470	0				
4748	47480	0				
4749	47490	0				
4750	47500	0				
4751	47510	0				
4752	47520	0				
4753	47530	0				
4754	47540	0				
4755	47550	0				
4756	47560	0				
4757	47570	0				
4758	47580	0				
4759	47590	0				
4760	47600	0				
4761	47610	0				
4762	47620	0				
4763	47630	0				
4764	47640	0				
4765	47650	0				
4766	47660	0				
4767	47670	0				
4768	47680	0				
4769	47690	0				
4770	47700	0				
4771	47710	0				
4772	47720	0				
4773	47730	0				
4774	47740	0				
4775	47750	0				
4776	47760	0				
4777	47770	0				
4778	47780	0				
4779	47790	0				
4780	47800	0				
4781	47810	0				
4782	47820	0				
4783	47830	0				
4784	47840	0				
4785	47850	0				
4786	47860	0				
4787	47870	0				
4788	47880	0				
4789	47890	0				
4790	47900	0				
4791	47910	0				
4792	47920	0				
4793	47930	0				
4794	47940	0				
4795	47950	0				
4796	47960	0				
4797	47970	0				
4798	47980	0				
4799	47990	0				
4800	48000	0				
4801	48010	0				
4802	48020	0				
4803	48030	0				
4804	48040	0				
4805	48050	0				
4806	48060	0				
4807	48070	0				
4808	48080	0				
4809	48090	0				
4810	48100	0				
4811	48110	0				
4812	48120	0				
4813	48130	0				
4814	48140	0				
4815	48150	0				
4816	48160	0				
4817	48170	0				
4818	48180	0				
4819	48190	0				
4820	48200	0				
4821	48210	0				
4822	48220	0				
4823	48230	0				
4824	48240	0				
4825	48250	0				
4826	48260	0				
4827	48270	0				
4828	48280	0				
4829	48290	0				
4830	48300	0				
4831	48310	0				
4832	48320	0				
4833	48330	0				
4834	48340	0				
4835	48350	0				
4836	48360	0				
4837	48370	0				
4838	48380	0				
4839	48390	0				
4840	48400	0				
4841	48410	0				
4842	48420	0				
4843	48430	0				
4844	48440	0				
4845	48450	0				
4846	48460	0				
4847	48470	0				
4848	48480	0				
4849	48490	0				
4850	48500	0				
4851	48510	0				
4852	48520	0				
4853	48530	0				
4854	48540	0				
4855	48550	0				
4856	48560	0				
4857	48570	0				
4858	48580	0				
4859	48590	0				
4860	48600	0				
4861	48610	0				
4862	48620	0				
4863	48630	0				
4864	48640	0				
4865	48650	0				
4866	48660	0				
4867	48670	0				
4868	48680	0				
4869	48690	0				
4870	48700	0				
4871	48710	0				
4872	48720	0				
4873	48730	0				
4874	48740	0				
4875	48750	0				
4876	48760	0				
4877	48770	0				
4878	48780	0				
4879	48790	0				
4880	48800	0				
4881	48810	0				
4882	48820	0				
4883	48830	0				
4884	48840	0				
4885	48850	0				
4886	48860	0				
4887	48870	0				
4888	48880	0				
4889	48890	0				
4890	48900	0				
4891	48910	0				
4892	48920	0				
4893	48930	0				
4894	48940	0				
4895	48950	0				
4896	48960	0				
4897	48970	0				
4898	48980	0				
4899	48990	0				
4900	49000	0				
4901	49010	0				
4902	49020	0				
4903	49030	0				
4904	49040	0				
4905	49050	0				
4906	49060	0				
4907	49070	0				
4908	49080	0				
4909	49090	0				
4910	49100	0				
4911	49110	0				
4912	49120	0				
4913	49130	0				
4914	49140	0				
4915	49150	0				
4916	49160	0				
4917	49170	0				
4918	49180	0				
4919	49190	0				
4920	49200	0				
4921	49210	0				
4922	49220	0				
4923	49230	0				
4924	49240	0				
4925	49250	0				
4926	49260	0				
4927	49270	0				
4928	49280	0				
4929	49290	0				
4930	49300	0				
4931	49310	0				
4932	49320	0				
4933	49330	0				
4934	49340	0				
4935	49350	0				
4936	49360	0				
4937	49370	0				
4938	49380	0				
4939	49390	0				
4940	49400	0				
4941	49410	0				
4942	49420	0				
4943	49430	0				
4944	49440	0				
4945	49450	0				
4946	49460	0				
4947	49470	0				
4948	49480	0				
4949	49490	0				
4950	49500	0				
4951	49510	0				
4952	49520	0				
4953	49530	0				
4954	49540	0				
4955	49550	0				
4956	49560	0				
4957	49570	0				
4958	49580	0				
4959	49590	0				
4960	49600	0				
4961	49610	0				
4962	49620	0				
4963	49630	0				
4964	49640	0				
4965	49650	0				
4966	49660	0				
4967	49670	0				
4968	49680	0				
4969	49690	0				
4970	49700	0				
4971	49710	0				
4972	49720	0				
4973	49730	0				
4974	49740	0				
4975	49750	0				
4976	49760	0				
4977	49770	0				
4978	49780	0				
4979	49790	0				
4980	49800	0				
4981	49810	0				
4982	49820	0				
4983	49830	0				
4984	49840	0				
4985	49850	0				
4986	49860	0				
4987	49870	0				
4988	49880	0				
4989	49890	0				
4990	49900	0				
4991	49910	0				
4992	49920	0				
4993	49930	0				
4994	49940	0				
4995	49950	0				
4996	49960	0				
4997	49970	0				
4998	49980	0				
4999	49990	0				
5000	50000	0				
5001	50010	0				
5002	50020	0				
5003	50030	0				
5004	50040	0				
5005	50050	0				
5006	50060	0				
5007	50070	0				
5008	50080	0				
5009	50090	0				
5010	50100	0				
5011	50110	0				
5012	50120	0				
5013	50130	0				
5014	50140	0				
5015	50150	0				
5016	50160	0				
5017	50170	0				
5018	50180	0				
5019	50190	0				
5020	50200	0				
5021	50210	0				
5022	50220	0				
5023	50230	0				
5024	50240	0				
5025	50250	0				
5026	50260	0				
5027	50270	0				
5028	50280	0				
5029	50290	0				
5030	50300	0				
5031	50310	0				
5032	50320	0				
5033	50330	0				
5034	50340	0				
5035	50350	0				
5036	50360	0				
5037	50370	0				
5038	50380	0				
5039	50390	0				
5040	50400	0				
5041	50410	0				
5042	50420	0				
5043	50430	0				
5044	50440	0				
5045	50450	0				
5046	50460	0				
5047	50470	0				
5048	50480	0				
5049	50490	0				
5050	50500	0				
5051	50510	0				
5052	50520	0				
5053	50530	0				
5054	50540	0				
5055	50550	0				
5056	50560	0				
5057	50570	0				
5058	50580	0				
5059	50590	0				
5060	50600	0				
5061	50610	0				
5062	50620	0				
5063	50630	0				
5064	50640	0				
5065	50650	0				
5066	50660	0				
5067	50670	0				
5068	50680	0				
5069	50690	0				
5070	50700	0				
5071	50710	0				
5072	50720	0				
5073	50730	0				
5074	50740	0				
5075	50750	0				
5076	50760	0				
5077	50770	0				
5078	50780	0				
5079	50790	0				
5080	50800	0				
5081	50810	0				
5082	50820	0				
5083	50830	0				
5084	50840	0				
5085	50850	0				
5086	50860	0				
5087	50870	0				
5088	50880	0				
5089	50890	0				
5090	50900	0				
5091	50910	0				
5092	50920	0				
5093	50930	0				
5094	50940	0				
5095	50950	0				
5096	50960	0				
5097	50970	0				
5098	50980	0				
5099	50990	0				
5100	51000	0				
5101	51010	0				
5102	51020	0				
5103	51030	0				
5104	51040	0				
5105	51050	0				
5106	51060	0				
5107	51070	0				
5108	51080	0				
5109	51090	0				
5110	51100	0				
5111	51110	0				
5112	51120	0				
5113	51130	0				
5114	51140	0				
5115	51150	0				
5116	51160	0				
5117	51170	0				
5118	51180	0				
5119	51190	0				
5120	51200	0				
5121	51210	0				
5122	51220	0				
5123	51230	0				
5124	51240	0				
5125	51250	0				
5126	51260	0				
5127	51270	0				
5128	51280	0				
5129	51290	0				
5130	51300	0				
5131	51310	0				
5132	51320	0				
5133	51330	0				
5134	51340	0				
5135	51350	0				
5136	51360	0				
5137	51370	0				
5138	51380	0				
5139	51390	0				
5140	51400	0				
5141	51410	0				
5142	51420	0				
5143	51430	0				
5144	51440	0				
5145	51450	0				
5146	51460	0				
5147	51470	0				
5148	51480	0				
5149	51490	0				
5150	51500	0				
5151	51510	0				
5152	51520	0				
5153	51530	0				
5154	51540	0				
5155	51550	0				
5156	51560	0				
5157	51570	0				
5158	51580	0				
5159	51590	0				
5160	51600	0				
5161	51610	0				
5162	51620	0				
5163	51630	0				
5164	51640	0				
5165	51650	0				
5166	51660	0				
5167	51670	0				
5168	51680	0				
5169	51690	0				
5170	51700	0				
5171	51710	0				
5172	51720	0				
5173	51730	0				
5174	51740	0				
5175	51750	0				
5176	51760	0				
5177	51770	0				
5178	51780	0				
5179	51790	0				
5180	51800	0				
5181	51810	0				
5182	51820	0				
5183	51830	0				
5184	51840	0				
5185	51850	0				
5186	51860	0				
5187	51870	0				
5188	51880	0				
5189	51890	0				
5190	51900	0				
5191	51910	0				
5192	51920	0				
5193	51930	0				
5194	51940	0				
5195	51950	0				
5196	51960	0				
5197	51970	0				
5198	51980	0				
5199	51990	0				
5200	52000	0				
5201	52010	0				
5202	52020	0				
5203	52030	0				
5204	52040	0				
5205	52050	0				
5206	52060	0				
5207	52070	0				
5208	52080	0				
5209	52090	0				
5210	52100	0				
5211	52110	0				
5212	52120	0				
5213	52130	0				
5214	52140	0				
5215	52150	0				
5216	52160	0				
5217	52170	0				
5218	52180	0				
5219	52190	0				
5220	52200	0				
5221	52210	0				
5222	52220	0				
5223	52230	0				
5224	52240	0				
5225	52250	0				
5226	52260	0				
5227	52270	0				
5228	52280	0				
5229	52290	0				
5230	52300	0				
5231	52310	0				
5232	52320	0				
5233	52330	0				
5234	52340	0				
5235	52350	0				
5236	52360	0				
5237	52370	0				
5238	52380	0				
5239	52390	0	0			
5240	52400	0	0.01			
5241	52410	0	0			
5242	52420	0	0	0.064774647887324		
5243	52430	0	0	0.134397887323944		
5244	52440	0	0	0.101167605633803		
5245	52450	0	0	0.15891338028169		
5246	52460	0	0	0.254490845070423		
5247	52470	0	0	0.251169718309859		
5248	52480	0	0	0.337069014084507		
5249	52490	0	0	0.310398591549296		
5250	52500	0	0	0.503473943661972		
5251	52510	0	0	0.571392253521127		
5252	52520	0	0	0.459760563380282		
5253	52530	0	0	0.621221830985916		
5254	52540	0	0.04	0.466428169014085		
5255	52550	0	0	0.306335915492958		
5256	52560	0	0	0.187054225352113		
5257	52570	0	0.17	0.138771126760564		
5258	52580	0	0	0.127419718309859		
5259	52590	0	0.11	0.110566901408451	0.0173368876900313	0.0932300137184192
5260	52600	0	0	0.137833098591549	0.0236403202032	0.114192778388349
5261	52610	0	0	0.118850704225352	0.0213039157388732	0.0975467884864791
5262	52620	0	0.35	0.115054225352113	0.0220939419397	0.0929602834124127
5263	52630	0	0.01	0.112183098591549	0.0430626586314308	0.0691204399601187
5264	52640	0	0.43	0.122469718309859	0.0474288786489881	0.0750408396608712
5265	52650	0	0.06	0.121880281690141	0.0736877467291261	0.048192534961015
5266	52660	0	0.01	0.120137323943662	0.0729227013551723	0.0472146225884897
5267	52670	0	0	0.129631690140845	0.0654839716565475	0.0641477184842974
5268	52680	0.79305878951358	0	0.12105	0.0544229338193694	0.0666270661806306
5269	52690	0.412362142474095	0	0.157227464788732	0.045987186459753	0.111240278328979
5270	52700	0.105409325097982	0	0.27687676056338	0.038497702276624	0.238379058286756
5271	52710	0.114906274819849	0	0.260372535211268	0.0336410416425162	0.226731493568752
5272	52720	0.0458324655141236	0	0.382398591549296	0.0281621259342762	0.35423646561502
5273	52730	0.0319038094796828	0.02	0.445011971830986	0.0235839381691334	0.421428033661853
5274	52740	0.0342063690429299	0	0.431860563380282	0.0227317981761803	0.409128765204101
5275	52750	0.0509981116211937	0	0.357800704225352	0.0193229081809093	0.338477796044443
5276	52760	0.0732806290269708	0	0.303135211267606	0.0164002687869745	0.286734942480631
5277	52770	0.0468293759712769	0	0.372067605633803	0.012792359322419	0.359275246311384
5278	52780	0.0953264119110474	0	0.264054929577465	0.00810328543170091	0.255951644145764
5279	52790	0.0807730380410301	0	0.278201408450704	0.00693037277357495	0.271271035677129
5280	52800	0.144626879623555	0.25	0.20982676056338	0.00872895066693124	0.201097809896449
5281	52810	0.247308429458957	0.49	0.183257746478873	0.0317659028824527	0.15149184359642
5282	52820	0.28248757193281	0.93	0.219733098591549	0.0775089345587686	0.142224164032781
5283	52830	0.0634634142945433	0.34	0.448123943661972	0.141265451447505	0.306858492214467
5284	52840	0.0818053155618195	0.37	0.435200704225352	0.165765069276261	0.269435634949091
5285	52850	0.130529690702275	0	0.394269718309859	0.173602487951788	0.220667230358071
5286	52860	0.324836324713425	0	0.28986338028169	0.150693616720659	0.139169763561032
5287	52870	0.573467658590534	0	0.223903521126761	0.127034120073585	0.0968694010531761
5288	52880	0.896457329392451	0.03	0.168464788732395	0.106873151175648	0.0615916375567461
5289	52890	0.536850720302999	0.91	0.197182394366197	0.103948594796097	0.0932337995701004
5290	52900	0.21439002805328	0.1	0.328969014084507	0.154827196732795	0.174141817351712
5291	52910	0.104643094217727	0.8	0.385757746478873	0.162371479765154	0.223386266713719
5292	52920	0.0722517282435437	0.42	0.499664788732395	0.206859893610446	0.292804895121949
5293	52930	0.105456240010457	0.06	0.462771126760563	0.216422055465168	0.246349071295396
5294	52940	0.276134748590104	0	0.35543661971831	0.197334204313544	0.158102415404766
5295	52950	0.832590862443805	0	0.265183098591549	0.165196167551586	0.099986931039963
5296	52960	0.988284341025413	0	0.204921126760564	0.134854250368877	0.070066876391687
5297	52970	0.983399809663574	0	0.153697183098592	0.109175797603578	0.0445213854950133
5298	52980	0.974524251558272	0	0.131349295774648	0.095360013717111	0.0359892820575371
5299	52990	0.998027745519713	0.43	0.121398591549296	0.0911258335499402	0.0302727579993557
5300	53000	0.985870557518153	1.25	0.146845774647887	0.124689575536641	0.022156199111246
5301	53010	0.261333421210284	0.8	0.380066197183099	0.211430422974026	0.168635774209073
5302	53020	0.253483028318293	0.01	0.43180985915493	0.256601118485322	0.175208740669608
5303	53030	0.647506838963554	0	0.335319718309859	0.230419895447698	0.104899822862161
5304	53040	0.977696874193784	0	0.249990845070423	0.19092220583375	0.0590686392366723
5305	53050	0.95089862245963	0	0.203862676056338	0.150595804217484	0.0532668718388545
5306	53060	0.940829896445752	0	0.160916197183099	0.125944066334988	0.0349721308481105
5307	53070	0.86279464737204	0	0.129542957746479	0.111141996245781	0.0184009615006975
5308	53080	0.936232841743374	0.06	0.116397887323944	0.099963513305827	0.0164343740181168
5309	53090	0.864588416328617	0	0.103899295774648	0.095379039357939	0.00852025641670884
5310	53100	0.992224651184754	0	0.094487323943662	0.0760141737164533	0.0184731502272087
5311	53110	0.962958408014668	0	0.0867802816901408	0.0660930902732823	0.0206871914168585
5312	53120	0.963195282937276	0	0.0781542253521127	0.0533132894443936	0.0248409359077191
5313	53130	0	0	0.0732802816901408	0.0414684411143672	0.0318118405757737
5314	53140	0	0	0.0685964788732394	0.0280423738000125	0.040554105073227
5315	53150	0.999996759546869	0	0.0627908450704226	0.0162049291089644	0.0465859159614581
5316	53160	0.998696337004235	0	0.0565161971830986	0.0131586735987934	0.0433575235843052
5317	53170	0.999679583329562	0	0.0541014084507043	0.0189832926758251	0.0351181157748792
5318	53180	0.998456560379217	0	0.0510021126760563	0.0225139130516348	0.0284881996244215
5319	53190	0.996428458076605	0	0.0473197183098591	0.0197780980905881	0.0275416202192711
5320	53200	0.961059150764621	0	0.0436943661971831	0.0157484434882361	0.027945922708947
5321	53210	0.999855544296972	0	0.0413556338028169	0.00714620987638976	0.0342094239264272
5322	53220	0.938119509586524	0	0.040512676056338	0.000639278729051324	0.0398733973272867
5323	53230	0.945930493056262	0.04	0.0383007042253521	0.000652142685909444	0.0376485615394427
5324	53240	0.984834812522486	0.09	0.0343267605633803	0.00435758321015759	0.0299691773532227
5325	53250	0.998930972986444	0.08	0.0302387323943662	0.0118124647522392	0.018426267642127
5326	53260	0.995059113477003	0	0.032843661971831	0.0174757443846271	0.0153679175872039
5327	53270	0.994486864818263	1.17	0.0405760563380282	0.0289605839586943	0.0116154723793338
5328	53280	0.545596318245147	0.98	0.085461971830986	0.117691772193465	-0.0322298003624787
5329	53290	0.778665257220138	0.06	0.170841549295775	0.186678039529796	-0.0158364902340216
5330	53300	0.848853489466943	0.04	0.173890140845071	0.186227266450113	-0.0123371256050428
5331	53310	0.525556492143818	0	0.138156338028169	0.165321394926351	-0.0271650568981815
5332	53320	0.631477257989998	0	0.116093661971831	0.13521641541145	-0.0191227534396193
5333	53330	0.706679556691993	0	0.0988922535211268	0.111396166423756	-0.0125039129026292
5334	53340	0.707129763752083	0	0.0858992957746479	0.0970042025788275	-0.0111049068041797
5335	53350	0.7902450321193	0	0.0735021126760564	0.085164932766362	-0.0116628200903056
5336	53360	0.859807113854755	0	0.0637669014084507	0.0726149951539001	-0.00884809374544941
5337	53370	0.877248320923777	0.56	0.0628669014084507	0.0679189718524277	-0.00505207044397703
5338	53380	0.545241478351027	0	0.0590830985915493	0.0961780800541228	-0.0370949814625735
5339	53390	0.599540523752874	0.12	0.0541774647887324	0.0927891948389634	-0.038611730050231
5340	53400	0	0	0.0502225352112676	0.091862149628097	-0.0416396144168294
5341	53410	0	0.34	0.0469584507042254	0.0776436997657505	-0.0306852490615251
5342	53420	0	0	0.0453612676056338	0.0813665332908649	-0.0360052656852311
5343	53430	0	0	0.043637323943662	0.069988519948303	-0.026351196004641
5344	53440	0	0	0.0398535211267606	0.0688616745905364	-0.0290081534637758
5345	53450	0	0	0.0345485915492958	0.0648799962881499	-0.0303314047388541
5346	53460	0	0	0.0318295774647887	0.0543190831377086	-0.0224895056729198
5347	53470	0	0	0.028362676056338	0.0475274843708535	-0.0191648083145155
5348	53480	0	0	0.0263408450704226	0.0358242413663163	-0.0094833962958937
5349	53490	0	0	0.0238690140845071	0.0252433043080341	-0.00137429022352707
5350	53500	0	0	0.0221450704225352	0.0205478873418688	0.00159718308066642
5351	53510	0	0	0.0209535211267606	0.015612165052386	0.00534135607437455
5352	53520	0	0	0.020237323943662	0.0106195025057377	0.0096178214379243
5353	53530	0	0	0.0194957746478873	0.00954188954932335	0.00995388509856398
5354	53540	0	0	0.0183232394366197	0.0101602823906501	0.00816295704596964
5355	53550	0	0.01	0.0177274647887324	0.00903776151221293	0.00868970327651947
5356	53560	0	0	0.0179176056338028	0.00646046248521872	0.0114571431485841
5357	53570	0	0.7	0.0177908450704225	0.0150157612413502	0.00277508382907236
5358	53580	0	0.01	0.0251683098591549	0.0600042581176601	-0.0348359482585052
5359	53590	0	2	0.0453295774647887	0.0849685006568755	-0.0396389231920868
5360	53600	0	0.39	0.185000704225352	0.220532788046102	-0.0355320838207497
5361	53610	0	0	0.276078169014084	0.244420312931715	0.0316578560823695
5362	53620	0	0.09	0.231230281690141	0.224066339983241	0.00716394170690038
5363	53630	0	0.38	0.199565492957747	0.196887538209609	0.00267795474813742
5364	53640	0	0.05	0.20256338028169	0.19068243670729	0.0118809435744001
5365	53650	0	0.01	0.175924647887324	0.169934340953556	0.00599030693376851
5366	53660	0	0.05	0.142453521126761	0.153943371523905	-0.0114898503971447
5367	53670	0	0	0.125334507042254	0.13489260506728	-0.00955809802502669
5368	53680	0	0	0.105851408450704	0.113599205912336	-0.00774779746163196
5369	53690	0	0	0.0907795774647887	0.098479576604249	-0.00769999913946023
5370	53700	0	0	0.078274647887324	0.0829090322320266	-0.00463438434470265
5371	53710	0	0	0.06795	0.0717985227423934	-0.00384852274239336
5372	53720	0	0	0.0608830985915493	0.0569907974725221	0.00389230111902721
5373	53730	0	0	0.0532394366197183	0.0417702057700152	0.0114692308497031
5374	53740	0	0	0.0478711267605634	0.0293122725355277	0.0185588542250357
5375	53750	0	0	0.0431302816901409	0.0266467232402443	0.0164835584498966
5376	53760	0	0	0.0389028169014085	0.0311024142649438	0.00780040263646464
5377	53770	0	0.03	0.0366654929577465	0.0337828817287281	0.00288261122901841
5378	53780	0	0	0.0349478873239437	0.02162783469755	0.0133200526263937
5379	53790	0	0	0.0338323943661972	0.0234783382949048	0.0103540560712924
5380	53800	0	0	0.0319309859154929	0.0100012270091699	0.021929758906323
5381	53810	0	0	0.0297570422535211	0.00666311348102011	0.023093928772501
5382	53820	0	0	0.0282359154929578	0.00525174496592723	0.0229841705270305
5383	53830	0	0	0.0262394366197183	0.00501070072978114	0.0212287358899372
5384	53840	0	0	0.0252823943661972	0.00207692364820541	0.0232054707179918
5385	53850	0	0	0.0235014084507042	0.00136709506313245	0.0221343133875718
5386	53860	0	0	0.0225823943661972	0.00122117285065145	0.0213612215155457
5387	53870	0	0	0.0214985915492958	0.000716215485396754	0.020782376063899
5388	53880	0	0	0.0207253521126761	0.000592973726692307	0.0201323783859837
5389	53890	0	0	0.0203450704225352	0.000562497423363734	0.0197825729991715
5390	53900	0	0	0.0194260563380282	0.000450404576192139	0.018975651761836
5391	53910	0	0	0.0190838028169014	0.000280985706666135	0.0188028171102353
5392	53920	0	0	0.0190330985915493	0.000112366890988731	0.0189207317005606
5393	53930	0	0.06	0.0188619718309859	0.000750558494712429	0.0181114133362735
5394	53940	0	0	0.0187795774647887	0.00501229664962173	0.013767280815167
5395	53950	0	0	0.0186718309859155	0.00525812180311223	0.0134137091828033
5396	53960	0	0.52	0.0195718309859155	0.010377243043654	0.00919458794226148
5397	53970	0	0	0.0214542253521127	0.0452901462428224	-0.0238359208907097
5398	53980	0	0	0.020224647887324	0.0461183595334286	-0.0258937116461046
5399	53990	0	0	0.0191978873239437	0.0427259238186609	-0.0235280364947173
5400	54000	0	0	0.0186718309859155	0.0348712052692241	-0.0161993742833086
5401	54010	0	0	0.0185767605633803	0.0280813911629445	-0.00950463059956419
5402	54020	0	0	0.0180253521126761	0.0235591585578378	-0.00553380644516176
5403	54030	0	0	0.0177654929577465	0.0214626110535415	-0.00369711809579498
5404	54040	0	0.01	0.0173345070422535	0.018378446872831	-0.00104393983057747
5405	54050	0	0	0.017106338028169	0.0163862792870384	0.000720058741130566
5406	54060	0	0	0.0167450704225352	0.0141441661040471	0.00260090431848809
5407	54070	0	0	0.0161302816901408	0.0116132628248481	0.00451701886529278
5408	54080	0	0.02	0.016193661971831	0.0108145480077153	0.00537911396411567
5409	54090	0	0	0.0158323943661972	0.0101165291950616	0.00571586517113556
5410	54100	0	0	0.0157056338028169	0.00744281327473398	0.0082628205280829
5411	54110	0	0	0.0152429577464789	0.00444782999445359	0.0107951277520253
5412	54120	0	0	0.0149260563380282	0.00384282088094109	0.0110832354570871
5413	54130	0	0.22	0.0155978873239437	0.00837424781253392	0.00722363951140976
5414	54140	0	0	0.0149070422535211	0.0234837197536097	-0.00857667750008856
5415	54150	0	0	0.0146788732394366	0.0223674682128498	-0.00768859497341311
5416	54160	0	0.36	0.0150781690140845	0.0257190632452522	-0.0106408942311676
5417	54170	0	0.01	0.0159528169014085	0.0431820149344972	-0.0272291980330888
5418	54180	0	0	0.0156422535211268	0.0422543078995301	-0.0266120543784033
5419	54190	0	0	0.0153760563380282	0.03835371763267	-0.0229776612946419
5420	54200	0	0	0.0156232394366197	0.0322004267789327	-0.016577187342313
5421	54210	0	0	0.0153380281690141	0.0263133546042627	-0.0109753264352486
5422	54220	0	0	0.0154964788732394	0.0220594379427908	-0.00656295906955138
5423	54230	0	0	0.0153190140845071	0.0196759807160624	-0.00435696663155535
5424	54240	0	0	0.0153760563380282	0.016712465488251	-0.00133640915022289
5425	54250	0	0	0.0151985915492958	0.0146336947087435	0.000564896840552239
5426	54260	0	0	0.0146852112676056	0.0123653585237872	0.00231985274381843
5427	54270	0	0	0.0147169014084507	0.00953661599728729	0.00518028541116341
5428	54280	0	0	0.0144950704225352	0.00792626548795105	0.00656880493458416
5429	54290	0	0	0.014387323943662	0.00639495174006624	0.00799237220359572
5430	54300	0	0	0.0142225352112676	0.00533155355045148	0.00889098166081614
5431	54310	0	0.02	0.0136838028169014	0.00374129992496882	0.00994250289193258
5432	54320	0	0	0.0140197183098592	0.00427724900802984	0.00974246930182931
5433	54330	0	1.04	0.0177591549295775	0.0174689321897503	0.000290222739827192
5434	54340	0	0.64	0.0227028169014085	0.0944822391196394	-0.0717794222182309
5435	54350	0	0.26	0.0317408450704225	0.143358328074574	-0.111617483004152
5436	54360	0	0	0.0484415492957747	0.157952225888585	-0.109510676592811
5437	54370	0	0.78	0.0518514084507042	0.145403725774585	-0.0935523173238809
5438	54380	0	0.03	0.0535056338028169	0.17543680314972	-0.121931169346903
5439	54390	0	0.13	0.0509323943661972	0.161282627813415	-0.110350233447218
5440	54400	0	0	0.0609654929577465	0.153725609329375	-0.0927601163716281
5441	54410	0	0	0.0747253521126761	0.132181947791867	-0.0574565956791906
5442	54420	0	0	0.0750042253521127	0.111466412884778	-0.0364621875326648
5443	54430	0	0	0.0871669014084507	0.0940333803005391	-0.00686647889208834
5444	54440	0	0	0.0891443661971831	0.0812051110356868	0.00793925516149627
5445	54450	0	0	0.0894992957746479	0.0708010711300206	0.0186982246446273
5446	54460	0	0	0.0934732394366197	0.0605217857409016	0.0329514536957181
5447	54470	0	0.03	0.0904753521126761	0.0483456172535736	0.0421297348591025
5448	54480	0	0.71	0.0970605633802817	0.0436773266016624	0.0533832367786193
5449	54490	0	0.22	0.133269718309859	0.0883673398691513	0.0449023784407078
5450	54500	0	0.01	0.152898591549296	0.105582840780106	0.0473157507691904
5451	54510	0	0.02	0.133364788732394	0.10243192518843	0.0309328635439641
5452	54520	0	0	0.119116901408451	0.0850732313735165	0.0340436700349342
5453	54530	0	0	0.104482394366197	0.0716918322087563	0.0327905621574408
5454	54540	0	0	0.0922943661971831	0.0578036000605879	0.0344907661365952
5455	54550	0	0.01	0.0816591549295775	0.0495821613884077	0.0320769935411698
5456	54560	0	0.28	0.0764429577464789	0.0439460303456471	0.0324969274008318
5457	54570	0	0	0.0735654929577465	0.0594378231079164	0.01412766984983
5458	54580	0	0.03	0.0691669014084507	0.0500899401283529	0.0190769612800979
5459	54590	0	0	0.0653957746478874	0.0464439690969497	0.0189518055509376
5460	54600	0	0	0.0636147887323944	0.0394277848895794	0.024187003842815
5461	54610	0	0	0.0602556338028169	0.0325400912679956	0.0277155425348214
5462	54620	0	0	0.0557492957746479	0.0246986645766676	0.0310506311979803
5463	54630	0	0	0.0519971830985916	0.017974886045711	0.0340222970528806
5464	54640	0	0	0.0479408450704225	0.0147959734104842	0.0331448716599383
5465	54650	0	0	0.0444866197183099	0.0163360731784469	0.028150546539863
5466	54660	0	0	0.0413619718309859	0.0167020526997867	0.0246599191311992
5467	54670	0	0	0.0381485915492958	0.0133471253349519	0.0248014662143439
5468	54680	0	0	0.0364183098591549	0.0132023910333597	0.0232159188257952
5469	54690	0	0	0.0344218309859155	0.00684158180193977	0.0275802491839757
5470	54700	0	0	0.0332239436619718	0.00342142456459198	0.0298025190973799
5471	54710	0	0	0.0319056338028169	0.00169025856979655	0.0302153752330204
5472	54720	0	0.25	0.0307838028169014	0.00405603341904232	0.0267277693978591
5473	54730	0	0.78	0.0354485915492958	0.0307011453074811	0.00474744624181464
5474	54740	0	0.01	0.0421732394366197	0.0856072515029276	-0.0434340120663079
5475	54750	0	0.07	0.0429845070422535	0.0875546336798603	-0.0445701266376068
5476	54760	0	0	0.0452725352112676	0.0847918531889199	-0.0395193179776523
5477	54770	0	0	0.0495570422535211	0.0681511293006005	-0.0185940870470793
5478	54780	0	0	0.0488978873239437	0.0559585765844073	-0.00706068926046363
5479	54790	0	0	0.049030985915493	0.0473499191535049	0.00168106676198806
5480	54800	0	0.01	0.0492908450704225	0.0423021388535822	0.00698870621684036
5481	54810	0	0	0.0504697183098592	0.036709939977747	0.0137597783321121
5482	54820	0	0	0.050824647887324	0.0315229011906432	0.0193017466966807
5483	54830	0	0.46	0.0504887323943662	0.0318295359458547	0.0186591964485116
5484	54840	0	0.32	0.0645908450704225	0.0628722075537239	0.00171863751669864
5485	54850	0	0.32	0.0808478873239437	0.0877166405056977	-0.00686875318175408
5486	54860	0	0	0.0829647887323944	0.103548566976026	-0.0205837782436312
5487	54870	0	0.15	0.0814943661971831	0.0917608624865104	-0.0102664962893273
5488	54880	0	0	0.0988161971830986	0.0850933820573713	0.0137228151257273
5489	54890	0	0	0.104659859154929	0.0737763011520588	0.0308835580028706
5490	54900	0	0	0.0970225352112677	0.0681767317422245	0.0288458034690432
5491	54910	0	0	0.0885232394366197	0.0597533322434972	0.0287699071931226
5492	54920	0	0	0.0804169014084507	0.0507043514574968	0.0297125499509539
5493	54930	0	0	0.072893661971831	0.0436178912592558	0.0292757707125752
5494	54940	0	0	0.0678422535211268	0.0320092966010872	0.0358329569200395
5495	54950	0	0.04	0.0629492957746479	0.0285242132398597	0.0344250825347882
5496	54960	0	0	0.0589246478873239	0.0266179150741114	0.0323067328132126
5497	54970	0	0	0.0560345070422535	0.0220918878441366	0.0339426191981169
5498	54980	0	0	0.0544056338028169	0.0156764414326394	0.0387291923701775
5499	54990	0	0	0.0524725352112676	0.0112518401619753	0.0412206950492923
5500	55000	0	0	0.0491450704225352	0.0104874730621466	0.0386575973603886
5501	55010	0	0	0.0466922535211268	0.0112489674241775	0.0354432860969493
5502	55020	0	0.03	0.0441316901408451	0.0108863163516143	0.0332453737892307
5503	55030	0	0	0.0430035211267606	0.0127800043321426	0.030223516794618
5504	55040	0	0.08	0.041837323943662	0.0101082723233661	0.0317290516202959
5505	55050	0	0	0.0402338028169014	0.0135240271994377	0.0267097756174637
5506	55060	0	0	0.0389661971830986	0.010212968577495	0.0287532286056036
5507	55070	0	0	0.0369316901408451	0.00960059193334813	0.0273310982074969
5508	55080	0	0.01	0.036006338028169	0.00697950518389642	0.0290268328442726
5509	55090	0	0	0.0338514084507042	0.00634140915878322	0.027509999291921
5510	55100	0	0	0.0324380281690141	0.00533216291245395	0.0271058652565601
5511	55110	0	0	0.0308345070422535	0.00483520943923452	0.025999297603019
5512	55120	0	0	0.029224647887324	0.00429994742968278	0.0249247004576412
5513	55130	0	0	0.0284387323943662	0.00369997269880045	0.0247387596955658
5514	55140	0	0	0.0275197183098592	0.00313662659676426	0.0243830917130949
5515	55150	0	0.06	0.0282929577464789	0.00336720623696789	0.024925751509511
5516	55160	0	0.5	0.0283880281690141	0.0122176946211443	0.0161703335478698
5517	55170	0	0	0.0284894366197183	0.0462781753137559	-0.0177887386940376
5518	55180	0	0.05	0.0276845070422535	0.047717981114021	-0.0200334740717675
5519	55190	0	0.04	0.027462676056338	0.0475536868356762	-0.0200910107793381
5520	55200	0	0	0.0268859154929578	0.0424059529995608	-0.015520037506603
5521	55210	0	0		0.035803332409074	
5522	55220	0	0		0.0306661934329941	
5523	55230	0	0		0.0267703805456404	
5524	55240	0	0		0.0228659756880628	
5525	55250	0	0.01		0.0191419580713609	
5526	55260	0	0		0.0171955585677676	
5527	55270	0	0.01		0.0147098541956195	
5528	55280	0	0		0.014226950236088	
5529	55290	0				
5530	55300	0				
5531	55310	0				
5532	55320	0				
5533	55330	0				
5534	55340	0				
5535	55350	0				
5536	55360	0				
5537	55370	0				
5538	55380	0				
5539	55390	0				
5540	55400	0				
5541	55410	0				
5542	55420	0				
5543	55430	0				
5544	55440	0				
5545	55450	0				
5546	55460	0				
5547	55470	0				
5548	55480	0				
5549	55490	0				
5550	55500	0				
5551	55510	0				
5552	55520	0				
5553	55530	0				
5554	55540	0				
5555	55550	0				
5556	55560	0				
5557	55570	0				
5558	55580	0				
5559	55590	0				
5560	55600	0				
5561	55610	0				
5562	55620	0				
5563	55630	0				
5564	55640	0				
5565	55650	0				
5566	55660	0				
5567	55670	0				
5568	55680	0				
5569	55690	0				
5570	55700	0				
5571	55710	0				
5572	55720	0				
5573	55730	0				
5574	55740	0				
5575	55750	0				
5576	55760	0				
5577	55770	0				
5578	55780	0				
5579	55790	0				
5580	55800	0				
5581	55810	0				
5582	55820	0				
5583	55830	0				
5584	55840	0				
5585	55850	0				
5586	55860	0				
5587	55870	0				
5588	55880	0				
5589	55890	0				
5590	55900	0				
5591	55910	0				
5592	55920	0				
5593	55930	0				
5594	55940	0				
5595	55950	0				
5596	55960	0				
5597	55970	0				
5598	55980	0				
5599	55990	0				
5600	56000	0				
5601	56010	0				
5602	56020	0				
5603	56030	0				
5604	56040	0				
5605	56050	0				
5606	56060	0				
5607	56070	0				
5608	56080	0				
5609	56090	0				
5610	56100	0				
5611	56110	0				
5612	56120	0				
5613	56130	0				
5614	56140	0				
5615	56150	0				
5616	56160	0				
5617	56170	0				
5618	56180	0				
5619	56190	0				
5620	56200	0				
5621	56210	0				
5622	56220	0				
5623	56230	0				
5624	56240	0				
5625	56250	0				
5626	56260	0				
5627	56270	0				
5628	56280	0				
5629	56290	0				
5630	56300	0				
5631	56310	0				
5632	56320	0				
5633	56330	0				
5634	56340	0				
5635	56350	0				
5636	56360	0				
5637	56370	0				
5638	56380	0				
5639	56390	0				
5640	56400	0				
5641	56410	0				
5642	56420	0				
5643	56430	0				
5644	56440	0				
5645	56450	0				
5646	56460	0				
5647	56470	0				
5648	56480	0				
5649	56490	0				
5650	56500	0				
5651	56510	0				
5652	56520	0				
5653	56530	0				
5654	56540	0				
5655	56550	0				
5656	56560	0				
5657	56570	0				
5658	56580	0				
5659	56590	0				
5660	56600	0				
5661	56610	0				
5662	56620	0				
5663	56630	0				
5664	56640	0				
5665	56650	0				
5666	56660	0				
5667	56670	0				
5668	56680	0				
5669	56690	0				
5670	56700	0				
5671	56710	0				
5672	56720	0				
5673	56730	0				
5674	56740	0				
5675	56750	0				
5676	56760	0				
5677	56770	0				
5678	56780	0				
5679	56790	0				
5680	56800	0				
5681	56810	0				
5682	56820	0				
5683	56830	0				
5684	56840	0				
5685	56850	0				
5686	56860	0				
5687	56870	0				
5688	56880	0				
5689	56890	0				
5690	56900	0				
5691	56910	0				
5692	56920	0				
5693	56930	0				
5694	56940	0				
5695	56950	0				
5696	56960	0				
5697	56970	0				
5698	56980	0				
5699	56990	0				
5700	57000	0				
5701	57010	0				
5702	57020	0				
5703	57030	0				
5704	57040	0				
5705	57050	0				
5706	57060	0				
5707	57070	0				
5708	57080	0				
5709	57090	0				
5710	57100	0				
5711	57110	0				
5712	57120	0				
5713	57130	0				
5714	57140	0				
5715	57150	0				
5716	57160	0				
5717	57170	0				
5718	57180	0				
5719	57190	0				
5720	57200	0				
5721	57210	0				
5722	57220	0				
5723	57230	0				
5724	57240	0				
5725	57250	0				
5726	57260	0				
5727	57270	0				
5728	57280	0				
5729	57290	0				
5730	57300	0				
5731	57310	0				
5732	57320	0				
5733	57330	0				
5734	57340	0				
5735	57350	0				
5736	57360	0				
5737	57370	0				
5738	57380	0				
5739	57390	0				
5740	57400	0				
5741	57410	0				
5742	57420	0				
5743	57430	0				
5744	57440	0				
5745	57450	0				
5746	57460	0				
5747	57470	0				
5748	57480	0				
5749	57490	0				
5750	57500	0				
5751	57510	0				
5752	57520	0				
5753	57530	0				
5754	57540	0				
5755	57550	0				
5756	57560	0				
5757	57570	0				
5758	57580	0				
5759	57590	0				
5760	57600	0				
5761	57610	0				
5762	57620	0				
5763	57630	0				
5764	57640	0				
5765	57650	0				
5766	57660	0				
5767	57670	0				
5768	57680	0				
5769	57690	0				
5770	57700	0				
5771	57710	0				
5772	57720	0				
5773	57730	0				
5774	57740	0				
5775	57750	0				
5776	57760	0				
5777	57770	0				
5778	57780	0				
5779	57790	0				
5780	57800	0				
5781	57810	0				
5782	57820	0				
5783	57830	0				
5784	57840	0				
5785	57850	0				
5786	57860	0				
5787	57870	0				
5788	57880	0				
5789	57890	0				
5790	57900	0				
5791	57910	0				
5792	57920	0				
5793	57930	0				
5794	57940	0				
5795	57950	0				
5796	57960	0				
5797	57970	0				
5798	57980	0				
5799	57990	0				
5800	58000	0				
5801	58010	0				
5802	58020	0				
5803	58030	0				
5804	58040	0				
5805	58050	0				
5806	58060	0				
5807	58070	0				
5808	58080	0				
5809	58090	0				
5810	58100	0				
5811	58110	0				
5812	58120	0				
5813	58130	0				
5814	58140	0				
5815	58150	0				
5816	58160	0				
5817	58170	0				
5818	58180	0				
5819	58190	0				
5820	58200	0				
5821	58210	0				
5822	58220	0				
5823	58230	0				
5824	58240	0				
5825	58250	0				
5826	58260	0				
5827	58270	0				
5828	58280	0				
5829	58290	0				
5830	58300	0				
5831	58310	0				
5832	58320	0				
5833	58330	0				
5834	58340	0				
5835	58350	0				
5836	58360	0				
5837	58370	0				
5838	58380	0				
5839	58390	0				
5840	58400	0				
5841	58410	0				
5842	58420	0				
5843	58430	0				
5844	58440	0				
5845	58450	0				
5846	58460	0				
5847	58470	0				
5848	58480	0				
5849	58490	0				
5850	58500	0				
5851	58510	0				
5852	58520	0				
5853	58530	0				
5854	58540	0				
5855	58550	0				
5856	58560	0				
5857	58570	0				
5858	58580	0				
5859	58590	0				
5860	58600	0				
5861	58610	0				
5862	58620	0				
5863	58630	0				
5864	58640	0				
5865	58650	0				
5866	58660	0				
5867	58670	0				
5868	58680	0				
5869	58690	0				
5870	58700	0				
5871	58710	0				
5872	58720	0				
5873	58730	0				
5874	58740	0				
5875	58750	0				
5876	58760	0				
5877	58770	0				
5878	58780	0				
5879	58790	0				
5880	58800	0				
5881	58810	0				
5882	58820	0				
5883	58830	0				
5884	58840	0				
5885	58850	0				
5886	58860	0				
5887	58870	0				
5888	58880	0				
5889	58890	0				
5890	58900	0				
5891	58910	0				
5892	58920	0				
5893	58930	0				
5894	58940	0				
5895	58950	0				
5896	58960	0				
5897	58970	0				
5898	58980	0				
5899	58990	0				
5900	59000	0				
5901	59010	0				
5902	59020	0				
5903	59030	0				
5904	59040	0				
5905	59050	0				
5906	59060	0				
5907	59070	0				
5908	59080	0				
5909	59090	0				
5910	59100	0				
5911	59110	0				
5912	59120	0				
5913	59130	0				
5914	59140	0				
5915	59150	0				
5916	59160	0				
5917	59170	0				
5918	59180	0				
5919	59190	0				
5920	59200	0				
5921	59210	0				
5922	59220	0				
5923	59230	0				
5924	59240	0				
5925	59250	0				
5926	59260	0				
5927	59270	0				
5928	59280	0				
5929	59290	0				
5930	59300	0				
5931	59310	0				
5932	59320	0				
5933	59330	0				
5934	59340	0				
5935	59350	0				
5936	59360	0				
5937	59370	0				
5938	59380	0				
5939	59390	0				
5940	59400	0				
5941	59410	0				
5942	59420	0				
5943	59430	0				
5944	59440	0				
5945	59450	0				
5946	59460	0				
5947	59470	0				
5948	59480	0				
5949	59490	0				
5950	59500	0				
5951	59510	0				
5952	59520	0				
5953	59530	0				
5954	59540	0				
5955	59550	0				
5956	59560	0				
5957	59570	0				
5958	59580	0				
5959	59590	0				
5960	59600	0				
5961	59610	0				
5962	59620	0				
5963	59630	0				
5964	59640	0				
5965	59650	0				
5966	59660	0				
5967	59670	0				
5968	59680	0				
5969	59690	0				
5970	59700	0				
5971	59710	0				
5972	59720	0				
5973	59730	0				
5974	59740	0				
5975	59750	0				
5976	59760	0				
5977	59770	0				
5978	59780	0				
5979	59790	0				
5980	59800	0				
5981	59810	0				
5982	59820	0				
5983	59830	0				
5984	59840	0				
5985	59850	0				
5986	59860	0				
5987	59870	0				
5988	59880	0				
5989	59890	0				
5990	59900	0				
5991	59910	0				
5992	59920	0				
5993	59930	0				
5994	59940	0				
5995	59950	0				
5996	59960	0				
5997	59970	0				
5998	59980	0				
5999	59990	0				
6000	60000	0				
6001	60010	0				
6002	60020	0				
6003	60030	0				
6004	60040	0				
6005	60050	0				
6006	60060	0				
6007	60070	0				
6008	60080	0				
6009	60090	0				
6010	60100	0				
6011	60110	0				
6012	60120	0				
6013	60130	0				
6014	60140	0				
6015	60150	0				
6016	60160	0				
6017	60170	0				
6018	60180	0				
6019	60190	0				
6020	60200	0				
6021	60210	0				
6022	60220	0				
6023	60230	0				
6024	60240	0				
6025	60250	0				
6026	60260	0				
6027	60270	0				
6028	60280	0				
6029	60290	0				
6030	60300	0				
6031	60310	0				
6032	60320	0				
6033	60330	0				
6034	60340	0				
6035	60350	0				
6036	60360	0				
6037	60370	0				
6038	60380	0				
6039	60390	0				
6040	60400	0				
6041	60410	0				
6042	60420	0				
6043	60430	0				
6044	60440	0				
6045	60450	0				
6046	60460	0				
6047	60470	0				
6048	60480	0				
6049	60490	0				
6050	60500	0				
6051	60510	0				
6052	60520	0				
6053	60530	0				
6054	60540	0				
6055	60550	0				
6056	60560	0				
6057	60570	0				
6058	60580	0				
6059	60590	0				
6060	60600	0				
6061	60610	0				
6062	60620	0				
6063	60630	0				
6064	60640	0				
6065	60650	0				
6066	60660	0				
6067	60670	0				
6068	60680	0				
6069	60690	0				
6070	60700	0				
6071	60710	0				
6072	60720	0				
6073	60730	0				
6074	60740	0				
6075	60750	0				
6076	60760	0				
6077	60770	0				
6078	60780	0				
6079	60790	0				
6080	60800	0				
6081	60810	0				
6082	60820	0				
6083	60830	0				
6084	60840	0				
6085	60850	0				
6086	60860	0				
6087	60870	0				
6088	60880	0				
6089	60890	0				
6090	60900	0				
6091	60910	0				
6092	60920	0				
6093	60930	0				
6094	60940	0				
6095	60950	0				
6096	60960	0				
6097	60970	0				
6098	60980	0				
6099	60990	0				
6100	61000	0				
6101	61010	0				
6102	61020	0				
6103	61030	0				
6104	61040	0				
6105	61050	0				
6106	61060	0				
6107	61070	0				
6108	61080	0				
6109	61090	0				
6110	61100	0		0.100825352112676		
6111	61110	0		0.137661971830986		
6112	61120	0		0.181825352112676		
6113	61130	0		0.160985915492958		
6114	61140	0		0.1926		
6115	61150	0		0.206847887323944		
6116	61160	0		0.199952112676057		
6117	61170	0		0.200218309859155		
6118	61180	0		0.173104225352113		
6119	61190	0	0	0.211538028169014		
6120	61200	0	0	0.208191549295775		
6121	61210	0	0	0.246067605633803		
6122	61220	0	0	0.314822535211268		
6123	61230	0	0	0.302754929577465		
6124	61240	0	0	0.358453521126761		
6125	61250	0	0	0.219828169014084		
6126	61260	0	0	0.226292957746479		
6127	61270	0	0	0.203729577464789		
6128	61280	0	0	0.165929577464789		
6129	61290	0	0.01	0.162152112676056		
6130	61300	0	0	0.110611267605634		
6131	61310	0	0	0.134264788732394		
6132	61320	0	0	0.104197183098592		
6133	61330	0	0	0.0786169014084507		
6134	61340	0	0	0.0744845070422535		
6135	61350	0	0	0.0684760563380282		
6136	61360	0	0	0.0653577464788732		
6137	61370	0	0	0.0619859154929578		
6138	61380	0	0	0.0588422535211268		
6139	61390	0	0	0.0558	0.000238738495132251	0.0555612615048678
6140	61400	0	0	0.0529352112676056	0.000197657908897436	0.0527375533587082
6141	61410	0	0.01	0.0502732394366197	0.00029435136710424	0.0499788880695155
6142	61420	0	0	0.0475859154929577	0.000944390583401143	0.0466415249095566
6143	61430	0	0.03	0.0452535211267606	0.0012431737849568	0.0440103473418038
6144	61440	0	0.07	0.043630985915493	0.00394126853507095	0.039689717380422
6145	61450	0.955011413954746	0.85	0.0518450704225352	0.0177917310440102	0.034053339378525
6146	61460	0	0.16	0.0717211267605634	0.07792766800739	-0.00620654124682664
6147	61470	0.771172031571167	0	0.0666760563380282	0.0909750645544126	-0.0242990082163844
6148	61480	0.620512483280398	0	0.0522507042253521	0.085310532656605	-0.0330598284312529
6149	61490	0	0.03	0.0465718309859155	0.0710965252662143	-0.0245246942802988
6150	61500	0.755921829075073	0	0.0435295774647887	0.0594615121676196	-0.0159319347028309
6151	61510	0.782921883811256	0	0.0406394366197183	0.0502230663912811	-0.00958362977156277
6152	61520	0.828674754042227	0	0.0379014084507042	0.0451285156584131	-0.00722710720770881
6153	61530	0.894994865892323	0	0.0354169014084507	0.0388212566594163	-0.00340435525096563
6154	61540	0.935152253773623	0	0.0331352112676056	0.0328257724152651	0.000309438852340534
6155	61550	0.935809266290797	0	0.0309295774647887	0.0280468082643289	0.00288276920045983
6156	61560	0.962826861119259	0	0.0288760563380282	0.0235766796852347	0.00529937665279345
6157	61570	0.928347610053293	0	0.027	0.0214540753833916	0.00554592461660847
6158	61580	0.86445973150189	0	0.0252	0.0174463398291828	0.0077536601708172
6159	61590	0.884287471353052	0	0.0235521126760564	0.011546066323216	0.0120060463528403
6160	61600	0.969988436701991	0	0.0219802816901408	0.00583824249890647	0.0161420391912344
6161	61610	0.954189078143388	0	0.0205605633802817	0.00520020970222791	0.0153603536780538
6162	61620	0.943685358998029	0.31	0.0191408450704225	0.0121841539403562	0.00695669113006633
6163	61630	0.744700407891733	0.06	0.0192422535211268	0.0355754552896681	-0.0163332017685413
6164	61640	0.814598259813191	0.01	0.0259605633802817	0.0379095804044074	-0.0119490170241257
6165	61650	0.668326214344006	0	0.0213718309859155	0.0373870860063406	-0.0160152550204251
6166	61660	0.810235400452451	0	0.0184056338028169	0.0263619029504661	-0.00795626914764914
6167	61670	0.892264705500403	0	0.0168591549295775	0.0203799565729884	-0.0035208016434109
6168	61680	0.893700977062269	0	0.015312676056338	0.0168710294584312	-0.00155835340209315
6169	61690	0.900663808152035	0	0.0137661971830986	0.0152008617352431	-0.0014346645521445
6170	61700	0.920866501121381	0	0.0122197183098592	0.0129178082597611	-0.000698089949901955
6171	61710	0.928478339934454	0	0.0106732394366197	0.0109811914120843	-0.0003079519754646
6172	61720	0.944464316155144	0	0.0124225352112676	0.00939873603154799	0.00302379917971959
6173	61730	0.945943518604321	0	0.0100394366197183	0.00783803823729942	0.0022013983824189
6174	61740	0.934795113166068	0	0.00960845070422536	0.00723715932327546	0.0023712913809499
6175	61750	0.922598717535866	0	0.0105464788732395	0.005976833376277	0.00456964549696245
6176	61760	0.917907413572011	0	0.00882253521126761	0.00399182726238892	0.00483070794887869
6177	61770	0.961760629832918	0	0.0106225352112676	0.00187323081227987	0.00874930439898775
6178	61780	0.952277984518068	0	0.00938028169014084	0.00144932878528221	0.00793095290485864
6179	61790	0.958751149515155	0.07	0.0102676056338028	0.00355418860636407	0.00671341702743875
6180	61800	0.899648992781044	0.5	0.0101661971830986	0.0143711102900882	-0.0042049131069896
6181	61810	0.531955056218689	0.61	0.0115859154929577	0.0545697731622295	-0.0429838576692717
6182	61820	0.306430966097952	0.01	0.017543661971831	0.0982719891564216	-0.0807283271845906
6183	61830	0.414142444666426	0.04	0.0279633802816902	0.0953496799720556	-0.0673862996903654
6184	61840	0.413181701103672	0.08	0.0307774647887324	0.0869185177788677	-0.0561410529901353
6185	61850	0.486398063873591	0.03	0.0333380281690141	0.0770113801364651	-0.043673351967451
6186	61860	0.676656482233721	0	0.0434281690140845	0.0671062252195881	-0.0236780562055036
6187	61870	0.829924417877734	0	0.0550140845070423	0.0589165390020539	-0.00390245449501163
6188	61880	0.91071838571964	0	0.0533154929577465	0.0516308281048176	0.00168466485292885
6189	61890	0.96082308334007	0	0.0496647887323944	0.0435889674143345	0.00607582131805987
6190	61900	0.956699762711222	0	0.0427183098591549	0.0370348400859546	0.00568346977320031
6191	61910	0.964443205809996	0	0.0388394366197183	0.0316953744856466	0.00714406213407174
6192	61920	0.957076738417887	0	0.0347323943661972	0.0276187687869475	0.00711362557924964
6193	61930	0.900583396314866	0	0.0324507042253521	0.023963842890403	0.00848686133494912
6194	61940	0.866900230706361	0	0.0288	0.017826185915808	0.010973814084192
6195	61950	0.921962524171255	0	0.0246169014084507	0.0110391397223826	0.0135777616860681
6196	61960	0.962395448477831	0	0.0240084507042254	0.0074718259935503	0.0165366247106751
6197	61970	0.935023660924327	0	0.0211183098591549	0.00917734705523486	0.0119409628039201
6198	61980	0.95670120305957	0	0.0212704225352113	0.0115690553327367	0.00970136720247459
6199	61990	0.955978275125471	0	0.0196225352112676	0.0101733445817661	0.00944919062950155
6200	62000	0.917049844259921	0	0.0179239436619718	0.00840314309606333	0.0095208005659085
6201	62010	0.944561238911215	0	0.0184816901408451	0.00592322710095252	0.0125584630398926
6202	62020	0.994222252637653	0	0.0163774647887324	0.0013257063483033	0.0150517584404291
6203	62030	0.993524343198053	0	0.0162760563380282	0.00108014356912329	0.0151959127689049
6204	62040	0.991698483487695	0	0.0156169014084507	0.000800904925195968	0.0148159964832547
6205	62050	0.987807578501171	0	0.0127521126760564	0.000231921947157161	0.0125201907288992
6206	62060	0.989788295687224	0	0.0127521126760563	0	0.0127521126760563
6207	62070	0.987051789012807	0	0.0118140845070423	0	0.0118140845070423
6208	62080	0.986964854653539	0.06	0.0122450704225352	0.000641113355897974	0.0116039570666372
6209	62090	0.964276464023964	0	0.0116619718309859	0.00476553434802258	0.00689643748296335
6210	62100	0.969931981290905	0	0.0117887323943662	0.00497373122871459	0.00681500116565161
6211	62110	0.966744727575045	0	0.0115859154929577	0.00463848089309471	0.00694743459986303
6212	62120	0.964391303170031	0	0.010774647887324	0.00375692661280288	0.00701772127452107
6213	62130	0.974080756154157	0	0.0114338028169014	0.00301268888456879	0.00842111393233265
6214	62140	0.968609512287652	0	0.0101661971830986	0.00252575607850678	0.00764044110459179
6215	62150	0.974560800650869	0	0.0110028169014085	0.00231117462493246	0.008691642276476
6216	62160	0	0	0.0103183098591549	0.00197142083001501	0.00834688902913992
6217	62170	0	0	0.00988732394366196	0.00166927254411237	0.00821805139954959
6218	62180	0	0	0.0109521126760563	0.00143243097079351	0.00951968170526283
6219	62190	0	0	0.0094056338028169	0.00118594745338462	0.00821968634943229
6220	62200	0	0	0.0100901408450704	0.00112499484672747	0.00896514599834295
6221	62210	0	0	0.00907605633802817	0.000900809152384277	0.00817524718564389
6222	62220	0	0	0.00872112676056338	0.00056197141333227	0.00815915534723111
6223	62230	0	0	0.00856901408450704	0.000224733781977462	0.00834428030252958
6224	62240	0	0	0.00877183098591549	0.00021889027762891	0.00855294070828658
6225	62250	0	0.09	0.00917746478873239	0.00145519463704527	0.00772227015168712
6226	62260	0	0.2	0.00869577464788732	0.00985412719048906	-0.00115835254260173
6227	62270	0	0.95	0.00927887323943662	0.0338615656037521	-0.0245826923643155
6228	62280	0	0.92	0.0138422535211268	0.109285367963798	-0.0954431144426713
6229	62290	0	0.02	0.0149070422535211	0.17313296847248	-0.158225926218959
6230	62300	0	0.36	0.017569014084507	0.172183806601882	-0.154614792517374
6231	62310	0	0.15	0.0410704225352113	0.176292875350606	-0.135222452815395
6232	62320	0	0.01	0.0537211267605634	0.160602300033763	-0.1068811732732
6233	62330	0	0	0.0596535211267606	0.139158525493836	-0.079505004367075
6234	62340	0	0	0.056687323943662	0.120368116423949	-0.0636807924802872
6235	62350	0	0	0.0482197183098592	0.103448511008538	-0.0552287926986789
6236	62360	0	0	0.0425661971830986	0.0872950970843052	-0.0447288999012066
6237	62370	0	0.08	0.0367352112676056	0.0761118306731523	-0.0393766194055466
6238	62380	0	0	0.0321211267605634	0.070780530315998	-0.0386594035554346
6239	62390	0	0	0.0298394366197183	0.0622811020587795	-0.0324416654390611
6240	62400	0	0	0.0254028169014085	0.053399365611945	-0.0279965487105365
6241	62410	0	0.06	0.0232985915492958	0.0407880570972093	-0.0174894655479135
6242	62420	0	0.77	0.0224619718309859	0.0409090212371901	-0.0184470494062042
6243	62430	0	0.03	0.0248450704225352	0.0878319116753943	-0.0629868412528591
6244	62440	0	0	0.0287492957746479	0.0934323602668527	-0.0646830644922048
6245	62450	0	0.01	0.0286478873239437	0.0899679604737422	-0.0613200731497985
6246	62460	0	0.06	0.0276591549295775	0.0753851594704307	-0.0477260045408532
6247	62470	0	0.14	0.0271267605633803	0.0687420293172714	-0.0416152687538911
6248	62480	0	0	0.0270507042253521	0.0665959276283373	-0.0395452234029852
6249	62490	0	0.1	0.0261380281690141	0.0561810752042126	-0.0300430470351985
6250	62500	0	0.28	0.0263661971830986	0.0591325146845332	-0.0327663175014346
6251	62510	0	0	0.0280140845070423	0.0685387154547761	-0.0405246309477338
6252	62520	0	0	0.0290788732394366	0.0616625066781285	-0.0325836334386918
6253	62530	0	0	0.0282676056338028	0.0537936871562962	-0.0255260815224934
6254	62540	0	0.27	0.0261887323943662	0.0496701056974553	-0.0234813733030891
6255	62550	0	0.14	0.0264676056338028	0.0611608647886634	-0.0346932591548606
6256	62560	0	0.27	0.0297633802816902	0.0659238868944646	-0.0361605066127745
6257	62570	0	0.08	0.0329323943661972	0.0775676457980512	-0.0446352514318541
6258	62580	0	0.09	0.0349859154929577	0.076866206802631	-0.0418802913096732
6259	62590	0	0.17	0.0372169014084507	0.0796014316475288	-0.0423845302390781
6260	62600	0	0.65	0.0415014084507042	0.088668244745639	-0.0471668362949348
6261	62610	0	0.25	0.067512676056338	0.124620860074623	-0.0571081840182845
6262	62620	0	0.34	0.109140845070422	0.139508122404801	-0.0303672773343785
6263	62630	0	0	0.135735211267606	0.145493494588475	-0.00975828332086889
6264	62640	0	0.01	0.130360563380282	0.127715069300726	0.00264549407955586
6265	62650	0	0.4	0.132008450704225	0.112269785388548	0.0197386653156772
6266	62660	0	0.06	0.180380281690141	0.12361084859345	0.0567694330966913
6267	62670	0	0	0.158476056338028	0.117678722778316	0.0407973335597119
6268	62680	0	0	0.128281690140845	0.103237880812776	0.025043809328069
6269	62690	0	0	0.107619718309859	0.0857710534674677	0.0218486648423912
6270	62700	0	0.32	0.0932704225352113	0.0737780557738842	0.0194923667613271
6271	62710	0	0.01	0.116822535211268	0.0830656325273216	0.033756902683946
6272	62720	0	0	0.105616901408451	0.0792199536447827	0.0263969477636681
6273	62730	0	0	0.0908619718309859	0.0698775665025351	0.0209844053284508
6274	62740	0	0	0.0781859154929578	0.0574863741082243	0.0206995413847335
6275	62750	0	0	0.0672845070422535	0.0428342183734834	0.0244502886687701
6276	62760	0	0	0.0580056338028169	0.034816579830564	0.0231890539722529
6277	62770	0	0	0.0522253521126761	0.0318926670713335	0.0203326850413426
6278	62780	0	0	0.0466225352112676	0.0293116465992373	0.0173108886120303
6279	62790	0	0.08	0.0431492957746479	0.0252047062796661	0.0179445894949818
6280	62800	0	0.87	0.0421859154929577	0.0354331670925295	0.00675274840042819
6281	62810	0	0	0.0712140845070423	0.0880623464178367	-0.0168482619107945
6282	62820	0	1.99	0.091343661971831	0.111997267294079	-0.0206536053222483
6283	62830	0	0.07	0.14374647887324	0.240410092240392	-0.0966636133671529
6284	62840	0	0.37	0.152619718309859	0.239193785438429	-0.0865740671285699
6285	62850	0	0.63	0.153152112676056	0.247565879202217	-0.0944137665261607
6286	62860	0	0.04	0.226470422535211	0.252526899478738	-0.0260564769435268
6287	62870	0	0	0.233391549295775	0.22711830145894	0.00627324783683431
6288	62880	0	0	0.190216901408451	0.196400350266202	-0.00618344885775163
6289	62890	0	0	0.147498591549296	0.16887422360607	-0.0213756320567739
6290	62900	0	0	0.122552112676056	0.142681336689061	-0.0201292240130047
6291	62910	0	0	0.105135211267606	0.119218877134628	-0.0140836658670219
6292	62920	0	0	0.0922816901408451	0.105078215379398	-0.0127965252385526
6293	62930	0	0	0.081456338028169	0.0873506704176694	-0.00589433238950032
6294	62940	0	0	0.0725070422535211	0.0748191315677808	-0.00231208931425971
6295	62950	0	0	0.0643183098591549	0.0582065406027175	0.00611176925643741
6296	62960	0	0	0.0589690140845071	0.0438664748457391	0.015102539238768
6297	62970	0	0	0.0537971830985916	0.0341818526618406	0.019615330436751
6298	62980	0	0	0.0496394366197183	0.0299298837231157	0.0197095528966026
6299	62990	0	0.05	0.0468253521126761	0.0309547008332805	0.0158706512793956
6300	63000	0	0.31	0.0442140845070423	0.0375339632668539	0.0066801212401884
6301	63010	0	0.13	0.0437577464788733	0.0484132104193184	-0.00465546394044514
6302	63020	0	0.04	0.0446450704225352	0.0649610284469509	-0.0203159580244157
6303	63030	0	0.94	0.0486507042253521	0.0601863485292763	-0.0115356443039242
6304	63040	0	1.33	0.124377464788732	0.131229541001345	-0.00685207621261305
6305	63050	0	0.53	0.281585915492958	0.22323727558985	0.0583486399031077
6306	63060	0	0.01	0.312287323943662	0.249440040042879	0.0628472839007829
6307	63070	0	0.01	0.256005633802817	0.227578760882118	0.0284268729206991
6308	63080	0	0.17	0.209535211267606	0.193158396250408	0.0163768150171979
6309	63090	0	0.01	0.188822535211268	0.170379330985218	0.01844320422605
6310	63100	0	0	0.157842253521127	0.148414030094052	0.00942822342707517
6311	63110	0	0.34	0.134518309859155	0.13444137823214	7.69316270148868e-05
6312	63120	0	0.1	0.12227323943662	0.140768791852199	-0.018495552415579
6313	63130	0	0.2	0.117456338028169	0.133440794658715	-0.0159844566305463
6314	63140	0	0.02	0.123160563380282	0.129915136610247	-0.00675457322996563
6315	63150	0	0.02	0.12252676056338	0.114705680630293	0.00782107993308727
6316	63160	0	0.35	0.121461971830986	0.10419884555584	0.0172631262751454
6317	63170	0	0.04	0.124276056338028	0.111139412383365	0.0131366439546634
6318	63180	0	0.02	0.11603661971831	0.095666118051196	0.0203705016671138
6319	63190	0	0.18	0.10536338028169	0.0807292545964121	0.0246341256852782
6320	63200	0	0.3	0.0996845070422535	0.0882271393053404	0.0114573677369131
6321	63210	0	0.06	0.111194366197183	0.106001115121031	0.00519325107615203
6322	63220	0	0.01	0.112588732394366	0.102560015246419	0.0100287171479474
6323	63230	0	0	0.105921126760563	0.0919696961295938	0.0139514306309694
6324	63240	0	0	0.0965154929577465	0.0734792168142004	0.0230362761435461
6325	63250	0	0	0.089087323943662	0.0539891450620571	0.0350981788816048
6326	63260	0	0	0.0798338028169014	0.0411420287554735	0.0386917740614279
6327	63270	0	0	0.0734450704225352	0.0342968191719883	0.0391482512505469
6328	63280	0	0	0.0688056338028169	0.0312008368285676	0.0376047969742493
6329	63290	0	0.26	0.0667267605633803	0.0292932733686146	0.0374334871947657
6330	63300	0	0.02	0.0729887323943662	0.0426445486237857	0.0303441837705805
6331	63310	0	2.97	0.0982140845070422	0.0732476993360426	0.0249663851709996
6332	63320	0	0.14	0.159616901408451	0.272857453992578	-0.113240552584128
6333	63330	0	0.1	0.172850704225352	0.288683689198653	-0.115832984973301
6334	63340	0	0.61	0.183954929577465	0.278546496277402	-0.0945915666999377
6335	63350	0	0.09	0.225811267605634	0.271760280945996	-0.0459490133403624
6336	63360	0	0.02	0.223935211267606	0.240442378085623	-0.0165071668180173
6337	63370	0	0	0.198050704225352	0.208697462714844	-0.0106467584894915
6338	63380	0	0	0.167323943661972	0.184642634960367	-0.0173186912983958
6339	63390	0	0	0.139208450704225	0.155628875199631	-0.0164204244954056
6340	63400	0	0	0.127647887323944	0.130926284657947	-0.0032783973340034
6341	63410	0	0.02	0.115047887323944	0.112384466773038	0.00266342055090596
6342	63420	0	0	0.106529577464789	0.095124641224265	0.0114049362405236
6343	63430	0	0.01	0.0988225352112676	0.0860405427181612	0.0127819924931064
6344	63440	0	0	0.0924591549295775	0.0704173036189828	0.0220418513105947
6345	63450	0	0	0.0865267605633803	0.0496613673464656	0.0368653932169147
6346	63460	0	0	0.0815830985915493	0.0316196630218118	0.0499634355697375
6347	63470	0	0	0.0765126760563381	0.0276344007007402	0.0488782753555979
6348	63480	0	0.01	0.0718225352112676	0.0359045106156077	0.0359180245956599
6349	63490	0	0	0.0683239436619718	0.0371030381791921	0.0312209054827797
6350	63500	0	0	0.0642422535211268	0.0248868893191507	0.0393553642019761
6351	63510	0	0.01	0.0609211267605634	0.0318663841936721	0.0290547425668913
6352	63520	0	0	0.0579549295774648	0.0103802538302555	0.0475746757472093
6353	63530	0	0	0.0555971830985915	0.0074453033330568	0.0481518797655347
6354	63540	0	0	0.0534169014084507	0.00714464629508377	0.0462722551133669
6355	63550	0	0	0.0514901408450704	0.0022035699262884	0.049286570918782
6356	63560	0	0	0.0497915492957747	0.00121034570325861	0.0485812035925161
6357	63570	0	0	0.050374647887324	0.00086579676520154	0.0495088511221224
6358	63580	0	0	0.0496394366197183	0.000825898097350009	0.0488135385223683
6359	63590	0	0	0.0479915492957746	0.000752303476436514	0.0472392458193381
6360	63600	0	0	0.045912676056338	0.000669596265302051	0.045243079791036
6361	63610	0	0	0.0444422535211268	0.000638284843433618	0.0438039686776931
6362	63620	0	0	0.0428450704225352	0.00035213527760066	0.0424929351449345
6363	63630	0	0		0.000302262087169876	
6364	63640	0	0		0.000186616571668865	
6365	63650	0	0		0.000175916002755097	
6366	63660	0	0		0.000132252488462123	
6367	63670	0	0		9.7297179419331e-05	
6368	63680	0	0		0.000159561416252106	
6369	63690	0	0		9.47968581325462e-05	
6370	63700	0	0		6.08154664811794e-05	
6371	63710	0	0		7.73073157190538e-05	
6372	63720	0	0		0	
6373	63730	0	0		0	
6374	63740	0	0.07		0.000747965581880969	
6375	63750	0	0.18		0.00748313014038693	
6376	63760	0	0.13		0.021488368415347	
6377	63770	0	0		0.0306580791488032	
6378	63780	0	0		0.0290749413897691	
6379	63790	0	0		0.0248356254721108	
6380	63800	0	0		0.0201247897397039	
6381	63810	0	0.05		0.0173353923444222	
6382	63820	0	0		0.0186772649699317	
6383	63830	0	0		0.0170140681694586	
6384	63840	0	0		0.0148157996408743	
6385	63850	0	0		0.0124284276309084	
6386	63860	0	0		0.0104845108551958	
6387	63870	0	0		0.00910027809905305	
6388	63880	0	0		0.00772152846139371	
6389	63890	0	0.01		0.00564955973346528	
6390	63900	0	0		0.00433249424348344	
6391	63910	0	0		0.00374202041134962	
6392	63920	0	0		0.00437978377805503	
6393	63930	0	0		0.00476500515975713	
6394	63940	0	0		0.00412097787016607	
6395	63950	0	0		0.00307140160472632	
6396	63960	0	0		0.00157746902681766	
6397	63970	0	0		0.000510978703026592	
6398	63980	0	0		0.000689482593350655	
6399	63990	0	0		0.000712722785794982	
6400	64000	0	0		0.000501735241303333	
6401	64010	0	0.02		0.000787740171682505	
6402	64020	0	0.33		0.00526476976551043	
6403	64030	0	0.05		0.0284962723558327	
6404	64040	0	0		0.0329104163093102	
6405	64050	0	0		0.0309452115198222	
6406	64060	0	0		0.0256149808433841	
6407	64070	0	0		0.0206372765934322	
6408	64080	0	0		0.0172334395103866	
6409	64090	0	0		0.0155507047616082	
6410	64100	0				
6411	64110	0				
6412	64120	0				
6413	64130	0				
6414	64140	0				
6415	64150	0				
6416	64160	0				
6417	64170	0				
6418	64180	0				
6419	64190	0				
6420	64200	0				
6421	64210	0				
6422	64220	0				
6423	64230	0				
6424	64240	0				
6425	64250	0				
6426	64260	0				
6427	64270	0				
6428	64280	0				
6429	64290	0				
6430	64300	0				
6431	64310	0				
6432	64320	0				
6433	64330	0				
6434	64340	0				
6435	64350	0				
6436	64360	0				
6437	64370	0				
6438	64380	0				
6439	64390	0				
6440	64400	0				
6441	64410	0				
6442	64420	0				
6443	64430	0				
6444	64440	0				
6445	64450	0				
6446	64460	0				
6447	64470	0				
6448	64480	0				
6449	64490	0				
6450	64500	0				
6451	64510	0				
6452	64520	0				
6453	64530	0				
6454	64540	0				
6455	64550	0				
6456	64560	0				
6457	64570	0				
6458	64580	0				
6459	64590	0				
6460	64600	0				
6461	64610	0				
6462	64620	0				
6463	64630	0				
6464	64640	0				
6465	64650	0				
6466	64660	0				
6467	64670	0				
6468	64680	0				
6469	64690	0				
6470	64700	0				
6471	64710	0				
6472	64720	0				
6473	64730	0				
6474	64740	0				
6475	64750	0				
6476	64760	0				
6477	64770	0				
6478	64780	0				
6479	64790	0				
6480	64800	0				
6481	64810	0				
6482	64820	0				
6483	64830	0				
6484	64840	0				
6485	64850	0				
6486	64860	0				
6487	64870	0				
6488	64880	0				
6489	64890	0				
6490	64900	0				
6491	64910	0				
6492	64920	0				
6493	64930	0				
6494	64940	0				
6495	64950	0				
6496	64960	0				
6497	64970	0				
6498	64980	0				
6499	64990	0				
6500	65000	0				
6501	65010	0				
6502	65020	0				
6503	65030	0				
6504	65040	0				
6505	65050	0				
6506	65060	0				
6507	65070	0				
6508	65080	0				
6509	65090	0				
6510	65100	0				
6511	65110	0				
6512	65120	0				
6513	65130	0				
6514	65140	0				
6515	65150	0				
6516	65160	0				
6517	65170	0				
6518	65180	0				
6519	65190	0				
6520	65200	0				
6521	65210	0				
6522	65220	0				
6523	65230	0				
6524	65240	0				
6525	65250	0				
6526	65260	0				
6527	65270	0				
6528	65280	0				
6529	65290	0				
6530	65300	0				
6531	65310	0				
6532	65320	0				
6533	65330	0				
6534	65340	0				
6535	65350	0				
6536	65360	0				
6537	65370	0				
6538	65380	0				
6539	65390	0				
6540	65400	0				
6541	65410	0				
6542	65420	0				
6543	65430	0				
6544	65440	0				
6545	65450	0				
6546	65460	0				
6547	65470	0				
6548	65480	0				
6549	65490	0				
6550	65500	0				
6551	65510	0				
6552	65520	0				
6553	65530	0				
6554	65540	0				
6555	65550	0				
6556	65560	0				
6557	65570	0				
6558	65580	0				
6559	65590	0				
6560	65600	0				
6561	65610	0				
6562	65620	0				
6563	65630	0				
6564	65640	0				
6565	65650	0				
6566	65660	0				
6567	65670	0				
6568	65680	0				
6569	65690	0				
6570	65700	0				
6571	65710	0				
6572	65720	0				
6573	65730	0				
6574	65740	0				
6575	65750	0				
6576	65760	0				
6577	65770	0				
6578	65780	0				
6579	65790	0				
6580	65800	0				
6581	65810	0				
6582	65820	0				
6583	65830	0				
6584	65840	0				
6585	65850	0				
6586	65860	0				
6587	65870	0				
6588	65880	0				
6589	65890	0				
6590	65900	0				
6591	65910	0				
6592	65920	0				
6593	65930	0				
6594	65940	0				
6595	65950	0				
6596	65960	0				
6597	65970	0				
6598	65980	0				
6599	65990	0				
6600	66000	0				
6601	66010	0				
6602	66020	0				
6603	66030	0				
6604	66040	0				
6605	66050	0				
6606	66060	0				
6607	66070	0				
6608	66080	0				
6609	66090	0				
6610	66100	0				
6611	66110	0				
6612	66120	0				
6613	66130	0				
6614	66140	0				
6615	66150	0				
6616	66160	0				
6617	66170	0				
6618	66180	0				
6619	66190	0				
6620	66200	0				
6621	66210	0				
6622	66220	0				
6623	66230	0				
6624	66240	0				
6625	66250	0				
6626	66260	0				
6627	66270	0				
6628	66280	0				
6629	66290	0				
6630	66300	0				
6631	66310	0				
6632	66320	0				
6633	66330	0				
6634	66340	0				
6635	66350	0				
6636	66360	0				
6637	66370	0				
6638	66380	0				
6639	66390	0				
6640	66400	0				
6641	66410	0				
6642	66420	0				
6643	66430	0				
6644	66440	0				
6645	66450	0				
6646	66460	0				
6647	66470	0				
6648	66480	0				
6649	66490	0				
6650	66500	0				
6651	66510	0				
6652	66520	0				
6653	66530	0				
6654	66540	0				
6655	66550	0				
6656	66560	0				
6657	66570	0				
6658	66580	0				
6659	66590	0				
6660	66600	0				
6661	66610	0				
6662	66620	0				
6663	66630	0				
6664	66640	0				
6665	66650	0				
6666	66660	0				
6667	66670	0				
6668	66680	0				
6669	66690	0				
6670	66700	0				
6671	66710	0				
6672	66720	0				
6673	66730	0				
6674	66740	0				
6675	66750	0				
6676	66760	0				
6677	66770	0				
6678	66780	0				
6679	66790	0				
6680	66800	0				
6681	66810	0				
6682	66820	0				
6683	66830	0				
6684	66840	0				
6685	66850	0				
6686	66860	0				
6687	66870	0				
6688	66880	0				
6689	66890	0				
6690	66900	0				
6691	66910	0				
6692	66920	0				
6693	66930	0				
6694	66940	0				
6695	66950	0				
6696	66960	0				
6697	66970	0				
6698	66980	0				
6699	66990	0				
6700	67000	0				
6701	67010	0				
6702	67020	0				
6703	67030	0				
6704	67040	0				
6705	67050	0				
6706	67060	0				
6707	67070	0				
6708	67080	0				
6709	67090	0				
6710	67100	0				
6711	67110	0				
6712	67120	0				
6713	67130	0				
6714	67140	0				
6715	67150	0				
6716	67160	0				
6717	67170	0				
6718	67180	0				
6719	67190	0				
6720	67200	0				
6721	67210	0				
6722	67220	0				
6723	67230	0				
6724	67240	0				
6725	67250	0				
6726	67260	0				
6727	67270	0				
6728	67280	0				
6729	67290	0				
6730	67300	0				
6731	67310	0				
6732	67320	0				
6733	67330	0				
6734	67340	0				
6735	67350	0				
6736	67360	0				
6737	67370	0				
6738	67380	0				
6739	67390	0				
6740	67400	0				
6741	67410	0				
6742	67420	0				
6743	67430	0				
6744	67440	0				
6745	67450	0				
6746	67460	0				
6747	67470	0				
6748	67480	0				
6749	67490	0				
6750	67500	0				
6751	67510	0				
6752	67520	0				
6753	67530	0				
6754	67540	0				
6755	67550	0				
6756	67560	0				
6757	67570	0				
6758	67580	0				
6759	67590	0				
6760	67600	0				
6761	67610	0				
6762	67620	0				
6763	67630	0				
6764	67640	0				
6765	67650	0				
6766	67660	0				
6767	67670	0				
6768	67680	0				
6769	67690	0				
6770	67700	0				
6771	67710	0				
6772	67720	0				
6773	67730	0				
6774	67740	0				
6775	67750	0				
6776	67760	0				
6777	67770	0				
6778	67780	0				
6779	67790	0				
6780	67800	0				
6781	67810	0				
6782	67820	0				
6783	67830	0				
6784	67840	0				
6785	67850	0				
6786	67860	0				
6787	67870	0				
6788	67880	0				
6789	67890	0				
6790	67900	0				
6791	67910	0				
6792	67920	0				
6793	67930	0				
6794	67940	0				
6795	67950	0				
6796	67960	0				
6797	67970	0				
6798	67980	0				
6799	67990	0				
6800	68000	0				
6801	68010	0				
6802	68020	0				
6803	68030	0				
6804	68040	0				
6805	68050	0				
6806	68060	0				
6807	68070	0				
6808	68080	0				
6809	68090	0				
6810	68100	0				
6811	68110	0				
6812	68120	0				
6813	68130	0				
6814	68140	0				
6815	68150	0				
6816	68160	0				
6817	68170	0				
6818	68180	0				
6819	68190	0				
6820	68200	0				
6821	68210	0				
6822	68220	0				
6823	68230	0				
6824	68240	0				
6825	68250	0				
6826	68260	0				
6827	68270	0				
6828	68280	0				
6829	68290	0				
6830	68300	0				
6831	68310	0				
6832	68320	0				
6833	68330	0				
6834	68340	0				
6835	68350	0				
6836	68360	0				
6837	68370	0				
6838	68380	0				
6839	68390	0				
6840	68400	0				
6841	68410	0				
6842	68420	0				
6843	68430	0				
6844	68440	0				
6845	68450	0				
6846	68460	0				
6847	68470	0				
6848	68480	0				
6849	68490	0				
6850	68500	0				
6851	68510	0				
6852	68520	0				
6853	68530	0				
6854	68540	0				
6855	68550	0				
6856	68560	0				
6857	68570	0				
6858	68580	0				
6859	68590	0				
6860	68600	0				
6861	68610	0				
6862	68620	0				
6863	68630	0				
6864	68640	0				
6865	68650	0				
6866	68660	0				
6867	68670	0				
6868	68680	0				
6869	68690	0				
6870	68700	0				
6871	68710	0				
6872	68720	0				
6873	68730	0				
6874	68740	0				
6875	68750	0				
6876	68760	0				
6877	68770	0				
6878	68780	0				
6879	68790	0				
6880	68800	0				
6881	68810	0				
6882	68820	0				
6883	68830	0				
6884	68840	0				
6885	68850	0				
6886	68860	0				
6887	68870	0				
6888	68880	0				
6889	68890	0				
6890	68900	0				
6891	68910	0				
6892	68920	0				
6893	68930	0				
6894	68940	0				
6895	68950	0				
6896	68960	0				
6897	68970	0				
6898	68980	0				
6899	68990	0				
6900	69000	0				
6901	69010	0				
6902	69020	0				
6903	69030	0				
6904	69040	0				
6905	69050	0				
6906	69060	0				
6907	69070	0				
6908	69080	0				
6909	69090	0				
6910	69100	0				
6911	69110	0				
6912	69120	0				
6913	69130	0				
6914	69140	0				
6915	69150	0				
6916	69160	0				
6917	69170	0				
6918	69180	0				
6919	69190	0				
6920	69200	0				
6921	69210	0				
6922	69220	0				
6923	69230	0				
6924	69240	0				
6925	69250	0				
6926	69260	0				
6927	69270	0				
6928	69280	0				
6929	69290	0				
6930	69300	0				
6931	69310	0				
6932	69320	0				
6933	69330	0				
6934	69340	0				
6935	69350	0				
6936	69360	0				
6937	69370	0				
6938	69380	0				
6939	69390	0				
6940	69400	0				
6941	69410	0				
6942	69420	0				
6943	69430	0				
6944	69440	0				
6945	69450	0				
6946	69460	0				
6947	69470	0				
6948	69480	0				
6949	69490	0				
6950	69500	0				
6951	69510	0				
6952	69520	0				
6953	69530	0				
6954	69540	0				
6955	69550	0				
6956	69560	0				
6957	69570	0				
6958	69580	0				
6959	69590	0				
6960	69600	0				
6961	69610	0				
6962	69620	0				
6963	69630	0				
6964	69640	0				
6965	69650	0				
6966	69660	0				
6967	69670	0				
6968	69680	0				
6969	69690	0				
6970	69700	0				
6971	69710	0				
6972	69720	0				
6973	69730	0				
6974	69740	0				
6975	69750	0				
6976	69760	0				
6977	69770	0				
6978	69780	0				
6979	69790	0				
6980	69800	0				
6981	69810	0				
6982	69820	0				
6983	69830	0				
6984	69840	0				
6985	69850	0				
6986	69860	0				
6987	69870	0				
6988	69880	0				
6989	69890	0				
6990	69900	0				
6991	69910	0				
6992	69920	0	0			
6993	69930	0	0			
6994	69940	0	0			
6995	69950	0	0	0.13750985915493		
6996	69960	0	0	0.20950985915493		
6997	69970	0	0	0.406140845070423		
6998	69980	0	0	0.756329577464789		
6999	69990	0	0.01	0.771743661971831		
7000	70000	0	0	1.07949295774648		
7001	70010	0	0	0.631901408450704		
7002	70020	0	0	0.645921126760563		
7003	70030	0	0	0.544816901408451		
7004	70040	0	0	0.528040140845071		
7005	70050	0	0	0.532134507042254		
7006	70060	0	0	0.376193661971831		
7007	70070	0	0	0.331364788732394		
7008	70080	0	0	0.261228169014084		
7009	70090	0	0	0.229493661971831		
7010	70100	0	0	0.1971		
7011	70110	0	0	0.168312676056338		
7012	70120	0	0	0.143721126760564	0.000150134858730713	0.143570991901833
7013	70130	0	0	0.122476056338028	9.3661902222045e-05	0.122382394435806
7014	70140	0	0	0.112544366197183	3.7455630329577e-05	0.112506910566853
7015	70150	0	0	0.102137323943662	3.64817129381516e-05	0.102100842230724
7016	70160	0	0	0.0838140845070423	8.2254100533052e-05	0.0837318304065092
7017	70170	0	0	0.0862542253521127	9.47968581325462e-05	0.0861594284939801
7018	70180	0	0.22	0.0729380281690141	0.00241156443810708	0.070526463730907
7019	70190	0	0	0.0677408450704226	0.0175509332584685	0.050189911811954
7020	70200	0	0	0.0647239436619718	0.0182370145052868	0.046486929156685
7021	70210	0.962073222542341	0	0.0524598591549296	0.0170077632746806	0.035452095880249
7022	70220	0	0	0.0498802816901409	0.0137753975802772	0.0361048841098636
7023	70230	0	0	0.0421478873239437	0.0110465259100856	0.0311013614138581
7024	70240	0.9820757917079	0	0.0412161971830986	0.00926110562119153	0.0319550915619071
7025	70250	0.985514055186449	0	0.0383830985915493	0.00847430695808568	0.0299087916334636
7026	70260	0.984742420960985	0	0.0363676056338028	0.00722854304338835	0.0291390625904145
7027	70270	0.968807731675512	0	0.0389408450704225	0.00612066599507869	0.0328201790753438
7028	70280	0.991104800966279	0	0.0325964788732394	0.00525224689290953	0.0273442319803299
7029	70290	0.981242280065764	0	0.0339654929577465	0.00434847399574359	0.0296170189620029
7030	70300	0.982283828443288	0	0.0350112676056338	0.00412498110466739	0.0308862865009664
7031	70310	0.992446937369144	0	0.0333823943661972	0.00330296689207568	0.0300794274741215
7032	70320	0.974986224514686	0	0.0375338028169014	0.00206056184888499	0.0354732409680164
7033	70330	0.97367299670685	0	0.0341619718309859	0.000824023867250693	0.0333379479637352
7034	70340	0.979586252441836	0	0.0338323943661972	0.000802597684639335	0.0330297966815579
7035	70350	0.981866240642574	0	0.0325267605633803	0.00180959021172714	0.0307171703516531
7036	70360	0.970536914275989	0	0.0349478873239437	0.00208553087891602	0.0328623564450277
7037	70370	0	0	0.0359176056338028	0.00133794026258595	0.0345796653712169
7038	70380	0.993995167478659	0	0.0307838028169014	0.00170076094581918	0.0290830418710822
7039	70390	0	0	0.0307647887323944	0	0.0307647887323944
7040	70400	0.992416491850421	0	0.0264295774647887	0	0.0264295774647887
7041	70410	0	0	0.0266007042253521	0	0.0266007042253521
7042	70420	0.997816381638058	0	0.0234887323943662	0	0.0234887323943662
7043	70430	0.996157658777322	0	0.0245978873239437	0	0.0245978873239437
7044	70440	0	0	0.0232098591549296	0	0.0232098591549296
7045	70450	0.999485111940834	0	0.0217457746478873	0	0.0217457746478873
7046	70460	0	0	0.0231464788732394	0	0.0231464788732394
7047	70470	0.999999043094187	0	0.0201739436619718	0	0.0201739436619718
7048	70480	0	0	0.0210295774647887	0	0.0210295774647887
7049	70490	0	0.35	0.0205478873239437	0.00373982790940485	0.0168080594145388
7050	70500	0	0.25	0.0211880281690141	0.0304702560130399	-0.00928222784402584
7051	70510	0	0.01	0.0241922535211268	0.0489766775102455	-0.0247844239891188
7052	70520	0.712276216602676	0.03	0.0223161971830986	0.0488964977319827	-0.0265803005488841
7053	70530	0.698677409180446	0	0.0232035211267606	0.0444541313413752	-0.0212506102146146
7054	70540	0.787291989827145	0	0.0228866197183099	0.036487825143203	-0.0136012054248932
7055	70550	0.874975768274688	0	0.0270633802816902	0.0302318423590073	-0.00316846207731718
7056	70560	0.89433642316711	0	0.0260429577464789	0.0263864137597138	-0.000343456013234957
7057	70570	0.91266078523547	0.03	0.0223732394366197	0.0233777095789573	-0.00100447014233754
7058	70580	0.942181595309178	0	0.0244521126760564	0.0219825176164714	0.00246959505958492
7059	70590	0.94299495559387	0.09	0.0224556338028169	0.02024384269577	0.00221179110704691
7060	70600	0.955938511860993	0	0.0290471830985915	0.0236179536639907	0.00542922943460089
7061	70610	0.968743266417825	0	0.0297253521126761	0.0219163525783412	0.00780899953433482
7062	70620	0.925563540808791	0.04	0.0267338028169014	0.0197475466637587	0.0069862561531427
7063	70630	0.895765893921179	0	0.0254535211267606	0.0178873017709924	0.00756621935576819
7064	70640	0.922161065374143	0	0.0191218309859155	0.0133555683576432	0.00576626262827228
7065	70650	0.96278118947037	0	0.0236598591549296	0.0106239823176531	0.0130358768372765
7066	70660	0.947234825109031	0	0.0195021126760563	0.0109153936304298	0.00858671904562655
7067	70670	0.993915863440695	0	0.0272091549295775	0.0112048971386907	0.0160042577908867
7068	70680	0.999988967097258	0.11	0.0322542253521127	0.0106462564338474	0.0216079689182652
7069	70690	0.975601849408546	0	0.0344345070422535	0.0175564418061451	0.0168780652361084
7070	70700	0.998149068198285	0	0.0351	0.014940002496111	0.020159997503889
7071	70710	0.999491038230878	0	0.0352394366197183	0.0118449616920018	0.0233944749277165
7072	70720	0.999185549278933	0.46	0.0389408450704225	0.0144533577326077	0.0244874873378148
7073	70730	0.897572601111561	0	0.0470218309859155	0.0438020601842851	0.00321977080163037
7074	70740	0.983745303418264	0.08	0.0532077464788732	0.0449511695776553	0.00825657690121796
7075	70750	0.999308281513952	0.18	0.0721711267605634	0.0492894916169235	0.0228816351436399
7076	70760	0.989058402387948	0	0.0912295774647887	0.054643001148666	0.0365865763161227
7077	70770	0.999668046782171	0	0.070212676056338	0.0484983655145052	0.0217143105418329
7078	70780	0.961011219202919	0	0.0543549295774648	0.041608197594778	0.0127467319826868
7079	70790	0.967126088847056	0	0.0490183098591549	0.036205723050458	0.0128125868086969
7080	70800	0.952183885035162	0	0.0355880281690141	0.029961645773361	0.0056263823956531
7081	70810	0.93458392653137	0	0.0298014084507042	0.0253513358855877	0.00445007256511655
7082	70820	0.950835401152637	0	0.029687323943662	0.0218835659448863	0.00780375799877565
7083	70830	0.982888733181773	0	0.0277605633802817	0.0176442349584356	0.0101163284218461
7084	70840	0.964792188639652	0	0.0256056338028169	0.0159439849272921	0.00966164887552485
7085	70850	0.937595130503537	0	0.0233049295774648	0.0136895547910364	0.00961537478642842
7086	70860	0.940433516345277	0	0.020256338028169	0.0104090484307959	0.00984728959737313
7087	70870	0	0	0.0167387323943662	0.00696799253648162	0.00977073985788459
7088	70880	0	0.07	0.0155725352112676	0.00672822752487473	0.00884430768639288
7089	70890	0	0	0.0153887323943662	0.0113290379798468	0.00405969441451936
7090	70900	0	0.02	0.0152619718309859	0.0113431014090011	0.00391887042198484
7091	70910	0	0.26	0.0167767605633803	0.013890445462128	0.0028863151012523
7092	70920	0	0	0.0190330985915493	0.0324867254970045	-0.0134536269054552
7093	70930	0	0.2	0.0252316901408451	0.0309437110186869	-0.00571202087784182
7094	70940	0	0	0.0268225352112676	0.0418973595817582	-0.0150748243704906
7095	70950	0	0	0.0245788732394366	0.0379512511247482	-0.0133723778853116
7096	70960	0	0	0.0210359154929577	0.0316584978046335	-0.0106225823116758
7097	70970	0	0	0.0195718309859155	0.0261859078926476	-0.00661407690673207
7098	70980	0	0	0.0179049295774648	0.0223856960658674	-0.00448076648840256
7099	70990	0	0.1	0.0185260563380282	0.0199705623285704	-0.00144450599054225
7100	71000	0	0.16	0.0208647887323944	0.0263795936148072	-0.00551480488241287
7101	71010	0	0.33	0.0235140845070423	0.0387486305690885	-0.0152345460620462
7102	71020	0	0	0.0251366197183099	0.0589385027220257	-0.0338018830037158
7103	71030	0	0	0.0224049295774648	0.0561985551957535	-0.0337936256182887
7104	71040	0	0	0.0205859154929577	0.0488506243204017	-0.0282647088274439
7105	71050	0	0	0.0169098591549296	0.0397424091046992	-0.0228325499497696
7106	71060	0	0	0.0164788732394366	0.0318701811120212	-0.0153913078725846
7107	71070	0	0	0.015287323943662	0.0267524711955661	-0.0114651472519041
7108	71080	0	0	0.0136838028169014	0.0243691677041052	-0.0106853648872038
7109	71090	0	0	0.0145140845070423	0.020997576470543	-0.00648349196350069
7110	71100	0	0	0.0132908450704226	0.0183582927743182	-0.00506744770389568
7111	71110	0	0	0.0121816901408451	0.016821815664282	-0.00464012552343696
7112	71120	0	0	0.0119852112676056	0.012240355168486	-0.000255143900880375
7113	71130	0	0	0.0115098591549296	0.011072394733294	0.000437464421635579
7114	71140	0	0	0.0117697183098592	0.00682759707696202	0.00494212123289716
7115	71150	0	0	0.0120295774647887	0.00405494998798223	0.00797462747680651
7116	71160	0	0.03	0.0117570422535212	0.00296284089116597	0.00879420136235518
7117	71170	0	0	0.0118014084507042	0.00585069789082459	0.00595071055987965
7118	71180	0	0.02	0.0111422535211268	0.00753985977884654	0.00360239374228023
7119	71190	0	0.02	0.0114528169014085	0.00899587328711764	0.00245694361429081
7120	71200	0	0.2	0.0110788732394366	0.0105057571303575	0.000573116109079095
7121	71210	0	0.49	0.0109330985915493	0.0283824301348583	-0.017449331543309
7122	71220	0	0.2	0.0125112676056338	0.0616960263321122	-0.0491847587264784
7123	71230	0	0.37	0.0125112676056338	0.0793311806778544	-0.0668199130722206
7124	71240	0	0.01	0.015274647887324	0.0993092928734866	-0.0840346449861627
7125	71250	0	0	0.0268288732394366	0.0900980114050482	-0.0632691381656116
7126	71260	0	0	0.0285021126760564	0.0771225695442597	-0.0486204568682034
7127	71270	0	0	0.0271521126760563	0.0641205521186779	-0.0369684394426215
7128	71280	0	0	0.0245154929577465	0.0546659836173281	-0.0301504906595816
7129	71290	0	0.33	0.0229056338028169	0.050295025481849	-0.0273893916790321
7130	71300	0	0.44	0.022512676056338	0.0716150046438602	-0.0491023285875222
7131	71310	0	0	0.0253521126760564	0.0968482856765067	-0.0714961730004503
7132	71320	0	0.02	0.0258591549295775	0.0916288247900203	-0.0657696698604428
7133	71330	0	0	0.0239260563380282	0.082030981413903	-0.0581049250758748
7134	71340	0	0.41	0.0246169014084507	0.0711236110304983	-0.0465067096220477
7135	71350	0	0	0.0231908450704225	0.0859916424079997	-0.0628007973375771
7136	71360	0	0	0.0241161971830986	0.0772398549146615	-0.0531236577315629
7137	71370	0	0	0.0225823943661972	0.0686005926536532	-0.046018198287456
7138	71380	0	0	0.0206492957746479	0.0585641237627337	-0.0379148279880858
7139	71390	0	0	0.0192929577464789	0.0505251322783112	-0.0312321745318323
7140	71400	0	0	0.0176957746478873	0.0444456030265066	-0.0267498283786193
7141	71410	0	0.15	0.0171887323943662	0.0414307594746036	-0.0242420270802374
7142	71420	0	0.1	0.0172204225352113	0.0440267387716857	-0.0268063162364744
7143	71430	0	0.08	0.0201929577464789	0.0456516773678158	-0.025458719621337
7144	71440	0	0	0.0217647887323944	0.0418375434749877	-0.0200727547425933
7145	71450	0	0	0.0209281690140845	0.0350109479025012	-0.0140827788884167
7146	71460	0	0.12	0.0200345070422535	0.0334545037459668	-0.0134199967037133
7147	71470	0	0.03	0.0190901408450704	0.0391743164053929	-0.0200841755603225
7148	71480	0	0	0.0185197183098591	0.0364257517393991	-0.0179060334295399
7149	71490	0	0	0.0202119718309859	0.0308392229436268	-0.0106272511126409
7150	71500	0	0	0.0234507042253521	0.0254604084207367	-0.00200970419538455
7151	71510	0	0	0.0220753521126761	0.0203896495708809	0.00168570254179517
7152	71520	0	0.01	0.0200471830985915	0.0182839449504207	0.00176323814817088
7153	71530	0	0	0.0189697183098592	0.0158718913063681	0.00309782700349102
7154	71540	0	0	0.0178161971830986	0.0148052616851158	0.00301093549798275
7155	71550	0	0	0.0169035211267606	0.00950360590168912	0.00739991522507143
7156	71560	0	0	0.0160225352112676	0.00702518499612016	0.00899735021514745
7157	71570	0	0	0.0151922535211268	0.00526130242140519	0.00993095109972157
7158	71580	0	0.01	0.0143683098591549	0.00526904867256195	0.009099261186593
7159	71590	0	0	0.0137598591549296	0.00607991480444872	0.00767994435048086
7160	71600	0	0.04	0.0135190140845071	0.00567751503271783	0.00784149905178923
7161	71610	0	0.7	0.0139943661971831	0.014964563493305	-0.000970197296121854
7162	71620	0	0.16	0.0154647887323944	0.063297994427687	-0.0478332056952926
7163	71630	0	0	0.0248133802816901	0.0762420021190827	-0.0514286218373925
7164	71640	0	0.23	0.0309929577464789	0.0743338957222168	-0.0433409379757379
7165	71650	0	0.12	0.0366338028169014	0.0793081673016058	-0.0426743644847044
7166	71660	0	0.14	0.0433711267605634	0.0784756811382911	-0.0351045543777278
7167	71670	0	0	0.0453866197183099	0.0784372500525679	-0.0330506303342581
7168	71680	0	0	0.0419387323943662	0.0705724409305784	-0.0286337085362122
7169	71690	0	0	0.0381802816901408	0.0604414184225074	-0.0222611367323666
7170	71700	0	0.16	0.0354232394366197	0.0521524589901487	-0.016729219553529
7171	71710	0	0.07	0.0326598591549296	0.0565613495308819	-0.0239014903759523
7172	71720	0	0	0.0307838028169014	0.0554728019580661	-0.0246889991411647
7173	71730	0	0.02	0.0282422535211268	0.051045595290454	-0.0228033417693272
7174	71740	0	0.01	0.026093661971831	0.0444754637886264	-0.0183818018167954
7175	71750	0	0.1	0.0245154929577465	0.0364341371007682	-0.0119186441430217
7176	71760	0	0	0.0230767605633803	0.0349557483434543	-0.011878987780074
7177	71770	0	0	0.0223352112676056	0.0314379328541015	-0.0091027215864959
7178	71780	0	0	0.0203133802816901	0.0306934973854221	-0.010380117103732
7179	71790	0	0	0.0190838028169014	0.0266393801711256	-0.00755557735422416
7180	71800	0	0	0.0179366197183099	0.0206626748252443	-0.0027260551069344
7181	71810	0	0	0.0173661971830986	0.0193241887761212	-0.00195799159302257
7182	71820	0	0.03	0.0168781690140845	0.0143561383021825	0.002522030711902
7183	71830	0	0.27	0.0168401408450704	0.0167116949015209	0.00012844594354949
7184	71840	0	0	0.016637323943662	0.0337324897200757	-0.0170951657764137
7185	71850	0	0	0.0163014084507043	0.0306950998384182	-0.0143936913877139
7186	71860	0	0	0.0159971830985916	0.0271441745122689	-0.0111469914136773
7187	71870	0	0	0.0155852112676056	0.0221964018733805	-0.00661119060577487
7188	71880	0	0	0.0152492957746479	0.0185824282038534	-0.00333313242920547
7189	71890	0	0	0.0150338028169014	0.0152051532147998	-0.000171350397898357
7190	71900	0	0	0.014387323943662	0.0136241677613767	0.000763156182285287
7191	71910	0	0	0.0141084507042254	0.0108838461633367	0.00322460454088864
7192	71920	0	0	0.0137281690140845	0.00926691073032784	0.00446125828375666
7193	71930	0	0	0.0137725352112676	0.00820231177450784	0.00557022343675975
7194	71940	0	0	0.0135316901408451	0.00658472294412535	0.00694696719671974
7195	71950	0	0	0.0131197183098592	0.00628595454365629	0.00683376376620288
7196	71960	0	0	0.0129359154929577	0.00433462689239538	0.00860128860056236
7197	71970	0	0	0.0125746478873239	0.00264123825098395	0.00993340963634
7198	71980	0	0.1	0.0126633802816902	0.00218926941754299	0.0104741108641472
7199	71990	0	0.03	0.0127647887323944	0.00949488247558254	0.00326990625681184
7200	72000	0	0.02	0.0124035211267606	0.013391274962625	-0.000987753835864426
7201	72010	0	0.01	0.0123654929577465	0.0146549923471946	-0.00228949938944815
7202	72020	0	0	0.0124922535211268	0.0129068904776098	-0.000414636956483031
7203	72030	0	0.01	0.0122450704225352	0.0114688767002309	0.00077619372230432
7204	72040	0	0	0.012181690140845	0.00853558265091621	0.00364610748992882
7205	72050	0	0.02	0.0126	0.00778787946788265	0.00481212053211735
7206	72060	0	0	0.0130056338028169	0.00814691380094494	0.00485872000187194
7207	72070	0	0.01	0.0129676056338028	0.00735009928094508	0.00561750635285772
7208	72080	0	0	0.0128598591549296	0.00710688810733591	0.00575297104759366
7209	72090	0	0	0.0124922535211268	0.0060800123162156	0.00641224120491116
7210	72100	0	0	0.0123781690140845	0.00538615976671544	0.00699200924736906
7211	72110	0	0	0.01215	0.00449454359023656	0.00765545640976342
7212	72120	0	0	0.0122640845070423	0.00351039823597686	0.00875368627106539
7213	72130	0	0	0.0122007042253521	0.00246014898676629	0.00974055523858582
7214	72140	0	0.02	0.0119345070422535	0.00216762499660134	0.00976688204565219
7215	72150	0	0.01	0.0118394366197183	0.00378946925207161	0.00804996736764669
7216	72160	0	0	0.0115795774647888	0.00458097884058344	0.00699859862420532
7217	72170	0	0	0.0113957746478874	0.00417604933529448	0.00721972531259288
7218	72180	0	0	0.0113070422535211	0.00378813964990407	0.00751890260361706
7219	72190	0	0	0.0109964788732394	0.0024900384604123	0.00850644041282713
7220	72200	0	0	0.0108633802816901	0.0018667638247726	0.00899661645691752
7221	72210	0	0	0.0104007042253521	0.0015300803900119	0.00887062383534022
7222	72220	0	0	0.01035	0.0013051153453706	0.0090448846546294
7223	72230	0	0	0.0101471830985915	0.00118837706462892	0.00895880603396262
7224	72240	0	0	0.00982394366197183	0.000959574114445308	0.00886436954752652
7225	72250	0	0	0.00992535211267605	0.000883465802497777	0.00904188631017827
7226	72260	0	0	0.00972253521126761	0.000633471657621105	0.0090890635536465
7227	72270	0	0	0.00969084507042254	0.000565076174301724	0.00912576889612081
7228	72280	0	0	0.00972253521126761	0.000337458663174803	0.0093850765480928
7229	72290	0	0	0.00983028169014084	0.000168573162881199	0.00966170852725964
7230	72300	0	0	0.00959577464788732	0.00011041905620588	0.00948535559168144
7231	72310	0	0	0.0093612676056338	0.000200989914004256	0.00916027769162954
7232	72320	0	0	0.00939929577464789	0.000271847816798144	0.00912744795784974
7233	72330	0	0	0.00926619718309859	0.000216427791094905	0.00904976939200368
7234	72340	0	0	0.00915211267605634	0.000215430097919287	0.00893668257813705
7235	72350	0	0	0.00912676056338028	7.73073157190538e-05	0.00904945324766123
7236	72360	0	0	0.00919647887323944	0	0.00919647887323944
7237	72370	0	0	0.00924084507042253	0	0.00924084507042253
7238	72380	0	0	0.00912042253521127	0	0.00912042253521127
7239	72390	0	0	0.00916478873239437	0	0.00916478873239437
7240	72400	0	0.87	0.0117697183098592	0.00929614366052062	0.00247357464933854
7241	72410	0	0.01	0.0135697183098592	0.0692071002723104	-0.0556373819624512
7242	72420	0	0.07	0.0131323943661972	0.073661324122913	-0.0605289297567158
7243	72430	0	0.07	0.0136711267605634	0.074394683809233	-0.0607235570486697
7244	72440	0	0.35	0.0147676056338028	0.0703508204500891	-0.0555832148162863
7245	72450	0	0.01	0.0167767605633803	0.0834301933266068	-0.0666534327632265
7246	72460	0	0	0.0181140845070423	0.0767279079348292	-0.0586138234277869
7247	72470	0	0	0.0190077464788733	0.069717636569377	-0.0507098900905037
7248	72480	0	0.08	0.0194894366197183	0.0589756201276911	-0.0394861835079727
7249	72490	0	0.01	0.0197683098591549	0.0548371788007758	-0.0350688689416209
7250	72500	0	0.04	0.0201485915492958	0.0491338207369029	-0.0289852291876071
7251	72510	0	0.04	0.0207697183098592	0.0462032916957407	-0.0254335733858815
7252	72520	0	0	0.0215176056338028	0.0442890472501566	-0.0227714416163538
7253	72530	0	0	0.0222591549295775	0.0374212143539908	-0.0151620594244133
7254	72540	0	0.18	0.0235838028169014	0.0310189471128897	-0.00743514429598834
7255	72550	0	0	0.0252	0.0351847106017114	-0.00998471060171135
7256	72560	0	0.68	0.0259922535211268	0.0405712684033057	-0.0145790148821789
7257	72570	0	0.13	0.027912676056338	0.088645428611302	-0.060732752554964
7258	72580	0	0.06		0.0959247988262702	
7259	72590	0	0		0.0890181015681314	
7260	72600	0	0		0.0782852206200404	
7261	72610	0	0.71		0.0686584602788997	
7262	72620	0	0		0.108023135581247	
7263	72630	0	0		0.103050442315301	
7264	72640	0	0		0.0931331218809923	
7265	72650	0	0		0.0748121078313546	
7266	72660	0	0		0.0619839103574956	
7267	72670	0	0		0.0518604156825405	
7268	72680	0	0		0.047174217177965	
7269	72690	0	0		0.0385350444635998	
7270	72700	0	0		0.0304079777616765	
7271	72710	0	0		0.0234056329705431	
7272	72720	0	0		0.0192697060655149	
7273	72730	0	0		0.0206993923026906	
7274	72740	0	0		0.0197854865903953	
7275	72750	0	0.01		0.0126181827633898	
7276	72760	0				
7277	72770	0				
7278	72780	0				
7279	72790	0				
7280	72800	0				
7281	72810	0				
7282	72820	0				
7283	72830	0				
7284	72840	0				
7285	72850	0				
7286	72860	0				
7287	72870	0				
7288	72880	0				
7289	72890	0				
7290	72900	0				
7291	72910	0				
7292	72920	0				
7293	72930	0				
7294	72940	0				
7295	72950	0				
7296	72960	0				
7297	72970	0				
7298	72980	0				
7299	72990	0				
7300	73000	0				
7301	73010	0				
7302	73020	0				
7303	73030	0				
7304	73040	0				
7305	73050	0				
7306	73060	0				
7307	73070	0				
7308	73080	0				
7309	73090	0				
7310	73100	0				
7311	73110	0				
7312	73120	0				
7313	73130	0				
7314	73140	0				
7315	73150	0				
7316	73160	0				
7317	73170	0				
7318	73180	0				
7319	73190	0				
7320	73200	0				
7321	73210	0				
7322	73220	0				
7323	73230	0				
7324	73240	0				
7325	73250	0				
7326	73260	0				
7327	73270	0				
7328	73280	0				
7329	73290	0				
7330	73300	0				
7331	73310	0				
7332	73320	0				
7333	73330	0				
7334	73340	0				
7335	73350	0				
7336	73360	0				
7337	73370	0				
7338	73380	0				
7339	73390	0				
7340	73400	0				
7341	73410	0				
7342	73420	0				
7343	73430	0				
7344	73440	0				
7345	73450	0				
7346	73460	0				
7347	73470	0				
7348	73480	0				
7349	73490	0				
7350	73500	0				
7351	73510	0				
7352	73520	0				
7353	73530	0				
7354	73540	0				
7355	73550	0				
7356	73560	0				
7357	73570	0				
7358	73580	0				
7359	73590	0				
7360	73600	0				
7361	73610	0				
7362	73620	0				
7363	73630	0				
7364	73640	0				
7365	73650	0				
7366	73660	0				
7367	73670	0				
7368	73680	0				
7369	73690	0				
7370	73700	0				
7371	73710	0				
7372	73720	0				
7373	73730	0				
7374	73740	0				
7375	73750	0				
7376	73760	0				
7377	73770	0				
7378	73780	0				
7379	73790	0				
7380	73800	0				
7381	73810	0				
7382	73820	0				
7383	73830	0				
7384	73840	0				
7385	73850	0				
7386	73860	0				
7387	73870	0				
7388	73880	0				
7389	73890	0				
7390	73900	0				
7391	73910	0				
7392	73920	0				
7393	73930	0				
7394	73940	0				
7395	73950	0				
7396	73960	0				
7397	73970	0				
7398	73980	0				
7399	73990	0				
7400	74000	0				
7401	74010	0				
7402	74020	0				
7403	74030	0				
7404	74040	0				
7405	74050	0				
7406	74060	0				
7407	74070	0				
7408	74080	0				
7409	74090	0				
7410	74100	0				
7411	74110	0				
7412	74120	0				
7413	74130	0				
7414	74140	0				
7415	74150	0				
7416	74160	0				
7417	74170	0				
7418	74180	0				
7419	74190	0				
7420	74200	0				
7421	74210	0				
7422	74220	0				
7423	74230	0				
7424	74240	0				
7425	74250	0				
7426	74260	0				
7427	74270	0				
7428	74280	0				
7429	74290	0				
7430	74300	0				
7431	74310	0				
7432	74320	0				
7433	74330	0				
7434	74340	0				
7435	74350	0				
7436	74360	0				
7437	74370	0				
7438	74380	0				
7439	74390	0				
7440	74400	0				
7441	74410	0				
7442	74420	0				
7443	74430	0				
7444	74440	0				
7445	74450	0				
7446	74460	0				
7447	74470	0				
7448	74480	0				
7449	74490	0				
7450	74500	0				
7451	74510	0				
7452	74520	0				
7453	74530	0				
7454	74540	0				
7455	74550	0				
7456	74560	0				
7457	74570	0				
7458	74580	0				
7459	74590	0				
7460	74600	0				
7461	74610	0				
7462	74620	0				
7463	74630	0				
7464	74640	0				
7465	74650	0				
7466	74660	0				
7467	74670	0				
7468	74680	0				
7469	74690	0				
7470	74700	0				
7471	74710	0				
7472	74720	0				
7473	74730	0				
7474	74740	0				
7475	74750	0				
7476	74760	0				
7477	74770	0				
7478	74780	0				
7479	74790	0				
7480	74800	0				
7481	74810	0				
7482	74820	0				
7483	74830	0				
7484	74840	0				
7485	74850	0				
7486	74860	0				
7487	74870	0				
7488	74880	0				
7489	74890	0				
7490	74900	0				
7491	74910	0				
7492	74920	0				
7493	74930	0				
7494	74940	0				
7495	74950	0				
7496	74960	0				
7497	74970	0				
7498	74980	0				
7499	74990	0				
7500	75000	0				
7501	75010	0				
7502	75020	0				
7503	75030	0				
7504	75040	0				
7505	75050	0				
7506	75060	0				
7507	75070	0				
7508	75080	0				
7509	75090	0				
7510	75100	0				
7511	75110	0				
7512	75120	0				
7513	75130	0				
7514	75140	0				
7515	75150	0				
7516	75160	0				
7517	75170	0				
7518	75180	0				
7519	75190	0				
7520	75200	0				
7521	75210	0				
7522	75220	0				
7523	75230	0				
7524	75240	0				
7525	75250	0				
7526	75260	0				
7527	75270	0				
7528	75280	0				
7529	75290	0				
7530	75300	0				
7531	75310	0				
7532	75320	0				
7533	75330	0				
7534	75340	0				
7535	75350	0				
7536	75360	0				
7537	75370	0				
7538	75380	0				
7539	75390	0				
7540	75400	0				
7541	75410	0				
7542	75420	0				
7543	75430	0				
7544	75440	0				
7545	75450	0				
7546	75460	0				
7547	75470	0				
7548	75480	0				
7549	75490	0				
7550	75500	0				
7551	75510	0				
7552	75520	0				
7553	75530	0				
7554	75540	0				
7555	75550	0				
7556	75560	0				
7557	75570	0				
7558	75580	0				
7559	75590	0				
7560	75600	0				
7561	75610	0				
7562	75620	0				
7563	75630	0				
7564	75640	0				
7565	75650	0				
7566	75660	0				
7567	75670	0				
7568	75680	0				
7569	75690	0				
7570	75700	0				
7571	75710	0				
7572	75720	0				
7573	75730	0				
7574	75740	0				
7575	75750	0				
7576	75760	0				
7577	75770	0				
7578	75780	0				
7579	75790	0				
7580	75800	0				
7581	75810	0				
7582	75820	0				
7583	75830	0				
7584	75840	0				
7585	75850	0				
7586	75860	0				
7587	75870	0				
7588	75880	0				
7589	75890	0				
7590	75900	0				
7591	75910	0				
7592	75920	0				
7593	75930	0				
7594	75940	0				
7595	75950	0				
7596	75960	0				
7597	75970	0				
7598	75980	0				
7599	75990	0				
7600	76000	0				
7601	76010	0				
7602	76020	0				
7603	76030	0				
7604	76040	0				
7605	76050	0				
7606	76060	0				
7607	76070	0				
7608	76080	0				
7609	76090	0				
7610	76100	0				
7611	76110	0				
7612	76120	0				
7613	76130	0				
7614	76140	0				
7615	76150	0				
7616	76160	0				
7617	76170	0				
7618	76180	0				
7619	76190	0				
7620	76200	0				
7621	76210	0				
7622	76220	0				
7623	76230	0				
7624	76240	0				
7625	76250	0				
7626	76260	0				
7627	76270	0				
7628	76280	0				
7629	76290	0				
7630	76300	0				
7631	76310	0				
7632	76320	0				
7633	76330	0				
7634	76340	0				
7635	76350	0				
7636	76360	0				
7637	76370	0				
7638	76380	0				
7639	76390	0				
7640	76400	0				
7641	76410	0				
7642	76420	0				
7643	76430	0				
7644	76440	0				
7645	76450	0				
7646	76460	0				
7647	76470	0				
7648	76480	0				
7649	76490	0				
7650	76500	0				
7651	76510	0				
7652	76520	0				
7653	76530	0				
7654	76540	0				
7655	76550	0				
7656	76560	0				
7657	76570	0				
7658	76580	0				
7659	76590	0				
7660	76600	0				
7661	76610	0				
7662	76620	0				
7663	76630	0				
7664	76640	0				
7665	76650	0				
7666	76660	0				
7667	76670	0				
7668	76680	0				
7669	76690	0				
7670	76700	0				
7671	76710	0				
7672	76720	0				
7673	76730	0				
7674	76740	0				
7675	76750	0				
7676	76760	0				
7677	76770	0				
7678	76780	0				
7679	76790	0				
7680	76800	0				
7681	76810	0				
7682	76820	0				
7683	76830	0				
7684	76840	0				
7685	76850	0				
7686	76860	0				
7687	76870	0				
7688	76880	0				
7689	76890	0				
7690	76900	0				
7691	76910	0				
7692	76920	0				
7693	76930	0				
7694	76940	0				
7695	76950	0				
7696	76960	0				
7697	76970	0				
7698	76980	0				
7699	76990	0				
7700	77000	0				
7701	77010	0				
7702	77020	0				
7703	77030	0				
7704	77040	0				
7705	77050	0				
7706	77060	0				
7707	77070	0				
7708	77080	0				
7709	77090	0				
7710	77100	0				
7711	77110	0				
7712	77120	0				
7713	77130	0				
7714	77140	0				
7715	77150	0				
7716	77160	0				
7717	77170	0				
7718	77180	0				
7719	77190	0				
7720	77200	0				
7721	77210	0				
7722	77220	0				
7723	77230	0				
7724	77240	0				
7725	77250	0				
7726	77260	0				
7727	77270	0				
7728	77280	0				
7729	77290	0				
7730	77300	0				
7731	77310	0				
7732	77320	0				
7733	77330	0				
7734	77340	0				
7735	77350	0				
7736	77360	0				
7737	77370	0				
7738	77380	0				
7739	77390	0				
7740	77400	0				
7741	77410	0				
7742	77420	0				
7743	77430	0				
7744	77440	0				
7745	77450	0				
7746	77460	0				
7747	77470	0				
7748	77480	0				
7749	77490	0				
7750	77500	0				
7751	77510	0				
7752	77520	0				
7753	77530	0				
7754	77540	0				
7755	77550	0				
7756	77560	0				
7757	77570	0				
7758	77580	0				
7759	77590	0				
7760	77600	0				
7761	77610	0				
7762	77620	0				
7763	77630	0				
7764	77640	0				
7765	77650	0				
7766	77660	0				
7767	77670	0				
7768	77680	0				
7769	77690	0				
7770	77700	0				
7771	77710	0				
7772	77720	0				
7773	77730	0				
7774	77740	0				
7775	77750	0				
7776	77760	0				
7777	77770	0				
7778	77780	0				
7779	77790	0				
7780	77800	0				
7781	77810	0				
7782	77820	0				
7783	77830	0				
7784	77840	0				
7785	77850	0				
7786	77860	0				
7787	77870	0				
7788	77880	0				
7789	77890	0				
7790	77900	0				
7791	77910	0				
7792	77920	0				
7793	77930	0				
7794	77940	0				
7795	77950	0				
7796	77960	0				
7797	77970	0				
7798	77980	0				
7799	77990	0				
7800	78000	0				
7801	78010	0				
7802	78020	0				
7803	78030	0				
7804	78040	0				
7805	78050	0				
7806	78060	0				
7807	78070	0				
7808	78080	0				
7809	78090	0				
7810	78100	0				
7811	78110	0				
7812	78120	0				
7813	78130	0				
7814	78140	0				
7815	78150	0				
7816	78160	0				
7817	78170	0				
7818	78180	0				
7819	78190	0				
7820	78200	0				
7821	78210	0				
7822	78220	0				
7823	78230	0				
7824	78240	0				
7825	78250	0				
7826	78260	0				
7827	78270	0				
7828	78280	0				
7829	78290	0				
7830	78300	0				
7831	78310	0				
7832	78320	0				
7833	78330	0				
7834	78340	0				
7835	78350	0				
7836	78360	0				
7837	78370	0				
7838	78380	0				
7839	78390	0				
7840	78400	0				
7841	78410	0				
7842	78420	0				
7843	78430	0				
7844	78440	0				
7845	78450	0				
7846	78460	0				
7847	78470	0				
7848	78480	0				
7849	78490	0				
7850	78500	0				
7851	78510	0				
7852	78520	0				
7853	78530	0				
7854	78540	0				
7855	78550	0				
7856	78560	0				
7857	78570	0				
7858	78580	0	0			
7859	78590	0	0			
7860	78600	0	0			
7861	78610	0	0			
7862	78620	0	0			
7863	78630	0	0			
7864	78640	0	0			
7865	78650	0	0			
7866	78660	0	0			
7867	78670	0	0	0.00932957746478873		
7868	78680	0	0	0.00773239436619719		
7869	78690	0	0	0.00930422535211267		
7870	78700	0	0	0.0112816901408451		
7871	78710	0	0	0.0142985915492958		
7872	78720	0	0	0.0189380281690141		
7873	78730	0	0	0.0258084507042254		
7874	78740	0	0	0.0433014084507042		
7875	78750	0	0	0.0756253521126761		
7876	78760	0	0	0.106352112676056		
7877	78770	0	0	0.114895774647887		
7878	78780	0	0	0.173687323943662	0	0.173687323943662
7879	78790	0	0	0.212754929577465	0	0.212754929577465
7880	78800	0	0	0.211157746478873	0	0.211157746478873
7881	78810	0	0	0.317357746478873	0	0.317357746478873
7882	78820	0	0.03	0.284070422535211	0.000320556677948987	0.283749865857262
7883	78830	0	0	0.251264788732394	0.00238276717401129	0.248882021558383
7884	78840	0	0	0.210447887323944	0.0024868656143573	0.207961021709586
7885	78850	0	0.27	0.16103661971831	0.00520425054808824	0.155832369170222
7886	78860	0	0	0.126988732394366	0.023323367872503	0.103665364521863
7887	78870	0	0.07	0.0991267605633803	0.024636100553381	0.0744906600099993
7888	78880	0	0	0.0749028169014084	0.0276958321308726	0.0472069847705359
7889	78890	0	0	0.0752070422535211	0.0238644435035796	0.0513425987499416
7890	78900	0	0	0.10060985915493	0.0199543714375109	0.0806554877174187
7891	78910	0	0	0.125619718309859	0.0165836196736067	0.109036098636252
7892	78920	0	0	0.180697183098592	0.0146313049962564	0.166065878102335
7893	78930	0	0.09	0.441101408450704	0.0133727529205314	0.427728655530173
7894	78940	0	0	0.310873943661972	0.0179188957896578	0.292955047872314
7895	78950	0	0	0.318479577464789	0.0166569317561857	0.301822645708603
7896	78960	0	0	0.27752323943662	0.0145229552213367	0.263000284215283
7897	78970	0	0	0.203228873239437	0.0124814030863924	0.190747470153044
7898	78980	0	0	0.192650704225352	0.0100657250136789	0.182584979211673
7899	78990	0.184159663240499	0	0.18623661971831	0.00787676176720326	0.178359857951107
7900	79000	0.223693297457633	0	0.163983802816901	0.00581339854180989	0.158170404275091
7901	79010	0.330760609510107	0	0.132198591549296	0.00478021720935046	0.127418374339945
7902	79020	0.34802423831855	0.04	0.126411971830986	0.00564628979395714	0.120765682037029
7903	79030	0.337634134252076	0	0.131222535211268	0.00814055651501779	0.12308197869625
7904	79040	0.350265888287955	0	0.126697183098591	0.00731253829794319	0.119384644800648
7905	79050	0.342212356970232	0	0.13275	0.00753068839682995	0.12521931160317
7906	79060	0.421704696781608	0	0.111447887323944	0.00428153973581326	0.107166347588131
7907	79070	0.323125814522719	0	0.130937323943662	0.00339256758641097	0.127544756357251
7908	79080	0.339367398502196	0	0.124022535211268	0.00202093805863738	0.12200159715263
7909	79090	0.41901725347315	0	0.108392957746479	0.00186911849973167	0.106523839246747
7910	79100	0.389159061859416	0	0.113152816901408	0.0020545674581408	0.111098249443268
7911	79110	0.514327841756308	0	0.0924084507042254	0.0019660200859345	0.0904424306182909
7912	79120	0.46838976014287	0	0.0991204225352113	0.00150229317885962	0.0976181293563517
7913	79130	0.607140555967907	0	0.0810887323943662	0.00148639747706123	0.079602334917305
7914	79140	0.613077720763582	0	0.0785408450704226	0.000749996564484979	0.0777908485059376
7915	79150	0.635258254187034	0	0.0762084507042254	0.000600539434922852	0.0756079112693025
7916	79160	0.753464402931075	0	0.062562676056338	0.00037464760888818	0.0621880284474498
7917	79170	0.730294046111986	0	0.0644767605633803	0.000149822521318308	0.064326938042062
7918	79180	0.782956613839775	0	0.0588042253521127	0.000145926851752606	0.0586582985003601
7919	79190	0.689877173674624	0	0.0690971830985916	0.000329016402132208	0.0687681666964594
7920	79200	0.779730822361823	0	0.0589753521126761	0.000379187432530185	0.0585961646801459
7921	79210	0.823810850380292	0	0.053968309859155	0.000243261865924718	0.0537250479932302
7922	79220	0.846879025324406	0.24	0.0536323943661972	0.00287368268646811	0.0507587116797291
7923	79230	0.982663161592824	0.34	0.0542725352112676	0.0226951130755122	0.0315774221357555
7924	79240	0.938896174968015	0.04	0.0876866197183099	0.047327028457585	0.0403595912607249
7925	79250	0	0.07	0.0874014084507043	0.0506633890156576	0.0367380194350467
7926	79260	0	0	0.0770323943661972	0.0501880424039176	0.0268443519622796
7927	79270	0	0	0.0715943661971831	0.042235013373055	0.0293593528241281
7928	79280	0.990394334867051	0	0.066143661971831	0.0350911067770627	0.0310525551947684
7929	79290	0.989409732959786	0	0.0629112676056338	0.0299488565825842	0.0329624110230497
7930	79300	0.997601038354307	0	0.0519781690140845	0.0261809806123454	0.0257971884017391
7931	79310	0.99844300310683	0	0.045893661971831	0.0223359733880807	0.0235576885837503
7932	79320	0.999963813137567	0	0.0400753521126761	0.0191995859155753	0.0208757661971007
7933	79330	0.999572292341355	0	0.0348971830985916	0.0162737379791274	0.0186234451194641
7934	79340	0.99917223411075	0	0.0325267605633803	0.0141227869047495	0.0184039736586308
7935	79350	0.983945121227299	0	0.0289711267605634	0.0124400085091749	0.0165311182513885
7936	79360	0.968636663568337	0	0.0263852112676057	0.00948607277694035	0.0168991384906653
7937	79370	0.979369062538986	0	0.0238943661971831	0.00599647322623094	0.0178978929709522
7938	79380	0.988575437798463	0.05	0.0228992957746479	0.0041089052916394	0.0187903904830085
7939	79390	0.965999784239669	0	0.0212450704225352	0.00799121111291517	0.01325385930962
7940	79400	0.976006160242436	0	0.0201676056338028	0.00962465630129335	0.0105429493325095
7941	79410	0.974755773244842	0	0.0198887323943662	0.00913245350899973	0.0107562788853665
7942	79420	0.951180379600474	0	0.0176323943661972	0.00800883975121468	0.00962355461498252
7943	79430	0.967145725050044	0	0.0182978873239437	0.00604586267777436	0.0122520246461693
7944	79440	0.988920256850583	0	0.0166309859154929	0.00283973426033346	0.0137912516551595
7945	79450	0.989584108894035	0	0.0164471830985915	0.00246713006414376	0.0139800530344478
7946	79460	0.995704222451823	0	0.0169985915492958	0.00164285069167917	0.0153557408576166
7947	79470	0.990442989007395	0	0.0143239436619718	0.00139106045342698	0.0129328832085449
7948	79480	0.993297736917323	0	0.0154394366197183	0.00119369247566126	0.0142457441440571
7949	79490	0.989643607963607	0	0.0135760563380282	0.000988289544487179	0.012587766793541
7950	79500	0.98806654476904	0	0.0133288732394366	0.000937495705606224	0.0123913775338304
7951	79510	0.986741660499984	0	0.0132971830985916	0.000750674293653564	0.012546508804938
7952	79520	0.985248837833065	0	0.0125746478873239	0.000468309511110225	0.0121063383762137
7953	79530	0.990685176927334	0	0.0135760563380282	0.000187278151647885	0.0133887781863803
7954	79540	0.985696635233239	0	0.012130985915493	0.000182408564690758	0.0119485773508022
7955	79550	0.985198777356949	0.13	0.0128154929577465	0.0018003494404442	0.0110151435173023
7956	79560	0.927549953762502	0	0.0122767605633803	0.0107993087113783	0.00147745185200196
7957	79570	0.925938615465551	0.24	0.0115605633802817	0.0136449484182127	-0.00208438503793106
7958	79580	0.763309464731458	0.06	0.0139943661971831	0.0301398292616221	-0.016145463064439
7959	79590	0.795504984260971	0	0.0165295774647887	0.0328004669239539	-0.0162708894591651
7960	79600	0.85756808767189	0	0.0214542253521127	0.0300551473843258	-0.00860092203221314
7961	79610	0.853171613933587	0	0.0199964788732394	0.0251386588477376	-0.00514217997449817
7962	79620	0.904950815850624	0	0.0193880281690141	0.020815227171765	-0.00142719900275093
7963	79630	0.916693451768385	0	0.0180760563380282	0.0173871249969618	0.000688931341066422
7964	79640	0.929515602010136	0.01	0.0171697183098591	0.0154940639831297	0.0016756543267294
7965	79650	0.93970907569287	0.09	0.0172140845070423	0.0150563841402291	0.00215770036681312
7966	79660	0.910518217781636	0.06	0.0174866197183099	0.0198364339048488	-0.0023498141865389
7967	79670	0.8786143358668	0.36	0.0197176056338028	0.026682376737194	-0.00696477110339118
7968	79680	0.652637446608416	0	0.0226457746478873	0.0492787870397905	-0.0266330123919032
7969	79690	0.993603758465072	0.02	0.0634753521126761	0.0477356090198285	0.0157397430928476
7970	79700	0	0	0.168845070422535	0.0433314707445321	0.125513599678003
7971	79710	0	0.02	0.13197676056338	0.0352226503854152	0.0967541101779649
7972	79720	0	0	0.097656338028169	0.0300621030568649	0.0675942349713041
7973	79730	0	0	0.0769816901408451	0.0259439277604031	0.051037762380442
7974	79740	0	0.95	0.0708401408450704	0.0342660570398605	0.0365740838052099
7975	79750	0	0	0.0758535211267606	0.0971662675994779	-0.0213127464727173
7976	79760	0	0	0.0749788732394366	0.0959682045254909	-0.0209893312860543
7977	79770	0	0	0.0669042253521127	0.0887801018932855	-0.0218758765411727
7978	79780	0	0	0.0575302816901408	0.0709608861845419	-0.013430604494401
7979	79790	0	0	0.0503302816901408	0.057366715589019	-0.00703643389887817
7980	79800	0	0	0.0432697183098592	0.0472832866223987	-0.0040135683125395
7981	79810	0	0	0.0388711267605634	0.0414532252795517	-0.00258209851898834
7982	79820	0	1.11	0.0435485915492958	0.0461727224936968	-0.00262413094440096
7983	79830	0	0.02	0.0740978873239437	0.118089414050829	-0.043991526726885
7984	79840	0	0.16	0.121842253521127	0.122522088094008	-0.000679834572881191
7985	79850	0	0.32	0.163166197183099	0.127108303866713	0.0360578933163853
7986	79860	0	0.88	0.247588732394366	0.139836803542961	0.107751928851405
7987	79870	0	0.13	0.290997887323944	0.184474916966409	0.106522970357535
7988	79880	0	0.01	0.229829577464789	0.17505200732418	0.0547775701406089
7989	79890	0	0.01	0.178675352112676	0.155280500155155	0.0233948519575206
7990	79900	0	0	0.136952112676056	0.13040693733833	0.00654517533772583
7991	79910	0	0	0.112043661971831	0.113069414598401	-0.00102575262657024
7992	79920	0	0.52	0.13062676056338	0.104172950946753	0.0264538096166274
7993	79930	0	0.01	0.155915492957746	0.125066730565486	0.0308487623922601
7994	79940	0	0	0.147194366197183	0.120019236027895	0.0271751301692881
7995	79950	0	0	0.127134507042254	0.098431479828803	0.0287030272134505
7996	79960	0	0	0.106440845070423	0.0786944016596132	0.0277464434108093
7997	79970	0	0	0.0883711267605634	0.0605874324437099	0.0277836943168535
7998	79980	0	0.02	0.076037323943662	0.0526194204116696	0.0234179035319924
7999	79990	0	0	0.0654908450704225	0.050925043226839	0.0145658018435836
8000	80000	0	0.05	0.0583859154929578	0.0427114191441655	0.0156744963487923
8001	80010	0	0.67	0.0552169014084507	0.0417470620318545	0.0134698393765963
8002	80020	0	0.58	0.0665429577464789	0.0942949960111084	-0.0277520382646296
8003	80030	0	0.01	0.121766197183099	0.129105165310783	-0.00733896812768439
8004	80040	0	0	0.191218309859155	0.127258707837273	0.0639596020218818
8005	80050	0	0.3	0.171874647887324	0.111277685323608	0.0605969625637164
8006	80060	0	0	0.135912676056338	0.110112588279643	0.0258000877766946
8007	80070	0	0.15	0.114585211267606	0.0901088945400783	0.0244763167275272
8008	80080	0	0.35	0.108697183098592	0.0937648969635983	0.0149322861349933
8009	80090	0	0.03	0.106288732394366	0.110292360027412	-0.00400362763304547
8010	80100	0	1.09	0.130164084507042	0.114365593980791	0.0157984905262507
8011	80110	0	0	0.223726056338028	0.175145752686746	0.0485803036512819
8012	80120	0	0.09	0.210111971830986	0.167213768477884	0.0428982033531023
8013	80130	0	0.52	0.186908450704226	0.157762562180104	0.029145888524122
8014	80140	0	0.02	0.173465492957747	0.169263569859494	0.0042019230982531
8015	80150	0	0.1	0.15242323943662	0.14980883213013	0.0026144073064894
8016	80160	0	0.02	0.137490845070423	0.132756814009211	0.00473403106121112
8017	80170	0	0.23	0.124035211267606	0.118119677896696	0.00591553337091011
8018	80180	0	0.37	0.155370422535211	0.123527600962709	0.0318428215725024
8019	80190	0	0.01	0.210359154929578	0.137773256716682	0.0725858982128959
8020	80200	0	0	0.199495774647887	0.125944404889016	0.0735513697588711
8021	80210	0	0	0.160269718309859	0.108071236909043	0.052198481400816
8022	80220	0	0	0.126012676056338	0.0891962016201736	0.0368164744361644
8023	80230	0	0	0.104095774647887	0.069117378681528	0.0349783959663593
8024	80240	0	0	0.089556338028169	0.0554762047554671	0.0340801332727019
8025	80250	0	0.57	0.0867992957746479	0.0535733616539138	0.033225934120734
8026	80260	0	0	0.229969014084507	0.0841461604604178	0.145822853624089
8027	80270	0	0.18	0.224898591549296	0.0856035247523284	0.139295066796967
8028	80280	0	0	0.197917605633803	0.0895805986973202	0.108337006936483
8029	80290	0	0.01	0.161296478873239	0.0733933538754083	0.0879031249978312
8030	80300	0	0	0.129181690140845	0.0681101965864526	0.0610714935543926
8031	80310	0	0	0.109058450704225	0.0500721428666033	0.0589863078376222
8032	80320	0	0	0.0929345070422536	0.0411876787239052	0.0517468283183484
8033	80330	0	0	0.0805056338028169	0.0345046083108686	0.0460010254919483
8034	80340	0	0	0.0710049295774648	0.0275252141917761	0.0434797153856888
8035	80350	0	0	0.0623091549295775	0.0260982313188637	0.0362109236107138
8036	80360	0	0	0.0555528169014085	0.0218026224222555	0.033750194479153
8037	80370	0	0	0.0496394366197183	0.0194363514741017	0.0302030851456166
8038	80380	0	0	0.0460457746478873	0.015314927546576	0.0307308471013113
8039	80390	0	0	0.0420401408450704	0.00902975877769028	0.0330103820673801
8040	80400	0	0	0.0384401408450704	0.00503505629483616	0.0334050845502343
8041	80410	0	0.03	0.036424647887324	0.00427342769654168	0.0321512201907823
8042	80420	0	0.29	0.0354295774647887	0.0109943016625652	0.0244352758022235
8043	80430	0	0.35	0.0351443661971831	0.0354138631878685	-0.00026949699068541
8044	80440	0	0.7	0.0392007042253521	0.066622058596961	-0.0274213543716089
8045	80450	0	0	0.0431302816901408	0.115058462672768	-0.071928180982627
8046	80460	0	0	0.0413429577464789	0.105926425112749	-0.0645834673662698
8047	80470	0	0	0.0373880281690141	0.0933415518498665	-0.0559535236808524
8048	80480	0	0.89	0.0361838028169014	0.0843389009135684	-0.0481550980966669
8049	80490	0	0.66	0.0553816901408451	0.139856315606371	-0.0844746254655264
8050	80500	0	0.3	0.0909253521126761	0.182715634345485	-0.0917902822328091
8051	80510	0	0.41	0.183954929577465	0.198971814683421	-0.0150168851059557
8052	80520	0	0.05	0.267344366197183	0.204972159508618	0.0623722066885646
8053	80530	0	0.1	0.25418661971831	0.182359050399137	0.0718275693191733
8054	80540	0	0	0.220588732394366	0.162690813138278	0.0578979192560882
8055	80550	0	0	0.173528873239437	0.13998988970776	0.0335389835316762
8056	80560	0	0	0.135247183098592	0.119950946611884	0.0152962364867077
8057	80570	0	0	0.111612676056338	0.0990170950613963	0.0125955809949416
8058	80580	0	0.78	0.0996654929577466	0.0898922854993811	0.00977320745836544
8059	80590	0	0.43	0.13165985915493	0.134416711088544	-0.00275685193361447
8060	80600	0	0.35	0.164465492957747	0.164712003272128	-0.000246510314381443
8061	80610	0	0	0.186769014084507	0.180947246471715	0.00582176761279249
8062	80620	0	0.01	0.168851408450704	0.158158582167343	0.0106928262833614
8063	80630	0	0	0.142827464788732	0.12598691755241	0.0168405472363224
8064	80640	0	0	0.122742253521127	0.100180043695583	0.022562209825544
8065	80650	0	0	0.107144366197183	0.0838115012694711	0.0233328649277119
8066	80660	0	0	0.0933591549295775	0.076017101834687	0.0173420530948905
8067	80670	0	0.06	0.0837633802816901	0.0672105787445642	0.0165528015371259
8068	80680	0	0	0.0768359154929578	0.0649386316765538	0.0118972838164039
8069	80690	0	0	0.0703521126760563	0.0523689280055864	0.01798318467047
8070	80700	0	0	0.0651549295774648	0.0425563003443994	0.0225986292330654
8071	80710	0	0	0.0600654929577465	0.0351477934223202	0.0249176995354263
8072	80720	0	0	0.0561866197183099	0.0245700158610918	0.0316166038572181
8073	80730	0	0	0.0516866197183099	0.0157002081614246	0.0359864115568852
8074	80740	0	0	0.0483401408450704	0.0102330060571729	0.0381071347878975
8075	80750	0	0	0.0460838028169014	0.0114170362481995	0.0346667665687019
8076	80760	0	0	0.043193661971831	0.0139708756564296	0.0292227863154014
8077	80770	0	0	0.0408232394366197	0.0131686514050114	0.0276545880316083
8078	80780	0	0.49	0.0393021126760564	0.0184211139589056	0.0208809987171508
8079	80790	0	0.24	0.0421669014084507	0.0481429887824641	-0.00597608737401336
8080	80800	0	0.03	0.0447084507042254	0.0637028611652255	-0.0189944104610001
8081	80810	0	0.02	0.0448605633802817	0.0609951107142559	-0.0161345473339742
8082	80820	0	0	0.0449429577464789	0.0536129090716637	-0.00866995132518485
8083	80830	0	0	0.0425661971830986	0.0438273734756044	-0.00126117629250584
8084	80840	0	0	0.0406838028169014	0.0365959117200452	0.00408789109685622
8085	80850	0	0	0.0383514084507042	0.0323050515463228	0.00604635690438139
8086	80860	0	0	0.0366971830985916	0.0279766357445158	0.00872054735407578
8087	80870	0	0	0.0350556338028169	0.0239794256632605	0.0110762081395564
8088	80880	0	0	0.0333507042253521	0.0201313783945814	0.0132193258307707
8089	80890	0	0	0.0324380281690141	0.0169067379678762	0.0155312902011379
8090	80900	0	0	0.0307774647887324	0.015203887395247	0.0155735773934854
8091	80910	0	0	0.0296366197183099	0.0129270381816716	0.0167095815366382
8092	80920	0	0	0.0279316901408451	0.00915048305957592	0.0187812070812692
8093	80930	0	0.44	0.0287683098591549	0.00961011234116479	0.0191581975179901
8094	80940	0	0.01	0.0297253521126761	0.0383218985974887	-0.00859654648481267
8095	80950	0	0	0.0288443661971831	0.0424739874673121	-0.013629621270129
8096	80960	0	0	0.0283943661971831	0.0416479826149086	-0.0132536164177255
8097	80970	0	0	0.0275197183098592	0.0338986834896379	-0.00637896517977877
8098	80980	0	0	0.027006338028169	0.0284157346968839	-0.00140939666871491
8099	80990	0	0	0.0263978873239437	0.0212517417494438	0.00514614557449989
8100	81000	0	0	0.0255866197183099	0.0177231261427087	0.00786349357560119
8101	81010	0	0	0.0252760563380282	0.0149968964890369	0.0102791598489913
8102	81020	0	0	0.0244140845070423	0.0125699021284932	0.011844182378549
8103	81030	0	0.07	0.023843661971831	0.0115306714583854	0.0123129905134456
8104	81040	0	0.07	0.0232922535211267	0.0152434421411934	0.00804881137993334
8105	81050	0	0	0.0231211267605634	0.0198100966244256	0.00331103013613779
8106	81060	0	0	0.0226584507042254	0.0180076804007168	0.00465077030350855
8107	81070	0	0.36	0.0237802816901409	0.0179125807821024	0.00586770090803846
8108	81080	0	0.87	0.0275767605633803	0.0475289441323131	-0.0199521835689328
8109	81090	0	0.18	0.0281725352112676	0.108970145609505	-0.0807976103982376
8110	81100	0	0.02	0.0281725352112676	0.123759043628035	-0.0955865084167675
8111	81110	0	0	0.0329894366197183	0.115558914984646	-0.0825694783649274
8112	81120	0	0	0.042743661971831	0.0951430752683632	-0.0523994132965323
8113	81130	0	0	0.0465845070422535	0.078736456892238	-0.0321519498499845
8114	81140	0	0.02	0.0544183098591549	0.0641266730084766	-0.00970836314932165
8115	81150	0	0.23	0.0674302816901408	0.0606642669024011	0.00676601478773971
8116	81160	0	0	0.0823183098591549	0.0686659099434799	0.013652399915675
8117	81170	0	0.16	0.0903676056338028	0.0635120346962477	0.0268555709375552
8118	81180	0	0.03	0.091330985915493	0.0665305150008236	0.0248004709146694
8119	81190	0	0	0.0875915492957747	0.0603693177455847	0.02722223155019
8120	81200	0	0.02	0.0807781690140845	0.0540441621014959	0.0267340069125887
8121	81210	0	0.46	0.0813739436619719	0.050737100026036	0.0306368436359359
8122	81220	0	0.95	0.0871859154929578	0.0814372787471676	0.00574863674579017
8123	81230	0	0.15	0.0982077464788733	0.14061543323665	-0.0424076867577765
8124	81240	0	0.02	0.107150704225352	0.149532378948318	-0.0423816747229658
8125	81250	0	0.02	0.102929577464789	0.141085878237807	-0.0381563007730184
8126	81260	0	0	0.120961267605634	0.120614950341407	0.000346317264226875
8127	81270	0	0	0.128680985915493	0.0996438788097683	0.0290371071057246
8128	81280	0	0	0.124485211267606	0.0842266511877226	0.040258560079883
8129	81290	0	0	0.113957746478873	0.068170435080611	0.0457873113982622
8130	81300	0	0	0.101674647887324	0.0561671939050031	0.045507453982321
8131	81310	0	0	0.0892204225352113	0.0473008801288967	0.0419195424063146
8132	81320	0	0.02	0.0807401408450704	0.0409235505801158	0.0398165902649546
8133	81330	0	0.22	0.0753781690140845	0.0394346668282982	0.0359435021857864
8134	81340	0	0.28	0.0726781690140845	0.0540069953053654	0.0186711737087192
8135	81350	0	0.19	0.0701683098591549	0.0699255579478612	0.000242751911293776
8136	81360	0	0	0.0674619718309859	0.0715352547995802	-0.00407328296859426
8137	81370	0	0	0.0626894366197183	0.0610765321286856	0.00161290449103275
8138	81380	0	0	0.0586774647887324	0.0528296866180507	0.00584777817068167
8139	81390	0	0.01	0.0543802816901409	0.0492003851742237	0.0051798965159171
8140	81400	0	0	0.0521112676056338	0.0445922599336227	0.00751900767201108
8141	81410	0	0	0.0475542253521127	0.0383906619322203	0.00916356341989238
8142	81420	0	0	0.0452218309859155	0.0325004355610741	0.0127213954248414
8143	81430	0	0	0.0441316901408451	0.0217773226987567	0.0223543674420884
8144	81440	0	0	0.0415584507042254	0.0174725402432069	0.0240859104610185
8145	81450	0	0		0.0150712776566257	
8146	81460	0	0		0.012880962687788	
8147	81470	0	0.01		0.0103371551996266	
8148	81480	0	0		0.00744455068658363	
8149	81490	0	0.05		0.00539739450698544	
8150	81500	0	0		0.00867434554762115	
8151	81510	0	0		0.0101618587731459	
8152	81520	0	0		0.0102273452489344	
8153	81530	0	0		0.00885012773778616	
8154	81540	0	0		0.00625332417490156	
8155	81550	0	0		0.00393868758202499	
8156	81560	0	0		0.00228644504532883	
8157	81570	0	0.01		0.00208323827092696	
8158	81580	0	0		0.00244378955347602	
8159	81590	0	0		0.00228745413728732	
8160	81600	0	0		0.00191150455206701	
8161	81610	0	0		0.00165731204329542	
8162	81620	0	0		0.00129024473807794	
8163	81630	0	0		0.000925750570466174	
8164	81640	0	0		0.000654728023003013	
8165	81650	0	0		0.000605775561159139	
8166	81660	0	0		0.000750298059831834	
8167	81670	0	0.25		0.00346133575108893	
8168	81680	0	0.52		0.0259144441091799	
8169	81690	0	0		0.062599213522223	
8170	81700	0	0		0.0625828092288185	
8171	81710	0	0		0.0559476905290549	
8172	81720	0	0.05		0.0456846177569062	
8173	81730	0	0.01		0.0407485665556477	
8174	81740	0				
8175	81750	0				
8176	81760	0				
8177	81770	0				
8178	81780	0				
8179	81790	0				
8180	81800	0				
8181	81810	0				
8182	81820	0				
8183	81830	0				
8184	81840	0				
8185	81850	0				
8186	81860	0				
8187	81870	0				
8188	81880	0				
8189	81890	0				
8190	81900	0				
8191	81910	0				
8192	81920	0				
8193	81930	0				
8194	81940	0				
8195	81950	0				
8196	81960	0				
8197	81970	0				
8198	81980	0				
8199	81990	0				
8200	82000	0				
8201	82010	0				
8202	82020	0				
8203	82030	0				
8204	82040	0				
8205	82050	0				
8206	82060	0				
8207	82070	0				
8208	82080	0				
8209	82090	0				
8210	82100	0				
8211	82110	0				
8212	82120	0				
8213	82130	0				
8214	82140	0				
8215	82150	0				
8216	82160	0				
8217	82170	0				
8218	82180	0				
8219	82190	0				
8220	82200	0				
8221	82210	0				
8222	82220	0				
8223	82230	0				
8224	82240	0				
8225	82250	0				
8226	82260	0				
8227	82270	0				
8228	82280	0				
8229	82290	0				
8230	82300	0				
8231	82310	0				
8232	82320	0				
8233	82330	0				
8234	82340	0				
8235	82350	0				
8236	82360	0				
8237	82370	0				
8238	82380	0				
8239	82390	0				
8240	82400	0				
8241	82410	0				
8242	82420	0				
8243	82430	0				
8244	82440	0				
8245	82450	0				
8246	82460	0				
8247	82470	0				
8248	82480	0				
8249	82490	0				
8250	82500	0				
8251	82510	0				
8252	82520	0				
8253	82530	0				
8254	82540	0				
8255	82550	0				
8256	82560	0				
8257	82570	0				
8258	82580	0				
8259	82590	0				
8260	82600	0				
8261	82610	0				
8262	82620	0				
8263	82630	0				
8264	82640	0				
8265	82650	0				
8266	82660	0				
8267	82670	0				
8268	82680	0				
8269	82690	0				
8270	82700	0				
8271	82710	0				
8272	82720	0				
8273	82730	0				
8274	82740	0				
8275	82750	0				
8276	82760	0				
8277	82770	0				
8278	82780	0				
8279	82790	0				
8280	82800	0				
8281	82810	0				
8282	82820	0				
8283	82830	0				
8284	82840	0				
8285	82850	0				
8286	82860	0				
8287	82870	0				
8288	82880	0				
8289	82890	0				
8290	82900	0				
8291	82910	0				
8292	82920	0				
8293	82930	0				
8294	82940	0				
8295	82950	0				
8296	82960	0				
8297	82970	0				
8298	82980	0				
8299	82990	0				
8300	83000	0				
8301	83010	0				
8302	83020	0				
8303	83030	0				
8304	83040	0				
8305	83050	0				
8306	83060	0				
8307	83070	0				
8308	83080	0				
8309	83090	0				
8310	83100	0				
8311	83110	0				
8312	83120	0				
8313	83130	0				
8314	83140	0				
8315	83150	0				
8316	83160	0				
8317	83170	0				
8318	83180	0				
8319	83190	0				
8320	83200	0				
8321	83210	0				
8322	83220	0				
8323	83230	0				
8324	83240	0				
8325	83250	0				
8326	83260	0				
8327	83270	0				
8328	83280	0				
8329	83290	0				
8330	83300	0				
8331	83310	0				
8332	83320	0				
8333	83330	0				
8334	83340	0				
8335	83350	0				
8336	83360	0				
8337	83370	0				
8338	83380	0				
8339	83390	0				
8340	83400	0				
8341	83410	0				
8342	83420	0				
8343	83430	0				
8344	83440	0				
8345	83450	0				
8346	83460	0				
8347	83470	0				
8348	83480	0				
8349	83490	0				
8350	83500	0				
8351	83510	0				
8352	83520	0				
8353	83530	0				
8354	83540	0				
8355	83550	0				
8356	83560	0				
8357	83570	0				
8358	83580	0				
8359	83590	0				
8360	83600	0				
8361	83610	0				
8362	83620	0				
8363	83630	0				
8364	83640	0				
8365	83650	0				
8366	83660	0				
8367	83670	0				
8368	83680	0				
8369	83690	0				
8370	83700	0				
8371	83710	0				
8372	83720	0				
8373	83730	0				
8374	83740	0				
8375	83750	0				
8376	83760	0				
8377	83770	0				
8378	83780	0				
8379	83790	0				
8380	83800	0				
8381	83810	0				
8382	83820	0				
8383	83830	0				
8384	83840	0				
8385	83850	0				
8386	83860	0				
8387	83870	0				
8388	83880	0				
8389	83890	0				
8390	83900	0				
8391	83910	0				
8392	83920	0				
8393	83930	0				
8394	83940	0				
8395	83950	0				
8396	83960	0				
8397	83970	0				
8398	83980	0				
8399	83990	0				
8400	84000	0				
8401	84010	0				
8402	84020	0				
8403	84030	0				
8404	84040	0				
8405	84050	0				
8406	84060	0				
8407	84070	0				
8408	84080	0				
8409	84090	0				
8410	84100	0				
8411	84110	0				
8412	84120	0				
8413	84130	0				
8414	84140	0				
8415	84150	0				
8416	84160	0				
8417	84170	0				
8418	84180	0				
8419	84190	0				
8420	84200	0				
8421	84210	0				
8422	84220	0				
8423	84230	0				
8424	84240	0				
8425	84250	0				
8426	84260	0				
8427	84270	0				
8428	84280	0				
8429	84290	0				
8430	84300	0				
8431	84310	0				
8432	84320	0				
8433	84330	0				
8434	84340	0				
8435	84350	0				
8436	84360	0				
8437	84370	0				
8438	84380	0				
8439	84390	0				
8440	84400	0				
8441	84410	0				
8442	84420	0				
8443	84430	0				
8444	84440	0				
8445	84450	0				
8446	84460	0				
8447	84470	0				
8448	84480	0				
8449	84490	0				
8450	84500	0				
8451	84510	0				
8452	84520	0				
8453	84530	0				
8454	84540	0				
8455	84550	0				
8456	84560	0				
8457	84570	0				
8458	84580	0				
8459	84590	0				
8460	84600	0				
8461	84610	0				
8462	84620	0				
8463	84630	0				
8464	84640	0				
8465	84650	0				
8466	84660	0				
8467	84670	0				
8468	84680	0				
8469	84690	0				
8470	84700	0				
8471	84710	0				
8472	84720	0				
8473	84730	0				
8474	84740	0				
8475	84750	0				
8476	84760	0				
8477	84770	0				
8478	84780	0				
8479	84790	0				
8480	84800	0				
8481	84810	0				
8482	84820	0				
8483	84830	0				
8484	84840	0				
8485	84850	0				
8486	84860	0				
8487	84870	0				
8488	84880	0				
8489	84890	0				
8490	84900	0				
8491	84910	0				
8492	84920	0				
8493	84930	0				
8494	84940	0				
8495	84950	0				
8496	84960	0				
8497	84970	0				
8498	84980	0				
8499	84990	0				
8500	85000	0				
8501	85010	0				
8502	85020	0				
8503	85030	0				
8504	85040	0				
8505	85050	0				
8506	85060	0				
8507	85070	0				
8508	85080	0				
8509	85090	0				
8510	85100	0				
8511	85110	0				
8512	85120	0				
8513	85130	0				
8514	85140	0				
8515	85150	0				
8516	85160	0				
8517	85170	0				
8518	85180	0				
8519	85190	0				
8520	85200	0				
8521	85210	0				
8522	85220	0				
8523	85230	0				
8524	85240	0				
8525	85250	0				
8526	85260	0				
8527	85270	0				
8528	85280	0				
8529	85290	0				
8530	85300	0				
8531	85310	0				
8532	85320	0				
8533	85330	0				
8534	85340	0				
8535	85350	0				
8536	85360	0				
8537	85370	0				
8538	85380	0				
8539	85390	0				
8540	85400	0				
8541	85410	0				
8542	85420	0				
8543	85430	0				
8544	85440	0				
8545	85450	0				
8546	85460	0				
8547	85470	0				
8548	85480	0				
8549	85490	0				
8550	85500	0				
8551	85510	0				
8552	85520	0				
8553	85530	0				
8554	85540	0				
8555	85550	0				
8556	85560	0				
8557	85570	0				
8558	85580	0				
8559	85590	0				
8560	85600	0				
8561	85610	0				
8562	85620	0				
8563	85630	0				
8564	85640	0				
8565	85650	0				
8566	85660	0				
8567	85670	0				
8568	85680	0				
8569	85690	0				
8570	85700	0				
8571	85710	0				
8572	85720	0				
8573	85730	0				
8574	85740	0				
8575	85750	0				
8576	85760	0				
8577	85770	0				
8578	85780	0				
8579	85790	0				
8580	85800	0				
8581	85810	0				
8582	85820	0				
8583	85830	0				
8584	85840	0				
8585	85850	0				
8586	85860	0				
8587	85870	0				
8588	85880	0				
8589	85890	0				
8590	85900	0				
8591	85910	0				
8592	85920	0				
8593	85930	0				
8594	85940	0				
8595	85950	0				
8596	85960	0				
8597	85970	0				
8598	85980	0				
8599	85990	0				
8600	86000	0				
8601	86010	0				
8602	86020	0				
8603	86030	0				
8604	86040	0				
8605	86050	0				
8606	86060	0				
8607	86070	0				
8608	86080	0				
8609	86090	0				
8610	86100	0				
8611	86110	0				
8612	86120	0				
8613	86130	0				
8614	86140	0				
8615	86150	0				
8616	86160	0				
8617	86170	0				
8618	86180	0				
8619	86190	0				
8620	86200	0				
8621	86210	0				
8622	86220	0				
8623	86230	0				
8624	86240	0				
8625	86250	0				
8626	86260	0				
8627	86270	0				
8628	86280	0				
8629	86290	0				
8630	86300	0				
8631	86310	0				
8632	86320	0				
8633	86330	0				
8634	86340	0				
8635	86350	0				
8636	86360	0				
8637	86370	0				
8638	86380	0				
8639	86390	0				
8640	86400	0				
8641	86410	0				
8642	86420	0				
8643	86430	0				
8644	86440	0				
8645	86450	0				
8646	86460	0				
8647	86470	0				
8648	86480	0				
8649	86490	0				
8650	86500	0				
8651	86510	0				
8652	86520	0				
8653	86530	0				
8654	86540	0				
8655	86550	0				
8656	86560	0				
8657	86570	0				
8658	86580	0				
8659	86590	0				
8660	86600	0				
8661	86610	0				
8662	86620	0				
8663	86630	0				
8664	86640	0				
8665	86650	0				
8666	86660	0				
8667	86670	0				
8668	86680	0				
8669	86690	0				
8670	86700	0				
8671	86710	0				
8672	86720	0				
8673	86730	0				
8674	86740	0				
8675	86750	0				
8676	86760	0				
8677	86770	0				
8678	86780	0				
8679	86790	0				
8680	86800	0				
8681	86810	0				
8682	86820	0				
8683	86830	0				
8684	86840	0				
8685	86850	0				
8686	86860	0				
8687	86870	0				
8688	86880	0				
8689	86890	0				
8690	86900	0				
8691	86910	0				
8692	86920	0				
8693	86930	0				
8694	86940	0				
8695	86950	0				
8696	86960	0				
8697	86970	0				
8698	86980	0				
8699	86990	0				
8700	87000	0				
8701	87010	0				
8702	87020	0				
8703	87030	0				
8704	87040	0				
8705	87050	0				
8706	87060	0				
8707	87070	0				
8708	87080	0				
8709	87090	0				
8710	87100	0				
8711	87110	0				
8712	87120	0				
8713	87130	0				
8714	87140	0				
8715	87150	0				
8716	87160	0				
8717	87170	0				
8718	87180	0				
8719	87190	0				
8720	87200	0				
8721	87210	0				
8722	87220	0				
8723	87230	0				
8724	87240	0				
8725	87250	0				
8726	87260	0				
8727	87270	0				
8728	87280	0				
8729	87290	0				
8730	87300	0				
8731	87310	0				
8732	87320	0				
8733	87330	0				
8734	87340	0				
8735	87350	0				
8736	87360	0				
8737	87370	0				
8738	87380	0				
8739	87390	0				
8740	87400	0				
8741	87410	0				
8742	87420	0				
8743	87430	0				
8744	87440	0				
8745	87450	0				
8746	87460	0				
8747	87470	0				
8748	87480	0				
8749	87490	0				
8750	87500	0				
8751	87510	0				
8752	87520	0				
8753	87530	0				
8754	87540	0				
8755	87550	0				
8756	87560	0				
8757	87570	0				
8758	87580	0				
8759	87590	0				
8760	87600	0	0			
8761	87610	0	0			
8762	87620	0	0			
8763	87630	0	0			
8764	87640	0	0			
8765	87650	0	0			
8766	87660	0	0			
8767	87670	0	0.04	0.0705549295774648		
8768	87680	0	0	0.197670422535211		
8769	87690	0	0.07	0.314366197183099		
8770	87700	0	0.07	0.231667605633803		
8771	87710	0	0	0.429338028169014		
8772	87720	0	0	0.322250704225352		
8773	87730	0	0	0.275146478873239		
8774	87740	0	0	0.253318309859155		
8775	87750	0	0	0.270785915492958		
8776	87760	0	0	0.298064788732394		
8777	87770	0	0	0.318295774647887		
8778	87780	0	0	0.576861971830986		
8779	87790	0	0	0.610402816901409		
8780	87800	0	0	0.579878873239437	0.00365531426313066	0.576223558976306
8781	87810	0	0	0.766039436619718	0.00307074695901894	0.762968689660699
8782	87820	0	0.39	0.417498591549296	0.00668049733361884	0.410818094215677
8783	87830	0	0.18	0.325014084507042	0.0347518175082626	0.29026226699878
8784	87840	0	0	0.230856338028169	0.0478726951607062	0.182983642867463
8785	87850	0	0	0.163850704225352	0.0459680683266637	0.117882635898688
8786	87860	0	0.01	0.116391549295775	0.039516730448709	0.0768748188470657
8787	87870	0	0.19	0.0941830985915493	0.0352262915799885	0.0589568070115608
8788	87880	0.920624637655923	0	0.0903802816901409	0.0424645814098204	0.0479157002803204
8789	87890	0.765859216522588	0	0.103385915492958	0.0400899918127616	0.0632959236801961
8790	87900	0.170184109087886	0.01	0.218535211267606	0.0357104399695117	0.182824771298094
8791	87910	0.0821478233573164	0.02	0.294414084507042	0.0301715432913824	0.26424254121566
8792	87920	0.145295661184008	0	0.223428169014085	0.0266972264108405	0.196730942603244
8793	87930	0.168483308213644	0	0.204845070422535	0.0228203652705614	0.182024705151974
8794	87940	0.0631711144351092	0.04	0.322402816901408	0.021117322284935	0.301285494616473
8795	87950	0.0286658157839079	0.26	0.472208450704225	0.0234608932090151	0.44874755749521
8796	87960	0	0.79	0.408194366197183	0.0457129943498056	0.362481371847378
8797	87970	0.0894417236403628	0.15	0.362002816901409	0.0981016291614535	0.263901187739955
8798	87980	0.0769310658140971	0	0.379470422535211	0.10714494790075	0.272325474634461
8799	87990	0.102200385679983	0.02	0.345346478873239	0.100522390522425	0.244824088350814
8800	88000	0.141019151563439	0	0.301892957746479	0.086308774807491	0.215584182938988
8801	88010	0.166515172967672	0	0.262876056338028	0.069773336656081	0.193102719681947
8802	88020	0.222832152801677	0	0.231338028169014	0.0591036588286641	0.17223436934035
8803	88030	0.209230586110113	0	0.221704225352113	0.0503449083918927	0.17135931696022
8804	88040	0.193789437019257	0	0.212476056338028	0.0429792318453449	0.169496824492683
8805	88050	0.196140889248736	0	0.203628169014085	0.0368337936468208	0.166794375367264
8806	88060	0.20689044971742	0.04	0.195160563380282	0.031464619269582	0.1636959441107
8807	88070	0.218522093344394	0.01	0.191230985915493	0.0302366412603642	0.160994344655129
8808	88080	0.225002367094152	0	0.18970985915493	0.0269812605023095	0.16272859865262
8809	88090	0.241511915538101	0.01	0.189101408450704	0.0220141871348125	0.167087221315892
8810	88100	0.222071533797375	0.12	0.190901408450704	0.0167195207904842	0.17418188766022
8811	88110	0.219230464514898	0.6	0.192853521126761	0.025576848333229	0.167276672793532
8812	88120	0.352376846972092	0	0.202715492957747	0.0668237918271787	0.135891701130568
8813	88130	0.185426379918086	0	0.243988732394366	0.071542774556507	0.172445957837859
8814	88140	0.136744785056262	0	0.275907042253521	0.066788359247326	0.209118683006195
8815	88150	0.351019219286566	0	0.188087323943662	0.0537663501032347	0.134320973840427
8816	88160	0.525753664318149	0	0.147980281690141	0.0439807809848269	0.103999500705314
8817	88170	0.517885174344833	0	0.130969014084507	0.0325870537560415	0.0983819603284656
8818	88180	0.500130810662773	0	0.123921126760563	0.0284020854063848	0.0955190413541786
8819	88190	0.465801713307892	0	0.122805633802817	0.0242341450909892	0.0985714887118277
8820	88200	0.463868493403493	0	0.118495774647887	0.020280027759227	0.0982157468886604
8821	88210	0.555532145766804	0	0.103208450704225	0.0171271881793659	0.0860812625248595
8822	88220	0.545884214469148	0	0.100470422535211	0.014442981568114	0.0860274409670974
8823	88230	0.672068221717047	0	0.0894929577464789	0.0135107267893356	0.0759822309571432
8824	88240	0.745862413913821	0.12	0.0860704225352113	0.0119131582256961	0.0741572643095152
8825	88250	0.763373374739359	0.36	0.0918760563380281	0.019821470965706	0.0720545853723221
8826	88260	0.757238871716607	0.44	0.115047887323944	0.0463795836937393	0.0686683036302044
8827	88270	0.655035661011687	0	0.159946478873239	0.0774146572005132	0.0825318216727261
8828	88280	0.612713743864167	0.02	0.157233802816901	0.0781660958427686	0.0790677069741328
8829	88290	0.585584320204902	0.08	0.160656338028169	0.0715206976539669	0.0891356403742021
8830	88300	0.63276084971308	0.01	0.151377464788732	0.0633738648353981	0.0880035999533342
8831	88310	0.742668180247351	0	0.131678873239437	0.0554804341448747	0.0761984390945619
8832	88320	0.744392097429285	0.01	0.113577464788732	0.0447048581445038	0.0688726066442286
8833	88330	0.795907317937512	0	0.0997098591549297	0.0396964849699324	0.0600133741849972
8834	88340	0.797865581355769	0	0.0904056338028169	0.0336515301388848	0.0567541036639321
8835	88350	0.867212007120176	0	0.0777802816901408	0.0286210739976181	0.0491592076925227
8836	88360	0.893409766288315	0	0.0709098591549296	0.0246559884247149	0.0462538707302147
8837	88370	0.943075906325762	0	0.0620112676056338	0.0213208312495949	0.0406904363560389
8838	88380	0.991221914352545	0.2	0.0568901408450704	0.0203685076704662	0.0365216331746042
8839	88390	0.994168307809218	0	0.0606169014084507	0.0292809759618689	0.0313359254465818
8840	88400	0.994448498810058	0	0.0597295774647888	0.0250099812274979	0.0347195962372908
8841	88410	0.99534877434136	0.17	0.0567633802816902	0.023502662271379	0.0332607180103112
8842	88420	0.943844157842213	0.38	0.051743661971831	0.0376043662126965	0.0141392957591345
8843	88430	0.795469667685167	0	0.054	0.0632499044607941	-0.00924990446079405
8844	88440	0.880231247080775	0	0.058030985915493	0.0610037230922894	-0.00297273717679641
8845	88450	0.833962348875613	0	0.0549633802816901	0.053828482760339	0.00113489752135115
8846	88460	0	0	0.0507295774647888	0.0432805151814079	0.00744906228338085
8847	88470	0	0	0.047230985915493	0.0328006291672981	0.0144303567481949
8848	88480	0	0	0.0427183098591549	0.0280919701048548	0.0146263397543001
8849	88490	0	0.02	0.0397521126760563	0.0251515223656294	0.0146005903104269
8850	88500	0	0.86	0.0493352112676056	0.0319151606785684	0.0174200505890372
8851	88510	0	0.07	0.15814647887324	0.0884059948174981	0.0697404840557414
8852	88520	0	0	0.208090140845071	0.092778890608409	0.115311250236662
8853	88530	0	0.01	0.159515492957747	0.0850943388751971	0.0744211540825494
8854	88540	0	0	0.1296	0.071466222064771	0.0581337779352293
8855	88550	0	0.09	0.103994366197183	0.0591399579720938	0.0448544082250894
8856	88560	0	0.04	0.0865267605633803	0.0549283247697447	0.0315984357936356
8857	88570	0	0	0.0804929577464789	0.0512542785716116	0.0292386791748672
8858	88580	0	0	0.0959323943661972	0.0466162545619797	0.0493161398042175
8859	88590	0	0	0.0939042253521127	0.0405895800270872	0.0533146453250255
8860	88600	0	0	0.0801126760563381	0.0349193014127269	0.0451933746436111
8861	88610	0	0	0.0685267605633803	0.0287956235193317	0.0397311370440486
8862	88620	0	0	0.0586901408450704	0.0261752906272498	0.0325148502178206
8863	88630	0	0.02	0.0507802816901408	0.0193617729185432	0.0314185087715977
8864	88640	0	0.02	0.0465971830985916	0.0149988420425862	0.0315983410560054
8865	88650	0	0.39	0.047230985915493	0.0148124335820765	0.0324185523334164
8866	88660	0	0	0.0523521126760563	0.0406281789148074	0.011723933761249
8867	88670	0	0	0.0528718309859155	0.045218326315855	0.00765350467006051
8868	88680	0	0	0.0491323943661972	0.0433952696637232	0.00573712470247401
8869	88690	0	0	0.0464197183098592	0.0337944723278507	0.0126252459820085
8870	88700	0	0	0.0433394366197183	0.0290629277837712	0.0142765088359471
8871	88710	0	0	0.0411971830985916	0.0189590523345375	0.0222381307640541
8872	88720	0	0	0.0383577464788732	0.0171832287431347	0.0211745177357385
8873	88730	0	0	0.034174647887324	0.015107632007777	0.019067015879547
8874	88740	0	0	0.0330718309859155	0.0126495909756506	0.0204222400102649
8875	88750	0	0	0.0297633802816902	0.0110201431175914	0.0187432371640988
8876	88760	0	0	0.0286732394366197	0.00869315570958013	0.0199800837270396
8877	88770	0	0	0.0268859154929577	0.00780006002563406	0.0190858554673237
8878	88780	0	0	0.0252633802816901	0.00611749455560105	0.0191458857260891
8879	88790	0	0	0.0247183098591549	0.00380068887319521	0.0209176209859597
8880	88800	0	0.01	0.0228422535211267	0.0018050934357789	0.0210371600853478
8881	88810	0	0	0.0226014084507042	0.00257114444658954	0.0200302640041147
8882	88820	0	0.28	0.022487323943662	0.00733995210232612	0.0151473718413358
8883	88830	0	0.03	0.0226901408450704	0.0273061201491399	-0.00461597930406949
8884	88840	0	1.35	0.0240084507042254	0.0431711356753884	-0.019162684971163
8885	88850	0	0.3	0.0390042253521127	0.138080299519268	-0.0990760741671557
8886	88860	0	0.02	0.118483098591549	0.156222852824203	-0.0377397542326531
8887	88870	0	0	0.153405633802817	0.147145861559423	0.00625977224339427
8888	88880	0	0.02	0.146230985915493	0.123216644395394	0.0230143415200984
8889	88890	0	0.02	0.124783098591549	0.102245080878774	0.0225380177127753
8890	88900	0	0	0.101611267605634	0.086985976600095	0.0146252910055388
8891	88910	0	0.61	0.102308450704225	0.0843298024370323	0.0179786482671931
8892	88920	0	0.83	0.255105633802817	0.124578376899833	0.130527256902983
8893	88930	0	0.12	0.419032394366197	0.174615157578	0.244417236788197
8894	88940	0	0.03	0.396697183098592	0.174828756192431	0.221868426906161
8895	88950	0	0	0.30940985915493	0.155509738618538	0.153900120536391
8896	88960	0	0	0.244660563380282	0.130620198882322	0.11404036449796
8897	88970	0	0	0.193981690140845	0.106101201268055	0.0878804888727897
8898	88980	0	0.01	0.153101408450704	0.0862332148015106	0.0668681936491936
8899	88990	0	0	0.123325352112676	0.0708789448475827	0.0524464072650934
8900	89000	0	0.04	0.102321126760564	0.0613685701175681	0.0409525566429954
8901	89010	0	0.3	0.0892774647887324	0.0648449083858123	0.0244325564029201
8902	89020	0	0.34	0.0903676056338028	0.0857721127713418	0.00459549286246104
8903	89030	0	0	0.0965788732394366	0.0987229973846473	-0.00214412414521065
8904	89040	0	0	0.0942464788732394	0.0947096440235869	-0.0004631651503475
8905	89050	0	0	0.0884281690140845	0.0711588679139033	0.0172693011001813
8906	89060	0	0	0.0789591549295775	0.0512966663641695	0.027662488565408
8907	89070	0	0	0.0702760563380282	0.038739453104397	0.0315366032336312
8908	89080	0	0.43	0.0642295774647887	0.0410683368100161	0.0231612406547727
8909	89090	0	0.99	0.091812676056338	0.082310093930823	0.00950258212551507
8910	89100	0	0.2	0.29860985915493	0.149748012639015	0.148861846515914
8911	89110	0	0	0.295719718309859	0.159904013175293	0.135815705134566
8912	89120	0	0	0.24473661971831	0.142359867501845	0.102376752216465
8913	89130	0	0.04	0.192625352112676	0.113562710387713	0.0790626417249633
8914	89140	0	0.25	0.156245070422535	0.097704103577977	0.0585409668445584
8915	89150	0	0.02	0.159959154929577	0.0998131269958339	0.0601460279337435
8916	89160	0	0	0.156549295774648	0.0906356936478858	0.0659136021267621
8917	89170	0	0.02	0.14020985915493	0.0786564900237587	0.0615533691311709
8918	89180	0	0.12	0.127280281690141	0.0706238696412885	0.0566564120488525
8919	89190	0	0.01	0.122754929577465	0.0703672978829905	0.0523876316944742
8920	89200	0	0.15	0.120714084507042	0.0647218106269885	0.0559922738800538
8921	89210	0	0.01	0.124618309859155	0.0685233248809841	0.0560949849781709
8922	89220	0	0	0.119243661971831	0.0578864845286442	0.0613571774431868
8923	89230	0	0	0.106402816901409	0.0423718224580669	0.0640309944433416
8924	89240	0	0	0.098594366197183	0.0309549924922852	0.0676393737048978
8925	89250	0	0	0.0844225352112676	0.0279249753074187	0.0564975599038489
8926	89260	0	0	0.0754985915492958	0.0303333555145681	0.0451652360347276
8927	89270	0	0	0.0659408450704225	0.0284915415094463	0.0374493035609762
8928	89280	0	0	0.0596915492957746	0.0228846604104647	0.0368068888853099
8929	89290	0	0	0.0542154929577465	0.0176267581830068	0.0365887347747397
8930	89300	0	0	0.0484859154929578	0.00946932363810919	0.0390165918548486
8931	89310	0	0.05	0.0458239436619719	0.00842281288057544	0.0374011307813964
8932	89320	0	0.22	0.0436816901408451	0.013458853087053	0.030222837053792
8933	89330	0	0	0.0409183098591549	0.0266932265219843	0.0142250833371706
8934	89340	0	0	0.0388521126760563	0.026351536854186	0.0125005758218703
8935	89350	0	0	0.0365197183098591	0.02216177107622	0.0143579472336391
8936	89360	0	0	0.0353408450704225	0.018212100306239	0.0171287447641835
8937	89370	0	0.12	0.0330211267605634	0.0166830396622492	0.0163380870983142
8938	89380	0	0.01	0.0333507042253521	0.0233177156249611	0.010032988600391
8939	89390	0	0	0.0319183098591549	0.0219432120029338	0.00997509785622118
8940	89400	0	0	0.0303211267605634	0.0199459456900575	0.0103751810705059
8941	89410	0	0	0.0295859154929578	0.0156785991609139	0.0139073163320439
8942	89420	0	0.08	0.028330985915493	0.0137468864498654	0.0145840994656276
8943	89430	0	0	0.0277352112676057	0.0171936424698216	0.0105415687977841
8944	89440	0	0.16	0.0268732394366197	0.0182602412486177	0.00861299818800201
8945	89450	0	0	0.0269492957746479	0.0269920466195578	-4.27508449099418e-05
8946	89460	0	0	0.0266197183098592	0.0241874739874029	0.00243224432245628
8947	89470	0	0.01	0.0258084507042254	0.0206425595845411	0.00516589111968423
8948	89480	0	0.03	0.0257323943661972	0.0183254597306422	0.00740693463555498
8949	89490	0	0.25	0.0264422535211268	0.0217296533252076	0.00471260019591921
8950	89500	0	0.23	0.031043661971831	0.0393165763841592	-0.00827291441232821
8951	89510	0	0	0.0374957746478873	0.0533245402542914	-0.0158287656064041
8952	89520	0	0	0.039118309859155	0.0501844721382243	-0.0110661622790694
8953	89530	0	0.79	0.0406521126760564	0.0503112268593005	-0.0096591141832441
8954	89540	0	0.14	0.0521492957746479	0.0991879695613365	-0.0470386737866886
8955	89550	0	0	0.0634943661971831	0.105747244969217	-0.042252878772034
8956	89560	0	0.02	0.0650915492957746	0.0980421547535242	-0.0329506054577496
8957	89570	0	0.11	0.0639	0.084890645412876	-0.020990645412876
8958	89580	0	0.03	0.065218309859155	0.0764425527668546	-0.0112242429076996
8959	89590	0	0.03	0.0649014084507042	0.0680585233880567	-0.00315711493735243
8960	89600	0	0	0.0632028169014085	0.0634368677060793	-0.00023405080467083
8961	89610	0	0.26	0.0629112676056338	0.0584062403262953	0.00450502727933849
8962	89620	0	0.19	0.0741802816901409	0.0703419649437085	0.00383831674643238
8963	89630	0	0.09	0.0939169014084507	0.0760629719869675	0.0178539294214833
8964	89640	0	0	0.105857746478873	0.0741385950552406	0.0317191514236326
8965	89650	0	0.24	0.105287323943662	0.0672774738256357	0.0380098501180262
8966	89660	0	0.01	0.10806338028169	0.0744840178805398	0.0335793624011504
8967	89670	0	0.28	0.108012676056338	0.0686660410907422	0.0393466349655958
8968	89680	0	0.2	0.100064788732394	0.0785944193487095	0.0214703693836849
8969	89690	0	0.06	0.103385915492958	0.0855977597941357	0.0177881556988219
8970	89700	0	0.12	0.108735211267606	0.0856742928059727	0.023060918461633
8971	89710	0	0	0.0955014084507042	0.0833128314490191	0.0121885770016851
8972	89720	0	0	0.0885422535211268	0.0703608940639122	0.0181813594572145
8973	89730	0	0	0.098518309859155	0.061830903979445	0.03668740587971
8974	89740	0	0.02	0.101015492957747	0.0485939898486776	0.0524215031090689
8975	89750	0	0	0.0937394366197183	0.0415473284172714	0.0521921082024469
8976	89760	0	0.04	0.086856338028169	0.0342512496081201	0.0526050884200489
8977	89770	0	0	0.0791366197183099	0.0320838663288812	0.0470527533894287
8978	89780	0	0	0.0754859154929577	0.0278633991759024	0.0476225163170553
8979	89790	0	0.01	0.0715816901408451	0.0251633367351654	0.0464183534056797
8980	89800	0	0	0.0677915492957747	0.0212605867891895	0.0465309625065852
8981	89810	0	0	0.0663211267605634	0.0176615987290133	0.0486595280315501
8982	89820	0	0	0.0630507042253521	0.0132136106734243	0.0498370935519278
8983	89830	0	0	0.057574647887324	0.00991069652427249	0.0476639513630514
8984	89840	0	0	0.0542408450704226	0.00822966609371398	0.0460111789767086
8985	89850	0	0	0.0504380281690141	0.00881306645064888	0.0416249617183652
8986	89860	0	0	0.0477760563380282	0.0063225307318927	0.0414535256061355
8987	89870	0	0.01	0.0451774647887324	0.00646306824231899	0.0387143965464134
8988	89880	0	0.01	0.0429211267605634	0.0051652418211266	0.0377558849394368
8989	89890	0	0	0.0416915492957746	0.00373102961225893	0.0379605196835157
8990	89900	0	0	0.0402338028169014	0.00317499208592545	0.037058810730976
8991	89910	0	0.02		0.00211476889978791	
8992	89920	0	0		0.00320243612565122	
8993	89930	0	0.17		0.00494178164911166	
8994	89940	0	0.23		0.0188835216262422	
8995	89950	0	0		0.034605938507733	
8996	89960	0	0.02		0.0344245319130937	
8997	89970	0	0		0.0314676464125979	
8998	89980	0	0		0.0258630176770825	
8999	89990	0	0.03		0.0216912712313395	
9000	90000	0	0.62		0.0273843653086987	
9001	90010	0	0		0.0679014190039477	
9002	90020	0	0.06		0.0680106472657208	
9003	90030	0	0.32		0.069670997784692	
9004	90040	0	0.32		0.0840644207377742	
9005	90050	0	0.19		0.0996598356906834	
9006	90060	0	0		0.104940756907975	
9007	90070	0	0		0.0940579487940476	
9008	90080	0	0		0.0779326630072377	
9009	90090	0	0		0.0636833791943579	
9010	90100	0	0		0.0552496803184298	
9011	90110	0	0		0.0490582137867191	
9012	90120	0	0.02		0.0437443918158725	
9013	90130	0	0.01		0.0381333977485815	
9014	90140	0	0		0.0307149424395008	
9015	90150	0	0		0.0226903068151894	
9016	90160	0	0		0.0198103918326323	
9017	90170	0	0		0.018603242684873	
9018	90180	0	0		0.0146710987457561	
9019	90190	0	0		0.00983292748703671	
9020	90200	0	0		0.0109153737782108	
9021	90210	0	0		0.00760867034171772	
9022	90220	0	0.01		0.00786880749901442	
9023	90230	0	0		0.00764937937252339	
9024	90240	0	0		0.00503093936207782	
9025	90250	0	0		0.00272968800609381	
9026	90260	0	0		0.00096361309864195	
9027	90270	0	0.48		0.00579959482415979	
9028	90280	0				
9029	90290	0				
9030	90300	0				
9031	90310	0				
9032	90320	0				
9033	90330	0				
9034	90340	0				
9035	90350	0				
9036	90360	0				
9037	90370	0				
9038	90380	0				
9039	90390	0				
9040	90400	0				
9041	90410	0				
9042	90420	0				
9043	90430	0				
9044	90440	0				
9045	90450	0				
9046	90460	0				
9047	90470	0				
9048	90480	0				
9049	90490	0				
9050	90500	0				
9051	90510	0				
9052	90520	0				
9053	90530	0				
9054	90540	0				
9055	90550	0				
9056	90560	0				
9057	90570	0				
9058	90580	0				
9059	90590	0				
9060	90600	0				
9061	90610	0				
9062	90620	0				
9063	90630	0				
9064	90640	0				
9065	90650	0				
9066	90660	0				
9067	90670	0				
9068	90680	0				
9069	90690	0				
9070	90700	0				
9071	90710	0				
9072	90720	0				
9073	90730	0				
9074	90740	0				
9075	90750	0				
9076	90760	0				
9077	90770	0				
9078	90780	0				
9079	90790	0				
9080	90800	0				
9081	90810	0				
9082	90820	0				
9083	90830	0				
9084	90840	0				
9085	90850	0				
9086	90860	0				
9087	90870	0				
9088	90880	0				
9089	90890	0				
9090	90900	0				
9091	90910	0				
9092	90920	0				
9093	90930	0				
9094	90940	0				
9095	90950	0				
9096	90960	0				
9097	90970	0				
9098	90980	0				
9099	90990	0				
9100	91000	0				
9101	91010	0				
9102	91020	0				
9103	91030	0				
9104	91040	0				
9105	91050	0				
9106	91060	0				
9107	91070	0				
9108	91080	0				
9109	91090	0				
9110	91100	0				
9111	91110	0				
9112	91120	0				
9113	91130	0				
9114	91140	0				
9115	91150	0				
9116	91160	0				
9117	91170	0				
9118	91180	0				
9119	91190	0				
9120	91200	0				
9121	91210	0				
9122	91220	0				
9123	91230	0				
9124	91240	0				
9125	91250	0				
9126	91260	0				
9127	91270	0				
9128	91280	0				
9129	91290	0				
9130	91300	0				
9131	91310	0				
9132	91320	0				
9133	91330	0				
9134	91340	0				
9135	91350	0				
9136	91360	0				
9137	91370	0				
9138	91380	0				
9139	91390	0				
9140	91400	0				
9141	91410	0				
9142	91420	0				
9143	91430	0				
9144	91440	0				
9145	91450	0				
9146	91460	0				
9147	91470	0				
9148	91480	0				
9149	91490	0				
9150	91500	0				
9151	91510	0				
9152	91520	0				
9153	91530	0				
9154	91540	0				
9155	91550	0				
9156	91560	0				
9157	91570	0				
9158	91580	0				
9159	91590	0				
9160	91600	0				
9161	91610	0				
9162	91620	0				
9163	91630	0				
9164	91640	0				
9165	91650	0				
9166	91660	0				
9167	91670	0				
9168	91680	0				
9169	91690	0				
9170	91700	0				
9171	91710	0				
9172	91720	0				
9173	91730	0				
9174	91740	0				
9175	91750	0				
9176	91760	0				
9177	91770	0				
9178	91780	0				
9179	91790	0				
9180	91800	0				
9181	91810	0				
9182	91820	0				
9183	91830	0				
9184	91840	0				
9185	91850	0				
9186	91860	0				
9187	91870	0				
9188	91880	0				
9189	91890	0				
9190	91900	0				
9191	91910	0				
9192	91920	0				
9193	91930	0				
9194	91940	0				
9195	91950	0				
9196	91960	0				
9197	91970	0				
9198	91980	0				
9199	91990	0				
9200	92000	0				
9201	92010	0				
9202	92020	0				
9203	92030	0				
9204	92040	0				
9205	92050	0				
9206	92060	0				
9207	92070	0				
9208	92080	0				
9209	92090	0				
9210	92100	0				
9211	92110	0				
9212	92120	0				
9213	92130	0				
9214	92140	0				
9215	92150	0				
9216	92160	0				
9217	92170	0				
9218	92180	0				
9219	92190	0				
9220	92200	0				
9221	92210	0				
9222	92220	0				
9223	92230	0				
9224	92240	0				
9225	92250	0				
9226	92260	0				
9227	92270	0				
9228	92280	0				
9229	92290	0				
9230	92300	0				
9231	92310	0				
9232	92320	0				
9233	92330	0				
9234	92340	0				
9235	92350	0				
9236	92360	0				
9237	92370	0				
9238	92380	0				
9239	92390	0				
9240	92400	0				
9241	92410	0				
9242	92420	0				
9243	92430	0				
9244	92440	0				
9245	92450	0				
9246	92460	0				
9247	92470	0				
9248	92480	0				
9249	92490	0				
9250	92500	0				
9251	92510	0				
9252	92520	0				
9253	92530	0				
9254	92540	0				
9255	92550	0				
9256	92560	0				
9257	92570	0				
9258	92580	0				
9259	92590	0				
9260	92600	0				
9261	92610	0				
9262	92620	0				
9263	92630	0				
9264	92640	0				
9265	92650	0				
9266	92660	0				
9267	92670	0				
9268	92680	0				
9269	92690	0				
9270	92700	0				
9271	92710	0				
9272	92720	0				
9273	92730	0				
9274	92740	0				
9275	92750	0				
9276	92760	0				
9277	92770	0				
9278	92780	0				
9279	92790	0				
9280	92800	0				
9281	92810	0				
9282	92820	0				
9283	92830	0				
9284	92840	0				
9285	92850	0				
9286	92860	0				
9287	92870	0				
9288	92880	0				
9289	92890	0				
9290	92900	0				
9291	92910	0				
9292	92920	0				
9293	92930	0				
9294	92940	0				
9295	92950	0				
9296	92960	0				
9297	92970	0				
9298	92980	0				
9299	92990	0				
9300	93000	0				
9301	93010	0				
9302	93020	0				
9303	93030	0				
9304	93040	0				
9305	93050	0				
9306	93060	0				
9307	93070	0				
9308	93080	0				
9309	93090	0				
9310	93100	0				
9311	93110	0				
9312	93120	0				
9313	93130	0				
9314	93140	0				
9315	93150	0				
9316	93160	0				
9317	93170	0				
9318	93180	0				
9319	93190	0				
9320	93200	0				
9321	93210	0				
9322	93220	0				
9323	93230	0				
9324	93240	0				
9325	93250	0				
9326	93260	0				
9327	93270	0				
9328	93280	0				
9329	93290	0				
9330	93300	0				
9331	93310	0				
9332	93320	0				
9333	93330	0				
9334	93340	0				
9335	93350	0				
9336	93360	0				
9337	93370	0				
9338	93380	0				
9339	93390	0				
9340	93400	0				
9341	93410	0				
9342	93420	0				
9343	93430	0				
9344	93440	0				
9345	93450	0				
9346	93460	0				
9347	93470	0				
9348	93480	0				
9349	93490	0				
9350	93500	0				
9351	93510	0				
9352	93520	0				
9353	93530	0				
9354	93540	0				
9355	93550	0				
9356	93560	0				
9357	93570	0				
9358	93580	0				
9359	93590	0				
9360	93600	0				
9361	93610	0				
9362	93620	0				
9363	93630	0				
9364	93640	0				
9365	93650	0				
9366	93660	0				
9367	93670	0				
9368	93680	0				
9369	93690	0				
9370	93700	0				
9371	93710	0				
9372	93720	0				
9373	93730	0				
9374	93740	0				
9375	93750	0				
9376	93760	0				
9377	93770	0				
9378	93780	0				
9379	93790	0				
9380	93800	0				
9381	93810	0				
9382	93820	0				
9383	93830	0				
9384	93840	0				
9385	93850	0				
9386	93860	0				
9387	93870	0				
9388	93880	0				
9389	93890	0				
9390	93900	0				
9391	93910	0				
9392	93920	0				
9393	93930	0				
9394	93940	0				
9395	93950	0				
9396	93960	0				
9397	93970	0				
9398	93980	0				
9399	93990	0				
9400	94000	0				
9401	94010	0				
9402	94020	0				
9403	94030	0				
9404	94040	0				
9405	94050	0				
9406	94060	0				
9407	94070	0				
9408	94080	0				
9409	94090	0				
9410	94100	0				
9411	94110	0				
9412	94120	0				
9413	94130	0				
9414	94140	0				
9415	94150	0				
9416	94160	0				
9417	94170	0				
9418	94180	0				
9419	94190	0				
9420	94200	0				
9421	94210	0				
9422	94220	0				
9423	94230	0				
9424	94240	0				
9425	94250	0				
9426	94260	0				
9427	94270	0				
9428	94280	0				
9429	94290	0				
9430	94300	0				
9431	94310	0				
9432	94320	0				
9433	94330	0				
9434	94340	0				
9435	94350	0				
9436	94360	0				
9437	94370	0				
9438	94380	0				
9439	94390	0				
9440	94400	0				
9441	94410	0				
9442	94420	0				
9443	94430	0				
9444	94440	0				
9445	94450	0				
9446	94460	0				
9447	94470	0				
9448	94480	0				
9449	94490	0				
9450	94500	0				
9451	94510	0				
9452	94520	0				
9453	94530	0				
9454	94540	0				
9455	94550	0				
9456	94560	0				
9457	94570	0				
9458	94580	0				
9459	94590	0				
9460	94600	0				
9461	94610	0				
9462	94620	0				
9463	94630	0				
9464	94640	0				
9465	94650	0				
9466	94660	0				
9467	94670	0				
9468	94680	0				
9469	94690	0				
9470	94700	0				
9471	94710	0				
9472	94720	0				
9473	94730	0				
9474	94740	0				
9475	94750	0				
9476	94760	0				
9477	94770	0				
9478	94780	0				
9479	94790	0				
9480	94800	0				
9481	94810	0				
9482	94820	0				
9483	94830	0				
9484	94840	0				
9485	94850	0				
9486	94860	0				
9487	94870	0				
9488	94880	0				
9489	94890	0				
9490	94900	0				
9491	94910	0				
9492	94920	0				
9493	94930	0				
9494	94940	0				
9495	94950	0				
9496	94960	0				
9497	94970	0				
9498	94980	0				
9499	94990	0				
9500	95000	0				
9501	95010	0				
9502	95020	0				
9503	95030	0				
9504	95040	0				
9505	95050	0				
9506	95060	0				
9507	95070	0				
9508	95080	0				
9509	95090	0				
9510	95100	0				
9511	95110	0				
9512	95120	0				
9513	95130	0				
9514	95140	0				
9515	95150	0				
9516	95160	0				
9517	95170	0				
9518	95180	0				
9519	95190	0				
9520	95200	0				
9521	95210	0				
9522	95220	0				
9523	95230	0				
9524	95240	0				
9525	95250	0				
9526	95260	0				
9527	95270	0				
9528	95280	0				
9529	95290	0				
9530	95300	0				
9531	95310	0				
9532	95320	0				
9533	95330	0				
9534	95340	0				
9535	95350	0				
9536	95360	0				
9537	95370	0				
9538	95380	0				
9539	95390	0				
9540	95400	0				
9541	95410	0				
9542	95420	0				
9543	95430	0				
9544	95440	0				
9545	95450	0				
9546	95460	0				
9547	95470	0				
9548	95480	0				
9549	95490	0				
9550	95500	0				
9551	95510	0				
9552	95520	0				
9553	95530	0				
9554	95540	0				
9555	95550	0				
9556	95560	0				
9557	95570	0				
9558	95580	0				
9559	95590	0				
9560	95600	0				
9561	95610	0				
9562	95620	0				
9563	95630	0				
9564	95640	0				
9565	95650	0				
9566	95660	0				
9567	95670	0				
9568	95680	0				
9569	95690	0				
9570	95700	0				
9571	95710	0				
9572	95720	0				
9573	95730	0				
9574	95740	0				
9575	95750	0				
9576	95760	0				
9577	95770	0				
9578	95780	0				
9579	95790	0				
9580	95800	0				
9581	95810	0				
9582	95820	0				
9583	95830	0				
9584	95840	0				
9585	95850	0				
9586	95860	0				
9587	95870	0				
9588	95880	0				
9589	95890	0				
9590	95900	0				
9591	95910	0				
9592	95920	0				
9593	95930	0				
9594	95940	0				
9595	95950	0				
9596	95960	0				
9597	95970	0				
9598	95980	0				
9599	95990	0				
9600	96000	0				
9601	96010	0				
9602	96020	0		0.00363802816901409		
9603	96030	0		0.00410070422535211		
9604	96040	0		0.00590704225352113		
9605	96050	0		0.0059387323943662		
9606	96060	0		0.00572323943661972		
9607	96070	0		0.00550140845070422		
9608	96080	0		0.00594507042253521		
9609	96090	0		0.00741549295774648		
9610	96100	0		0.00823943661971831		
9611	96110	0		0.00992535211267606		
9612	96120	0		0.017106338028169		
9613	96130	0		0.0268288732394366		
9614	96140	0		0.0312781690140845		
9615	96150	0		0.0342507042253521		
9616	96160	0		0.0523838028169014		
9617	96170	0		0.0212260563380282		
9618	96180	0		0.00515281690140845		
9619	96190	0		0.00472183098591549		
9620	96200	0		0.0086830985915493		
9621	96210	0		0.0321211267605634		
9622	96220	0		0.0259352112676056		
9623	96230	0		0.0322922535211268		
9624	96240	0		0.0294338028169014		
9625	96250	0		0.0246612676056338		
9626	96260	0		0.0209408450704225		
9627	96270	0		0.0181330985915493		
9628	96280	0		0.0164091549295775		
9629	96290	0		0.0144		
9630	96300	0		0.015306338028169		
9631	96310	0		0.0143366197183099		
9632	96320	0		0.0131323943661972		
9633	96330	0		0.0128978873239437		
9634	96340	0		0.0106225352112676		
9635	96350	0		0.00998873239436619		
9636	96360	0		0.0090887323943662		
9637	96370	0		0.0119471830985916		
9638	96380	0		0.0162887323943662		
9639	96390	0	0	0.0224049295774648		
9640	96400	0	0.06	0.029680985915493		
9641	96410	0	0	0.0473070422535211		
9642	96420	0	0	0.214979577464789		
9643	96430	0	0.03	0.282314788732394		
9644	96440	0	0	0.428907042253521		
9645	96450	0	0	0.669714084507042		
9646	96460	0	0	0.638759154929578		
9647	96470	0	0	0.963868309859155		
9648	96480	0	0	0.75902323943662		
9649	96490	0	0.03	0.553297183098592		
9650	96500	0	0.61	0.581279577464789		
9651	96510	0	0.23	0.672997183098592		
9652	96520	0	0.06	0.875332394366197		
9653	96530	0	0.06	0.652943661971831		
9654	96540	0	0.02	0.445747183098591		
9655	96550	0	0	0.36964014084507		
9656	96560	0	0	0.281104225352113		
9657	96570	0	0	0.452383098591549		
9658	96580	0	0	0.377619718309859		
9659	96590	0	0	0.385916197183099	0.0315597644682604	0.354356432714838
9660	96600	0.0356416573116615	0.53	0.430219014084507	0.033053188336319	0.397165825748188
9661	96610	0.0339397992417702	0.02	0.476892253521127	0.065115348603817	0.41177690491731
9662	96620	0	0.03	0.512429577464789	0.0662189682611856	0.446210609203603
9663	96630	0.0459111163790243	0.08	0.427531690140845	0.0630271601681844	0.364504529972661
9664	96640	0	0.14	0.362452816901408	0.0571364519206562	0.305316364980752
9665	96650	0	0.95	0.328354225352113	0.065055399873495	0.263298825478618
9666	96660	0.164715526532708	0	0.333171126760563	0.123609251332584	0.209561875427979
9667	96670	0	0	0.31519014084507	0.124574686028225	0.190615454816845
9668	96680	0.257648897374022	0	0.266590140845071	0.114161028584501	0.15242911226057
9669	96690	0.4064774504247	0	0.218395774647887	0.0933492412145564	0.125046533433331
9670	96700	0.44761499274891	0.01	0.193911971830986	0.0782278025856014	0.115684169245384
9671	96710	0.326039752001417	0.19	0.201485915492958	0.0655011206704053	0.135984794822553
9672	96720	0.339560214119175	0.39	0.205726056338028	0.0755736438692269	0.130152412468801
9673	96730	0.354614592190032	0	0.224714788732394	0.0940288370234225	0.130685951708972
9674	96740	0.13738614283607	0.26	0.294642253521127	0.0877573015339783	0.206884951987148
9675	96750	0.0824101876255337	0.14	0.368721126760563	0.0942659925774811	0.274455134183082
9676	96760	0.0633415271568576	0	0.401989436619718	0.0919465752111005	0.310042861408618
9677	96770	0.0558653863043076	0	0.415609859154929	0.0848797571311765	0.330730102023753
9678	96780	0.0704227691059609	0	0.383609154929577	0.0723397517743513	0.311269403155226
9679	96790	0.0902496509672659	0	0.331117605633803	0.0567385160247123	0.27437908960909
9680	96800	0.119156029413095	0	0.280793661971831	0.0455439249246204	0.235249737047211
9681	96810	0.154250729338848	0	0.240819718309859	0.0372052377768929	0.203614480532966
9682	96820	0.205415686948541	0	0.204705633802817	0.0370491063520733	0.167656527450744
9683	96830	0.269207121162764	0	0.175385915492958	0.0337303498606371	0.141655565632321
9684	96840	0.387032196013783	0	0.149666197183099	0.027220632600647	0.122445564582452
9685	96850	0.586571413075153	0	0.128326056338028	0.0234979308195412	0.104828125518487
9686	96860	0.525989672768544	0	0.109755633802817	0.0120431412695763	0.0977124925332406
9687	96870	0.645237225873757	0	0.0920788732394366	0.0087646705319074	0.0833142027075292
9688	96880	0.729146026697341	0	0.0837	0.0076175090528516	0.0760824909471484
9689	96890	0.746257097998758	0	0.0751880281690141	0.00735497871146621	0.0678330494575479
9690	96900	0.786746272803784	0.34	0.0717084507042254	0.0100357576904586	0.0616726930137668
9691	96910	0.749139441781269	0.02	0.106611971830986	0.0337083918771821	0.072903579953804
9692	96920	0.218756196999621	0.13	0.198038028169014	0.0377933283817879	0.160244699787226
9693	96930	0.209462411774894	0.32	0.208311971830986	0.0445955892649793	0.163716382566007
9694	96940	0.353779028754242	0.09	0.19240985915493	0.0628510887285288	0.129558770426401
9695	96950	0.431730912114915	0.04	0.168433098591549	0.0635588338843731	0.104874264707176
9696	96960	0	0	0.146142253521127	0.058833039572393	0.0873092139487338
9697	96970	0.687612650086409	0	0.12612676056338	0.0507765515777524	0.0753502089856278
9698	96980	0.755767794417956	0	0.106884507042254	0.0422096323141282	0.0646748747281254
9699	96990	0.828471751187882	0	0.0925985915492958	0.0356182465347534	0.0569803450145424
9700	97000	0.854272236999897	0	0.0840802816901409	0.031068302854679	0.0530119788354619
9701	97010	0.819461002900038	0.12	0.081424647887324	0.0277616735333	0.053662974354024
9702	97020	0.825992047414221	0.02	0.0893598591549296	0.0330193614308911	0.0563404977240385
9703	97030	0.876042267927428	0	0.0834401408450704	0.0310429314152674	0.0523972094298031
9704	97040	0.890637666942623	0	0.0784521126760563	0.0264436833269979	0.0520084293490585
9705	97050	0.894732733078527	0	0.0738507042253521	0.0212064295989387	0.0526442746264134
9706	97060	0.928983410901465	0	0.0695852112676056	0.0170930202545785	0.0524921910130271
9707	97070	0.917331194309342	0	0.0669169014084507	0.0145106589876546	0.0524062424207961
9708	97080	0.883898262073656	0	0.0649711267605634	0.0119682083139369	0.0530029184466265
9709	97090	0.876695909209397	0.38	0.0667901408450704	0.0139794037684581	0.0528107370766124
9710	97100	0.9062110822097	0.04	0.0971366197183099	0.0416975397842573	0.0554390799340526
9711	97110	0.732984561268224	0.07	0.106282394366197	0.0437115012978646	0.0625708930683327
9712	97120	0.780643339269466	0.26	0.111035915492958	0.0480134644777648	0.0630224510151929
9713	97130	0.879364671774088	0.09	0.120644366197183	0.0603468606970469	0.0602975055001363
9714	97140	0.873758627397785	0.05	0.110788732394366	0.0593475839902007	0.0514411484041655
9715	97150	0.932554725532327	0.06	0.104247887323944	0.0562945099679268	0.047953377356017
9716	97160	0.961290071654798	0	0.0948485915492958	0.052620918777712	0.0422276727715838
9717	97170	0.958625131734969	0	0.0839661971830986	0.0450153626395208	0.0389508345435778
9718	97180	0.984550785867702	0	0.0721521126760564	0.0388759524315622	0.0332761602444942
9719	97190	0.994195289965874	0	0.0632598591549296	0.0338581974871857	0.0294016616677439
9720	97200	0.986103052505646	0	0.0578091549295775	0.0284598896182567	0.0293492653113208
9721	97210	0.999205944293882	0.81	0.0538098591549296	0.0339334980257964	0.0198763611291332
9722	97220	0	0.15	0.0601542253521127	0.0865959732842407	-0.026441747932128
9723	97230	0	0.01	0.0621633802816901	0.0952884787618613	-0.0331250984801711
9724	97240	0	0.56	0.0684443661971831	0.0941975699498133	-0.0257532037526302
9725	97250	0	0.12	0.139956338028169	0.119107694044594	0.0208486439835748
9726	97260	0	0.38	0.163603521126761	0.120293279803593	0.0433102413231677
9727	97270	0	0.28	0.224093661971831	0.136548256015395	0.0875454059564358
9728	97280	0	1.17	0.244375352112676	0.15452083886734	0.0898545132453358
9729	97290	0	0.25	0.273073943661972	0.223693086220608	0.0493808574413633
9730	97300	0	0	0.252817605633803	0.224079378243289	0.0287382273905135
9731	97310	0	0	0.21175985915493	0.201854675433083	0.00990518372184601
9732	97320	0	0	0.170683098591549	0.169059438065335	0.00162366052621435
9733	97330	0	0	0.135716197183099	0.140307975747207	-0.00459177856410789
9734	97340	0	0	0.102238732394366	0.117706659499049	-0.0154679271046829
9735	97350	0	0	0.0825274647887324	0.0997875970023015	-0.0172601322135691
9736	97360	0	0	0.0703901408450704	0.0823954180683772	-0.0120052772233068
9737	97370	0	0	0.0615929577464789	0.0692288033579235	-0.00763584561144463
9738	97380	0	0	0.0546464788732394	0.0618410433061259	-0.00719456443288651
9739	97390	0	0	0.0487901408450704	0.0522198351572592	-0.00342969431218881
9740	97400	0	0	0.0447845070422535	0.0435644788085074	0.00122002823374612
9741	97410	0	0.01	0.040043661971831	0.038718888053951	0.00132477391787997
9742	97420	0	0	0.0376288732394366	0.0254572309578816	0.012171642281555
9743	97430	0	0	0.0350112676056338	0.0163204910276773	0.0186907765779566
9744	97440	0	0	0.0326471830985915	0.0169422220228557	0.0157049610757359
9745	97450	0	0.07	0.0314746478873239	0.0178028801457937	0.0136717677415302
9746	97460	0	0	0.0302260563380282	0.0238500008604191	0.00637605547760909
9747	97470	0	0	0.0291485915492958	0.0178735816516633	0.0112750098976325
9748	97480	0	0.55	0.028362676056338	0.0222389718429894	0.00612370421334858
9749	97490	0	1.21	0.0433140845070423	0.0632575182803983	-0.0199434337733561
9750	97500	0	0.16	0.150268309859155	0.147200130353416	0.0030681795057389
9751	97510	0	0.01	0.191947183098592	0.158823385706546	0.0331237973920459
9752	97520	0	0.05	0.169060563380282	0.145467020397246	0.0235935429830356
9753	97530	0	0.23	0.137566901408451	0.125495608983543	0.0120712924249073
9754	97540	0	0.72	0.116410563380282	0.126903845130426	-0.010493281750144
9755	97550	0	0.17	0.119757042253521	0.164480941613199	-0.0447238993596783
9756	97560	0	0.02	0.126830281690141	0.167651013344137	-0.0408207316539962
9757	97570	0	0	0.125657746478873	0.151246365840744	-0.0255886193618711
9758	97580	0	0.08	0.106314084507042	0.127961443858825	-0.0216473593517823
9759	97590	0	0.04	0.0892204225352113	0.112021487501831	-0.0228010649666194
9760	97600	0	0.05	0.0778816901408451	0.0995927053699448	-0.0217110152290998
9761	97610	0	0	0.0667521126760564	0.0929933059345581	-0.0262411932585018
9762	97620	0	0.01	0.0587091549295775	0.0780841970466592	-0.0193750421170817
9763	97630	0	0.06	0.0520985915492958	0.0613353201594064	-0.00923672861011057
9764	97640	0	0.08	0.0481119718309859	0.0516288176849512	-0.00351684585396527
9765	97650	0	0.28	0.0464197183098592	0.0564505656962123	-0.0100308473863531
9766	97660	0	0.03	0.0488725352112676	0.0777768821209295	-0.0289043469096618
9767	97670	0	0.73	0.0515852112676056	0.0822051949155912	-0.0306199836479855
9768	97680	0	0.44	0.0656239436619718	0.123848179898876	-0.0582242362369038
9769	97690	0	0	0.108849295774648	0.142429401404755	-0.0335801056301075
9770	97700	0	0	0.123090845070423	0.12545260872495	-0.00236176365452703
9771	97710	0	0.05	0.100457746478873	0.111001939680617	-0.0105441932017433
9772	97720	0	0.11	0.0822612676056338	0.098306041053292	-0.0160447734476582
9773	97730	0	0.26	0.0730901408450704	0.0920519713532563	-0.0189618305081859
9774	97740	0	0.48	0.0774950704225352	0.105163538821812	-0.0276684683992766
9775	97750	0	0.03	0.110326056338028	0.125369354836171	-0.0150432984981428
9776	97760	0	0.13	0.114357042253521	0.11799613696043	-0.00363909470690869
9777	97770	0	0.42	0.108950704225352	0.116905585073845	-0.00795488084849307
9778	97780	0	0.2	0.136787323943662	0.130304382796362	0.00648294114730047
9779	97790	0	0.04	0.141737323943662	0.130655024641746	0.011082299301916
9780	97800	0	0.01	0.130474647887324	0.119011430215952	0.0114632176713719
9781	97810	0	0.61	0.123762676056338	0.107329505206415	0.016433170849923
9782	97820	0	0	0.128408450704225	0.129698658356418	-0.00129020765219298
9783	97830	0	0.01	0.111175352112676	0.118502430540047	-0.00732707842737029
9784	97840	0	0	0.111625352112676	0.109917360983101	0.00170799112957451
9785	97850	0	0	0.122830985915493	0.0964159144189857	0.0264150714965073
9786	97860	0	0	0.113995774647888	0.0782802479122767	0.0357155267356108
9787	97870	0	0	0.112328873239437	0.0652828774872374	0.0470459957521994
9788	97880	0	0	0.103892957746479	0.051088479754275	0.0528044779922041
9789	97890	0	0	0.0905767605633803	0.0398829390200624	0.0506938215433179
9790	97900	0	0	0.0818683098591549	0.0350076935490978	0.0468606163100571
9791	97910	0	0	0.0717084507042254	0.0308405600627456	0.0408678906414797
9792	97920	0	0	0.0630633802816902	0.0242726139893338	0.0387907662923563
9793	97930	0	0	0.0568647887323944	0.0207651396022603	0.0360996491301341
9794	97940	0	0	0.0502605633802817	0.0189092319058437	0.031351331474438
9795	97950	0	0	0.0458176056338028	0.0127333307223886	0.0330842749114142
9796	97960	0	0.17	0.0418880281690141	0.0100720961248243	0.0318159320441897
9797	97970	0	0.38	0.0411908450704225	0.0248064364210875	0.016384408649335
9798	97980	0	0.92	0.0497788732394366	0.061043521610554	-0.0112646483711174
9799	97990	0	1.36	0.11507323943662	0.138435224504042	-0.0233619850674221
9800	98000	0	0.21	0.26537323943662	0.230417530071924	0.0349557093646959
9801	98010	0	0	0.28382323943662	0.23768101526742	0.0461422241691996
9802	98020	0	0	0.247576056338028	0.206450654898145	0.0411254014398836
9803	98030	0	0	0.207716197183099	0.170208339829656	0.0375078573534431
9804	98040	0	0.01	0.17022676056338	0.140495101601071	0.0297316589623092
9805	98050	0	0	0.139652112676056	0.121242419647526	0.0184096930285303
9806	98060	0	0.01	0.110680985915493	0.107021645127535	0.00365934078795807
9807	98070	0	0	0.0896070422535211	0.0923697454837949	-0.00276270323027379
9808	98080	0	0	0.0778943661971831	0.07885435436785	-0.000959988170666878
9809	98090	0	0.01	0.0680070422535211	0.0675547240108999	0.000452318242621222
9810	98100	0	0	0.0613330985915493	0.0582836514670803	0.00304944712446899
9811	98110	0	0	0.0554640845070423	0.0493752700723042	0.00608881443473807
9812	98120	0	0	0.0513633802816902	0.0365388304614265	0.0148245498202637
9813	98130	0	0	0.0471612676056338	0.0234109558235504	0.0237503117820834
9814	98140	0	0	0.043656338028169	0.0162238091178675	0.0274325289103015
9815	98150	0	0	0.0402464788732394	0.0188484313307679	0.0213980475424715
9816	98160	0	0.01	0.0376542253521127	0.0252174823189578	0.0124367430331549
9817	98170	0	0	0.0360633802816901	0.0246230283614473	0.0114403519202428
9818	98180	0	0	0.0336169014084507	0.0187622388471913	0.0148546625612594
9819	98190	0	0	0.0321971830985916	0.0129903288669377	0.0192068542316538
9820	98200	0	0	0.0303845070422535	0.00257740958962491	0.0278070974526286
9821	98210	0	0	0.0289140845070423	0.000809323686078671	0.0281047608209636
9822	98220	0	0	0.0278683098591549	0.000702372776219208	0.0271659370829357
9823	98230	0	0	0.0264612676056338	0.000621927240058353	0.0258393403655755
9824	98240	0	0	0.0257704225352113	0.000538129942517011	0.0252322925926943
9825	98250	0	0	0.0247943661971831	0.000375509270104726	0.0244188569270784
9826	98260	0	0	0.0241732394366197	0.000398299911384357	0.0237749395252354
9827	98270	0	0	0.0235267605633803	0.000292454767029982	0.0232343057963503
9828	98280	0	0	0.0226204225352113	0.000248314607602424	0.0223721079276088
9829	98290	0	0	0.0221070422535211	0.000227442174449767	0.0218796000790714
9830	98300	0	0.01	0.0214859154929577	0.000200514128205041	0.0212854013647527
9831	98310	0	0	0.021156338028169	0.000831711355000007	0.020324626673169
9832	98320	0	0	0.0207823943661972	0.000865436917723917	0.0199169574484733
9833	98330	0	0	0.0204654929577465	0.000855334249382171	0.0196101587083643
9834	98340	0	0	0.0200915492957747	0.000720951293599693	0.019370598002175
9835	98350	0	0	0.0194577464788732	0.000562930280575977	0.0188948161982973
9836	98360	0	0	0.0192169014084507	0.000498266662136851	0.0187186347463139
9837	98370	0	0	0.018868309859155	0.000385195770822076	0.0184831140883329
9838	98380	0	0.16	0.0189697183098592	0.00203820575406376	0.0169315125557954
9839	98390	0	0.06	0.0193183098591549	0.0136274170413102	0.00569089281784468
9840	98400	0	0	0.0190711267605634	0.0182675561197271	0.000803570640836339
9841	98410	0	0	0.0188366197183099	0.0175406715191979	0.00129594819911195
9842	98420	0	0	0.0243507042253521	0.0148444510016903	0.0095062532236618
9843	98430	0	0	0.0349985915492958	0.0119408984970504	0.0230576930522454
9844	98440	0	0.01	0.0276591549295775	0.00994855255545858	0.0177106023741189
9845	98450	0	0.35	0.0250669014084507	0.0132604276760649	0.0118064737323858
9846	98460	0	0.36	0.0254471830985916	0.0400793642548826	-0.014632181156291
9847	98470	0	0.12	0.043662676056338	0.0661670134977967	-0.0225043374414587
9848	98480	0	0.01	0.050869014084507	0.0727481532638629	-0.0218791391793559
9849	98490	0	0	0.0489169014084507	0.0656458965757465	-0.0167289951672958
9850	98500	0	0.17	0.0465908450704225	0.0567221833762827	-0.0101313383058602
9851	98510	0	0.08	0.0548176056338028	0.0593661572909927	-0.0045485516571899
9852	98520	0	0	0.0601288732394366	0.0584621746594124	0.00166669858002425
9853	98530	0	0	0.0598943661971831	0.0521341073204693	0.00776025887671377
9854	98540	0	0	0.0569788732394366	0.0444857030282162	0.0124931702112205
9855	98550	0	0.01	0.0532711267605634	0.038084173369542	0.0151869533910214
9856	98560	0	0.01	0.0493225352112676	0.0334518366896865	0.0158706985215811
9857	98570	0	0	0.0455577464788732	0.0300524059678224	0.0155053405110508
9858	98580	0	0.74	0.0431683098591549	0.0344871528851176	0.00868115697403736
9859	98590	0	0.18	0.0504316901408451	0.0810876335450339	-0.0306559434041888
9860	98600	0	0.12	0.0615042253521127	0.0910424100026605	-0.0295381846505478
9861	98610	0	0	0.0649838028169014	0.0918349544004791	-0.0268511515835777
9862	98620	0	0.06	0.06345	0.0812445120134005	-0.0177945120134004
9863	98630	0	0.06	0.0624612676056338	0.0746920265139812	-0.0122307589083474
9864	98640	0	0.01	0.0620049295774648	0.0675912092082577	-0.00558627963079293
9865	98650	0	0.69	0.0607119718309859	0.0679043252456077	-0.00719235341462183
9866	98660	0	0	0.0580880281690141	0.105291110370013	-0.0472030822009991
9867	98670	0	0.13	0.0541267605633803	0.100317823882542	-0.046191063319162
9868	98680	0	0	0.0541774647887324	0.0991342827300899	-0.0449568179413575
9869	98690	0	0	0.0548429577464789	0.0836186770421908	-0.0287757192957119
9870	98700	0	0.01	0.0518704225352113	0.0717358775112658	-0.0198654549760545
9871	98710	0	0	0.051762676056338	0.0595556022955653	-0.0077929262392273
9872	98720	0	0.09	0.0493352112676056	0.0503290333903404	-0.000993822122734744
9873	98730	0	0.01	0.0488788732394366	0.0455049356081531	0.00337393763128354
9874	98740	0	0.34	0.0476112676056338	0.0439212460144888	0.00369002159114503
9875	98750	0	0	0.045462676056338	0.0655923804863054	-0.0201297044299673
9876	98760	0	0	0.0429654929577465	0.0629299681592385	-0.019964475201492
9877	98770	0	0		0.0559867269945278	
9878	98780	0	0		0.0473276959634498	
9879	98790	0	0		0.0330091849334962	
9880	98800	0	0.04		0.0248837591029144	
9881	98810	0	0.01		0.0241614391658516	
9882	98820	0	0.17		0.0267982964593387	
9883	98830	0	0		0.03659053357696	
9884	98840	0	0.26		0.0355868929731909	
9885	98850	0	0.01		0.0513975786325734	
9886	98860	0	0.01		0.0434796664318357	
9887	98870	0	0		0.0388435860457642	
9888	98880	0	0		0.0303829284695037	
9889	98890	0	0		0.0245550418712561	
9890	98900	0	0		0.0211451820586904	
9891	98910	0	0		0.0201359153488472	
9892	98920	0	0		0.0183348620890615	
9893	98930	0	0		0.0142405364703578	
9894	98940	0	0		0.0131546997035876	
9895	98950	0	0		0.00845183323911345	
9896	98960	0	0		0.007087008893039	
9897	98970	0	0		0.00529090720769038	
9898	98980	0	0		0.00385447411063694	
9899	98990	0	0		0.00295402158264091	
9900	99000	0	0		0.00306123338655424	
9901	99010	0	0		0.00332371420302618	
9902	99020	0	0.13		0.00528675742992026	
9903	99030	0	0		0.0120835775078918	
9904	99040	0	0		0.0129420201955241	
9905	99050	0	0		0.0101881647172388	
9906	99060	0	0		0.00821731497679197	
9907	99070	0	0		0.00652749258323237	
9908	99080	0	0		0.00547247150343136	
9909	99090	0	0		0.00500754502068699	
9910	99100	0	0		0.00427141179836584	
9911	99110	0	0		0.00361675717891013	
9912	99120	0				
9913	99130	0				
9914	99140	0				
9915	99150	0				
9916	99160	0				
9917	99170	0				
9918	99180	0				
9919	99190	0				
9920	99200	0				
9921	99210	0				
9922	99220	0				
9923	99230	0				
9924	99240	0				
9925	99250	0				
9926	99260	0				
9927	99270	0				
9928	99280	0				
9929	99290	0				
9930	99300	0				
9931	99310	0				
9932	99320	0				
9933	99330	0				
9934	99340	0				
9935	99350	0				
9936	99360	0				
9937	99370	0				
9938	99380	0				
9939	99390	0				
9940	99400	0				
9941	99410	0				
9942	99420	0				
9943	99430	0				
9944	99440	0				
9945	99450	0				
9946	99460	0				
9947	99470	0				
9948	99480	0				
9949	99490	0				
9950	99500	0				
9951	99510	0				
9952	99520	0				
9953	99530	0				
9954	99540	0				
9955	99550	0				
9956	99560	0				
9957	99570	0				
9958	99580	0				
9959	99590	0				
9960	99600	0				
9961	99610	0				
9962	99620	0				
9963	99630	0				
9964	99640	0				
9965	99650	0				
9966	99660	0				
9967	99670	0				
9968	99680	0				
9969	99690	0				
9970	99700	0				
9971	99710	0				
9972	99720	0				
9973	99730	0				
9974	99740	0				
9975	99750	0				
9976	99760	0				
9977	99770	0				
9978	99780	0				
9979	99790	0				
9980	99800	0				
9981	99810	0				
9982	99820	0				
9983	99830	0				
9984	99840	0				
9985	99850	0				
9986	99860	0				
9987	99870	0				
9988	99880	0				
9989	99890	0				
9990	99900	0				
9991	99910	0				
9992	99920	0				
9993	99930	0				
9994	99940	0				
9995	99950	0				
9996	99960	0				
9997	99970	0				
9998	99980	0				
9999	99990	0				
10000	1e+05	0				
10001	100010	0				
10002	100020	0				
10003	100030	0				
10004	100040	0				
10005	100050	0				
10006	100060	0				
10007	100070	0				
10008	100080	0				
10009	100090	0				
10010	100100	0				
10011	100110	0				
10012	100120	0				
10013	100130	0				
10014	100140	0				
10015	100150	0				
10016	100160	0				
10017	100170	0				
10018	100180	0				
10019	100190	0				
10020	100200	0				
10021	100210	0				
10022	100220	0				
10023	100230	0				
10024	100240	0				
10025	100250	0				
10026	100260	0				
10027	100270	0				
10028	100280	0				
10029	100290	0				
10030	100300	0				
10031	100310	0				
10032	100320	0				
10033	100330	0				
10034	100340	0				
10035	100350	0				
10036	100360	0				
10037	100370	0				
10038	100380	0				
10039	100390	0				
10040	100400	0				
10041	100410	0				
10042	100420	0				
10043	100430	0				
10044	100440	0				
10045	100450	0				
10046	100460	0				
10047	100470	0				
10048	100480	0				
10049	100490	0				
10050	100500	0				
10051	100510	0				
10052	100520	0				
10053	100530	0				
10054	100540	0				
10055	100550	0				
10056	100560	0				
10057	100570	0				
10058	100580	0				
10059	100590	0				
10060	100600	0				
10061	100610	0				
10062	100620	0				
10063	100630	0				
10064	100640	0				
10065	100650	0				
10066	100660	0				
10067	100670	0				
10068	100680	0				
10069	100690	0				
10070	100700	0				
10071	100710	0				
10072	100720	0				
10073	100730	0				
10074	100740	0				
10075	100750	0				
10076	100760	0				
10077	100770	0				
10078	100780	0				
10079	100790	0				
10080	100800	0				
10081	100810	0				
10082	100820	0				
10083	100830	0				
10084	100840	0				
10085	100850	0				
10086	100860	0				
10087	100870	0				
10088	100880	0				
10089	100890	0				
10090	100900	0				
10091	100910	0				
10092	100920	0				
10093	100930	0				
10094	100940	0				
10095	100950	0				
10096	100960	0				
10097	100970	0				
10098	100980	0				
10099	100990	0				
10100	101000	0				
10101	101010	0				
10102	101020	0				
10103	101030	0				
10104	101040	0				
10105	101050	0				
10106	101060	0				
10107	101070	0				
10108	101080	0				
10109	101090	0				
10110	101100	0				
10111	101110	0				
10112	101120	0				
10113	101130	0				
10114	101140	0				
10115	101150	0				
10116	101160	0				
10117	101170	0				
10118	101180	0				
10119	101190	0				
10120	101200	0				
10121	101210	0				
10122	101220	0				
10123	101230	0				
10124	101240	0				
10125	101250	0				
10126	101260	0				
10127	101270	0				
10128	101280	0				
10129	101290	0				
10130	101300	0				
10131	101310	0				
10132	101320	0				
10133	101330	0				
10134	101340	0				
10135	101350	0				
10136	101360	0				
10137	101370	0				
10138	101380	0				
10139	101390	0				
10140	101400	0				
10141	101410	0				
10142	101420	0				
10143	101430	0				
10144	101440	0				
10145	101450	0				
10146	101460	0				
10147	101470	0				
10148	101480	0				
10149	101490	0				
10150	101500	0				
10151	101510	0				
10152	101520	0				
10153	101530	0				
10154	101540	0				
10155	101550	0				
10156	101560	0				
10157	101570	0				
10158	101580	0				
10159	101590	0				
10160	101600	0				
10161	101610	0				
10162	101620	0				
10163	101630	0				
10164	101640	0				
10165	101650	0				
10166	101660	0				
10167	101670	0				
10168	101680	0				
10169	101690	0				
10170	101700	0				
10171	101710	0				
10172	101720	0				
10173	101730	0				
10174	101740	0				
10175	101750	0				
10176	101760	0				
10177	101770	0				
10178	101780	0				
10179	101790	0				
10180	101800	0				
10181	101810	0				
10182	101820	0				
10183	101830	0				
10184	101840	0				
10185	101850	0				
10186	101860	0				
10187	101870	0				
10188	101880	0				
10189	101890	0				
10190	101900	0				
10191	101910	0				
10192	101920	0				
10193	101930	0				
10194	101940	0				
10195	101950	0				
10196	101960	0				
10197	101970	0				
10198	101980	0				
10199	101990	0				
10200	102000	0				
10201	102010	0				
10202	102020	0				
10203	102030	0				
10204	102040	0				
10205	102050	0				
10206	102060	0				
10207	102070	0				
10208	102080	0				
10209	102090	0				
10210	102100	0				
10211	102110	0				
10212	102120	0				
10213	102130	0				
10214	102140	0				
10215	102150	0				
10216	102160	0				
10217	102170	0				
10218	102180	0				
10219	102190	0				
10220	102200	0				
10221	102210	0				
10222	102220	0				
10223	102230	0				
10224	102240	0				
10225	102250	0				
10226	102260	0				
10227	102270	0				
10228	102280	0				
10229	102290	0				
10230	102300	0				
10231	102310	0				
10232	102320	0				
10233	102330	0				
10234	102340	0				
10235	102350	0				
10236	102360	0				
10237	102370	0				
10238	102380	0				
10239	102390	0				
10240	102400	0				
10241	102410	0				
10242	102420	0				
10243	102430	0				
10244	102440	0				
10245	102450	0				
10246	102460	0				
10247	102470	0				
10248	102480	0				
10249	102490	0				
10250	102500	0				
10251	102510	0				
10252	102520	0				
10253	102530	0				
10254	102540	0				
10255	102550	0				
10256	102560	0				
10257	102570	0				
10258	102580	0				
10259	102590	0				
10260	102600	0				
10261	102610	0				
10262	102620	0				
10263	102630	0				
10264	102640	0				
10265	102650	0				
10266	102660	0				
10267	102670	0				
10268	102680	0				
10269	102690	0				
10270	102700	0				
10271	102710	0				
10272	102720	0				
10273	102730	0				
10274	102740	0				
10275	102750	0				
10276	102760	0				
10277	102770	0				
10278	102780	0				
10279	102790	0				
10280	102800	0				
10281	102810	0				
10282	102820	0				
10283	102830	0				
10284	102840	0				
10285	102850	0				
10286	102860	0				
10287	102870	0				
10288	102880	0				
10289	102890	0				
10290	102900	0				
10291	102910	0				
10292	102920	0				
10293	102930	0				
10294	102940	0				
10295	102950	0				
10296	102960	0				
10297	102970	0				
10298	102980	0				
10299	102990	0				
10300	103000	0				
10301	103010	0				
10302	103020	0				
10303	103030	0				
10304	103040	0				
10305	103050	0				
10306	103060	0				
10307	103070	0				
10308	103080	0				
10309	103090	0				
10310	103100	0				
10311	103110	0				
10312	103120	0				
10313	103130	0				
10314	103140	0				
10315	103150	0				
10316	103160	0				
10317	103170	0				
10318	103180	0				
10319	103190	0				
10320	103200	0				
10321	103210	0				
10322	103220	0				
10323	103230	0				
10324	103240	0				
10325	103250	0				
10326	103260	0				
10327	103270	0				
10328	103280	0				
10329	103290	0				
10330	103300	0				
10331	103310	0				
10332	103320	0				
10333	103330	0				
10334	103340	0				
10335	103350	0				
10336	103360	0				
10337	103370	0				
10338	103380	0				
10339	103390	0				
10340	103400	0				
10341	103410	0				
10342	103420	0				
10343	103430	0				
10344	103440	0				
10345	103450	0				
10346	103460	0				
10347	103470	0				
10348	103480	0				
10349	103490	0				
10350	103500	0				
10351	103510	0				
10352	103520	0				
10353	103530	0				
10354	103540	0				
10355	103550	0				
10356	103560	0				
10357	103570	0				
10358	103580	0				
10359	103590	0				
10360	103600	0				
10361	103610	0				
10362	103620	0				
10363	103630	0				
10364	103640	0				
10365	103650	0				
10366	103660	0				
10367	103670	0				
10368	103680	0				
10369	103690	0				
10370	103700	0				
10371	103710	0				
10372	103720	0				
10373	103730	0				
10374	103740	0				
10375	103750	0				
10376	103760	0				
10377	103770	0				
10378	103780	0				
10379	103790	0				
10380	103800	0				
10381	103810	0				
10382	103820	0				
10383	103830	0				
10384	103840	0				
10385	103850	0				
10386	103860	0				
10387	103870	0				
10388	103880	0				
10389	103890	0				
10390	103900	0				
10391	103910	0				
10392	103920	0				
10393	103930	0				
10394	103940	0				
10395	103950	0				
10396	103960	0				
10397	103970	0				
10398	103980	0				
10399	103990	0				
10400	104000	0				
10401	104010	0				
10402	104020	0				
10403	104030	0				
10404	104040	0				
10405	104050	0				
10406	104060	0				
10407	104070	0				
10408	104080	0				
10409	104090	0				
10410	104100	0				
10411	104110	0				
10412	104120	0				
10413	104130	0				
10414	104140	0				
10415	104150	0				
10416	104160	0				
10417	104170	0				
10418	104180	0				
10419	104190	0				
10420	104200	0				
10421	104210	0				
10422	104220	0				
10423	104230	0				
10424	104240	0				
10425	104250	0				
10426	104260	0				
10427	104270	0				
10428	104280	0				
10429	104290	0				
10430	104300	0				
10431	104310	0				
10432	104320	0				
10433	104330	0				
10434	104340	0				
10435	104350	0				
10436	104360	0				
10437	104370	0				
10438	104380	0				
10439	104390	0				
10440	104400	0				
10441	104410	0				
10442	104420	0				
10443	104430	0				
10444	104440	0				
10445	104450	0				
10446	104460	0				
10447	104470	0				
10448	104480	0				
10449	104490	0				
10450	104500	0				
10451	104510	0				
10452	104520	0				
10453	104530	0				
10454	104540	0				
10455	104550	0				
10456	104560	0				
10457	104570	0				
10458	104580	0				
10459	104590	0				
10460	104600	0				
10461	104610	0				
10462	104620	0				
10463	104630	0				
10464	104640	0				
10465	104650	0				
10466	104660	0				
10467	104670	0				
10468	104680	0				
10469	104690	0				
10470	104700	0				
10471	104710	0				
10472	104720	0	0			
10473	104730	0	0			
10474	104740	0	0			
10475	104750	0	0			
10476	104760	0	0			
10477	104770	0	0			
10478	104780	0	0			
10479	104790	0	0			
10480	104800	0	0			
10481	104810	0	0	0.000126760563380282		
10482	104820	0	0	0.0117760563380282		
10483	104830	0	0	0.0379647887323944		
10484	104840	0	0	0.0576950704225352		
10485	104850	0	0	0.0690274647887324		
10486	104860	0	0	0.0780845070422535		
10487	104870	0	0	0.222319014084507		
10488	104880	0	0	0.246897887323944		
10489	104890	0	0	0.455387323943662		
10490	104900	0	0	0.708845070422535		
10491	104910	0	0	0.662938732394366		
10492	104920	0	0	0.871561267605634	0	0.871561267605634
10493	104930	0	0	0.713243661971831	0	0.713243661971831
10494	104940	0	0	0.957891549295774	0	0.957891549295774
10495	104950	0	0	0.844732394366197	0	0.844732394366197
10496	104960	0	0	0.824190845070422	0	0.824190845070422
10497	104970	0	0	0.77232676056338	0	0.77232676056338
10498	104980	0	0	0.464203521126761	0	0.464203521126761
10499	104990	0	0	0.279640140845071	0	0.279640140845071
10500	105000	0	0	0.156238732394366	0	0.156238732394366
10501	105010	0	0	0.143530985915493	0	0.143530985915493
10502	105020	0	0	0.206366197183098	0	0.206366197183098
10503	105030	0	0	0.160726056338028	0	0.160726056338028
10504	105040	0	0	0.137319718309859	0	0.137319718309859
10505	105050	0	0	0.120504929577465	0	0.120504929577465
10506	105060	0	0	0.0979859154929577	0	0.0979859154929577
10507	105070	0	0	0.0842007042253521	0	0.0842007042253521
10508	105080	0	0	0.0720633802816902	0	0.0720633802816902
10509	105090	0	0	0.0614281690140845	0	0.0614281690140845
10510	105100	0	0.43	0.0502415492957746	0.00459464571726881	0.0456469035785058
10511	105110	0	0.48	0.0501274647887324	0.0392819030080123	0.0108455617807201
10512	105120	0	0.01	0.0593176056338028	0.0738762008159515	-0.0145585951821487
10513	105130	0	0	0.0635323943661972	0.0738265519548993	-0.0102941575887021
10514	105140	0	0	0.0537528169014085	0.0648614430746308	-0.0111086261732223
10515	105150	0	0	0.0471169014084507	0.0524194300573485	-0.00530252864889777
10516	105160	0	0.16	0.0579676056338028	0.0445385530237106	0.0134290526100922
10517	105170	0	0	0.0591274647887324	0.0499796731822252	0.00914779160650718
10518	105180	0	0.75	0.0538732394366197	0.0543160725196153	-0.00044283308299551
10519	105190	0	2.26	0.236864788732394	0.124206747114439	0.112658041617955
10520	105200	0	0.34	0.403548591549296	0.279273386567267	0.124275204982028
10521	105210	0	0.01	0.279177464788732	0.300707221275184	-0.0215297564864521
10522	105220	0	0.01	0.1899	0.275287411946414	-0.0853874119464138
10523	105230	0	0	0.149393661971831	0.228893997404302	-0.0795003354324714
10524	105240	0	0.01	0.126133098591549	0.184726593721377	-0.0585934951298274
10525	105250	0	0.05	0.0884408450704225	0.15453404194073	-0.0660931968703071
10526	105260	0	0	0.0675570422535211	0.13921818717338	-0.0716611449198589
10527	105270	0	0.01	0.0503429577464789	0.122655227549168	-0.0723122698026894
10528	105280	0	0.01	0.0444992957746479	0.109212452277007	-0.0647131565023587
10529	105290	0	0.22	0.042756338028169	0.0962087930414479	-0.0534524550132788
10530	105300	0	0.12	0.0421985915492958	0.0985831797442049	-0.0563845881949091
10531	105310	0	0	0.0373943661971831	0.0969004067813636	-0.0595060405841805
10532	105320	0	0.01	0.0350176056338028	0.0788723988647769	-0.0438547932309741
10533	105330	0	0	0.0323492957746479	0.0574733220663065	-0.0251240262916586
10534	105340	0	0.01	0.0287176056338028	0.0381721299626272	-0.00945452432882436
10535	105350	0	0	0.0264929577464789	0.0358631958774237	-0.00937023813094478
10536	105360	0	0.04	0.0262711267605634	0.0454985124782781	-0.0192273857177147
10537	105370	0.718069334230216	0.01	0.0289204225352113	0.0468703702164519	-0.0179499476812406
10538	105380	0.718213863944971	0.39	0.0383133802816901	0.0435528404877026	-0.00523946020601247
10539	105390	0.668597254510021	0.27	0.0780401408450704	0.0678675140929114	0.010172626752159
10540	105400	0.547010804851874	0	0.160295070422535	0.0683601757890479	0.0919348946334872
10541	105410	0.479980604939874	0	0.159864084507042	0.0629733961074985	0.0968906883995437
10542	105420	0.701374508655797	0.01	0.133485211267606	0.0544207488559611	0.0790644624116445
10543	105430	0.798180045209102	0.03	0.111802816901408	0.0445119895932836	0.0672908273081248
10544	105440	0.951796270551621	0.05	0.0830408450704225	0.0382942991154959	0.0447465459549266
10545	105450	0.993792437182744	0.01	0.071980985915493	0.0373314780824437	0.0346495078330492
10546	105460	0.999622419776595	0	0.0602302816901409	0.0350162580440637	0.0252140236460771
10547	105470	0.998327504343572	0	0.0494049295774648	0.0312242628286207	0.0181806667488441
10548	105480	0.995892832467252	0	0.0445056338028169	0.0262842918379887	0.0182213419648282
10549	105490	0.986077505352274	0	0.0385732394366197	0.0222776949820874	0.0162955444545323
10550	105500	0	0.05	0.0389471830985916	0.0188583089981784	0.0200888741004132
10551	105510	0	0.7	0.0356640845070423	0.0263660854397089	0.00929799906733334
10552	105520	0	0	0.0353788732394366	0.0709060400088714	-0.0355271667694348
10553	105530	0	0	0.0373753521126761	0.0689417235897065	-0.0315663714770304
10554	105540	0.624421286913527	0	0.0365514084507042	0.062471597703203	-0.0259201892524988
10555	105550	0.760126568686616	0	0.0467429577464789	0.0528120197690646	-0.00606906202258568
10556	105560	0.913462153116519	0	0.0477190140845071	0.0452200367225618	0.00249897736194531
10557	105570	0.930627809842535	0	0.0481183098591549	0.0376583735531905	0.0104599363059644
10558	105580	0.920881689084993	0	0.0445056338028169	0.0340308505310273	0.0104747832717896
10559	105590	0.970817020024572	0.01	0.039574647887324	0.0270577591805503	0.0125168887067737
10560	105600	0.997923721135481	0	0.0389154929577465	0.0220242179030614	0.0168912750546851
10561	105610	0.991971895496434	0.1	0.0350492957746479	0.0203904199248427	0.0146588758498052
10562	105620	0.999723557985715	0.14	0.044537323943662	0.0258011099941005	0.0187362139495615
10563	105630	0.971158468867877	0	0.0479598591549296	0.0345416969385471	0.0134181622163825
10564	105640	0.923708444433193	0	0.0430732394366197	0.0312633908369233	0.0118098485996964
10565	105650	0.928664960997393	0	0.0389345070422535	0.024326544407887	0.0146079626343665
10566	105660	0.993164130224786	0	0.0380535211267606	0.0169768086960713	0.0210767124306893
10567	105670	0.998416530706419	0	0.0410514084507042	0.0145327614081768	0.0265186470425274
10568	105680	0.998015397143245	0	0.0374197183098592	0.0162553719767317	0.0211643463331275
10569	105690	0.999842823312324	0	0.0364056338028169	0.0158570380716838	0.0205485957311331
10570	105700	0.999885794190439	0	0.0348591549295775	0.0122233799847309	0.0226357749448466
10571	105710	0.977182969661426	0	0.0316521126760564	0.0118813654623731	0.0197707472136833
10572	105720	0.991316805717395	0	0.0325330985915493	0.00546905287955659	0.0270640457119927
10573	105730	0.996361748966645	0	0.0295542253521127	0.0047358640379986	0.0248183613141141
10574	105740	0.997556284515832	0	0.0302514084507042	0.00416379219333413	0.0260876162573701
10575	105750	0.999947764157868	0	0.0278619718309859	0.00307498875738858	0.0247869830735973
10576	105760	0.999659955219198	0	0.0262521126760563	0.00176807703493745	0.0244840356411189
10577	105770	0.997953633694274	0	0.0263471830985916	0.00098399281212814	0.0253631902864634
10578	105780	0.999492020373731	0	0.0250985915492958	0.00139410045294582	0.02370449109635
10579	105790	0.998324839869215	0	0.0259605633802817	0.00217683330450724	0.0237837300757745
10580	105800	0.999784593809503	0	0.0235774647887324	0.00193531067866744	0.0216421541100649
10581	105810	0.999424471884921	0	0.02205	0.00162448968792705	0.020425510312073
10582	105820	0.999270939570278	0	0.0213654929577465	0.00108230242006675	0.0202831905376797
10583	105830	0.999983180652089	0	0.019806338028169	0	0.019806338028169
10584	105840	0.999998533054061	0	0.0200154929577465	0	0.0200154929577465
10585	105850	0.999652718018151	0	0.0187542253521127	0	0.0187542253521127
10586	105860	0.999206264985822	0	0.0180633802816901	0	0.0180633802816901
10587	105870	0.998750829776819	0	0.017543661971831	0	0.017543661971831
10588	105880	0.997891915112169	0	0.0167767605633803	0	0.0167767605633803
10589	105890	0.997515850632201	0	0.0164915492957746	0	0.0164915492957746
10590	105900	0.996840740328234	0	0.0160288732394366	0	0.0160288732394366
10591	105910	0.99627910375884	0	0.0156802816901408	0	0.0156802816901408
10592	105920	0.994721168801395	0	0.014830985915493	0	0.014830985915493
10593	105930	0.993936962578505	0	0.0144507042253521	0	0.0144507042253521
10594	105940	0.992911094130312	0	0.0139880281690141	0	0.0139880281690141
10595	105950	0.991346670589654	0	0.0133415492957747	0	0.0133415492957747
10596	105960	0.991330581184345	0	0.0133352112676057	0	0.0133352112676057
10597	105970	0.989857896958719	0	0.0127774647887324	0	0.0127774647887324
10598	105980	0	0	0.0130056338028169	0	0.0130056338028169
10599	105990	0	0	0.012587323943662	0	0.012587323943662
10600	106000	0	0.79	0.0142035211267606	0.00844132585265666	0.00576219527410393
10601	106010	0	0	0.0131323943661972	0.0627462022489639	-0.0496138078827668
10602	106020	0		0.0139943661971831		
10603	106030	0	0.5	0.0200661971830986		
10604	106040	0	0	0.0247119718309859		
10605	106050	0	0	0.0244964788732394		
10606	106060	0	0	0.0220943661971831		
10607	106070	0	0	0.0197049295774648		
10608	106080	0	0	0.0182028169014085		
10609	106090	0	0	0.016187323943662		
10610	106100	0	0	0.0154838028169014		
10611	106110	0	0	0.0143049295774648		
10612	106120	0	0	0.0135697183098592		
10613	106130	0	0	0.0133542253521127		
10614	106140	0	0	0.0126633802816901		
10615	106150	0	0	0.0128725352112676		
10616	106160	0	0	0.012612676056338		
10617	106170	0	0	0.0136267605633803		
10618	106180	0	0	0.013480985915493		
10619	106190	0	0	0.0129866197183098		
10620	106200	0	0	0.013043661971831		
10621	106210	0	0	0.0123211267605634		
10622	106220	0	0	0.0122767605633803		
10623	106230	0		0.011706338028169		
10624	106240	0		0.0111802816901408		
10625	106250	0		0.011256338028169		
10626	106260	0		0.0112056338028169		
10627	106270	0	0	0.0113514084507042		
10628	106280	0	0	0.0107112676056338		
10629	106290	0	0	0.0107556338028169		
10630	106300	0	0	0.0108316901408451		
10631	106310	0	0	0.0107556338028169		
10632	106320	0	0	0.011243661971831		
10633	106330	0	0	0.0114147887323944		
10634	106340	0	0	0.0111549295774648		
10635	106350	0	0	0.0111549295774648		
10636	106360	0	0	0.0107556338028169		
10637	106370	0	0.02	0.0108950704225352		
10638	106380	0	0.36	0.0111866197183099		
10639	106390	0	0.02	0.0112119718309859		
10640	106400	0	0	0.0109584507042254		
10641	106410	0	0.03	0.0104957746478873		
10642	106420	0	0.33	0.010825352112676		
10643	106430	0	0.06	0.0111422535211268		
10644	106440	0	0.31	0.0111802816901409		
10645	106450	0	0.14	0.011693661971831		
10646	106460	0	0	0.017119014084507		
10647	106470	0	0	0.0210739436619719	0.0683107035301184	-0.0472367598681465
10648	106480	0	0	0.0201929577464789	0.0578401700361183	-0.0376472122896394
10649	106490	0	0	0.0187478873239437	0.0485228082569363	-0.0297749209329926
10650	106500	0	0	0.0177401408450704	0.0415135272139711	-0.0237733863689007
10651	106510	0	0	0.0165422535211268	0.0356703120543556	-0.0191280585332288
10652	106520	0	0	0.015756338028169	0.0294660411482031	-0.0137097031200341
10653	106530	0	0	0.014862676056338	0.0233508860579067	-0.00848821000156869
10654	106540	0	0.01	0.0143239436619719	0.0207792996587549	-0.00645535599678301
10655	106550	0	0	0.0138676056338028	0.0198481254851809	-0.00598051985137804
10656	106560	0	0	0.0135507042253521	0.0172114841476091	-0.00366077992225695
10657	106570	0	0	0.0132908450704226	0.0124932662392471	0.000797578831175486
10658	106580	0	0	0.0129295774647887	0.0102116483359644	0.00271792912882426
10659	106590	0	0	0.0128408450704225	0.00634678678647568	0.00649405828394685
10660	106600	0	0	0.0124732394366197	0.00588053859313045	0.00659270084348928
10661	106610	0	0	0.0124225352112676	0.00625343035831217	0.00616910485295544
10662	106620	0	0	0.0122450704225352	0.00733486436552335	0.00491020605701184
10663	106630	0	0	0.0119471830985916	0.00395449145977192	0.00799269163881963
10664	106640	0	0	0.0119154929577465	0.00348668181315943	0.00842881114458707
10665	106650	0	0.02	0.011719014084507	0.00149366478093018	0.0102253493035769
10666	106660	0	0.12	0.0119154929577465	0.00305823730225805	0.00885725565548845
10667	106670	0	0.02	0.0117570422535211	0.0115528184163134	0.000204223837207737
10668	106680	0	0	0.0116619718309859	0.0131757961066903	-0.00151382427570443
10669	106690	0	0	0.0115732394366197	0.0122246366970248	-0.000651397260405107
10670	106700	0	0	0.0114084507042254	0.0101007248644317	0.00130772583979365
10671	106710	0	0	0.0114211267605634	0.00820185943344051	0.00321926732712291
10672	106720	0	0	0.011237323943662	0.00692093018497986	0.00431639375868213
10673	106730	0	0.32	0.011680985915493	0.00960149491730922	0.00207949099818375
10674	106740	0	0.03	0.0120359154929577	0.0310837045661667	-0.019047789073209
10675	106750	0	0	0.011687323943662	0.0333824960823167	-0.0216951721386547
10676	106760	0	0	0.0116619718309859	0.0310420323182818	-0.0193800604872959
10677	106770	0	0.02	0.0119471830985916	0.0257942570127383	-0.0138470739141467
10678	106780	0	0	0.0123528169014084	0.0224802240354871	-0.0101274071340786
10679	106790	0	0.03	0.0128661971830986	0.0193194510066296	-0.00645325382353096
10680	106800	0	0.06	0.0136394366197183	0.0196583073379525	-0.00601887071823415
10681	106810	0	0	0.0136901408450704	0.0208842953668024	-0.00719415452173201
10682	106820	0	0.03	0.0138105633802817	0.0191834553153238	-0.00537289193504207
10683	106830	0	0.26	0.014374647887324	0.0222436624067272	-0.0078690145194032
10684	106840	0	0.03	0.0150211267605634	0.0379567037322026	-0.0229355769716392
10685	106850	0	0.01	0.0166119718309859	0.0389613425595149	-0.022349370728529
10686	106860	0	0	0.0177845070422535	0.0359135677121876	-0.0181290606699341
10687	106870	0	0	0.018006338028169	0.0283111175247035	-0.0103047794965345
10688	106880	0	0	0.0176894366197183	0.0216503454580474	-0.00396090883832906
10689	106890	0	0	0.0171380281690141	0.0182732972138417	-0.00113526904482762
10690	106900	0	0	0.0166246478873239	0.017833044080549	-0.0012083961932251
10691	106910	0	0.01	0.0163077464788733	0.016276889196688	3.08572821852912e-05
10692	106920	0	0	0.0159718309859155	0.0139956879390912	0.00197614304682433
10693	106930	0	0	0.0159718309859155	0.0127033750026886	0.0032684559832269
10694	106940	0	0.08	0.0157943661971831	0.00939469704003657	0.00639966915714651
10695	106950	0	0.58	0.0162443661971831	0.0198584964440704	-0.00361413024688729
10696	106960	0	0.21	0.0174232394366197	0.060976416107025	-0.0435531766704053
10697	106970	0	0.32	0.0190077464788732	0.0789016537394294	-0.0598939072605561
10698	106980	0	0.13	0.020262676056338	0.096712040956561	-0.076449364900223
10699	106990	0	0	0.0217711267605634	0.0957471503851264	-0.073976023624563
10700	107000	0	0	0.0228739436619718	0.0844665135014382	-0.0615925698394664
10701	107010	0	0	0.0226140845070422	0.0712977504453462	-0.0486836659383039
10702	107020	0	0.05	0.0227154929577465	0.0609294315906582	-0.0382139386329117
10703	107030	0	0.05	0.0232415492957746	0.0563503399654869	-0.0331087906697122
10704	107040	0	0.06	0.025656338028169	0.0519449585711493	-0.0262886205429802
10705	107050	0	0.06	0.0296176056338028	0.0503801330307131	-0.0207625273969103
10706	107060	0	0.06	0.0314049295774648	0.0485658664276431	-0.0171609368501783
10707	107070	0	0	0.0335218309859155	0.047538808595446	-0.0140169776095305
10708	107080	0	0.02	0.0336866197183099	0.0411037205988153	-0.00741710088050539
10709	107090	0	0	0.0326345070422535	0.0345765730205459	-0.00194206597829233
10710	107100	0	0	0.0315887323943662	0.0262559115209633	0.00533282087340286
10711	107110	0	0.2	0.0306823943661972	0.0231535172923944	0.00752887707380277
10712	107120	0	0.08	0.0312908450704226	0.036096759201861	-0.0048059141314384
10713	107130	0	0.03	0.0321464788732394	0.0417582018414622	-0.00961172296822271
10714	107140	0	0.1	0.0339845070422535	0.0426282454246576	-0.00864373838240401
10715	107150	0	0.01	0.0349098591549296	0.045853969371356	-0.0109441102164264
10716	107160	0	0.06	0.0355816901408451	0.0375170984061686	-0.0019354082653235
10717	107170	0	0.49	0.0378	0.0405638173258724	-0.00276381732587239
10718	107180	0	0.01	0.0408992957746479	0.0680516073205324	-0.0271523115458845
10719	107190	0	0.55	0.0437387323943662	0.0711680728631391	-0.0274293404687729
10720	107200	0	0	0.0531887323943662	0.102476821027712	-0.0492880886333456
10721	107210	0	0	0.0628098591549296	0.0943344467356342	-0.0315245875807046
10722	107220	0	0	0.0637605633802817	0.0828026779016316	-0.0190421145213499
10723	107230	0	0	0.0610352112676056	0.0689255903785184	-0.00789037911091277
10724	107240	0	0.12	0.0578852112676056	0.0593972567738818	-0.00151204550627614
10725	107250	0	0.04	0.0546781690140845	0.0581110235623707	-0.00343285454828622
10726	107260	0	0.52	0.058962676056338	0.0599348613864039	-0.000972185330065864
10727	107270	0	0.02	0.0809492957746479	0.0884622318236386	-0.00751293604899067
10728	107280	0	0	0.0874964788732394	0.084941662902278	0.00255481597096149
10729	107290	0	0.01	0.0840676056338028	0.077043101406459	0.00702450422734383
10730	107300	0	0	0.0760119718309859	0.0635614009576647	0.0124505708733212
10731	107310	0	0.04	0.0676204225352113	0.0533776678982713	0.01424275463694
10732	107320	0	0.7	0.0707197183098591	0.0520439221548178	0.0186757961550413
10733	107330	0	0.03	0.0873950704225352	0.0937902193364522	-0.00639514891391696
10734	107340	0	0.8	0.106180985915493	0.101915656116233	0.00426532979925966
10735	107350	0	0.24	0.186185915492958	0.151259976874151	0.0349259386188068
10736	107360	0	0.33	0.206626056338028	0.161522404585474	0.0451036517525537
10737	107370	0	0.05	0.183752112676056	0.169894948940061	0.0138571637359954
10738	107380	0	0.33	0.155110563380282	0.151583607503847	0.00352695587643515
10739	107390	0	0.07	0.134410563380282	0.154849346529655	-0.0204387831493733
10740	107400	0	0	0.111853521126761	0.134395607174181	-0.0225420860474206
10741	107410	0	0.07	0.092230985915493	0.117552546474026	-0.0253215605585333
10742	107420	0	0.01	0.0862795774647887	0.105599478238694	-0.0193199007739048
10743	107430	0	0.54	0.0775457746478873	0.0991338172775836	-0.0215880426296963
10744	107440	0	0.07	0.0717654929577465	0.126450519446431	-0.0546850264886844
10745	107450	0	0	0.0655035211267606	0.118648208562065	-0.0531446874353047
10746	107460	0	0	0.0603443661971831	0.10562273516629	-0.0452783689691066
10747	107470	0	0	0.0556605633802817	0.0816791104828613	-0.0260185471025797
10748	107480	0	0.42	0.0518197183098592	0.070256127871071	-0.0184364095612118
10749	107490	0	0	0.049069014084507	0.087944425087889	-0.038875411003382
10750	107500	0	0	0.0433838028169014	0.0831953309094807	-0.0398115280925793
10751	107510	0	0	0.0460330985915493	0.0751357869562284	-0.0291026883646791
10752	107520	0	0	0.0429781690140845	0.0659290410386202	-0.0229508720245357
10753	107530	0	0	0.0414823943661972	0.0495990843202114	-0.00811668995401425
10754	107540	0	0	0.0446514084507042	0.0439132414615489	0.000738166989155284
10755	107550	0	0	0.0444105633802817	0.0357985771015982	0.00861198627868347
10756	107560	0	0	0.0453612676056338	0.0301348672571814	0.0152264003484524
10757	107570	0	0	0.0460774647887324	0.0211434471401907	0.0249340176485417
10758	107580	0	0	0.0453866197183098	0.0162943642496726	0.0290922554686373
10759	107590	0	0	0.0477570422535211	0.0118208174021538	0.0359362248513673
10760	107600	0	0	0.0470345070422535	0.0130925624699449	0.0339419445723086
10761	107610	0	0	0.0492464788732394	0.0126024397860934	0.0366440390871461
10762	107620	0	0	0.0514964788732394	0.00795872040595645	0.043537758467283
10763	107630	0	0.1	0.0506345070422536	0.00724196204786935	0.0433925449943842
10764	107640	0	0	0.0516676056338028	0.01001594040014	0.0416516652336628
10765	107650	0	0.27	0.0501338028169014	0.0146292343717867	0.0355045684451147
10766	107660	0	0	0.0496584507042254	0.0331571740961597	0.0165012766080657
10767	107670	0	0.01	0.0478774647887324	0.0313044367020797	0.0165730280866527
10768	107680	0	0.09	0.0451584507042253	0.0308971451785918	0.0142613055256335
10769	107690	0	0	0.0415394366197183	0.0290930199486106	0.0124464166711077
10770	107700	0	0.13	0.0401323943661972	0.0270318136184803	0.0131005807477169
10771	107710	0	0	0.0380154929577465	0.0325608039324637	0.00545468902528282
10772	107720	0	0.31	0.0358478873239437	0.033408748120037	0.00243913920390673
10773	107730	0	0.02	0.0347133802816901	0.0510844452114489	-0.0163710649297587
10774	107740	0	0.18	0.0330908450704226	0.0510116059525287	-0.0179207608821061
10775	107750	0	0.14	0.0325204225352113	0.060059684670474	-0.0275392621352627
10776	107760	0	0	0.0314302816901408	0.0625436485953868	-0.0311133669052459
10777	107770	0	0.01	0.0303781690140845	0.0561948240446227	-0.0258166550305383
10778	107780	0	0	0.0304352112676056	0.0479880406665866	-0.017552829398981
10779	107790	0	0.01	0.0286669014084507	0.0399998897588202	-0.0113329883503695
10780	107800	0	0	0.0286478873239437	0.0339053479261924	-0.0052574606022487
10781	107810	0	0.01	0.027012676056338	0.029618034955922	-0.002605358899584
10782	107820	0	0	0.0261950704225352	0.0274806884637474	-0.00128561804121216
10783	107830	0	0	0.0253964788732394	0.0237466645979674	0.00164981427527203
10784	107840	0	0.09	0.024293661971831	0.0202923239829973	0.00400133798883367
10785	107850	0	0	0.0239704225352113	0.0238626501187836	0.000107772416427707
10786	107860	0	0	0.0225823943661972	0.0193603529276356	0.00322204143856165
10787	107870	0	0	0.0226964788732394	0.0163158029180185	0.0063806759552209
10788	107880	0	0	0.0221894366197183	0.0134182273107725	0.00877120930894585
10789	107890	0	0	0.022037323943662	0.0106727506851398	0.0113645732585222
10790	107900	0		0.0205098591549296		
10791	107910	0		0.0215683098591549		
10792	107920	0		0.0200978873239437		
10793	107930	0		0.0183232394366197		
10794	107940	0		0.0211943661971831		
10795	107950	0		0.0163964788732394		
10796	107960	0		0.0209028169014084		
10797	107970	0		0.017987323943662		
10798	107980	0				
10799	107990	0				
10800	108000	0				
10801	108010	0				
10802	108020	0				
10803	108030	0				
10804	108040	0				
10805	108050	0				
10806	108060	0				
10807	108070	0				
10808	108080	0				
10809	108090	0				
10810	108100	0				
10811	108110	0				
10812	108120	0				
10813	108130	0				
10814	108140	0				
10815	108150	0				
10816	108160	0				
10817	108170	0				
10818	108180	0				
10819	108190	0				
10820	108200	0				
10821	108210	0				
10822	108220	0				
10823	108230	0				
10824	108240	0				
10825	108250	0				
10826	108260	0				
10827	108270	0				
10828	108280	0				
10829	108290	0				
10830	108300	0				
10831	108310	0				
10832	108320	0				
10833	108330	0				
10834	108340	0				
10835	108350	0				
10836	108360	0				
10837	108370	0				
10838	108380	0				
10839	108390	0				
10840	108400	0				
10841	108410	0				
10842	108420	0				
10843	108430	0				
10844	108440	0				
10845	108450	0				
10846	108460	0				
10847	108470	0				
10848	108480	0				
10849	108490	0				
10850	108500	0				
10851	108510	0				
10852	108520	0				
10853	108530	0				
10854	108540	0				
10855	108550	0				
10856	108560	0				
10857	108570	0				
10858	108580	0				
10859	108590	0				
10860	108600	0				
10861	108610	0				
10862	108620	0				
10863	108630	0				
10864	108640	0				
10865	108650	0				
10866	108660	0				
10867	108670	0				
10868	108680	0				
10869	108690	0				
10870	108700	0				
10871	108710	0				
10872	108720	0				
10873	108730	0				
10874	108740	0				
10875	108750	0				
10876	108760	0				
10877	108770	0				
10878	108780	0				
10879	108790	0				
10880	108800	0				
10881	108810	0				
10882	108820	0				
10883	108830	0				
10884	108840	0				
10885	108850	0				
10886	108860	0				
10887	108870	0				
10888	108880	0				
10889	108890	0				
10890	108900	0				
10891	108910	0				
10892	108920	0				
10893	108930	0				
10894	108940	0				
10895	108950	0				
10896	108960	0				
10897	108970	0				
10898	108980	0				
10899	108990	0				
10900	109000	0				
10901	109010	0				
10902	109020	0				
10903	109030	0				
10904	109040	0				
10905	109050	0				
10906	109060	0				
10907	109070	0				
10908	109080	0				
10909	109090	0				
10910	109100	0				
10911	109110	0				
10912	109120	0				
10913	109130	0				
10914	109140	0				
10915	109150	0				
10916	109160	0				
10917	109170	0				
10918	109180	0				
10919	109190	0				
10920	109200	0				
10921	109210	0				
10922	109220	0				
10923	109230	0				
10924	109240	0				
10925	109250	0				
10926	109260	0				
10927	109270	0				
10928	109280	0				
10929	109290	0				
10930	109300	0				
10931	109310	0				
10932	109320	0				
10933	109330	0				
10934	109340	0				
10935	109350	0				
10936	109360	0				
10937	109370	0				
10938	109380	0				
10939	109390	0				
10940	109400	0				
10941	109410	0				
10942	109420	0				
10943	109430	0				
10944	109440	0				
10945	109450	0				
10946	109460	0				
10947	109470	0				
10948	109480	0				
10949	109490	0				
10950	109500	0				
10951	109510	0				
10952	109520	0				
10953	109530	0				
10954	109540	0				
10955	109550	0				
10956	109560	0				
10957	109570	0				
10958	109580	0				
10959	109590	0				
10960	109600	0				
10961	109610	0				
10962	109620	0				
10963	109630	0				
10964	109640	0				
10965	109650	0				
10966	109660	0				
10967	109670	0				
10968	109680	0				
10969	109690	0				
10970	109700	0				
10971	109710	0				
10972	109720	0				
10973	109730	0				
10974	109740	0				
10975	109750	0				
10976	109760	0				
10977	109770	0				
10978	109780	0				
10979	109790	0				
10980	109800	0				
10981	109810	0				
10982	109820	0				
10983	109830	0				
10984	109840	0				
10985	109850	0				
10986	109860	0				
10987	109870	0				
10988	109880	0				
10989	109890	0				
10990	109900	0				
10991	109910	0				
10992	109920	0				
10993	109930	0				
10994	109940	0				
10995	109950	0				
10996	109960	0				
10997	109970	0				
10998	109980	0				
10999	109990	0				
11000	110000	0				
11001	110010	0				
11002	110020	0				
11003	110030	0				
11004	110040	0				
11005	110050	0				
11006	110060	0				
11007	110070	0				
11008	110080	0				
11009	110090	0				
11010	110100	0				
11011	110110	0				
11012	110120	0				
11013	110130	0				
11014	110140	0				
11015	110150	0				
11016	110160	0				
11017	110170	0				
11018	110180	0				
11019	110190	0				
11020	110200	0				
11021	110210	0				
11022	110220	0				
11023	110230	0				
11024	110240	0				
11025	110250	0				
11026	110260	0				
11027	110270	0				
11028	110280	0				
11029	110290	0				
11030	110300	0				
11031	110310	0				
11032	110320	0				
11033	110330	0				
11034	110340	0				
11035	110350	0				
11036	110360	0				
11037	110370	0				
11038	110380	0				
11039	110390	0				
11040	110400	0				
11041	110410	0				
11042	110420	0				
11043	110430	0				
11044	110440	0				
11045	110450	0				
11046	110460	0				
11047	110470	0				
11048	110480	0				
11049	110490	0				
11050	110500	0				
11051	110510	0				
11052	110520	0				
11053	110530	0				
11054	110540	0				
11055	110550	0				
11056	110560	0				
11057	110570	0				
11058	110580	0				
11059	110590	0				
11060	110600	0				
11061	110610	0				
11062	110620	0				
11063	110630	0				
11064	110640	0				
11065	110650	0				
11066	110660	0				
11067	110670	0				
11068	110680	0				
11069	110690	0				
11070	110700	0				
11071	110710	0				
11072	110720	0				
11073	110730	0				
11074	110740	0				
11075	110750	0				
11076	110760	0				
11077	110770	0				
11078	110780	0				
11079	110790	0				
11080	110800	0				
11081	110810	0				
11082	110820	0				
11083	110830	0				
11084	110840	0				
11085	110850	0				
11086	110860	0				
11087	110870	0				
11088	110880	0				
11089	110890	0				
11090	110900	0				
11091	110910	0				
11092	110920	0				
11093	110930	0				
11094	110940	0				
11095	110950	0				
11096	110960	0				
11097	110970	0				
11098	110980	0				
11099	110990	0				
11100	111000	0				
11101	111010	0				
11102	111020	0				
11103	111030	0				
11104	111040	0				
11105	111050	0				
11106	111060	0				
11107	111070	0				
11108	111080	0				
11109	111090	0				
11110	111100	0				
11111	111110	0				
11112	111120	0				
11113	111130	0				
11114	111140	0				
11115	111150	0				
11116	111160	0				
11117	111170	0				
11118	111180	0				
11119	111190	0				
11120	111200	0				
11121	111210	0				
11122	111220	0				
11123	111230	0				
11124	111240	0				
11125	111250	0				
11126	111260	0				
11127	111270	0				
11128	111280	0				
11129	111290	0				
11130	111300	0				
11131	111310	0				
11132	111320	0				
11133	111330	0				
11134	111340	0				
11135	111350	0				
11136	111360	0				
11137	111370	0				
11138	111380	0				
11139	111390	0				
11140	111400	0				
11141	111410	0				
11142	111420	0				
11143	111430	0				
11144	111440	0				
11145	111450	0				
11146	111460	0				
11147	111470	0				
11148	111480	0				
11149	111490	0				
11150	111500	0				
11151	111510	0				
11152	111520	0				
11153	111530	0				
11154	111540	0				
11155	111550	0				
11156	111560	0				
11157	111570	0				
11158	111580	0				
11159	111590	0				
11160	111600	0				
11161	111610	0				
11162	111620	0				
11163	111630	0				
11164	111640	0				
11165	111650	0				
11166	111660	0				
11167	111670	0				
11168	111680	0				
11169	111690	0				
11170	111700	0				
11171	111710	0				
11172	111720	0				
11173	111730	0				
11174	111740	0				
11175	111750	0				
11176	111760	0				
11177	111770	0				
11178	111780	0				
11179	111790	0				
11180	111800	0				
11181	111810	0				
11182	111820	0				
11183	111830	0				
11184	111840	0				
11185	111850	0				
11186	111860	0				
11187	111870	0				
11188	111880	0				
11189	111890	0				
11190	111900	0				
11191	111910	0				
11192	111920	0				
11193	111930	0				
11194	111940	0				
11195	111950	0				
11196	111960	0				
11197	111970	0				
11198	111980	0				
11199	111990	0				
11200	112000	0				
11201	112010	0				
11202	112020	0				
11203	112030	0				
11204	112040	0				
11205	112050	0				
11206	112060	0				
11207	112070	0				
11208	112080	0				
11209	112090	0				
11210	112100	0				
11211	112110	0				
11212	112120	0				
11213	112130	0				
11214	112140	0				
11215	112150	0				
11216	112160	0				
11217	112170	0				
11218	112180	0				
11219	112190	0				
11220	112200	0				
11221	112210	0				
11222	112220	0				
11223	112230	0				
11224	112240	0				
11225	112250	0				
11226	112260	0				
11227	112270	0				
11228	112280	0				
11229	112290	0				
11230	112300	0				
11231	112310	0				
11232	112320	0				
11233	112330	0				
11234	112340	0				
11235	112350	0				
11236	112360	0				
11237	112370	0				
11238	112380	0				
11239	112390	0				
11240	112400	0				
11241	112410	0				
11242	112420	0				
11243	112430	0				
11244	112440	0				
11245	112450	0				
11246	112460	0				
11247	112470	0				
11248	112480	0				
11249	112490	0				
11250	112500	0				
11251	112510	0				
11252	112520	0				
11253	112530	0				
11254	112540	0				
11255	112550	0				
11256	112560	0				
11257	112570	0				
11258	112580	0				
11259	112590	0				
11260	112600	0				
11261	112610	0				
11262	112620	0				
11263	112630	0				
11264	112640	0				
11265	112650	0				
11266	112660	0				
11267	112670	0				
11268	112680	0				
11269	112690	0				
11270	112700	0				
11271	112710	0				
11272	112720	0				
11273	112730	0				
11274	112740	0				
11275	112750	0				
11276	112760	0				
11277	112770	0				
11278	112780	0				
11279	112790	0				
11280	112800	0				
11281	112810	0				
11282	112820	0				
11283	112830	0				
11284	112840	0				
11285	112850	0				
11286	112860	0				
11287	112870	0				
11288	112880	0				
11289	112890	0				
11290	112900	0				
11291	112910	0				
11292	112920	0				
11293	112930	0				
11294	112940	0				
11295	112950	0				
11296	112960	0				
11297	112970	0				
11298	112980	0				
11299	112990	0				
11300	113000	0				
11301	113010	0				
11302	113020	0				
11303	113030	0				
11304	113040	0				
11305	113050	0				
11306	113060	0				
11307	113070	0				
11308	113080	0				
11309	113090	0				
11310	113100	0				
11311	113110	0				
11312	113120	0				
11313	113130	0				
11314	113140	0				
11315	113150	0				
11316	113160	0				
11317	113170	0				
11318	113180	0				
11319	113190	0				
11320	113200	0				
11321	113210	0				
11322	113220	0				
11323	113230	0				
11324	113240	0				
11325	113250	0				
11326	113260	0				
11327	113270	0				
11328	113280	0				
11329	113290	0				
11330	113300	0				
11331	113310	0				
11332	113320	0				
11333	113330	0				
11334	113340	0				
11335	113350	0				
11336	113360	0				
11337	113370	0				
11338	113380	0				
11339	113390	0				
11340	113400	0				
11341	113410	0				
11342	113420	0				
11343	113430	0				
11344	113440	0				
11345	113450	0				
11346	113460	0				
11347	113470	0				
11348	113480	0				
11349	113490	0				
11350	113500	0				
11351	113510	0				
11352	113520	0				
11353	113530	0				
11354	113540	0				
11355	113550	0		0.048124647887324		
11356	113560	0		0.0867929577464789		
11357	113570	0		0.156498591549296		
11358	113580	0		0.279931690140845		
11359	113590	0		0.377264788732394		
11360	113600	0		0.389199295774648		
11361	113610	0		0.364322535211268		
11362	113620	0		0.393762676056338		
11363	113630	0		0.347178169014085		
11364	113640	0		0.276635915492958		
11365	113650	0		0.216050704225352		
11366	113660	0		0.16341338028169		
11367	113670	0		0.11674647887324		
11368	113680	0		0.0873316901408451		
11369	113690	0		0.0736035211267606		
11370	113700	0		0.0657887323943662		
11371	113710	0		0.0572514084507042		
11372	113720	0		0.0464957746478873		
11373	113730	0		0.0462739436619718		
11374	113740	0		0.0527007042253521		
11375	113750	0		0.0872683098591549		
11376	113760	0		0.10857676056338		
11377	113770	0		0.197860563380282		
11378	113780	0		0.212203521126761		
11379	113790	0		0.210479577464789		
11380	113800	0		0.271426056338028		
11381	113810	0		0.316508450704225		
11382	113820	0	0	0.360957042253521		
11383	113830	0	0	0.327340140845071		
11384	113840	0	0.01	0.265721830985916		
11385	113850	0	0.16	0.225044366197183		
11386	113860	0	0.29	0.203431690140845		
11387	113870	0	0.19	0.202385915492958		
11388	113880	0	0.35	0.190723943661972		
11389	113890	0	0.24	0.189221830985916		
11390	113900	0	0	0.19838661971831		
11391	113910	0	0	0.196282394366197		
11392	113920	0	0	0.190400704225352		
11393	113930	0	0	0.182218309859155		
11394	113940	0	0	0.194254225352113		
11395	113950	0	0	0.193569718309859		
11396	113960	0	0	0.145102816901408		
11397	113970	0	0	0.132090845070422		
11398	113980	0	0	0.127838028169014		
11399	113990	0	0	0.122995774647887		
11400	114000	0	0	0.0984359154929577		
11401	114010	0	0	0.0871415492957747		
11402	114020	0	0	0.0855316901408451	0.0100618923054384	0.0754697978354066
11403	114030	0	0	0.0766457746478873	0.00821491937274958	0.0684308552751377
11404	114040	0	0	0.0789781690140845	0.0075380866561349	0.0714400823579496
11405	114050	0	0.01	0.0717401408450704	0.00866301273913289	0.0630771281059375
11406	114060	0	0.01	0.0586014084507042	0.00959050241708076	0.0490109060336235
11407	114070	0	0	0.0487204225352113	0.0074957158501406	0.0412247066850707
11408	114080	0	0.04	0.0397204225352113	0.00619477150328206	0.0335256510319292
11409	114090	0	0	0.0378950704225352	0.00643163306025528	0.0314634373622799
11410	114100	0	0.05	0.0327929577464789	0.00497835119861998	0.0278146065478589
11411	114110	0.998883584344318	0	0.0314049295774648	0.00798667337926122	0.0234182561982036
11412	114120	0	0	0.0296619718309859	0.00745554888303729	0.0222064229479486
11413	114130	0.999967025694029	0.07	0.0279950704225352	0.00733559149166366	0.0206594789308715
11414	114140	0.989503465737974	0.65	0.0304985915492958	0.0179265765536159	0.0125720149956799
11415	114150	0	0.24	0.0392070422535211	0.0645620697002501	-0.025355027446729
11416	114160	0	0.01	0.0455830985915493	0.0823181126605539	-0.0367350140690046
11417	114170	0	0.12	0.044537323943662	0.0800286823416581	-0.0354913583979962
11418	114180	0	0	0.044524647887324	0.0760642281492981	-0.0315395802619741
11419	114190	0.900423076742053	0	0.0642169014084507	0.0637579162485457	0.000458985159904973
11420	114200	0.975917202455459	0.06	0.0714169014084507	0.0547285196014389	0.0166883818070118
11421	114210	0	0.07	0.106852816901408	0.0526329746780948	0.0542198422233137
11422	114220	0	0.16	0.120105633802817	0.0526696152870133	0.0674360185158036
11423	114230	0	0.53	0.114344366197183	0.0629673212804303	0.0513770449167528
11424	114240	0	0.01	0.0934478873239437	0.0939336423628399	-0.000485755038896182
11425	114250	0	0.11	0.0814119718309859	0.0904347614146055	-0.00902278958361955
11426	114260	0	0.04	0.089537323943662	0.0892238206075719	0.000313503336090107
11427	114270	0	0.69	0.073780985915493	0.0855507567871685	-0.0117697708716755
11428	114280	0.523584890335226	0	0.0971492957746479	0.118560785077395	-0.0214114893027473
11429	114290	0.922748168985855	0	0.117830281690141	0.107765360035518	0.0100649216546232
11430	114300	0.85183524771043	0	0.165682394366197	0.0969716259446599	0.0687107684215373
11431	114310	0.174414538933537	0	0.278201408450704	0.082998645696192	0.195202762754512
11432	114320	0.135441501753722	0.04	0.278752816901409	0.0714441007506444	0.207308716150764
11433	114330	0.117559620675588	0.53	0.299598591549296	0.0686379381811597	0.230960653368136
11434	114340	0.184378969143448	0.71	0.299199295774648	0.106844906139974	0.192354389634674
11435	114350	0	0.12	0.30741338028169	0.147583031533683	0.159830348748007
11436	114360	0	0.05	0.2916	0.145656249925145	0.145943750074855
11437	114370	0.499974164583541	0	0.247924647887324	0.130718244481422	0.117206403405902
11438	114380	0.533394455585623	0	0.211037323943662	0.106021578554654	0.105015745389008
11439	114390	0.704364712912895	0.44	0.181400704225352	0.0944663160843919	0.0869343881409604
11440	114400	0.646540117458112	0.06	0.219283098591549	0.114310500916373	0.104972597675176
11441	114410	0.409673613144988	0	0.231997183098592	0.108312093881241	0.12368508921735
11442	114420	0.471169539042719	0	0.201162676056338	0.0929351724522258	0.108227503604112
11443	114430	0.679004546332593	0	0.171785915492958	0.0793020501179654	0.0924838653749924
11444	114440	0.699759625136895	0	0.138194366197183	0.0658086709196396	0.0723856952775436
11445	114450	0.729658070033696	0	0.130512676056338	0.0579971535180126	0.0725155225383255
11446	114460	0.841798617695006	0	0.119300704225352	0.0491896879684106	0.0701110162569416
11447	114470	0.958132276562885	0.13	0.109831690140845	0.0425033019810122	0.0673283881598328
11448	114480	0.956390760607021	0.24	0.0925859154929578	0.03862271499184	0.0539632005011178
11449	114490	0.993957007000588	0.04	0.0792950704225352	0.049236244349741	0.0300588260727942
11450	114500	0.992977709990234	0.28	0.0771464788732395	0.054489864492839	0.0226566143804004
11451	114510	0.882786412075257	0.52	0.0836619718309859	0.0789737329489041	0.00468823888208179
11452	114520	0.995616259917419	0.46	0.14631338028169	0.113238177757678	0.0330752025240123
11453	114530	0	0.91	0.211804225352113	0.146025027003186	0.0657791983489266
11454	114540	0	1.13	0.257495070422535	0.206237640877884	0.0512574295446515
11455	114550	0	0.01	0.246568309859155	0.265735246991309	-0.0191669371321541
11456	114560	0.603503825170052	0.21	0.218788732394366	0.251028151082428	-0.0322394186880617
11457	114570	0.970377022455745	0	0.293666197183099	0.233378642442972	0.0602875547401265
11458	114580	0.649900408713734	0	0.293184507042254	0.195880099366684	0.0973044076755697
11459	114590	0.677198402894421	0	0.257431690140845	0.166404350587669	0.0910273395531757
11460	114600	0.848781345981261	0	0.212773943661972	0.14024472027203	0.0725292233899418
11461	114610	0.945140485351266	0	0.170328169014084	0.120709792404306	0.0496183766097782
11462	114620	0.98022426041751	0	0.139525352112676	0.101516574202598	0.0380087779100787
11463	114630	0.96079903595708	0	0.102809154929577	0.0863746908271247	0.0164344641024527
11464	114640	0.901818650486692	0.03	0.0887957746478873	0.0736122546798532	0.0151835199680342
11465	114650	0.954932453028541	0	0.0900887323943662	0.0640394896076366	0.0260492427867296
11466	114660	0.851172727133564	0.27	0.0808225352112676	0.0561050874169574	0.0247174477943102
11467	114670	0.845867920605549	0.58	0.105978169014085	0.0685552381017028	0.0374229309123817
11468	114680	0.972905470496662	0.45	0.176818309859155	0.103923631662863	0.0728946781962916
11469	114690	0.880543544398714	0	0.200332394366197	0.127724421560897	0.0726079728053
11470	114700	0.996771909136276	0.01	0.176564788732394	0.123717109730221	0.0528476790021733
11471	114710	0.999833551533422	0	0.157791549295775	0.112174276248682	0.0456172730470928
11472	114720	0.969621111732503	0.02	0.122045070422535	0.0913446402526354	0.0307004301698999
11473	114730	0.872546409285787	0	0.0956281690140845	0.0763365688210741	0.0192916001930104
11474	114740	0.134814246623341	0	0.291802816901408	0.063943475525502	0.227859341375906
11475	114750	0.116054975688331	0	0.270583098591549	0.0478982851092867	0.222684813482263
11476	114760	0.192727870266774	0	0.212983098591549	0.0412271161242522	0.171755982467297
11477	114770	0	0	0.168008450704225	0.0335429703139479	0.134465480390277
11478	114780	0	0	0.130411267605634	0.0287213423451138	0.10168992526052
11479	114790	0	0	0.0992281690140844	0.0249841677944643	0.0742440012196201
11480	114800	0	0	0.0799605633802817	0.020679478427451	0.0592810849528307
11481	114810	0	0	0.0704028169014084	0.0142006053825267	0.0562022115188818
11482	114820	0	0	0.0602619718309859	0.00832158511422097	0.0519403867167649
11483	114830	0	0	0.0528338028169014	0.00675020050560528	0.0460836023112961
11484	114840	0	0	0.0477887323943662	0.00967251221433428	0.0381162201800319
11485	114850	0	0	0.043656338028169	0.0111793952384579	0.0324769427897112
11486	114860	0	0	0.0422619718309859	0.0101042587136697	0.0321577131173162
11487	114870	0	0	0.0394478873239437	0.0073776856645504	0.0320702016593933
11488	114880	0	0	0.0362535211267606	0.00364658949136627	0.0326069316353943
11489	114890	0	0	0.0338957746478873	0.000225323667547283	0.0336704509803401
11490	114900	0	0	0.031487323943662	0.000266901031984146	0.0312204229116778
11491	114910	0	0	0.0302197183098592	0.000121630932962359	0.0300980873768968
11492	114920	0	1.08	0.0298140845070423	0.0116946550376016	0.0181194294694406
11493	114930	0	1.15	0.0737239436619718	0.0980676242524509	-0.0243436805904791
11494	114940	0	0.08	0.112614084507042	0.181721388261826	-0.0691073037547839
11495	114950	0	0.12	0.111549295774648	0.186458777135227	-0.0749094813605792
11496	114960	0	0	0.106935211267606	0.172691606482432	-0.0657563952148261
11497	114970	0	0	0.0871352112676056	0.142368263649182	-0.0552330523815766
11498	114980	0	0.01	0.0771971830985915	0.117599862529933	-0.0404026794313419
11499	114990	0	0	0.0662704225352113	0.102336495549865	-0.0360660730146542
11500	115000	0	0.81	0.0601859154929578	0.0986601266346972	-0.0384742111417395
11501	115010	0	0.52	0.0996845070422535	0.146629659624503	-0.04694515258225
11502	115020	0	0	0.170923943661972	0.174101881965632	-0.00317793830365992
11503	115030	0	0	0.161645070422535	0.161197797006378	0.000447273416156913
11504	115040	0	0	0.128484507042254	0.139568656172993	-0.0110841491307395
11505	115050	0	0	0.0979605633802817	0.115839617541419	-0.0178790541611373
11506	115060	0	0	0.0790985915492958	0.0917891297608589	-0.0126905382115631
11507	115070	0	0	0.0659408450704225	0.0716363509354292	-0.00569550586500661
11508	115080	0	0	0.0575492957746479	0.0576814357908494	-0.000132140016201536
11509	115090	0	0	0.0495380281690141	0.054320912162636	-0.00478288399362191
11510	115100	0	0	0.0438338028169014	0.0544309494695502	-0.0105971466526488
11511	115110	0	0	0.0400309859154929	0.0471403496510325	-0.00710936373553955
11512	115120	0	0.12	0.0374197183098592	0.0439299231219559	-0.00651020481209675
11513	115130	0	0.02	0.0349605633802817	0.0422075350109644	-0.00724697163068266
11514	115140	0	0	0.0326281690140845	0.0283143264772175	0.004313842536867
11515	115150	0	0.49	0.0317408450704225	0.0250848981303315	0.00665594694009102
11516	115160	0	0.55	0.0376478873239437	0.0588529248444806	-0.021205037520537
11517	115170	0	0.1	0.0858169014084507	0.10126952547372	-0.0154526240652695
11518	115180	0	0.64	0.152594366197183	0.116343371103817	0.0362509950933661
11519	115190	0	0.07	0.208622535211267	0.148390616883806	0.0602319183274612
11520	115200	0	0.25	0.205985915492958	0.142194680190325	0.0637912353026325
11521	115210	0	0.15	0.199495774647887	0.139259525352994	0.060236249294893
11522	115220	0	0.3	0.204211267605634	0.131798518768198	0.0724127488374359
11523	115230	0	0.11	0.218408450704225	0.137627476704159	0.080780974000066
11524	115240	0	0	0.20892676056338	0.129512747375292	0.0794140131880886
11525	115250	0	0	0.187478873239437	0.114317512579578	0.0731613606598586
11526	115260	0	0	0.154166197183099	0.0960912680416976	0.058074929141401
11527	115270	0	0	0.121842253521127	0.081083811676039	0.0407584418450877
11528	115280	0	0	0.0926619718309859	0.0695293134359303	0.0231326583950557
11529	115290	0	0	0.0777549295774648	0.0581734103953469	0.0195815191821179
11530	115300	0	0	0.0666	0.0474096013560723	0.0191903986439277
11531	115310	0	0	0.0581070422535211	0.0371079462766459	0.0209990959768753
11532	115320	0	0	0.0520225352112676	0.0323809609289301	0.0196415742823376
11533	115330	0	0	0.0462169014084507	0.0278629662937438	0.0183539351147069
11534	115340	0	0	0.0421098591549296	0.024006126768568	0.0181037323863615
11535	115350	0	0	0.0379774647887324	0.0225083677385315	0.0154690970502009
11536	115360	0	0	0.0343267605633803	0.0174380524446707	0.0168887081187096
11537	115370	0	0	0.0323239436619718	0.0100863690606422	0.0222375746013296
11538	115380	0	0	0.029230985915493	0.010483572754467	0.0187474131610259
11539	115390	0	0	0.0278112676056338	0.00635241260236228	0.0214588550032715
11540	115400	0	0	0.0262901408450705	0.00659361574003399	0.0196965251050365
11541	115410	0	0	0.0253014084507042	0.0040268391696792	0.021274569281025
11542	115420	0	0.09	0.0245661971830986	0.00394985963671155	0.020616337546387
11543	115430	0	0.45	0.024743661971831	0.0128070321641783	0.0119366298076527
11544	115440	0	0.05	0.0257830985915493	0.0437363655831562	-0.0179532669916069
11545	115450	0	0.19	0.028343661971831	0.0502621764720306	-0.0219185145001996
11546	115460	0	0.28	0.0330338028169014	0.0626514937376055	-0.0296176909207041
11547	115470	0	0.03	0.0372422535211268	0.074871249526771	-0.0376289960056442
11548	115480	0	0.28	0.0410704225352113	0.0727884709930317	-0.0317180484578204
11549	115490	0	0.15	0.0480422535211268	0.0847924943331989	-0.0367502408120722
11550	115500	0	0	0.054456338028169	0.0869120653755914	-0.0324557273474224
11551	115510	0	0	0.0555718309859155	0.0772320218179472	-0.0216601908320317
11552	115520	0	0	0.0500704225352113	0.0660514934421313	-0.01598107090692
11553	115530	0	0.06	0.0458619718309859	0.0562970508476671	-0.0104350790166812
11554	115540	0	0.57	0.0447211267605634	0.0575920666952028	-0.0128709399346394
11555	115550	0	0.31	0.0522253521126761	0.094747243304918	-0.0425218911922419
11556	115560	0	0.01	0.0558253521126761	0.111406943565681	-0.0555815914530053
11557	115570	0	0	0.0541774647887324	0.102148533966901	-0.0479710691781684
11558	115580	0	0	0.0588676056338028	0.0855334510356438	-0.026665845401841
11559	115590	0	0	0.0590704225352113	0.0695607587550576	-0.0104903362198464
11560	115600	0	0	0.058943661971831	0.0592340252545515	-0.000290363282720557
11561	115610	0	0	0.057143661971831	0.0517430616998781	0.00540060027195289
11562	115620	0	0	0.0525042253521127	0.0442374837015073	0.0082667416506054
11563	115630	0	0	0.0486760563380282	0.0383116831796744	0.0103643731583538
11564	115640	0	0	0.0433014084507042	0.029773613813766	0.0135277946369382
11565	115650	0	0	0.0397521126760564	0.0263770042371969	0.0133751084388595
11566	115660	0	0	0.0370394366197183	0.0241895686425321	0.0128498679771862
11567	115670	0	0	0.0332366197183099	0.0184864975252573	0.0147501221930526
11568	115680	0	0	0.0318422535211268	0.0134819788077586	0.0183602747133682
11569	115690	0	0.41	0.0308281690140845	0.0109480660351175	0.019880102978967
11570	115700	0	1.05	0.0407154929577465	0.047611737122814	-0.00689624416506756
11571	115710	0	0.27	0.11687323943662	0.126694678198744	-0.00982143876212421
11572	115720	0	0	0.181647887323944	0.148536159713326	0.0331117276106179
11573	115730	0	0.01	0.173535211267606	0.136285672424893	0.0372495388427131
11574	115740	0	0	0.150845070422535	0.114386936160569	0.0364581342619662
11575	115750	0	0	0.128611267605634	0.090173855899254	0.0384374117063797
11576	115760	0	0	0.106554929577465	0.0744012454227015	0.0321536841547634
11577	115770	0	0	0.0890366197183099	0.0659089883968349	0.023127631321475
11578	115780	0	0	0.0782619718309859	0.0568089608696547	0.0214530109613313
11579	115790	0	0	0.0706816901408451	0.0482929009038741	0.022388789236971
11580	115800	0	0.03	0.0652816901408451	0.041388995150958	0.0238926949898871
11581	115810	0	0.05	0.0614535211267606	0.0381330830310347	0.0233204380957259
11582	115820	0	0	0.0646225352112676	0.0379160588943155	0.0267064763169521
11583	115830	0	0	0.0608957746478873	0.0313695299337107	0.0295262447141766
11584	115840	0	0	0.0585380281690141	0.0213653437221011	0.037172684446913
11585	115850	0	0.1	0.0552929577464789	0.0138506007956363	0.0414423569508425
11586	115860	0	0	0.0536957746478873	0.020080444214422	0.0336153304334653
11587	115870	0	0.08	0.0541014084507042	0.0260067737912338	0.0280946346594704
11588	115880	0	0.01	0.053543661971831	0.0318088093553232	0.0217348526165078
11589	115890	0	0	0.0527830985915493	0.0283161494888853	0.024466949102664
11590	115900	0	0	0.0501971830985915	0.023983560321376	0.0262136227772156
11591	115910	0	0	0.0481183098591549	0.0139606696816648	0.0341576401774901
11592	115920	0	0	0.0462676056338028	0.0101066330907784	0.0361609725430244
11593	115930	0	0.08	0.0433014084507042	0.0094755163741769	0.0338258920765273
11594	115940	0	0.21	0.0424140845070422	0.0159142489631744	0.0264998355438678
11595	115950	0	0.33	0.0431239436619718	0.0328189535447342	0.0103049901172376
11596	115960	0	0.22	0.0445943661971831	0.0569814576202998	-0.0123870914231167
11597	115970	0	0.21	0.0465718309859155	0.0728092453851371	-0.0262374143992216
11598	115980	0	0.41	0.051743661971831	0.0859921439889398	-0.0342484820171089
11599	115990	0	0.06	0.0566366197183099	0.10548730363051	-0.0488506839122005
11600	116000	0	0.02	0.0597549295774648	0.0997671178026181	-0.0400121882251534
11601	116010	0	0.08	0.0610478873239437	0.0895692301538504	-0.0285213428299067
11602	116020	0	0.47	0.0636084507042254	0.0862033183104192	-0.0225948676061938
11603	116030	0	0.26	0.0826478873239437	0.109816520440296	-0.0271686331163518
11604	116040	0	0.05	0.111194366197183	0.120250870819944	-0.00905650462276089
11605	116050	0	0	0.116898591549296	0.114354649315925	0.0025439422333709
11606	116060	0	0	0.107442253521127	0.0976527990775495	0.00978945444357736
11607	116070	0	0	0.0902028169014084	0.0813918504838265	0.00881096641758193
11608	116080	0	0	0.0786422535211268	0.0667412037478656	0.0119010497732612
11609	116090	0	0.07	0.0698197183098592	0.0564387879808767	0.0133809303289824
11610	116100	0	0.07	0.0673605633802817	0.0533206033439961	0.0140399600362856
11611	116110	0	0.02	0.0646478873239436	0.0511872308218817	0.013460656502062
11612	116120	0	0	0.0628732394366197	0.0463778509341945	0.0164953885024252
11613	116130	0	0	0.0613267605633803	0.0398382364717662	0.021488524091614
11614	116140	0	0	0.058943661971831	0.0351414204851456	0.0238022414866854
11615	116150	0	0	0.054481690140845	0.0309287641485232	0.0235529259923218
11616	116160	0	0	0.052630985915493	0.0236211168829791	0.0290098690325138
11617	116170	0	0.22	0.050856338028169	0.0182773582146788	0.0325789798134902
11618	116180	0	0.3	0.0545070422535211	0.0332359755387022	0.0212710667148189
11619	116190	0	0.01	0.0623661971830986	0.0527929279542082	0.00957326922889037
11620	116200	0	0	0.0646985915492958	0.0536994800265699	0.0109991115227259
11621	116210	0	0	0.0620366197183099	0.0473231078554111	0.0147135118628987
11622	116220	0	0	0.0583605633802817	0.0390516231976766	0.0193089401826051
11623	116230	0	0.42	0.0567887323943662	0.0338341411208015	0.0229545912735647
11624	116240	0	0.41	0.0672591549295775	0.0609495128900933	0.0063096420394842
11625	116250	0	0.04	0.0908619718309859	0.0877182729382084	0.00314369889277753
11626	116260	0	0	0.0952732394366197	0.0869025804174945	0.00837065901912527
11627	116270	0	0.04	0.0907859154929577	0.0769775020038518	0.013808413489106
11628	116280	0	0.02	0.0842957746478873	0.0662868374059374	0.0180089372419499
11629	116290	0	0	0.0759549295774648	0.0571258599961761	0.0188290695812887
11630	116300	0	0	0.0713408450704225	0.0499846270166103	0.0213562180538123
11631	116310	0	0.01	0.0644957746478873	0.0423411614483969	0.0221546131994904
11632	116320	0	0	0.0601605633802817	0.0345361062084708	0.0256244571718109
11633	116330	0	0	0.0571183098591549	0.0282849437823943	0.0288333660767606
11634	116340	0	0	0.0530619718309859	0.0253000379920305	0.0277619338389555
11635	116350	0	0.05	0.050830985915493	0.0247686154406315	0.0260623704748615
11636	116360	0	0.16	0.0494366197183099	0.0270008782879342	0.0224357414303757
11637	116370	0	0.01	0.0494366197183099	0.0333514048171135	0.0160852149011964
11638	116380	0	0	0.0493669014084507	0.0279700929800863	0.0213968084283644
11639	116390	0	0	0.0478964788732394	0.0213227599958453	0.0265737188773941
11640	116400	0	0	0.0473323943661972	0.0196561199688189	0.0276762743973783
11641	116410	0	0.01	0.0461704225352113	0.0192851092557124	0.0268853132794989
11642	116420	0	0	0.0445056338028169	0.0172624403479963	0.0272431934548206
11643	116430	0	0.29	0.0425535211267605	0.0186824782015346	0.0238710429252259
11644	116440	0	0	0.044537323943662	0.0348048510990591	0.00973247284460284
11645	116450	0	0	0.0438845070422535	0.0315860982379123	0.0122984088043412
11646	116460	0	0	0.0432380281690141	0.0284780679005272	0.0147599602684869
11647	116470	0	0.08	0.0461471830985915	0.0242403584347032	0.0219068246638883
11648	116480	0	0.33	0.0493669014084507	0.0290118818268356	0.0203550195816151
11649	116490	0	0.29	0.0692112676056338	0.0516299495404246	0.0175813180652092
11650	116500	0	0.08	0.0888464788732395	0.0707741051289677	0.0180723737442717
11651	116510	0	0	0.094480985915493	0.0716345675066853	0.0228464184088077
11652	116520	0	0	0.0950197183098592	0.0630292229168639	0.0319904953929952
11653	116530	0		0.0888718309859155		
11654	116540	0		0.0867232394366197		
11655	116550	0		0.0771654929577465		
11656	116560	0		0.0696232394366197		
11657	116570	0		0.0617387323943662		
11658	116580	0		0.0583922535211267		
11659	116590	0		0.0533725352112676		
11660	116600	0		0.0487330985915493		
11661	116610	0		0.0473260563380282		
11662	116620	0		0.044074647887324		
11663	116630	0		0.0458176056338028		
11664	116640	0		0.0411211267605634		
11665	116650	0		0.0394922535211268		
11666	116660	0		0.0405570422535211		
11667	116670	0		0.036893661971831		
11668	116680	0		0.0361774647887324		
11669	116690	0		0.0308978873239437		
11670	116700	0		0.0389598591549296		
11671	116710	0		0.0333253521126761		
11672	116720	0		0.0341429577464789		
11673	116730	0		0.0431239436619718		
11674	116740	0		0.0550140845070423		
11675	116750	0		0.0718352112676057		
11676	116760	0		0.0855570422535211		
11677	116770	0		0.0885992957746479		
11678	116780	0		0.081012676056338		
11679	116790	0		0.0747823943661972		
11680	116800	0		0.0663274647887324		
11681	116810	0				
11682	116820	0				
11683	116830	0				
11684	116840	0				
11685	116850	0				
11686	116860	0				
11687	116870	0				
11688	116880	0				
11689	116890	0				
11690	116900	0				
11691	116910	0				
11692	116920	0				
11693	116930	0				
11694	116940	0				
11695	116950	0				
11696	116960	0				
11697	116970	0				
11698	116980	0				
11699	116990	0				
11700	117000	0				
11701	117010	0				
11702	117020	0				
11703	117030	0				
11704	117040	0				
11705	117050	0				
11706	117060	0				
11707	117070	0				
11708	117080	0				
11709	117090	0				
11710	117100	0				
11711	117110	0				
11712	117120	0				
11713	117130	0				
11714	117140	0				
11715	117150	0				
11716	117160	0				
11717	117170	0				
11718	117180	0				
11719	117190	0				
11720	117200	0				
11721	117210	0				
11722	117220	0				
11723	117230	0				
11724	117240	0				
11725	117250	0				
11726	117260	0				
11727	117270	0				
11728	117280	0				
11729	117290	0				
11730	117300	0				
11731	117310	0				
11732	117320	0				
11733	117330	0				
11734	117340	0				
11735	117350	0				
11736	117360	0				
11737	117370	0				
11738	117380	0				
11739	117390	0				
11740	117400	0				
11741	117410	0				
11742	117420	0				
11743	117430	0				
11744	117440	0				
11745	117450	0				
11746	117460	0				
11747	117470	0				
11748	117480	0				
11749	117490	0				
11750	117500	0				
11751	117510	0				
11752	117520	0				
11753	117530	0				
11754	117540	0				
11755	117550	0				
11756	117560	0				
11757	117570	0				
11758	117580	0				
11759	117590	0				
11760	117600	0				
11761	117610	0				
11762	117620	0				
11763	117630	0				
11764	117640	0				
11765	117650	0				
11766	117660	0				
11767	117670	0				
11768	117680	0				
11769	117690	0				
11770	117700	0				
11771	117710	0				
11772	117720	0				
11773	117730	0				
11774	117740	0				
11775	117750	0				
11776	117760	0				
11777	117770	0				
11778	117780	0				
11779	117790	0				
11780	117800	0				
11781	117810	0				
11782	117820	0				
11783	117830	0				
11784	117840	0				
11785	117850	0				
11786	117860	0				
11787	117870	0				
11788	117880	0				
11789	117890	0				
11790	117900	0				
11791	117910	0				
11792	117920	0				
11793	117930	0				
11794	117940	0				
11795	117950	0				
11796	117960	0				
11797	117970	0				
11798	117980	0				
11799	117990	0				
11800	118000	0				
11801	118010	0				
11802	118020	0				
11803	118030	0				
11804	118040	0				
11805	118050	0				
11806	118060	0				
11807	118070	0				
11808	118080	0				
11809	118090	0				
11810	118100	0				
11811	118110	0				
11812	118120	0				
11813	118130	0				
11814	118140	0				
11815	118150	0				
11816	118160	0				
11817	118170	0				
11818	118180	0				
11819	118190	0				
11820	118200	0				
11821	118210	0				
11822	118220	0				
11823	118230	0				
11824	118240	0				
11825	118250	0				
11826	118260	0				
11827	118270	0				
11828	118280	0				
11829	118290	0				
11830	118300	0				
11831	118310	0				
11832	118320	0				
11833	118330	0				
11834	118340	0				
11835	118350	0				
11836	118360	0				
11837	118370	0				
11838	118380	0				
11839	118390	0				
11840	118400	0				
11841	118410	0				
11842	118420	0				
11843	118430	0				
11844	118440	0				
11845	118450	0				
11846	118460	0				
11847	118470	0				
11848	118480	0				
11849	118490	0				
11850	118500	0				
11851	118510	0				
11852	118520	0				
11853	118530	0				
11854	118540	0				
11855	118550	0				
11856	118560	0				
11857	118570	0				
11858	118580	0				
11859	118590	0				
11860	118600	0				
11861	118610	0				
11862	118620	0				
11863	118630	0				
11864	118640	0				
11865	118650	0				
11866	118660	0				
11867	118670	0				
11868	118680	0				
11869	118690	0				
11870	118700	0				
11871	118710	0				
11872	118720	0				
11873	118730	0				
11874	118740	0				
11875	118750	0				
11876	118760	0				
11877	118770	0				
11878	118780	0				
11879	118790	0				
11880	118800	0				
11881	118810	0				
11882	118820	0				
11883	118830	0				
11884	118840	0				
11885	118850	0				
11886	118860	0				
11887	118870	0				
11888	118880	0				
11889	118890	0				
11890	118900	0				
11891	118910	0				
11892	118920	0				
11893	118930	0				
11894	118940	0				
11895	118950	0				
11896	118960	0				
11897	118970	0				
11898	118980	0				
11899	118990	0				
11900	119000	0				
11901	119010	0				
11902	119020	0				
11903	119030	0				
11904	119040	0				
11905	119050	0				
11906	119060	0				
11907	119070	0				
11908	119080	0				
11909	119090	0				
11910	119100	0				
11911	119110	0				
11912	119120	0				
11913	119130	0				
11914	119140	0				
11915	119150	0				
11916	119160	0				
11917	119170	0				
11918	119180	0				
11919	119190	0				
11920	119200	0				
11921	119210	0				
11922	119220	0				
11923	119230	0				
11924	119240	0				
11925	119250	0				
11926	119260	0				
11927	119270	0				
11928	119280	0				
11929	119290	0				
11930	119300	0				
11931	119310	0				
11932	119320	0				
11933	119330	0				
11934	119340	0				
11935	119350	0				
11936	119360	0				
11937	119370	0				
11938	119380	0				
11939	119390	0				
11940	119400	0				
11941	119410	0				
11942	119420	0				
11943	119430	0				
11944	119440	0				
11945	119450	0				
11946	119460	0				
11947	119470	0				
11948	119480	0				
11949	119490	0				
11950	119500	0				
11951	119510	0				
11952	119520	0				
11953	119530	0				
11954	119540	0				
11955	119550	0				
11956	119560	0				
11957	119570	0				
11958	119580	0				
11959	119590	0				
11960	119600	0				
11961	119610	0				
11962	119620	0				
11963	119630	0				
11964	119640	0				
11965	119650	0				
11966	119660	0				
11967	119670	0				
11968	119680	0				
11969	119690	0				
11970	119700	0				
11971	119710	0				
11972	119720	0				
11973	119730	0				
11974	119740	0				
11975	119750	0				
11976	119760	0				
11977	119770	0				
11978	119780	0				
11979	119790	0				
11980	119800	0				
11981	119810	0				
11982	119820	0				
11983	119830	0				
11984	119840	0				
11985	119850	0				
11986	119860	0				
11987	119870	0				
11988	119880	0				
11989	119890	0				
11990	119900	0				
11991	119910	0				
11992	119920	0				
11993	119930	0				
11994	119940	0				
11995	119950	0				
11996	119960	0				
11997	119970	0				
11998	119980	0				
11999	119990	0				
12000	120000	0				
12001	120010	0				
12002	120020	0				
12003	120030	0				
12004	120040	0				
12005	120050	0				
12006	120060	0				
12007	120070	0				
12008	120080	0				
12009	120090	0				
12010	120100	0				
12011	120110	0				
12012	120120	0				
12013	120130	0				
12014	120140	0				
12015	120150	0				
12016	120160	0				
12017	120170	0				
12018	120180	0				
12019	120190	0				
12020	120200	0				
12021	120210	0				
12022	120220	0				
12023	120230	0				
12024	120240	0				
12025	120250	0				
12026	120260	0				
12027	120270	0				
12028	120280	0				
12029	120290	0				
12030	120300	0				
12031	120310	0				
12032	120320	0				
12033	120330	0				
12034	120340	0				
12035	120350	0				
12036	120360	0				
12037	120370	0				
12038	120380	0				
12039	120390	0				
12040	120400	0				
12041	120410	0				
12042	120420	0				
12043	120430	0				
12044	120440	0				
12045	120450	0				
12046	120460	0				
12047	120470	0				
12048	120480	0				
12049	120490	0				
12050	120500	0				
12051	120510	0				
12052	120520	0				
12053	120530	0				
12054	120540	0				
12055	120550	0				
12056	120560	0				
12057	120570	0				
12058	120580	0				
12059	120590	0				
12060	120600	0				
12061	120610	0				
12062	120620	0				
12063	120630	0				
12064	120640	0				
12065	120650	0				
12066	120660	0				
12067	120670	0				
12068	120680	0				
12069	120690	0				
12070	120700	0				
12071	120710	0				
12072	120720	0				
12073	120730	0				
12074	120740	0				
12075	120750	0				
12076	120760	0				
12077	120770	0				
12078	120780	0				
12079	120790	0				
12080	120800	0				
12081	120810	0				
12082	120820	0				
12083	120830	0				
12084	120840	0				
12085	120850	0				
12086	120860	0				
12087	120870	0				
12088	120880	0				
12089	120890	0				
12090	120900	0				
12091	120910	0				
12092	120920	0				
12093	120930	0				
12094	120940	0				
12095	120950	0				
12096	120960	0				
12097	120970	0				
12098	120980	0				
12099	120990	0				
12100	121000	0				
12101	121010	0				
12102	121020	0				
12103	121030	0				
12104	121040	0				
12105	121050	0				
12106	121060	0				
12107	121070	0				
12108	121080	0				
12109	121090	0				
12110	121100	0				
12111	121110	0				
12112	121120	0				
12113	121130	0				
12114	121140	0				
12115	121150	0				
12116	121160	0				
12117	121170	0				
12118	121180	0				
12119	121190	0				
12120	121200	0				
12121	121210	0				
12122	121220	0				
12123	121230	0				
12124	121240	0				
12125	121250	0				
12126	121260	0				
12127	121270	0				
12128	121280	0				
12129	121290	0				
12130	121300	0				
12131	121310	0				
12132	121320	0				
12133	121330	0				
12134	121340	0				
12135	121350	0				
12136	121360	0				
12137	121370	0				
12138	121380	0				
12139	121390	0				
12140	121400	0				
12141	121410	0				
12142	121420	0				
12143	121430	0				
12144	121440	0				
12145	121450	0				
12146	121460	0				
12147	121470	0				
12148	121480	0				
12149	121490	0				
12150	121500	0				
12151	121510	0				
12152	121520	0				
12153	121530	0				
12154	121540	0				
12155	121550	0				
12156	121560	0				
12157	121570	0				
12158	121580	0				
12159	121590	0				
12160	121600	0				
12161	121610	0				
12162	121620	0				
12163	121630	0				
12164	121640	0				
12165	121650	0				
12166	121660	0				
12167	121670	0				
12168	121680	0				
12169	121690	0				
12170	121700	0				
12171	121710	0				
12172	121720	0				
12173	121730	0				
12174	121740	0				
12175	121750	0				
12176	121760	0				
12177	121770	0				
12178	121780	0				
12179	121790	0				
12180	121800	0				
12181	121810	0				
12182	121820	0				
12183	121830	0				
12184	121840	0				
12185	121850	0				
12186	121860	0				
12187	121870	0				
12188	121880	0				
12189	121890	0				
12190	121900	0				
12191	121910	0				
12192	121920	0				
12193	121930	0				
12194	121940	0				
12195	121950	0				
12196	121960	0				
12197	121970	0				
12198	121980	0				
12199	121990	0				
12200	122000	0				
12201	122010	0				
12202	122020	0				
12203	122030	0				
12204	122040	0				
12205	122050	0				
12206	122060	0				
12207	122070	0				
12208	122080	0				
12209	122090	0				
12210	122100	0				
12211	122110	0				
12212	122120	0				
12213	122130	0				
12214	122140	0				
12215	122150	0				
12216	122160	0				
12217	122170	0				
12218	122180	0				
12219	122190	0				
12220	122200	0				
12221	122210	0				
12222	122220	0				
12223	122230	0				
12224	122240	0				
12225	122250	0				
12226	122260	0				
12227	122270	0				
12228	122280	0				
12229	122290	0				
12230	122300	0				
12231	122310	0				
12232	122320	0				
12233	122330	0				
12234	122340	0				
12235	122350	0				
12236	122360	0				
12237	122370	0				
12238	122380	0				
12239	122390	0				
12240	122400	0				
12241	122410	0	0			
12242	122420	0	0			
12243	122430	0	0			
12244	122440	0	0			
12245	122450	0	0	0		
12246	122460	0	0	0.0109267605633803		
12247	122470	0	0	0.023856338028169		
12248	122480	0	0.12	0.0283183098591549		
12249	122490	0	0.01	0.0503683098591549		
12250	122500	0	0	0.0746176056338028		
12251	122510	0	0	0.0824387323943662		
12252	122520	0	0	0.0800049295774648		
12253	122530	0	0	0.0792633802816901		
12254	122540	0	0	0.0824197183098592		
12255	122550	0	0	0.0870338028169014		
12256	122560	0	0	0.0904816901408451		
12257	122570	0	0	0.0979795774647888		
12258	122580	0	0	0.108247183098591		
12259	122590	0	0	0.132711971830986		
12260	122600	0	0	0.198602112676056		
12261	122610	0	0.43	0.259624647887324	0.00658376316315861	0.253040884724165
12262	122620	0	0.01	0.27237676056338	0.0355339260722067	0.236842834491173
12263	122630	0	0	0.314131690140845	0.0369824589966353	0.27714923114421
12264	122640	0	0.26	0.280806338028169	0.0373247956664431	0.243481542361726
12265	122650	0	0.35	0.230235211267606	0.0531117285441072	0.177123482723498
12266	122660	0	0	0.22165985915493	0.072788693527562	0.148871165627368
12267	122670	0	0	0.207133098591549	0.0685414652035456	0.138591633388004
12268	122680	0	0	0.176209859154929	0.0613107012787419	0.114899157876188
12269	122690	0	0		0.0495614094427969	
12270	122700	0	0		0.0408106515379884	
12271	122710	0	0		0.0352926345473691	
12272	122720	0	0		0.0307627041532263	
12273	122730	0	0		0.0269935901766854	
12274	122740	0	0.01		0.0226947743399523	
12275	122750	0	0		0.0184668053399112	
12276	122760	0	0.07		0.0150741792736232	
12277	122770	0	0.08		0.0192598335823183	
12278	122780	0	0		0.0240462242155384	
12279	122790	0	0		0.0209558494608979	
12280	122800	0	0		0.0159580151002312	
12281	122810	0	0		0.015709731562318	
12282	122820	0	0		0.0127131232218409	
12283	122830	0	0		0.0112413494209321	
12284	122840	0	0		0.00975882716559638	
12285	122850	0	0		0.00747945970054876	
12286	122860	0	0		0.00408436533253016	
12287	122870	0	0		0.00344364818207077	
12288	122880	0	0		0.00298741916125024	
12289	122890	0	0		0.00258839277041452	
12290	122900	0	0		0.00189319389833817	
12291	122910	0	0	0.212045070422535	0.00109373873061645	0.210951331691919
12292	122920	0.126228368454341	0	0.212444366197183	0.000649813891336223	0.211794552305847
12293	122930	0	0	0.175005633802817	0.000928447873717756	0.174077185929099
12294	122940	0.231526657500823	0	0.15383661971831	0.00139891812691129	0.152437701591399
12295	122950	0	0	0.144500704225352	0.00118408313042862	0.143316621094923
12296	122960	0.38606668186222	0	0.113767605633803	0.00102767494188281	0.11273993069192
12297	122970	0.264359318353179	0	0.142669014084507	0.00061845852575243	0.142050555558755
12298	122980	0.309536736967395	0	0.128192957746479	0	0.128192957746479
12299	122990	0.25071402353342	0	0.145216901408451	0	0.145216901408451
12300	123000	0	0	0.142599295774648	0	0.142599295774648
12301	123010	0.392190005171763	0	0.110199295774648	0	0.110199295774648
12302	123020	0	0	0.10009014084507	0	0.10009014084507
12303	123030	0.544968088338219	0.02	0.086387323943662	0.000213704451965991	0.086173619491696
12304	123040	0.540069347291597	0	0.0887197183098592	0.00158851144934086	0.0871312068605183
12305	123050	0.607969241979405	0	0.0796943661971831	0.00165791040957153	0.0780364557876116
12306	123060	0.569485191107506	0	0.0846633802816901	0.00154616029769824	0.0831172199839919
12307	123070	0	0	0.0862288732394366	0.00125230887093429	0.0849765643685023
12308	123080	0.718843655005611	0	0.0664098591549296	0.0010042296281896	0.06540562952674
12309	123090	0.763022534494944	0	0.0614661971830986	0.000841918692835594	0.060624278490263
12310	123100	0.858131516059184	0	0.050393661971831	0.000770391541644153	0.0496232704301868
12311	123110	0.872344565429329	0	0.0484478873239437	0.000657140276671668	0.047790747047272
12312	123120	0.870037106430958	0	0.048606338028169	0.00055642418137079	0.0480499138467982
12313	123130	0.904081819504673	0	0.0441887323943662	0.000477476990264503	0.0437112554041017
12314	123140	0.888460846749918	0	0.0460964788732395	0.000395315817794872	0.0457011630554446
12315	123150	0.912959653365566	0	0.0429211267605634	0.00037499828224249	0.0425461284783209
12316	123160	0.886230039557079	0	0.0466669014084507	0.000300269717461426	0.0463666316909893
12317	123170	0.936497930561787	0	0.0394795774647887	0.00018732380444409	0.0392922536603446
12318	123180	0.968116699257277	0	0.0334330985915493	7.49112606591539e-05	0.0333581873308902
12319	123190	0.974450767914267	0.02	0.0322732394366197	0.000286667877842295	0.0319865715587774
12320	123200	0.990676938257451	0.09	0.0298774647887324	0.00271468968425392	0.0271627751044785
12321	123210	0.999981010345731	0	0.0297	0.00899580564787049	0.0207041943521295
12322	123220	0.996660465172	0	0.0327676056338028	0.00912838807373249	0.0236392175600703
12323	123230	0.98961236215801	0	0.0368619718309859	0.00836464484201447	0.0284973269889715
12324	123240	0.978072029467498	0	0.0388521126760563	0.00663961954739392	0.0322124931286624
12325	123250	0.987793290599855	0	0.0338830985915493	0.00536095201968877	0.0285221465718605
12326	123260	0.988621775141901	0.02	0.0335218309859155	0.00477273011137032	0.0287491008745452
12327	123270	0.99736756499609	0.17	0.0315	0.00752890150512214	0.0239710984948779
12328	123280	0.989807878775086	0.01	0.0333633802816901	0.0187806653813451	0.014582714900345
12329	123290	0.996806868433059	0.01	0.0340859154929577	0.0195208925361427	0.014565022956815
12330	123300	0.987243818508323	0.06	0.0320704225352113	0.0192029579607086	0.0128674645745027
12331	123310	0.98064693258691	0	0.0330464788732394	0.020170344195108	0.0128761346781315
12332	123320	0.985238438236287	0.06	0.0303845070422535	0.0183797116889286	0.0120047953533249
12333	123330	0.972465089036551	0	0.0326091549295775	0.0199975224544464	0.012611632475131
12334	123340	0.983601572780668	0	0.0313922535211268	0.0177770687633346	0.0136151847577922
12335	123350	0.989093296084204	0	0.028812676056338	0.0150095055268258	0.0138031705295122
12336	123360	0.988038425936388	0	0.0271838028169014	0.0126963747498933	0.0144874280670082
12337	123370	0.98986579080947	0	0.0250732394366197	0.0113143965946282	0.0137588428419915
12338	123380	0.992002304086938	0	0.0237612676056338	0.00972411288399361	0.0140371547216402
12339	123390	0.987042263695341	0	0.0224239436619718	0.00860655251936583	0.013817391142606
12340	123400	0.976722317115343	0	0.0208394366197183	0.00722439109516489	0.0136150455245534
12341	123410	0.987847070726762	0	0.0199838028169014	0.00486001759578286	0.0151237852211185
12342	123420	0.992378117937988	0	0.0192612676056338	0.00351093171995285	0.015750335885681
12343	123430	0.989236593719406	0	0.0186401408450704	0.0030025714593352	0.0156375693857352
12344	123440	0.989292008722618	0	0.0180316901408451	0.00334881702865444	0.0146828731121906
12345	123450	0.990399051288662	0	0.0176577464788732	0.00297745626904859	0.0146802902098247
12346	123460	0.99075799223622	0	0.0179619718309859	0.00214639021124494	0.015815581619741
12347	123470	0.988193948463588	0	0.0175943661971831	0.00218809507701341	0.0154062711201697
12348	123480	0.994780787303508	0	0.0166943661971831	0.00092579420862442	0.0157685719885587
12349	123490	0.993856810849996	0.08	0.0165549295774648	0.00179054252566841	0.0147643870517964
12350	123500	0.968710164711472	0	0.0164028169014084	0.00738667084047304	0.0090161460609354
12351	123510	0.983565006396985	0	0.0172457746478873	0.0069965344371732	0.0102492402107141
12352	123520	0.9763448135731	0	0.0167577464788733	0.00664848508510727	0.010109261393766
12353	123530	0	0	0.0155852112676056	0.00500923548373718	0.0105759757838685
12354	123540	0	0.02	0.0155154929577465	0.00423062296472437	0.0112848699930221
12355	123550	0	0	0.0152366197183099	0.00495618622068324	0.0102804334976266
12356	123560	0	0	0.0153253521126761	0.00473947657614814	0.0105858755365279
12357	123570	0	0.06	0.0151542253521127	0.00481583476028289	0.0103383905918298
12358	123580	0	0.23	0.0156612676056338	0.0107011411420489	0.00496012646358487
12359	123590	0	0	0.0182661971830986	0.0261557504853821	-0.0078895533022835
12360	123600	0	0	0.0205922535211268	0.0261276325671824	-0.00553537904605564
12361	123610	0	0.01	0.0202119718309859	0.0239150069329297	-0.0037030351019438
12362	123620	0	0.64	0.0194704225352113	0.0269052582344127	-0.00743483569920142
12363	123630	0	0.02	0.0223795774647887	0.0672551422374936	-0.0448755647727048
12364	123640	0	0	0.0272725352112676	0.0681850863299219	-0.0409125511186543
12365	123650	0	0	0.0255929577464789	0.0632792874516051	-0.0376863297051262
12366	123660	0	0	0.0233683098591549	0.0523815757940339	-0.029013265934879
12367	123670	0	0	0.0207823943661972	0.0426985699584985	-0.0219161755923014
12368	123680	0	0	0.0194260563380282	0.0356816039474706	-0.0162555476094424
12369	123690	0	0	0.0179112676056338	0.0321875147015644	-0.0142762470959306
12370	123700	0	0	0.0162190140845071	0.0273633453098721	-0.0111443312253651
12371	123710	0	0	0.0156105633802817	0.022881033940874	-0.00727047056059228
12372	123720	0	0	0.0145457746478873	0.0186018970280819	-0.00405612238019457
12373	123730	0	0	0.0140767605633803	0.0145170830089932	-0.000440322445612897
12374	123740	0	0	0.0137091549295775	0.0140326143404992	-0.000323459410921696
12375	123750	0	0	0.0128598591549296	0.0125379166042856	0.000321942550643956
12376	123760	0	0.01	0.0125302816901409	0.00898415985192052	0.00354612183822033
12377	123770	0	0.03	0.0119281690140845	0.00559837788447603	0.00632979112960848
12378	123780	0	0	0.011712676056338	0.0074817856295692	0.00423089042676883
12379	123790	0	0	0.0113894366197183	0.00869196848133059	0.00269746813838773
12380	123800	0	0.42	0.0114274647887324	0.0137255109613306	-0.00229804617259815
12381	123810	0	0	0.0116366197183099	0.0398984094434339	-0.028261789725124
12382	123820	0	0	0.0109077464788732	0.0418127215286861	-0.0309049750498129
12383	123830	0	0	0.0109901408450704	0.0342720546931766	-0.0232819138481061
12384	123840	0	0	0.0107112676056338	0.0277826437404222	-0.0170713761347884
12385	123850	0	0	0.0106732394366197	0.0223527446976744	-0.0116795052610547
12386	123860	0	0.24	0.0426295774647887	0.0213181207403278	0.0213114567244609
12387	123870	0	0	0.0518514084507042	0.0361542331609117	0.0156971752897925
12388	123880	0	0	0.0486380281690141	0.034475343592777	0.0141626845762371
12389	123890	0	0.11	0.040030985915493	0.0321268381490728	0.00790414776642012
12390	123900	0	0.68	0.0387380281690141	0.0416015540633987	-0.0028635258943846
12391	123910	0	0	0.122564788732395	0.0837987255791958	0.0387660631531987
12392	123920	0	0	0.140171830985916	0.0829996724078186	0.0571721585780969
12393	123930	0	0	0.108823943661972	0.075199210717646	0.0336247329443259
12394	123940	0	0	0.0837887323943662	0.0602628069399264	0.0235259254544398
12395	123950	0	0.05	0.0653260563380282	0.0479040539901275	0.0174220023479007
12396	123960	0	0.01	0.0527577464788732	0.0444622294265272	0.00829551705234607
12397	123970	0	0.15	0.0465464788732394	0.0447797830590234	0.00176669581421608
12398	123980	0	0.1	0.0563894366197183	0.0515612639117707	0.00482817270794766
12399	123990	0	1.14	0.0578281690140845	0.0641639232215454	-0.00633575420746092
12400	124000	0	0.44	0.139341549295775	0.142172380922611	-0.00283083162683595
12401	124010	0	0.08	0.200243661971831	0.166435156090891	0.0338085058809395
12402	124020	0	0	0.195978169014085	0.162376402696156	0.0336017663179283
12403	124030	0	0.05	0.169288732394366	0.139140169491457	0.0301485629029089
12404	124040	0	0.36	0.140431690140845	0.119557790415072	0.0208738997257733
12405	124050	0	0.83	0.151206338028169	0.131358636914074	0.0198477011140946
12406	124060	0	0.21	0.22268661971831	0.182253195584854	0.0404334241334562
12407	124070	0	0.54	0.240718309859155	0.194122010636129	0.046596299223026
12408	124080	0	0.61	0.253457746478873	0.218694054414788	0.0347636920640846
12409	124090	0	0.49	0.264612676056338	0.239314794956785	0.0252978810995531
12410	124100	0	0.08	0.293495070422535	0.248919275826877	0.044575794595658
12411	124110	0	0	0.267071830985915	0.224044914072855	0.0430269169130603
12412	124120	0	0	0.225380281690141	0.192745975211614	0.0326343064785269
12413	124130	0	0.18	0.19433661971831	0.158981521527192	0.0353550981911175
12414	124140	0	0	0.168103521126761	0.141552655228619	0.0265508658981412
12415	124150	0	0	0.139652112676056	0.123763883239562	0.0158882294364941
12416	124160	0	0	0.111644366197183	0.113363015533634	-0.0017186493364507
12417	124170	0	0	0.0910077464788733	0.102387148632385	-0.0113794021535113
12418	124180	0	0	0.0764112676056338	0.0830285082554845	-0.00661724064985068
12419	124190	0	0	0.063880985915493	0.0683881078423093	-0.00450712192681629
12420	124200	0	0	0.0544753521126761	0.0487617744076285	0.00571357770504753
12421	124210	0	0.02	0.0482514084507043	0.0389807980770881	0.00927061037361611
12422	124220	0	0.84	0.0928077464788732	0.0434744678854884	0.0493332785933847
12423	124230	0	0.31	0.143252112676056	0.0982017899353445	0.0450503227407118
12424	124240	0	0	0.134714788732395	0.118431375451185	0.0162834132812098
12425	124250	0	0	0.110307042253521	0.115181048711867	-0.00487400645834617
12426	124260	0	0	0.0918823943661972	0.0952815160746994	-0.00339912170850216
12427	124270	0	0	0.0762084507042254	0.077303682173217	-0.00109523146899164
12428	124280	0	0	0.0645464788732394	0.0608248162051107	0.00372166266812878
12429	124290	0	0	0.0552169014084507	0.0509945777996476	0.00422232360880313
12430	124300	0	0	0.0491894366197183	0.0421964170324126	0.00699301958730574
12431	124310	0	0.36	0.0451774647887324	0.0395859904780222	0.00559147431071019
12432	124320	0	0.02	0.045906338028169	0.0589755131569139	-0.0130691751287449
12433	124330	0	0.53	0.0454753521126761	0.062864754460397	-0.017389402347721
12434	124340	0	0.91	0.065668309859155	0.103485494487592	-0.0378171846284367
12435	124350	0	0	0.123997183098592	0.158910742085753	-0.0349135589871611
12436	124360	0	0	0.128465492957747	0.148333305370818	-0.0198678124130713
12437	124370	0	0	0.106542253521127	0.125818000066703	-0.0192757465455762
12438	124380	0	0.59	0.0935429577464789	0.108995483178049	-0.0154525254315706
12439	124390	0	0.13	0.175474647887324	0.137082247919962	0.0383923999673616
12440	124400	0	0	0.258369718309859	0.139263577554632	0.119106140755227
12441	124410	0	0	0.232035211267606	0.126208005345019	0.105827205922587
12442	124420	0	0	0.196111267605634	0.107610532714376	0.0885007348912577
12443	124430	0	0.06	0.164604929577465	0.0859181472283946	0.0786867823490703
12444	124440	0	0.01	0.145907746478873	0.0742174060210351	0.071690340457838
12445	124450	0	0	0.129162676056338	0.0655634313218666	0.0635992447344715
12446	124460	0	0	0.104742253521127	0.0564159151314516	0.0483263383896751
12447	124470	0	0	0.0917683098591549	0.045230537799152	0.0465377720600029
12448	124480	0	0	0.0776978873239437	0.0348836642664887	0.0428142230574549
12449	124490	0	0.01	0.0682478873239437	0.0268193284198039	0.0414285589041398
12450	124500	0	0	0.0618147887323944	0.0272166455530519	0.0345981431793425
12451	124510	0	0.07	0.0561422535211268	0.030643033815573	0.0254992197055538
12452	124520	0	0	0.0520288732394366	0.0278128667435926	0.024216006495844
12453	124530	0	0	0.0464640845070423	0.0211984660316752	0.0252656184753671
12454	124540	0	0	0.0430035211267606	0.0170126717926248	0.0259908493341358
12455	124550	0	0.59	0.0418119718309859	0.0177582286829555	0.0240537431480304
12456	124560	0	0.23	0.0485049295774648	0.0609693146529053	-0.0124643850754405
12457	124570	0	0.32	0.058487323943662	0.079403373494672	-0.02091604955101
12458	124580	0	0.01	0.0761704225352113	0.0988454447699263	-0.022675022234715
12459	124590	0	0.47	0.0861591549295775	0.0908669024908964	-0.00470774756131895
12460	124600	0	0.07	0.0965598591549296	0.110346979516518	-0.0137871203615882
12461	124610	0	0.03	0.110085211267606	0.104546209478576	0.00553900178902902
12462	124620	0	0.2	0.111878873239437	0.097753138933725	0.0141257343057116
12463	124630	0	0.21	0.114851408450704	0.0996054664033611	0.0152459420473431
12464	124640	0	0	0.107524647887324	0.101444749573118	0.00607989831420643
12465	124650	0	0	0.0948612676056338	0.0901240230888131	0.00473724451682071
12466	124660	0	0.04	0.0847267605633803	0.0784710444010521	0.00625571616232826
12467	124670	0	0.37	0.0788007042253521	0.0736007336379622	0.00519997058738986
12468	124680	0	0.16	0.0948929577464788	0.0902788854760177	0.00461407227046118
12469	124690	0	0.18	0.120669718309859	0.0950107305764581	0.025658987733401
12470	124700	0	0.09	0.132274647887324	0.095868009840339	0.0364066380469849
12471	124710	0	0.12	0.127343661971831	0.0909760403701616	0.0363676216016693
12472	124720	0	0.31	0.132902112676056	0.091063426982246	0.0418386856938104
12473	124730	0	0.19	0.150084507042254	0.103650146121275	0.0464343609209781
12474	124740	0	0	0.154704929577465	0.106245066708583	0.0484598628688813
12475	124750	0	0.02	0.144006338028169	0.0972462042420107	0.0467601337861584
12476	124760	0	0	0.128224647887324	0.0820199928193764	0.0462046550679475
12477	124770	0	0	0.109527464788732	0.0680196282088135	0.0415078365799187
12478	124780	0	0.01	0.0952669014084507	0.0540755640180104	0.0411913373904403
12479	124790	0	0	0.0845112676056338	0.0501851793212978	0.034326088284336
12480	124800	0	0.07	0.0741802816901409	0.0424070727766419	0.031773208913499
12481	124810	0	0.56	0.0684760563380282	0.0455011246116895	0.0229749317263387
12482	124820	0	0.04	0.0679753521126761	0.0774073463222088	-0.00943199420953274
12483	124830	0	0.04	0.0684823943661972	0.0764488671449055	-0.00796647277870831
12484	124840	0	0.04	0.0721077464788733	0.0724662525071388	-0.00035850602826551
12485	124850	0	0.07	0.0774633802816902	0.0651764446008436	0.0122869356808466
12486	124860	0	0.26	0.0821725352112676	0.0611303474025837	0.0210421878086839
12487	124870	0	0	0.0901267605633803	0.0706405667708356	0.0194861937925447
12488	124880	0	0.33	0.089080985915493	0.0671118030098127	0.0219691829056803
12489	124890	0	0	0.0949183098591549	0.0829785404939696	0.0119397693651853
12490	124900	0	0.23	0.0966676056338028	0.0775873818962222	0.0190802237375806
12491	124910	0	0.08	0.0973077464788732	0.084194123906426	0.0131136225724472
12492	124920	0	0	0.0987845070422534	0.0792980358169094	0.019486471225344
12493	124930	0	0.52	0.096756338028169	0.0749588889258065	0.0217974491023625
12494	124940	0	0	0.0889605633802817	0.0979863377836949	-0.00902577440341318
12495	124950	0	0.31	0.0806387323943662	0.092477402426835	-0.0118386700324688
12496	124960	0	0.14	0.0747443661971831	0.102623498405322	-0.0278791322081391
12497	124970	0	0.01	0.0684950704225352	0.101148430135948	-0.0326533597134128
12498	124980	0	0.54	0.0644197183098592	0.0987055870443944	-0.0342858687345352
12499	124990	0	0	0.0597232394366197	0.122310947858697	-0.0625877084220769
12500	125000	0	0.56	0.0555845070422535	0.117284787938556	-0.0617002808963021
12501	125010	0	0	0.0522190140845071	0.141936181348409	-0.0897171672639016
12502	125020	0	0.14	0.0484352112676056	0.12597397351381	-0.077538762246204
12503	125030	0	0	0.0498929577464789	0.119483851045511	-0.0695908932990322
12504	125040	0	0.01	0.0606739436619718	0.101155496954745	-0.0404815532927732
12505	125050	0	0.01	0.0676457746478873	0.0884651327150692	-0.0208193580671818
12506	125060	0	0	0.110028169014085	0.075537853715166	0.0344903152989186
12507	125070	0	0	0.120980281690141	0.0631055087336553	0.0578747729564855
12508	125080	0	0	0.132407746478873	0.0533984931605404	0.0790092533183328
12509	125090	0	0	0.12844647887324	0.0420214999990607	0.0864249788741789
12510	125100	0	0	0.118711267605634	0.0381816966963302	0.0805295709093037
12511	125110	0	0	0.133314084507042	0.031174118633114	0.102139965873928
12512	125120	0	0	0.122621830985916	0.0258742804487992	0.0967475505371165
12513	125130	0	0	0.131444366197183	0.021950871220203	0.10949349497698
12514	125140	0	0.3	0.131824647887324	0.0168572739394049	0.114967373947919
12515	125150	0	0	0.156181690140845	0.0362479330697734	0.119933757071072
12516	125160	0	0	0.195997183098592	0.0348702039749422	0.161126979123649
12517	125170	0	0.05	0.212824647887324	0.0325562505554082	0.180268397331916
12518	125180	0	0.1	0.218097887323944	0.0340621937935349	0.184035693530409
12519	125190	0	0.13	0.20423661971831	0.0332281976942164	0.171008422024094
12520	125200	0	0.01	0.192390845070423	0.0409462128687261	0.151444632201696
12521	125210	0	0.04	0.178250704225352	0.0353856814255143	0.142865022799838
12522	125220	0	0	0.156745774647887	0.0339445959924589	0.122801178655428
12523	125230	0	0	0.132800704225352	0.0278568285472776	0.104943875678074
12524	125240	0	0	0.108012676056338	0.0236818175685521	0.084330858487786
12525	125250	0	0	0.0943415492957746	0.0199810570419368	0.0743604922538378
12526	125260	0	0.37	0.0837760563380282	0.0216922320552775	0.0620838242827507
12527	125270	0	0.02	0.0802647887323943	0.0444214703640676	0.0358433183683267
12528	125280	0	0	0.0757394366197184	0.0439314959894195	0.0318079406302989
12529	125290	0	0	0.0687359154929578	0.0389957127022048	0.0297402027907529
12530	125300	0	0	0.0617957746478873	0.0323551311765337	0.0294406434713536
12531	125310	0	0	0.0564654929577465	0.0278579388308533	0.0286075541268931
12532	125320	0	0	0.0522633802816902	0.0234774123037031	0.0287859679779871
12533	125330	0	0	0.0510147887323944	0.0195933272277766	0.0314214615046178
12534	125340	0	0	0.0489802816901408	0.0172039182951178	0.031776363395023
12535	125350	0	0	0.0460457746478873	0.0131338784354383	0.0329118962124491
12536	125360	0	0	0.0435929577464789	0.0118974019561816	0.0316955557902973
12537	125370	0	0	0.0409119718309859	0.0102460509708855	0.0306659208601005
12538	125380	0	0	0.0384084507042254	0.00932027152099155	0.0290881791832338
12539	125390	0	0	0.0366654929577465	0.00737498605863793	0.0292905068991086
12540	125400	0	0	0.0345232394366197	0.00408632928132086	0.0304369101552989
12541	125410	0	0	0.0330464788732394	0.00188241138951465	0.0311640674837248
12542	125420	0	0	0.0313732394366197	0.00142473463937076	0.029948504797249
12543	125430	0	0	0.0300992957746479	0.00311636514559923	0.0269829306290487
12544	125440	0	0.05	0.0288950704225352	0.00420625308188529	0.0246888173406499
12545	125450	0	0	0.0284197183098592	0.00641104459942088	0.0220086737104383
12546	125460	0	0.48	0.0279316901408451	0.01225568448568	0.0156760056551651
12547	125470	0	0	0.0275387323943662	0.0421442901598643	-0.0146055577654981
12548	125480	0		0.0267528169014085		
12549	125490	0		0.0260112676056338		
12550	125500	0		0.0247943661971831		
12551	125510	0		0.0245028169014085		
12552	125520	0		0.0235711267605634		
12553	125530	0		0.0217774647887324		
12554	125540	0		0.0229119718309859		
12555	125550	0		0.0205288732394366		
12556	125560	0		0.0208964788732394		
12557	125570	0		0.0179556338028169		
12558	125580	0		0.0196669014084507		
12559	125590	0		0.0191281690140845		
