timestep	time	P	Q	Qfitted	Qresidual
23	230	0.125	0.928457746478873		
24	240	0	0.792348591549296		
25	250	0.1	0.70084647887324		
26	260	0.05	0.654040140845071		
27	270	0	0.431220422535211		
28	280	0	0.453035915492958		
29	290	0	0.404670422535211		
30	300	0	0.369880985915493		
31	310	0	0.324880985915493		
32	320	0	0.229075352112676		
33	330	0	0.223985915492958		
34	340	0	0.175994366197183		
35	350	0	0.146230985915493		
36	360	0	0.121411267605634		
37	370	0	0.094062676056338		
38	380	0	0.0849295774647887		
39	390	0	0.0642612676056338		
40	400	0	0.0624739436619718		
41	410	0	0.0568014084507042		
42	420	0.5	0.0552042253521127		
43	430	0	0.106637323943662		
44	440	0	0.0928267605633803		
45	450	0.025	0.099424647887324		
46	460	0.275	0.100983802816901		
47	470	0	0.110326056338028		
48	480	0	0.100692253521127		
49	490	0	0.0857598591549296		
50	500	0	0.0750042253521127		
51	510	0	0.0637732394366197		
52	520	0	0.0538161971830986		
53	530	0	0.047243661971831		
54	540	0	0.0403605633802817		
55	550	0	0.0389028169014084		
56	560	0	0.0329514084507042		
57	570	0	0.0315950704225352		
58	580	0	0.0262394366197183		
59	590	0	0.0219676056338028		
60	600	0	0.022037323943662		
61	610	0	0.0176070422535211		
62	620	0	0.0190584507042254		
63	630	0	0.0177338028169014		
64	640	0	0.0191091549295775		
65	650	0	0.0204528169014084		
66	660	0.2	0.0197366197183099		
67	670	0	0.0232795774647887		
68	680	0	0.0260176056338028		
69	690	0.25	0.0391056338028169		
70	700	0.05	0.0705802816901409		
71	710	0	0.0750232394366197		
72	720	0	0.0711823943661972		
73	730	0.075	0.0588042253521127		
74	740	0	0.0523964788732394		
75	750	0	0.0437894366197183		
76	760	0.025	0.0387507042253521		
77	770	0.05	0.0335471830985915		
78	780	0.025	0.0284514084507042		
79	790	0	0.0254281690140845		
80	800	0	0.0227978873239437		
81	810	0	0.0214859154929577		
82	820	0	0.0192105633802817		
83	830	1.45	0.0182028169014085		
84	840	0.7	0.0389281690140845		
85	850	0.55	0.111479577464789		
86	860	0	0.156745774647887		
87	870	0	0.126076056338028		
88	880	0	0.0942464788732394		
89	890	0	0.0780274647887324		
90	900	0	0.0641852112676057		
91	910	0	0.0546845070422535		
92	920	0	0.048130985915493		
93	930	1.125	0.0441		
94	940	0.875	0.162507042253521		
95	950	0	0.335021830985915		
96	960	0.125	0.267654929577465		
97	970	0	0.187364788732394		
98	980	0	0.122552112676056		
99	990	0	0.0942401408450704		
100	1000	0	0.0761323943661972		
101	1010	0	0.0651295774647887		
102	1020	0.25	0.060756338028169		
103	1030	0.05	0.0802014084507042		
104	1040	0	0.104983098591549		
105	1050	0	0.0934669014084507		
106	1060	0.475	0.0845112676056338		
107	1070	0.125	0.0941450704225353		
108	1080	0.375	0.109939436619718		
109	1090	0.25	0.136128169014085		
110	1100	0.375	0.151548591549296		
111	1110	0.275	0.191091549295775		
112	1120	0.15	0.220658450704226		
113	1130	0.175	0.226774647887324		
114	1140	0.25	0.198469014084507		
115	1150	0.025	0.178117605633803		
116	1160	0.075	0.143657746478873		
117	1170	0.05	0.137649295774648		
118	1180	0.175	0.126247183098591		
119	1190	0.2	0.106567605633803		
120	1200	0	0.101357746478873		
121	1210	0	0.0951211267605634		
122	1220	0	0.125987323943662		
123	1230	0	0.130785211267606		
124	1240	0	0.115618309859155		
125	1250	0	0.102733098591549		
126	1260	0	0.0853922535211268		
127	1270	0	0.0731154929577465		
128	1280	0	0.0621443661971831		
129	1290	0	0.0526119718309859		
130	1300	0.075	0.0484922535211268		
131	1310	0.175	0.0438401408450704		
132	1320	0	0.0407154929577465		
133	1330	0.35	0.0387316901408451		
134	1340	0.025	0.043206338028169		
135	1350	0	0.0458429577464789		
136	1360	0.875	0.0483274647887324		
137	1370		0.0776915492957746		
138	1380	1.3	0.180880985915493		
139	1390		0.401647183098591		
140	1400		0.38269014084507		
141	1410		0.34232323943662		
142	1420		0.30047323943662		
143	1430		0.259941549295775		
144	1440		0.224505633802817		
145	1450		0.184030985915493		
146	1460		0.190622535211267		
147	1470		0.173782394366197		
148	1480		0.14772676056338		
149	1490		0.138485915492958		
150	1500		0.121969014084507		
151	1510		0.1233		
152	1520		0.118933098591549		
153	1530		0.121075352112676		
154	1540		0.121151408450704		
155	1550		0.128059859154929		
156	1560		0.137072535211268		
157	1570		0.116632394366197		
158	1580		0.102619014084507		
159	1590		0.12972676056338		
160	1600		0.168458450704225		
161	1610		0.160966901408451		
162	1620		0.134410563380282		
163	1630		0.108291549295775		
164	1640		0.104026056338028		
165	1650		0.133707042253521		
166	1660		0.146148591549296		
167	1670		0.125866901408451		
168	1680		0.104374647887324		
169	1690		0.0969654929577465		
170	1700	0.025	0.0910838028169014		
171	1710	0	0.0884725352112676		
172	1720	0	0.0837443661971831		
173	1730		0.124123943661972		
174	1740		0.311425352112676		
175	1750		0.470097887323944		
176	1760		0.426428873239437		
177	1770		0.483566197183099		
178	1780		0.457257042253521		
179	1790		0.361464084507042		
180	1800		0.28452676056338		
181	1810		0.22455		
182	1820		0.168889436619718		
183	1830		0.131837323943662		
184	1840		0.106257042253521		
185	1850		0.094474647887324		
186	1860		0.0873633802816902		
187	1870		0.106928873239437		
188	1880		0.24615		
189	1890		0.255175352112676		
190	1900		0.227915492957746		
191	1910		0.194507746478873		
192	1920		0.160624647887324		
193	1930		0.128909154929578		
194	1940		0.104197183098592		
195	1950		0.0937457746478873		
196	1960		0.0836429577464789		
197	1970		0.0761133802816901		
198	1980		0.069274647887324		
199	1990		0.0635577464788733		
200	2000		0.0620176056338028		
201	2010		0.0614852112676056		
202	2020		0.0631204225352113		
203	2030		0.0605345070422535		
204	2040		0.0594443661971831		
205	2050		0.0605915492957747		
206	2060		0.0639		
207	2070		0.065230985915493		
208	2080		0.063		
209	2090		0.0625690140845071		
210	2100		0.0619605633802817		
211	2110		0.0615739436619718		
212	2120		0.0683176056338028		
213	2130		0.0759992957746479		
214	2140		0.0753718309859155		
215	2150		0.0700225352112676		
216	2160		0.0647112676056338		
217	2170		0.0605028169014085		
218	2180		0.0556415492957746		
219	2190		0.0530619718309859		
220	2200		0.0494239436619719		
221	2210		0.0466098591549296		
222	2220		0.0455767605633803		
223	2230		0.0453549295774648		
224	2240		0.050380985915493		
225	2250		0.0567887323943662		
226	2260		0.0633866197183099		
227	2270		0.0635007042253521		
228	2280		0.0626577464788733		
229	2290		0.0586964788732395		
230	2300		0.0528908450704225		
231	2310		0.0493922535211268		
232	2320		0.0456401408450704		
233	2330		0.0441823943661972		
234	2340		0.0429464788732394		
235	2350		0.0420464788732394		
236	2360		0.0396380281690141		
237	2370		0.0377112676056338		
238	2380		0.0362852112676056		
239	2390		0.033737323943662		
240	2400		0.0322795774647887		
241	2410		0.0309992957746479		
242	2420		0.031062676056338		
243	2430		0.0284767605633803		
244	2440		0.0295225352112676		
245	2450		0.0272408450704225		
246	2460		0.0273992957746479		
247	2470		0.0268542253521127		
248	2480		0.0253584507042254		
249	2490		0.0235521126760563		
250	2500		0.021619014084507		
251	2510		0.0330718309859155		
252	2520		0.0325521126760564		
253	2530		0.0347704225352113		
254	2540		0.027906338028169		
255	2550		0.0232669014084507		
256	2560		0.0245535211267606		
257	2570		0.0206619718309859		
258	2580		0.019362676056338		
259	2590		0.0181647887323944		
260	2600				
261	2610				
262	2620				
263	2630				
264	2640				
265	2650				
266	2660				
267	2670				
268	2680				
269	2690				
270	2700				
271	2710				
272	2720				
273	2730				
274	2740				
275	2750				
276	2760				
277	2770				
278	2780				
279	2790				
280	2800				
281	2810				
282	2820				
283	2830				
284	2840				
285	2850				
286	2860				
287	2870				
288	2880				
289	2890				
290	2900				
291	2910				
292	2920				
293	2930				
294	2940				
295	2950				
296	2960				
297	2970				
298	2980				
299	2990				
300	3000				
301	3010				
302	3020				
303	3030				
304	3040				
305	3050				
306	3060				
307	3070				
308	3080				
309	3090				
310	3100				
311	3110				
312	3120				
313	3130				
314	3140				
315	3150				
316	3160				
317	3170				
318	3180				
319	3190				
320	3200				
321	3210				
322	3220				
323	3230				
324	3240				
325	3250				
326	3260				
327	3270				
328	3280				
329	3290				
330	3300				
331	3310				
332	3320				
333	3330				
334	3340				
335	3350				
336	3360				
337	3370				
338	3380				
339	3390				
340	3400				
341	3410				
342	3420				
343	3430				
344	3440				
345	3450				
346	3460				
347	3470				
348	3480				
349	3490				
350	3500				
351	3510				
352	3520				
353	3530				
354	3540				
355	3550				
356	3560				
357	3570				
358	3580				
359	3590				
360	3600				
361	3610				
362	3620				
363	3630				
364	3640				
365	3650				
366	3660				
367	3670				
368	3680				
369	3690				
370	3700				
371	3710				
372	3720				
373	3730				
374	3740				
375	3750				
376	3760				
377	3770				
378	3780				
379	3790				
380	3800				
381	3810				
382	3820				
383	3830				
384	3840				
385	3850				
386	3860				
387	3870				
388	3880				
389	3890				
390	3900				
391	3910				
392	3920				
393	3930				
394	3940				
395	3950				
396	3960				
397	3970				
398	3980				
399	3990				
400	4000				
401	4010				
402	4020				
403	4030				
404	4040				
405	4050				
406	4060				
407	4070				
408	4080				
409	4090				
410	4100				
411	4110				
412	4120				
413	4130				
414	4140				
415	4150				
416	4160				
417	4170				
418	4180				
419	4190				
420	4200				
421	4210				
422	4220				
423	4230				
424	4240				
425	4250				
426	4260				
427	4270				
428	4280				
429	4290				
430	4300				
431	4310				
432	4320				
433	4330				
434	4340				
435	4350				
436	4360				
437	4370				
438	4380				
439	4390				
440	4400				
441	4410				
442	4420				
443	4430				
444	4440				
445	4450				
446	4460				
447	4470				
448	4480				
449	4490				
450	4500				
451	4510				
452	4520				
453	4530				
454	4540				
455	4550				
456	4560				
457	4570				
458	4580				
459	4590				
460	4600				
461	4610				
462	4620				
463	4630				
464	4640				
465	4650				
466	4660				
467	4670				
468	4680				
469	4690				
470	4700				
471	4710				
472	4720				
473	4730				
474	4740				
475	4750				
476	4760				
477	4770				
478	4780				
479	4790				
480	4800				
481	4810				
482	4820				
483	4830				
484	4840				
485	4850				
486	4860				
487	4870				
488	4880				
489	4890				
490	4900				
491	4910				
492	4920				
493	4930				
494	4940				
495	4950				
496	4960				
497	4970				
498	4980				
499	4990				
500	5000				
501	5010				
502	5020				
503	5030				
504	5040				
505	5050				
506	5060				
507	5070				
508	5080				
509	5090				
510	5100				
511	5110				
512	5120				
513	5130				
514	5140				
515	5150				
516	5160				
517	5170				
518	5180				
519	5190				
520	5200				
521	5210				
522	5220				
523	5230				
524	5240				
525	5250				
526	5260				
527	5270				
528	5280				
529	5290				
530	5300				
531	5310				
532	5320				
533	5330				
534	5340				
535	5350				
536	5360				
537	5370				
538	5380				
539	5390				
540	5400				
541	5410				
542	5420				
543	5430				
544	5440				
545	5450				
546	5460				
547	5470				
548	5480				
549	5490				
550	5500				
551	5510				
552	5520				
553	5530				
554	5540				
555	5550				
556	5560				
557	5570				
558	5580				
559	5590				
560	5600				
561	5610				
562	5620				
563	5630				
564	5640				
565	5650				
566	5660				
567	5670				
568	5680				
569	5690				
570	5700				
571	5710				
572	5720				
573	5730				
574	5740				
575	5750				
576	5760				
577	5770				
578	5780				
579	5790				
580	5800				
581	5810				
582	5820				
583	5830				
584	5840				
585	5850				
586	5860				
587	5870				
588	5880				
589	5890				
590	5900				
591	5910				
592	5920				
593	5930				
594	5940				
595	5950				
596	5960				
597	5970				
598	5980				
599	5990				
600	6000				
601	6010				
602	6020				
603	6030				
604	6040				
605	6050				
606	6060				
607	6070				
608	6080				
609	6090				
610	6100				
611	6110				
612	6120				
613	6130				
614	6140				
615	6150				
616	6160				
617	6170				
618	6180				
619	6190				
620	6200				
621	6210				
622	6220				
623	6230				
624	6240				
625	6250				
626	6260				
627	6270				
628	6280				
629	6290				
630	6300				
631	6310				
632	6320				
633	6330				
634	6340				
635	6350				
636	6360				
637	6370				
638	6380				
639	6390				
640	6400				
641	6410				
642	6420				
643	6430				
644	6440				
645	6450				
646	6460				
647	6470				
648	6480				
649	6490				
650	6500				
651	6510				
652	6520				
653	6530				
654	6540				
655	6550				
656	6560				
657	6570				
658	6580				
659	6590				
660	6600				
661	6610				
662	6620				
663	6630				
664	6640				
665	6650				
666	6660				
667	6670				
668	6680				
669	6690				
670	6700				
671	6710				
672	6720				
673	6730				
674	6740				
675	6750				
676	6760				
677	6770				
678	6780				
679	6790				
680	6800				
681	6810				
682	6820				
683	6830				
684	6840				
685	6850				
686	6860				
687	6870				
688	6880				
689	6890				
690	6900				
691	6910				
692	6920				
693	6930				
694	6940				
695	6950				
696	6960				
697	6970				
698	6980				
699	6990				
700	7000				
701	7010				
702	7020				
703	7030				
704	7040				
705	7050				
706	7060				
707	7070				
708	7080				
709	7090				
710	7100				
711	7110				
712	7120				
713	7130				
714	7140				
715	7150				
716	7160				
717	7170				
718	7180				
719	7190				
720	7200				
721	7210				
722	7220				
723	7230				
724	7240				
725	7250				
726	7260				
727	7270				
728	7280				
729	7290				
730	7300				
731	7310				
732	7320				
733	7330				
734	7340				
735	7350				
736	7360				
737	7370				
738	7380				
739	7390				
740	7400				
741	7410				
742	7420				
743	7430				
744	7440				
745	7450				
746	7460				
747	7470				
748	7480				
749	7490				
750	7500				
751	7510				
752	7520				
753	7530				
754	7540				
755	7550				
756	7560				
757	7570				
758	7580				
759	7590				
760	7600				
761	7610				
762	7620				
763	7630				
764	7640				
765	7650				
766	7660				
767	7670				
768	7680				
769	7690				
770	7700				
771	7710				
772	7720				
773	7730				
774	7740				
775	7750				
776	7760				
777	7770				
778	7780				
779	7790				
780	7800				
781	7810				
782	7820				
783	7830				
784	7840				
785	7850				
786	7860				
787	7870				
788	7880				
789	7890				
790	7900				
791	7910				
792	7920				
793	7930				
794	7940				
795	7950				
796	7960				
797	7970				
798	7980				
799	7990				
800	8000				
801	8010				
802	8020				
803	8030				
804	8040				
805	8050				
806	8060				
807	8070				
808	8080				
809	8090				
810	8100				
811	8110				
812	8120				
813	8130				
814	8140				
815	8150				
816	8160				
817	8170				
818	8180				
819	8190				
820	8200				
821	8210				
822	8220				
823	8230				
824	8240				
825	8250				
826	8260				
827	8270				
828	8280				
829	8290				
830	8300				
831	8310				
832	8320				
833	8330				
834	8340				
835	8350				
836	8360	0			
837	8370	0			
838	8380	0.125			
839	8390	0			
840	8400	0			
841	8410	0.175			
842	8420	0			
843	8430	0			
844	8440	0			
845	8450	0			
846	8460	0			
847	8470	0			
848	8480	0			
849	8490	0			
850	8500	0	0.0410197183098592		
851	8510	0	0.0654274647887324		
852	8520	0	0.107429577464789		
853	8530	0	0.177971830985915		
854	8540	0	0.217242253521127		
855	8550	0	0.18488661971831		
856	8560	0	0.14997676056338		
857	8570	0	0.119129577464789		
858	8580	0	0.118337323943662		
859	8590	0	0.115624647887324		
860	8600	0	0.110129577464789		
861	8610	0	0.109261267605634		
862	8620	0	0.0979035211267606		
863	8630	0	0.137706338028169		
864	8640	0	0.16277323943662		
865	8650	0.125	0.292785211267606		
866	8660	0	0.421637323943662		
867	8670	0.55	0.315640140845071		
868	8680	0.3	0.425040845070423		
869	8690	0.175	0.310278169014085		
870	8700	0	0.263091549295775		
871	8710	0	0.220772535211268		
872	8720	0	0.141280985915493		
873	8730	0.325	0.133624647887324		
874	8740	0	0.118939436619718		
875	8750	0	0.0995894366197184		
876	8760	0	0.0888338028169014		
877	8770	0	0.0833894366197183		
878	8780	0	0.0829014084507042		
879	8790	0	0.08235		
880	8800	0	0.0810950704225352		
881	8810	0	0.0801760563380282		
882	8820	0	0.0772288732394366		
883	8830	0	0.0745035211267605		
884	8840	0	0.0730711267605634		
885	8850	0	0.0718035211267606		
886	8860	0	0.0709225352112676		
887	8870	0.5	0.0721838028169014		
888	8880	0	0.0684633802816901		
889	8890	0	0.0643119718309859		
890	8900	0	0.065680985915493		
891	8910	0	0.0593619718309859		
892	8920	0	0.0596852112676056		
893	8930	0	0.0656746478873239		
894	8940	0	0.0595711267605634		
895	8950	0	0.0542598591549296		
896	8960	0	0.0471866197183099		
897	8970	0	0.0476366197183099		
898	8980	0	0.0435612676056338		
899	8990	0	0.0402084507042254		
900	9000	0	0.0397014084507042		
901	9010	0	0.0342316901408451		
902	9020	0	0.0339654929577465		
903	9030	0	0.0293894366197183		
904	9040	0	0.0287049295774648		
905	9050	0	0.0273359154929578		
906	9060		0.0246992957746479		
907	9070	0	0.0236598591549296		
908	9080	0	0.0189507042253521		
909	9090	0	0.0231147887323944		
910	9100	0	0.0187859154929577		
911	9110	0	0.020719014084507		
912	9120	0	0.0253584507042254		
913	9130	0	0.01935		
914	9140	0	0.0232035211267606		
915	9150	0.05	0.0181394366197183		
916	9160		0.027887323943662		
917	9170		0.0386302816901409		
918	9180		0.0411021126760564		
919	9190		0.0414443661971831		
920	9200		0.0409183098591549		
921	9210		0.072893661971831		
922	9220		0.0731345070422535		
923	9230		0.0678169014084507		
924	9240		0.0621633802816902		
925	9250		0.0572260563380282		
926	9260		0.0498549295774648		
927	9270		0.0442901408450704		
928	9280		0.0394859154929577		
929	9290		0.0351570422535211		
930	9300		0.0313161971830986		
931	9310		0.0307014084507042		
932	9320		0.0263408450704226		
933	9330		0.0262077464788732		
934	9340		0.0242239436619718		
935	9350		0.023387323943662		
936	9360		0.0289267605633803		
937	9370		0.0287746478873239		
938	9380		0.0296429577464789		
939	9390		0.0277859154929577		
940	9400		0.0279570422535211		
941	9410		0.0261950704225352		
942	9420		0.023843661971831		
943	9430		0.023869014084507		
944	9440		0.0227471830985916		
945	9450		0.023412676056338		
946	9460		0.0266133802816901		
947	9470		0.0362471830985916		
948	9480		0.0440683098591549		
949	9490		0.0410007042253521		
950	9500		0.0378253521126761		
951	9510		0.0338070422535211		
952	9520		0.0308091549295775		
953	9530		0.0290028169014085		
954	9540		0.0256816901408451		
955	9550		0.0250415492957747		
956	9560		0.0223922535211268		
957	9570		0.0216443661971831		
958	9580		0.0208330985915493		
959	9590		0.0188302816901409		
960	9600		0.0197366197183099		
961	9610		0.0170366197183099		
962	9620		0.0169795774647887		
963	9630		0.0170683098591549		
964	9640		0.0159084507042254		
965	9650		0.0168211267605634		
966	9660		0.0155345070422535		
967	9670		0.0159781690140845		
968	9680		0.0163964788732394		
969	9690		0.0233112676056338		
970	9700		0.0484225352112676		
971	9710		0.060737323943662		
972	9720		0.0560471830985916		
973	9730		0.0578535211267606		
974	9740		0.0888401408450704		
975	9750		0.0966929577464789		
976	9760		0.0825654929577465		
977	9770		0.0741169014084507		
978	9780		0.214903521126761		
979	9790		0.553785211267606		
980	9800		0.424153521126761		
981	9810		0.502504225352113		
982	9820		0.40725		
983	9830		0.280635211267606		
984	9840		0.19864014084507		
985	9850		0.128966197183099		
986	9860		0.0957676056338028		
987	9870		0.0797070422535211		
988	9880		0.059843661971831		
989	9890		0.0517246478873239		
990	9900		0.0426042253521127		
991	9910		0.0370647887323944		
992	9920		0.0318992957746479		
993	9930		0.0278683098591549		
994	9940		0.025212676056338		
995	9950		0.0370204225352113		
996	9960		0.0709985915492958		
997	9970		0.0699654929577465		
998	9980		0.101611267605634		
999	9990		0.100666901408451		
1000	10000		0.0834908450704225		
1001	10010		0.0785598591549296		
1002	10020		0.0715183098591549		
1003	10030		0.0692049295774648		
1004	10040		0.0647176056338028		
1005	10050		0.064330985915493		
1006	10060		0.0700288732394366		
1007	10070		0.0648950704225352		
1008	10080		0.0606802816901408		
1009	10090		0.0542598591549296		
1010	10100		0.049969014084507		
1011	10110		0.0460964788732394		
1012	10120		0.039587323943662		
1013	10130		0.036462676056338		
1014	10140		0.0307204225352113		
1015	10150		0.0278366197183099		
1016	10160		0.0241098591549296		
1017	10170		0.0205542253521127		
1018	10180		0.0188176056338028		
1019	10190		0.0155535211267606		
1020	10200		0.0149514084507042		
1021	10210		0.0169352112676056		
1022	10220		0.0191408450704225		
1023	10230		0.025206338028169		
1024	10240		0.0394922535211268		
1025	10250		0.0457225352112676		
1026	10260		0.0441316901408451		
1027	10270		0.0421922535211268		
1028	10280		0.0405253521126761		
1029	10290		0.0475352112676056		
1030	10300		0.107397887323944		
1031	10310		0.297342253521127		
1032	10320		0.301214788732395		
1033	10330		0.244229577464789		
1034	10340		0.209427464788732		
1035	10350		0.158564788732394		
1036	10360		0.113051408450704		
1037	10370		0.217907746478873		
1038	10380		0.32618661971831		
1039	10390		0.258730985915493		
1040	10400		0.184810563380282		
1041	10410		0.123737323943662		
1042	10420		0.0966169014084507		
1043	10430		0.0793140845070422		
1044	10440		0.0690718309859155		
1045	10450		0.0583288732394366		
1046	10460		0.0513126760563381		
1047	10470		0.0470725352112676		
1048	10480		0.0398598591549296		
1049	10490		0.0370457746478873		
1050	10500		0.0312464788732394		
1051	10510		0.0288380281690141		
1052	10520		0.0257514084507042		
1053	10530		0.0226521126760563		
1054	10540		0.022069014084507		
1055	10550		0.0210232394366197		
1056	10560		0.0218978873239437		
1057	10570		0.0201612676056338		
1058	10580		0.0191725352112676		
1059	10590		0.0191661971830986		
1060	10600		0.0169161971830986		
1061	10610		0.0177464788732394		
1062	10620		0.0339274647887324		
1063	10630		0.0886056338028168		
1064	10640		0.104304929577465		
1065	10650		0.0931880281690141		
1066	10660		0.0819823943661972		
1067	10670		0.0689894366197183		
1068	10680		0.062087323943662		
1069	10690		0.0536830985915493		
1070	10700		0.0479218309859155		
1071	10710		0.0441443661971831		
1072	10720		0.038706338028169		
1073	10730		0.0368049295774648		
1074	10740		0.0332302816901409		
1075	10750		0.0322035211267606		
1076	10760		0.0301056338028169		
1077	10770		0.0279697183098592		
1078	10780		0.0275387323943662		
1079	10790		0.0249971830985915		
1080	10800		0.024737323943662		
1081	10810		0.0223415492957747		
1082	10820		0.0213781690140845		
1083	10830		0.0207823943661972		
1084	10840		0.0189697183098592		
1085	10850		0.0195464788732394		
1086	10860		0.0195274647887324		
1087	10870		0.0196098591549296		
1088	10880		0.0200408450704225		
1089	10890		0.0196542253521127		
1090	10900		0.0201169014084507		
1091	10910		0.0194767605633803		
1092	10920		0.0203640845070422		
1093	10930		0.0199014084507042		
1094	10940		0.0199014084507042		
1095	10950		0.0190647887323944		
1096	10960		0.0177401408450704		
1097	10970		0.017106338028169		
1098	10980		0.0147485915492958		
1099	10990		0.0142415492957747		
1100	11000		0.014412676056338		
1101	11010		0.0151415492957747		
1102	11020		0.0158830985915493		
1103	11030		0.0142352112676057		
1104	11040		0.0140007042253521		
1105	11050		0.0136077464788732		
1106	11060		0.0125366197183098		
1107	11070		0.0122260563380282		
1108	11080		0.0150528169014085		
1109	11090		0.0156485915492958		
1110	11100				
1111	11110				
1112	11120				
1113	11130				
1114	11140				
1115	11150				
1116	11160				
1117	11170				
1118	11180				
1119	11190				
1120	11200				
1121	11210				
1122	11220				
1123	11230				
1124	11240				
1125	11250				
1126	11260				
1127	11270				
1128	11280				
1129	11290				
1130	11300				
1131	11310				
1132	11320				
1133	11330				
1134	11340				
1135	11350				
1136	11360				
1137	11370				
1138	11380				
1139	11390				
1140	11400				
1141	11410				
1142	11420				
1143	11430				
1144	11440				
1145	11450				
1146	11460				
1147	11470				
1148	11480				
1149	11490				
1150	11500				
1151	11510				
1152	11520				
1153	11530				
1154	11540				
1155	11550				
1156	11560				
1157	11570				
1158	11580				
1159	11590				
1160	11600				
1161	11610				
1162	11620				
1163	11630				
1164	11640				
1165	11650				
1166	11660				
1167	11670				
1168	11680				
1169	11690				
1170	11700				
1171	11710				
1172	11720				
1173	11730				
1174	11740				
1175	11750				
1176	11760				
1177	11770				
1178	11780				
1179	11790				
1180	11800				
1181	11810				
1182	11820				
1183	11830				
1184	11840				
1185	11850				
1186	11860				
1187	11870				
1188	11880				
1189	11890				
1190	11900				
1191	11910				
1192	11920				
1193	11930				
1194	11940				
1195	11950				
1196	11960				
1197	11970				
1198	11980				
1199	11990				
1200	12000				
1201	12010				
1202	12020				
1203	12030				
1204	12040				
1205	12050				
1206	12060				
1207	12070				
1208	12080				
1209	12090				
1210	12100				
1211	12110				
1212	12120				
1213	12130				
1214	12140				
1215	12150				
1216	12160				
1217	12170				
1218	12180				
1219	12190				
1220	12200				
1221	12210				
1222	12220				
1223	12230				
1224	12240				
1225	12250				
1226	12260				
1227	12270				
1228	12280				
1229	12290				
1230	12300				
1231	12310				
1232	12320				
1233	12330				
1234	12340				
1235	12350				
1236	12360				
1237	12370				
1238	12380				
1239	12390				
1240	12400				
1241	12410				
1242	12420				
1243	12430				
1244	12440				
1245	12450				
1246	12460				
1247	12470				
1248	12480				
1249	12490				
1250	12500				
1251	12510				
1252	12520				
1253	12530				
1254	12540				
1255	12550				
1256	12560				
1257	12570				
1258	12580				
1259	12590				
1260	12600				
1261	12610				
1262	12620				
1263	12630				
1264	12640				
1265	12650				
1266	12660				
1267	12670				
1268	12680				
1269	12690				
1270	12700				
1271	12710				
1272	12720				
1273	12730				
1274	12740				
1275	12750				
1276	12760				
1277	12770				
1278	12780				
1279	12790				
1280	12800				
1281	12810				
1282	12820				
1283	12830				
1284	12840				
1285	12850				
1286	12860				
1287	12870				
1288	12880				
1289	12890				
1290	12900				
1291	12910				
1292	12920				
1293	12930				
1294	12940				
1295	12950				
1296	12960				
1297	12970				
1298	12980				
1299	12990				
1300	13000				
1301	13010				
1302	13020				
1303	13030				
1304	13040				
1305	13050				
1306	13060				
1307	13070				
1308	13080				
1309	13090				
1310	13100				
1311	13110				
1312	13120				
1313	13130				
1314	13140				
1315	13150				
1316	13160				
1317	13170				
1318	13180				
1319	13190				
1320	13200				
1321	13210				
1322	13220				
1323	13230				
1324	13240				
1325	13250				
1326	13260				
1327	13270				
1328	13280				
1329	13290				
1330	13300				
1331	13310				
1332	13320				
1333	13330				
1334	13340				
1335	13350				
1336	13360				
1337	13370				
1338	13380				
1339	13390				
1340	13400				
1341	13410				
1342	13420				
1343	13430				
1344	13440				
1345	13450				
1346	13460				
1347	13470				
1348	13480				
1349	13490				
1350	13500				
1351	13510				
1352	13520				
1353	13530				
1354	13540				
1355	13550				
1356	13560				
1357	13570				
1358	13580				
1359	13590				
1360	13600				
1361	13610				
1362	13620				
1363	13630				
1364	13640				
1365	13650				
1366	13660				
1367	13670				
1368	13680				
1369	13690				
1370	13700				
1371	13710				
1372	13720				
1373	13730				
1374	13740				
1375	13750				
1376	13760				
1377	13770				
1378	13780				
1379	13790				
1380	13800				
1381	13810				
1382	13820				
1383	13830				
1384	13840				
1385	13850				
1386	13860				
1387	13870				
1388	13880				
1389	13890				
1390	13900				
1391	13910				
1392	13920				
1393	13930				
1394	13940				
1395	13950				
1396	13960				
1397	13970				
1398	13980				
1399	13990				
1400	14000				
1401	14010				
1402	14020				
1403	14030				
1404	14040				
1405	14050				
1406	14060				
1407	14070				
1408	14080				
1409	14090				
1410	14100				
1411	14110				
1412	14120				
1413	14130				
1414	14140				
1415	14150				
1416	14160				
1417	14170				
1418	14180				
1419	14190				
1420	14200				
1421	14210				
1422	14220				
1423	14230				
1424	14240				
1425	14250				
1426	14260				
1427	14270				
1428	14280				
1429	14290				
1430	14300				
1431	14310				
1432	14320				
1433	14330				
1434	14340				
1435	14350				
1436	14360				
1437	14370				
1438	14380				
1439	14390				
1440	14400				
1441	14410				
1442	14420				
1443	14430				
1444	14440				
1445	14450				
1446	14460				
1447	14470				
1448	14480				
1449	14490				
1450	14500				
1451	14510				
1452	14520				
1453	14530				
1454	14540				
1455	14550				
1456	14560				
1457	14570				
1458	14580				
1459	14590				
1460	14600				
1461	14610				
1462	14620				
1463	14630				
1464	14640				
1465	14650				
1466	14660				
1467	14670				
1468	14680				
1469	14690				
1470	14700				
1471	14710				
1472	14720				
1473	14730				
1474	14740				
1475	14750				
1476	14760				
1477	14770				
1478	14780				
1479	14790				
1480	14800				
1481	14810				
1482	14820				
1483	14830				
1484	14840				
1485	14850				
1486	14860				
1487	14870				
1488	14880				
1489	14890				
1490	14900				
1491	14910				
1492	14920				
1493	14930				
1494	14940				
1495	14950				
1496	14960				
1497	14970				
1498	14980				
1499	14990				
1500	15000				
1501	15010				
1502	15020				
1503	15030				
1504	15040				
1505	15050				
1506	15060				
1507	15070				
1508	15080				
1509	15090				
1510	15100				
1511	15110				
1512	15120				
1513	15130				
1514	15140				
1515	15150				
1516	15160				
1517	15170				
1518	15180				
1519	15190				
1520	15200				
1521	15210				
1522	15220				
1523	15230				
1524	15240				
1525	15250				
1526	15260				
1527	15270				
1528	15280				
1529	15290				
1530	15300				
1531	15310				
1532	15320				
1533	15330				
1534	15340				
1535	15350				
1536	15360				
1537	15370				
1538	15380				
1539	15390				
1540	15400				
1541	15410				
1542	15420				
1543	15430				
1544	15440				
1545	15450				
1546	15460				
1547	15470				
1548	15480				
1549	15490				
1550	15500				
1551	15510				
1552	15520				
1553	15530				
1554	15540				
1555	15550				
1556	15560				
1557	15570				
1558	15580				
1559	15590				
1560	15600				
1561	15610				
1562	15620				
1563	15630				
1564	15640				
1565	15650				
1566	15660				
1567	15670				
1568	15680				
1569	15690				
1570	15700				
1571	15710				
1572	15720				
1573	15730				
1574	15740				
1575	15750				
1576	15760				
1577	15770				
1578	15780				
1579	15790				
1580	15800				
1581	15810				
1582	15820				
1583	15830				
1584	15840				
1585	15850				
1586	15860				
1587	15870				
1588	15880				
1589	15890				
1590	15900				
1591	15910				
1592	15920				
1593	15930				
1594	15940				
1595	15950				
1596	15960				
1597	15970				
1598	15980				
1599	15990				
1600	16000				
1601	16010				
1602	16020				
1603	16030				
1604	16040				
1605	16050				
1606	16060				
1607	16070				
1608	16080				
1609	16090				
1610	16100				
1611	16110				
1612	16120				
1613	16130				
1614	16140				
1615	16150				
1616	16160				
1617	16170				
1618	16180				
1619	16190				
1620	16200				
1621	16210				
1622	16220				
1623	16230				
1624	16240				
1625	16250				
1626	16260				
1627	16270				
1628	16280				
1629	16290				
1630	16300				
1631	16310				
1632	16320				
1633	16330				
1634	16340				
1635	16350				
1636	16360				
1637	16370				
1638	16380				
1639	16390				
1640	16400				
1641	16410				
1642	16420				
1643	16430				
1644	16440				
1645	16450				
1646	16460				
1647	16470				
1648	16480				
1649	16490				
1650	16500				
1651	16510				
1652	16520				
1653	16530				
1654	16540				
1655	16550				
1656	16560				
1657	16570				
1658	16580				
1659	16590				
1660	16600				
1661	16610				
1662	16620				
1663	16630				
1664	16640				
1665	16650				
1666	16660				
1667	16670				
1668	16680				
1669	16690				
1670	16700				
1671	16710				
1672	16720				
1673	16730				
1674	16740				
1675	16750				
1676	16760				
1677	16770				
1678	16780				
1679	16790				
1680	16800				
1681	16810				
1682	16820				
1683	16830				
1684	16840				
1685	16850				
1686	16860				
1687	16870				
1688	16880				
1689	16890				
1690	16900				
1691	16910				
1692	16920				
1693	16930				
1694	16940				
1695	16950				
1696	16960				
1697	16970				
1698	16980				
1699	16990				
1700	17000				
1701	17010				
1702	17020				
1703	17030				
1704	17040				
1705	17050	0			
1706	17060	0			
1707	17070	0			
1708	17080	0			
1709	17090	0			
1710	17100	0			
1711	17110	0			
1712	17120	0			
1713	17130	0			
1714	17140	0			
1715	17150	0			
1716	17160	0			
1717	17170	0			
1718	17180	0	0.22487323943662		
1719	17190	0	0.183739436619718		
1720	17200	0	0.22487323943662		
1721	17210	0	0.190204225352113		
1722	17220	0	0.162507042253521		
1723	17230	0	0.115478873239437		
1724	17240	0	0.110345070422535		
1725	17250	0	0.0793521126760563		
1726	17260	0	0.0486760563380282		
1727	17270	0	0.0478521126760563		
1728	17280	0	0.0424647887323944		
1729	17290	0	0.109330985915493		
1730	17300	0	0.152176056338028		
1731	17310	0	0.182091549295775		
1732	17320	0	0.163457746478873		
1733	17330	0	0.13030985915493		
1734	17340	0	0.139056338028169		
1735	17350	0	0.124478873239437		
1736	17360	0	0.116366197183099		
1737	17370	0	0.133035211267606		
1738	17380	0	0.164725352112676		
1739	17390	0	0.170049295774648		
1740	17400	0	0.156422535211268		
1741	17410	0	0.135570422535211		
1742	17420	0	0.128154929577465		
1743	17430	0	0.124415492957746		
1744	17440	0	0.124225352112676		
1745	17450	0	0.118964788732394		
1746	17460	0	0.10330985915493		
1747	17470	0	0.0998239436619719		
1748	17480	0	0.092218309859155		
1749	17490	0	0.0875281690140845		
1750	17500	0	0.0867676056338028		
1751	17510	0.375	0.111232394366197		
1752	17520	0	0.0927253521126761		
1753	17530	0	0.0753591549295775		
1754	17540	0	0.0759929577464789		
1755	17550	0	0.067943661971831		
1756	17560	0	0.063443661971831		
1757	17570	0	0.0581197183098591		
1758	17580	0	0.0530492957746479		
1759	17590	0	0.046330985915493		
1760	17600	0.05	0.0397394366197183		
1761	17610	0	0.0378380281690141		
1762	17620	0	0.0345422535211268		
1763	17630	0	0.0340352112676056		
1764	17640	0.05	0.0317535211267605		
1765	17650	0	0.0287112676056338		
1766	17660	0	0.0292183098591549		
1767	17670	0	0.0269366197183099		
1768	17680	0.025	0.0286478873239437		
1769	17690	0	0.0299154929577465		
1770	17700	0	0.0285211267605634		
1771	17710	0	0.0304225352112676		
1772	17720	0	0.0294084507042254		
1773	17730	0	0.0311197183098591		
1774	17740	0.025	0.0338450704225352		
1775	17750	0	0.0346690140845071		
1776	17760	0	0.0343521126760563		
1777	17770	0	0.0329577464788732		
1778	17780	0	0.0329577464788732		
1779	17790	0	0.0308028169014084		
1780	17800	0	0.0304225352112676		
1781	17810	0.025	0.0287112676056338		
1782	17820	0.4	0.0279507042253522		
1783	17830	0	0.0303591549295775		
1784	17840	0.15	0.0294084507042254		
1785	17850	0.175	0.0301056338028169		
1786	17860	0	0.0304225352112676		
1787	17870	0	0.0295985915492958		
1788	17880	0	0.0304859154929577		
1789	17890	0.025	0.0329577464788732		
1790	17900	0	0.0340985915492958		
1791	17910	0	0.0375211267605634		
1792	17920	0	0.0380915492957746		
1793	17930	0	0.0340985915492958		
1794	17940	0	0.0318169014084507		
1795	17950	0	0.0305492957746479		
1796	17960	0	0.027		
1797	17970	0	0.0267464788732395		
1798	17980	0.025	0.0239577464788732		
1799	17990	0.15	0.0249718309859155		
1800	18000	0	0.0230704225352113		
1801	18010	0	0.0227535211267606		
1802	18020	0	0.0222464788732394		
1803	18030	0	0.0181267605633803		
1804	18040	0	0.0199647887323944		
1805	18050	0	0.0172394366197183		
1806	18060	0	0.0152112676056338		
1807	18070	0	0.0146408450704225		
1808	18080	0	0.0126760563380282		
1809	18090	0	0.0126760563380282		
1810	18100	0	0.0116619718309859		
1811	18110	0	0.0105845070422535		
1812	18120	0	0.0115352112676056		
1813	18130	0	0.0101408450704225		
1814	18140	0	0.0101408450704225		
1815	18150	0	0.00899999999999998		
1816	18160	0	0.00868309859154928		
1817	18170	0	0.0082394366197183		
1818	18180	0	0.0076056338028169		
1819	18190	0	0.0076056338028169		
1820	18200	0	0.00646478873239437		
1821	18210	0	0.00722535211267605		
1822	18220	0	0.0076056338028169		
1823	18230	0	0.00785915492957746		
1824	18240	0	0.00906338028169012		
1825	18250	0.475	0.0058943661971831		
1826	18260	0	0.00507042253521127		
1827	18270	0	0.00507042253521127		
1828	18280	0	0.00507042253521127		
1829	18290	0	0.00507042253521127		
1830	18300	0.225	0.00500704225352113		
1831	18310	0.25	0.00507042253521127		
1832	18320	0	0.00507042253521127		
1833	18330	0.575	0.00564084507042254		
1834	18340	0.1	0.00583098591549296		
1835	18350	0	0.00957042253521124		
1836	18360	0.025	0.0101408450704225		
1837	18370	0.05	0.0101408450704225		
1838	18380	0.125	0.0101408450704225		
1839	18390	0.15	0.00880985915492956		
1840	18400	0	0.0076056338028169		
1841	18410	0	0.00874647887323943		
1842	18420	0	0.00849295774647887		
1843	18430	0	0.0101408450704225		
1844	18440	0.375	0.0101408450704225		
1845	18450	0.3	0.0120422535211268		
1846	18460	1.65	0.0194577464788732		
1847	18470	0.075	0.0406267605633803		
1848	18480	0.025	0.0553943661971831		
1849	18490	0	0.0502605633802817		
1850	18500	0	0.0440492957746479		
1851	18510	0.275	0.0389788732394366		
1852	18520	0.425	0.044112676056338		
1853	18530	0.05	0.0588802816901408		
1854	18540	0.025	0.0596408450704225		
1855	18550	0.7	0.0565985915492958		
1856	18560	0.075	0.0600211267605634		
1857	18570	0.225	0.0668028169014085		
1858	18580	0.675	0.0856267605633803		
1859	18590	0.2	0.101598591549296		
1860	18600	0.65	0.122640845070422		
1861	18610	0.35	0.207		
1862	18620	0.2	0.275260563380282		
1863	18630	0.025	0.287302816901409		
1864	18640	0	0.226267605633803		
1865	18650	0	0.165612676056338		
1866	18660	0	0.112943661971831		
1867	18670	0	0.0952605633802816		
1868	18680	0	0.0808732394366197		
1869	18690	0	0.068830985915493		
1870	18700	0	0.0600845070422535		
1871	18710	0.475	0.0533661971830986		
1872	18720	0	0.0464577464788732		
1873	18730	0.1	0.0413239436619718		
1874	18740	0.1	0.0507676056338028		
1875	18750	0.025	0.0680704225352113		
1876	18760	0	0.0628732394366197		
1877	18770	0	0.0571056338028169		
1878	18780	0	0.0487394366197183		
1879	18790	0	0.0441126760563381		
1880	18800	0	0.0422112676056338		
1881	18810	0	0.036443661971831		
1882	18820	0	0.0340352112676056		
1883	18830	0	0.0291549295774648		
1884	18840	0	0.027887323943662		
1885	18850	0	0.0246549295774648		
1886	18860	0	0.0228169014084507		
1887	18870	0	0.0212323943661972		
1888	18880	0	0.0183169014084507		
1889	18890	0	0.0177464788732394		
1890	18900	0	0.0161619718309859		
1891	18910	0	0.0152112676056338		
1892	18920	0	0.0145774647887324		
1893	18930	0	0.0126760563380282		
1894	18940	0	0.0126760563380282		
1895	18950	0	0.0126760563380282		
1896	18960	0	0.0126760563380282		
1897	18970	0	0.0125492957746479		
1898	18980	0	0.0114718309859155		
1899	18990	0	0.0115985915492958		
1900	19000	0	0.0101408450704225		
1901	19010	0	0.0101408450704225		
1902	19020	0	0.0101408450704225		
1903	19030	0	0.0101408450704225		
1904	19040	0	0.0101408450704225		
1905	19050	0	0.0101408450704225		
1906	19060	0	0.0101408450704225		
1907	19070	0	0.00836619718309858		
1908	19080	0	0.00995070422535209		
1909	19090	0	0.00804929577464788	0.00761634167586196	0.00043295409878592
1910	19100	0	0.0076056338028169		
1911	19110	0	0.0076056338028169	0.00761634167586196	-1.0707873045062e-05
1912	19120	0	0.0076056338028169	0.00761634167586196	-1.0707873045062e-05
1913	19130	0	0.0076056338028169		
1914	19140	0	0.0076056338028169	0.00761634167586196	-1.0707873045062e-05
1915	19150	0	0.0076056338028169	0.00761634167586196	-1.0707873045062e-05
1916	19160	0	0.0076056338028169	0.00761634167586196	-1.0707873045062e-05
1917	19170	0	0.0076056338028169	0.00761634167586196	-1.0707873045062e-05
1918	19180	0.025	0.0076056338028169	0.00789658806694377	-0.000290954264126871
1919	19190	0	0.0076056338028169	0.00873457935604547	-0.00112894555322856
1920	19200	0	0.0076056338028169	0.00913750474791583	-0.00153187094509893
1921	19210	0	0.00754225352112676	0.00912104857419959	-0.00157879505307283
1922	19220	0	0.0076056338028169	0.00903818819847288	-0.00143255439565598
1923	19230	0	0.00690845070422535	0.0088584718991162	-0.00195002119489084
1924	19240	0.25	0.00671830985915493	0.0114738096450693	-0.00475549978591433
1925	19250	0	0.00747887323943662	0.0196823366144091	-0.0122034633749725
1926	19260	0	0.00507042253521127	0.0235767023862283	-0.018506279851017
1927	19270	0	0.00507042253521127	0.0233517056571148	-0.0182812831219035
1928	19280	0	0.00507042253521127	0.0224530369962205	-0.0173826144610092
1929	19290	0	0.00507042253521127	0.0205934901719078	-0.0155230676366966
1930	19300	0	0.00507042253521127	0.0186699932535354	-0.0135995707183241
1931	19310	0	0.00507042253521127	0.0169354344654158	-0.0118650119302046
1932	19320	0	0.00507042253521127	0.0155096264578478	-0.0104392039226365
1933	19330	0	0.00507042253521127	0.0148388879229073	-0.00976846538769606
1934	19340	0	0.00507042253521127	0.0140859695166238	-0.00901554698141257
1935	19350	0	0.00507042253521127	0.0135099485842209	-0.00843952604900964
1936	19360	0	0.00507042253521127	0.0129879746467476	-0.00791755211153637
1937	19370	0	0.00507042253521127	0.0127701106948519	-0.00769968815964066
1938	19380	0	0.00507042253521127	0.0119573796292635	-0.00688695709405224
1939	19390	0	0.00507042253521127		
1940	19400	0	0.00507042253521127	0.0104896106585454	-0.0054191881233341
1941	19410	0	0.00507042253521127	0.0109677844090989	-0.00589736187388764
1942	19420	0	0.00507042253521127	0.0109715720065792	-0.00590114947136793
1943	19430	0	0.00507042253521127	0.010862889622524	-0.00579246708731272
1944	19440	0	0.00507042253521127		
1945	19450	0	0.00507042253521127	0.00761634167586196	-0.00254591914065069
1946	19460	0	0.00507042253521127		
1947	19470	0.025	0.00507042253521127		
1948	19480	0	0.00507042253521127		
1949	19490	0	0.00507042253521127		
1950	19500	0	0.00507042253521127	0.00912104857419959	-0.00405062603898832
1951	19510	0	0.00507042253521127		
1952	19520	0	0.00507042253521127	0.0088584718991162	-0.00378804936390493
1953	19530	0	0.00507042253521127		
1954	19540	0.025	0.00507042253521127	0.00878020620365592	-0.00370978366844465
1955	19550	0	0.00507042253521127	0.00948330934587312	-0.00441288681066185
1956	19560	0	0.00507042253521127	0.00982579974579235	-0.00475537721058108
1957	19570	0	0.00507042253521127	0.00973927866844895	-0.00466885613323768
1958	19580	0	0.00507042253521127		
1959	19590	0	0.00507042253521127	0.00936208289289759	-0.00429166035768632
1960	19600	0.025	0.00507042253521127	0.00943450354776535	-0.00436408101255408
1961	19610	0.025	0.00507042253521127	0.0103044287675487	-0.00523400623233745
1962	19620	0.05	0.00507042253521127	0.0119045614683708	-0.00683413893315952
1963	19630	0	0.00507042253521127	0.0138543089027653	-0.00878388636755406
1964	19640	0	0.00507042253521127	0.0145385956084913	-0.00946817307328002
1965	19650	0	0.00507042253521127	0.0141811015149776	-0.00911067897976636
1966	19660	0.025	0.00507042253521127		
1967	19670	0.025	0.00507042253521127		
1968	19680	0.125	0.00507042253521127		
1969	19690	0.35	0.00507042253521127		
1970	19700	0.025	0.00507042253521127		
1971	19710	0	0.00507042253521127		
1972	19720	0	0.00507042253521127		
1973	19730	0.025	0.00507042253521127		
1974	19740	0	0.00507042253521127	0.0366309248327145	-0.0315605022975033
1975	19750	0	0.00507042253521127	0.0327162114567381	-0.0276457889215268
1976	19760	0	0.00507042253521127	0.0290357745217901	-0.0239653519865789
1977	19770	0.125	0.00507042253521127	0.0277224732034691	-0.0226520506682578
1978	19780	0.075	0.00507042253521127		
1979	19790	0.025	0.00507042253521127		
1980	19800	0	0.00507042253521127		
1981	19810	0	0.00507042253521127		
1982	19820	0	0.00507042253521127		
1983	19830	0.425	0.00507042253521127		
1984	19840	0	0.00507042253521127		
1985	19850	0	0.00507042253521127		
1986	19860	0.125	0.00507042253521127		
1987	19870	0.125	0.00507042253521127		
1988	19880	0	0.00507042253521127		
1989	19890	0.025	0.00507042253521127		
1990	19900	0.25	0.00507042253521127		
1991	19910	0.125	0.00507042253521127		
1992	19920	0	0.00507042253521127		
1993	19930	0	0.00507042253521127		
1994	19940	0	0.00507042253521127		
1995	19950	0.2	0.00507042253521127		
1996	19960	0.025	0.00507042253521127		
1997	19970	0	0.00507042253521127		
1998	19980	0	0.00507042253521127		
1999	19990	0	0.00507042253521127		
2000	20000	0	0.00507042253521127		
2001	20010	0	0.00507042253521127		
2002	20020	0	0.00507042253521127		
2003	20030	0.025	0.00507042253521127		
2004	20040	0.2	0.00507042253521127		
2005	20050	0.025	0.00507042253521127		
2006	20060	0	0.00507042253521127		
2007	20070	0			
2008	20080	0			
2009	20090	0			
2010	20100	0			
2011	20110	0			
2012	20120	0			
2013	20130	0			
2014	20140	0			
2015	20150	0.025			
2016	20160	0			
2017	20170	0			
2018	20180	0			
2019	20190	0			
2020	20200	0			
2021	20210	0			
2022	20220	0			
2023	20230	0			
2024	20240	0			
2025	20250	0.025			
2026	20260	0.1			
2027	20270	0.05			
2028	20280	0.4			
2029	20290	0.5			
2030	20300	0.025			
2031	20310	0.125			
2032	20320	0			
2033	20330	0			
2034	20340	0			
2035	20350	0			
2036	20360	0.025			
2037	20370				
2038	20380				
2039	20390				
2040	20400				
2041	20410				
2042	20420				
2043	20430				
2044	20440				
2045	20450				
2046	20460				
2047	20470				
2048	20480				
2049	20490				
2050	20500				
2051	20510				
2052	20520				
2053	20530				
2054	20540				
2055	20550				
2056	20560				
2057	20570				
2058	20580				
2059	20590				
2060	20600				
2061	20610				
2062	20620				
2063	20630				
2064	20640				
2065	20650				
2066	20660				
2067	20670				
2068	20680				
2069	20690				
2070	20700				
2071	20710				
2072	20720				
2073	20730				
2074	20740				
2075	20750				
2076	20760				
2077	20770				
2078	20780				
2079	20790				
2080	20800				
2081	20810				
2082	20820				
2083	20830				
2084	20840				
2085	20850				
2086	20860				
2087	20870				
2088	20880				
2089	20890				
2090	20900				
2091	20910				
2092	20920				
2093	20930				
2094	20940				
2095	20950				
2096	20960				
2097	20970				
2098	20980				
2099	20990				
2100	21000				
2101	21010				
2102	21020				
2103	21030				
2104	21040				
2105	21050				
2106	21060				
2107	21070				
2108	21080				
2109	21090				
2110	21100				
2111	21110				
2112	21120				
2113	21130				
2114	21140				
2115	21150				
2116	21160				
2117	21170				
2118	21180				
2119	21190				
2120	21200				
2121	21210				
2122	21220				
2123	21230				
2124	21240				
2125	21250				
2126	21260				
2127	21270				
2128	21280				
2129	21290				
2130	21300				
2131	21310				
2132	21320				
2133	21330				
2134	21340				
2135	21350				
2136	21360				
2137	21370				
2138	21380				
2139	21390				
2140	21400				
2141	21410				
2142	21420				
2143	21430				
2144	21440				
2145	21450				
2146	21460				
2147	21470				
2148	21480				
2149	21490				
2150	21500				
2151	21510				
2152	21520				
2153	21530				
2154	21540				
2155	21550				
2156	21560				
2157	21570				
2158	21580				
2159	21590				
2160	21600				
2161	21610				
2162	21620				
2163	21630				
2164	21640				
2165	21650				
2166	21660				
2167	21670				
2168	21680				
2169	21690				
2170	21700				
2171	21710				
2172	21720				
2173	21730				
2174	21740				
2175	21750				
2176	21760				
2177	21770				
2178	21780				
2179	21790				
2180	21800				
2181	21810				
2182	21820				
2183	21830				
2184	21840				
2185	21850				
2186	21860				
2187	21870				
2188	21880				
2189	21890				
2190	21900				
2191	21910				
2192	21920				
2193	21930				
2194	21940				
2195	21950				
2196	21960				
2197	21970				
2198	21980				
2199	21990				
2200	22000				
2201	22010				
2202	22020				
2203	22030				
2204	22040				
2205	22050				
2206	22060				
2207	22070				
2208	22080				
2209	22090				
2210	22100				
2211	22110				
2212	22120				
2213	22130				
2214	22140				
2215	22150				
2216	22160				
2217	22170				
2218	22180				
2219	22190				
2220	22200				
2221	22210				
2222	22220				
2223	22230				
2224	22240				
2225	22250				
2226	22260				
2227	22270				
2228	22280				
2229	22290				
2230	22300				
2231	22310				
2232	22320				
2233	22330				
2234	22340				
2235	22350				
2236	22360				
2237	22370				
2238	22380				
2239	22390				
2240	22400				
2241	22410				
2242	22420				
2243	22430				
2244	22440				
2245	22450				
2246	22460				
2247	22470				
2248	22480				
2249	22490				
2250	22500				
2251	22510				
2252	22520				
2253	22530				
2254	22540				
2255	22550				
2256	22560				
2257	22570				
2258	22580				
2259	22590				
2260	22600				
2261	22610				
2262	22620				
2263	22630				
2264	22640				
2265	22650				
2266	22660				
2267	22670				
2268	22680				
2269	22690				
2270	22700				
2271	22710				
2272	22720				
2273	22730				
2274	22740				
2275	22750				
2276	22760				
2277	22770				
2278	22780				
2279	22790				
2280	22800				
2281	22810				
2282	22820				
2283	22830				
2284	22840				
2285	22850				
2286	22860				
2287	22870				
2288	22880				
2289	22890				
2290	22900				
2291	22910				
2292	22920				
2293	22930				
2294	22940				
2295	22950				
2296	22960				
2297	22970				
2298	22980				
2299	22990				
2300	23000				
2301	23010				
2302	23020				
2303	23030				
2304	23040				
2305	23050				
2306	23060				
2307	23070				
2308	23080				
2309	23090				
2310	23100				
2311	23110				
2312	23120				
2313	23130				
2314	23140				
2315	23150				
2316	23160				
2317	23170				
2318	23180				
2319	23190				
2320	23200				
2321	23210				
2322	23220				
2323	23230				
2324	23240				
2325	23250				
2326	23260				
2327	23270				
2328	23280				
2329	23290				
2330	23300				
2331	23310				
2332	23320				
2333	23330				
2334	23340				
2335	23350				
2336	23360				
2337	23370				
2338	23380				
2339	23390				
2340	23400				
2341	23410				
2342	23420				
2343	23430				
2344	23440				
2345	23450				
2346	23460				
2347	23470				
2348	23480				
2349	23490				
2350	23500				
2351	23510				
2352	23520				
2353	23530				
2354	23540				
2355	23550				
2356	23560				
2357	23570				
2358	23580				
2359	23590				
2360	23600				
2361	23610				
2362	23620				
2363	23630				
2364	23640				
2365	23650				
2366	23660				
2367	23670				
2368	23680				
2369	23690				
2370	23700				
2371	23710				
2372	23720				
2373	23730				
2374	23740				
2375	23750				
2376	23760				
2377	23770				
2378	23780				
2379	23790				
2380	23800				
2381	23810				
2382	23820				
2383	23830				
2384	23840				
2385	23850				
2386	23860				
2387	23870				
2388	23880				
2389	23890				
2390	23900				
2391	23910				
2392	23920				
2393	23930				
2394	23940				
2395	23950				
2396	23960				
2397	23970				
2398	23980				
2399	23990				
2400	24000				
2401	24010				
2402	24020				
2403	24030				
2404	24040				
2405	24050				
2406	24060				
2407	24070				
2408	24080				
2409	24090				
2410	24100				
2411	24110				
2412	24120				
2413	24130				
2414	24140				
2415	24150				
2416	24160				
2417	24170				
2418	24180				
2419	24190				
2420	24200				
2421	24210				
2422	24220				
2423	24230				
2424	24240				
2425	24250				
2426	24260				
2427	24270				
2428	24280				
2429	24290				
2430	24300				
2431	24310				
2432	24320				
2433	24330				
2434	24340				
2435	24350				
2436	24360				
2437	24370				
2438	24380				
2439	24390				
2440	24400				
2441	24410				
2442	24420				
2443	24430				
2444	24440				
2445	24450				
2446	24460				
2447	24470				
2448	24480				
2449	24490				
2450	24500				
2451	24510				
2452	24520				
2453	24530				
2454	24540				
2455	24550				
2456	24560				
2457	24570				
2458	24580				
2459	24590				
2460	24600				
2461	24610				
2462	24620				
2463	24630				
2464	24640				
2465	24650				
2466	24660				
2467	24670				
2468	24680				
2469	24690				
2470	24700				
2471	24710				
2472	24720				
2473	24730				
2474	24740				
2475	24750				
2476	24760				
2477	24770				
2478	24780				
2479	24790				
2480	24800				
2481	24810				
2482	24820				
2483	24830				
2484	24840				
2485	24850				
2486	24860				
2487	24870				
2488	24880				
2489	24890				
2490	24900				
2491	24910				
2492	24920				
2493	24930				
2494	24940				
2495	24950				
2496	24960				
2497	24970				
2498	24980				
2499	24990				
2500	25000				
2501	25010				
2502	25020				
2503	25030				
2504	25040				
2505	25050				
2506	25060				
2507	25070				
2508	25080				
2509	25090				
2510	25100				
2511	25110				
2512	25120				
2513	25130				
2514	25140				
2515	25150				
2516	25160				
2517	25170				
2518	25180				
2519	25190				
2520	25200				
2521	25210				
2522	25220				
2523	25230				
2524	25240				
2525	25250				
2526	25260				
2527	25270				
2528	25280				
2529	25290				
2530	25300				
2531	25310				
2532	25320				
2533	25330				
2534	25340				
2535	25350				
2536	25360				
2537	25370				
2538	25380				
2539	25390				
2540	25400				
2541	25410				
2542	25420				
2543	25430				
2544	25440				
2545	25450				
2546	25460				
2547	25470				
2548	25480				
2549	25490				
2550	25500				
2551	25510				
2552	25520				
2553	25530				
2554	25540				
2555	25550				
2556	25560				
2557	25570				
2558	25580				
2559	25590				
2560	25600				
2561	25610				
2562	25620				
2563	25630				
2564	25640				
2565	25650				
2566	25660				
2567	25670				
2568	25680				
2569	25690				
2570	25700				
2571	25710				
2572	25720				
2573	25730				
2574	25740				
2575	25750				
2576	25760				
2577	25770				
2578	25780				
2579	25790				
2580	25800				
2581	25810				
2582	25820				
2583	25830				
2584	25840				
2585	25850				
2586	25860				
2587	25870				
2588	25880				
2589	25890				
2590	25900				
2591	25910				
2592	25920				
2593	25930				
2594	25940				
2595	25950				
2596	25960				
2597	25970				
2598	25980	0			
2599	25990	0			
2600	26000	0			
2601	26010	0	0.0447338028169014		
2602	26020	0	0.0422366197183099		
2603	26030	0	0.0441316901408451		
2604	26040	0	0.0473197183098591		
2605	26050	0	0.0633866197183099		
2606	26060	0	0.0662957746478873		
2607	26070	0	0.0682859154929578		
2608	26080	0	0.112126056338028		
2609	26090	0	0.117633802816901		
2610	26100	0	0.147821830985916		
2611	26110	0	0.16180985915493		
2612	26120	0	0.114864084507042		
2613	26130	0	0.0714422535211267		
2614	26140	0.6	0.04815		
2615	26150	0.025	0.0546021126760564		
2616	26160	0	0.0509070422535211		
2617	26170	0	0.0540253521126761		
2618	26180	0	0.0605725352112676		
2619	26190	0	0.0601985915492958		
2620	26200	0	0.0834464788732394		
2621	26210	0	0.077425352112676		
2622	26220	0	0.0856014084507042		
2623	26230	0	0.090874647887324		
2624	26240	0.775	0.0763352112676056		
2625	26250	0.25	0.0906718309859155		
2626	26260	0.7	0.109755633802817		
2627	26270	0	0.11732323943662		
2628	26280	0	0.11410985915493		
2629	26290	0	0.103189436619719		
2630	26300	0.175	0.0895246478873239		
2631	26310	0.175	0.0789718309859155		
2632	26320	0.025	0.0718542253521127		
2633	26330	0.025	0.0643943661971831		
2634	26340	0	0.0487204225352113		
2635	26350	0	0.0383260563380282		
2636	26360	0	0.0380091549295775		
2637	26370	0	0.0358352112676056		
2638	26380	0.025	0.0334647887323944		
2639	26390	0	0.029237323943662		
2640	26400	0	0.0221133802816901		
2641	26410	0	0.0186971830985916		
2642	26420	0	0.0153316901408451		
2643	26430	0	0.0114845070422535		
2644	26440	0	0.0125112676056338		
2645	26450	0	0.00835352112676057		
2646	26460	0.825	0.0124478873239437		
2647	26470	0	0.014419014084507		
2648	26480	0.05	0.0136077464788732		
2649	26490	0	0.0137978873239437		
2650	26500	0	0.0144316901408451		
2651	26510	0	0.0200028169014085		
2652	26520	0	0.0241985915492958		
2653	26530	0	0.031962676056338		
2654	26540	0	0.0411591549295775		
2655	26550	0	0.0416154929577465		
2656	26560	0	0.0522570422535211		
2657	26570	0	0.0542661971830986		
2658	26580	0	0.0561612676056338		
2659	26590	0	0.0568077464788733		
2660	26600	0	0.0518894366197183		
2661	26610	0	0.0598880281690141		
2662	26620	0	0.0479535211267606		
2663	26630	0	0.0479408450704226		
2664	26640	0	0.0411591549295775		
2665	26650	0	0.0320007042253521		
2666	26660	0	0.0402654929577465		
2667	26670	0.075	0.0356070422535211		
2668	26680	0.4	0.0383514084507042		
2669	26690	0	0.0410387323943662		
2670	26700	0.65	0.0431683098591549		
2671	26710	0.25	0.1557		
2672	26720	0.05	0.221051408450704		
2673	26730	0	0.166880281690141		
2674	26740	0.025	0.11500985915493		
2675	26750	0	0.0819443661971831		
2676	26760	0.025	0.0700415492957747		
2677	26770	0	0.0606169014084507		
2678	26780	0	0.0543929577464789		
2679	26790	0.025	0.0440239436619718		
2680	26800	0.2	0.0494366197183098		
2681	26810	0	0.0548176056338028		
2682	26820	0.4	0.0621380281690141		
2683	26830	0	0.0638619718309859		
2684	26840	0.025	0.0614852112676057		
2685	26850	0.025	0.0567887323943662		
2686	26860	0.05	0.0492274647887324		
2687	26870	0.1	0.0489739436619718		
2688	26880	0	0.0449049295774648		
2689	26890	0.15	0.0394732394366197		
2690	26900	0.025	0.0429908450704226		
2691	26910	0	0.0639443661971831		
2692	26920	0.4	0.0791112676056338		
2693	26930	0	0.110110563380281		
2694	26940	0	0.111707746478873		
2695	26950	0	0.0975359154929577		
2696	26960	0	0.0799859154929578		
2697	26970	0	0.0698704225352113		
2698	26980	0.55	0.0674239436619718		
2699	26990	0.3	0.130316197183099		
2700	27000	0.025	0.174302112676056		
2701	27010	0	0.162101408450704		
2702	27020	0	0.122342957746479		
2703	27030	0	0.10208661971831		
2704	27040	0.025	0.0838711267605634		
2705	27050	0	0.0741549295774648		
2706	27060	0	0.0664669014084507		
2707	27070	0	0.0605852112676057		
2708	27080	0.45	0.054012676056338		
2709	27090	0.725	0.0596725352112676		
2710	27100	0	0.0724943661971831		
2711	27110	0.675	0.0796119718309859		
2712	27120	0.575	0.1215		
2713	27130	0	0.175880281690141		
2714	27140	0	0.167216197183099		
2715	27150	0	0.129454225352113		
2716	27160	0	0.098968309859155		
2717	27170	0	0.0809239436619718		
2718	27180	0.05	0.0671957746478873		
2719	27190	0.375	0.065243661971831		
2720	27200	0.025	0.0739647887323944		
2721	27210	0	0.0744781690140845		
2722	27220	0	0.0667647887323944		
2723	27230	0	0.0577077464788733		
2724	27240	0	0.050393661971831		
2725	27250	0	0.0446450704225352		
2726	27260	0	0.0397964788732394		
2727	27270	0	0.0354485915492958		
2728	27280	0	0.030587323943662		
2729	27290	0	0.0267401408450704		
2730	27300	0.675	0.0271330985915493		
2731	27310	0.025	0.0536070422535211		
2732	27320	0.15	0.0633485915492958		
2733	27330	0	0.0783190140845071		
2734	27340	0.15	0.0755556338028169		
2735	27350	0	0.0803915492957746		
2736	27360	0.1	0.0800683098591549		
2737	27370		0.0795676056338028		
2738	27380		0.0814056338028169		
2739	27390		0.0734197183098592		
2740	27400		0.0631964788732394		
2741	27410		0.0544119718309859		
2742	27420		0.0473767605633803		
2743	27430		0.0424077464788733		
2744	27440		0.0371725352112676		
2745	27450		0.0317471830985916		
2746	27460		0.028324647887324		
2747	27470		0.0264549295774648		
2748	27480		0.0294845070422535		
2749	27490		0.0306823943661972		
2750	27500		0.0283880281690141		
2751	27510		0.0255929577464789		
2752	27520		0.0219929577464789		
2753	27530	0.6	0.0215049295774648		
2754	27540	0.375	0.0272471830985916		
2755	27550	0.55	0.046337323943662		
2756	27560	0.025	0.0659852112676056		
2757	27570	0.1	0.0655732394366197		
2758	27580	0.75	0.0702950704225352		
2759	27590	0.1	0.100996478873239		
2760	27600	0.3	0.119414788732395		
2761	27610	0.05	0.141122535211268		
2762	27620	0.4	0.149552112676056		
2763	27630	0.575	0.194292253521127		
2764	27640	0	0.291238732394366		
2765	27650	0	0.267198591549296		
2766	27660	0	0.197664084507042		
2767	27670	0	0.137769718309859		
2768	27680	0	0.10472323943662		
2769	27690	0.125	0.0836239436619718		
2770	27700	0	0.0717274647887324		
2771	27710	0	0.0590133802816902		
2772	27720	0.425	0.0532267605633803		
2773	27730	0	0.053087323943662		
2774	27740	0	0.0513760563380282		
2775	27750	0	0.0465908450704225		
2776	27760	0	0.0394605633802817		
2777	27770	0.05	0.0357845070422535		
2778	27780	0.075	0.0330147887323944		
2779	27790	0	0.0303845070422535		
2780	27800	0	0.0268795774647887		
2781	27810	0.075	0.0236091549295775		
2782	27820	0.075	0.0233429577464789		
2783	27830	0	0.0212767605633803		
2784	27840	0	0.0194894366197183	0.031885568271313	-0.0123961316515947
2785	27850	0.05	0.0184119718309859	0.0307509377833551	-0.0123389659523692
2786	27860	0	0.0175753521126761	0.030044991628737	-0.0124696395160609
2787	27870	0	0.0165739436619718	0.0283021675731501	-0.0117282239111783
2788	27880	0.025	0.0145330985915493	0.026196082502571	-0.0116629839110217
2789	27890	0.325	0.0153697183098592	0.0298966788710692	-0.01452696056121
2790	27900	0.15	0.0173218309859155	0.0403319557348414	-0.023010124748926
2791	27910	0	0.0228802816901409		
2792	27920	0	0.0253964788732394	0.049693183820802	-0.0242967049475626
2793	27930	0.15	0.0257957746478873	0.044321470782462	-0.0185256961345747
2794	27940	0	0.0279950704225352	0.0459279703391695	-0.0179328999166343
2795	27950		0.0334711267605634		
2796	27960		0.040962676056338		
2797	27970		0.0495633802816902		
2798	27980		0.0496774647887324		
2799	27990		0.047687323943662		
2800	28000		0.0559014084507042		
2801	28010		0.133212676056338		
2802	28020		0.20976338028169		
2803	28030		0.202702816901408		
2804	28040		0.15679647887324		
2805	28050		0.114198591549296		
2806	28060		0.0930295774647887		
2807	28070		0.0766014084507042		
2808	28080		0.0664605633802817		
2809	28090		0.0595964788732394		
2810	28100		0.0663401408450704		
2811	28110		0.0723866197183098		
2812	28120		0.0728429577464789		
2813	28130		0.0717718309859155		
2814	28140		0.0663591549295775		
2815	28150		0.0614345070422535		
2816	28160		0.0557683098591549		
2817	28170		0.0796880281690141		
2818	28180		0.100267605633803		
2819	28190		0.106643661971831		
2820	28200		0.151529577464789		
2821	28210		0.200528873239437		
2822	28220		0.183910563380282		
2823	28230		0.158425352112676		
2824	28240		0.147619014084507		
2825	28250		0.129016901408451		
2826	28260		0.11127676056338		
2827	28270		0.104507746478873		
2828	28280		0.0958880281690141		
2829	28290		0.0978464788732394		
2830	28300		0.0927380281690141		
2831	28310		0.0899176056338028		
2832	28320		0.102092957746479		
2833	28330		0.102802816901408		
2834	28340		0.107074647887324		
2835	28350		0.102099295774648		
2836	28360	0.025	0.090906338028169		
2837	28370	0.025	0.0826415492957747		
2838	28380	0	0.0790098591549296		
2839	28390	0	0.0852401408450704		
2840	28400	0	0.0900950704225352		
2841	28410	0	0.0874267605633803		
2842	28420	0	0.0819760563380282		
2843	28430	0	0.0747507042253521		
2844	28440	0	0.069756338028169		
2845	28450	0.05	0.0630633802816902		
2846	28460	0.05	0.0586584507042254		
2847	28470	0	0.0531697183098592		
2848	28480	0	0.0478014084507042		
2849	28490	0	0.0446577464788732		
2850	28500	0	0.0394732394366197		
2851	28510	0.025	0.0367605633802817		
2852	28520	0	0.0340161971830986		
2853	28530	0	0.0321211267605634		
2854	28540	0	0.031480985915493		
2855	28550	0	0.0304098591549296		
2856	28560	0	0.03015		
2857	28570	0	0.0281788732394366		
2858	28580	0	0.0276211267605634		
2859	28590	0	0.0260619718309859		
2860	28600	0			
2861	28610	0			
2862	28620	0			
2863	28630	0			
2864	28640	0			
2865	28650	0			
2866	28660	0			
2867	28670	0			
2868	28680	0			
2869	28690	0			
2870	28700	0			
2871	28710	0			
2872	28720	0			
2873	28730	0			
2874	28740	0.125			
2875	28750	0			
2876	28760	0			
2877	28770	0			
2878	28780	0			
2879	28790	0			
2880	28800	0			
2881	28810	0			
2882	28820	0.025			
2883	28830	0.075			
2884	28840	0.025			
2885	28850	0			
2886	28860	0			
2887	28870	0			
2888	28880	0.975			
2889	28890	0.125			
2890	28900	0.05			
2891	28910	0			
2892	28920	0			
2893	28930	0			
2894	28940	0			
2895	28950	0			
2896	28960	0.025			
2897	28970	0			
2898	28980	0			
2899	28990	0.15			
2900	29000	0			
2901	29010	0			
2902	29020	0.025			
2903	29030	0.5			
2904	29040	0.05			
2905	29050	0.025			
2906	29060	0.275			
2907	29070	0			
2908	29080	0			
2909	29090	0			
2910	29100	0			
2911	29110	0.025			
2912	29120	0			
2913	29130	0			
2914	29140	0			
2915	29150	0			
2916	29160	0			
2917	29170	0			
2918	29180	0.15			
2919	29190	0.225			
2920	29200	0			
2921	29210	0.15			
2922	29220	0			
2923	29230	0			
2924	29240				
2925	29250				
2926	29260				
2927	29270				
2928	29280				
2929	29290				
2930	29300				
2931	29310				
2932	29320				
2933	29330				
2934	29340				
2935	29350				
2936	29360				
2937	29370				
2938	29380				
2939	29390				
2940	29400				
2941	29410				
2942	29420				
2943	29430				
2944	29440				
2945	29450				
2946	29460				
2947	29470				
2948	29480				
2949	29490				
2950	29500				
2951	29510				
2952	29520				
2953	29530				
2954	29540				
2955	29550				
2956	29560				
2957	29570				
2958	29580				
2959	29590				
2960	29600				
2961	29610				
2962	29620				
2963	29630				
2964	29640				
2965	29650				
2966	29660				
2967	29670				
2968	29680				
2969	29690				
2970	29700				
2971	29710				
2972	29720				
2973	29730				
2974	29740				
2975	29750				
2976	29760				
2977	29770				
2978	29780				
2979	29790				
2980	29800				
2981	29810				
2982	29820				
2983	29830				
2984	29840				
2985	29850				
2986	29860				
2987	29870				
2988	29880				
2989	29890				
2990	29900				
2991	29910				
2992	29920				
2993	29930				
2994	29940				
2995	29950				
2996	29960				
2997	29970				
2998	29980				
2999	29990				
3000	30000				
3001	30010				
3002	30020				
3003	30030				
3004	30040				
3005	30050				
3006	30060				
3007	30070				
3008	30080				
3009	30090				
3010	30100				
3011	30110				
3012	30120				
3013	30130				
3014	30140				
3015	30150				
3016	30160				
3017	30170				
3018	30180				
3019	30190				
3020	30200				
3021	30210				
3022	30220				
3023	30230				
3024	30240				
3025	30250				
3026	30260				
3027	30270				
3028	30280				
3029	30290				
3030	30300				
3031	30310				
3032	30320				
3033	30330				
3034	30340				
3035	30350				
3036	30360				
3037	30370				
3038	30380				
3039	30390				
3040	30400				
3041	30410				
3042	30420				
3043	30430				
3044	30440				
3045	30450				
3046	30460				
3047	30470				
3048	30480				
3049	30490				
3050	30500				
3051	30510				
3052	30520				
3053	30530				
3054	30540				
3055	30550				
3056	30560				
3057	30570				
3058	30580				
3059	30590				
3060	30600				
3061	30610				
3062	30620				
3063	30630				
3064	30640				
3065	30650				
3066	30660				
3067	30670				
3068	30680				
3069	30690				
3070	30700				
3071	30710				
3072	30720				
3073	30730				
3074	30740				
3075	30750				
3076	30760				
3077	30770				
3078	30780				
3079	30790				
3080	30800				
3081	30810				
3082	30820				
3083	30830				
3084	30840				
3085	30850				
3086	30860				
3087	30870				
3088	30880				
3089	30890				
3090	30900				
3091	30910				
3092	30920				
3093	30930				
3094	30940				
3095	30950				
3096	30960				
3097	30970				
3098	30980				
3099	30990				
3100	31000				
3101	31010				
3102	31020				
3103	31030				
3104	31040				
3105	31050				
3106	31060				
3107	31070				
3108	31080				
3109	31090				
3110	31100				
3111	31110				
3112	31120				
3113	31130				
3114	31140				
3115	31150				
3116	31160				
3117	31170				
3118	31180				
3119	31190				
3120	31200				
3121	31210				
3122	31220				
3123	31230				
3124	31240				
3125	31250				
3126	31260				
3127	31270				
3128	31280				
3129	31290				
3130	31300				
3131	31310				
3132	31320				
3133	31330				
3134	31340				
3135	31350				
3136	31360				
3137	31370				
3138	31380				
3139	31390				
3140	31400				
3141	31410				
3142	31420				
3143	31430				
3144	31440				
3145	31450				
3146	31460				
3147	31470				
3148	31480				
3149	31490				
3150	31500				
3151	31510				
3152	31520				
3153	31530				
3154	31540				
3155	31550				
3156	31560				
3157	31570				
3158	31580				
3159	31590				
3160	31600				
3161	31610				
3162	31620				
3163	31630				
3164	31640				
3165	31650				
3166	31660				
3167	31670				
3168	31680				
3169	31690				
3170	31700				
3171	31710				
3172	31720				
3173	31730				
3174	31740				
3175	31750				
3176	31760				
3177	31770				
3178	31780				
3179	31790				
3180	31800				
3181	31810				
3182	31820				
3183	31830				
3184	31840				
3185	31850				
3186	31860				
3187	31870				
3188	31880				
3189	31890				
3190	31900				
3191	31910				
3192	31920				
3193	31930				
3194	31940				
3195	31950				
3196	31960				
3197	31970				
3198	31980				
3199	31990				
3200	32000				
3201	32010				
3202	32020				
3203	32030				
3204	32040				
3205	32050				
3206	32060				
3207	32070				
3208	32080				
3209	32090				
3210	32100				
3211	32110				
3212	32120				
3213	32130				
3214	32140				
3215	32150				
3216	32160				
3217	32170				
3218	32180				
3219	32190				
3220	32200				
3221	32210				
3222	32220				
3223	32230				
3224	32240				
3225	32250				
3226	32260				
3227	32270				
3228	32280				
3229	32290				
3230	32300				
3231	32310				
3232	32320				
3233	32330				
3234	32340				
3235	32350				
3236	32360				
3237	32370				
3238	32380				
3239	32390				
3240	32400				
3241	32410				
3242	32420				
3243	32430				
3244	32440				
3245	32450				
3246	32460				
3247	32470				
3248	32480				
3249	32490				
3250	32500				
3251	32510				
3252	32520				
3253	32530				
3254	32540				
3255	32550				
3256	32560				
3257	32570				
3258	32580				
3259	32590				
3260	32600				
3261	32610				
3262	32620				
3263	32630				
3264	32640				
3265	32650				
3266	32660				
3267	32670				
3268	32680				
3269	32690				
3270	32700				
3271	32710				
3272	32720				
3273	32730				
3274	32740				
3275	32750				
3276	32760				
3277	32770				
3278	32780				
3279	32790				
3280	32800				
3281	32810				
3282	32820				
3283	32830				
3284	32840				
3285	32850				
3286	32860				
3287	32870				
3288	32880				
3289	32890				
3290	32900				
3291	32910				
3292	32920				
3293	32930				
3294	32940				
3295	32950				
3296	32960				
3297	32970				
3298	32980				
3299	32990				
3300	33000				
3301	33010				
3302	33020				
3303	33030				
3304	33040				
3305	33050				
3306	33060				
3307	33070				
3308	33080				
3309	33090				
3310	33100				
3311	33110				
3312	33120				
3313	33130				
3314	33140				
3315	33150				
3316	33160				
3317	33170				
3318	33180				
3319	33190				
3320	33200				
3321	33210				
3322	33220				
3323	33230				
3324	33240				
3325	33250				
3326	33260				
3327	33270				
3328	33280				
3329	33290				
3330	33300				
3331	33310				
3332	33320				
3333	33330				
3334	33340				
3335	33350				
3336	33360				
3337	33370				
3338	33380				
3339	33390				
3340	33400				
3341	33410				
3342	33420				
3343	33430				
3344	33440				
3345	33450				
3346	33460				
3347	33470				
3348	33480				
3349	33490				
3350	33500				
3351	33510				
3352	33520				
3353	33530				
3354	33540				
3355	33550				
3356	33560				
3357	33570				
3358	33580				
3359	33590				
3360	33600				
3361	33610				
3362	33620				
3363	33630				
3364	33640				
3365	33650				
3366	33660				
3367	33670				
3368	33680				
3369	33690				
3370	33700				
3371	33710				
3372	33720				
3373	33730				
3374	33740				
3375	33750				
3376	33760				
3377	33770				
3378	33780				
3379	33790				
3380	33800				
3381	33810				
3382	33820				
3383	33830				
3384	33840				
3385	33850				
3386	33860				
3387	33870				
3388	33880				
3389	33890				
3390	33900				
3391	33910				
3392	33920				
3393	33930				
3394	33940				
3395	33950				
3396	33960				
3397	33970				
3398	33980				
3399	33990				
3400	34000				
3401	34010				
3402	34020				
3403	34030				
3404	34040				
3405	34050				
3406	34060				
3407	34070				
3408	34080				
3409	34090				
3410	34100				
3411	34110				
3412	34120				
3413	34130				
3414	34140				
3415	34150				
3416	34160				
3417	34170				
3418	34180				
3419	34190				
3420	34200				
3421	34210				
3422	34220				
3423	34230				
3424	34240				
3425	34250				
3426	34260				
3427	34270				
3428	34280				
3429	34290				
3430	34300				
3431	34310				
3432	34320				
3433	34330				
3434	34340				
3435	34350				
3436	34360				
3437	34370				
3438	34380				
3439	34390				
3440	34400				
3441	34410				
3442	34420				
3443	34430				
3444	34440				
3445	34450				
3446	34460				
3447	34470				
3448	34480				
3449	34490				
3450	34500				
3451	34510				
3452	34520				
3453	34530				
3454	34540				
3455	34550				
3456	34560				
3457	34570				
3458	34580				
3459	34590				
3460	34600				
3461	34610				
3462	34620				
3463	34630				
3464	34640				
3465	34650				
3466	34660				
3467	34670				
3468	34680				
3469	34690				
3470	34700				
3471	34710				
3472	34720				
3473	34730				
3474	34740				
3475	34750				
3476	34760				
3477	34770				
3478	34780				
3479	34790				
3480	34800				
3481	34810				
3482	34820				
3483	34830				
3484	34840				
3485	34850		0.000944366197183098		
3486	34860		0.00371408450704225		
3487	34870		0.000703521126760562		
3488	34880		0.00834718309859155		
3489	34890		0.0189633802816902		
3490	34900		0.0181140845070423		
3491	34910		0.018006338028169		
3492	34920		0.019787323943662		
3493	34930		0.0311514084507042		
3494	34940		0.0663718309859155		
3495	34950		0.140159154929577		
3496	34960		0.196028873239437		
3497	34970		0.137579577464789		
3498	34980		0.276838732394366		
3499	34990		0.307850704225352		
3500	35000		0.252678169014085		
3501	35010		0.347159154929578		
3502	35020		0.276540845070422		
3503	35030		0.371459154929578		
3504	35040		0.207494366197183		
3505	35050		0.165771126760563		
3506	35060		0.158285915492958		
3507	35070	0	0.144367605633803		
3508	35080	0	0.130601408450705		
3509	35090	0	0.117373943661972		
3510	35100	0	0.104653521126761		
3511	35110	0	0.0924274647887324		
3512	35120	0	0.0806387323943662		
3513	35130	0	0.069319014084507		
3514	35140	0	0.0585760563380282		
3515	35150	0.1	0.0532267605633803		
3516	35160	0	0.0505394366197183		
3517	35170	0	0.0480359154929577		
3518	35180	0	0.0456845070422535		
3519	35190	0	0.0461218309859155		
3520	35200	0	0.0442014084507042		
3521	35210	0	0.0374767605633803		
3522	35220	0	0.0389091549295775		
3523	35230	0	0.0359683098591549		
3524	35240	0	0.0364943661971831		
3525	35250	0	0.0358478873239437		
3526	35260	0	0.0263598591549296		
3527	35270	0	0.0327929577464789		
3528	35280	0	0.0249654929577465		
3529	35290	0	0.0224619718309859		
3530	35300	0	0.0200915492957747		
3531	35310	0	0.0133922535211268		
3532	35320	0	0.0158260563380282		
3533	35330	0	0.0108570422535211		
3534	35340	0	0.0101028169014085		
3535	35350	0	0.0104640845070423		
3536	35360	0	0.00695915492957747		
3537	35370	0	0.0144443661971831		
3538	35380	0	0.00875281690140845		
3539	35390	0	0.00894929577464788		
3540	35400	0	0.00809366197183099		
3541	35410	0	0.00501971830985915		
3542	35420	0	0.00605915492957747		
3543	35430	0	0.00434154929577465		
3544	35440	0	0.0045443661971831		
3545	35450	0	0.00500070422535211		
3546	35460	0.025	0.00448098591549296		
3547	35470	0.025	0.00591338028169014		
3548	35480	0.05	0.00375211267605634		
3549	35490	0.05	0.0138485915492958		
3550	35500	0	0.0145267605633803		
3551	35510	0	0.0190838028169014		
3552	35520	0	0.0158197183098592		
3553	35530	0	0.0125302816901409		
3554	35540	0	0.0136711267605634		
3555	35550	0.025	0.00902535211267605		
3556	35560	0	0.0100774647887324		
3557	35570	0	0.00835352112676056		
3558	35580	0	0.00692746478873239		
3559	35590	0	0.00835352112676056		
3560	35600	0	0.00576760563380282		
3561	35610	0	0.00745352112676057		
3562	35620	0	0.00590704225352113		
3563	35630	0	0.00563450704225352		
3564	35640	0.05	0.0062556338028169		
3565	35650	0	0.00507042253521127		
3566	35660	0.15	0.00592605633802817		
3567	35670	0.15	0.00578661971830986		
3568	35680	0.05	0.00518450704225352		
3569	35690	0.025	0.00527323943661972		
3570	35700	0	0.00465211267605634		
3571	35710	0.075	0.00567253521126761		
3572	35720	0.375	0.00479154929577465		
3573	35730	0.2	0.00691478873239437		
3574	35740	0.05	0.00725704225352113		
3575	35750	0	0.00772605633802817		
3576	35760	0.05	0.00784647887323944		
3577	35770	0	0.00617957746478873		
3578	35780	0.05	0.00777676056338028		
3579	35790	0	0.00744718309859155		
3580	35800	0.025	0.00785915492957747		
3581	35810	0	0.00774507042253521		
3582	35820	0	0.00631267605633803		
3583	35830	0	0.00683239436619719		
3584	35840	0	0.00512112676056338		
3585	35850	0	0.00560915492957747		
3586	35860	0	0.00501338028169014		
3587	35870	0	0.00609084507042254		
3588	35880	0	0.00730774647887324		
3589	35890	0	0.00561549295774648		
3590	35900	0	0.00591971830985916		
3591	35910	0	0.00570422535211268		
3592	35920	0	0.00486760563380282		
3593	35930	0	0.00495		
3594	35940	0	0.00403098591549296		
3595	35950	0	0.0045		
3596	35960	0	0.00370774647887324		
3597	35970	0	0.00351760563380282		
3598	35980	0	0.00341619718309859		
3599	35990	0	0.0028774647887324		
3600	36000	0	0.00300422535211268		
3601	36010	0	0.0022056338028169		
3602	36020	0	0.00238309859154929		
3603	36030	0	0.00228169014084507		
3604	36040	0	0.00213591549295775		
3605	36050	0	0.00252887323943662		
3606	36060	0.025	0.00224366197183099		
3607	36070	0	0.00275704225352113		
3608	36080	0.65	0.00263661971830986		
3609	36090	0.025	0.0028330985915493		
3610	36100	0	0.00253521126760563		
3611	36110	0	0.00185070422535211		
3612	36120	0	0.00201549295774648		
3613	36130	0.1	0.00170492957746479		
3614	36140	0	0.00192676056338028		
3615	36150	0	0.00166056338028169		
3616	36160	0	0.00144507042253521		
3617	36170	0	0.00155915492957746		
3618	36180		0.00350492957746479		
3619	36190		0.00470915492957747		
3620	36200		0.00461408450704225		
3621	36210	1.375	0.0258401408450704		
3622	36220	0.3	0.0753401408450704		
3623	36230	0.075	0.0704598591549296		
3624	36240	0.025	0.0572007042253521		
3625	36250	0	0.0462612676056338		
3626	36260	0.075	0.0379521126760563		
3627	36270	0	0.0327232394366197		
3628	36280	0	0.0276401408450704		
3629	36290	0	0.0238056338028169		
3630	36300	0	0.0195971830985916		
3631	36310	0	0.0169352112676056		
3632	36320	0	0.0143049295774648		
3633	36330	0	0.0123401408450704		
3634	36340	0	0.0109204225352113		
3635	36350	0	0.00928521126760564		
3636	36360	0	0.00881619718309859		
3637	36370	0	0.00778943661971831		
3638	36380	0	0.00744084507042254		
3639	36390	0	0.00716830985915493		
3640	36400	0	0.0063887323943662		
3641	36410	0	0.00651549295774648		
3642	36420	0	0.00581197183098592		
3643	36430	0	0.00575492957746479		
3644	36440	0	0.00534295774647887		
3645	36450	0	0.00484859154929577		
3646	36460	0	0.0050387323943662		
3647	36470	0.025	0.00482957746478873		
3648	36480	0	0.0049943661971831		
3649	36490	0	0.00659154929577465		
3650	36500	0.025	0.00697183098591549		
3651	36510	0	0.00974788732394366		
3652	36520	0.025	0.0144887323943662		
3653	36530	0	0.0157183098591549		
3654	36540	0.425	0.0207507042253521		
3655	36550	0.05	0.0306		
3656	36560	0.025	0.0287556338028169		
3657	36570	0.075	0.0345676056338028		
3658	36580	0.05	0.0500007042253521		
3659	36590	0.05	0.0538288732394366		
3660	36600	0.2	0.0614788732394366	0.0433422824722493	0.0181365907671873
3661	36610	0.625	0.0901838028169015	0.0539094552122195	0.0362743476046821
3662	36620	0	0.116588028169014		
3663	36630	0.025	0.110383098591549	0.0818644633863619	0.0285186352051875
3664	36640	0.025	0.0939485915492958	0.0791323650985128	0.014816226450783
3665	36650	0	0.0813042253521127	0.0743945540288111	0.00690967132330154
3666	36660	0.325	0.0751183098591549	0.0704175601176796	0.00470074974147534
3667	36670	0.05	0.0711507042253521	0.0745417566232726	-0.00339105239792042
3668	36680	0.325	0.0650471830985916	0.0772900259070894	-0.0122428428084979
3669	36690	0	0.0693950704225352	0.0828654938665454	-0.0134704234440102
3670	36700	0.15	0.0676267605633803	0.084812292067758	-0.0171855315043778
3671	36710	0.075	0.0655288732394366	0.0853813101364676	-0.019852436897031
3672	36720	0.7	0.0774633802816902	0.0917295971646473	-0.0142662168829572
3673	36730	0.575	0.113932394366197	0.115347687282107	-0.00141529291590954
3674	36740	0.025	0.160567605633803		
3675	36750	0	0.162304225352113	0.136568168769346	0.0257360565827671
3676	36760	0	0.133440845070423	0.127132484574102	0.00630836049632036
3677	36770	0.125	0.115535915492958		
3678	36780	0	0.0961478873239437	0.10859740646125	-0.0124495191373062
3679	36790	0	0.0833387323943662		
3680	36800	0	0.0712838028169014	0.087035725865578	-0.0157519230486766
3681	36810	0	0.0617197183098592	0.0764969749567677	-0.0147772566469086
3682	36820	0	0.0554957746478873	0.0627585786553092	-0.00726280400742184
3683	36830	0	0.0480929577464789	0.0577230707758187	-0.00963011302933985
3684	36840	0	0.0442140845070422		
3685	36850	0	0.0388964788732395	0.0495243767844035	-0.0106278979111641
3686	36860	0	0.0356323943661972	0.0454452848445577	-0.00981289047836047
3687	36870	0	0.0327866197183099	0.0376924883047253	-0.00490586858641538
3688	36880	0	0.0289964788732394	0.0333314547294595	-0.00433497585622006
3689	36890	0	0.0272725352112676	0.0294210490934968	-0.00214851388222921
3690	36900	0.025	0.0253140845070423	0.0303625343716772	-0.00504844986463492
3691	36910	0.1	0.0253077464788732	0.0298715649724719	-0.00456381849359866
3692	36920	0.125	0.0233302816901409	0.0323855473324938	-0.00905526564235299
3693	36930	0.25	0.0259288732394366	0.0318279921352554	-0.00589911889581879
3694	36940	0.2	0.0294591549295775	0.0380440895655093	-0.00858493463593179
3695	36950	0.3	0.0367669014084507	0.051267496501595	-0.0145005950931443
3696	36960	0.025	0.0522316901408451	0.0632878453267448	-0.0110561551858997
3697	36970	0.025	0.0551408450704225	0.0662451340926668	-0.0111042890222443
3698	36980	0	0.0533218309859155	0.0616665224502028	-0.00834469146428734
3699	36990	0.025	0.0508183098591549	0.05657300431934	-0.00575469446018511
3700	37000	0	0.046825352112676	0.0509579693251737	-0.0041326172124976
3701	37010	0	0.0450316901408451	0.0454880168163087	-0.000456326675463623
3702	37020	0.025	0.0415267605633803	0.0409927833038993	0.000533977259480983
3703	37030	0	0.0399549295774648		
3704	37040	0	0.0372992957746479	0.0356315120036039	0.00166778377104396
3705	37050	0.025	0.0353915492957746		
3706	37060	0.05	0.0341239436619718	0.0321108556162108	0.00201308804576099
3707	37070	0	0.0315823943661972	0.0316878220288444	-0.000105427662647151
3708	37080	0	0.0303971830985916	0.030517644471231	-0.000120461372639435
3709	37090	0	0.0277669014084507	0.0283402986693315	-0.000573397260880782
3710	37100	0	0.0260619718309859	0.0268782741028888	-0.000816302271902904
3711	37110	0	0.0249021126760563	0.0253254310594992	-0.000423318383442842
3712	37120	0	0.0236915492957747	0.0236964416852457	-4.89238947106938e-06
3713	37130	0	0.0232352112676056		
3714	37140	0	0.0219992957746479	0.0174613416883137	0.00453795408633421
3715	37150	0	0.021619014084507		
3716	37160	0	0.0206429577464789	0.010755621195872	0.00988733655060691
3717	37170	0	0.0198		
3718	37180	0	0.0192042253521127	0.00971845677879167	0.00948576857332101
3719	37190	0	0.0179239436619718	0.00960448279406827	0.00831946086790356
3720	37200	0	0.0176197183098591		
3721	37210	0	0.0164091549295775	0.00890751590535689	0.00750163902422057
3722	37220	0	0.0161239436619719		
3723	37230	0	0.0155788732394366	0.00862215325558108	0.00695671998385556
3724	37240	0	0.0147739436619718	0.00861204253667161	0.00616190112530022
3725	37250	0	0.0148816901408451		
3726	37260	0	0.013924647887324	0.00817871990847908	0.00574592797884487
3727	37270	0	0.0137661971830986	0.00761634167586196	0.00614985550723664
3728	37280	0	0.0133478873239437	0.00761634167586196	0.0057315456480817
3729	37290	0	0.0129422535211268		
3730	37300	0	0.0130246478873239	0.00761634167586196	0.00540830621146198
3731	37310	0	0.0122957746478873	0.00761634167586196	0.00467943297202535
3732	37320	0	0.0124161971830986		
3733	37330	0	0.0118964788732394	0.00761634167586196	0.00428013719737748
3734	37340	0	0.0119218309859155		
3735	37350	0	0.0117633802816901		
3736	37360	0	0.0113957746478874		
3737	37370	0	0.0114147887323944		
3738	37380	0	0.0107176056338028		
3739	37390	0	0.0108507042253521		
3740	37400	0	0.0104577464788732		
3741	37410	0	0.0101408450704225		
3742	37420	0	0.0101408450704225		
3743	37430	0	0.0101408450704225		
3744	37440	0	0.0101408450704225		
3745	37450	0	0.0101408450704225		
3746	37460	0	0.0101408450704225		
3747	37470	0.025	0.0101408450704225		
3748	37480	0.425	0.0101408450704225		
3749	37490	0.05	0.0101408450704225		
3750	37500	0.025	0.0101408450704225		
3751	37510	0	0.0101408450704225		
3752	37520	0.05	0.00989366197183098		
3753	37530	0	0.00988732394366197		
3754	37540	0	0.00988732394366197		
3755	37550	0	0.00988732394366197		
3756	37560	0	0.00988732394366197		
3757	37570	0	0.00988732394366197		
3758	37580	0	0.00988732394366197		
3759	37590	0	0.00988732394366197		
3760	37600	0	0.00988732394366197		
3761	37610	0	0.00988732394366197		
3762	37620	0	0.00988732394366197		
3763	37630	0	0.00988732394366197		
3764	37640	0	0.00988732394366197		
3765	37650	0	0.00972887323943662		
3766	37660	0	0.00963380281690141		
3767	37670	0	0.00963380281690141		
3768	37680	0	0.00963380281690141		
3769	37690	0	0.00963380281690141		
3770	37700	0	0.00963380281690141		
3771	37710	0	0.00963380281690141		
3772	37720	0	0.00963380281690141		
3773	37730	0.025	0.00963380281690141		
3774	37740	0.05	0.00963380281690141		
3775	37750	0.025	0.00963380281690141		
3776	37760	0	0.00963380281690141		
3777	37770	0	0.00963380281690141		
3778	37780	0			
3779	37790				
3780	37800				
3781	37810				
3782	37820				
3783	37830				
3784	37840				
3785	37850				
3786	37860				
3787	37870				
3788	37880				
3789	37890				
3790	37900				
3791	37910				
3792	37920				
3793	37930				
3794	37940				
3795	37950				
3796	37960				
3797	37970				
3798	37980				
3799	37990				
3800	38000				
3801	38010				
3802	38020				
3803	38030				
3804	38040				
3805	38050				
3806	38060				
3807	38070				
3808	38080				
3809	38090				
3810	38100				
3811	38110				
3812	38120				
3813	38130				
3814	38140				
3815	38150				
3816	38160				
3817	38170				
3818	38180				
3819	38190				
3820	38200				
3821	38210				
3822	38220				
3823	38230				
3824	38240				
3825	38250				
3826	38260				
3827	38270				
3828	38280				
3829	38290				
3830	38300				
3831	38310				
3832	38320				
3833	38330				
3834	38340				
3835	38350				
3836	38360				
3837	38370				
3838	38380				
3839	38390				
3840	38400				
3841	38410				
3842	38420				
3843	38430				
3844	38440				
3845	38450				
3846	38460				
3847	38470				
3848	38480				
3849	38490				
3850	38500				
3851	38510				
3852	38520				
3853	38530				
3854	38540				
3855	38550				
3856	38560				
3857	38570				
3858	38580				
3859	38590				
3860	38600				
3861	38610				
3862	38620				
3863	38630				
3864	38640				
3865	38650				
3866	38660				
3867	38670				
3868	38680				
3869	38690				
3870	38700				
3871	38710				
3872	38720				
3873	38730				
3874	38740				
3875	38750				
3876	38760				
3877	38770				
3878	38780				
3879	38790				
3880	38800				
3881	38810				
3882	38820				
3883	38830				
3884	38840				
3885	38850				
3886	38860				
3887	38870				
3888	38880				
3889	38890				
3890	38900				
3891	38910				
3892	38920				
3893	38930				
3894	38940				
3895	38950				
3896	38960				
3897	38970				
3898	38980				
3899	38990				
3900	39000				
3901	39010				
3902	39020				
3903	39030				
3904	39040				
3905	39050				
3906	39060				
3907	39070				
3908	39080				
3909	39090				
3910	39100				
3911	39110				
3912	39120				
3913	39130				
3914	39140				
3915	39150				
3916	39160				
3917	39170				
3918	39180				
3919	39190				
3920	39200				
3921	39210				
3922	39220				
3923	39230				
3924	39240				
3925	39250				
3926	39260				
3927	39270				
3928	39280				
3929	39290				
3930	39300				
3931	39310				
3932	39320				
3933	39330				
3934	39340				
3935	39350				
3936	39360				
3937	39370				
3938	39380				
3939	39390				
3940	39400				
3941	39410				
3942	39420				
3943	39430				
3944	39440				
3945	39450				
3946	39460				
3947	39470				
3948	39480				
3949	39490				
3950	39500				
3951	39510				
3952	39520				
3953	39530				
3954	39540				
3955	39550				
3956	39560				
3957	39570				
3958	39580				
3959	39590				
3960	39600				
3961	39610				
3962	39620				
3963	39630				
3964	39640				
3965	39650				
3966	39660				
3967	39670				
3968	39680				
3969	39690				
3970	39700				
3971	39710				
3972	39720				
3973	39730				
3974	39740				
3975	39750				
3976	39760				
3977	39770				
3978	39780				
3979	39790				
3980	39800				
3981	39810				
3982	39820				
3983	39830				
3984	39840				
3985	39850				
3986	39860				
3987	39870				
3988	39880				
3989	39890				
3990	39900				
3991	39910				
3992	39920				
3993	39930				
3994	39940				
3995	39950				
3996	39960				
3997	39970				
3998	39980				
3999	39990				
4000	40000				
4001	40010				
4002	40020				
4003	40030				
4004	40040				
4005	40050				
4006	40060				
4007	40070				
4008	40080				
4009	40090				
4010	40100				
4011	40110				
4012	40120				
4013	40130				
4014	40140				
4015	40150				
4016	40160				
4017	40170				
4018	40180				
4019	40190				
4020	40200				
4021	40210				
4022	40220				
4023	40230				
4024	40240				
4025	40250				
4026	40260				
4027	40270				
4028	40280				
4029	40290				
4030	40300				
4031	40310				
4032	40320				
4033	40330				
4034	40340				
4035	40350				
4036	40360				
4037	40370				
4038	40380				
4039	40390				
4040	40400				
4041	40410				
4042	40420				
4043	40430				
4044	40440				
4045	40450				
4046	40460				
4047	40470				
4048	40480				
4049	40490				
4050	40500				
4051	40510				
4052	40520				
4053	40530				
4054	40540				
4055	40550				
4056	40560				
4057	40570				
4058	40580				
4059	40590				
4060	40600				
4061	40610				
4062	40620				
4063	40630				
4064	40640				
4065	40650				
4066	40660				
4067	40670				
4068	40680				
4069	40690				
4070	40700				
4071	40710				
4072	40720				
4073	40730				
4074	40740				
4075	40750				
4076	40760				
4077	40770				
4078	40780				
4079	40790				
4080	40800				
4081	40810				
4082	40820				
4083	40830				
4084	40840				
4085	40850				
4086	40860				
4087	40870				
4088	40880				
4089	40890				
4090	40900				
4091	40910				
4092	40920				
4093	40930				
4094	40940				
4095	40950				
4096	40960				
4097	40970				
4098	40980				
4099	40990				
4100	41000				
4101	41010				
4102	41020				
4103	41030				
4104	41040				
4105	41050				
4106	41060				
4107	41070				
4108	41080				
4109	41090				
4110	41100				
4111	41110				
4112	41120				
4113	41130				
4114	41140				
4115	41150				
4116	41160				
4117	41170				
4118	41180				
4119	41190				
4120	41200				
4121	41210				
4122	41220				
4123	41230				
4124	41240				
4125	41250				
4126	41260				
4127	41270				
4128	41280				
4129	41290				
4130	41300				
4131	41310				
4132	41320				
4133	41330				
4134	41340				
4135	41350				
4136	41360				
4137	41370				
4138	41380				
4139	41390				
4140	41400				
4141	41410				
4142	41420				
4143	41430				
4144	41440				
4145	41450				
4146	41460				
4147	41470				
4148	41480				
4149	41490				
4150	41500				
4151	41510				
4152	41520				
4153	41530				
4154	41540				
4155	41550				
4156	41560				
4157	41570				
4158	41580				
4159	41590				
4160	41600				
4161	41610				
4162	41620				
4163	41630				
4164	41640				
4165	41650				
4166	41660				
4167	41670				
4168	41680				
4169	41690				
4170	41700				
4171	41710				
4172	41720				
4173	41730				
4174	41740				
4175	41750				
4176	41760				
4177	41770				
4178	41780				
4179	41790				
4180	41800				
4181	41810				
4182	41820				
4183	41830				
4184	41840				
4185	41850				
4186	41860				
4187	41870				
4188	41880				
4189	41890				
4190	41900				
4191	41910				
4192	41920				
4193	41930				
4194	41940				
4195	41950				
4196	41960				
4197	41970				
4198	41980				
4199	41990				
4200	42000				
4201	42010				
4202	42020				
4203	42030				
4204	42040				
4205	42050				
4206	42060				
4207	42070				
4208	42080				
4209	42090				
4210	42100				
4211	42110				
4212	42120				
4213	42130				
4214	42140				
4215	42150				
4216	42160				
4217	42170				
4218	42180				
4219	42190				
4220	42200				
4221	42210				
4222	42220				
4223	42230				
4224	42240				
4225	42250				
4226	42260				
4227	42270				
4228	42280				
4229	42290				
4230	42300				
4231	42310				
4232	42320				
4233	42330				
4234	42340				
4235	42350				
4236	42360				
4237	42370				
4238	42380				
4239	42390				
4240	42400				
4241	42410				
4242	42420				
4243	42430				
4244	42440				
4245	42450				
4246	42460				
4247	42470				
4248	42480				
4249	42490				
4250	42500				
4251	42510				
4252	42520				
4253	42530				
4254	42540				
4255	42550				
4256	42560				
4257	42570				
4258	42580				
4259	42590				
4260	42600				
4261	42610				
4262	42620				
4263	42630				
4264	42640				
4265	42650				
4266	42660				
4267	42670				
4268	42680				
4269	42690				
4270	42700				
4271	42710				
4272	42720				
4273	42730				
4274	42740				
4275	42750				
4276	42760				
4277	42770				
4278	42780				
4279	42790				
4280	42800				
4281	42810				
4282	42820				
4283	42830				
4284	42840				
4285	42850				
4286	42860				
4287	42870				
4288	42880				
4289	42890				
4290	42900				
4291	42910				
4292	42920				
4293	42930				
4294	42940				
4295	42950				
4296	42960				
4297	42970				
4298	42980				
4299	42990				
4300	43000				
4301	43010				
4302	43020				
4303	43030				
4304	43040				
4305	43050				
4306	43060				
4307	43070				
4308	43080				
4309	43090				
4310	43100				
4311	43110				
4312	43120				
4313	43130				
4314	43140				
4315	43150				
4316	43160				
4317	43170				
4318	43180				
4319	43190				
4320	43200				
4321	43210				
4322	43220				
4323	43230				
4324	43240				
4325	43250				
4326	43260				
4327	43270				
4328	43280				
4329	43290				
4330	43300				
4331	43310				
4332	43320				
4333	43330				
4334	43340				
4335	43350				
4336	43360				
4337	43370				
4338	43380				
4339	43390				
4340	43400				
4341	43410				
4342	43420				
4343	43430				
4344	43440				
4345	43450				
4346	43460				
4347	43470				
4348	43480				
4349	43490				
4350	43500				
4351	43510				
4352	43520	0			
4353	43530	0			
4354	43540	0			
4355	43550	0			
4356	43560	0			
4357	43570	0			
4358	43580	0	0.00906338028169014		
4359	43590	0	0.0128767605633803		
4360	43600	0	0.0158070422535211		
4361	43610	0	0.0131133802816901		
4362	43620	0.2	0.0123908450704225		
4363	43630	0.05	0.0125683098591549		
4364	43640	0.025	0.0154330985915493		
4365	43650	0	0.0263408450704226		
4366	43660	0.025	0.0334140845070423		
4367	43670	0	0.0391943661971831		
4368	43680	0	0.0480422535211268		
4369	43690	0	0.0695535211267606		
4370	43700	0	0.0802647887323944		
4371	43710	0	0.0797133802816901		
4372	43720	0	0.102954929577465		
4373	43730	0	0.0772035211267606		
4374	43740	0	0.0644577464788732		
4375	43750	0	0.0449302816901409		
4376	43760	0.8	0.027456338028169		
4377	43770	0.025	0.0315570422535211		
4378	43780	0.025	0.0353661971830986		
4379	43790	0.025	0.0381549295774648		
4380	43800	0.075	0.0394922535211268		
4381	43810	0.375	0.0408295774647887		
4382	43820	0	0.0420021126760563		
4383	43830	0.15	0.040069014084507		
4384	43840	0	0.0369		
4385	43850	0.05	0.033737323943662		
4386	43860	0	0.0305746478873239		
4387	43870	0	0.0274119718309859		
4388	43880	0.075	0.0249781690140845		
4389	43890	0	0.0249147887323944		
4390	43900	0	0.0250985915492958		
4391	43910	0.025	0.0253521126760563		
4392	43920	0.2	0.0255295774647887		
4393	43930	0.175	0.0257133802816902		
4394	43940	0.025	0.0258908450704226		
4395	43950	0	0.026112676056338		
4396	43960	0	0.0263281690140845		
4397	43970	0.025	0.0265056338028169		
4398	43980	0	0.0266894366197183		
4399	43990	0	0.0268732394366197		
4400	44000	0	0.0271204225352113		
4401	44010	0	0.0272978873239437		
4402	44020	0.05	0.0273676056338029		
4403	44030	0.025	0.0250542253521127		
4404	44040	0.025	0.0216760563380282		
4405	44050	0.3	0.0182978873239437		
4406	44060	0	0.0149133802816902		
4407	44070	0	0.0115352112676057		
4408	44080	0	0.00831549295774648		
4409	44090	0	0.0100901408450704		
4410	44100	0	0.0152366197183099		
4411	44110	0.1	0.0424584507042253		
4412	44120	0.25	0.0581070422535211		
4413	44130	0.825	0.0553183098591549		
4414	44140	0.075	0.0464387323943662		
4415	44150	0	0.0639443661971831		
4416	44160	0	0.100679577464789		
4417	44170	0.6	0.11320985915493		
4418	44180	0.1	0.174479577464789		
4419	44190	0	0.186185915492958		
4420	44200	0	0.131691549295775		
4421	44210	0	0.0964014084507043		
4422	44220	0.25	0.0781161971830986		
4423	44230	0	0.0625753521126761		
4424	44240	0	0.0499943661971831		
4425	44250	0	0.043212676056338		
4426	44260	0	0.0337816901408451		
4427	44270	0.13	0.0340288732394366		
4428	44280	0.08	0.0450190140845071		
4429	44290	0.34	0.0524408450704225		
4430	44300	0.91	0.108817605633803		
4431	44310	0.02	0.13095		
4432	44320	0.77	0.126158450704225		
4433	44330	0.16	0.208584507042254		
4434	44340	0.08	0.235622535211268		
4435	44350	0.02	0.216088732394366		
4436	44360	0.01	0.166005633802817		
4437	44370	0	0.124307746478873		
4438	44380	0	0.101560563380282		
4439	44390	0.01	0.0844098591549296		
4440	44400	0	0.0731218309859155		
4441	44410	0	0.0735654929577465		
4442	44420	0.01	0.0687232394366197		
4443	44430	0	0.0606105633802817		
4444	44440	0.06	0.0562753521126761		
4445	44450	0	0.0511985915492958		
4446	44460	0	0.0479788732394366		
4447	44470	0	0.0458683098591549		
4448	44480	0	0.0405633802816901		
4449	44490	0	0.0389091549295775		
4450	44500	0.36	0.0321528169014085		
4451	44510	2.75	0.0769183098591549		
4452	44520	0	0.169529577464789		
4453	44530	0	0.13133661971831		
4454	44540	0	0.0996401408450705		
4455	44550	0.07	0.0787943661971831		
4456	44560	0.01	0.0671640845070423		
4457	44570	0	0.0558823943661972		
4458	44580	0	0.0493035211267606		
4459	44590	0	0.0433394366197183		
4460	44600	0	0.0380788732394366		
4461	44610	0	0.0352647887323944		
4462	44620	0.04	0.0311387323943662		
4463	44630	0.36	0.0396443661971831		
4464	44640	0	0.108437323943662		
4465	44650	0.3	0.125296478873239		
4466	44660	0.07	0.139988028169014		
4467	44670	0.02	0.151865492957746		
4468	44680	0	0.135418309859155		
4469	44690	0	0.116866901408451		
4470	44700	0	0.0952415492957746		
4471	44710	0	0.0788007042253521		
4472	44720	0	0.0654528169014084		
4473	44730	0	0.0552169014084507		
4474	44740	0	0.0478457746478873		
4475	44750	0	0.0419514084507042		
4476	44760	0	0.0372359154929577		
4477	44770	0	0.0327359154929578		
4478	44780	0	0.0297		
4479	44790	0	0.0262394366197183		
4480	44800	0.11	0.024762676056338		
4481	44810	0.73	0.0240845070422535		
4482	44820	0.13	0.0288380281690141		
4483	44830	0.13	0.0355119718309859		
4484	44840	0	0.0326852112676057		
4485	44850	0	0.0295669014084507		
4486	44860	0.11	0.0282105633802817		
4487	44870	1.8	0.0469394366197183		
4488	44880	0.3	0.146110563380282		
4489	44890	0	0.204433098591549		
4490	44900	0	0.170727464788732		
4491	44910	0	0.131140140845071		
4492	44920	0	0.106599295774648		
4493	44930	0	0.0892014084507042		
4494	44940	0	0.0708718309859155		
4495	44950	0.74	0.0821028169014084		
4496	44960	0	0.104735915492958		
4497	44970	0.13	0.109432394366197		
4498	44980	0.01	0.104533098591549		
4499	44990	0	0.093130985915493		
4500	45000	0	0.0828507042253521		
4501	45010	0.02	0.0721901408450705		
4502	45020	0.11	0.063874647887324		
4503	45030	0.72	0.060287323943662		
4504	45040	0	0.0739901408450704		
4505	45050	0.01	0.0825591549295774		
4506	45060	0	0.080569014084507		
4507	45070	0.01	0.079180985915493		
4508	45080	0	0.0718605633802817		
4509	45090	0	0.0627021126760563		
4510	45100	0	0.0564338028169014		
4511	45110	1.82	0.0685521126760564		
4512	45120	0.04	0.137750704225352		
4513	45130	0.05	0.130252816901408		
4514	45140	0.26	0.128243661971831		
4515	45150	0.58	0.125784507042254		
4516	45160	0.12	0.131089436619718		
4517	45170	0.07	0.129238732394366		
4518	45180	0	0.12027676056338		
4519	45190	0.01	0.126811267605634		
4520	45200	0	0.118711267605634		
4521	45210	0	0.105293661971831		
4522	45220	0	0.0935049295774648		
4523	45230	0	0.0788767605633803		
4524	45240	0	0.069762676056338		
4525	45250	0	0.0608514084507042		
4526	45260	0	0.0530429577464789		
4527	45270	0	0.0476049295774648		
4528	45280	0	0.0436816901408451		
4529	45290	0	0.0425408450704225		
4530	45300	0	0.0381105633802817		
4531	45310	0.07	0.0356260563380282		
4532	45320	0.69	0.0336359154929578		
4533	45330	0.81	0.0615549295774648		
4534	45340	0.38	0.120245070422535		
4535	45350	0.04	0.110541549295775		
4536	45360	0	0.120631690140845		
4537	45370	0.21	0.108164788732395		
4538	45380	0.11	0.102264084507042		
4539	45390	0	0.0983852112676055	0.10724860278667	-0.00886339151906457
4540	45400	0	0.0945887323943662	0.0961938685264289	-0.00160513613206272
4541	45410	0.1	0.091337323943662		
4542	45420	0.26	0.0893281690140845		
4543	45430	0.02	0.094493661971831		
4544	45440	0.2	0.0911661971830986		
4545	45450	0.01	0.0954760563380282	0.089625002168736	0.00585105416929224
4546	45460	0.12	0.0956915492957747	0.087960327741257	0.00773122155451769
4547	45470	0.2	0.0949943661971831	0.0858465664036489	0.00914779979353417
4548	45480	0.25	0.106681690140845		
4549	45490	0.07	0.115871830985916		
4550	45500	0	0.126221830985915		
4551	45510	0	0.119294366197183	0.09368853098091	0.0256058352162732
4552	45520	0	0.10787323943662	0.085150706728617	0.0227225327080026
4553	45530	0	0.100235915492958		
4554	45540	0	0.0893661971830986	0.0540152042063958	0.0353509929767028
4555	45550	0	0.0824197183098591		
4556	45560	0	0.0757394366197183	0.0404732218703492	0.0352662147493691
4557	45570	0	0.0702443661971831		
4558	45580	0	0.0655922535211268		
4559	45590	0	0.0640077464788733	0.0291893295459152	0.0348184169329581
4560	45600	0.02	0.058930985915493		
4561	45610	0	0.0571816901408451	0.0271937676864568	0.0299879224543883
4562	45620	0.08	0.0548239436619718		
4563	45630	0.18	0.0601922535211268	0.0258126687058019	0.0343795848153249
4564	45640	0	0.069737323943662	0.032168030149381	0.037569293794281
4565	45650	0	0.0702253521126761		
4566	45660	0	0.065224647887324	0.0320847238745935	0.0331399240127305
4567	45670	0	0.0609908450704226		
4568	45680	0	0.0560725352112676	0.024255600850151	0.0318169343611166
4569	45690	0.01	0.0494302816901408		
4570	45700	0.01	0.0458049295774648		
4571	45710	0	0.043656338028169	0.0167101789075237	0.0269461591206453
4572	45720	0	0.0406140845070423		
4573	45730	0	0.0380852112676056	0.0154032569039939	0.0226819543636117
4574	45740	0	0.0361394366197183		
4575	45750	0	0.0343711267605634	0.0139781881101531	0.0203929386504102
4576	45760	0	0.0322669014084507	0.0133977659419	0.0188691354665507
4577	45770	0.01	0.0312654929577465		
4578	45780	0	0.029712676056338	0.0122714043755505	0.0174412716807876
4579	45790	0	0.0284450704225352		
4580	45800	0.01	0.0272661971830986		
4581	45810	0	0.0264992957746479		
4582	45820	0.01	0.0252570422535211		
4583	45830	0	0.0240401408450704	0.0114676412905044	0.012572499554566
4584	45840	0	0.0232352112676056		
4585	45850	0	0.0224429577464789	0.00926533778704918	0.0131776199594297
4586	45860	0	0.02115		
4587	45870	0	0.0206302816901408	0.00898219998010642	0.0116480817100344
4588	45880	0	0.0194767605633803	0.00882424493164529	0.010652515631735
4589	45890	0.01	0.0186654929577465		
4590	45900	0	0.0178985915492958	0.00891606099706254	0.00898253055223323
4591	45910	0	0.0174739436619718		
4592	45920	0	0.0162950704225352	0.00880279937772139	0.00749227104481382
4593	45930	0	0.0156549295774648		
4594	45940	0	0.015312676056338	0.00861108982548941	0.00670158623084861
4595	45950	0	0.0142478873239437	0.00850155558873136	0.00574633173521234
4596	45960	0.01	0.0139119718309859		
4597	45970	0.01	0.0133035211267606	0.00885759916346413	0.00444592196329644
4598	45980	0.03	0.0122387323943662		
4599	45990	0.01	0.0123338028169014	0.0107918851015672	0.00154191771533421
4600	46000	0	0.0118774647887324		
4601	46010	0.01	0.0118838028169014		
4602	46020	0	0.0113007042253521	0.0115962292625573	-0.000295525037205141
4603	46030	0.03	0.0110345070422535		
4604	46040	0.01	0.0107556338028169	0.0122238429251467	-0.00146820912232979
4605	46050	0	0.0106478873239437		
4606	46060	0	0.0104514084507042		
4607	46070	0	0.00986830985915493	0.0120757276353985	-0.00220741777624358
4608	46080	0.09	0.00972887323943662		
4609	46090	0	0.00979859154929578	0.0151257384467353	-0.00532714689743951
4610	46100	0.04	0.00995704225352113		
4611	46110	0	0.0095387323943662	0.017400852643576	-0.00786212024920983
4612	46120	0	0.00916478873239436		
4613	46130	0.01	0.00924718309859155		
4614	46140	0	0.00867042253521126		
4615	46150	0	0.0087718309859155		
4616	46160	0	0.00831549295774648		
4617	46170	0	0.00821408450704225		
4618	46180	0	0.00818239436619719		
4619	46190	0	0.00777042253521127		
4620	46200	0	0.00787816901408451		
4621	46210	0	0.00772605633802817		
4622	46220	0	0.0077387323943662		
4623	46230	0	0.00763098591549296		
4624	46240	0	0.00744718309859155		
4625	46250	0.01	0.00751056338028169		
4626	46260	0	0.00709859154929578		
4627	46270	0	0.0073330985915493		
4628	46280	0	0.00714295774647888		
4629	46290		0.00706056338028169		
4630	46300		0.00733943661971831		
4631	46310				
4632	46320				
4633	46330				
4634	46340				
4635	46350				
4636	46360				
4637	46370				
4638	46380				
4639	46390				
4640	46400				
4641	46410				
4642	46420				
4643	46430				
4644	46440				
4645	46450				
4646	46460				
4647	46470				
4648	46480				
4649	46490				
4650	46500				
4651	46510				
4652	46520				
4653	46530				
4654	46540				
4655	46550				
4656	46560				
4657	46570				
4658	46580				
4659	46590				
4660	46600				
4661	46610				
4662	46620				
4663	46630				
4664	46640				
4665	46650				
4666	46660				
4667	46670				
4668	46680				
4669	46690				
4670	46700				
4671	46710				
4672	46720				
4673	46730				
4674	46740				
4675	46750				
4676	46760				
4677	46770				
4678	46780				
4679	46790				
4680	46800				
4681	46810				
4682	46820				
4683	46830				
4684	46840				
4685	46850				
4686	46860				
4687	46870				
4688	46880				
4689	46890				
4690	46900				
4691	46910				
4692	46920				
4693	46930				
4694	46940				
4695	46950				
4696	46960				
4697	46970				
4698	46980				
4699	46990				
4700	47000				
4701	47010				
4702	47020				
4703	47030				
4704	47040				
4705	47050				
4706	47060				
4707	47070				
4708	47080				
4709	47090				
4710	47100				
4711	47110				
4712	47120				
4713	47130				
4714	47140				
4715	47150				
4716	47160				
4717	47170				
4718	47180				
4719	47190				
4720	47200				
4721	47210				
4722	47220				
4723	47230				
4724	47240				
4725	47250				
4726	47260				
4727	47270				
4728	47280				
4729	47290				
4730	47300				
4731	47310				
4732	47320				
4733	47330				
4734	47340				
4735	47350				
4736	47360				
4737	47370				
4738	47380				
4739	47390				
4740	47400				
4741	47410				
4742	47420				
4743	47430				
4744	47440				
4745	47450				
4746	47460				
4747	47470				
4748	47480				
4749	47490				
4750	47500				
4751	47510				
4752	47520				
4753	47530				
4754	47540				
4755	47550				
4756	47560				
4757	47570				
4758	47580				
4759	47590				
4760	47600				
4761	47610				
4762	47620				
4763	47630				
4764	47640				
4765	47650				
4766	47660				
4767	47670				
4768	47680				
4769	47690				
4770	47700				
4771	47710				
4772	47720				
4773	47730				
4774	47740				
4775	47750				
4776	47760				
4777	47770				
4778	47780				
4779	47790				
4780	47800				
4781	47810				
4782	47820				
4783	47830				
4784	47840				
4785	47850				
4786	47860				
4787	47870				
4788	47880				
4789	47890				
4790	47900				
4791	47910				
4792	47920				
4793	47930				
4794	47940				
4795	47950				
4796	47960				
4797	47970				
4798	47980				
4799	47990				
4800	48000				
4801	48010				
4802	48020				
4803	48030				
4804	48040				
4805	48050				
4806	48060				
4807	48070				
4808	48080				
4809	48090				
4810	48100				
4811	48110				
4812	48120				
4813	48130				
4814	48140				
4815	48150				
4816	48160				
4817	48170				
4818	48180				
4819	48190				
4820	48200				
4821	48210				
4822	48220				
4823	48230				
4824	48240				
4825	48250				
4826	48260				
4827	48270				
4828	48280				
4829	48290				
4830	48300				
4831	48310				
4832	48320				
4833	48330				
4834	48340				
4835	48350				
4836	48360				
4837	48370				
4838	48380				
4839	48390				
4840	48400				
4841	48410				
4842	48420				
4843	48430				
4844	48440				
4845	48450				
4846	48460				
4847	48470				
4848	48480				
4849	48490				
4850	48500				
4851	48510				
4852	48520				
4853	48530				
4854	48540				
4855	48550				
4856	48560				
4857	48570				
4858	48580				
4859	48590				
4860	48600				
4861	48610				
4862	48620				
4863	48630				
4864	48640				
4865	48650				
4866	48660				
4867	48670				
4868	48680				
4869	48690				
4870	48700				
4871	48710				
4872	48720				
4873	48730				
4874	48740				
4875	48750				
4876	48760				
4877	48770				
4878	48780				
4879	48790				
4880	48800				
4881	48810				
4882	48820				
4883	48830				
4884	48840				
4885	48850				
4886	48860				
4887	48870				
4888	48880				
4889	48890				
4890	48900				
4891	48910				
4892	48920				
4893	48930				
4894	48940				
4895	48950				
4896	48960				
4897	48970				
4898	48980				
4899	48990				
4900	49000				
4901	49010				
4902	49020				
4903	49030				
4904	49040				
4905	49050				
4906	49060				
4907	49070				
4908	49080				
4909	49090				
4910	49100				
4911	49110				
4912	49120				
4913	49130				
4914	49140				
4915	49150				
4916	49160				
4917	49170				
4918	49180				
4919	49190				
4920	49200				
4921	49210				
4922	49220				
4923	49230				
4924	49240				
4925	49250				
4926	49260				
4927	49270				
4928	49280				
4929	49290				
4930	49300				
4931	49310				
4932	49320				
4933	49330				
4934	49340				
4935	49350				
4936	49360				
4937	49370				
4938	49380				
4939	49390				
4940	49400				
4941	49410				
4942	49420				
4943	49430				
4944	49440				
4945	49450				
4946	49460				
4947	49470				
4948	49480				
4949	49490				
4950	49500				
4951	49510				
4952	49520				
4953	49530				
4954	49540				
4955	49550				
4956	49560				
4957	49570				
4958	49580				
4959	49590				
4960	49600				
4961	49610				
4962	49620				
4963	49630				
4964	49640				
4965	49650				
4966	49660				
4967	49670				
4968	49680				
4969	49690				
4970	49700				
4971	49710				
4972	49720				
4973	49730				
4974	49740				
4975	49750				
4976	49760				
4977	49770				
4978	49780				
4979	49790				
4980	49800				
4981	49810				
4982	49820				
4983	49830				
4984	49840				
4985	49850				
4986	49860				
4987	49870				
4988	49880				
4989	49890				
4990	49900				
4991	49910				
4992	49920				
4993	49930				
4994	49940				
4995	49950				
4996	49960				
4997	49970				
4998	49980				
4999	49990				
5000	50000				
5001	50010				
5002	50020				
5003	50030				
5004	50040				
5005	50050				
5006	50060				
5007	50070				
5008	50080				
5009	50090				
5010	50100				
5011	50110				
5012	50120				
5013	50130				
5014	50140				
5015	50150				
5016	50160				
5017	50170				
5018	50180				
5019	50190				
5020	50200				
5021	50210				
5022	50220				
5023	50230				
5024	50240				
5025	50250				
5026	50260				
5027	50270				
5028	50280				
5029	50290				
5030	50300				
5031	50310				
5032	50320				
5033	50330				
5034	50340				
5035	50350				
5036	50360				
5037	50370				
5038	50380				
5039	50390				
5040	50400				
5041	50410				
5042	50420				
5043	50430				
5044	50440				
5045	50450				
5046	50460				
5047	50470				
5048	50480				
5049	50490				
5050	50500				
5051	50510				
5052	50520				
5053	50530				
5054	50540				
5055	50550				
5056	50560				
5057	50570				
5058	50580				
5059	50590				
5060	50600				
5061	50610				
5062	50620				
5063	50630				
5064	50640				
5065	50650				
5066	50660				
5067	50670				
5068	50680				
5069	50690				
5070	50700				
5071	50710				
5072	50720				
5073	50730				
5074	50740				
5075	50750				
5076	50760				
5077	50770				
5078	50780				
5079	50790				
5080	50800				
5081	50810				
5082	50820				
5083	50830				
5084	50840				
5085	50850				
5086	50860				
5087	50870				
5088	50880				
5089	50890				
5090	50900				
5091	50910				
5092	50920				
5093	50930				
5094	50940				
5095	50950				
5096	50960				
5097	50970				
5098	50980				
5099	50990				
5100	51000				
5101	51010				
5102	51020				
5103	51030				
5104	51040				
5105	51050				
5106	51060				
5107	51070				
5108	51080				
5109	51090				
5110	51100				
5111	51110				
5112	51120				
5113	51130				
5114	51140				
5115	51150				
5116	51160				
5117	51170				
5118	51180				
5119	51190				
5120	51200				
5121	51210				
5122	51220				
5123	51230				
5124	51240				
5125	51250				
5126	51260				
5127	51270				
5128	51280				
5129	51290				
5130	51300				
5131	51310				
5132	51320				
5133	51330				
5134	51340				
5135	51350				
5136	51360				
5137	51370				
5138	51380				
5139	51390				
5140	51400				
5141	51410				
5142	51420				
5143	51430				
5144	51440				
5145	51450				
5146	51460				
5147	51470				
5148	51480				
5149	51490				
5150	51500				
5151	51510				
5152	51520				
5153	51530				
5154	51540				
5155	51550				
5156	51560				
5157	51570				
5158	51580				
5159	51590				
5160	51600				
5161	51610				
5162	51620				
5163	51630				
5164	51640				
5165	51650				
5166	51660				
5167	51670				
5168	51680				
5169	51690				
5170	51700				
5171	51710				
5172	51720				
5173	51730				
5174	51740				
5175	51750				
5176	51760				
5177	51770				
5178	51780				
5179	51790				
5180	51800				
5181	51810				
5182	51820				
5183	51830				
5184	51840				
5185	51850				
5186	51860				
5187	51870				
5188	51880				
5189	51890				
5190	51900				
5191	51910				
5192	51920				
5193	51930				
5194	51940				
5195	51950				
5196	51960				
5197	51970				
5198	51980				
5199	51990				
5200	52000				
5201	52010				
5202	52020				
5203	52030				
5204	52040				
5205	52050				
5206	52060				
5207	52070				
5208	52080				
5209	52090				
5210	52100				
5211	52110				
5212	52120				
5213	52130				
5214	52140				
5215	52150				
5216	52160				
5217	52170				
5218	52180				
5219	52190				
5220	52200				
5221	52210				
5222	52220				
5223	52230				
5224	52240				
5225	52250				
5226	52260				
5227	52270				
5228	52280				
5229	52290				
5230	52300				
5231	52310				
5232	52320				
5233	52330				
5234	52340				
5235	52350				
5236	52360				
5237	52370				
5238	52380				
5239	52390	0			
5240	52400	0.01			
5241	52410	0			
5242	52420	0	0.064774647887324		
5243	52430	0	0.134397887323944		
5244	52440	0	0.101167605633803		
5245	52450	0	0.15891338028169		
5246	52460	0	0.254490845070423		
5247	52470	0	0.251169718309859		
5248	52480	0	0.337069014084507		
5249	52490	0	0.310398591549296		
5250	52500	0	0.503473943661972		
5251	52510	0	0.571392253521127		
5252	52520	0	0.459760563380282		
5253	52530	0	0.621221830985916		
5254	52540	0.04	0.466428169014085		
5255	52550	0	0.306335915492958		
5256	52560	0	0.187054225352113		
5257	52570	0.17	0.138771126760564		
5258	52580	0	0.127419718309859		
5259	52590	0.11	0.110566901408451		
5260	52600	0	0.137833098591549		
5261	52610	0	0.118850704225352		
5262	52620	0.35	0.115054225352113		
5263	52630	0.01	0.112183098591549		
5264	52640	0.43	0.122469718309859		
5265	52650	0.06	0.121880281690141		
5266	52660	0.01	0.120137323943662		
5267	52670	0	0.129631690140845		
5268	52680	0	0.12105		
5269	52690	0	0.157227464788732		
5270	52700	0	0.27687676056338		
5271	52710	0	0.260372535211268		
5272	52720	0	0.382398591549296		
5273	52730	0.02	0.445011971830986		
5274	52740	0	0.431860563380282		
5275	52750	0	0.357800704225352		
5276	52760	0	0.303135211267606		
5277	52770	0	0.372067605633803		
5278	52780	0	0.264054929577465		
5279	52790	0	0.278201408450704		
5280	52800	0.25	0.20982676056338		
5281	52810	0.49	0.183257746478873		
5282	52820	0.93	0.219733098591549		
5283	52830	0.34	0.448123943661972		
5284	52840	0.37	0.435200704225352		
5285	52850	0	0.394269718309859		
5286	52860	0	0.28986338028169		
5287	52870	0	0.223903521126761		
5288	52880	0.03	0.168464788732395		
5289	52890	0.91	0.197182394366197		
5290	52900	0.1	0.328969014084507		
5291	52910	0.8	0.385757746478873		
5292	52920	0.42	0.499664788732395		
5293	52930	0.06	0.462771126760563		
5294	52940	0	0.35543661971831		
5295	52950	0	0.265183098591549		
5296	52960	0	0.204921126760564		
5297	52970	0	0.153697183098592		
5298	52980	0	0.131349295774648		
5299	52990	0.43	0.121398591549296		
5300	53000	1.25	0.146845774647887		
5301	53010	0.8	0.380066197183099		
5302	53020	0.01	0.43180985915493		
5303	53030	0	0.335319718309859		
5304	53040	0	0.249990845070423		
5305	53050	0	0.203862676056338		
5306	53060	0	0.160916197183099		
5307	53070	0	0.129542957746479		
5308	53080	0.06	0.116397887323944		
5309	53090	0	0.103899295774648		
5310	53100	0	0.094487323943662		
5311	53110	0	0.0867802816901408		
5312	53120	0	0.0781542253521127		
5313	53130	0	0.0732802816901408		
5314	53140	0	0.0685964788732394		
5315	53150	0	0.0627908450704226		
5316	53160	0	0.0565161971830986		
5317	53170	0	0.0541014084507043		
5318	53180	0	0.0510021126760563		
5319	53190	0	0.0473197183098591		
5320	53200	0	0.0436943661971831		
5321	53210	0	0.0413556338028169		
5322	53220	0	0.040512676056338		
5323	53230	0.04	0.0383007042253521		
5324	53240	0.09	0.0343267605633803		
5325	53250	0.08	0.0302387323943662		
5326	53260	0	0.032843661971831		
5327	53270	1.17	0.0405760563380282		
5328	53280	0.98	0.085461971830986		
5329	53290	0.06	0.170841549295775		
5330	53300	0.04	0.173890140845071		
5331	53310	0	0.138156338028169		
5332	53320	0	0.116093661971831		
5333	53330	0	0.0988922535211268		
5334	53340	0	0.0858992957746479		
5335	53350	0	0.0735021126760564		
5336	53360	0	0.0637669014084507		
5337	53370	0.56	0.0628669014084507		
5338	53380	0	0.0590830985915493		
5339	53390	0.12	0.0541774647887324		
5340	53400	0	0.0502225352112676		
5341	53410	0.34	0.0469584507042254		
5342	53420	0	0.0453612676056338		
5343	53430	0	0.043637323943662		
5344	53440	0	0.0398535211267606		
5345	53450	0	0.0345485915492958		
5346	53460	0	0.0318295774647887		
5347	53470	0	0.028362676056338		
5348	53480	0	0.0263408450704226		
5349	53490	0	0.0238690140845071		
5350	53500	0	0.0221450704225352		
5351	53510	0	0.0209535211267606		
5352	53520	0	0.020237323943662		
5353	53530	0	0.0194957746478873		
5354	53540	0	0.0183232394366197		
5355	53550	0.01	0.0177274647887324		
5356	53560	0	0.0179176056338028		
5357	53570	0.7	0.0177908450704225		
5358	53580	0.01	0.0251683098591549		
5359	53590	2	0.0453295774647887		
5360	53600	0.39	0.185000704225352		
5361	53610	0	0.276078169014085		
5362	53620	0.09	0.231230281690141		
5363	53630	0.38	0.199565492957747		
5364	53640	0.05	0.20256338028169		
5365	53650	0.01	0.175924647887324		
5366	53660	0.05	0.142453521126761		
5367	53670	0	0.125334507042254		
5368	53680	0	0.105851408450704		
5369	53690	0	0.0907795774647887		
5370	53700	0	0.0782746478873239		
5371	53710	0	0.06795		
5372	53720	0	0.0608830985915493		
5373	53730	0	0.0532394366197183		
5374	53740	0	0.0478711267605634		
5375	53750	0	0.0431302816901409		
5376	53760	0	0.0389028169014085		
5377	53770	0.03	0.0366654929577465		
5378	53780	0	0.0349478873239437		
5379	53790	0	0.0338323943661972		
5380	53800	0	0.0319309859154929		
5381	53810	0	0.0297570422535211		
5382	53820	0	0.0282359154929578		
5383	53830	0	0.0262394366197183		
5384	53840	0	0.0252823943661972		
5385	53850	0	0.0235014084507042		
5386	53860	0	0.0225823943661972		
5387	53870	0	0.0214985915492958		
5388	53880	0	0.0207253521126761		
5389	53890	0	0.0203450704225352		
5390	53900	0	0.0194260563380282		
5391	53910	0	0.0190838028169014		
5392	53920	0	0.0190330985915493		
5393	53930	0.06	0.0188619718309859		
5394	53940	0	0.0187795774647887		
5395	53950	0	0.0186718309859155		
5396	53960	0.52	0.0195718309859155		
5397	53970	0	0.0214542253521127		
5398	53980	0	0.020224647887324		
5399	53990	0	0.0191978873239437		
5400	54000	0	0.0186718309859155		
5401	54010	0	0.0185767605633803		
5402	54020	0	0.0180253521126761		
5403	54030	0	0.0177654929577465		
5404	54040	0.01	0.0173345070422535		
5405	54050	0	0.017106338028169		
5406	54060	0	0.0167450704225352		
5407	54070	0	0.0161302816901408		
5408	54080	0.02	0.016193661971831		
5409	54090	0	0.0158323943661972		
5410	54100	0	0.0157056338028169		
5411	54110	0	0.0152429577464789		
5412	54120	0	0.0149260563380282		
5413	54130	0.22	0.0155978873239437		
5414	54140	0	0.0149070422535211	0.0255270076337798	-0.0106199653802586
5415	54150	0	0.0146788732394366	0.0286846294537641	-0.0140057562143275
5416	54160	0.36	0.0150781690140845	0.0315424724214039	-0.0164643034073194
5417	54170	0.01	0.0159528169014085	0.0370871127931873	-0.0211342958917789
5418	54180	0	0.0156422535211268	0.0415561089790315	-0.0259138554579048
5419	54190	0	0.0153760563380282	0.0397571374726853	-0.0243810811346572
5420	54200	0	0.0156232394366197	0.0369864735181935	-0.0213632340815738
5421	54210	0	0.0153380281690141	0.033180966257526	-0.017842938088512
5422	54220	0	0.0154964788732394	0.0298212453074777	-0.0143247664342383
5423	54230	0	0.015319014084507	0.0266044082297575	-0.0112853941452505
5424	54240	0	0.0153760563380282	0.0239852850680342	-0.008609228730006
5425	54250	0	0.0151985915492958	0.0225271738051501	-0.00732858225585432
5426	54260	0	0.0146852112676056		
5427	54270	0	0.0147169014084507	0.0197002107203873	-0.00498330931193656
5428	54280	0	0.0144950704225352	0.018304076945628	-0.00380900652309277
5429	54290	0	0.014387323943662	0.0173001872611621	-0.00291286331750018
5430	54300	0	0.0142225352112676	0.0166049581754973	-0.00238242296422973
5431	54310	0.02	0.0136838028169014	0.015845721696477	-0.00216191887957564
5432	54320	0	0.0140197183098591	0.0156412398554475	-0.00162152154558839
5433	54330	1.04	0.0177591549295775		
5434	54340	0.64	0.0227028169014085		
5435	54350	0.26	0.0317408450704225		
5436	54360	0	0.0484415492957747		
5437	54370	0.78	0.0518514084507042		
5438	54380	0.03	0.0535056338028169		
5439	54390	0.13	0.0509323943661972		
5440	54400	0	0.0609654929577465	0.139438837229549	-0.0784733442718028
5441	54410	0	0.0747253521126761		
5442	54420	0	0.0750042253521127	0.113336361623743	-0.0383321362716304
5443	54430	0	0.0871669014084507		
5444	54440	0	0.0891443661971831	0.0894048016626618	-0.000260435465478742
5445	54450	0	0.0894992957746479		
5446	54460	0	0.0934732394366197	0.073618470677357	0.0198547687592627
5447	54470	0.03	0.0904753521126761	0.0666796856608124	0.0237956664518637
5448	54480	0.71	0.0970605633802817	0.0683914499175423	0.0286691134627394
5449	54490	0.22	0.133269718309859		
5450	54500	0.01	0.152898591549296		
5451	54510	0.02	0.133364788732394		
5452	54520	0	0.119116901408451	0.103406069639015	0.0157108317694362
5453	54530	0	0.104482394366197	0.093471213171337	0.0110111811948601
5454	54540	0	0.0922943661971831	0.0744840942332276	0.0178102719639555
5455	54550	0.01	0.0816591549295775		
5456	54560	0.28	0.0764429577464789		
5457	54570	0	0.0735654929577465		
5458	54580	0.03	0.0691669014084507		
5459	54590	0	0.0653957746478873	0.0505469600637573	0.01484881458413
5460	54600	0	0.0636147887323944		
5461	54610	0	0.0602556338028169	0.043106415661278	0.0171492181415389
5462	54620	0	0.0557492957746479		
5463	54630	0	0.0519971830985916	0.0334609597085935	0.0185362233899981
5464	54640	0	0.0479408450704225	0.029642867722254	0.0182979773481686
5465	54650	0	0.0444866197183099	0.0295427075749532	0.0149439121433567
5466	54660	0	0.0413619718309859	0.0289156504966657	0.0124463213343202
5467	54670	0	0.0381485915492958		
5468	54680	0	0.0364183098591549	0.025436883216399	0.0109814266427559
5469	54690	0	0.0344218309859155		
5470	54700	0	0.0332239436619718	0.0132757435555122	0.0199482001064596
5471	54710	0	0.0319056338028169	0.0123391956398731	0.0195664381629438
5472	54720	0.25	0.0307838028169014		
5473	54730	0.78	0.0354485915492958		
5474	54740	0.01	0.0421732394366197		
5475	54750	0.07	0.0429845070422535		
5476	54760	0	0.0452725352112676		
5477	54770	0	0.0495570422535211		
5478	54780	0	0.0488978873239437	0.0620401900892462	-0.0131423027653025
5479	54790	0	0.049030985915493		
5480	54800	0.01	0.0492908450704225		
5481	54810	0	0.0504697183098592		
5482	54820	0	0.050824647887324		
5483	54830	0.46	0.0504887323943662	0.0405937615773854	0.0098949708169808
5484	54840	0.32	0.0645908450704225		
5485	54850	0.32	0.0808478873239437		
5486	54860	0	0.0829647887323944		
5487	54870	0.15	0.0814943661971832	0.0922103453201826	-0.0107159791229994
5488	54880	0	0.0988161971830986	0.0899235581382331	0.00889263904486554
5489	54890	0	0.104659859154929		
5490	54900	0	0.0970225352112677		
5491	54910	0	0.0885232394366197		
5492	54920	0	0.0804169014084507		
5493	54930	0	0.072893661971831		
5494	54940	0	0.0678422535211268		
5495	54950	0.04	0.0629492957746479		
5496	54960	0	0.0589246478873239		
5497	54970	0	0.0560345070422535		
5498	54980	0	0.0544056338028169		
5499	54990	0	0.0524725352112676		
5500	55000	0	0.0491450704225352		
5501	55010	0	0.0466922535211268		
5502	55020	0.03	0.0441316901408451		
5503	55030	0	0.0430035211267606		
5504	55040	0.08	0.041837323943662		
5505	55050	0	0.0402338028169014		
5506	55060	0	0.0389661971830986		
5507	55070	0	0.0369316901408451		
5508	55080	0.01	0.036006338028169		
5509	55090	0	0.0338514084507042		
5510	55100	0	0.0324380281690141		
5511	55110	0	0.0308345070422535		
5512	55120	0	0.029224647887324		
5513	55130	0	0.0284387323943662		
5514	55140	0	0.0275197183098592		
5515	55150	0.06	0.0282929577464789		
5516	55160	0.5	0.0283880281690141		
5517	55170	0	0.0284894366197183		
5518	55180	0.05	0.0276845070422535		
5519	55190	0.04	0.027462676056338		
5520	55200	0	0.0268859154929578		
5521	55210	0			
5522	55220	0			
5523	55230	0			
5524	55240	0			
5525	55250	0.01			
5526	55260	0			
5527	55270	0.01			
5528	55280	0			
5529	55290				
5530	55300				
5531	55310				
5532	55320				
5533	55330				
5534	55340				
5535	55350				
5536	55360				
5537	55370				
5538	55380				
5539	55390				
5540	55400				
5541	55410				
5542	55420				
5543	55430				
5544	55440				
5545	55450				
5546	55460				
5547	55470				
5548	55480				
5549	55490				
5550	55500				
5551	55510				
5552	55520				
5553	55530				
5554	55540				
5555	55550				
5556	55560				
5557	55570				
5558	55580				
5559	55590				
5560	55600				
5561	55610				
5562	55620				
5563	55630				
5564	55640				
5565	55650				
5566	55660				
5567	55670				
5568	55680				
5569	55690				
5570	55700				
5571	55710				
5572	55720				
5573	55730				
5574	55740				
5575	55750				
5576	55760				
5577	55770				
5578	55780				
5579	55790				
5580	55800				
5581	55810				
5582	55820				
5583	55830				
5584	55840				
5585	55850				
5586	55860				
5587	55870				
5588	55880				
5589	55890				
5590	55900				
5591	55910				
5592	55920				
5593	55930				
5594	55940				
5595	55950				
5596	55960				
5597	55970				
5598	55980				
5599	55990				
5600	56000				
5601	56010				
5602	56020				
5603	56030				
5604	56040				
5605	56050				
5606	56060				
5607	56070				
5608	56080				
5609	56090				
5610	56100				
5611	56110				
5612	56120				
5613	56130				
5614	56140				
5615	56150				
5616	56160				
5617	56170				
5618	56180				
5619	56190				
5620	56200				
5621	56210				
5622	56220				
5623	56230				
5624	56240				
5625	56250				
5626	56260				
5627	56270				
5628	56280				
5629	56290				
5630	56300				
5631	56310				
5632	56320				
5633	56330				
5634	56340				
5635	56350				
5636	56360				
5637	56370				
5638	56380				
5639	56390				
5640	56400				
5641	56410				
5642	56420				
5643	56430				
5644	56440				
5645	56450				
5646	56460				
5647	56470				
5648	56480				
5649	56490				
5650	56500				
5651	56510				
5652	56520				
5653	56530				
5654	56540				
5655	56550				
5656	56560				
5657	56570				
5658	56580				
5659	56590				
5660	56600				
5661	56610				
5662	56620				
5663	56630				
5664	56640				
5665	56650				
5666	56660				
5667	56670				
5668	56680				
5669	56690				
5670	56700				
5671	56710				
5672	56720				
5673	56730				
5674	56740				
5675	56750				
5676	56760				
5677	56770				
5678	56780				
5679	56790				
5680	56800				
5681	56810				
5682	56820				
5683	56830				
5684	56840				
5685	56850				
5686	56860				
5687	56870				
5688	56880				
5689	56890				
5690	56900				
5691	56910				
5692	56920				
5693	56930				
5694	56940				
5695	56950				
5696	56960				
5697	56970				
5698	56980				
5699	56990				
5700	57000				
5701	57010				
5702	57020				
5703	57030				
5704	57040				
5705	57050				
5706	57060				
5707	57070				
5708	57080				
5709	57090				
5710	57100				
5711	57110				
5712	57120				
5713	57130				
5714	57140				
5715	57150				
5716	57160				
5717	57170				
5718	57180				
5719	57190				
5720	57200				
5721	57210				
5722	57220				
5723	57230				
5724	57240				
5725	57250				
5726	57260				
5727	57270				
5728	57280				
5729	57290				
5730	57300				
5731	57310				
5732	57320				
5733	57330				
5734	57340				
5735	57350				
5736	57360				
5737	57370				
5738	57380				
5739	57390				
5740	57400				
5741	57410				
5742	57420				
5743	57430				
5744	57440				
5745	57450				
5746	57460				
5747	57470				
5748	57480				
5749	57490				
5750	57500				
5751	57510				
5752	57520				
5753	57530				
5754	57540				
5755	57550				
5756	57560				
5757	57570				
5758	57580				
5759	57590				
5760	57600				
5761	57610				
5762	57620				
5763	57630				
5764	57640				
5765	57650				
5766	57660				
5767	57670				
5768	57680				
5769	57690				
5770	57700				
5771	57710				
5772	57720				
5773	57730				
5774	57740				
5775	57750				
5776	57760				
5777	57770				
5778	57780				
5779	57790				
5780	57800				
5781	57810				
5782	57820				
5783	57830				
5784	57840				
5785	57850				
5786	57860				
5787	57870				
5788	57880				
5789	57890				
5790	57900				
5791	57910				
5792	57920				
5793	57930				
5794	57940				
5795	57950				
5796	57960				
5797	57970				
5798	57980				
5799	57990				
5800	58000				
5801	58010				
5802	58020				
5803	58030				
5804	58040				
5805	58050				
5806	58060				
5807	58070				
5808	58080				
5809	58090				
5810	58100				
5811	58110				
5812	58120				
5813	58130				
5814	58140				
5815	58150				
5816	58160				
5817	58170				
5818	58180				
5819	58190				
5820	58200				
5821	58210				
5822	58220				
5823	58230				
5824	58240				
5825	58250				
5826	58260				
5827	58270				
5828	58280				
5829	58290				
5830	58300				
5831	58310				
5832	58320				
5833	58330				
5834	58340				
5835	58350				
5836	58360				
5837	58370				
5838	58380				
5839	58390				
5840	58400				
5841	58410				
5842	58420				
5843	58430				
5844	58440				
5845	58450				
5846	58460				
5847	58470				
5848	58480				
5849	58490				
5850	58500				
5851	58510				
5852	58520				
5853	58530				
5854	58540				
5855	58550				
5856	58560				
5857	58570				
5858	58580				
5859	58590				
5860	58600				
5861	58610				
5862	58620				
5863	58630				
5864	58640				
5865	58650				
5866	58660				
5867	58670				
5868	58680				
5869	58690				
5870	58700				
5871	58710				
5872	58720				
5873	58730				
5874	58740				
5875	58750				
5876	58760				
5877	58770				
5878	58780				
5879	58790				
5880	58800				
5881	58810				
5882	58820				
5883	58830				
5884	58840				
5885	58850				
5886	58860				
5887	58870				
5888	58880				
5889	58890				
5890	58900				
5891	58910				
5892	58920				
5893	58930				
5894	58940				
5895	58950				
5896	58960				
5897	58970				
5898	58980				
5899	58990				
5900	59000				
5901	59010				
5902	59020				
5903	59030				
5904	59040				
5905	59050				
5906	59060				
5907	59070				
5908	59080				
5909	59090				
5910	59100				
5911	59110				
5912	59120				
5913	59130				
5914	59140				
5915	59150				
5916	59160				
5917	59170				
5918	59180				
5919	59190				
5920	59200				
5921	59210				
5922	59220				
5923	59230				
5924	59240				
5925	59250				
5926	59260				
5927	59270				
5928	59280				
5929	59290				
5930	59300				
5931	59310				
5932	59320				
5933	59330				
5934	59340				
5935	59350				
5936	59360				
5937	59370				
5938	59380				
5939	59390				
5940	59400				
5941	59410				
5942	59420				
5943	59430				
5944	59440				
5945	59450				
5946	59460				
5947	59470				
5948	59480				
5949	59490				
5950	59500				
5951	59510				
5952	59520				
5953	59530				
5954	59540				
5955	59550				
5956	59560				
5957	59570				
5958	59580				
5959	59590				
5960	59600				
5961	59610				
5962	59620				
5963	59630				
5964	59640				
5965	59650				
5966	59660				
5967	59670				
5968	59680				
5969	59690				
5970	59700				
5971	59710				
5972	59720				
5973	59730				
5974	59740				
5975	59750				
5976	59760				
5977	59770				
5978	59780				
5979	59790				
5980	59800				
5981	59810				
5982	59820				
5983	59830				
5984	59840				
5985	59850				
5986	59860				
5987	59870				
5988	59880				
5989	59890				
5990	59900				
5991	59910				
5992	59920				
5993	59930				
5994	59940				
5995	59950				
5996	59960				
5997	59970				
5998	59980				
5999	59990				
6000	60000				
6001	60010				
6002	60020				
6003	60030				
6004	60040				
6005	60050				
6006	60060				
6007	60070				
6008	60080				
6009	60090				
6010	60100				
6011	60110				
6012	60120				
6013	60130				
6014	60140				
6015	60150				
6016	60160				
6017	60170				
6018	60180				
6019	60190				
6020	60200				
6021	60210				
6022	60220				
6023	60230				
6024	60240				
6025	60250				
6026	60260				
6027	60270				
6028	60280				
6029	60290				
6030	60300				
6031	60310				
6032	60320				
6033	60330				
6034	60340				
6035	60350				
6036	60360				
6037	60370				
6038	60380				
6039	60390				
6040	60400				
6041	60410				
6042	60420				
6043	60430				
6044	60440				
6045	60450				
6046	60460				
6047	60470				
6048	60480				
6049	60490				
6050	60500				
6051	60510				
6052	60520				
6053	60530				
6054	60540				
6055	60550				
6056	60560				
6057	60570				
6058	60580				
6059	60590				
6060	60600				
6061	60610				
6062	60620				
6063	60630				
6064	60640				
6065	60650				
6066	60660				
6067	60670				
6068	60680				
6069	60690				
6070	60700				
6071	60710				
6072	60720				
6073	60730				
6074	60740				
6075	60750				
6076	60760				
6077	60770				
6078	60780				
6079	60790				
6080	60800				
6081	60810				
6082	60820				
6083	60830				
6084	60840				
6085	60850				
6086	60860				
6087	60870				
6088	60880				
6089	60890				
6090	60900				
6091	60910				
6092	60920				
6093	60930				
6094	60940				
6095	60950				
6096	60960				
6097	60970				
6098	60980				
6099	60990				
6100	61000				
6101	61010				
6102	61020				
6103	61030				
6104	61040				
6105	61050				
6106	61060				
6107	61070				
6108	61080				
6109	61090				
6110	61100		0.100825352112676		
6111	61110		0.137661971830986		
6112	61120		0.181825352112676		
6113	61130		0.160985915492958		
6114	61140		0.1926		
6115	61150		0.206847887323944		
6116	61160		0.199952112676057		
6117	61170		0.200218309859155		
6118	61180		0.173104225352113		
6119	61190	0	0.211538028169014		
6120	61200	0	0.208191549295775		
6121	61210	0	0.246067605633803		
6122	61220	0	0.314822535211268		
6123	61230	0	0.302754929577465		
6124	61240	0	0.358453521126761		
6125	61250	0	0.219828169014084		
6126	61260	0	0.226292957746479		
6127	61270	0	0.203729577464789		
6128	61280	0	0.165929577464789		
6129	61290	0.01	0.162152112676056		
6130	61300	0	0.110611267605634		
6131	61310	0	0.134264788732394		
6132	61320	0	0.104197183098592		
6133	61330	0	0.0786169014084507		
6134	61340	0	0.0744845070422535		
6135	61350	0	0.0684760563380282		
6136	61360	0	0.0653577464788732		
6137	61370	0	0.0619859154929578		
6138	61380	0	0.0588422535211268		
6139	61390	0	0.0558		
6140	61400	0	0.0529352112676056		
6141	61410	0.01	0.0502732394366197		
6142	61420	0	0.0475859154929577		
6143	61430	0.03	0.0452535211267606		
6144	61440	0.07	0.043630985915493		
6145	61450	0.85	0.0518450704225352		
6146	61460	0.16	0.0717211267605634		
6147	61470	0	0.0666760563380282		
6148	61480	0	0.0522507042253521		
6149	61490	0.03	0.0465718309859155		
6150	61500	0	0.0435295774647887		
6151	61510	0	0.0406394366197183		
6152	61520	0	0.0379014084507042		
6153	61530	0	0.0354169014084507		
6154	61540	0	0.0331352112676056		
6155	61550	0	0.0309295774647887		
6156	61560	0	0.0288760563380282		
6157	61570	0	0.027		
6158	61580	0	0.0252		
6159	61590	0	0.0235521126760564		
6160	61600	0	0.0219802816901408		
6161	61610	0	0.0205605633802817		
6162	61620	0.31	0.0191408450704225		
6163	61630	0.06	0.0192422535211268		
6164	61640	0.01	0.0259605633802817		
6165	61650	0	0.0213718309859155		
6166	61660	0	0.0184056338028169		
6167	61670	0	0.0168591549295775		
6168	61680	0	0.015312676056338		
6169	61690	0	0.0137661971830986		
6170	61700	0	0.0122197183098592		
6171	61710	0	0.0106732394366197		
6172	61720	0	0.0124225352112676		
6173	61730	0	0.0100394366197183		
6174	61740	0	0.00960845070422536		
6175	61750	0	0.0105464788732395		
6176	61760	0	0.00882253521126761		
6177	61770	0	0.0106225352112676		
6178	61780	0	0.00938028169014084		
6179	61790	0.07	0.0102676056338028		
6180	61800	0.5	0.0101661971830986		
6181	61810	0.61	0.0115859154929577		
6182	61820	0.01	0.017543661971831		
6183	61830	0.04	0.0279633802816902		
6184	61840	0.08	0.0307774647887324		
6185	61850	0.03	0.0333380281690141		
6186	61860	0	0.0434281690140845		
6187	61870	0	0.0550140845070423		
6188	61880	0	0.0533154929577465		
6189	61890	0	0.0496647887323944		
6190	61900	0	0.0427183098591549		
6191	61910	0	0.0388394366197183		
6192	61920	0	0.0347323943661972		
6193	61930	0	0.0324507042253521		
6194	61940	0	0.0288		
6195	61950	0	0.0246169014084507		
6196	61960	0	0.0240084507042254		
6197	61970	0	0.0211183098591549		
6198	61980	0	0.0212704225352113		
6199	61990	0	0.0196225352112676		
6200	62000	0	0.0179239436619718		
6201	62010	0	0.0184816901408451		
6202	62020	0	0.0163774647887324		
6203	62030	0	0.0162760563380282		
6204	62040	0	0.0156169014084507		
6205	62050	0	0.0127521126760564		
6206	62060	0	0.0127521126760563		
6207	62070	0	0.0118140845070423		
6208	62080	0.06	0.0122450704225352		
6209	62090	0	0.0116619718309859		
6210	62100	0	0.0117887323943662		
6211	62110	0	0.0115859154929577		
6212	62120	0	0.010774647887324		
6213	62130	0	0.0114338028169014		
6214	62140	0	0.0101661971830986		
6215	62150	0	0.0110028169014085		
6216	62160	0	0.0103183098591549		
6217	62170	0	0.00988732394366196		
6218	62180	0	0.0109521126760563		
6219	62190	0	0.0094056338028169		
6220	62200	0	0.0100901408450704		
6221	62210	0	0.00907605633802817		
6222	62220	0	0.00872112676056338		
6223	62230	0	0.00856901408450704		
6224	62240	0	0.00877183098591549		
6225	62250	0.09	0.00917746478873239		
6226	62260	0.2	0.00869577464788732		
6227	62270	0.95	0.00927887323943662		
6228	62280	0.92	0.0138422535211268		
6229	62290	0.02	0.0149070422535211		
6230	62300	0.36	0.017569014084507		
6231	62310	0.15	0.0410704225352113		
6232	62320	0.01	0.0537211267605634		
6233	62330	0	0.0596535211267606		
6234	62340	0	0.056687323943662		
6235	62350	0	0.0482197183098592		
6236	62360	0	0.0425661971830986		
6237	62370	0.08	0.0367352112676056		
6238	62380	0	0.0321211267605634		
6239	62390	0	0.0298394366197183		
6240	62400	0	0.0254028169014085		
6241	62410	0.06	0.0232985915492958		
6242	62420	0.77	0.0224619718309859		
6243	62430	0.03	0.0248450704225352		
6244	62440	0	0.0287492957746479		
6245	62450	0.01	0.0286478873239437		
6246	62460	0.06	0.0276591549295775		
6247	62470	0.14	0.0271267605633803		
6248	62480	0	0.0270507042253521		
6249	62490	0.1	0.0261380281690141		
6250	62500	0.28	0.0263661971830986		
6251	62510	0	0.0280140845070423		
6252	62520	0	0.0290788732394366		
6253	62530	0	0.0282676056338028		
6254	62540	0.27	0.0261887323943662		
6255	62550	0.14	0.0264676056338028		
6256	62560	0.27	0.0297633802816902		
6257	62570	0.08	0.0329323943661972		
6258	62580	0.09	0.0349859154929577		
6259	62590	0.17	0.0372169014084507		
6260	62600	0.65	0.0415014084507042		
6261	62610	0.25	0.067512676056338		
6262	62620	0.34	0.109140845070423		
6263	62630	0	0.135735211267606		
6264	62640	0.01	0.130360563380282		
6265	62650	0.4	0.132008450704225		
6266	62660	0.06	0.180380281690141		
6267	62670	0	0.158476056338028		
6268	62680	0	0.128281690140845		
6269	62690	0	0.107619718309859		
6270	62700	0.32	0.0932704225352113		
6271	62710	0.01	0.116822535211268		
6272	62720	0	0.105616901408451		
6273	62730	0	0.0908619718309859		
6274	62740	0	0.0781859154929578		
6275	62750	0	0.0672845070422535		
6276	62760	0	0.0580056338028169		
6277	62770	0	0.0522253521126761		
6278	62780	0	0.0466225352112676		
6279	62790	0.08	0.0431492957746479		
6280	62800	0.87	0.0421859154929577		
6281	62810	0	0.0712140845070423		
6282	62820	1.99	0.091343661971831		
6283	62830	0.07	0.14374647887324		
6284	62840	0.37	0.152619718309859		
6285	62850	0.63	0.153152112676056		
6286	62860	0.04	0.226470422535211		
6287	62870	0	0.233391549295775		
6288	62880	0	0.190216901408451		
6289	62890	0	0.147498591549296		
6290	62900	0	0.122552112676056	0.145902273704986	-0.0233501610289301
6291	62910	0	0.105135211267606	0.127219607326851	-0.0220843960592456
6292	62920	0	0.0922816901408451	0.112862049695559	-0.020580359554714
6293	62930	0	0.081456338028169	0.102165768374126	-0.0207094303459569
6294	62940	0	0.0725070422535212	0.092167935655354	-0.0196608934018329
6295	62950	0	0.0643183098591549	0.0851107929662146	-0.0207924831070597
6296	62960	0	0.058969014084507	0.0748062648353594	-0.0158372507508523
6297	62970	0	0.0537971830985916	0.0692490968397412	-0.0154519137411497
6298	62980	0	0.0496394366197183	0.063137250937278	-0.0134978143175597
6299	62990	0.05	0.0468253521126761	0.0638861280722273	-0.0170607759595512
6300	63000	0.31	0.0442140845070423	0.0642191307999639	-0.0200050462929216
6301	63010	0.13	0.0437577464788732	0.0655082095467023	-0.0217504630678291
6302	63020	0.04	0.0446450704225352	0.0729141944263648	-0.0282691240038296
6303	63030	0.94	0.0486507042253521	0.0639385245855693	-0.0152878203602172
6304	63040	1.33	0.124377464788732	0.107824417169709	0.0165530476190231
6305	63050	0.53	0.281585915492958	0.165162510504274	0.116423404988684
6306	63060	0.01	0.312287323943662	0.192971154643589	0.119316169300073
6307	63070	0.01	0.256005633802817	0.193863983009359	0.0621416507934577
6308	63080	0.17	0.209535211267606	0.181767557752073	0.0277676535155332
6309	63090	0.01	0.188822535211268	0.167513934325621	0.0213086008856469
6310	63100	0	0.157842253521127	0.148816433254335	0.00902582026679227
6311	63110	0.34	0.134518309859155	0.133076358100601	0.00144195175855394
6312	63120	0.1	0.12227323943662	0.130669852282489	-0.00839661284586889
6313	63130	0.2	0.117456338028169	0.130853778120398	-0.0133974400922293
6314	63140	0.02	0.123160563380282	0.129070761830802	-0.00591019845051979
6315	63150	0.02	0.12252676056338	0.12254848853529	-2.17279719092189e-05
6316	63160	0.35	0.121461971830986	0.117618878921632	0.0038430929093541
6317	63170	0.04	0.124276056338028	0.120778397517704	0.00349765882032446
6318	63180	0.02	0.11603661971831	0.115961781158541	7.48385597691692e-05
6319	63190	0.18	0.10536338028169	0.107084473873932	-0.001721093592242
6320	63200	0.3	0.0996845070422535	0.108624202092508	-0.00893969505025403
6321	63210	0.06	0.111194366197183		
6322	63220	0.01	0.112588732394366	0.115056105499283	-0.00246737310491654
6323	63230	0	0.105921126760563	0.1079065969603	-0.0019854701997372
6324	63240	0	0.0965154929577465	0.0888555119370618	0.00765998102068473
6325	63250	0	0.089087323943662	0.066713621811656	0.022373702132006
6326	63260	0	0.0798338028169014	0.0541550272810118	0.0256787755358896
6327	63270	0	0.0734450704225352	0.0477185942664501	0.0257264761560851
6328	63280	0	0.0688056338028169	0.0437111075101094	0.0250945262927075
6329	63290	0.26	0.0667267605633803	0.0423145606387359	0.0244121999246444
6330	63300	0.02	0.0729887323943662	0.0486418903841109	0.0243468420102553
6331	63310	2.97	0.0982140845070422	0.0837747286426173	0.0144393558644248
6332	63320	0.14	0.159616901408451	0.179149104488726	-0.0195322030802749
6333	63330	0.1	0.172850704225352	0.230054708756456	-0.0572040045311041
6334	63340	0.61	0.183954929577465	0.234886062100133	-0.0509311325226682
6335	63350	0.09	0.225811267605634	0.244188860137885	-0.018377592532251
6336	63360	0.02	0.223935211267606	0.232125344177345	-0.00819013290973913
6337	63370	0	0.198050704225352	0.205145997682707	-0.00709529345735474
6338	63380	0	0.167323943661972	0.180058921577193	-0.012734977915221
6339	63390	0	0.139208450704225	0.156204093854617	-0.0169956431503915
6340	63400	0	0.127647887323944	0.139027428291943	-0.0113795409679992
6341	63410	0.02	0.115047887323944		
6342	63420	0	0.106529577464789	0.108592419969045	-0.00206284250425651
6343	63430	0.01	0.0988225352112676		
6344	63440	0	0.0924591549295775	0.0936991352517449	-0.00123998032216743
6345	63450	0	0.0865267605633803		
6346	63460	0	0.0815830985915493		
6347	63470	0	0.0765126760563381	0.0644874679414736	0.0120252081148645
6348	63480	0.01	0.0718225352112676		
6349	63490	0	0.0683239436619718	0.065288988526438	0.00303495513553384
6350	63500	0	0.0642422535211268		
6351	63510	0.01	0.0609211267605634	0.0551733991803229	0.00574772758024044
6352	63520	0	0.0579549295774648	0.0218487915064559	0.0361061380710088
6353	63530	0	0.0555971830985915		
6354	63540	0	0.0534169014084507	0.0175470838270845	0.0358698175813662
6355	63550	0	0.0514901408450704		
6356	63560	0	0.0497915492957747	0.00910247863773867	0.040689070658036
6357	63570	0	0.0503746478873239		
6358	63580	0	0.0496394366197183		
6359	63590	0	0.0479915492957746	0.00852152136295915	0.0394700279328155
6360	63600	0	0.045912676056338		
6361	63610	0	0.0444422535211268	0.00841595878881019	0.0360262947323166
6362	63620	0	0.0428450704225352		
6363	63630	0			
6364	63640	0			
6365	63650	0			
6366	63660	0			
6367	63670	0			
6368	63680	0			
6369	63690	0			
6370	63700	0			
6371	63710	0			
6372	63720	0			
6373	63730	0			
6374	63740	0.07			
6375	63750	0.18			
6376	63760	0.13			
6377	63770	0			
6378	63780	0			
6379	63790	0			
6380	63800	0			
6381	63810	0.05			
6382	63820	0			
6383	63830	0			
6384	63840	0			
6385	63850	0			
6386	63860	0			
6387	63870	0			
6388	63880	0			
6389	63890	0.01			
6390	63900	0			
6391	63910	0			
6392	63920	0			
6393	63930	0			
6394	63940	0			
6395	63950	0			
6396	63960	0			
6397	63970	0			
6398	63980	0			
6399	63990	0			
6400	64000	0			
6401	64010	0.02			
6402	64020	0.33			
6403	64030	0.05			
6404	64040	0			
6405	64050	0			
6406	64060	0			
6407	64070	0			
6408	64080	0			
6409	64090	0			
6410	64100				
6411	64110				
6412	64120				
6413	64130				
6414	64140				
6415	64150				
6416	64160				
6417	64170				
6418	64180				
6419	64190				
6420	64200				
6421	64210				
6422	64220				
6423	64230				
6424	64240				
6425	64250				
6426	64260				
6427	64270				
6428	64280				
6429	64290				
6430	64300				
6431	64310				
6432	64320				
6433	64330				
6434	64340				
6435	64350				
6436	64360				
6437	64370				
6438	64380				
6439	64390				
6440	64400				
6441	64410				
6442	64420				
6443	64430				
6444	64440				
6445	64450				
6446	64460				
6447	64470				
6448	64480				
6449	64490				
6450	64500				
6451	64510				
6452	64520				
6453	64530				
6454	64540				
6455	64550				
6456	64560				
6457	64570				
6458	64580				
6459	64590				
6460	64600				
6461	64610				
6462	64620				
6463	64630				
6464	64640				
6465	64650				
6466	64660				
6467	64670				
6468	64680				
6469	64690				
6470	64700				
6471	64710				
6472	64720				
6473	64730				
6474	64740				
6475	64750				
6476	64760				
6477	64770				
6478	64780				
6479	64790				
6480	64800				
6481	64810				
6482	64820				
6483	64830				
6484	64840				
6485	64850				
6486	64860				
6487	64870				
6488	64880				
6489	64890				
6490	64900				
6491	64910				
6492	64920				
6493	64930				
6494	64940				
6495	64950				
6496	64960				
6497	64970				
6498	64980				
6499	64990				
6500	65000				
6501	65010				
6502	65020				
6503	65030				
6504	65040				
6505	65050				
6506	65060				
6507	65070				
6508	65080				
6509	65090				
6510	65100				
6511	65110				
6512	65120				
6513	65130				
6514	65140				
6515	65150				
6516	65160				
6517	65170				
6518	65180				
6519	65190				
6520	65200				
6521	65210				
6522	65220				
6523	65230				
6524	65240				
6525	65250				
6526	65260				
6527	65270				
6528	65280				
6529	65290				
6530	65300				
6531	65310				
6532	65320				
6533	65330				
6534	65340				
6535	65350				
6536	65360				
6537	65370				
6538	65380				
6539	65390				
6540	65400				
6541	65410				
6542	65420				
6543	65430				
6544	65440				
6545	65450				
6546	65460				
6547	65470				
6548	65480				
6549	65490				
6550	65500				
6551	65510				
6552	65520				
6553	65530				
6554	65540				
6555	65550				
6556	65560				
6557	65570				
6558	65580				
6559	65590				
6560	65600				
6561	65610				
6562	65620				
6563	65630				
6564	65640				
6565	65650				
6566	65660				
6567	65670				
6568	65680				
6569	65690				
6570	65700				
6571	65710				
6572	65720				
6573	65730				
6574	65740				
6575	65750				
6576	65760				
6577	65770				
6578	65780				
6579	65790				
6580	65800				
6581	65810				
6582	65820				
6583	65830				
6584	65840				
6585	65850				
6586	65860				
6587	65870				
6588	65880				
6589	65890				
6590	65900				
6591	65910				
6592	65920				
6593	65930				
6594	65940				
6595	65950				
6596	65960				
6597	65970				
6598	65980				
6599	65990				
6600	66000				
6601	66010				
6602	66020				
6603	66030				
6604	66040				
6605	66050				
6606	66060				
6607	66070				
6608	66080				
6609	66090				
6610	66100				
6611	66110				
6612	66120				
6613	66130				
6614	66140				
6615	66150				
6616	66160				
6617	66170				
6618	66180				
6619	66190				
6620	66200				
6621	66210				
6622	66220				
6623	66230				
6624	66240				
6625	66250				
6626	66260				
6627	66270				
6628	66280				
6629	66290				
6630	66300				
6631	66310				
6632	66320				
6633	66330				
6634	66340				
6635	66350				
6636	66360				
6637	66370				
6638	66380				
6639	66390				
6640	66400				
6641	66410				
6642	66420				
6643	66430				
6644	66440				
6645	66450				
6646	66460				
6647	66470				
6648	66480				
6649	66490				
6650	66500				
6651	66510				
6652	66520				
6653	66530				
6654	66540				
6655	66550				
6656	66560				
6657	66570				
6658	66580				
6659	66590				
6660	66600				
6661	66610				
6662	66620				
6663	66630				
6664	66640				
6665	66650				
6666	66660				
6667	66670				
6668	66680				
6669	66690				
6670	66700				
6671	66710				
6672	66720				
6673	66730				
6674	66740				
6675	66750				
6676	66760				
6677	66770				
6678	66780				
6679	66790				
6680	66800				
6681	66810				
6682	66820				
6683	66830				
6684	66840				
6685	66850				
6686	66860				
6687	66870				
6688	66880				
6689	66890				
6690	66900				
6691	66910				
6692	66920				
6693	66930				
6694	66940				
6695	66950				
6696	66960				
6697	66970				
6698	66980				
6699	66990				
6700	67000				
6701	67010				
6702	67020				
6703	67030				
6704	67040				
6705	67050				
6706	67060				
6707	67070				
6708	67080				
6709	67090				
6710	67100				
6711	67110				
6712	67120				
6713	67130				
6714	67140				
6715	67150				
6716	67160				
6717	67170				
6718	67180				
6719	67190				
6720	67200				
6721	67210				
6722	67220				
6723	67230				
6724	67240				
6725	67250				
6726	67260				
6727	67270				
6728	67280				
6729	67290				
6730	67300				
6731	67310				
6732	67320				
6733	67330				
6734	67340				
6735	67350				
6736	67360				
6737	67370				
6738	67380				
6739	67390				
6740	67400				
6741	67410				
6742	67420				
6743	67430				
6744	67440				
6745	67450				
6746	67460				
6747	67470				
6748	67480				
6749	67490				
6750	67500				
6751	67510				
6752	67520				
6753	67530				
6754	67540				
6755	67550				
6756	67560				
6757	67570				
6758	67580				
6759	67590				
6760	67600				
6761	67610				
6762	67620				
6763	67630				
6764	67640				
6765	67650				
6766	67660				
6767	67670				
6768	67680				
6769	67690				
6770	67700				
6771	67710				
6772	67720				
6773	67730				
6774	67740				
6775	67750				
6776	67760				
6777	67770				
6778	67780				
6779	67790				
6780	67800				
6781	67810				
6782	67820				
6783	67830				
6784	67840				
6785	67850				
6786	67860				
6787	67870				
6788	67880				
6789	67890				
6790	67900				
6791	67910				
6792	67920				
6793	67930				
6794	67940				
6795	67950				
6796	67960				
6797	67970				
6798	67980				
6799	67990				
6800	68000				
6801	68010				
6802	68020				
6803	68030				
6804	68040				
6805	68050				
6806	68060				
6807	68070				
6808	68080				
6809	68090				
6810	68100				
6811	68110				
6812	68120				
6813	68130				
6814	68140				
6815	68150				
6816	68160				
6817	68170				
6818	68180				
6819	68190				
6820	68200				
6821	68210				
6822	68220				
6823	68230				
6824	68240				
6825	68250				
6826	68260				
6827	68270				
6828	68280				
6829	68290				
6830	68300				
6831	68310				
6832	68320				
6833	68330				
6834	68340				
6835	68350				
6836	68360				
6837	68370				
6838	68380				
6839	68390				
6840	68400				
6841	68410				
6842	68420				
6843	68430				
6844	68440				
6845	68450				
6846	68460				
6847	68470				
6848	68480				
6849	68490				
6850	68500				
6851	68510				
6852	68520				
6853	68530				
6854	68540				
6855	68550				
6856	68560				
6857	68570				
6858	68580				
6859	68590				
6860	68600				
6861	68610				
6862	68620				
6863	68630				
6864	68640				
6865	68650				
6866	68660				
6867	68670				
6868	68680				
6869	68690				
6870	68700				
6871	68710				
6872	68720				
6873	68730				
6874	68740				
6875	68750				
6876	68760				
6877	68770				
6878	68780				
6879	68790				
6880	68800				
6881	68810				
6882	68820				
6883	68830				
6884	68840				
6885	68850				
6886	68860				
6887	68870				
6888	68880				
6889	68890				
6890	68900				
6891	68910				
6892	68920				
6893	68930				
6894	68940				
6895	68950				
6896	68960				
6897	68970				
6898	68980				
6899	68990				
6900	69000				
6901	69010				
6902	69020				
6903	69030				
6904	69040				
6905	69050				
6906	69060				
6907	69070				
6908	69080				
6909	69090				
6910	69100				
6911	69110				
6912	69120				
6913	69130				
6914	69140				
6915	69150				
6916	69160				
6917	69170				
6918	69180				
6919	69190				
6920	69200				
6921	69210				
6922	69220				
6923	69230				
6924	69240				
6925	69250				
6926	69260				
6927	69270				
6928	69280				
6929	69290				
6930	69300				
6931	69310				
6932	69320				
6933	69330				
6934	69340				
6935	69350				
6936	69360				
6937	69370				
6938	69380				
6939	69390				
6940	69400				
6941	69410				
6942	69420				
6943	69430				
6944	69440				
6945	69450				
6946	69460				
6947	69470				
6948	69480				
6949	69490				
6950	69500				
6951	69510				
6952	69520				
6953	69530				
6954	69540				
6955	69550				
6956	69560				
6957	69570				
6958	69580				
6959	69590				
6960	69600				
6961	69610				
6962	69620				
6963	69630				
6964	69640				
6965	69650				
6966	69660				
6967	69670				
6968	69680				
6969	69690				
6970	69700				
6971	69710				
6972	69720				
6973	69730				
6974	69740				
6975	69750				
6976	69760				
6977	69770				
6978	69780				
6979	69790				
6980	69800				
6981	69810				
6982	69820				
6983	69830				
6984	69840				
6985	69850				
6986	69860				
6987	69870				
6988	69880				
6989	69890				
6990	69900				
6991	69910				
6992	69920	0			
6993	69930	0			
6994	69940	0			
6995	69950	0	0.13750985915493		
6996	69960	0	0.20950985915493		
6997	69970	0	0.406140845070423		
6998	69980	0	0.756329577464789		
6999	69990	0.01	0.771743661971831		
7000	70000	0	1.07949295774648		
7001	70010	0	0.631901408450704		
7002	70020	0	0.645921126760564		
7003	70030	0	0.544816901408451		
7004	70040	0	0.528040140845071		
7005	70050	0	0.532134507042254		
7006	70060	0	0.376193661971831		
7007	70070	0	0.331364788732394		
7008	70080	0	0.261228169014085		
7009	70090	0	0.229493661971831		
7010	70100	0	0.1971		
7011	70110	0	0.168312676056338		
7012	70120	0	0.143721126760564		
7013	70130	0	0.122476056338028		
7014	70140	0	0.112544366197183		
7015	70150	0	0.102137323943662		
7016	70160	0	0.0838140845070423		
7017	70170	0	0.0862542253521127		
7018	70180	0.22	0.0729380281690141		
7019	70190	0	0.0677408450704225		
7020	70200	0	0.0647239436619718		
7021	70210	0	0.0524598591549296		
7022	70220	0	0.0498802816901409		
7023	70230	0	0.0421478873239437		
7024	70240	0	0.0412161971830986		
7025	70250	0	0.0383830985915493		
7026	70260	0	0.0363676056338028		
7027	70270	0	0.0389408450704225		
7028	70280	0	0.0325964788732394		
7029	70290	0	0.0339654929577465		
7030	70300	0	0.0350112676056338		
7031	70310	0	0.0333823943661972		
7032	70320	0	0.0375338028169014		
7033	70330	0	0.0341619718309859		
7034	70340	0	0.0338323943661972		
7035	70350	0	0.0325267605633803		
7036	70360	0	0.0349478873239437		
7037	70370	0	0.0359176056338028		
7038	70380	0	0.0307838028169014		
7039	70390	0	0.0307647887323944		
7040	70400	0	0.0264295774647887		
7041	70410	0	0.0266007042253521		
7042	70420	0	0.0234887323943662		
7043	70430	0	0.0245978873239437		
7044	70440	0	0.0232098591549296		
7045	70450	0	0.0217457746478873		
7046	70460	0	0.0231464788732394		
7047	70470	0	0.0201739436619718		
7048	70480	0	0.0210295774647887		
7049	70490	0.35	0.0205478873239437		
7050	70500	0.25	0.0211880281690141		
7051	70510	0.01	0.0241922535211268		
7052	70520	0.03	0.0223161971830986		
7053	70530	0	0.0232035211267606		
7054	70540	0	0.0228866197183099		
7055	70550	0	0.0270633802816902		
7056	70560	0	0.0260429577464789		
7057	70570	0.03	0.0223732394366197		
7058	70580	0	0.0244521126760564		
7059	70590	0.09	0.0224556338028169		
7060	70600	0	0.0290471830985915		
7061	70610	0	0.0297253521126761		
7062	70620	0.04	0.0267338028169014		
7063	70630	0	0.0254535211267606		
7064	70640	0	0.0191218309859155		
7065	70650	0	0.0236598591549296		
7066	70660	0	0.0195021126760563		
7067	70670	0	0.0272091549295775		
7068	70680	0.11	0.0322542253521127		
7069	70690	0	0.0344345070422535		
7070	70700	0	0.0351		
7071	70710	0	0.0352394366197183		
7072	70720	0.46	0.0389408450704225		
7073	70730	0	0.0470218309859155		
7074	70740	0.08	0.0532077464788732		
7075	70750	0.18	0.0721711267605634		
7076	70760	0	0.0912295774647887		
7077	70770	0	0.070212676056338		
7078	70780	0	0.0543549295774648		
7079	70790	0	0.0490183098591549		
7080	70800	0	0.0355880281690141		
7081	70810	0	0.0298014084507042		
7082	70820	0	0.029687323943662		
7083	70830	0	0.0277605633802817		
7084	70840	0	0.0256056338028169		
7085	70850	0	0.0233049295774648		
7086	70860	0	0.020256338028169		
7087	70870	0	0.0167387323943662		
7088	70880	0.07	0.0155725352112676		
7089	70890	0	0.0153887323943662		
7090	70900	0.02	0.0152619718309859		
7091	70910	0.26	0.0167767605633803		
7092	70920	0	0.0190330985915493		
7093	70930	0.2	0.0252316901408451		
7094	70940	0	0.0268225352112676		
7095	70950	0	0.0245788732394366		
7096	70960	0	0.0210359154929577		
7097	70970	0	0.0195718309859155		
7098	70980	0	0.0179049295774648		
7099	70990	0.1	0.0185260563380282		
7100	71000	0.16	0.0208647887323944		
7101	71010	0.33	0.0235140845070423		
7102	71020	0	0.0251366197183099		
7103	71030	0	0.0224049295774648		
7104	71040	0	0.0205859154929577		
7105	71050	0	0.0169098591549296		
7106	71060	0	0.0164788732394366		
7107	71070	0	0.015287323943662		
7108	71080	0	0.0136838028169014		
7109	71090	0	0.0145140845070423		
7110	71100	0	0.0132908450704226		
7111	71110	0	0.0121816901408451		
7112	71120	0	0.0119852112676056		
7113	71130	0	0.0115098591549296		
7114	71140	0	0.0117697183098592		
7115	71150	0	0.0120295774647887		
7116	71160	0.03	0.0117570422535211		
7117	71170	0	0.0118014084507042		
7118	71180	0.02	0.0111422535211268		
7119	71190	0.02	0.0114528169014085		
7120	71200	0.2	0.0110788732394366		
7121	71210	0.49	0.0109330985915493		
7122	71220	0.2	0.0125112676056338		
7123	71230	0.37	0.0125112676056338		
7124	71240	0.01	0.015274647887324		
7125	71250	0	0.0268288732394366		
7126	71260	0	0.0285021126760564		
7127	71270	0	0.0271521126760563		
7128	71280	0	0.0245154929577465		
7129	71290	0.33	0.0229056338028169		
7130	71300	0.44	0.022512676056338		
7131	71310	0	0.0253521126760564		
7132	71320	0.02	0.0258591549295775		
7133	71330	0	0.0239260563380282		
7134	71340	0.41	0.0246169014084507		
7135	71350	0	0.0231908450704225		
7136	71360	0	0.0241161971830986		
7137	71370	0	0.0225823943661972		
7138	71380	0	0.0206492957746479		
7139	71390	0	0.0192929577464789		
7140	71400	0	0.0176957746478873		
7141	71410	0.15	0.0171887323943662		
7142	71420	0.1	0.0172204225352113		
7143	71430	0.08	0.0201929577464789		
7144	71440	0	0.0217647887323944		
7145	71450	0	0.0209281690140845		
7146	71460	0.12	0.0200345070422535		
7147	71470	0.03	0.0190901408450704		
7148	71480	0	0.0185197183098591		
7149	71490	0	0.0202119718309859		
7150	71500	0	0.0234507042253521		
7151	71510	0	0.0220753521126761		
7152	71520	0.01	0.0200471830985915		
7153	71530	0	0.0189697183098592		
7154	71540	0	0.0178161971830986		
7155	71550	0	0.0169035211267606		
7156	71560	0	0.0160225352112676		
7157	71570	0	0.0151922535211268		
7158	71580	0.01	0.0143683098591549		
7159	71590	0	0.0137598591549296		
7160	71600	0.04	0.0135190140845071		
7161	71610	0.7	0.0139943661971831		
7162	71620	0.16	0.0154647887323944		
7163	71630	0	0.0248133802816901		
7164	71640	0.23	0.0309929577464789		
7165	71650	0.12	0.0366338028169014		
7166	71660	0.14	0.0433711267605634	0.0763166125442429	-0.0329454857836795
7167	71670	0	0.0453866197183099	0.0746754784239516	-0.0292888587056418
7168	71680	0	0.0419387323943662	0.0694919605817671	-0.0275532281874009
7169	71690	0	0.0381802816901408	0.0623724256704894	-0.0241921439803486
7170	71700	0.16	0.0354232394366197	0.0584294751511874	-0.0230062357145676
7171	71710	0.07	0.0326598591549296	0.0586348994461458	-0.0259750402912162
7172	71720	0	0.0307838028169014	0.0581215717024848	-0.0273377688855833
7173	71730	0.02	0.0282422535211268	0.0551714197325693	-0.0269291662114425
7174	71740	0.01	0.026093661971831	0.0526295849979826	-0.0265359230261516
7175	71750	0.1	0.0245154929577465	0.0494037201127865	-0.02488822715504
7176	71760	0	0.0230767605633803	0.0475958164963354	-0.0245190559329551
7177	71770	0	0.0223352112676056	0.0449070403357882	-0.0225718290681826
7178	71780	0	0.0203133802816901		
7179	71790	0	0.0190838028169014	0.0409824480825953	-0.0218986452656939
7180	71800	0	0.0179366197183099	0.0378322264478465	-0.0198956067295367
7181	71810	0	0.0173661971830986	0.0343925709774249	-0.0170263737943263
7182	71820	0.03	0.0168781690140845	0.0252208631751429	-0.00834269416105837
7183	71830	0.27	0.0168401408450704	0.0267245964360676	-0.00988445559099713
7184	71840	0	0.016637323943662	0.0349385204565054	-0.0183011965128434
7185	71850	0	0.0163014084507043		
7186	71860	0	0.0159971830985916	0.0327489713459439	-0.0167517882473523
7187	71870	0	0.0155852112676056	0.0299446755034539	-0.0143594642358483
7188	71880	0	0.0152492957746479		
7189	71890	0	0.0150338028169014	0.0250776220097484	-0.010043819192847
7190	71900	0	0.014387323943662	0.0225079685606735	-0.00812064461701155
7191	71910	0	0.0141084507042254	0.0188676928179766	-0.00475924211375125
7192	71920	0	0.0137281690140845	0.017526313908284	-0.0037981448941995
7193	71930	0	0.0137725352112676		
7194	71940	0	0.0135316901408451	0.0156349093394259	-0.00210321919858085
7195	71950	0	0.0131197183098592	0.0147595905808541	-0.00163987227099495
7196	71960	0	0.0129359154929577	0.0133189668985828	-0.000383051405625046
7197	71970	0	0.0125746478873239	0.0124084939418586	0.000166153945465318
7198	71980	0.1	0.0126633802816902	0.0127497592155373	-8.63789338470915e-05
7199	71990	0.03	0.0127647887323944	0.0159308916951807	-0.0031661029627863
7200	72000	0.02	0.0124035211267606		
7201	72010	0.01	0.0123654929577465	0.0204804881670307	-0.00811499520928425
7202	72020	0	0.0124922535211268		
7203	72030	0.01	0.0122450704225352		
7204	72040	0	0.012181690140845		
7205	72050	0.02	0.0126		
7206	72060	0	0.0130056338028169	0.0145089316387221	-0.00150329783590519
7207	72070	0.01	0.0129676056338028		
7208	72080	0	0.0128598591549296	0.0140155599769034	-0.00115570082197381
7209	72090	0	0.0124922535211268		
7210	72100	0	0.0123781690140845	0.0130167374343652	-0.000638568420280662
7211	72110	0	0.01215	0.0125565234583185	-0.000406523458318514
7212	72120	0	0.0122640845070423		
7213	72130	0	0.0122007042253521	0.0113179597978099	0.000882744427542222
7214	72140	0.02	0.0119345070422535		
7215	72150	0.01	0.0118394366197183		
7216	72160	0	0.0115795774647888		
7217	72170	0	0.0113957746478874		
7218	72180	0	0.0113070422535211	0.0120170261585657	-0.000709983905044533
7219	72190	0	0.0109964788732394		
7220	72200	0	0.0108633802816901	0.00991090951571493	0.00095247076597519
7221	72210	0	0.0104007042253521		
7222	72220	0	0.01035	0.00910258876624646	0.00124741123375355
7223	72230	0	0.0101471830985915	0.00896229450238238	0.00118488859620917
7224	72240	0	0.00982394366197183	0.00878002529547449	0.00104391836649734
7225	72250	0	0.00992535211267605	0.00866747123064006	0.00125788088203599
7226	72260	0	0.00972253521126761		
7227	72270	0	0.00969084507042254	0.00831659085784385	0.00137425421257869
7228	72280	0	0.00972253521126761	0.00813429415180235	0.00158824105946525
7229	72290	0	0.00983028169014085		
7230	72300	0	0.00959577464788732	0.00798204170178871	0.00161373294609861
7231	72310	0	0.0093612676056338	0.00799938785382826	0.00136187975180555
7232	72320	0	0.00939929577464789	0.00801881781164882	0.00138047796299907
7233	72330	0	0.00926619718309859	0.00801027472482361	0.00125592245827498
7234	72340	0	0.00915211267605634		
7235	72350	0	0.00912676056338028	0.00772881732238539	0.0013979432409949
7236	72360	0	0.00919647887323944	0.00761634167586196	0.00158013719737747
7237	72370	0	0.00924084507042254	0.00761634167586196	0.00162450339456057
7238	72380	0	0.00912042253521127	0.00761634167586196	0.00150408085934931
7239	72390	0	0.00916478873239437	0.00761634167586196	0.0015484470565324
7240	72400	0.87	0.0117697183098592	0.0173689160855089	-0.00559919777564975
7241	72410	0.01	0.0135697183098592		
7242	72420	0.07	0.0131323943661972		
7243	72430	0.07	0.0136711267605634		
7244	72440	0.35	0.0147676056338028		
7245	72450	0.01	0.0167767605633803		
7246	72460	0	0.0181140845070423		
7247	72470	0	0.0190077464788733		
7248	72480	0.08	0.0194894366197183		
7249	72490	0.01	0.0197683098591549		
7250	72500	0.04	0.0201485915492958		
7251	72510	0.04	0.0207697183098592		
7252	72520	0	0.0215176056338028		
7253	72530	0	0.0222591549295775		
7254	72540	0.18	0.0235838028169014		
7255	72550	0	0.0252		
7256	72560	0.68	0.0259922535211268		
7257	72570	0.13	0.027912676056338		
7258	72580	0.06			
7259	72590	0			
7260	72600	0			
7261	72610	0.71			
7262	72620	0			
7263	72630	0			
7264	72640	0			
7265	72650	0			
7266	72660	0			
7267	72670	0			
7268	72680	0			
7269	72690	0			
7270	72700	0			
7271	72710	0			
7272	72720	0			
7273	72730	0			
7274	72740	0			
7275	72750	0.01			
7276	72760				
7277	72770				
7278	72780				
7279	72790				
7280	72800				
7281	72810				
7282	72820				
7283	72830				
7284	72840				
7285	72850				
7286	72860				
7287	72870				
7288	72880				
7289	72890				
7290	72900				
7291	72910				
7292	72920				
7293	72930				
7294	72940				
7295	72950				
7296	72960				
7297	72970				
7298	72980				
7299	72990				
7300	73000				
7301	73010				
7302	73020				
7303	73030				
7304	73040				
7305	73050				
7306	73060				
7307	73070				
7308	73080				
7309	73090				
7310	73100				
7311	73110				
7312	73120				
7313	73130				
7314	73140				
7315	73150				
7316	73160				
7317	73170				
7318	73180				
7319	73190				
7320	73200				
7321	73210				
7322	73220				
7323	73230				
7324	73240				
7325	73250				
7326	73260				
7327	73270				
7328	73280				
7329	73290				
7330	73300				
7331	73310				
7332	73320				
7333	73330				
7334	73340				
7335	73350				
7336	73360				
7337	73370				
7338	73380				
7339	73390				
7340	73400				
7341	73410				
7342	73420				
7343	73430				
7344	73440				
7345	73450				
7346	73460				
7347	73470				
7348	73480				
7349	73490				
7350	73500				
7351	73510				
7352	73520				
7353	73530				
7354	73540				
7355	73550				
7356	73560				
7357	73570				
7358	73580				
7359	73590				
7360	73600				
7361	73610				
7362	73620				
7363	73630				
7364	73640				
7365	73650				
7366	73660				
7367	73670				
7368	73680				
7369	73690				
7370	73700				
7371	73710				
7372	73720				
7373	73730				
7374	73740				
7375	73750				
7376	73760				
7377	73770				
7378	73780				
7379	73790				
7380	73800				
7381	73810				
7382	73820				
7383	73830				
7384	73840				
7385	73850				
7386	73860				
7387	73870				
7388	73880				
7389	73890				
7390	73900				
7391	73910				
7392	73920				
7393	73930				
7394	73940				
7395	73950				
7396	73960				
7397	73970				
7398	73980				
7399	73990				
7400	74000				
7401	74010				
7402	74020				
7403	74030				
7404	74040				
7405	74050				
7406	74060				
7407	74070				
7408	74080				
7409	74090				
7410	74100				
7411	74110				
7412	74120				
7413	74130				
7414	74140				
7415	74150				
7416	74160				
7417	74170				
7418	74180				
7419	74190				
7420	74200				
7421	74210				
7422	74220				
7423	74230				
7424	74240				
7425	74250				
7426	74260				
7427	74270				
7428	74280				
7429	74290				
7430	74300				
7431	74310				
7432	74320				
7433	74330				
7434	74340				
7435	74350				
7436	74360				
7437	74370				
7438	74380				
7439	74390				
7440	74400				
7441	74410				
7442	74420				
7443	74430				
7444	74440				
7445	74450				
7446	74460				
7447	74470				
7448	74480				
7449	74490				
7450	74500				
7451	74510				
7452	74520				
7453	74530				
7454	74540				
7455	74550				
7456	74560				
7457	74570				
7458	74580				
7459	74590				
7460	74600				
7461	74610				
7462	74620				
7463	74630				
7464	74640				
7465	74650				
7466	74660				
7467	74670				
7468	74680				
7469	74690				
7470	74700				
7471	74710				
7472	74720				
7473	74730				
7474	74740				
7475	74750				
7476	74760				
7477	74770				
7478	74780				
7479	74790				
7480	74800				
7481	74810				
7482	74820				
7483	74830				
7484	74840				
7485	74850				
7486	74860				
7487	74870				
7488	74880				
7489	74890				
7490	74900				
7491	74910				
7492	74920				
7493	74930				
7494	74940				
7495	74950				
7496	74960				
7497	74970				
7498	74980				
7499	74990				
7500	75000				
7501	75010				
7502	75020				
7503	75030				
7504	75040				
7505	75050				
7506	75060				
7507	75070				
7508	75080				
7509	75090				
7510	75100				
7511	75110				
7512	75120				
7513	75130				
7514	75140				
7515	75150				
7516	75160				
7517	75170				
7518	75180				
7519	75190				
7520	75200				
7521	75210				
7522	75220				
7523	75230				
7524	75240				
7525	75250				
7526	75260				
7527	75270				
7528	75280				
7529	75290				
7530	75300				
7531	75310				
7532	75320				
7533	75330				
7534	75340				
7535	75350				
7536	75360				
7537	75370				
7538	75380				
7539	75390				
7540	75400				
7541	75410				
7542	75420				
7543	75430				
7544	75440				
7545	75450				
7546	75460				
7547	75470				
7548	75480				
7549	75490				
7550	75500				
7551	75510				
7552	75520				
7553	75530				
7554	75540				
7555	75550				
7556	75560				
7557	75570				
7558	75580				
7559	75590				
7560	75600				
7561	75610				
7562	75620				
7563	75630				
7564	75640				
7565	75650				
7566	75660				
7567	75670				
7568	75680				
7569	75690				
7570	75700				
7571	75710				
7572	75720				
7573	75730				
7574	75740				
7575	75750				
7576	75760				
7577	75770				
7578	75780				
7579	75790				
7580	75800				
7581	75810				
7582	75820				
7583	75830				
7584	75840				
7585	75850				
7586	75860				
7587	75870				
7588	75880				
7589	75890				
7590	75900				
7591	75910				
7592	75920				
7593	75930				
7594	75940				
7595	75950				
7596	75960				
7597	75970				
7598	75980				
7599	75990				
7600	76000				
7601	76010				
7602	76020				
7603	76030				
7604	76040				
7605	76050				
7606	76060				
7607	76070				
7608	76080				
7609	76090				
7610	76100				
7611	76110				
7612	76120				
7613	76130				
7614	76140				
7615	76150				
7616	76160				
7617	76170				
7618	76180				
7619	76190				
7620	76200				
7621	76210				
7622	76220				
7623	76230				
7624	76240				
7625	76250				
7626	76260				
7627	76270				
7628	76280				
7629	76290				
7630	76300				
7631	76310				
7632	76320				
7633	76330				
7634	76340				
7635	76350				
7636	76360				
7637	76370				
7638	76380				
7639	76390				
7640	76400				
7641	76410				
7642	76420				
7643	76430				
7644	76440				
7645	76450				
7646	76460				
7647	76470				
7648	76480				
7649	76490				
7650	76500				
7651	76510				
7652	76520				
7653	76530				
7654	76540				
7655	76550				
7656	76560				
7657	76570				
7658	76580				
7659	76590				
7660	76600				
7661	76610				
7662	76620				
7663	76630				
7664	76640				
7665	76650				
7666	76660				
7667	76670				
7668	76680				
7669	76690				
7670	76700				
7671	76710				
7672	76720				
7673	76730				
7674	76740				
7675	76750				
7676	76760				
7677	76770				
7678	76780				
7679	76790				
7680	76800				
7681	76810				
7682	76820				
7683	76830				
7684	76840				
7685	76850				
7686	76860				
7687	76870				
7688	76880				
7689	76890				
7690	76900				
7691	76910				
7692	76920				
7693	76930				
7694	76940				
7695	76950				
7696	76960				
7697	76970				
7698	76980				
7699	76990				
7700	77000				
7701	77010				
7702	77020				
7703	77030				
7704	77040				
7705	77050				
7706	77060				
7707	77070				
7708	77080				
7709	77090				
7710	77100				
7711	77110				
7712	77120				
7713	77130				
7714	77140				
7715	77150				
7716	77160				
7717	77170				
7718	77180				
7719	77190				
7720	77200				
7721	77210				
7722	77220				
7723	77230				
7724	77240				
7725	77250				
7726	77260				
7727	77270				
7728	77280				
7729	77290				
7730	77300				
7731	77310				
7732	77320				
7733	77330				
7734	77340				
7735	77350				
7736	77360				
7737	77370				
7738	77380				
7739	77390				
7740	77400				
7741	77410				
7742	77420				
7743	77430				
7744	77440				
7745	77450				
7746	77460				
7747	77470				
7748	77480				
7749	77490				
7750	77500				
7751	77510				
7752	77520				
7753	77530				
7754	77540				
7755	77550				
7756	77560				
7757	77570				
7758	77580				
7759	77590				
7760	77600				
7761	77610				
7762	77620				
7763	77630				
7764	77640				
7765	77650				
7766	77660				
7767	77670				
7768	77680				
7769	77690				
7770	77700				
7771	77710				
7772	77720				
7773	77730				
7774	77740				
7775	77750				
7776	77760				
7777	77770				
7778	77780				
7779	77790				
7780	77800				
7781	77810				
7782	77820				
7783	77830				
7784	77840				
7785	77850				
7786	77860				
7787	77870				
7788	77880				
7789	77890				
7790	77900				
7791	77910				
7792	77920				
7793	77930				
7794	77940				
7795	77950				
7796	77960				
7797	77970				
7798	77980				
7799	77990				
7800	78000				
7801	78010				
7802	78020				
7803	78030				
7804	78040				
7805	78050				
7806	78060				
7807	78070				
7808	78080				
7809	78090				
7810	78100				
7811	78110				
7812	78120				
7813	78130				
7814	78140				
7815	78150				
7816	78160				
7817	78170				
7818	78180				
7819	78190				
7820	78200				
7821	78210				
7822	78220				
7823	78230				
7824	78240				
7825	78250				
7826	78260				
7827	78270				
7828	78280				
7829	78290				
7830	78300				
7831	78310				
7832	78320				
7833	78330				
7834	78340				
7835	78350				
7836	78360				
7837	78370				
7838	78380				
7839	78390				
7840	78400				
7841	78410				
7842	78420				
7843	78430				
7844	78440				
7845	78450				
7846	78460				
7847	78470				
7848	78480				
7849	78490				
7850	78500				
7851	78510				
7852	78520				
7853	78530				
7854	78540				
7855	78550				
7856	78560				
7857	78570				
7858	78580	0			
7859	78590	0			
7860	78600	0			
7861	78610	0			
7862	78620	0			
7863	78630	0			
7864	78640	0			
7865	78650	0			
7866	78660	0			
7867	78670	0	0.00932957746478873		
7868	78680	0	0.00773239436619719		
7869	78690	0	0.00930422535211267		
7870	78700	0	0.0112816901408451		
7871	78710	0	0.0142985915492958		
7872	78720	0	0.0189380281690141		
7873	78730	0	0.0258084507042254		
7874	78740	0	0.0433014084507042		
7875	78750	0	0.0756253521126761		
7876	78760	0	0.106352112676056		
7877	78770	0	0.114895774647887		
7878	78780	0	0.173687323943662		
7879	78790	0	0.212754929577465		
7880	78800	0	0.211157746478873		
7881	78810	0	0.317357746478873		
7882	78820	0.03	0.284070422535211		
7883	78830	0	0.251264788732394		
7884	78840	0	0.210447887323944		
7885	78850	0.27	0.16103661971831		
7886	78860	0	0.126988732394366		
7887	78870	0.07	0.0991267605633803		
7888	78880	0	0.0749028169014084		
7889	78890	0	0.0752070422535212		
7890	78900	0	0.10060985915493		
7891	78910	0	0.125619718309859		
7892	78920	0	0.180697183098592		
7893	78930	0.09	0.441101408450704		
7894	78940	0	0.310873943661972		
7895	78950	0	0.318479577464789		
7896	78960	0	0.27752323943662		
7897	78970	0	0.203228873239437		
7898	78980	0	0.192650704225352		
7899	78990	0	0.18623661971831		
7900	79000	0	0.163983802816901		
7901	79010	0	0.132198591549296		
7902	79020	0.04	0.126411971830986		
7903	79030	0	0.131222535211268		
7904	79040	0	0.126697183098592		
7905	79050	0	0.13275		
7906	79060	0	0.111447887323944		
7907	79070	0	0.130937323943662		
7908	79080	0	0.124022535211268		
7909	79090	0	0.108392957746479		
7910	79100	0	0.113152816901408		
7911	79110	0	0.0924084507042254		
7912	79120	0	0.0991204225352113		
7913	79130	0	0.0810887323943662		
7914	79140	0	0.0785408450704226		
7915	79150	0	0.0762084507042254		
7916	79160	0	0.062562676056338		
7917	79170	0	0.0644767605633803		
7918	79180	0	0.0588042253521127		
7919	79190	0	0.0690971830985916		
7920	79200	0	0.0589753521126761		
7921	79210	0	0.053968309859155		
7922	79220	0.24	0.0536323943661972		
7923	79230	0.34	0.0542725352112676		
7924	79240	0.04	0.0876866197183099		
7925	79250	0.07	0.0874014084507043		
7926	79260	0	0.0770323943661972		
7927	79270	0	0.0715943661971831		
7928	79280	0	0.066143661971831		
7929	79290	0	0.0629112676056338		
7930	79300	0	0.0519781690140845		
7931	79310	0	0.045893661971831		
7932	79320	0	0.0400753521126761		
7933	79330	0	0.0348971830985916		
7934	79340	0	0.0325267605633803		
7935	79350	0	0.0289711267605634		
7936	79360	0	0.0263852112676057		
7937	79370	0	0.0238943661971831		
7938	79380	0.05	0.0228992957746479		
7939	79390	0	0.0212450704225352		
7940	79400	0	0.0201676056338028		
7941	79410	0	0.0198887323943662		
7942	79420	0	0.0176323943661972		
7943	79430	0	0.0182978873239437		
7944	79440	0	0.0166309859154929		
7945	79450	0	0.0164471830985915		
7946	79460	0	0.0169985915492958		
7947	79470	0	0.0143239436619718		
7948	79480	0	0.0154394366197183		
7949	79490	0	0.0135760563380282		
7950	79500	0	0.0133288732394366		
7951	79510	0	0.0132971830985916		
7952	79520	0	0.0125746478873239		
7953	79530	0	0.0135760563380282		
7954	79540	0	0.012130985915493		
7955	79550	0.13	0.0128154929577465		
7956	79560	0	0.0122767605633803		
7957	79570	0.24	0.0115605633802817		
7958	79580	0.06	0.0139943661971831		
7959	79590	0	0.0165295774647887		
7960	79600	0	0.0214542253521127		
7961	79610	0	0.0199964788732394		
7962	79620	0	0.0193880281690141		
7963	79630	0	0.0180760563380282		
7964	79640	0.01	0.0171697183098591		
7965	79650	0.09	0.0172140845070423		
7966	79660	0.06	0.0174866197183099		
7967	79670	0.36	0.0197176056338028		
7968	79680	0	0.0226457746478873		
7969	79690	0.02	0.0634753521126761		
7970	79700	0	0.168845070422535		
7971	79710	0.02	0.13197676056338		
7972	79720	0	0.097656338028169		
7973	79730	0	0.0769816901408451		
7974	79740	0.95	0.0708401408450704		
7975	79750	0	0.0758535211267606		
7976	79760	0	0.0749788732394366		
7977	79770	0	0.0669042253521127		
7978	79780	0	0.0575302816901408		
7979	79790	0	0.0503302816901408		
7980	79800	0	0.0432697183098592		
7981	79810	0	0.0388711267605634		
7982	79820	1.11	0.0435485915492958		
7983	79830	0.02	0.0740978873239437		
7984	79840	0.16	0.121842253521127		
7985	79850	0.32	0.163166197183099		
7986	79860	0.88	0.247588732394366		
7987	79870	0.13	0.290997887323944		
7988	79880	0.01	0.229829577464789		
7989	79890	0.01	0.178675352112676		
7990	79900	0	0.136952112676056		
7991	79910	0	0.112043661971831		
7992	79920	0.52	0.13062676056338		
7993	79930	0.01	0.155915492957746		
7994	79940	0	0.147194366197183		
7995	79950	0	0.127134507042254		
7996	79960	0	0.106440845070423		
7997	79970	0	0.0883711267605634		
7998	79980	0.02	0.076037323943662		
7999	79990	0	0.0654908450704225		
8000	80000	0.05	0.0583859154929578		
8001	80010	0.67	0.0552169014084507		
8002	80020	0.58	0.0665429577464789		
8003	80030	0.01	0.121766197183099		
8004	80040	0	0.191218309859155		
8005	80050	0.3	0.171874647887324		
8006	80060	0	0.135912676056338		
8007	80070	0.15	0.114585211267606		
8008	80080	0.35	0.108697183098592		
8009	80090	0.03	0.106288732394366		
8010	80100	1.09	0.130164084507042		
8011	80110	0	0.223726056338028		
8012	80120	0.09	0.210111971830986		
8013	80130	0.52	0.186908450704226		
8014	80140	0.02	0.173465492957747		
8015	80150	0.1	0.15242323943662		
8016	80160	0.02	0.137490845070423		
8017	80170	0.23	0.124035211267606		
8018	80180	0.37	0.155370422535211		
8019	80190	0.01	0.210359154929578		
8020	80200	0	0.199495774647887		
8021	80210	0	0.160269718309859		
8022	80220	0	0.126012676056338		
8023	80230	0	0.104095774647887		
8024	80240	0	0.089556338028169		
8025	80250	0.57	0.0867992957746479		
8026	80260	0	0.229969014084507		
8027	80270	0.18	0.224898591549296		
8028	80280	0	0.197917605633803		
8029	80290	0.01	0.161296478873239		
8030	80300	0	0.129181690140845		
8031	80310	0	0.109058450704225		
8032	80320	0	0.0929345070422536		
8033	80330	0	0.0805056338028169		
8034	80340	0	0.0710049295774648		
8035	80350	0	0.0623091549295775		
8036	80360	0	0.0555528169014085		
8037	80370	0	0.0496394366197183		
8038	80380	0	0.0460457746478873		
8039	80390	0	0.0420401408450704		
8040	80400	0	0.0384401408450704		
8041	80410	0.03	0.036424647887324		
8042	80420	0.29	0.0354295774647887		
8043	80430	0.35	0.0351443661971831		
8044	80440	0.7	0.0392007042253521		
8045	80450	0	0.0431302816901408	0.0883259040268627	-0.0451956223367219
8046	80460	0	0.0413429577464789	0.0917303524312149	-0.050387394684736
8047	80470	0	0.0373880281690141	0.0874874724563349	-0.0500994442873209
8048	80480	0.89	0.0361838028169014	0.0882228897162751	-0.0520390868993737
8049	80490	0.66	0.0553816901408451	0.115634732903699	-0.0602530427628544
8050	80500	0.3	0.0909253521126761	0.146076167919126	-0.0551508158064503
8051	80510	0.41	0.183954929577465	0.163307131108842	0.0206477984686232
8052	80520	0.05	0.267344366197183	0.173550941893686	0.0937934243034972
8053	80530	0.1	0.25418661971831	0.170713575016282	0.0834730447020279
8054	80540	0	0.220588732394366		
8055	80550	0	0.173528873239437	0.142946369870755	0.0305825033686817
8056	80560	0	0.135247183098592	0.125470961036436	0.00977622206215575
8057	80570	0	0.111612676056338		
8058	80580	0.78	0.0996654929577466	0.106951724354322	-0.00728623139657557
8059	80590	0.43	0.13165985915493		
8060	80600	0.35	0.164465492957747	0.151594217371303	0.012871275586444
8061	80610	0	0.186769014084507		
8062	80620	0.01	0.168851408450704	0.162819673437536	0.0060317350131682
8063	80630	0	0.142827464788732	0.145813136709984	-0.00298567192125121
8064	80640	0	0.122742253521127		
8065	80650	0	0.107144366197183	0.104553143607263	0.00259122258992048
8066	80660	0	0.0933591549295775		
8067	80670	0.06	0.0837633802816901	0.0869619420226061	-0.00319856174091596
8068	80680	0	0.0768359154929578	0.0823686869621003	-0.00553277146914252
8069	80690	0	0.0703521126760563	0.0678740954047836	0.00247801727127274
8070	80700	0	0.0651549295774648	0.0561658014732011	0.00898912810426369
8071	80710	0	0.0600654929577465	0.0494177877203379	0.0106477052374086
8072	80720	0	0.0561866197183099	0.0407291024111603	0.0154575173071496
8073	80730	0	0.0516866197183099		
8074	80740	0	0.0483401408450704	0.0304279130138054	0.017912227831265
8075	80750	0	0.0460838028169014	0.0297593299542587	0.0163244728626427
8076	80760	0	0.043193661971831	0.0296860203330114	0.0135076416388196
8077	80770	0	0.0408232394366197	0.0298281779983234	0.0109950614382963
8078	80780	0.49	0.0393021126760564	0.033612618092871	0.00568949458318532
8079	80790	0.24	0.0421669014084507	0.0429485095820828	-0.000781608173632147
8080	80800	0.03	0.0447084507042254	0.0537323595425638	-0.0090239088383384
8081	80810	0.02	0.0448605633802817	0.0543820703428511	-0.00952150696256943
8082	80820	0	0.0449429577464789	0.0535772122640845	-0.00863425451760558
8083	80830	0	0.0425661971830986	0.049323983960202	-0.00675778677710341
8084	80840	0	0.0406838028169014	0.0439331989653111	-0.00324939614840971
8085	80850	0	0.0383514084507042	0.0384965848813224	-0.00014517643061817
8086	80860	0	0.0366971830985916	0.0338130641447899	0.00288411895380163
8087	80870	0	0.0350556338028169	0.0308739304264937	0.00418170337632324
8088	80880	0	0.0333507042253521	0.0279466539999268	0.00540405022542536
8089	80890	0	0.0324380281690141	0.0258708753346388	0.0065671528343753
8090	80900	0	0.0307774647887324	0.0241157533950116	0.00666171139372081
8091	80910	0	0.0296366197183099	0.0230776706874416	0.00655894903086822
8092	80920	0	0.0279316901408451	0.0212586052552555	0.00667308488558955
8093	80930	0.44	0.0287683098591549	0.0240846024027468	0.00468370745640816
8094	80940	0.01	0.0297253521126761	0.0371746657834707	-0.00744931367079464
8095	80950	0	0.0288443661971831	0.0448955762255076	-0.0160512100283245
8096	80960	0	0.0283943661971831	0.0451177540800853	-0.0167233878829021
8097	80970	0	0.0275197183098592		
8098	80980	0	0.027006338028169	0.0393453079809692	-0.0123389699528001
8099	80990	0	0.0263978873239437	0.0300386848894327	-0.00364079756548899
8100	81000	0	0.0255866197183099		
8101	81010	0	0.0252760563380282	0.0213723880445604	0.0039036682934678
8102	81020	0	0.0244140845070423	0.0200298256344197	0.00438425887262252
8103	81030	0.07	0.023843661971831	0.0195571992288303	0.00428646274300074
8104	81040	0.07	0.0232922535211267	0.0215622833507666	0.00172997017036013
8105	81050	0	0.0231211267605634		
8106	81060	0	0.0226584507042254	0.0247894630252805	-0.00213101232105519
8107	81070	0.36	0.0237802816901409		
8108	81080	0.87	0.0275767605633803		
8109	81090	0.18	0.0281725352112676		
8110	81100	0.02	0.0281725352112676		
8111	81110	0	0.0329894366197183	0.102911533772247	-0.0699220971525283
8112	81120	0	0.042743661971831		
8113	81130	0	0.0465845070422535	0.0862126529902321	-0.0396281459479786
8114	81140	0.02	0.0544183098591549		
8115	81150	0.23	0.0674302816901408	0.0641770353484658	0.003253246341675
8116	81160	0	0.0823183098591549	0.0650566270030549	0.0172616828561
8117	81170	0.16	0.0903676056338028		
8118	81180	0.03	0.091330985915493	0.0672510678576014	0.0240799180578916
8119	81190	0	0.0875915492957747		
8120	81200	0.02	0.0807781690140845		
8121	81210	0.46	0.0813739436619719		
8122	81220	0.95	0.0871859154929578		
8123	81230	0.15	0.0982077464788733		
8124	81240	0.02	0.107150704225352		
8125	81250	0.02	0.102929577464789		
8126	81260	0	0.120961267605634		
8127	81270	0	0.128680985915493		
8128	81280	0	0.124485211267606		
8129	81290	0	0.113957746478873		
8130	81300	0	0.101674647887324		
8131	81310	0	0.0892204225352113		
8132	81320	0.02	0.0807401408450704		
8133	81330	0.22	0.0753781690140845		
8134	81340	0.28	0.0726781690140845		
8135	81350	0.19	0.0701683098591549		
8136	81360	0	0.0674619718309859		
8137	81370	0	0.0626894366197183		
8138	81380	0	0.0586774647887324		
8139	81390	0.01	0.0543802816901409		
8140	81400	0	0.0521112676056338		
8141	81410	0	0.0475542253521127		
8142	81420	0	0.0452218309859155		
8143	81430	0	0.0441316901408451		
8144	81440	0	0.0415584507042254		
8145	81450	0			
8146	81460	0			
8147	81470	0.01			
8148	81480	0			
8149	81490	0.05			
8150	81500	0			
8151	81510	0			
8152	81520	0			
8153	81530	0			
8154	81540	0			
8155	81550	0			
8156	81560	0			
8157	81570	0.01			
8158	81580	0			
8159	81590	0			
8160	81600	0			
8161	81610	0			
8162	81620	0			
8163	81630	0			
8164	81640	0			
8165	81650	0			
8166	81660	0			
8167	81670	0.25			
8168	81680	0.52			
8169	81690	0			
8170	81700	0			
8171	81710	0			
8172	81720	0.05			
8173	81730	0.01			
8174	81740				
8175	81750				
8176	81760				
8177	81770				
8178	81780				
8179	81790				
8180	81800				
8181	81810				
8182	81820				
8183	81830				
8184	81840				
8185	81850				
8186	81860				
8187	81870				
8188	81880				
8189	81890				
8190	81900				
8191	81910				
8192	81920				
8193	81930				
8194	81940				
8195	81950				
8196	81960				
8197	81970				
8198	81980				
8199	81990				
8200	82000				
8201	82010				
8202	82020				
8203	82030				
8204	82040				
8205	82050				
8206	82060				
8207	82070				
8208	82080				
8209	82090				
8210	82100				
8211	82110				
8212	82120				
8213	82130				
8214	82140				
8215	82150				
8216	82160				
8217	82170				
8218	82180				
8219	82190				
8220	82200				
8221	82210				
8222	82220				
8223	82230				
8224	82240				
8225	82250				
8226	82260				
8227	82270				
8228	82280				
8229	82290				
8230	82300				
8231	82310				
8232	82320				
8233	82330				
8234	82340				
8235	82350				
8236	82360				
8237	82370				
8238	82380				
8239	82390				
8240	82400				
8241	82410				
8242	82420				
8243	82430				
8244	82440				
8245	82450				
8246	82460				
8247	82470				
8248	82480				
8249	82490				
8250	82500				
8251	82510				
8252	82520				
8253	82530				
8254	82540				
8255	82550				
8256	82560				
8257	82570				
8258	82580				
8259	82590				
8260	82600				
8261	82610				
8262	82620				
8263	82630				
8264	82640				
8265	82650				
8266	82660				
8267	82670				
8268	82680				
8269	82690				
8270	82700				
8271	82710				
8272	82720				
8273	82730				
8274	82740				
8275	82750				
8276	82760				
8277	82770				
8278	82780				
8279	82790				
8280	82800				
8281	82810				
8282	82820				
8283	82830				
8284	82840				
8285	82850				
8286	82860				
8287	82870				
8288	82880				
8289	82890				
8290	82900				
8291	82910				
8292	82920				
8293	82930				
8294	82940				
8295	82950				
8296	82960				
8297	82970				
8298	82980				
8299	82990				
8300	83000				
8301	83010				
8302	83020				
8303	83030				
8304	83040				
8305	83050				
8306	83060				
8307	83070				
8308	83080				
8309	83090				
8310	83100				
8311	83110				
8312	83120				
8313	83130				
8314	83140				
8315	83150				
8316	83160				
8317	83170				
8318	83180				
8319	83190				
8320	83200				
8321	83210				
8322	83220				
8323	83230				
8324	83240				
8325	83250				
8326	83260				
8327	83270				
8328	83280				
8329	83290				
8330	83300				
8331	83310				
8332	83320				
8333	83330				
8334	83340				
8335	83350				
8336	83360				
8337	83370				
8338	83380				
8339	83390				
8340	83400				
8341	83410				
8342	83420				
8343	83430				
8344	83440				
8345	83450				
8346	83460				
8347	83470				
8348	83480				
8349	83490				
8350	83500				
8351	83510				
8352	83520				
8353	83530				
8354	83540				
8355	83550				
8356	83560				
8357	83570				
8358	83580				
8359	83590				
8360	83600				
8361	83610				
8362	83620				
8363	83630				
8364	83640				
8365	83650				
8366	83660				
8367	83670				
8368	83680				
8369	83690				
8370	83700				
8371	83710				
8372	83720				
8373	83730				
8374	83740				
8375	83750				
8376	83760				
8377	83770				
8378	83780				
8379	83790				
8380	83800				
8381	83810				
8382	83820				
8383	83830				
8384	83840				
8385	83850				
8386	83860				
8387	83870				
8388	83880				
8389	83890				
8390	83900				
8391	83910				
8392	83920				
8393	83930				
8394	83940				
8395	83950				
8396	83960				
8397	83970				
8398	83980				
8399	83990				
8400	84000				
8401	84010				
8402	84020				
8403	84030				
8404	84040				
8405	84050				
8406	84060				
8407	84070				
8408	84080				
8409	84090				
8410	84100				
8411	84110				
8412	84120				
8413	84130				
8414	84140				
8415	84150				
8416	84160				
8417	84170				
8418	84180				
8419	84190				
8420	84200				
8421	84210				
8422	84220				
8423	84230				
8424	84240				
8425	84250				
8426	84260				
8427	84270				
8428	84280				
8429	84290				
8430	84300				
8431	84310				
8432	84320				
8433	84330				
8434	84340				
8435	84350				
8436	84360				
8437	84370				
8438	84380				
8439	84390				
8440	84400				
8441	84410				
8442	84420				
8443	84430				
8444	84440				
8445	84450				
8446	84460				
8447	84470				
8448	84480				
8449	84490				
8450	84500				
8451	84510				
8452	84520				
8453	84530				
8454	84540				
8455	84550				
8456	84560				
8457	84570				
8458	84580				
8459	84590				
8460	84600				
8461	84610				
8462	84620				
8463	84630				
8464	84640				
8465	84650				
8466	84660				
8467	84670				
8468	84680				
8469	84690				
8470	84700				
8471	84710				
8472	84720				
8473	84730				
8474	84740				
8475	84750				
8476	84760				
8477	84770				
8478	84780				
8479	84790				
8480	84800				
8481	84810				
8482	84820				
8483	84830				
8484	84840				
8485	84850				
8486	84860				
8487	84870				
8488	84880				
8489	84890				
8490	84900				
8491	84910				
8492	84920				
8493	84930				
8494	84940				
8495	84950				
8496	84960				
8497	84970				
8498	84980				
8499	84990				
8500	85000				
8501	85010				
8502	85020				
8503	85030				
8504	85040				
8505	85050				
8506	85060				
8507	85070				
8508	85080				
8509	85090				
8510	85100				
8511	85110				
8512	85120				
8513	85130				
8514	85140				
8515	85150				
8516	85160				
8517	85170				
8518	85180				
8519	85190				
8520	85200				
8521	85210				
8522	85220				
8523	85230				
8524	85240				
8525	85250				
8526	85260				
8527	85270				
8528	85280				
8529	85290				
8530	85300				
8531	85310				
8532	85320				
8533	85330				
8534	85340				
8535	85350				
8536	85360				
8537	85370				
8538	85380				
8539	85390				
8540	85400				
8541	85410				
8542	85420				
8543	85430				
8544	85440				
8545	85450				
8546	85460				
8547	85470				
8548	85480				
8549	85490				
8550	85500				
8551	85510				
8552	85520				
8553	85530				
8554	85540				
8555	85550				
8556	85560				
8557	85570				
8558	85580				
8559	85590				
8560	85600				
8561	85610				
8562	85620				
8563	85630				
8564	85640				
8565	85650				
8566	85660				
8567	85670				
8568	85680				
8569	85690				
8570	85700				
8571	85710				
8572	85720				
8573	85730				
8574	85740				
8575	85750				
8576	85760				
8577	85770				
8578	85780				
8579	85790				
8580	85800				
8581	85810				
8582	85820				
8583	85830				
8584	85840				
8585	85850				
8586	85860				
8587	85870				
8588	85880				
8589	85890				
8590	85900				
8591	85910				
8592	85920				
8593	85930				
8594	85940				
8595	85950				
8596	85960				
8597	85970				
8598	85980				
8599	85990				
8600	86000				
8601	86010				
8602	86020				
8603	86030				
8604	86040				
8605	86050				
8606	86060				
8607	86070				
8608	86080				
8609	86090				
8610	86100				
8611	86110				
8612	86120				
8613	86130				
8614	86140				
8615	86150				
8616	86160				
8617	86170				
8618	86180				
8619	86190				
8620	86200				
8621	86210				
8622	86220				
8623	86230				
8624	86240				
8625	86250				
8626	86260				
8627	86270				
8628	86280				
8629	86290				
8630	86300				
8631	86310				
8632	86320				
8633	86330				
8634	86340				
8635	86350				
8636	86360				
8637	86370				
8638	86380				
8639	86390				
8640	86400				
8641	86410				
8642	86420				
8643	86430				
8644	86440				
8645	86450				
8646	86460				
8647	86470				
8648	86480				
8649	86490				
8650	86500				
8651	86510				
8652	86520				
8653	86530				
8654	86540				
8655	86550				
8656	86560				
8657	86570				
8658	86580				
8659	86590				
8660	86600				
8661	86610				
8662	86620				
8663	86630				
8664	86640				
8665	86650				
8666	86660				
8667	86670				
8668	86680				
8669	86690				
8670	86700				
8671	86710				
8672	86720				
8673	86730				
8674	86740				
8675	86750				
8676	86760				
8677	86770				
8678	86780				
8679	86790				
8680	86800				
8681	86810				
8682	86820				
8683	86830				
8684	86840				
8685	86850				
8686	86860				
8687	86870				
8688	86880				
8689	86890				
8690	86900				
8691	86910				
8692	86920				
8693	86930				
8694	86940				
8695	86950				
8696	86960				
8697	86970				
8698	86980				
8699	86990				
8700	87000				
8701	87010				
8702	87020				
8703	87030				
8704	87040				
8705	87050				
8706	87060				
8707	87070				
8708	87080				
8709	87090				
8710	87100				
8711	87110				
8712	87120				
8713	87130				
8714	87140				
8715	87150				
8716	87160				
8717	87170				
8718	87180				
8719	87190				
8720	87200				
8721	87210				
8722	87220				
8723	87230				
8724	87240				
8725	87250				
8726	87260				
8727	87270				
8728	87280				
8729	87290				
8730	87300				
8731	87310				
8732	87320				
8733	87330				
8734	87340				
8735	87350				
8736	87360				
8737	87370				
8738	87380				
8739	87390				
8740	87400				
8741	87410				
8742	87420				
8743	87430				
8744	87440				
8745	87450				
8746	87460				
8747	87470				
8748	87480				
8749	87490				
8750	87500				
8751	87510				
8752	87520				
8753	87530				
8754	87540				
8755	87550				
8756	87560				
8757	87570				
8758	87580				
8759	87590				
8760	87600	0			
8761	87610	0			
8762	87620	0			
8763	87630	0			
8764	87640	0			
8765	87650	0			
8766	87660	0			
8767	87670	0.04	0.0705549295774648		
8768	87680	0	0.197670422535211		
8769	87690	0.07	0.314366197183099		
8770	87700	0.07	0.231667605633803		
8771	87710	0	0.429338028169014		
8772	87720	0	0.322250704225352		
8773	87730	0	0.275146478873239		
8774	87740	0	0.253318309859155		
8775	87750	0	0.270785915492958		
8776	87760	0	0.298064788732394		
8777	87770	0	0.318295774647887		
8778	87780	0	0.576861971830986		
8779	87790	0	0.610402816901409		
8780	87800	0	0.579878873239437		
8781	87810	0	0.766039436619718		
8782	87820	0.39	0.417498591549296		
8783	87830	0.18	0.325014084507042		
8784	87840	0	0.230856338028169		
8785	87850	0	0.163850704225352		
8786	87860	0.01	0.116391549295775		
8787	87870	0.19	0.0941830985915493		
8788	87880	0	0.0903802816901408		
8789	87890	0	0.103385915492958		
8790	87900	0.01	0.218535211267606		
8791	87910	0.02	0.294414084507042		
8792	87920	0	0.223428169014085		
8793	87930	0	0.204845070422535		
8794	87940	0.04	0.322402816901408		
8795	87950	0.26	0.472208450704225		
8796	87960	0.79	0.408194366197183		
8797	87970	0.15	0.362002816901409		
8798	87980	0	0.379470422535211		
8799	87990	0.02	0.345346478873239		
8800	88000	0	0.301892957746479		
8801	88010	0	0.262876056338028		
8802	88020	0	0.231338028169014		
8803	88030	0	0.221704225352113		
8804	88040	0	0.212476056338028		
8805	88050	0	0.203628169014085		
8806	88060	0.04	0.195160563380282		
8807	88070	0.01	0.191230985915493		
8808	88080	0	0.18970985915493		
8809	88090	0.01	0.189101408450704		
8810	88100	0.12	0.190901408450704		
8811	88110	0.6	0.192853521126761		
8812	88120	0	0.202715492957747		
8813	88130	0	0.243988732394366		
8814	88140	0	0.275907042253521		
8815	88150	0	0.188087323943662		
8816	88160	0	0.147980281690141		
8817	88170	0	0.130969014084507		
8818	88180	0	0.123921126760563		
8819	88190	0	0.122805633802817		
8820	88200	0	0.118495774647887		
8821	88210	0	0.103208450704225		
8822	88220	0	0.100470422535211		
8823	88230	0	0.0894929577464789		
8824	88240	0.12	0.0860704225352113		
8825	88250	0.36	0.0918760563380281		
8826	88260	0.44	0.115047887323944		
8827	88270	0	0.159946478873239		
8828	88280	0.02	0.157233802816901		
8829	88290	0.08	0.160656338028169		
8830	88300	0.01	0.151377464788732		
8831	88310	0	0.131678873239437		
8832	88320	0.01	0.113577464788732		
8833	88330	0	0.0997098591549297		
8834	88340	0	0.0904056338028169		
8835	88350	0	0.0777802816901408		
8836	88360	0	0.0709098591549296		
8837	88370	0	0.0620112676056338		
8838	88380	0.2	0.0568901408450704		
8839	88390	0	0.0606169014084507		
8840	88400	0	0.0597295774647888		
8841	88410	0.17	0.0567633802816901		
8842	88420	0.38	0.051743661971831		
8843	88430	0	0.054		
8844	88440	0	0.058030985915493		
8845	88450	0	0.0549633802816901		
8846	88460	0	0.0507295774647887		
8847	88470	0	0.047230985915493		
8848	88480	0	0.0427183098591549		
8849	88490	0.02	0.0397521126760563		
8850	88500	0.86	0.0493352112676056		
8851	88510	0.07	0.15814647887324		
8852	88520	0	0.208090140845071		
8853	88530	0.01	0.159515492957747		
8854	88540	0	0.1296		
8855	88550	0.09	0.103994366197183		
8856	88560	0.04	0.0865267605633803		
8857	88570	0	0.0804929577464789		
8858	88580	0	0.0959323943661972		
8859	88590	0	0.0939042253521127		
8860	88600	0	0.0801126760563381		
8861	88610	0	0.0685267605633803		
8862	88620	0	0.0586901408450704		
8863	88630	0.02	0.0507802816901408		
8864	88640	0.02	0.0465971830985916		
8865	88650	0.39	0.047230985915493		
8866	88660	0	0.0523521126760563		
8867	88670	0	0.0528718309859155		
8868	88680	0	0.0491323943661972		
8869	88690	0	0.0464197183098592		
8870	88700	0	0.0433394366197183		
8871	88710	0	0.0411971830985916		
8872	88720	0	0.0383577464788732		
8873	88730	0	0.034174647887324		
8874	88740	0	0.0330718309859155		
8875	88750	0	0.0297633802816902		
8876	88760	0	0.0286732394366197		
8877	88770	0	0.0268859154929577		
8878	88780	0	0.0252633802816901		
8879	88790	0	0.0247183098591549		
8880	88800	0.01	0.0228422535211267		
8881	88810	0	0.0226014084507042		
8882	88820	0.28	0.022487323943662		
8883	88830	0.03	0.0226901408450704		
8884	88840	1.35	0.0240084507042254		
8885	88850	0.3	0.0390042253521127		
8886	88860	0.02	0.118483098591549		
8887	88870	0	0.153405633802817		
8888	88880	0.02	0.146230985915493		
8889	88890	0.02	0.124783098591549		
8890	88900	0	0.101611267605634		
8891	88910	0.61	0.102308450704225		
8892	88920	0.83	0.255105633802817		
8893	88930	0.12	0.419032394366197		
8894	88940	0.03	0.396697183098592		
8895	88950	0	0.30940985915493		
8896	88960	0	0.244660563380282		
8897	88970	0	0.193981690140845		
8898	88980	0.01	0.153101408450704		
8899	88990	0	0.123325352112676		
8900	89000	0.04	0.102321126760564		
8901	89010	0.3	0.0892774647887324		
8902	89020	0.34	0.0903676056338028		
8903	89030	0	0.0965788732394366		
8904	89040	0	0.0942464788732394		
8905	89050	0	0.0884281690140845		
8906	89060	0	0.0789591549295775		
8907	89070	0	0.0702760563380282		
8908	89080	0.43	0.0642295774647887		
8909	89090	0.99	0.091812676056338		
8910	89100	0.2	0.29860985915493		
8911	89110	0	0.295719718309859		
8912	89120	0	0.24473661971831		
8913	89130	0.04	0.192625352112676		
8914	89140	0.25	0.156245070422535		
8915	89150	0.02	0.159959154929577		
8916	89160	0	0.156549295774648		
8917	89170	0.02	0.14020985915493		
8918	89180	0.12	0.127280281690141		
8919	89190	0.01	0.122754929577465		
8920	89200	0.15	0.120714084507042		
8921	89210	0.01	0.124618309859155	0.0747699710006551	0.0498483388584999
8922	89220	0	0.119243661971831	0.0688658240911477	0.0503778378806833
8923	89230	0	0.106402816901409	0.0588804659322782	0.0475223509691304
8924	89240	0	0.098594366197183	0.0522772745559879	0.0463170916411951
8925	89250	0	0.0844225352112676	0.0476184354151882	0.0368040997960794
8926	89260	0	0.0754985915492958	0.046535975122765	0.0289626164265308
8927	89270	0	0.0659408450704225	0.0448714517784006	0.0210693932920219
8928	89280	0	0.0596915492957746	0.0415161672700129	0.0181753820257618
8929	89290	0	0.0542154929577465	0.0332766475467411	0.0209388454110054
8930	89300	0	0.0484859154929578	0.0205577304191006	0.0279281850738571
8931	89310	0.05	0.0458239436619719	0.0187215523136683	0.0271023913483036
8932	89320	0.22	0.0436816901408451	0.0221193521920825	0.0215623379487625
8933	89330	0	0.0409183098591549	0.0295852588567477	0.0113330510024072
8934	89340	0	0.0388521126760563	0.0314958024143176	0.00735631026173873
8935	89350	0	0.0365197183098591	0.0281184199803851	0.00840129832947404
8936	89360	0	0.0353408450704225	0.0264769435220753	0.00886390154834723
8937	89370	0.12	0.0330211267605634	0.0260455783543931	0.00697554840617025
8938	89380	0.01	0.0333507042253521	0.0277740186683322	0.00557668555701993
8939	89390	0	0.0319183098591549	0.0268331327042655	0.00508517715488947
8940	89400	0	0.0303211267605634	0.0252298105386584	0.005091316221905
8941	89410	0	0.0295859154929578	0.0224490195600649	0.00713689593289287
8942	89420	0.08	0.028330985915493	0.0215962111643898	0.00673477475110315
8943	89430	0	0.0277352112676057	0.0226542429284129	0.00508096833919281
8944	89440	0.16	0.0268732394366197	0.0243386086790729	0.00253463075754679
8945	89450	0	0.0269492957746479	0.0285970663943979	-0.00164777061975004
8946	89460	0	0.0266197183098592	0.0297568617083022	-0.00313714339844304
8947	89470	0.01	0.0258084507042254	0.0281393045050189	-0.00233085380079357
8948	89480	0.03	0.0257323943661972	0.0269898825027143	-0.00125748813651709
8949	89490	0.25	0.0264422535211268	0.0294063544449718	-0.00296410092384507
8950	89500	0.23	0.031043661971831	0.0390735571681403	-0.0080298951963093
8951	89510	0	0.0374957746478873	0.0489090784457583	-0.011413303797871
8952	89520	0	0.039118309859155	0.0498983073398075	-0.0107799974806526
8953	89530	0.79	0.0406521126760564	0.0541452578647443	-0.013493145188688
8954	89540	0.14	0.0521492957746479		
8955	89550	0	0.0634943661971831	0.0921319990658883	-0.0286376328687052
8956	89560	0.02	0.0650915492957746	0.0898386168866414	-0.0247470675908667
8957	89570	0.11	0.0639	0.0854474683153556	-0.0215474683153556
8958	89580	0.03	0.065218309859155	0.0796691746574674	-0.0144508647983125
8959	89590	0.03	0.0649014084507042	0.0741144157207134	-0.00921300727000921
8960	89600	0	0.0632028169014085	0.0673284091147914	-0.00412559221338292
8961	89610	0.26	0.0629112676056338	0.0640955081444683	-0.00118424053883454
8962	89620	0.19	0.0741802816901409	0.0702726446508155	0.0039076370393254
8963	89630	0.09	0.0939169014084507	0.0759830093207979	0.0179338920876528
8964	89640	0	0.105857746478873		
8965	89650	0.24	0.105287323943662		
8966	89660	0.01	0.10806338028169		
8967	89670	0.28	0.108012676056338		
8968	89680	0.2	0.100064788732394		
8969	89690	0.06	0.103385915492958		
8970	89700	0.12	0.108735211267606	0.0876976229801442	0.0210375882874615
8971	89710	0	0.0955014084507042		
8972	89720	0	0.0885422535211268	0.0806065804070163	0.00793567311411049
8973	89730	0	0.098518309859155		
8974	89740	0.02	0.101015492957747		
8975	89750	0	0.0937394366197183		
8976	89760	0.04	0.086856338028169		
8977	89770	0	0.0791366197183099		
8978	89780	0	0.0754859154929578		
8979	89790	0.01	0.0715816901408451		
8980	89800	0	0.0677915492957747		
8981	89810	0	0.0663211267605634		
8982	89820	0	0.0630507042253521	0.027771002706841	0.0352797015185111
8983	89830	0	0.057574647887324		
8984	89840	0	0.0542408450704226	0.0218726305993608	0.0323682144710617
8985	89850	0	0.0504380281690141	0.0211722285416333	0.0292657996273808
8986	89860	0	0.0477760563380282	0.0179781548553945	0.0297979014826337
8987	89870	0.01	0.0451774647887324	0.0174641196390886	0.0277133451496438
8988	89880	0.01	0.0429211267605634		
8989	89890	0	0.0416915492957746	0.0121969261985109	0.0294946230972637
8990	89900	0	0.0402338028169014		
8991	89910	0.02			
8992	89920	0			
8993	89930	0.17			
8994	89940	0.23			
8995	89950	0			
8996	89960	0.02			
8997	89970	0			
8998	89980	0			
8999	89990	0.03			
9000	90000	0.62			
9001	90010	0			
9002	90020	0.06			
9003	90030	0.32			
9004	90040	0.32			
9005	90050	0.19			
9006	90060	0			
9007	90070	0			
9008	90080	0			
9009	90090	0			
9010	90100	0			
9011	90110	0			
9012	90120	0.02			
9013	90130	0.01			
9014	90140	0			
9015	90150	0			
9016	90160	0			
9017	90170	0			
9018	90180	0			
9019	90190	0			
9020	90200	0			
9021	90210	0			
9022	90220	0.01			
9023	90230	0			
9024	90240	0			
9025	90250	0			
9026	90260	0			
9027	90270	0.48			
9028	90280				
9029	90290				
9030	90300				
9031	90310				
9032	90320				
9033	90330				
9034	90340				
9035	90350				
9036	90360				
9037	90370				
9038	90380				
9039	90390				
9040	90400				
9041	90410				
9042	90420				
9043	90430				
9044	90440				
9045	90450				
9046	90460				
9047	90470				
9048	90480				
9049	90490				
9050	90500				
9051	90510				
9052	90520				
9053	90530				
9054	90540				
9055	90550				
9056	90560				
9057	90570				
9058	90580				
9059	90590				
9060	90600				
9061	90610				
9062	90620				
9063	90630				
9064	90640				
9065	90650				
9066	90660				
9067	90670				
9068	90680				
9069	90690				
9070	90700				
9071	90710				
9072	90720				
9073	90730				
9074	90740				
9075	90750				
9076	90760				
9077	90770				
9078	90780				
9079	90790				
9080	90800				
9081	90810				
9082	90820				
9083	90830				
9084	90840				
9085	90850				
9086	90860				
9087	90870				
9088	90880				
9089	90890				
9090	90900				
9091	90910				
9092	90920				
9093	90930				
9094	90940				
9095	90950				
9096	90960				
9097	90970				
9098	90980				
9099	90990				
9100	91000				
9101	91010				
9102	91020				
9103	91030				
9104	91040				
9105	91050				
9106	91060				
9107	91070				
9108	91080				
9109	91090				
9110	91100				
9111	91110				
9112	91120				
9113	91130				
9114	91140				
9115	91150				
9116	91160				
9117	91170				
9118	91180				
9119	91190				
9120	91200				
9121	91210				
9122	91220				
9123	91230				
9124	91240				
9125	91250				
9126	91260				
9127	91270				
9128	91280				
9129	91290				
9130	91300				
9131	91310				
9132	91320				
9133	91330				
9134	91340				
9135	91350				
9136	91360				
9137	91370				
9138	91380				
9139	91390				
9140	91400				
9141	91410				
9142	91420				
9143	91430				
9144	91440				
9145	91450				
9146	91460				
9147	91470				
9148	91480				
9149	91490				
9150	91500				
9151	91510				
9152	91520				
9153	91530				
9154	91540				
9155	91550				
9156	91560				
9157	91570				
9158	91580				
9159	91590				
9160	91600				
9161	91610				
9162	91620				
9163	91630				
9164	91640				
9165	91650				
9166	91660				
9167	91670				
9168	91680				
9169	91690				
9170	91700				
9171	91710				
9172	91720				
9173	91730				
9174	91740				
9175	91750				
9176	91760				
9177	91770				
9178	91780				
9179	91790				
9180	91800				
9181	91810				
9182	91820				
9183	91830				
9184	91840				
9185	91850				
9186	91860				
9187	91870				
9188	91880				
9189	91890				
9190	91900				
9191	91910				
9192	91920				
9193	91930				
9194	91940				
9195	91950				
9196	91960				
9197	91970				
9198	91980				
9199	91990				
9200	92000				
9201	92010				
9202	92020				
9203	92030				
9204	92040				
9205	92050				
9206	92060				
9207	92070				
9208	92080				
9209	92090				
9210	92100				
9211	92110				
9212	92120				
9213	92130				
9214	92140				
9215	92150				
9216	92160				
9217	92170				
9218	92180				
9219	92190				
9220	92200				
9221	92210				
9222	92220				
9223	92230				
9224	92240				
9225	92250				
9226	92260				
9227	92270				
9228	92280				
9229	92290				
9230	92300				
9231	92310				
9232	92320				
9233	92330				
9234	92340				
9235	92350				
9236	92360				
9237	92370				
9238	92380				
9239	92390				
9240	92400				
9241	92410				
9242	92420				
9243	92430				
9244	92440				
9245	92450				
9246	92460				
9247	92470				
9248	92480				
9249	92490				
9250	92500				
9251	92510				
9252	92520				
9253	92530				
9254	92540				
9255	92550				
9256	92560				
9257	92570				
9258	92580				
9259	92590				
9260	92600				
9261	92610				
9262	92620				
9263	92630				
9264	92640				
9265	92650				
9266	92660				
9267	92670				
9268	92680				
9269	92690				
9270	92700				
9271	92710				
9272	92720				
9273	92730				
9274	92740				
9275	92750				
9276	92760				
9277	92770				
9278	92780				
9279	92790				
9280	92800				
9281	92810				
9282	92820				
9283	92830				
9284	92840				
9285	92850				
9286	92860				
9287	92870				
9288	92880				
9289	92890				
9290	92900				
9291	92910				
9292	92920				
9293	92930				
9294	92940				
9295	92950				
9296	92960				
9297	92970				
9298	92980				
9299	92990				
9300	93000				
9301	93010				
9302	93020				
9303	93030				
9304	93040				
9305	93050				
9306	93060				
9307	93070				
9308	93080				
9309	93090				
9310	93100				
9311	93110				
9312	93120				
9313	93130				
9314	93140				
9315	93150				
9316	93160				
9317	93170				
9318	93180				
9319	93190				
9320	93200				
9321	93210				
9322	93220				
9323	93230				
9324	93240				
9325	93250				
9326	93260				
9327	93270				
9328	93280				
9329	93290				
9330	93300				
9331	93310				
9332	93320				
9333	93330				
9334	93340				
9335	93350				
9336	93360				
9337	93370				
9338	93380				
9339	93390				
9340	93400				
9341	93410				
9342	93420				
9343	93430				
9344	93440				
9345	93450				
9346	93460				
9347	93470				
9348	93480				
9349	93490				
9350	93500				
9351	93510				
9352	93520				
9353	93530				
9354	93540				
9355	93550				
9356	93560				
9357	93570				
9358	93580				
9359	93590				
9360	93600				
9361	93610				
9362	93620				
9363	93630				
9364	93640				
9365	93650				
9366	93660				
9367	93670				
9368	93680				
9369	93690				
9370	93700				
9371	93710				
9372	93720				
9373	93730				
9374	93740				
9375	93750				
9376	93760				
9377	93770				
9378	93780				
9379	93790				
9380	93800				
9381	93810				
9382	93820				
9383	93830				
9384	93840				
9385	93850				
9386	93860				
9387	93870				
9388	93880				
9389	93890				
9390	93900				
9391	93910				
9392	93920				
9393	93930				
9394	93940				
9395	93950				
9396	93960				
9397	93970				
9398	93980				
9399	93990				
9400	94000				
9401	94010				
9402	94020				
9403	94030				
9404	94040				
9405	94050				
9406	94060				
9407	94070				
9408	94080				
9409	94090				
9410	94100				
9411	94110				
9412	94120				
9413	94130				
9414	94140				
9415	94150				
9416	94160				
9417	94170				
9418	94180				
9419	94190				
9420	94200				
9421	94210				
9422	94220				
9423	94230				
9424	94240				
9425	94250				
9426	94260				
9427	94270				
9428	94280				
9429	94290				
9430	94300				
9431	94310				
9432	94320				
9433	94330				
9434	94340				
9435	94350				
9436	94360				
9437	94370				
9438	94380				
9439	94390				
9440	94400				
9441	94410				
9442	94420				
9443	94430				
9444	94440				
9445	94450				
9446	94460				
9447	94470				
9448	94480				
9449	94490				
9450	94500				
9451	94510				
9452	94520				
9453	94530				
9454	94540				
9455	94550				
9456	94560				
9457	94570				
9458	94580				
9459	94590				
9460	94600				
9461	94610				
9462	94620				
9463	94630				
9464	94640				
9465	94650				
9466	94660				
9467	94670				
9468	94680				
9469	94690				
9470	94700				
9471	94710				
9472	94720				
9473	94730				
9474	94740				
9475	94750				
9476	94760				
9477	94770				
9478	94780				
9479	94790				
9480	94800				
9481	94810				
9482	94820				
9483	94830				
9484	94840				
9485	94850				
9486	94860				
9487	94870				
9488	94880				
9489	94890				
9490	94900				
9491	94910				
9492	94920				
9493	94930				
9494	94940				
9495	94950				
9496	94960				
9497	94970				
9498	94980				
9499	94990				
9500	95000				
9501	95010				
9502	95020				
9503	95030				
9504	95040				
9505	95050				
9506	95060				
9507	95070				
9508	95080				
9509	95090				
9510	95100				
9511	95110				
9512	95120				
9513	95130				
9514	95140				
9515	95150				
9516	95160				
9517	95170				
9518	95180				
9519	95190				
9520	95200				
9521	95210				
9522	95220				
9523	95230				
9524	95240				
9525	95250				
9526	95260				
9527	95270				
9528	95280				
9529	95290				
9530	95300				
9531	95310				
9532	95320				
9533	95330				
9534	95340				
9535	95350				
9536	95360				
9537	95370				
9538	95380				
9539	95390				
9540	95400				
9541	95410				
9542	95420				
9543	95430				
9544	95440				
9545	95450				
9546	95460				
9547	95470				
9548	95480				
9549	95490				
9550	95500				
9551	95510				
9552	95520				
9553	95530				
9554	95540				
9555	95550				
9556	95560				
9557	95570				
9558	95580				
9559	95590				
9560	95600				
9561	95610				
9562	95620				
9563	95630				
9564	95640				
9565	95650				
9566	95660				
9567	95670				
9568	95680				
9569	95690				
9570	95700				
9571	95710				
9572	95720				
9573	95730				
9574	95740				
9575	95750				
9576	95760				
9577	95770				
9578	95780				
9579	95790				
9580	95800				
9581	95810				
9582	95820				
9583	95830				
9584	95840				
9585	95850				
9586	95860				
9587	95870				
9588	95880				
9589	95890				
9590	95900				
9591	95910				
9592	95920				
9593	95930				
9594	95940				
9595	95950				
9596	95960				
9597	95970				
9598	95980				
9599	95990				
9600	96000				
9601	96010				
9602	96020		0.00363802816901409		
9603	96030		0.00410070422535211		
9604	96040		0.00590704225352113		
9605	96050		0.0059387323943662		
9606	96060		0.00572323943661972		
9607	96070		0.00550140845070422		
9608	96080		0.00594507042253521		
9609	96090		0.00741549295774648		
9610	96100		0.00823943661971831		
9611	96110		0.00992535211267606		
9612	96120		0.017106338028169		
9613	96130		0.0268288732394366		
9614	96140		0.0312781690140845		
9615	96150		0.0342507042253521		
9616	96160		0.0523838028169014		
9617	96170		0.0212260563380282		
9618	96180		0.00515281690140845		
9619	96190		0.00472183098591549		
9620	96200		0.0086830985915493		
9621	96210		0.0321211267605634		
9622	96220		0.0259352112676056		
9623	96230		0.0322922535211268		
9624	96240		0.0294338028169014		
9625	96250		0.0246612676056338		
9626	96260		0.0209408450704225		
9627	96270		0.0181330985915493		
9628	96280		0.0164091549295775		
9629	96290		0.0144		
9630	96300		0.015306338028169		
9631	96310		0.0143366197183099		
9632	96320		0.0131323943661972		
9633	96330		0.0128978873239437		
9634	96340		0.0106225352112676		
9635	96350		0.00998873239436619		
9636	96360		0.0090887323943662		
9637	96370		0.0119471830985916		
9638	96380		0.0162887323943662		
9639	96390	0	0.0224049295774648		
9640	96400	0.06	0.029680985915493		
9641	96410	0	0.0473070422535211		
9642	96420	0	0.214979577464789		
9643	96430	0.03	0.282314788732394		
9644	96440	0	0.428907042253521		
9645	96450	0	0.669714084507042		
9646	96460	0	0.638759154929578		
9647	96470	0	0.963868309859155		
9648	96480	0	0.75902323943662		
9649	96490	0.03	0.553297183098592		
9650	96500	0.61	0.581279577464789		
9651	96510	0.23	0.672997183098592		
9652	96520	0.06	0.875332394366197		
9653	96530	0.06	0.652943661971831		
9654	96540	0.02	0.445747183098592		
9655	96550	0	0.36964014084507		
9656	96560	0	0.281104225352113		
9657	96570	0	0.452383098591549		
9658	96580	0	0.377619718309859		
9659	96590	0	0.385916197183099		
9660	96600	0.53	0.430219014084507		
9661	96610	0.02	0.476892253521127		
9662	96620	0.03	0.512429577464789		
9663	96630	0.08	0.427531690140845		
9664	96640	0.14	0.362452816901408		
9665	96650	0.95	0.328354225352113		
9666	96660	0	0.333171126760563		
9667	96670	0	0.31519014084507		
9668	96680	0	0.266590140845071		
9669	96690	0	0.218395774647887		
9670	96700	0.01	0.193911971830986		
9671	96710	0.19	0.201485915492958		
9672	96720	0.39	0.205726056338028		
9673	96730	0	0.224714788732394		
9674	96740	0.26	0.294642253521127		
9675	96750	0.14	0.368721126760563		
9676	96760	0	0.401989436619718		
9677	96770	0	0.415609859154929		
9678	96780	0	0.383609154929577		
9679	96790	0	0.331117605633803		
9680	96800	0	0.280793661971831		
9681	96810	0	0.240819718309859		
9682	96820	0	0.204705633802817		
9683	96830	0	0.175385915492958		
9684	96840	0	0.149666197183099		
9685	96850	0	0.128326056338028		
9686	96860	0	0.109755633802817		
9687	96870	0	0.0920788732394366		
9688	96880	0	0.0837		
9689	96890	0	0.0751880281690141		
9690	96900	0.34	0.0717084507042254		
9691	96910	0.02	0.106611971830986		
9692	96920	0.13	0.198038028169014		
9693	96930	0.32	0.208311971830986		
9694	96940	0.09	0.19240985915493		
9695	96950	0.04	0.168433098591549		
9696	96960	0	0.146142253521127		
9697	96970	0	0.12612676056338		
9698	96980	0	0.106884507042254		
9699	96990	0	0.0925985915492958		
9700	97000	0	0.0840802816901409		
9701	97010	0.12	0.081424647887324		
9702	97020	0.02	0.0893598591549296		
9703	97030	0	0.0834401408450704		
9704	97040	0	0.0784521126760563		
9705	97050	0	0.0738507042253521		
9706	97060	0	0.0695852112676056		
9707	97070	0	0.0669169014084507		
9708	97080	0	0.0649711267605634		
9709	97090	0.38	0.0667901408450704		
9710	97100	0.04	0.0971366197183099		
9711	97110	0.07	0.106282394366197		
9712	97120	0.26	0.111035915492958		
9713	97130	0.09	0.120644366197183		
9714	97140	0.05	0.110788732394366		
9715	97150	0.06	0.104247887323944		
9716	97160	0	0.0948485915492958		
9717	97170	0	0.0839661971830986		
9718	97180	0	0.0721521126760564		
9719	97190	0	0.0632598591549296		
9720	97200	0	0.0578091549295775		
9721	97210	0.81	0.0538098591549296		
9722	97220	0.15	0.0601542253521127		
9723	97230	0.01	0.0621633802816901		
9724	97240	0.56	0.0684443661971831		
9725	97250	0.12	0.139956338028169		
9726	97260	0.38	0.163603521126761		
9727	97270	0.28	0.224093661971831		
9728	97280	1.17	0.244375352112676		
9729	97290	0.25	0.273073943661972		
9730	97300	0	0.252817605633803		
9731	97310	0	0.21175985915493		
9732	97320	0	0.170683098591549		
9733	97330	0	0.135716197183099		
9734	97340	0	0.102238732394366		
9735	97350	0	0.0825274647887324		
9736	97360	0	0.0703901408450704		
9737	97370	0	0.0615929577464789		
9738	97380	0	0.0546464788732394		
9739	97390	0	0.0487901408450704		
9740	97400	0	0.0447845070422535		
9741	97410	0.01	0.040043661971831		
9742	97420	0	0.0376288732394366		
9743	97430	0	0.0350112676056338		
9744	97440	0	0.0326471830985915		
9745	97450	0.07	0.0314746478873239		
9746	97460	0	0.0302260563380282		
9747	97470	0	0.0291485915492958		
9748	97480	0.55	0.028362676056338		
9749	97490	1.21	0.0433140845070423		
9750	97500	0.16	0.150268309859155		
9751	97510	0.01	0.191947183098592		
9752	97520	0.05	0.169060563380282		
9753	97530	0.23	0.137566901408451		
9754	97540	0.72	0.116410563380282		
9755	97550	0.17	0.119757042253521		
9756	97560	0.02	0.126830281690141		
9757	97570	0	0.125657746478873		
9758	97580	0.08	0.106314084507042		
9759	97590	0.04	0.0892204225352113		
9760	97600	0.05	0.0778816901408451		
9761	97610	0	0.0667521126760564		
9762	97620	0.01	0.0587091549295775		
9763	97630	0.06	0.0520985915492958		
9764	97640	0.08	0.0481119718309859		
9765	97650	0.28	0.0464197183098592		
9766	97660	0.03	0.0488725352112676		
9767	97670	0.73	0.0515852112676056		
9768	97680	0.44	0.0656239436619718		
9769	97690	0	0.108849295774648		
9770	97700	0	0.123090845070423		
9771	97710	0.05	0.100457746478873		
9772	97720	0.11	0.0822612676056338		
9773	97730	0.26	0.0730901408450704		
9774	97740	0.48	0.0774950704225352		
9775	97750	0.03	0.110326056338028		
9776	97760	0.13	0.114357042253521		
9777	97770	0.42	0.108950704225352		
9778	97780	0.2	0.136787323943662		
9779	97790	0.04	0.141737323943662		
9780	97800	0.01	0.130474647887324		
9781	97810	0.61	0.123762676056338		
9782	97820	0	0.128408450704225		
9783	97830	0.01	0.111175352112676		
9784	97840	0	0.111625352112676		
9785	97850	0	0.122830985915493		
9786	97860	0	0.113995774647888		
9787	97870	0	0.112328873239437		
9788	97880	0	0.103892957746479		
9789	97890	0	0.0905767605633803		
9790	97900	0	0.0818683098591549		
9791	97910	0	0.0717084507042254		
9792	97920	0	0.0630633802816902		
9793	97930	0	0.0568647887323944		
9794	97940	0	0.0502605633802817		
9795	97950	0	0.0458176056338028		
9796	97960	0.17	0.0418880281690141		
9797	97970	0.38	0.0411908450704225	0.0346453833903422	0.00654546168008039
9798	97980	0.92	0.0497788732394366	0.0564870590880014	-0.00670818584856477
9799	97990	1.36	0.11507323943662	0.106248034855598	0.00882520458102225
9800	98000	0.21	0.26537323943662	0.167489553768709	0.0978836856679113
9801	98010	0	0.28382323943662	0.192187799480931	0.091635439955689
9802	98020	0	0.247576056338028	0.180758387691141	0.0668176686468877
9803	98030	0	0.207716197183099	0.16547186333137	0.0422443338517291
9804	98040	0.01	0.17022676056338	0.144590344124832	0.025636416438548
9805	98050	0	0.139652112676056	0.124468000661591	0.0151841120144648
9806	98060	0.01	0.110680985915493		
9807	98070	0	0.0896070422535211	0.0953249312485468	-0.00571788899502572
9808	98080	0	0.0778943661971831	0.087150410744106	-0.00925604454692286
9809	98090	0.01	0.0680070422535211		
9810	98100	0	0.0613330985915493	0.0731193819079724	-0.0117862833164232
9811	98110	0	0.0554640845070423	0.0673920181260057	-0.0119279336189634
9812	98120	0	0.0513633802816902	0.0614963616891546	-0.0101329814074644
9813	98130	0	0.0471612676056338	0.0540993717459505	-0.00693810414031674
9814	98140	0	0.043656338028169	0.0484936672520778	-0.00483732922390874
9815	98150	0	0.0402464788732394	0.0466601036878534	-0.00641362481461394
9816	98160	0.01	0.0376542253521127		
9817	98170	0	0.0360633802816901	0.0460676677248679	-0.0100042874431778
9818	98180	0	0.0336169014084507		
9819	98190	0	0.0321971830985916	0.0268183077515634	0.00537887534702812
9820	98200	0	0.0303845070422535	0.0110467320800907	0.0193377749621628
9821	98210	0	0.0289140845070423		
9822	98220	0	0.0278683098591549	0.00848064784072662	0.0193876620184283
9823	98230	0	0.0264612676056338	0.0083961025112265	0.0180651650944073
9824	98240	0	0.0257704225352113	0.00829835703885721	0.0174720654963541
9825	98250	0	0.0247943661971831	0.00813645235218639	0.0166579138449967
9826	98260	0	0.0241732394366197	0.0081101670694146	0.0160630723672051
9827	98270	0	0.0235267605633803	0.00797288939449206	0.0155538711688882
9828	98280	0	0.0226204225352113	0.007947647991241	0.0146727745439703
9829	98290	0	0.0221070422535211	0.00792198189135834	0.0141850603621628
9830	98300	0.01	0.0214859154929577	0.00789083418577841	0.0135950813071793
9831	98310	0	0.021156338028169	0.00819947525524744	0.0129568627729216
9832	98320	0	0.0207823943661972	0.00833973766399084	0.0124426567022063
9833	98330	0	0.0204654929577465	0.0083522821445265	0.01211321081322
9834	98340	0	0.0200915492957747	0.00831928949813502	0.0117722597976396
9835	98350	0	0.0194577464788732	0.00824305568303014	0.0112146907958431
9836	98360	0	0.0192169014084507	0.00815081894574107	0.0110660824627096
9837	98370	0	0.018868309859155	0.00796978893054682	0.0108985209286081
9838	98380	0.16	0.0189697183098592	0.0097094105747166	0.00926030773514259
9839	98390	0.06	0.0193183098591549	0.0157209721667833	0.00359733769237159
9840	98400	0	0.0190711267605634	0.0202828478071469	-0.00121172104658344
9841	98410	0	0.0188366197183099	0.0211195957035535	-0.00228297598524363
9842	98420	0	0.0243507042253521	0.0205289003740947	0.00382180385125744
9843	98430	0	0.0349985915492958	0.0191715713279282	0.0158270202213676
9844	98440	0.01	0.0276591549295775	0.0176239726952795	0.010035182234298
9845	98450	0.35	0.0250669014084507	0.0203100905454846	0.00475681086296609
9846	98460	0.36	0.0254471830985916	0.0349431686811441	-0.00949598558255252
9847	98470	0.12	0.043662676056338	0.0532984103871118	-0.00963573433077381
9848	98480	0.01	0.050869014084507	0.0623781543318506	-0.0115091402473435
9849	98490	0	0.0489169014084507		
9850	98500	0.17	0.0465908450704225	0.0603091071897054	-0.0137182621192829
9851	98510	0.08	0.0548176056338028	0.0608533711960763	-0.00603576556227346
9852	98520	0	0.0601288732394366		
9853	98530	0	0.0598943661971831	0.0549063608479884	0.00498800534919476
9854	98540	0	0.0569788732394366		
9855	98550	0.01	0.0532711267605634	0.0462957015280659	0.0069754252324975
9856	98560	0.01	0.0493225352112676		
9857	98570	0	0.0455577464788732		
9858	98580	0.74	0.0431683098591549	0.0447102129404264	-0.0015419030812715
9859	98590	0.18	0.0504316901408451	0.0670689908634321	-0.016637300722587
9860	98600	0.12	0.0615042253521127	0.0827462419814487	-0.0212420166293361
9861	98610	0	0.0649838028169014	0.0863412380155024	-0.021357435198601
9862	98620	0.06	0.06345	0.0852459665926493	-0.0217959665926493
9863	98630	0.06	0.0624612676056338	0.0819162077690318	-0.0194549401633979
9864	98640	0.01	0.0620049295774648		
9865	98650	0.69	0.0607119718309859		
9866	98660	0	0.0580880281690141		
9867	98670	0.13	0.0541267605633803		
9868	98680	0	0.0541774647887324		
9869	98690	0	0.0548429577464789		
9870	98700	0.01	0.0518704225352113		
9871	98710	0	0.051762676056338		
9872	98720	0.09	0.0493352112676056		
9873	98730	0.01	0.0488788732394366		
9874	98740	0.34	0.0476112676056338		
9875	98750	0	0.045462676056338		
9876	98760	0	0.0429654929577465		
9877	98770	0			
9878	98780	0			
9879	98790	0			
9880	98800	0.04			
9881	98810	0.01			
9882	98820	0.17			
9883	98830	0			
9884	98840	0.26			
9885	98850	0.01			
9886	98860	0.01			
9887	98870	0			
9888	98880	0			
9889	98890	0			
9890	98900	0			
9891	98910	0			
9892	98920	0			
9893	98930	0			
9894	98940	0			
9895	98950	0			
9896	98960	0			
9897	98970	0			
9898	98980	0			
9899	98990	0			
9900	99000	0			
9901	99010	0			
9902	99020	0.13			
9903	99030	0			
9904	99040	0			
9905	99050	0			
9906	99060	0			
9907	99070	0			
9908	99080	0			
9909	99090	0			
9910	99100	0			
9911	99110	0			
9912	99120				
9913	99130				
9914	99140				
9915	99150				
9916	99160				
9917	99170				
9918	99180				
9919	99190				
9920	99200				
9921	99210				
9922	99220				
9923	99230				
9924	99240				
9925	99250				
9926	99260				
9927	99270				
9928	99280				
9929	99290				
9930	99300				
9931	99310				
9932	99320				
9933	99330				
9934	99340				
9935	99350				
9936	99360				
9937	99370				
9938	99380				
9939	99390				
9940	99400				
9941	99410				
9942	99420				
9943	99430				
9944	99440				
9945	99450				
9946	99460				
9947	99470				
9948	99480				
9949	99490				
9950	99500				
9951	99510				
9952	99520				
9953	99530				
9954	99540				
9955	99550				
9956	99560				
9957	99570				
9958	99580				
9959	99590				
9960	99600				
9961	99610				
9962	99620				
9963	99630				
9964	99640				
9965	99650				
9966	99660				
9967	99670				
9968	99680				
9969	99690				
9970	99700				
9971	99710				
9972	99720				
9973	99730				
9974	99740				
9975	99750				
9976	99760				
9977	99770				
9978	99780				
9979	99790				
9980	99800				
9981	99810				
9982	99820				
9983	99830				
9984	99840				
9985	99850				
9986	99860				
9987	99870				
9988	99880				
9989	99890				
9990	99900				
9991	99910				
9992	99920				
9993	99930				
9994	99940				
9995	99950				
9996	99960				
9997	99970				
9998	99980				
9999	99990				
10000	1e+05				
10001	100010				
10002	100020				
10003	100030				
10004	100040				
10005	100050				
10006	100060				
10007	100070				
10008	100080				
10009	100090				
10010	100100				
10011	100110				
10012	100120				
10013	100130				
10014	100140				
10015	100150				
10016	100160				
10017	100170				
10018	100180				
10019	100190				
10020	100200				
10021	100210				
10022	100220				
10023	100230				
10024	100240				
10025	100250				
10026	100260				
10027	100270				
10028	100280				
10029	100290				
10030	100300				
10031	100310				
10032	100320				
10033	100330				
10034	100340				
10035	100350				
10036	100360				
10037	100370				
10038	100380				
10039	100390				
10040	100400				
10041	100410				
10042	100420				
10043	100430				
10044	100440				
10045	100450				
10046	100460				
10047	100470				
10048	100480				
10049	100490				
10050	100500				
10051	100510				
10052	100520				
10053	100530				
10054	100540				
10055	100550				
10056	100560				
10057	100570				
10058	100580				
10059	100590				
10060	100600				
10061	100610				
10062	100620				
10063	100630				
10064	100640				
10065	100650				
10066	100660				
10067	100670				
10068	100680				
10069	100690				
10070	100700				
10071	100710				
10072	100720				
10073	100730				
10074	100740				
10075	100750				
10076	100760				
10077	100770				
10078	100780				
10079	100790				
10080	100800				
10081	100810				
10082	100820				
10083	100830				
10084	100840				
10085	100850				
10086	100860				
10087	100870				
10088	100880				
10089	100890				
10090	100900				
10091	100910				
10092	100920				
10093	100930				
10094	100940				
10095	100950				
10096	100960				
10097	100970				
10098	100980				
10099	100990				
10100	101000				
10101	101010				
10102	101020				
10103	101030				
10104	101040				
10105	101050				
10106	101060				
10107	101070				
10108	101080				
10109	101090				
10110	101100				
10111	101110				
10112	101120				
10113	101130				
10114	101140				
10115	101150				
10116	101160				
10117	101170				
10118	101180				
10119	101190				
10120	101200				
10121	101210				
10122	101220				
10123	101230				
10124	101240				
10125	101250				
10126	101260				
10127	101270				
10128	101280				
10129	101290				
10130	101300				
10131	101310				
10132	101320				
10133	101330				
10134	101340				
10135	101350				
10136	101360				
10137	101370				
10138	101380				
10139	101390				
10140	101400				
10141	101410				
10142	101420				
10143	101430				
10144	101440				
10145	101450				
10146	101460				
10147	101470				
10148	101480				
10149	101490				
10150	101500				
10151	101510				
10152	101520				
10153	101530				
10154	101540				
10155	101550				
10156	101560				
10157	101570				
10158	101580				
10159	101590				
10160	101600				
10161	101610				
10162	101620				
10163	101630				
10164	101640				
10165	101650				
10166	101660				
10167	101670				
10168	101680				
10169	101690				
10170	101700				
10171	101710				
10172	101720				
10173	101730				
10174	101740				
10175	101750				
10176	101760				
10177	101770				
10178	101780				
10179	101790				
10180	101800				
10181	101810				
10182	101820				
10183	101830				
10184	101840				
10185	101850				
10186	101860				
10187	101870				
10188	101880				
10189	101890				
10190	101900				
10191	101910				
10192	101920				
10193	101930				
10194	101940				
10195	101950				
10196	101960				
10197	101970				
10198	101980				
10199	101990				
10200	102000				
10201	102010				
10202	102020				
10203	102030				
10204	102040				
10205	102050				
10206	102060				
10207	102070				
10208	102080				
10209	102090				
10210	102100				
10211	102110				
10212	102120				
10213	102130				
10214	102140				
10215	102150				
10216	102160				
10217	102170				
10218	102180				
10219	102190				
10220	102200				
10221	102210				
10222	102220				
10223	102230				
10224	102240				
10225	102250				
10226	102260				
10227	102270				
10228	102280				
10229	102290				
10230	102300				
10231	102310				
10232	102320				
10233	102330				
10234	102340				
10235	102350				
10236	102360				
10237	102370				
10238	102380				
10239	102390				
10240	102400				
10241	102410				
10242	102420				
10243	102430				
10244	102440				
10245	102450				
10246	102460				
10247	102470				
10248	102480				
10249	102490				
10250	102500				
10251	102510				
10252	102520				
10253	102530				
10254	102540				
10255	102550				
10256	102560				
10257	102570				
10258	102580				
10259	102590				
10260	102600				
10261	102610				
10262	102620				
10263	102630				
10264	102640				
10265	102650				
10266	102660				
10267	102670				
10268	102680				
10269	102690				
10270	102700				
10271	102710				
10272	102720				
10273	102730				
10274	102740				
10275	102750				
10276	102760				
10277	102770				
10278	102780				
10279	102790				
10280	102800				
10281	102810				
10282	102820				
10283	102830				
10284	102840				
10285	102850				
10286	102860				
10287	102870				
10288	102880				
10289	102890				
10290	102900				
10291	102910				
10292	102920				
10293	102930				
10294	102940				
10295	102950				
10296	102960				
10297	102970				
10298	102980				
10299	102990				
10300	103000				
10301	103010				
10302	103020				
10303	103030				
10304	103040				
10305	103050				
10306	103060				
10307	103070				
10308	103080				
10309	103090				
10310	103100				
10311	103110				
10312	103120				
10313	103130				
10314	103140				
10315	103150				
10316	103160				
10317	103170				
10318	103180				
10319	103190				
10320	103200				
10321	103210				
10322	103220				
10323	103230				
10324	103240				
10325	103250				
10326	103260				
10327	103270				
10328	103280				
10329	103290				
10330	103300				
10331	103310				
10332	103320				
10333	103330				
10334	103340				
10335	103350				
10336	103360				
10337	103370				
10338	103380				
10339	103390				
10340	103400				
10341	103410				
10342	103420				
10343	103430				
10344	103440				
10345	103450				
10346	103460				
10347	103470				
10348	103480				
10349	103490				
10350	103500				
10351	103510				
10352	103520				
10353	103530				
10354	103540				
10355	103550				
10356	103560				
10357	103570				
10358	103580				
10359	103590				
10360	103600				
10361	103610				
10362	103620				
10363	103630				
10364	103640				
10365	103650				
10366	103660				
10367	103670				
10368	103680				
10369	103690				
10370	103700				
10371	103710				
10372	103720				
10373	103730				
10374	103740				
10375	103750				
10376	103760				
10377	103770				
10378	103780				
10379	103790				
10380	103800				
10381	103810				
10382	103820				
10383	103830				
10384	103840				
10385	103850				
10386	103860				
10387	103870				
10388	103880				
10389	103890				
10390	103900				
10391	103910				
10392	103920				
10393	103930				
10394	103940				
10395	103950				
10396	103960				
10397	103970				
10398	103980				
10399	103990				
10400	104000				
10401	104010				
10402	104020				
10403	104030				
10404	104040				
10405	104050				
10406	104060				
10407	104070				
10408	104080				
10409	104090				
10410	104100				
10411	104110				
10412	104120				
10413	104130				
10414	104140				
10415	104150				
10416	104160				
10417	104170				
10418	104180				
10419	104190				
10420	104200				
10421	104210				
10422	104220				
10423	104230				
10424	104240				
10425	104250				
10426	104260				
10427	104270				
10428	104280				
10429	104290				
10430	104300				
10431	104310				
10432	104320				
10433	104330				
10434	104340				
10435	104350				
10436	104360				
10437	104370				
10438	104380				
10439	104390				
10440	104400				
10441	104410				
10442	104420				
10443	104430				
10444	104440				
10445	104450				
10446	104460				
10447	104470				
10448	104480				
10449	104490				
10450	104500				
10451	104510				
10452	104520				
10453	104530				
10454	104540				
10455	104550				
10456	104560				
10457	104570				
10458	104580				
10459	104590				
10460	104600				
10461	104610				
10462	104620				
10463	104630				
10464	104640				
10465	104650				
10466	104660				
10467	104670				
10468	104680				
10469	104690				
10470	104700				
10471	104710				
10472	104720	0			
10473	104730	0			
10474	104740	0			
10475	104750	0			
10476	104760	0			
10477	104770	0			
10478	104780	0			
10479	104790	0			
10480	104800	0			
10481	104810	0	0.000126760563380282		
10482	104820	0	0.0117760563380282		
10483	104830	0	0.0379647887323944		
10484	104840	0	0.0576950704225352		
10485	104850	0	0.0690274647887324		
10486	104860	0	0.0780845070422535		
10487	104870	0	0.222319014084507		
10488	104880	0	0.246897887323944		
10489	104890	0	0.455387323943662		
10490	104900	0	0.708845070422535		
10491	104910	0	0.662938732394366		
10492	104920	0	0.871561267605634		
10493	104930	0	0.713243661971831		
10494	104940	0	0.957891549295774		
10495	104950	0	0.844732394366197		
10496	104960	0	0.824190845070423		
10497	104970	0	0.77232676056338		
10498	104980	0	0.464203521126761		
10499	104990	0	0.279640140845071		
10500	105000	0	0.156238732394366		
10501	105010	0	0.143530985915493		
10502	105020	0	0.206366197183099		
10503	105030	0	0.160726056338028		
10504	105040	0	0.137319718309859		
10505	105050	0	0.120504929577465		
10506	105060	0	0.0979859154929577		
10507	105070	0	0.0842007042253521		
10508	105080	0	0.0720633802816902		
10509	105090	0	0.0614281690140845		
10510	105100	0.43	0.0502415492957746		
10511	105110	0.48	0.0501274647887324		
10512	105120	0.01	0.0593176056338028		
10513	105130	0	0.0635323943661972		
10514	105140	0	0.0537528169014085		
10515	105150	0	0.0471169014084507		
10516	105160	0.16	0.0579676056338028		
10517	105170	0	0.0591274647887324		
10518	105180	0.75	0.0538732394366197		
10519	105190	2.26	0.236864788732394		
10520	105200	0.34	0.403548591549296		
10521	105210	0.01	0.279177464788732		
10522	105220	0.01	0.1899		
10523	105230	0	0.149393661971831		
10524	105240	0.01	0.126133098591549		
10525	105250	0.05	0.0884408450704225		
10526	105260	0	0.0675570422535211		
10527	105270	0.01	0.0503429577464789		
10528	105280	0.01	0.0444992957746479		
10529	105290	0.22	0.042756338028169		
10530	105300	0.12	0.0421985915492958		
10531	105310	0	0.0373943661971831		
10532	105320	0.01	0.0350176056338028		
10533	105330	0	0.0323492957746479		
10534	105340	0.01	0.0287176056338028		
10535	105350	0	0.0264929577464789		
10536	105360	0.04	0.0262711267605634		
10537	105370	0.01	0.0289204225352113		
10538	105380	0.39	0.0383133802816901		
10539	105390	0.27	0.0780401408450704		
10540	105400	0	0.160295070422535		
10541	105410	0	0.159864084507042		
10542	105420	0.01	0.133485211267606		
10543	105430	0.03	0.111802816901408		
10544	105440	0.05	0.0830408450704225		
10545	105450	0.01	0.071980985915493		
10546	105460	0	0.0602302816901409		
10547	105470	0	0.0494049295774648		
10548	105480	0	0.0445056338028169		
10549	105490	0	0.0385732394366197		
10550	105500	0.05	0.0389471830985916		
10551	105510	0.7	0.0356640845070423		
10552	105520	0	0.0353788732394366		
10553	105530	0	0.0373753521126761		
10554	105540	0	0.0365514084507042		
10555	105550	0	0.0467429577464789		
10556	105560	0	0.0477190140845071		
10557	105570	0	0.0481183098591549		
10558	105580	0	0.0445056338028169		
10559	105590	0.01	0.039574647887324		
10560	105600	0	0.0389154929577465		
10561	105610	0.1	0.0350492957746479		
10562	105620	0.14	0.044537323943662		
10563	105630	0	0.0479598591549296		
10564	105640	0	0.0430732394366197		
10565	105650	0	0.0389345070422535		
10566	105660	0	0.0380535211267606		
10567	105670	0	0.0410514084507042		
10568	105680	0	0.0374197183098592		
10569	105690	0	0.0364056338028169		
10570	105700	0	0.0348591549295775		
10571	105710	0	0.0316521126760564		
10572	105720	0	0.0325330985915493		
10573	105730	0	0.0295542253521127		
10574	105740	0	0.0302514084507042		
10575	105750	0	0.0278619718309859		
10576	105760	0	0.0262521126760563		
10577	105770	0	0.0263471830985916		
10578	105780	0	0.0250985915492958		
10579	105790	0	0.0259605633802817		
10580	105800	0	0.0235774647887324		
10581	105810	0	0.02205		
10582	105820	0	0.0213654929577465		
10583	105830	0	0.019806338028169		
10584	105840	0	0.0200154929577465		
10585	105850	0	0.0187542253521127		
10586	105860	0	0.0180633802816901		
10587	105870	0	0.017543661971831		
10588	105880	0	0.0167767605633803		
10589	105890	0	0.0164915492957746		
10590	105900	0	0.0160288732394366		
10591	105910	0	0.0156802816901408		
10592	105920	0	0.014830985915493		
10593	105930	0	0.0144507042253521		
10594	105940	0	0.0139880281690141		
10595	105950	0	0.0133415492957747		
10596	105960	0	0.0133352112676057		
10597	105970	0	0.0127774647887324		
10598	105980	0	0.0130056338028169		
10599	105990	0	0.012587323943662		
10600	106000	0.79	0.0142035211267606		
10601	106010	0	0.0131323943661972		
10602	106020		0.0139943661971831		
10603	106030	0.5	0.0200661971830986		
10604	106040	0	0.0247119718309859		
10605	106050	0	0.0244964788732394		
10606	106060	0	0.0220943661971831		
10607	106070	0	0.0197049295774648		
10608	106080	0	0.0182028169014085		
10609	106090	0	0.016187323943662		
10610	106100	0	0.0154838028169014		
10611	106110	0	0.0143049295774648		
10612	106120	0	0.0135697183098592		
10613	106130	0	0.0133542253521127		
10614	106140	0	0.0126633802816901		
10615	106150	0	0.0128725352112676		
10616	106160	0	0.012612676056338		
10617	106170	0	0.0136267605633803		
10618	106180	0	0.013480985915493		
10619	106190	0	0.0129866197183098		
10620	106200	0	0.013043661971831		
10621	106210	0	0.0123211267605634		
10622	106220	0	0.0122767605633803		
10623	106230		0.011706338028169		
10624	106240		0.0111802816901408		
10625	106250		0.011256338028169		
10626	106260		0.0112056338028169		
10627	106270	0	0.0113514084507042		
10628	106280	0	0.0107112676056338		
10629	106290	0	0.0107556338028169		
10630	106300	0	0.0108316901408451		
10631	106310	0	0.0107556338028169		
10632	106320	0	0.011243661971831		
10633	106330	0	0.0114147887323944		
10634	106340	0	0.0111549295774648		
10635	106350	0	0.0111549295774648		
10636	106360	0	0.0107556338028169		
10637	106370	0.02	0.0108950704225352		
10638	106380	0.36	0.0111866197183099		
10639	106390	0.02	0.0112119718309859		
10640	106400	0	0.0109584507042254		
10641	106410	0.03	0.0104957746478873		
10642	106420	0.33	0.010825352112676		
10643	106430	0.06	0.0111422535211268		
10644	106440	0.31	0.0111802816901409		
10645	106450	0.14	0.011693661971831		
10646	106460	0	0.017119014084507		
10647	106470	0	0.0210739436619719		
10648	106480	0	0.0201929577464789		
10649	106490	0	0.0187478873239437		
10650	106500	0	0.0177401408450704		
10651	106510	0	0.0165422535211268		
10652	106520	0	0.015756338028169		
10653	106530	0	0.014862676056338		
10654	106540	0.01	0.0143239436619719		
10655	106550	0	0.0138676056338028		
10656	106560	0	0.0135507042253521		
10657	106570	0	0.0132908450704226		
10658	106580	0	0.0129295774647887		
10659	106590	0	0.0128408450704225		
10660	106600	0	0.0124732394366197		
10661	106610	0	0.0124225352112676		
10662	106620	0	0.0122450704225352		
10663	106630	0	0.0119471830985916		
10664	106640	0	0.0119154929577465		
10665	106650	0.02	0.011719014084507		
10666	106660	0.12	0.0119154929577465		
10667	106670	0.02	0.0117570422535211		
10668	106680	0	0.0116619718309859		
10669	106690	0	0.0115732394366197		
10670	106700	0	0.0114084507042254		
10671	106710	0	0.0114211267605634		
10672	106720	0	0.011237323943662		
10673	106730	0.32	0.011680985915493	0.0170177116943674	-0.00533672577887444
10674	106740	0.03	0.0120359154929577	0.0272299897568761	-0.0151940742639183
10675	106750	0	0.011687323943662	0.0328264982714405	-0.0211391743277786
10676	106760	0	0.0116619718309859	0.0326648031225492	-0.0210028312915633
10677	106770	0.02	0.0119471830985916	0.0314113574913938	-0.0194641743928022
10678	106780	0	0.0123528169014084	0.0293647534236955	-0.017011936522287
10679	106790	0.03	0.0128661971830986	0.0272098275477581	-0.0143436303646595
10680	106800	0.06	0.0136394366197183	0.0260176343637058	-0.0123781977439875
10681	106810	0	0.0136901408450704	0.0260917821600313	-0.0124016413149609
10682	106820	0.03	0.0138105633802817	0.0260303946802817	-0.0122198313
10683	106830	0.26	0.014374647887324		
10684	106840	0.03	0.0150211267605634		
10685	106850	0.01	0.0166119718309859		
10686	106860	0	0.0177845070422535	0.0397822185004205	-0.021997711458167
10687	106870	0	0.018006338028169	0.0358230103884938	-0.0178166723603248
10688	106880	0	0.0176894366197183	0.0320101965325198	-0.0143207599128015
10689	106890	0	0.0171380281690141	0.0285899932469127	-0.0114519650778986
10690	106900	0	0.0166246478873239	0.0266390391016441	-0.0100143912143202
10691	106910	0.01	0.0163077464788733	0.0247835495945844	-0.00847580311571118
10692	106920	0	0.0159718309859155	0.0238337501994602	-0.00786191921354473
10693	106930	0	0.0159718309859155	0.0223116986297164	-0.00633986764380092
10694	106940	0.08	0.0157943661971831	0.0185047629329507	-0.00271039673576766
10695	106950	0.58	0.0162443661971831		
10696	106960	0.21	0.0174232394366197		
10697	106970	0.32	0.0190077464788732		
10698	106980	0.13	0.020262676056338		
10699	106990	0	0.0217711267605634		
10700	107000	0	0.0228739436619718	0.0842425136513169	-0.0613685699893451
10701	107010	0	0.0226140845070422	0.0760214403266223	-0.05340735581958
10702	107020	0.05	0.0227154929577465	0.0677004747214119	-0.0449849817636655
10703	107030	0.05	0.0232415492957746	0.0610215172062346	-0.03777996791046
10704	107040	0.06	0.025656338028169	0.0552606333657675	-0.0296042953375985
10705	107050	0.06	0.0296176056338028	0.053381195380345	-0.0237635897465422
10706	107060	0.06	0.0314049295774648	0.0530163333740372	-0.0216114037965724
10707	107070	0	0.0335218309859155	0.0523957637045708	-0.0188739327186553
10708	107080	0.02	0.0336866197183099	0.0503060422835559	-0.0166194225652461
10709	107090	0	0.0326345070422535	0.0464258607691313	-0.0137913537268778
10710	107100	0	0.0315887323943662	0.0421617801311765	-0.0105730477368103
10711	107110	0.2	0.0306823943661972		
10712	107120	0.08	0.0312908450704226	0.04537972463663	-0.0140888795662074
10713	107130	0.03	0.0321464788732394		
10714	107140	0.1	0.0339845070422535		
10715	107150	0.01	0.0349098591549296		
10716	107160	0.06	0.0355816901408451		
10717	107170	0.49	0.0378		
10718	107180	0.01	0.0408992957746479		
10719	107190	0.55	0.0437387323943662		
10720	107200	0	0.0531887323943662		
10721	107210	0	0.0628098591549296		
10722	107220	0	0.0637605633802817	0.0826014836054347	-0.018840920225153
10723	107230	0	0.0610352112676056		
10724	107240	0.12	0.0578852112676056	0.0672055009793859	-0.00932028971178029
10725	107250	0.04	0.0546781690140845		
10726	107260	0.52	0.058962676056338		
10727	107270	0.02	0.0809492957746479		
10728	107280	0	0.0874964788732394		
10729	107290	0.01	0.0840676056338028	0.0789558343977347	0.00511177123606817
10730	107300	0	0.0760119718309859	0.0741209588610875	0.00189101296989848
10731	107310	0.04	0.0676204225352113	0.0667678455042591	0.000852577030952165
10732	107320	0.7	0.0707197183098591	0.0666974426653273	0.00402227564453186
10733	107330	0.03	0.0873950704225352	0.0832646511209011	0.00413041930163409
10734	107340	0.8	0.106180985915493	0.0999870653787233	0.00619392053676975
10735	107350	0.24	0.186185915492958		
10736	107360	0.33	0.206626056338028		
10737	107370	0.05	0.183752112676056		
10738	107380	0.33	0.155110563380282		
10739	107390	0.07	0.134410563380282		
10740	107400	0	0.111853521126761		
10741	107410	0.07	0.092230985915493		
10742	107420	0.01	0.0862795774647887		
10743	107430	0.54	0.0775457746478873		
10744	107440	0.07	0.0717654929577465		
10745	107450	0	0.0655035211267606		
10746	107460	0	0.0603443661971831		
10747	107470	0	0.0556605633802817		
10748	107480	0.42	0.0518197183098592		
10749	107490	0	0.049069014084507		
10750	107500	0	0.0433838028169014		
10751	107510	0	0.0460330985915493		
10752	107520	0	0.0429781690140845		
10753	107530	0	0.0414823943661972		
10754	107540	0	0.0446514084507042		
10755	107550	0	0.0444105633802817		
10756	107560	0	0.0453612676056338		
10757	107570	0	0.0460774647887324		
10758	107580	0	0.0453866197183098		
10759	107590	0	0.0477570422535211		
10760	107600	0	0.0470345070422535		
10761	107610	0	0.0492464788732394		
10762	107620	0	0.0514964788732394		
10763	107630	0.1	0.0506345070422536		
10764	107640	0	0.0516676056338028		
10765	107650	0.27	0.0501338028169014		
10766	107660	0	0.0496584507042254		
10767	107670	0.01	0.0478774647887324		
10768	107680	0.09	0.0451584507042253		
10769	107690	0	0.0415394366197183		
10770	107700	0.13	0.0401323943661972		
10771	107710	0	0.0380154929577465		
10772	107720	0.31	0.0358478873239437		
10773	107730	0.02	0.0347133802816901		
10774	107740	0.18	0.0330908450704226		
10775	107750	0.14	0.0325204225352113		
10776	107760	0	0.0314302816901408		
10777	107770	0.01	0.0303781690140845		
10778	107780	0	0.0304352112676056		
10779	107790	0.01	0.0286669014084507		
10780	107800	0	0.0286478873239437		
10781	107810	0.01	0.027012676056338		
10782	107820	0	0.0261950704225352		
10783	107830	0	0.0253964788732394		
10784	107840	0.09	0.024293661971831		
10785	107850	0	0.0239704225352113		
10786	107860	0	0.0225823943661972		
10787	107870	0	0.0226964788732394		
10788	107880	0	0.0221894366197183		
10789	107890	0	0.022037323943662		
10790	107900		0.0205098591549296		
10791	107910		0.0215683098591549		
10792	107920		0.0200978873239437		
10793	107930		0.0183232394366197		
10794	107940		0.0211943661971831		
10795	107950		0.0163964788732394		
10796	107960		0.0209028169014084		
10797	107970		0.017987323943662		
10798	107980				
10799	107990				
10800	108000				
10801	108010				
10802	108020				
10803	108030				
10804	108040				
10805	108050				
10806	108060				
10807	108070				
10808	108080				
10809	108090				
10810	108100				
10811	108110				
10812	108120				
10813	108130				
10814	108140				
10815	108150				
10816	108160				
10817	108170				
10818	108180				
10819	108190				
10820	108200				
10821	108210				
10822	108220				
10823	108230				
10824	108240				
10825	108250				
10826	108260				
10827	108270				
10828	108280				
10829	108290				
10830	108300				
10831	108310				
10832	108320				
10833	108330				
10834	108340				
10835	108350				
10836	108360				
10837	108370				
10838	108380				
10839	108390				
10840	108400				
10841	108410				
10842	108420				
10843	108430				
10844	108440				
10845	108450				
10846	108460				
10847	108470				
10848	108480				
10849	108490				
10850	108500				
10851	108510				
10852	108520				
10853	108530				
10854	108540				
10855	108550				
10856	108560				
10857	108570				
10858	108580				
10859	108590				
10860	108600				
10861	108610				
10862	108620				
10863	108630				
10864	108640				
10865	108650				
10866	108660				
10867	108670				
10868	108680				
10869	108690				
10870	108700				
10871	108710				
10872	108720				
10873	108730				
10874	108740				
10875	108750				
10876	108760				
10877	108770				
10878	108780				
10879	108790				
10880	108800				
10881	108810				
10882	108820				
10883	108830				
10884	108840				
10885	108850				
10886	108860				
10887	108870				
10888	108880				
10889	108890				
10890	108900				
10891	108910				
10892	108920				
10893	108930				
10894	108940				
10895	108950				
10896	108960				
10897	108970				
10898	108980				
10899	108990				
10900	109000				
10901	109010				
10902	109020				
10903	109030				
10904	109040				
10905	109050				
10906	109060				
10907	109070				
10908	109080				
10909	109090				
10910	109100				
10911	109110				
10912	109120				
10913	109130				
10914	109140				
10915	109150				
10916	109160				
10917	109170				
10918	109180				
10919	109190				
10920	109200				
10921	109210				
10922	109220				
10923	109230				
10924	109240				
10925	109250				
10926	109260				
10927	109270				
10928	109280				
10929	109290				
10930	109300				
10931	109310				
10932	109320				
10933	109330				
10934	109340				
10935	109350				
10936	109360				
10937	109370				
10938	109380				
10939	109390				
10940	109400				
10941	109410				
10942	109420				
10943	109430				
10944	109440				
10945	109450				
10946	109460				
10947	109470				
10948	109480				
10949	109490				
10950	109500				
10951	109510				
10952	109520				
10953	109530				
10954	109540				
10955	109550				
10956	109560				
10957	109570				
10958	109580				
10959	109590				
10960	109600				
10961	109610				
10962	109620				
10963	109630				
10964	109640				
10965	109650				
10966	109660				
10967	109670				
10968	109680				
10969	109690				
10970	109700				
10971	109710				
10972	109720				
10973	109730				
10974	109740				
10975	109750				
10976	109760				
10977	109770				
10978	109780				
10979	109790				
10980	109800				
10981	109810				
10982	109820				
10983	109830				
10984	109840				
10985	109850				
10986	109860				
10987	109870				
10988	109880				
10989	109890				
10990	109900				
10991	109910				
10992	109920				
10993	109930				
10994	109940				
10995	109950				
10996	109960				
10997	109970				
10998	109980				
10999	109990				
11000	110000				
11001	110010				
11002	110020				
11003	110030				
11004	110040				
11005	110050				
11006	110060				
11007	110070				
11008	110080				
11009	110090				
11010	110100				
11011	110110				
11012	110120				
11013	110130				
11014	110140				
11015	110150				
11016	110160				
11017	110170				
11018	110180				
11019	110190				
11020	110200				
11021	110210				
11022	110220				
11023	110230				
11024	110240				
11025	110250				
11026	110260				
11027	110270				
11028	110280				
11029	110290				
11030	110300				
11031	110310				
11032	110320				
11033	110330				
11034	110340				
11035	110350				
11036	110360				
11037	110370				
11038	110380				
11039	110390				
11040	110400				
11041	110410				
11042	110420				
11043	110430				
11044	110440				
11045	110450				
11046	110460				
11047	110470				
11048	110480				
11049	110490				
11050	110500				
11051	110510				
11052	110520				
11053	110530				
11054	110540				
11055	110550				
11056	110560				
11057	110570				
11058	110580				
11059	110590				
11060	110600				
11061	110610				
11062	110620				
11063	110630				
11064	110640				
11065	110650				
11066	110660				
11067	110670				
11068	110680				
11069	110690				
11070	110700				
11071	110710				
11072	110720				
11073	110730				
11074	110740				
11075	110750				
11076	110760				
11077	110770				
11078	110780				
11079	110790				
11080	110800				
11081	110810				
11082	110820				
11083	110830				
11084	110840				
11085	110850				
11086	110860				
11087	110870				
11088	110880				
11089	110890				
11090	110900				
11091	110910				
11092	110920				
11093	110930				
11094	110940				
11095	110950				
11096	110960				
11097	110970				
11098	110980				
11099	110990				
11100	111000				
11101	111010				
11102	111020				
11103	111030				
11104	111040				
11105	111050				
11106	111060				
11107	111070				
11108	111080				
11109	111090				
11110	111100				
11111	111110				
11112	111120				
11113	111130				
11114	111140				
11115	111150				
11116	111160				
11117	111170				
11118	111180				
11119	111190				
11120	111200				
11121	111210				
11122	111220				
11123	111230				
11124	111240				
11125	111250				
11126	111260				
11127	111270				
11128	111280				
11129	111290				
11130	111300				
11131	111310				
11132	111320				
11133	111330				
11134	111340				
11135	111350				
11136	111360				
11137	111370				
11138	111380				
11139	111390				
11140	111400				
11141	111410				
11142	111420				
11143	111430				
11144	111440				
11145	111450				
11146	111460				
11147	111470				
11148	111480				
11149	111490				
11150	111500				
11151	111510				
11152	111520				
11153	111530				
11154	111540				
11155	111550				
11156	111560				
11157	111570				
11158	111580				
11159	111590				
11160	111600				
11161	111610				
11162	111620				
11163	111630				
11164	111640				
11165	111650				
11166	111660				
11167	111670				
11168	111680				
11169	111690				
11170	111700				
11171	111710				
11172	111720				
11173	111730				
11174	111740				
11175	111750				
11176	111760				
11177	111770				
11178	111780				
11179	111790				
11180	111800				
11181	111810				
11182	111820				
11183	111830				
11184	111840				
11185	111850				
11186	111860				
11187	111870				
11188	111880				
11189	111890				
11190	111900				
11191	111910				
11192	111920				
11193	111930				
11194	111940				
11195	111950				
11196	111960				
11197	111970				
11198	111980				
11199	111990				
11200	112000				
11201	112010				
11202	112020				
11203	112030				
11204	112040				
11205	112050				
11206	112060				
11207	112070				
11208	112080				
11209	112090				
11210	112100				
11211	112110				
11212	112120				
11213	112130				
11214	112140				
11215	112150				
11216	112160				
11217	112170				
11218	112180				
11219	112190				
11220	112200				
11221	112210				
11222	112220				
11223	112230				
11224	112240				
11225	112250				
11226	112260				
11227	112270				
11228	112280				
11229	112290				
11230	112300				
11231	112310				
11232	112320				
11233	112330				
11234	112340				
11235	112350				
11236	112360				
11237	112370				
11238	112380				
11239	112390				
11240	112400				
11241	112410				
11242	112420				
11243	112430				
11244	112440				
11245	112450				
11246	112460				
11247	112470				
11248	112480				
11249	112490				
11250	112500				
11251	112510				
11252	112520				
11253	112530				
11254	112540				
11255	112550				
11256	112560				
11257	112570				
11258	112580				
11259	112590				
11260	112600				
11261	112610				
11262	112620				
11263	112630				
11264	112640				
11265	112650				
11266	112660				
11267	112670				
11268	112680				
11269	112690				
11270	112700				
11271	112710				
11272	112720				
11273	112730				
11274	112740				
11275	112750				
11276	112760				
11277	112770				
11278	112780				
11279	112790				
11280	112800				
11281	112810				
11282	112820				
11283	112830				
11284	112840				
11285	112850				
11286	112860				
11287	112870				
11288	112880				
11289	112890				
11290	112900				
11291	112910				
11292	112920				
11293	112930				
11294	112940				
11295	112950				
11296	112960				
11297	112970				
11298	112980				
11299	112990				
11300	113000				
11301	113010				
11302	113020				
11303	113030				
11304	113040				
11305	113050				
11306	113060				
11307	113070				
11308	113080				
11309	113090				
11310	113100				
11311	113110				
11312	113120				
11313	113130				
11314	113140				
11315	113150				
11316	113160				
11317	113170				
11318	113180				
11319	113190				
11320	113200				
11321	113210				
11322	113220				
11323	113230				
11324	113240				
11325	113250				
11326	113260				
11327	113270				
11328	113280				
11329	113290				
11330	113300				
11331	113310				
11332	113320				
11333	113330				
11334	113340				
11335	113350				
11336	113360				
11337	113370				
11338	113380				
11339	113390				
11340	113400				
11341	113410				
11342	113420				
11343	113430				
11344	113440				
11345	113450				
11346	113460				
11347	113470				
11348	113480				
11349	113490				
11350	113500				
11351	113510				
11352	113520				
11353	113530				
11354	113540				
11355	113550		0.048124647887324		
11356	113560		0.0867929577464789		
11357	113570		0.156498591549296		
11358	113580		0.279931690140845		
11359	113590		0.377264788732394		
11360	113600		0.389199295774648		
11361	113610		0.364322535211268		
11362	113620		0.393762676056338		
11363	113630		0.347178169014085		
11364	113640		0.276635915492958		
11365	113650		0.216050704225352		
11366	113660		0.16341338028169		
11367	113670		0.11674647887324		
11368	113680		0.0873316901408451		
11369	113690		0.0736035211267606		
11370	113700		0.0657887323943662		
11371	113710		0.0572514084507042		
11372	113720		0.0464957746478873		
11373	113730		0.0462739436619718		
11374	113740		0.0527007042253521		
11375	113750		0.0872683098591549		
11376	113760		0.10857676056338		
11377	113770		0.197860563380282		
11378	113780		0.212203521126761		
11379	113790		0.210479577464789		
11380	113800		0.271426056338028		
11381	113810		0.316508450704225		
11382	113820	0	0.360957042253521		
11383	113830	0	0.327340140845071		
11384	113840	0.01	0.265721830985916		
11385	113850	0.16	0.225044366197183		
11386	113860	0.29	0.203431690140845		
11387	113870	0.19	0.202385915492958		
11388	113880	0.35	0.190723943661972		
11389	113890	0.24	0.189221830985916		
11390	113900	0	0.19838661971831		
11391	113910	0	0.196282394366197		
11392	113920	0	0.190400704225352		
11393	113930	0	0.182218309859155		
11394	113940	0	0.194254225352113		
11395	113950	0	0.193569718309859		
11396	113960	0	0.145102816901408		
11397	113970	0	0.132090845070422		
11398	113980	0	0.127838028169014		
11399	113990	0	0.122995774647887		
11400	114000	0	0.0984359154929577		
11401	114010	0	0.0871415492957747		
11402	114020	0	0.0855316901408451		
11403	114030	0	0.0766457746478873		
11404	114040	0	0.0789781690140845		
11405	114050	0.01	0.0717401408450704		
11406	114060	0.01	0.0586014084507042		
11407	114070	0	0.0487204225352113		
11408	114080	0.04	0.0397204225352113		
11409	114090	0	0.0378950704225352		
11410	114100	0.05	0.0327929577464789		
11411	114110	0	0.0314049295774648		
11412	114120	0	0.0296619718309859		
11413	114130	0.07	0.0279950704225352		
11414	114140	0.65	0.0304985915492958		
11415	114150	0.24	0.0392070422535211		
11416	114160	0.01	0.0455830985915493		
11417	114170	0.12	0.044537323943662		
11418	114180	0	0.044524647887324		
11419	114190	0	0.0642169014084507		
11420	114200	0.06	0.0714169014084507		
11421	114210	0.07	0.106852816901408		
11422	114220	0.16	0.120105633802817		
11423	114230	0.53	0.114344366197183		
11424	114240	0.01	0.0934478873239437		
11425	114250	0.11	0.0814119718309859		
11426	114260	0.04	0.089537323943662		
11427	114270	0.69	0.073780985915493		
11428	114280	0	0.0971492957746479		
11429	114290	0	0.117830281690141		
11430	114300	0	0.165682394366197		
11431	114310	0	0.278201408450704		
11432	114320	0.04	0.278752816901409		
11433	114330	0.53	0.299598591549296		
11434	114340	0.71	0.299199295774648		
11435	114350	0.12	0.30741338028169		
11436	114360	0.05	0.2916		
11437	114370	0	0.247924647887324		
11438	114380	0	0.211037323943662		
11439	114390	0.44	0.181400704225352		
11440	114400	0.06	0.219283098591549		
11441	114410	0	0.231997183098592		
11442	114420	0	0.201162676056338		
11443	114430	0	0.171785915492958		
11444	114440	0	0.138194366197183		
11445	114450	0	0.130512676056338		
11446	114460	0	0.119300704225352		
11447	114470	0.13	0.109831690140845		
11448	114480	0.24	0.0925859154929578		
11449	114490	0.04	0.0792950704225352		
11450	114500	0.28	0.0771464788732395		
11451	114510	0.52	0.0836619718309859		
11452	114520	0.46	0.14631338028169		
11453	114530	0.91	0.211804225352113		
11454	114540	1.13	0.257495070422535		
11455	114550	0.01	0.246568309859155		
11456	114560	0.21	0.218788732394366		
11457	114570	0	0.293666197183099		
11458	114580	0	0.293184507042254		
11459	114590	0	0.257431690140845		
11460	114600	0	0.212773943661972		
11461	114610	0	0.170328169014084		
11462	114620	0	0.139525352112676		
11463	114630	0	0.102809154929577		
11464	114640	0.03	0.0887957746478873		
11465	114650	0	0.0900887323943662		
11466	114660	0.27	0.0808225352112676		
11467	114670	0.58	0.105978169014085		
11468	114680	0.45	0.176818309859155		
11469	114690	0	0.200332394366197		
11470	114700	0.01	0.176564788732394		
11471	114710	0	0.157791549295775		
11472	114720	0.02	0.122045070422535		
11473	114730	0	0.0956281690140845		
11474	114740	0	0.291802816901408		
11475	114750	0	0.270583098591549		
11476	114760	0	0.212983098591549		
11477	114770	0	0.168008450704225		
11478	114780	0	0.130411267605634		
11479	114790	0	0.0992281690140844		
11480	114800	0	0.0799605633802817		
11481	114810	0	0.0704028169014084		
11482	114820	0	0.0602619718309859		
11483	114830	0	0.0528338028169014		
11484	114840	0	0.0477887323943662		
11485	114850	0	0.043656338028169		
11486	114860	0	0.0422619718309859		
11487	114870	0	0.0394478873239437		
11488	114880	0	0.0362535211267606		
11489	114890	0	0.0338957746478873		
11490	114900	0	0.031487323943662		
11491	114910	0	0.0302197183098592		
11492	114920	1.08	0.0298140845070423		
11493	114930	1.15	0.0737239436619718		
11494	114940	0.08	0.112614084507042		
11495	114950	0.12	0.111549295774648		
11496	114960	0	0.106935211267606		
11497	114970	0	0.0871352112676056		
11498	114980	0.01	0.0771971830985915		
11499	114990	0	0.0662704225352113		
11500	115000	0.81	0.0601859154929578		
11501	115010	0.52	0.0996845070422535		
11502	115020	0	0.170923943661972		
11503	115030	0	0.161645070422535		
11504	115040	0	0.128484507042254		
11505	115050	0	0.0979605633802817		
11506	115060	0	0.0790985915492958		
11507	115070	0	0.0659408450704225		
11508	115080	0	0.0575492957746479		
11509	115090	0	0.0495380281690141		
11510	115100	0	0.0438338028169014		
11511	115110	0	0.0400309859154929		
11512	115120	0.12	0.0374197183098592		
11513	115130	0.02	0.0349605633802817		
11514	115140	0	0.0326281690140845		
11515	115150	0.49	0.0317408450704225		
11516	115160	0.55	0.0376478873239437		
11517	115170	0.1	0.0858169014084507		
11518	115180	0.64	0.152594366197183		
11519	115190	0.07	0.208622535211268		
11520	115200	0.25	0.205985915492958		
11521	115210	0.15	0.199495774647887		
11522	115220	0.3	0.204211267605634		
11523	115230	0.11	0.218408450704225		
11524	115240	0	0.20892676056338		
11525	115250	0	0.187478873239437		
11526	115260	0	0.154166197183099		
11527	115270	0	0.121842253521127		
11528	115280	0	0.0926619718309859		
11529	115290	0	0.0777549295774648		
11530	115300	0	0.0666		
11531	115310	0	0.0581070422535211		
11532	115320	0	0.0520225352112676		
11533	115330	0	0.0462169014084507		
11534	115340	0	0.0421098591549296		
11535	115350	0	0.0379774647887324		
11536	115360	0	0.0343267605633803		
11537	115370	0	0.0323239436619718		
11538	115380	0	0.0292309859154929		
11539	115390	0	0.0278112676056338		
11540	115400	0	0.0262901408450705		
11541	115410	0	0.0253014084507042		
11542	115420	0.09	0.0245661971830986		
11543	115430	0.45	0.024743661971831		
11544	115440	0.05	0.0257830985915493		
11545	115450	0.19	0.028343661971831		
11546	115460	0.28	0.0330338028169014		
11547	115470	0.03	0.0372422535211268		
11548	115480	0.28	0.0410704225352113		
11549	115490	0.15	0.0480422535211267		
11550	115500	0	0.054456338028169		
11551	115510	0	0.0555718309859155	0.0749543806235827	-0.0193825496376672
11552	115520	0	0.0500704225352113	0.0687037619607368	-0.0186333394255255
11553	115530	0.06	0.0458619718309859	0.0620905248153586	-0.0162285529843726
11554	115540	0.57	0.0447211267605634		
11555	115550	0.31	0.0522253521126761		
11556	115560	0.01	0.0558253521126761		
11557	115570	0	0.0541774647887324		
11558	115580	0	0.0588676056338028		
11559	115590	0	0.0590704225352113		
11560	115600	0	0.058943661971831	0.0742603815028285	-0.0153167195309976
11561	115610	0	0.057143661971831		
11562	115620	0	0.0525042253521127	0.0588624456382085	-0.0063582202860958
11563	115630	0	0.0486760563380282	0.0530294033625656	-0.00435334702453747
11564	115640	0	0.0433014084507042	0.0443257934675141	-0.00102438501680988
11565	115650	0	0.0397521126760564	0.0410930499113883	-0.00134093723533193
11566	115660	0	0.0370394366197183	0.0367050729196597	0.000334363700058619
11567	115670	0	0.0332366197183099	0.0320548994947753	0.0011817202235346
11568	115680	0	0.0318422535211268	0.0289746209746335	0.00286763254649323
11569	115690	0.41	0.0308281690140845	0.0275592737870556	0.00326889522702893
11570	115700	1.05	0.0407154929577465	0.0494545752729605	-0.00873908231521402
11571	115710	0.27	0.11687323943662	0.0947012964059279	0.0221719430306917
11572	115720	0	0.181647887323944	0.120959167190599	0.060688720133345
11573	115730	0.01	0.173535211267606	0.123044500628425	0.050490710639181
11574	115740	0	0.150845070422535	0.114974001379934	0.0358710690426009
11575	115750	0	0.128611267605634		
11576	115760	0	0.106554929577465	0.0805472143872921	0.0260077151901729
11577	115770	0	0.0890366197183099	0.0689702576905935	0.0200663620277164
11578	115780	0	0.0782619718309859	0.0603909671795912	0.0178710046513947
11579	115790	0	0.0706816901408451	0.0551719906458594	0.0155096994949857
11580	115800	0.03	0.0652816901408451	0.050821213256842	0.014460476884003
11581	115810	0.05	0.0614535211267606	0.0480998600532328	0.0133536610735278
11582	115820	0	0.0646225352112676		
11583	115830	0	0.0608957746478873	0.045091038703506	0.0158047359443814
11584	115840	0	0.0585380281690141	0.0403904970829271	0.018147531086087
11585	115850	0.1	0.0552929577464789	0.0366328620942579	0.018660095652221
11586	115860	0	0.0536957746478873	0.0372644577893494	0.0164313168585379
11587	115870	0.08	0.0541014084507042		
11588	115880	0.01	0.053543661971831		
11589	115890	0	0.0527830985915493		
11590	115900	0	0.0501971830985915	0.035577128357917	0.0146200547406745
11591	115910	0	0.0481183098591549	0.0220626769151728	0.0260556329439821
11592	115920	0	0.0462676056338028	0.0175402571835797	0.0287273484502231
11593	115930	0.08	0.0433014084507042	0.0170801065037866	0.0262213019469176
11594	115940	0.21	0.0424140845070422	0.0210045362951929	0.0214095482118493
11595	115950	0.33	0.0431239436619718	0.0320183012707412	0.0111056423912306
11596	115960	0.22	0.0445943661971831	0.0481854850333694	-0.00359111883618631
11597	115970	0.21	0.0465718309859155	0.0623246275164653	-0.0157527965305498
11598	115980	0.41	0.051743661971831	0.075802834556595	-0.0240591725847641
11599	115990	0.06	0.0566366197183099	0.0897439674808184	-0.0331073477625086
11600	116000	0.02	0.0597549295774648	0.0928007845740871	-0.0330458549966223
11601	116010	0.08	0.0610478873239437	0.0875583454408072	-0.0265104581168636
11602	116020	0.47	0.0636084507042254		
11603	116030	0.26	0.0826478873239437		
11604	116040	0.05	0.111194366197183		
11605	116050	0	0.116898591549296	0.105648479721389	0.0112501118279071
11606	116060	0	0.107442253521127	0.0977650364556853	0.00967721706544154
11607	116070	0	0.0902028169014084	0.0890504246366423	0.00115239226476611
11608	116080	0	0.0786422535211268	0.0785144817735703	0.00012777174755646
11609	116090	0.07	0.0698197183098592	0.0696265661663853	0.000193152143473901
11610	116100	0.07	0.0673605633802817	0.0647960383082394	0.00256452507204233
11611	116110	0.02	0.0646478873239436	0.063356582890984	0.00129130443295965
11612	116120	0	0.0628732394366197	0.0609228363983926	0.0019504030382271
11613	116130	0	0.0613267605633803	0.0572439663153502	0.00408279424803006
11614	116140	0	0.058943661971831	0.0525769331827403	0.00636672878909064
11615	116150	0	0.054481690140845	0.0477576077735991	0.00672408236724593
11616	116160	0	0.052630985915493		
11617	116170	0.22	0.050856338028169	0.0367487073795211	0.0141076306486479
11618	116180	0.3	0.0545070422535211		
11619	116190	0.01	0.0623661971830986		
11620	116200	0	0.0646985915492958		
11621	116210	0	0.0620366197183099		
11622	116220	0	0.0583605633802817	0.0487518797646395	0.00960868361564223
11623	116230	0.42	0.0567887323943662	0.0435482928991198	0.0132404394952464
11624	116240	0.41	0.0672591549295775		
11625	116250	0.04	0.0908619718309859		
11626	116260	0	0.0952732394366197		
11627	116270	0.04	0.0907859154929577		
11628	116280	0.02	0.0842957746478873		
11629	116290	0	0.0759549295774648		
11630	116300	0	0.0713408450704225		
11631	116310	0.01	0.0644957746478873		
11632	116320	0	0.0601605633802817		
11633	116330	0	0.0571183098591549		
11634	116340	0	0.0530619718309859		
11635	116350	0.05	0.050830985915493		
11636	116360	0.16	0.0494366197183099		
11637	116370	0.01	0.0494366197183099		
11638	116380	0	0.0493669014084507		
11639	116390	0	0.0478964788732394		
11640	116400	0	0.0473323943661972		
11641	116410	0.01	0.0461704225352113		
11642	116420	0	0.0445056338028169		
11643	116430	0.29	0.0425535211267605		
11644	116440	0	0.044537323943662		
11645	116450	0	0.0438845070422535		
11646	116460	0	0.0432380281690141		
11647	116470	0.08	0.0461471830985915		
11648	116480	0.33	0.0493669014084507		
11649	116490	0.29	0.0692112676056338		
11650	116500	0.08	0.0888464788732394		
11651	116510	0	0.094480985915493		
11652	116520	0	0.0950197183098592		
11653	116530		0.0888718309859155		
11654	116540		0.0867232394366197		
11655	116550		0.0771654929577465		
11656	116560		0.0696232394366197		
11657	116570		0.0617387323943662		
11658	116580		0.0583922535211267		
11659	116590		0.0533725352112676		
11660	116600		0.0487330985915493		
11661	116610		0.0473260563380282		
11662	116620		0.044074647887324		
11663	116630		0.0458176056338028		
11664	116640		0.0411211267605634		
11665	116650		0.0394922535211268		
11666	116660		0.0405570422535211		
11667	116670		0.036893661971831		
11668	116680		0.0361774647887324		
11669	116690		0.0308978873239437		
11670	116700		0.0389598591549296		
11671	116710		0.0333253521126761		
11672	116720		0.0341429577464789		
11673	116730		0.0431239436619718		
11674	116740		0.0550140845070423		
11675	116750		0.0718352112676057		
11676	116760		0.0855570422535211		
11677	116770		0.0885992957746479		
11678	116780		0.081012676056338		
11679	116790		0.0747823943661972		
11680	116800		0.0663274647887324		
11681	116810				
11682	116820				
11683	116830				
11684	116840				
11685	116850				
11686	116860				
11687	116870				
11688	116880				
11689	116890				
11690	116900				
11691	116910				
11692	116920				
11693	116930				
11694	116940				
11695	116950				
11696	116960				
11697	116970				
11698	116980				
11699	116990				
11700	117000				
11701	117010				
11702	117020				
11703	117030				
11704	117040				
11705	117050				
11706	117060				
11707	117070				
11708	117080				
11709	117090				
11710	117100				
11711	117110				
11712	117120				
11713	117130				
11714	117140				
11715	117150				
11716	117160				
11717	117170				
11718	117180				
11719	117190				
11720	117200				
11721	117210				
11722	117220				
11723	117230				
11724	117240				
11725	117250				
11726	117260				
11727	117270				
11728	117280				
11729	117290				
11730	117300				
11731	117310				
11732	117320				
11733	117330				
11734	117340				
11735	117350				
11736	117360				
11737	117370				
11738	117380				
11739	117390				
11740	117400				
11741	117410				
11742	117420				
11743	117430				
11744	117440				
11745	117450				
11746	117460				
11747	117470				
11748	117480				
11749	117490				
11750	117500				
11751	117510				
11752	117520				
11753	117530				
11754	117540				
11755	117550				
11756	117560				
11757	117570				
11758	117580				
11759	117590				
11760	117600				
11761	117610				
11762	117620				
11763	117630				
11764	117640				
11765	117650				
11766	117660				
11767	117670				
11768	117680				
11769	117690				
11770	117700				
11771	117710				
11772	117720				
11773	117730				
11774	117740				
11775	117750				
11776	117760				
11777	117770				
11778	117780				
11779	117790				
11780	117800				
11781	117810				
11782	117820				
11783	117830				
11784	117840				
11785	117850				
11786	117860				
11787	117870				
11788	117880				
11789	117890				
11790	117900				
11791	117910				
11792	117920				
11793	117930				
11794	117940				
11795	117950				
11796	117960				
11797	117970				
11798	117980				
11799	117990				
11800	118000				
11801	118010				
11802	118020				
11803	118030				
11804	118040				
11805	118050				
11806	118060				
11807	118070				
11808	118080				
11809	118090				
11810	118100				
11811	118110				
11812	118120				
11813	118130				
11814	118140				
11815	118150				
11816	118160				
11817	118170				
11818	118180				
11819	118190				
11820	118200				
11821	118210				
11822	118220				
11823	118230				
11824	118240				
11825	118250				
11826	118260				
11827	118270				
11828	118280				
11829	118290				
11830	118300				
11831	118310				
11832	118320				
11833	118330				
11834	118340				
11835	118350				
11836	118360				
11837	118370				
11838	118380				
11839	118390				
11840	118400				
11841	118410				
11842	118420				
11843	118430				
11844	118440				
11845	118450				
11846	118460				
11847	118470				
11848	118480				
11849	118490				
11850	118500				
11851	118510				
11852	118520				
11853	118530				
11854	118540				
11855	118550				
11856	118560				
11857	118570				
11858	118580				
11859	118590				
11860	118600				
11861	118610				
11862	118620				
11863	118630				
11864	118640				
11865	118650				
11866	118660				
11867	118670				
11868	118680				
11869	118690				
11870	118700				
11871	118710				
11872	118720				
11873	118730				
11874	118740				
11875	118750				
11876	118760				
11877	118770				
11878	118780				
11879	118790				
11880	118800				
11881	118810				
11882	118820				
11883	118830				
11884	118840				
11885	118850				
11886	118860				
11887	118870				
11888	118880				
11889	118890				
11890	118900				
11891	118910				
11892	118920				
11893	118930				
11894	118940				
11895	118950				
11896	118960				
11897	118970				
11898	118980				
11899	118990				
11900	119000				
11901	119010				
11902	119020				
11903	119030				
11904	119040				
11905	119050				
11906	119060				
11907	119070				
11908	119080				
11909	119090				
11910	119100				
11911	119110				
11912	119120				
11913	119130				
11914	119140				
11915	119150				
11916	119160				
11917	119170				
11918	119180				
11919	119190				
11920	119200				
11921	119210				
11922	119220				
11923	119230				
11924	119240				
11925	119250				
11926	119260				
11927	119270				
11928	119280				
11929	119290				
11930	119300				
11931	119310				
11932	119320				
11933	119330				
11934	119340				
11935	119350				
11936	119360				
11937	119370				
11938	119380				
11939	119390				
11940	119400				
11941	119410				
11942	119420				
11943	119430				
11944	119440				
11945	119450				
11946	119460				
11947	119470				
11948	119480				
11949	119490				
11950	119500				
11951	119510				
11952	119520				
11953	119530				
11954	119540				
11955	119550				
11956	119560				
11957	119570				
11958	119580				
11959	119590				
11960	119600				
11961	119610				
11962	119620				
11963	119630				
11964	119640				
11965	119650				
11966	119660				
11967	119670				
11968	119680				
11969	119690				
11970	119700				
11971	119710				
11972	119720				
11973	119730				
11974	119740				
11975	119750				
11976	119760				
11977	119770				
11978	119780				
11979	119790				
11980	119800				
11981	119810				
11982	119820				
11983	119830				
11984	119840				
11985	119850				
11986	119860				
11987	119870				
11988	119880				
11989	119890				
11990	119900				
11991	119910				
11992	119920				
11993	119930				
11994	119940				
11995	119950				
11996	119960				
11997	119970				
11998	119980				
11999	119990				
12000	120000				
12001	120010				
12002	120020				
12003	120030				
12004	120040				
12005	120050				
12006	120060				
12007	120070				
12008	120080				
12009	120090				
12010	120100				
12011	120110				
12012	120120				
12013	120130				
12014	120140				
12015	120150				
12016	120160				
12017	120170				
12018	120180				
12019	120190				
12020	120200				
12021	120210				
12022	120220				
12023	120230				
12024	120240				
12025	120250				
12026	120260				
12027	120270				
12028	120280				
12029	120290				
12030	120300				
12031	120310				
12032	120320				
12033	120330				
12034	120340				
12035	120350				
12036	120360				
12037	120370				
12038	120380				
12039	120390				
12040	120400				
12041	120410				
12042	120420				
12043	120430				
12044	120440				
12045	120450				
12046	120460				
12047	120470				
12048	120480				
12049	120490				
12050	120500				
12051	120510				
12052	120520				
12053	120530				
12054	120540				
12055	120550				
12056	120560				
12057	120570				
12058	120580				
12059	120590				
12060	120600				
12061	120610				
12062	120620				
12063	120630				
12064	120640				
12065	120650				
12066	120660				
12067	120670				
12068	120680				
12069	120690				
12070	120700				
12071	120710				
12072	120720				
12073	120730				
12074	120740				
12075	120750				
12076	120760				
12077	120770				
12078	120780				
12079	120790				
12080	120800				
12081	120810				
12082	120820				
12083	120830				
12084	120840				
12085	120850				
12086	120860				
12087	120870				
12088	120880				
12089	120890				
12090	120900				
12091	120910				
12092	120920				
12093	120930				
12094	120940				
12095	120950				
12096	120960				
12097	120970				
12098	120980				
12099	120990				
12100	121000				
12101	121010				
12102	121020				
12103	121030				
12104	121040				
12105	121050				
12106	121060				
12107	121070				
12108	121080				
12109	121090				
12110	121100				
12111	121110				
12112	121120				
12113	121130				
12114	121140				
12115	121150				
12116	121160				
12117	121170				
12118	121180				
12119	121190				
12120	121200				
12121	121210				
12122	121220				
12123	121230				
12124	121240				
12125	121250				
12126	121260				
12127	121270				
12128	121280				
12129	121290				
12130	121300				
12131	121310				
12132	121320				
12133	121330				
12134	121340				
12135	121350				
12136	121360				
12137	121370				
12138	121380				
12139	121390				
12140	121400				
12141	121410				
12142	121420				
12143	121430				
12144	121440				
12145	121450				
12146	121460				
12147	121470				
12148	121480				
12149	121490				
12150	121500				
12151	121510				
12152	121520				
12153	121530				
12154	121540				
12155	121550				
12156	121560				
12157	121570				
12158	121580				
12159	121590				
12160	121600				
12161	121610				
12162	121620				
12163	121630				
12164	121640				
12165	121650				
12166	121660				
12167	121670				
12168	121680				
12169	121690				
12170	121700				
12171	121710				
12172	121720				
12173	121730				
12174	121740				
12175	121750				
12176	121760				
12177	121770				
12178	121780				
12179	121790				
12180	121800				
12181	121810				
12182	121820				
12183	121830				
12184	121840				
12185	121850				
12186	121860				
12187	121870				
12188	121880				
12189	121890				
12190	121900				
12191	121910				
12192	121920				
12193	121930				
12194	121940				
12195	121950				
12196	121960				
12197	121970				
12198	121980				
12199	121990				
12200	122000				
12201	122010				
12202	122020				
12203	122030				
12204	122040				
12205	122050				
12206	122060				
12207	122070				
12208	122080				
12209	122090				
12210	122100				
12211	122110				
12212	122120				
12213	122130				
12214	122140				
12215	122150				
12216	122160				
12217	122170				
12218	122180				
12219	122190				
12220	122200				
12221	122210				
12222	122220				
12223	122230				
12224	122240				
12225	122250				
12226	122260				
12227	122270				
12228	122280				
12229	122290				
12230	122300				
12231	122310				
12232	122320				
12233	122330				
12234	122340				
12235	122350				
12236	122360				
12237	122370				
12238	122380				
12239	122390				
12240	122400				
12241	122410	0			
12242	122420	0			
12243	122430	0			
12244	122440	0			
12245	122450	0	0		
12246	122460	0	0.0109267605633803		
12247	122470	0	0.023856338028169		
12248	122480	0.12	0.0283183098591549		
12249	122490	0.01	0.0503683098591549		
12250	122500	0	0.0746176056338028		
12251	122510	0	0.0824387323943662		
12252	122520	0	0.0800049295774648		
12253	122530	0	0.0792633802816901		
12254	122540	0	0.0824197183098592		
12255	122550	0	0.0870338028169014		
12256	122560	0	0.0904816901408451		
12257	122570	0	0.0979795774647888		
12258	122580	0	0.108247183098591		
12259	122590	0	0.132711971830986		
12260	122600	0	0.198602112676056		
12261	122610	0.43	0.259624647887324		
12262	122620	0.01	0.27237676056338		
12263	122630	0	0.314131690140845		
12264	122640	0.26	0.280806338028169		
12265	122650	0.35	0.230235211267606		
12266	122660	0	0.22165985915493		
12267	122670	0	0.207133098591549		
12268	122680	0	0.17620985915493		
12269	122690	0			
12270	122700	0			
12271	122710	0			
12272	122720	0			
12273	122730	0			
12274	122740	0.01			
12275	122750	0			
12276	122760	0.07			
12277	122770	0.08			
12278	122780	0			
12279	122790	0			
12280	122800	0			
12281	122810	0			
12282	122820	0			
12283	122830	0			
12284	122840	0			
12285	122850	0			
12286	122860	0			
12287	122870	0			
12288	122880	0			
12289	122890	0			
12290	122900	0			
12291	122910	0	0.212045070422535		
12292	122920	0	0.212444366197183		
12293	122930	0	0.175005633802817		
12294	122940	0	0.15383661971831		
12295	122950	0	0.144500704225352		
12296	122960	0	0.113767605633803		
12297	122970	0	0.142669014084507		
12298	122980	0	0.128192957746479		
12299	122990	0	0.145216901408451		
12300	123000	0	0.142599295774648		
12301	123010	0	0.110199295774648		
12302	123020	0	0.10009014084507		
12303	123030	0.02	0.086387323943662		
12304	123040	0	0.0887197183098591		
12305	123050	0	0.0796943661971831		
12306	123060	0	0.0846633802816901		
12307	123070	0	0.0862288732394366		
12308	123080	0	0.0664098591549296		
12309	123090	0	0.0614661971830986		
12310	123100	0	0.050393661971831		
12311	123110	0	0.0484478873239437		
12312	123120	0	0.048606338028169		
12313	123130	0	0.0441887323943662		
12314	123140	0	0.0460964788732395		
12315	123150	0	0.0429211267605634		
12316	123160	0	0.0466669014084507		
12317	123170	0	0.0394795774647887		
12318	123180	0	0.0334330985915493		
12319	123190	0.02	0.0322732394366197		
12320	123200	0.09	0.0298774647887324		
12321	123210	0	0.0297		
12322	123220	0	0.0327676056338028		
12323	123230	0	0.0368619718309859		
12324	123240	0	0.0388521126760563		
12325	123250	0	0.0338830985915493		
12326	123260	0.02	0.0335218309859155		
12327	123270	0.17	0.0315		
12328	123280	0.01	0.0333633802816901		
12329	123290	0.01	0.0340859154929577		
12330	123300	0.06	0.0320704225352113		
12331	123310	0	0.0330464788732394		
12332	123320	0.06	0.0303845070422535		
12333	123330	0	0.0326091549295775		
12334	123340	0	0.0313922535211268		
12335	123350	0	0.028812676056338		
12336	123360	0	0.0271838028169014		
12337	123370	0	0.0250732394366197		
12338	123380	0	0.0237612676056338		
12339	123390	0	0.0224239436619718		
12340	123400	0	0.0208394366197183		
12341	123410	0	0.0199838028169014		
12342	123420	0	0.0192612676056338		
12343	123430	0	0.0186401408450704		
12344	123440	0	0.0180316901408451		
12345	123450	0	0.0176577464788732		
12346	123460	0	0.0179619718309859		
12347	123470	0	0.0175943661971831		
12348	123480	0	0.0166943661971831		
12349	123490	0.08	0.0165549295774648		
12350	123500	0	0.0164028169014084		
12351	123510	0	0.0172457746478873		
12352	123520	0	0.0167577464788733		
12353	123530	0	0.0155852112676056		
12354	123540	0.02	0.0155154929577465		
12355	123550	0	0.0152366197183099		
12356	123560	0	0.0153253521126761		
12357	123570	0.06	0.0151542253521127		
12358	123580	0.23	0.0156612676056338		
12359	123590	0	0.0182661971830986		
12360	123600	0	0.0205922535211268		
12361	123610	0.01	0.0202119718309859		
12362	123620	0.64	0.0194704225352113		
12363	123630	0.02	0.0223795774647887		
12364	123640	0	0.0272725352112676		
12365	123650	0	0.0255929577464789		
12366	123660	0	0.0233683098591549		
12367	123670	0	0.0207823943661972		
12368	123680	0	0.0194260563380282		
12369	123690	0	0.0179112676056338		
12370	123700	0	0.0162190140845071		
12371	123710	0	0.0156105633802817		
12372	123720	0	0.0145457746478873		
12373	123730	0	0.0140767605633803		
12374	123740	0	0.0137091549295775		
12375	123750	0	0.0128598591549296		
12376	123760	0.01	0.0125302816901409		
12377	123770	0.03	0.0119281690140845		
12378	123780	0	0.011712676056338		
12379	123790	0	0.0113894366197183		
12380	123800	0.42	0.0114274647887324		
12381	123810	0	0.0116366197183099		
12382	123820	0	0.0109077464788732		
12383	123830	0	0.0109901408450704		
12384	123840	0	0.0107112676056338		
12385	123850	0	0.0106732394366197		
12386	123860	0.24	0.0426295774647887		
12387	123870	0	0.0518514084507042		
12388	123880	0	0.0486380281690141		
12389	123890	0.11	0.040030985915493		
12390	123900	0.68	0.0387380281690141		
12391	123910	0	0.122564788732395		
12392	123920	0	0.140171830985916		
12393	123930	0	0.108823943661972		
12394	123940	0	0.0837887323943662		
12395	123950	0.05	0.0653260563380282		
12396	123960	0.01	0.0527577464788732		
12397	123970	0.15	0.0465464788732394		
12398	123980	0.1	0.0563894366197183		
12399	123990	1.14	0.0578281690140845		
12400	124000	0.44	0.139341549295775		
12401	124010	0.08	0.200243661971831		
12402	124020	0	0.195978169014085		
12403	124030	0.05	0.169288732394366		
12404	124040	0.36	0.140431690140845		
12405	124050	0.83	0.151206338028169		
12406	124060	0.21	0.22268661971831		
12407	124070	0.54	0.240718309859155		
12408	124080	0.61	0.253457746478873		
12409	124090	0.49	0.264612676056338		
12410	124100	0.08	0.293495070422535		
12411	124110	0	0.267071830985916		
12412	124120	0	0.225380281690141		
12413	124130	0.18	0.19433661971831		
12414	124140	0	0.168103521126761		
12415	124150	0	0.139652112676056		
12416	124160	0	0.111644366197183		
12417	124170	0	0.0910077464788733		
12418	124180	0	0.0764112676056338		
12419	124190	0	0.063880985915493		
12420	124200	0	0.0544753521126761		
12421	124210	0.02	0.0482514084507043		
12422	124220	0.84	0.0928077464788732		
12423	124230	0.31	0.143252112676056		
12424	124240	0	0.134714788732395		
12425	124250	0	0.110307042253521		
12426	124260	0	0.0918823943661972		
12427	124270	0	0.0762084507042254	0.0923938834919597	-0.0161854327877343
12428	124280	0	0.0645464788732394	0.0759168025662948	-0.0113703236930554
12429	124290	0	0.0552169014084507	0.0596059010753901	-0.00438899966693936
12430	124300	0	0.0491894366197183	0.047594014167721	0.00159542245199735
12431	124310	0.36	0.0451774647887324	0.0469732034234698	-0.00179573863473741
12432	124320	0.02	0.045906338028169	0.0560327420562164	-0.0101264040280474
12433	124330	0.53	0.0454753521126761	0.065126841603376	-0.0196514894906999
12434	124340	0.91	0.065668309859155	0.0886088111212796	-0.0229405012621246
12435	124350	0	0.123997183098592	0.125042593829935	-0.00104541073134366
12436	124360	0	0.128465492957747	0.133811486921748	-0.00534599396400165
12437	124370	0	0.106542253521127	0.125391090364935	-0.0188488368438086
12438	124380	0.59	0.0935429577464789	0.120019928003936	-0.0264769702574567
12439	124390	0.13	0.175474647887324	0.129624384237672	0.0458502636496518
12440	124400	0	0.258369718309859	0.132664997034393	0.125704721275467
12441	124410	0	0.232035211267606	0.123821235771391	0.108213975496214
12442	124420	0	0.196111267605634	0.112814465097223	0.0832968025084113
12443	124430	0.06	0.164604929577465	0.0943406444851075	0.0702642850923573
12444	124440	0.01	0.145907746478873	0.0834137130986449	0.0624940333802282
12445	124450	0	0.129162676056338	0.0751957057739489	0.0539669702823891
12446	124460	0	0.104742253521127	0.067885082030941	0.0368571714901858
12447	124470	0	0.0917683098591549	0.0623618536473167	0.0294064562118382
12448	124480	0	0.0776978873239437	0.0563687867429935	0.0213291005809502
12449	124490	0.01	0.0682478873239437	0.0506423518740898	0.0176055354498538
12450	124500	0	0.0618147887323944	0.0478891470839401	0.0139256416484543
12451	124510	0.07	0.0561422535211268	0.0487965697277304	0.0073456837933964
12452	124520	0	0.0520288732394366	0.0447137439265144	0.00731512931292218
12453	124530	0	0.0464640845070423	0.0421076442302983	0.00435644027674401
12454	124540	0	0.0430035211267606	0.0326897953784386	0.010313725748322
12455	124550	0.59	0.0418119718309859	0.0294678380039702	0.0123441338270157
12456	124560	0.23	0.0485049295774648		
12457	124570	0.32	0.058487323943662		
12458	124580	0.01	0.0761704225352113		
12459	124590	0.47	0.0861591549295775		
12460	124600	0.07	0.0965598591549296		
12461	124610	0.03	0.110085211267606		
12462	124620	0.2	0.111878873239437		
12463	124630	0.21	0.114851408450704		
12464	124640	0	0.107524647887324	0.0947825672705472	0.0127420806167768
12465	124650	0	0.0948612676056338		
12466	124660	0.04	0.0847267605633803	0.0821359185451413	0.00259084201823905
12467	124670	0.37	0.0788007042253521	0.0793763734011486	-0.000575669175796489
12468	124680	0.16	0.0948929577464788	0.0878246760047979	0.00706828174168089
12469	124690	0.18	0.120669718309859	0.0938355159933095	0.0268342023165497
12470	124700	0.09	0.132274647887324		
12471	124710	0.12	0.127343661971831	0.0962445404667025	0.0310991215051284
12472	124720	0.31	0.132902112676056		
12473	124730	0.19	0.150084507042254		
12474	124740	0	0.154704929577465	0.109241591025216	0.0454633385522487
12475	124750	0.02	0.144006338028169		
12476	124760	0	0.128224647887324	0.0913615060968416	0.0368631417904823
12477	124770	0	0.109527464788732		
12478	124780	0.01	0.0952669014084507	0.0690447869156678	0.0262221144927829
12479	124790	0	0.0845112676056338	0.0621752659808112	0.0223360016248226
12480	124800	0.07	0.0741802816901409		
12481	124810	0.56	0.0684760563380282	0.0566861905856648	0.0117898657523633
12482	124820	0.04	0.0679753521126761		
12483	124830	0.04	0.0684823943661972	0.0772310054634297	-0.00874861109723256
12484	124840	0.04	0.0721077464788732		
12485	124850	0.07	0.0774633802816902		
12486	124860	0.26	0.0821725352112676		
12487	124870	0	0.0901267605633803		
12488	124880	0.33	0.089080985915493		
12489	124890	0	0.0949183098591549		
12490	124900	0.23	0.0966676056338028		
12491	124910	0.08	0.0973077464788732		
12492	124920	0	0.0987845070422534		
12493	124930	0.52	0.096756338028169		
12494	124940	0	0.0889605633802817		
12495	124950	0.31	0.0806387323943662		
12496	124960	0.14	0.0747443661971831		
12497	124970	0.01	0.0684950704225352		
12498	124980	0.54	0.0644197183098592		
12499	124990	0	0.0597232394366197		
12500	125000	0.56	0.0555845070422535		
12501	125010	0	0.0522190140845071		
12502	125020	0.14	0.0484352112676056		
12503	125030	0	0.0498929577464789		
12504	125040	0.01	0.0606739436619718		
12505	125050	0.01	0.0676457746478873		
12506	125060	0	0.110028169014085		
12507	125070	0	0.120980281690141		
12508	125080	0	0.132407746478873		
12509	125090	0	0.12844647887324		
12510	125100	0	0.118711267605634		
12511	125110	0	0.133314084507042		
12512	125120	0	0.122621830985916		
12513	125130	0	0.131444366197183		
12514	125140	0.3	0.131824647887324		
12515	125150	0	0.156181690140845		
12516	125160	0	0.195997183098592		
12517	125170	0.05	0.212824647887324		
12518	125180	0.1	0.218097887323944		
12519	125190	0.13	0.20423661971831		
12520	125200	0.01	0.192390845070423		
12521	125210	0.04	0.178250704225352		
12522	125220	0	0.156745774647887		
12523	125230	0	0.132800704225352		
12524	125240	0	0.108012676056338		
12525	125250	0	0.0943415492957746		
12526	125260	0.37	0.0837760563380282		
12527	125270	0.02	0.0802647887323943		
12528	125280	0	0.0757394366197183		
12529	125290	0	0.0687359154929578		
12530	125300	0	0.0617957746478873		
12531	125310	0	0.0564654929577465		
12532	125320	0	0.0522633802816902		
12533	125330	0	0.0510147887323944		
12534	125340	0	0.0489802816901408		
12535	125350	0	0.0460457746478873		
12536	125360	0	0.0435929577464789		
12537	125370	0	0.0409119718309859		
12538	125380	0	0.0384084507042254		
12539	125390	0	0.0366654929577465		
12540	125400	0	0.0345232394366197		
12541	125410	0	0.0330464788732394		
12542	125420	0	0.0313732394366197		
12543	125430	0	0.0300992957746479		
12544	125440	0.05	0.0288950704225352		
12545	125450	0	0.0284197183098592		
12546	125460	0.48	0.0279316901408451		
12547	125470	0	0.0275387323943662		
12548	125480		0.0267528169014085		
12549	125490		0.0260112676056338		
12550	125500		0.0247943661971831		
12551	125510		0.0245028169014085		
12552	125520		0.0235711267605634		
12553	125530		0.0217774647887324		
12554	125540		0.0229119718309859		
12555	125550		0.0205288732394366		
12556	125560		0.0208964788732394		
12557	125570		0.0179556338028169		
12558	125580		0.0196669014084507		
12559	125590		0.0191281690140845		
