timestep	time	weight	P	Q	Qfitted	Qresidual
23	230	0	0.125	0.928457746478873	0.0180569121314507	0.910400834347423
24	240	0	0	0.792348591549296	0.0202981944152357	0.77205039713406
25	250	0	0.1	0.70084647887324	0.0219445256296891	0.67890195324355
26	260	0	0.05	0.654040140845071	0.0251143502173633	0.628925790627707
27	270	0	0	0.431220422535211	0.0272028653419243	0.404017557193287
28	280	0	0	0.453035915492958	0.0266337373244714	0.426402178168486
29	290	0	0	0.404670422535211	0.0248573593460774	0.379813063189134
30	300	0	0	0.369880985915493	0.0196680807938448	0.350212905121648
31	310	0	0	0.324880985915493	0.0166554094028335	0.30822557651266
32	320	0	0	0.229075352112676	0.0125847845601213	0.216490567552555
33	330	0	0	0.223985915492958	0.0114163702790767	0.212569545213881
34	340	0	0	0.175994366197183	0.0105035029402309	0.165490863256952
35	350	0	0	0.146230985915493	0.00949842388492783	0.136732562030565
36	360	0	0	0.121411267605634	0.00856844515019745	0.112842822455436
37	370	0	0	0.094062676056338	0.00522442384679672	0.0888382522095413
38	380	0	0	0.0849295774647887	0.00472385495190275	0.080205722512886
39	390	0	0	0.0642612676056338	0.00418674151563478	0.060074526089999
40	400	0	0	0.0624739436619718	0.00408596928440026	0.0583879743775716
41	410	0	0	0.0568014084507042	0.00375235575576163	0.0530490526949426
42	420	0	0.5	0.0552042253521127	0.0093542454605258	0.0458499798915869
43	430	0	0	0.106637323943662	0.0263119679796236	0.0803253559640385
44	440	0	0	0.0928267605633803	0.0333478986405493	0.059478861922831
45	450	0	0.025	0.099424647887324	0.033373163460142	0.066051484427182
46	460	0	0.275	0.100983802816901	0.034688430381102	0.0662953724357994
47	470	0	0	0.110326056338028	0.0402398577906189	0.0700861985474093
48	480	0	0	0.100692253521127	0.0410815372949536	0.059610716226173
49	490	0	0	0.0857598591549296	0.0372157095429834	0.0485441496119462
50	500	0	0	0.0750042253521127	0.0335035625625888	0.0415006627895239
51	510	0	0	0.0637732394366197	0.0298398498543708	0.033933389582249
52	520	0	0	0.0538161971830986	0.025883016154482	0.0279331810286166
53	530	0	0	0.047243661971831	0.0222996694815537	0.0249439924902773
54	540	0	0	0.0403605633802817	0.0193262788348119	0.0210342845454697
55	550	0	0	0.0389028169014084	0.0181313156581985	0.02077150124321
56	560	0	0	0.0329514084507042	0.0159560736751699	0.0169953347755343
57	570	0	0	0.0315950704225352	0.0139408844053985	0.0176541860171367
58	580	0	0	0.0262394366197183	0.0121160154260348	0.0141234211936836
59	590	0	0	0.0219676056338028	0.0129159209682134	0.00905168466558944
60	600	0	0	0.022037323943662	0.0121787603733927	0.0098585635702693
61	610	0	0	0.0176070422535211	0.0110440446300543	0.00656299762346687
62	620	0	0	0.0190584507042254	0.00959787799863854	0.00946057270558682
63	630	0	0	0.0177338028169014	0.00432080336308934	0.0134129994538121
64	640	0	0	0.0191091549295775	0.00429242365956803	0.0148167312700094
65	650	0	0	0.0204528169014084	0.00401321500553877	0.0164396018958697
66	660	0	0.2	0.0197366197183099	0.00545807527687921	0.0142785444414306
67	670	0	0	0.0232795774647887	0.00907686424251329	0.0142027132222755
68	680	0	0	0.0260176056338028	0.012510365492254	0.0135072401415488
69	690	0	0.25	0.0391056338028169	0.0153017508668882	0.0238038829359287
70	700	0	0.05	0.0705802816901409	0.0238610305082206	0.0467192511819203
71	710	0	0	0.0750232394366197	0.0283853224341984	0.0466379170024213
72	720	0	0	0.0711823943661972	0.0276780627909145	0.0435043315752827
73	730	0	0.075	0.0588042253521127	0.0263227618591186	0.032481463492994
74	740	0	0	0.0523964788732394	0.0257927206403402	0.0266037582328992
75	750	0	0	0.0437894366197183	0.0241962509495274	0.0195931856701909
76	760	0	0.025	0.0387507042253521	0.0215395311473117	0.0172111730780404
77	770	0	0.05	0.0335471830985915	0.0204368268860315	0.01311035621256
78	780	0	0.025	0.0284514084507042	0.0207542695267632	0.00769713892394104
79	790	0	0	0.0254281690140845	0.0207938992503679	0.00463426976371665
80	800	0	0	0.0227978873239437	0.019256051246882	0.00354183607706171
81	810	0	0	0.0214859154929577	0.0172157591746639	0.0042701563182939
82	820	0	0	0.0192105633802817	0.0156493765678634	0.00356118681241831
83	830	0	1.45	0.0182028169014084	0.0306786011716651	-0.0124757842702566
84	840	0	0.7	0.0389281690140845	0.0864372479152169	-0.0475090789011324
85	850	0	0.55	0.111479577464789	0.139856324802811	-0.0283767473380223
86	860	0	0	0.156745774647887	0.17021743458601	-0.0134716599381224
87	870	0	0	0.126076056338028	0.172945490883101	-0.046869434545073
88	880	0	0	0.0942464788732394	0.159625993738582	-0.065379514865343
89	890	0	0	0.0780274647887324	0.140834748443424	-0.0628072836546911
90	900	0	0	0.0641852112676057	0.117357801880943	-0.0531725906133376
91	910	0	0	0.0546845070422535	0.098955019736297	-0.0442705126940435
92	920	0	0	0.048130985915493	0.0864319481430241	-0.0383009622275311
93	930	0	1.125	0.0441	0.088980043400601	-0.044880043400601
94	940	0	0.875	0.162507042253521	0.128578276245357	0.0339287660081638
95	950	0	0	0.335021830985915	0.170132030224058	0.164889800761858
96	960	0	0.125	0.267654929577465	0.182046615473892	0.0856083141035725
97	970	0	0	0.187364788732394	0.177337059061051	0.0100277296713434
98	980	0	0	0.122552112676056	0.162653687359503	-0.0401015746834464
99	990	0	0	0.0942401408450704	0.141111392412413	-0.0468712515673426
100	1000	0	0	0.0761323943661972	0.125691777680158	-0.0495593833139611
101	1010	0	0	0.0651295774647887	0.112152948512444	-0.0470233710476553
102	1020	0	0.25	0.060756338028169	0.105775428906767	-0.0450190908785978
103	1030	0	0.05	0.0802014084507042	0.104463412246255	-0.0242620037955505
104	1040	0	0	0.104983098591549	0.0851302810648359	0.0198528175267134
105	1050	0	0	0.0934669014084507	0.070941673864048	0.0225252275444028
106	1060	0	0.475	0.0845112676056338	0.0656183632953097	0.0188929043103241
107	1070	0	0.125	0.0941450704225353	0.0776495627523317	0.0164955076702036
108	1080	0	0.375	0.109939436619718	0.0868238269040291	0.0231156097156892
109	1090	0	0.25	0.136128169014085	0.0977368427089863	0.0383913263050983
110	1100	0	0.375	0.151548591549296	0.114041476948753	0.0375071146005432
111	1110	0	0.275	0.191091549295775	0.130851720829427	0.0602398284663475
112	1120	0	0.15	0.220658450704226	0.140524762867785	0.0801336878364403
113	1130	0	0.175	0.226774647887324	0.140906097627185	0.0858685502601393
114	1140	0	0.25	0.198469014084507	0.127299695158838	0.0711693189256688
115	1150	0	0.025	0.178117605633803	0.118128361397035	0.0599892442367679
116	1160	0	0.075	0.143657746478873	0.112004746782134	0.0316529996967388
117	1170	0	0.05	0.137649295774648	0.102635255820129	0.0350140399545187
118	1180	0	0.175	0.126247183098591	0.0960541545129727	0.0301930285856187
119	1190	0	0.2	0.106567605633803	0.0960411272706854	0.0105264783631174
120	1200	0	0	0.101357746478873	0.0965314043058407	0.00482634217303267
121	1210	0	0	0.0951211267605634	0.0912741004121079	0.00384702634845548
122	1220	0	0	0.125987323943662	0.082614044133458	0.0433732798102039
123	1230	0	0	0.130785211267606	0.0731917903506253	0.0575934209169803
124	1240	0	0	0.115618309859155	0.0649757050617783	0.0506426047973767
125	1250	0	0	0.102733098591549	0.0585494020224482	0.044183696569101
126	1260	0	0	0.0853922535211268	0.0525272617848209	0.0328649917363058
127	1270	0	0	0.0731154929577465	0.0436221843019374	0.0294933086558091
128	1280	0	0	0.0621443661971831	0.0389747742182183	0.0231695919789648
129	1290	0	0	0.0526119718309859	0.0317720627566907	0.0208399090742952
130	1300	0	0.075	0.0484922535211268	0.0273002265762801	0.0211920269448467
131	1310	0	0.175	0.0438401408450704	0.0263071906229488	0.0175329502221216
132	1320	0	0	0.0407154929577465	0.0291516641681669	0.0115638287895796
133	1330	0	0.35	0.0387316901408451	0.0329359396602577	0.00579575048058736
134	1340	0	0.025	0.043206338028169	0.0416900061805479	0.00151633184762109
135	1350	0	0	0.0458429577464789	0.0444302143321812	0.00141274341429773
136	1360	0	0.875	0.0483274647887324	0.0527138143969705	-0.00438634960823806
137	1370	0		0.0776915492957746		
138	1380	0	1.3	0.180880985915493		
139	1390	0		0.401647183098591		
140	1400	0		0.38269014084507		
141	1410	0		0.34232323943662		
142	1420	0		0.30047323943662		
143	1430	0		0.259941549295775		
144	1440	0		0.224505633802817		
145	1450	0		0.184030985915493		
146	1460	0		0.190622535211267		
147	1470	0		0.173782394366197		
148	1480	0		0.14772676056338		
149	1490	0		0.138485915492958		
150	1500	0		0.121969014084507		
151	1510	0		0.1233		
152	1520	0		0.118933098591549		
153	1530	0		0.121075352112676		
154	1540	0		0.121151408450704		
155	1550	0		0.128059859154929		
156	1560	0		0.137072535211268		
157	1570	0		0.116632394366197		
158	1580	0		0.102619014084507		
159	1590	0		0.12972676056338		
160	1600	0		0.168458450704225		
161	1610	0		0.160966901408451		
162	1620	0		0.134410563380282		
163	1630	0		0.108291549295775		
164	1640	0		0.104026056338028		
165	1650	0		0.133707042253521		
166	1660	0		0.146148591549296		
167	1670	0		0.125866901408451		
168	1680	0		0.104374647887324		
169	1690	0		0.0969654929577465		
170	1700	0	0.025	0.0910838028169014		
171	1710	0	0	0.0884725352112676		
172	1720	0	0	0.0837443661971831		
173	1730	0		0.124123943661972		
174	1740	0		0.311425352112676		
175	1750	0		0.470097887323944		
176	1760	0		0.426428873239437		
177	1770	0		0.483566197183099		
178	1780	0		0.457257042253521		
179	1790	0		0.361464084507042		
180	1800	0		0.28452676056338		
181	1810	0		0.22455		
182	1820	0		0.168889436619718		
183	1830	0		0.131837323943662		
184	1840	0		0.106257042253521		
185	1850	0		0.094474647887324		
186	1860	0		0.0873633802816902		
187	1870	0		0.106928873239437		
188	1880	0		0.24615		
189	1890	0		0.255175352112676		
190	1900	0		0.227915492957746		
191	1910	0		0.194507746478873		
192	1920	0		0.160624647887324		
193	1930	0		0.128909154929578		
194	1940	0		0.104197183098592		
195	1950	0		0.0937457746478873		
196	1960	0		0.0836429577464789		
197	1970	0		0.0761133802816901		
198	1980	0		0.069274647887324		
199	1990	0		0.0635577464788733		
200	2000	0		0.0620176056338028		
201	2010	0		0.0614852112676056		
202	2020	0		0.0631204225352113		
203	2030	0		0.0605345070422535		
204	2040	0		0.0594443661971831		
205	2050	0		0.0605915492957747		
206	2060	0		0.0639		
207	2070	0		0.065230985915493		
208	2080	0		0.063		
209	2090	0		0.0625690140845071		
210	2100	0		0.0619605633802817		
211	2110	0		0.0615739436619718		
212	2120	0		0.0683176056338028		
213	2130	0		0.0759992957746479		
214	2140	0		0.0753718309859155		
215	2150	0		0.0700225352112676		
216	2160	0		0.0647112676056338		
217	2170	0		0.0605028169014085		
218	2180	0		0.0556415492957746		
219	2190	0		0.0530619718309859		
220	2200	0		0.0494239436619718		
221	2210	0		0.0466098591549296		
222	2220	0		0.0455767605633803		
223	2230	0		0.0453549295774648		
224	2240	0		0.050380985915493		
225	2250	0		0.0567887323943662		
226	2260	0		0.0633866197183099		
227	2270	0		0.0635007042253521		
228	2280	0		0.0626577464788733		
229	2290	0		0.0586964788732395		
230	2300	0		0.0528908450704225		
231	2310	0		0.0493922535211268		
232	2320	0		0.0456401408450704		
233	2330	0		0.0441823943661972		
234	2340	0		0.0429464788732394		
235	2350	0		0.0420464788732394		
236	2360	0		0.0396380281690141		
237	2370	0		0.0377112676056338		
238	2380	0		0.0362852112676056		
239	2390	0		0.033737323943662		
240	2400	0		0.0322795774647887		
241	2410	0		0.0309992957746479		
242	2420	0		0.031062676056338		
243	2430	0		0.0284767605633803		
244	2440	0		0.0295225352112676		
245	2450	0		0.0272408450704225		
246	2460	0		0.0273992957746479		
247	2470	0		0.0268542253521127		
248	2480	0		0.0253584507042254		
249	2490	0		0.0235521126760563		
250	2500	0		0.021619014084507		
251	2510	0		0.0330718309859155		
252	2520	0		0.0325521126760564		
253	2530	0		0.0347704225352113		
254	2540	0		0.027906338028169		
255	2550	0		0.0232669014084507		
256	2560	0		0.0245535211267606		
257	2570	0		0.0206619718309859		
258	2580	0		0.019362676056338		
259	2590	0		0.0181647887323944		
260	2600	0				
261	2610	0				
262	2620	0				
263	2630	0				
264	2640	0				
265	2650	0				
266	2660	0				
267	2670	0				
268	2680	0				
269	2690	0				
270	2700	0				
271	2710	0				
272	2720	0				
273	2730	0				
274	2740	0				
275	2750	0				
276	2760	0				
277	2770	0				
278	2780	0				
279	2790	0				
280	2800	0				
281	2810	0				
282	2820	0				
283	2830	0				
284	2840	0				
285	2850	0				
286	2860	0				
287	2870	0				
288	2880	0				
289	2890	0				
290	2900	0				
291	2910	0				
292	2920	0				
293	2930	0				
294	2940	0				
295	2950	0				
296	2960	0				
297	2970	0				
298	2980	0				
299	2990	0				
300	3000	0				
301	3010	0				
302	3020	0				
303	3030	0				
304	3040	0				
305	3050	0				
306	3060	0				
307	3070	0				
308	3080	0				
309	3090	0				
310	3100	0				
311	3110	0				
312	3120	0				
313	3130	0				
314	3140	0				
315	3150	0				
316	3160	0				
317	3170	0				
318	3180	0				
319	3190	0				
320	3200	0				
321	3210	0				
322	3220	0				
323	3230	0				
324	3240	0				
325	3250	0				
326	3260	0				
327	3270	0				
328	3280	0				
329	3290	0				
330	3300	0				
331	3310	0				
332	3320	0				
333	3330	0				
334	3340	0				
335	3350	0				
336	3360	0				
337	3370	0				
338	3380	0				
339	3390	0				
340	3400	0				
341	3410	0				
342	3420	0				
343	3430	0				
344	3440	0				
345	3450	0				
346	3460	0				
347	3470	0				
348	3480	0				
349	3490	0				
350	3500	0				
351	3510	0				
352	3520	0				
353	3530	0				
354	3540	0				
355	3550	0				
356	3560	0				
357	3570	0				
358	3580	0				
359	3590	0				
360	3600	0				
361	3610	0				
362	3620	0				
363	3630	0				
364	3640	0				
365	3650	0				
366	3660	0				
367	3670	0				
368	3680	0				
369	3690	0				
370	3700	0				
371	3710	0				
372	3720	0				
373	3730	0				
374	3740	0				
375	3750	0				
376	3760	0				
377	3770	0				
378	3780	0				
379	3790	0				
380	3800	0				
381	3810	0				
382	3820	0				
383	3830	0				
384	3840	0				
385	3850	0				
386	3860	0				
387	3870	0				
388	3880	0				
389	3890	0				
390	3900	0				
391	3910	0				
392	3920	0				
393	3930	0				
394	3940	0				
395	3950	0				
396	3960	0				
397	3970	0				
398	3980	0				
399	3990	0				
400	4000	0				
401	4010	0				
402	4020	0				
403	4030	0				
404	4040	0				
405	4050	0				
406	4060	0				
407	4070	0				
408	4080	0				
409	4090	0				
410	4100	0				
411	4110	0				
412	4120	0				
413	4130	0				
414	4140	0				
415	4150	0				
416	4160	0				
417	4170	0				
418	4180	0				
419	4190	0				
420	4200	0				
421	4210	0				
422	4220	0				
423	4230	0				
424	4240	0				
425	4250	0				
426	4260	0				
427	4270	0				
428	4280	0				
429	4290	0				
430	4300	0				
431	4310	0				
432	4320	0				
433	4330	0				
434	4340	0				
435	4350	0				
436	4360	0				
437	4370	0				
438	4380	0				
439	4390	0				
440	4400	0				
441	4410	0				
442	4420	0				
443	4430	0				
444	4440	0				
445	4450	0				
446	4460	0				
447	4470	0				
448	4480	0				
449	4490	0				
450	4500	0				
451	4510	0				
452	4520	0				
453	4530	0				
454	4540	0				
455	4550	0				
456	4560	0				
457	4570	0				
458	4580	0				
459	4590	0				
460	4600	0				
461	4610	0				
462	4620	0				
463	4630	0				
464	4640	0				
465	4650	0				
466	4660	0				
467	4670	0				
468	4680	0				
469	4690	0				
470	4700	0				
471	4710	0				
472	4720	0				
473	4730	0				
474	4740	0				
475	4750	0				
476	4760	0				
477	4770	0				
478	4780	0				
479	4790	0				
480	4800	0				
481	4810	0				
482	4820	0				
483	4830	0				
484	4840	0				
485	4850	0				
486	4860	0				
487	4870	0				
488	4880	0				
489	4890	0				
490	4900	0				
491	4910	0				
492	4920	0				
493	4930	0				
494	4940	0				
495	4950	0				
496	4960	0				
497	4970	0				
498	4980	0				
499	4990	0				
500	5000	0				
501	5010	0				
502	5020	0				
503	5030	0				
504	5040	0				
505	5050	0				
506	5060	0				
507	5070	0				
508	5080	0				
509	5090	0				
510	5100	0				
511	5110	0				
512	5120	0				
513	5130	0				
514	5140	0				
515	5150	0				
516	5160	0				
517	5170	0				
518	5180	0				
519	5190	0				
520	5200	0				
521	5210	0				
522	5220	0				
523	5230	0				
524	5240	0				
525	5250	0				
526	5260	0				
527	5270	0				
528	5280	0				
529	5290	0				
530	5300	0				
531	5310	0				
532	5320	0				
533	5330	0				
534	5340	0				
535	5350	0				
536	5360	0				
537	5370	0				
538	5380	0				
539	5390	0				
540	5400	0				
541	5410	0				
542	5420	0				
543	5430	0				
544	5440	0				
545	5450	0				
546	5460	0				
547	5470	0				
548	5480	0				
549	5490	0				
550	5500	0				
551	5510	0				
552	5520	0				
553	5530	0				
554	5540	0				
555	5550	0				
556	5560	0				
557	5570	0				
558	5580	0				
559	5590	0				
560	5600	0				
561	5610	0				
562	5620	0				
563	5630	0				
564	5640	0				
565	5650	0				
566	5660	0				
567	5670	0				
568	5680	0				
569	5690	0				
570	5700	0				
571	5710	0				
572	5720	0				
573	5730	0				
574	5740	0				
575	5750	0				
576	5760	0				
577	5770	0				
578	5780	0				
579	5790	0				
580	5800	0				
581	5810	0				
582	5820	0				
583	5830	0				
584	5840	0				
585	5850	0				
586	5860	0				
587	5870	0				
588	5880	0				
589	5890	0				
590	5900	0				
591	5910	0				
592	5920	0				
593	5930	0				
594	5940	0				
595	5950	0				
596	5960	0				
597	5970	0				
598	5980	0				
599	5990	0				
600	6000	0				
601	6010	0				
602	6020	0				
603	6030	0				
604	6040	0				
605	6050	0				
606	6060	0				
607	6070	0				
608	6080	0				
609	6090	0				
610	6100	0				
611	6110	0				
612	6120	0				
613	6130	0				
614	6140	0				
615	6150	0				
616	6160	0				
617	6170	0				
618	6180	0				
619	6190	0				
620	6200	0				
621	6210	0				
622	6220	0				
623	6230	0				
624	6240	0				
625	6250	0				
626	6260	0				
627	6270	0				
628	6280	0				
629	6290	0				
630	6300	0				
631	6310	0				
632	6320	0				
633	6330	0				
634	6340	0				
635	6350	0				
636	6360	0				
637	6370	0				
638	6380	0				
639	6390	0				
640	6400	0				
641	6410	0				
642	6420	0				
643	6430	0				
644	6440	0				
645	6450	0				
646	6460	0				
647	6470	0				
648	6480	0				
649	6490	0				
650	6500	0				
651	6510	0				
652	6520	0				
653	6530	0				
654	6540	0				
655	6550	0				
656	6560	0				
657	6570	0				
658	6580	0				
659	6590	0				
660	6600	0				
661	6610	0				
662	6620	0				
663	6630	0				
664	6640	0				
665	6650	0				
666	6660	0				
667	6670	0				
668	6680	0				
669	6690	0				
670	6700	0				
671	6710	0				
672	6720	0				
673	6730	0				
674	6740	0				
675	6750	0				
676	6760	0				
677	6770	0				
678	6780	0				
679	6790	0				
680	6800	0				
681	6810	0				
682	6820	0				
683	6830	0				
684	6840	0				
685	6850	0				
686	6860	0				
687	6870	0				
688	6880	0				
689	6890	0				
690	6900	0				
691	6910	0				
692	6920	0				
693	6930	0				
694	6940	0				
695	6950	0				
696	6960	0				
697	6970	0				
698	6980	0				
699	6990	0				
700	7000	0				
701	7010	0				
702	7020	0				
703	7030	0				
704	7040	0				
705	7050	0				
706	7060	0				
707	7070	0				
708	7080	0				
709	7090	0				
710	7100	0				
711	7110	0				
712	7120	0				
713	7130	0				
714	7140	0				
715	7150	0				
716	7160	0				
717	7170	0				
718	7180	0				
719	7190	0				
720	7200	0				
721	7210	0				
722	7220	0				
723	7230	0				
724	7240	0				
725	7250	0				
726	7260	0				
727	7270	0				
728	7280	0				
729	7290	0				
730	7300	0				
731	7310	0				
732	7320	0				
733	7330	0				
734	7340	0				
735	7350	0				
736	7360	0				
737	7370	0				
738	7380	0				
739	7390	0				
740	7400	0				
741	7410	0				
742	7420	0				
743	7430	0				
744	7440	0				
745	7450	0				
746	7460	0				
747	7470	0				
748	7480	0				
749	7490	0				
750	7500	0				
751	7510	0				
752	7520	0				
753	7530	0				
754	7540	0				
755	7550	0				
756	7560	0				
757	7570	0				
758	7580	0				
759	7590	0				
760	7600	0				
761	7610	0				
762	7620	0				
763	7630	0				
764	7640	0				
765	7650	0				
766	7660	0				
767	7670	0				
768	7680	0				
769	7690	0				
770	7700	0				
771	7710	0				
772	7720	0				
773	7730	0				
774	7740	0				
775	7750	0				
776	7760	0				
777	7770	0				
778	7780	0				
779	7790	0				
780	7800	0				
781	7810	0				
782	7820	0				
783	7830	0				
784	7840	0				
785	7850	0				
786	7860	0				
787	7870	0				
788	7880	0				
789	7890	0				
790	7900	0				
791	7910	0				
792	7920	0				
793	7930	0				
794	7940	0				
795	7950	0				
796	7960	0				
797	7970	0				
798	7980	0				
799	7990	0				
800	8000	0				
801	8010	0				
802	8020	0				
803	8030	0				
804	8040	0				
805	8050	0				
806	8060	0				
807	8070	0				
808	8080	0				
809	8090	0				
810	8100	0				
811	8110	0				
812	8120	0				
813	8130	0				
814	8140	0				
815	8150	0				
816	8160	0				
817	8170	0				
818	8180	0				
819	8190	0				
820	8200	0				
821	8210	0				
822	8220	0				
823	8230	0				
824	8240	0				
825	8250	0				
826	8260	0				
827	8270	0				
828	8280	0				
829	8290	0				
830	8300	0				
831	8310	0				
832	8320	0				
833	8330	0				
834	8340	0				
835	8350	0				
836	8360	0	0			
837	8370	0	0			
838	8380	0	0.125			
839	8390	0	0			
840	8400	0	0			
841	8410	0	0.175			
842	8420	0	0			
843	8430	0	0			
844	8440	0	0			
845	8450	0	0			
846	8460	0	0			
847	8470	0	0			
848	8480	0	0			
849	8490	0	0			
850	8500	0	0	0.0410197183098592		
851	8510	0	0	0.0654274647887324		
852	8520	0	0	0.107429577464789		
853	8530	0	0	0.177971830985915		
854	8540	0	0	0.217242253521127		
855	8550	0	0	0.18488661971831		
856	8560	0	0	0.14997676056338	0.00432405341827786	0.145652707145102
857	8570	0	0	0.119129577464789	0.00384922080742881	0.11528035665736
858	8580	0	0	0.118337323943662	0.00398253665810059	0.114354787285562
859	8590	0	0	0.115624647887324	0.00251628495472632	0.113108362932598
860	8600	0	0	0.110129577464789	0.00236783111498673	0.107761746349802
861	8610	0	0	0.109261267605634	0.0020463627739173	0.107214904831716
862	8620	0	0	0.0979035211267606	0	0.0979035211267606
863	8630	0	0	0.137706338028169	0	0.137706338028169
864	8640	0	0	0.16277323943662	0	0.16277323943662
865	8650	0	0.125	0.292785211267606	0.00140147646652358	0.291383734801082
866	8660	0	0	0.421637323943662	0.0056730401515708	0.415964283792091
867	8670	0	0.55	0.315640140845071	0.0139854748853625	0.301654665959708
868	8680	0	0.3	0.425040845070423	0.0361366688952188	0.388904176175204
869	8690	0	0.175	0.310278169014085	0.057452343282145	0.25282582573194
870	8700	0	0	0.263091549295775	0.0676283422113009	0.195463207084474
871	8710	0	0	0.220772535211268	0.0681486144076186	0.152623920803649
872	8720	0	0	0.141280985915493	0.0623167906254206	0.0789641952900724
873	8730	0	0.325	0.133624647887324	0.058309443592678	0.075315204294646
874	8740	0	0	0.118939436619718	0.0612770010220509	0.0576624355976675
875	8750	0	0	0.0995894366197184	0.0597644031059434	0.039825033513775
876	8760	0	0	0.0888338028169014	0.0548294196473183	0.0340043831695832
877	8770	0	0	0.0833894366197184	0.0499664412079321	0.0334229954117862
878	8780	0	0	0.0829014084507042	0.0445015593324548	0.0383998491182494
879	8790	0	0	0.08235	0.0387778890311716	0.0435721109688284
880	8800	0	0	0.0810950704225352	0.0343660282813164	0.0467290421412187
881	8810	0	0	0.0801760563380282	0.0302943669209961	0.0498816894170321
882	8820	0	0	0.0772288732394366	0.0274647080943953	0.0497641651450413
883	8830	0	0	0.0745035211267605	0.0240992836107381	0.0504042375160225
884	8840	0	0	0.0730711267605634	0.0231961942822947	0.0498749324782687
885	8850	0	0	0.0718035211267606	0.0223132079217919	0.0494903132049687
886	8860	0	0	0.0709225352112676	0.020531280042117	0.0503912551691506
887	8870	0	0.5	0.0721838028169014	0.0240827026770485	0.0481011001398529
888	8880	0	0	0.0684633802816901	0.0332604980889256	0.0352028821927645
889	8890	0	0	0.0643119718309859	0.0373298289739786	0.0269821428570073
890	8900	0	0	0.065680985915493	0.035928571479144	0.0297524144363489
891	8910	0	0	0.0593619718309859	0.0345589996763799	0.0248029721546061
892	8920	0	0	0.0596852112676056	0.0305927744127496	0.029092436854856
893	8930	0	0	0.0656746478873239	0.0261178230100778	0.0395568248772462
894	8940	0	0	0.0595711267605634	0.0185355674316432	0.0410355593289201
895	8950	0	0	0.0542598591549296	0.0157565493986616	0.038503309756268
896	8960	0	0	0.0471866197183099	0.0143165225304548	0.0328700971878551
897	8970	0	0	0.0476366197183099	0.012681648532144	0.0349549711861659
898	8980	0	0	0.0435612676056338	0.0113172799242169	0.0322439876814169
899	8990	0	0	0.0402084507042254	0.00994435053902532	0.0302641001652
900	9000	0	0	0.0397014084507042	0.00962314583984115	0.0300782626108631
901	9010	0	0	0.0342316901408451	0.00841530298627986	0.0258163871545652
902	9020	0	0	0.0339654929577465	0.00721916292012793	0.0267463300376186
903	9030	0	0	0.0293894366197183	0.00616546533757879	0.0232239712821395
904	9040	0	0	0.0287049295774648	0.00720242560698677	0.021502503970478
905	9050	0	0	0.0273359154929578	0.00718938558493234	0.0201465299080254
906	9060	0		0.0246992957746479		
907	9070	0	0	0.0236598591549296		
908	9080	0	0	0.0189507042253521		
909	9090	0	0	0.0231147887323944		
910	9100	0	0	0.0187859154929577		
911	9110	0	0	0.020719014084507		
912	9120	0	0	0.0253584507042254		
913	9130	0	0	0.01935		
914	9140	0	0	0.0232035211267606		
915	9150	0	0.05	0.0181394366197183		
916	9160	0		0.027887323943662		
917	9170	0		0.0386302816901409		
918	9180	0		0.0411021126760564		
919	9190	0		0.0414443661971831		
920	9200	0		0.0409183098591549		
921	9210	0		0.072893661971831		
922	9220	0		0.0731345070422535		
923	9230	0		0.0678169014084507		
924	9240	0		0.0621633802816902		
925	9250	0		0.0572260563380282		
926	9260	0		0.0498549295774648		
927	9270	0		0.0442901408450704		
928	9280	0		0.0394859154929577		
929	9290	0		0.0351570422535211		
930	9300	0		0.0313161971830986		
931	9310	0		0.0307014084507042		
932	9320	0		0.0263408450704226		
933	9330	0		0.0262077464788732		
934	9340	0		0.0242239436619718		
935	9350	0		0.023387323943662		
936	9360	0		0.0289267605633803		
937	9370	0		0.0287746478873239		
938	9380	0		0.0296429577464789		
939	9390	0		0.0277859154929577		
940	9400	0		0.0279570422535211		
941	9410	0		0.0261950704225352		
942	9420	0		0.023843661971831		
943	9430	0		0.023869014084507		
944	9440	0		0.0227471830985916		
945	9450	0		0.023412676056338		
946	9460	0		0.0266133802816901		
947	9470	0		0.0362471830985916		
948	9480	0		0.0440683098591549		
949	9490	0		0.0410007042253521		
950	9500	0		0.0378253521126761		
951	9510	0		0.0338070422535211		
952	9520	0		0.0308091549295775		
953	9530	0		0.0290028169014085		
954	9540	0		0.0256816901408451		
955	9550	0		0.0250415492957747		
956	9560	0		0.0223922535211268		
957	9570	0		0.0216443661971831		
958	9580	0		0.0208330985915493		
959	9590	0		0.0188302816901409		
960	9600	0		0.0197366197183099		
961	9610	0		0.0170366197183099		
962	9620	0		0.0169795774647887		
963	9630	0		0.0170683098591549		
964	9640	0		0.0159084507042254		
965	9650	0		0.0168211267605634		
966	9660	0		0.0155345070422535		
967	9670	0		0.0159781690140845		
968	9680	0		0.0163964788732394		
969	9690	0		0.0233112676056338		
970	9700	0		0.0484225352112676		
971	9710	0		0.060737323943662		
972	9720	0		0.0560471830985916		
973	9730	0		0.0578535211267606		
974	9740	0		0.0888401408450704		
975	9750	0		0.0966929577464789		
976	9760	0		0.0825654929577465		
977	9770	0		0.0741169014084507		
978	9780	0		0.214903521126761		
979	9790	0		0.553785211267606		
980	9800	0		0.424153521126761		
981	9810	0		0.502504225352113		
982	9820	0		0.40725		
983	9830	0		0.280635211267606		
984	9840	0		0.19864014084507		
985	9850	0		0.128966197183099		
986	9860	0		0.0957676056338028		
987	9870	0		0.0797070422535211		
988	9880	0		0.059843661971831		
989	9890	0		0.0517246478873239		
990	9900	0		0.0426042253521127		
991	9910	0		0.0370647887323944		
992	9920	0		0.0318992957746479		
993	9930	0		0.0278683098591549		
994	9940	0		0.025212676056338		
995	9950	0		0.0370204225352113		
996	9960	0		0.0709985915492958		
997	9970	0		0.0699654929577465		
998	9980	0		0.101611267605634		
999	9990	0		0.100666901408451		
1000	10000	0		0.0834908450704225		
1001	10010	0		0.0785598591549296		
1002	10020	0		0.0715183098591549		
1003	10030	0		0.0692049295774648		
1004	10040	0		0.0647176056338028		
1005	10050	0		0.064330985915493		
1006	10060	0		0.0700288732394366		
1007	10070	0		0.0648950704225352		
1008	10080	0		0.0606802816901409		
1009	10090	0		0.0542598591549296		
1010	10100	0		0.049969014084507		
1011	10110	0		0.0460964788732394		
1012	10120	0		0.039587323943662		
1013	10130	0		0.036462676056338		
1014	10140	0		0.0307204225352113		
1015	10150	0		0.0278366197183099		
1016	10160	0		0.0241098591549296		
1017	10170	0		0.0205542253521127		
1018	10180	0		0.0188176056338028		
1019	10190	0		0.0155535211267606		
1020	10200	0		0.0149514084507042		
1021	10210	0		0.0169352112676056		
1022	10220	0		0.0191408450704225		
1023	10230	0		0.025206338028169		
1024	10240	0		0.0394922535211268		
1025	10250	0		0.0457225352112676		
1026	10260	0		0.0441316901408451		
1027	10270	0		0.0421922535211268		
1028	10280	0		0.0405253521126761		
1029	10290	0		0.0475352112676056		
1030	10300	0		0.107397887323944		
1031	10310	0		0.297342253521127		
1032	10320	0		0.301214788732395		
1033	10330	0		0.244229577464789		
1034	10340	0		0.209427464788732		
1035	10350	0		0.158564788732394		
1036	10360	0		0.113051408450704		
1037	10370	0		0.217907746478873		
1038	10380	0		0.32618661971831		
1039	10390	0		0.258730985915493		
1040	10400	0		0.184810563380282		
1041	10410	0		0.123737323943662		
1042	10420	0		0.0966169014084507		
1043	10430	0		0.0793140845070422		
1044	10440	0		0.0690718309859155		
1045	10450	0		0.0583288732394366		
1046	10460	0		0.0513126760563381		
1047	10470	0		0.0470725352112676		
1048	10480	0		0.0398598591549296		
1049	10490	0		0.0370457746478873		
1050	10500	0		0.0312464788732394		
1051	10510	0		0.0288380281690141		
1052	10520	0		0.0257514084507042		
1053	10530	0		0.0226521126760563		
1054	10540	0		0.022069014084507		
1055	10550	0		0.0210232394366197		
1056	10560	0		0.0218978873239437		
1057	10570	0		0.0201612676056338		
1058	10580	0		0.0191725352112676		
1059	10590	0		0.0191661971830986		
1060	10600	0		0.0169161971830986		
1061	10610	0		0.0177464788732394		
1062	10620	0		0.0339274647887324		
1063	10630	0		0.0886056338028168		
1064	10640	0		0.104304929577465		
1065	10650	0		0.0931880281690141		
1066	10660	0		0.0819823943661972		
1067	10670	0		0.0689894366197183		
1068	10680	0		0.062087323943662		
1069	10690	0		0.0536830985915493		
1070	10700	0		0.0479218309859155		
1071	10710	0		0.0441443661971831		
1072	10720	0		0.038706338028169		
1073	10730	0		0.0368049295774648		
1074	10740	0		0.0332302816901409		
1075	10750	0		0.0322035211267606		
1076	10760	0		0.0301056338028169		
1077	10770	0		0.0279697183098592		
1078	10780	0		0.0275387323943662		
1079	10790	0		0.0249971830985915		
1080	10800	0		0.024737323943662		
1081	10810	0		0.0223415492957747		
1082	10820	0		0.0213781690140845		
1083	10830	0		0.0207823943661972		
1084	10840	0		0.0189697183098592		
1085	10850	0		0.0195464788732394		
1086	10860	0		0.0195274647887324		
1087	10870	0		0.0196098591549296		
1088	10880	0		0.0200408450704225		
1089	10890	0		0.0196542253521127		
1090	10900	0		0.0201169014084507		
1091	10910	0		0.0194767605633803		
1092	10920	0		0.0203640845070422		
1093	10930	0		0.0199014084507042		
1094	10940	0		0.0199014084507042		
1095	10950	0		0.0190647887323944		
1096	10960	0		0.0177401408450704		
1097	10970	0		0.017106338028169		
1098	10980	0		0.0147485915492958		
1099	10990	0		0.0142415492957747		
1100	11000	0		0.014412676056338		
1101	11010	0		0.0151415492957747		
1102	11020	0		0.0158830985915493		
1103	11030	0		0.0142352112676057		
1104	11040	0		0.0140007042253521		
1105	11050	0		0.0136077464788732		
1106	11060	0		0.0125366197183098		
1107	11070	0		0.0122260563380282		
1108	11080	0		0.0150528169014085		
1109	11090	0		0.0156485915492958		
1110	11100	0				
1111	11110	0				
1112	11120	0				
1113	11130	0				
1114	11140	0				
1115	11150	0				
1116	11160	0				
1117	11170	0				
1118	11180	0				
1119	11190	0				
1120	11200	0				
1121	11210	0				
1122	11220	0				
1123	11230	0				
1124	11240	0				
1125	11250	0				
1126	11260	0				
1127	11270	0				
1128	11280	0				
1129	11290	0				
1130	11300	0				
1131	11310	0				
1132	11320	0				
1133	11330	0				
1134	11340	0				
1135	11350	0				
1136	11360	0				
1137	11370	0				
1138	11380	0				
1139	11390	0				
1140	11400	0				
1141	11410	0				
1142	11420	0				
1143	11430	0				
1144	11440	0				
1145	11450	0				
1146	11460	0				
1147	11470	0				
1148	11480	0				
1149	11490	0				
1150	11500	0				
1151	11510	0				
1152	11520	0				
1153	11530	0				
1154	11540	0				
1155	11550	0				
1156	11560	0				
1157	11570	0				
1158	11580	0				
1159	11590	0				
1160	11600	0				
1161	11610	0				
1162	11620	0				
1163	11630	0				
1164	11640	0				
1165	11650	0				
1166	11660	0				
1167	11670	0				
1168	11680	0				
1169	11690	0				
1170	11700	0				
1171	11710	0				
1172	11720	0				
1173	11730	0				
1174	11740	0				
1175	11750	0				
1176	11760	0				
1177	11770	0				
1178	11780	0				
1179	11790	0				
1180	11800	0				
1181	11810	0				
1182	11820	0				
1183	11830	0				
1184	11840	0				
1185	11850	0				
1186	11860	0				
1187	11870	0				
1188	11880	0				
1189	11890	0				
1190	11900	0				
1191	11910	0				
1192	11920	0				
1193	11930	0				
1194	11940	0				
1195	11950	0				
1196	11960	0				
1197	11970	0				
1198	11980	0				
1199	11990	0				
1200	12000	0				
1201	12010	0				
1202	12020	0				
1203	12030	0				
1204	12040	0				
1205	12050	0				
1206	12060	0				
1207	12070	0				
1208	12080	0				
1209	12090	0				
1210	12100	0				
1211	12110	0				
1212	12120	0				
1213	12130	0				
1214	12140	0				
1215	12150	0				
1216	12160	0				
1217	12170	0				
1218	12180	0				
1219	12190	0				
1220	12200	0				
1221	12210	0				
1222	12220	0				
1223	12230	0				
1224	12240	0				
1225	12250	0				
1226	12260	0				
1227	12270	0				
1228	12280	0				
1229	12290	0				
1230	12300	0				
1231	12310	0				
1232	12320	0				
1233	12330	0				
1234	12340	0				
1235	12350	0				
1236	12360	0				
1237	12370	0				
1238	12380	0				
1239	12390	0				
1240	12400	0				
1241	12410	0				
1242	12420	0				
1243	12430	0				
1244	12440	0				
1245	12450	0				
1246	12460	0				
1247	12470	0				
1248	12480	0				
1249	12490	0				
1250	12500	0				
1251	12510	0				
1252	12520	0				
1253	12530	0				
1254	12540	0				
1255	12550	0				
1256	12560	0				
1257	12570	0				
1258	12580	0				
1259	12590	0				
1260	12600	0				
1261	12610	0				
1262	12620	0				
1263	12630	0				
1264	12640	0				
1265	12650	0				
1266	12660	0				
1267	12670	0				
1268	12680	0				
1269	12690	0				
1270	12700	0				
1271	12710	0				
1272	12720	0				
1273	12730	0				
1274	12740	0				
1275	12750	0				
1276	12760	0				
1277	12770	0				
1278	12780	0				
1279	12790	0				
1280	12800	0				
1281	12810	0				
1282	12820	0				
1283	12830	0				
1284	12840	0				
1285	12850	0				
1286	12860	0				
1287	12870	0				
1288	12880	0				
1289	12890	0				
1290	12900	0				
1291	12910	0				
1292	12920	0				
1293	12930	0				
1294	12940	0				
1295	12950	0				
1296	12960	0				
1297	12970	0				
1298	12980	0				
1299	12990	0				
1300	13000	0				
1301	13010	0				
1302	13020	0				
1303	13030	0				
1304	13040	0				
1305	13050	0				
1306	13060	0				
1307	13070	0				
1308	13080	0				
1309	13090	0				
1310	13100	0				
1311	13110	0				
1312	13120	0				
1313	13130	0				
1314	13140	0				
1315	13150	0				
1316	13160	0				
1317	13170	0				
1318	13180	0				
1319	13190	0				
1320	13200	0				
1321	13210	0				
1322	13220	0				
1323	13230	0				
1324	13240	0				
1325	13250	0				
1326	13260	0				
1327	13270	0				
1328	13280	0				
1329	13290	0				
1330	13300	0				
1331	13310	0				
1332	13320	0				
1333	13330	0				
1334	13340	0				
1335	13350	0				
1336	13360	0				
1337	13370	0				
1338	13380	0				
1339	13390	0				
1340	13400	0				
1341	13410	0				
1342	13420	0				
1343	13430	0				
1344	13440	0				
1345	13450	0				
1346	13460	0				
1347	13470	0				
1348	13480	0				
1349	13490	0				
1350	13500	0				
1351	13510	0				
1352	13520	0				
1353	13530	0				
1354	13540	0				
1355	13550	0				
1356	13560	0				
1357	13570	0				
1358	13580	0				
1359	13590	0				
1360	13600	0				
1361	13610	0				
1362	13620	0				
1363	13630	0				
1364	13640	0				
1365	13650	0				
1366	13660	0				
1367	13670	0				
1368	13680	0				
1369	13690	0				
1370	13700	0				
1371	13710	0				
1372	13720	0				
1373	13730	0				
1374	13740	0				
1375	13750	0				
1376	13760	0				
1377	13770	0				
1378	13780	0				
1379	13790	0				
1380	13800	0				
1381	13810	0				
1382	13820	0				
1383	13830	0				
1384	13840	0				
1385	13850	0				
1386	13860	0				
1387	13870	0				
1388	13880	0				
1389	13890	0				
1390	13900	0				
1391	13910	0				
1392	13920	0				
1393	13930	0				
1394	13940	0				
1395	13950	0				
1396	13960	0				
1397	13970	0				
1398	13980	0				
1399	13990	0				
1400	14000	0				
1401	14010	0				
1402	14020	0				
1403	14030	0				
1404	14040	0				
1405	14050	0				
1406	14060	0				
1407	14070	0				
1408	14080	0				
1409	14090	0				
1410	14100	0				
1411	14110	0				
1412	14120	0				
1413	14130	0				
1414	14140	0				
1415	14150	0				
1416	14160	0				
1417	14170	0				
1418	14180	0				
1419	14190	0				
1420	14200	0				
1421	14210	0				
1422	14220	0				
1423	14230	0				
1424	14240	0				
1425	14250	0				
1426	14260	0				
1427	14270	0				
1428	14280	0				
1429	14290	0				
1430	14300	0				
1431	14310	0				
1432	14320	0				
1433	14330	0				
1434	14340	0				
1435	14350	0				
1436	14360	0				
1437	14370	0				
1438	14380	0				
1439	14390	0				
1440	14400	0				
1441	14410	0				
1442	14420	0				
1443	14430	0				
1444	14440	0				
1445	14450	0				
1446	14460	0				
1447	14470	0				
1448	14480	0				
1449	14490	0				
1450	14500	0				
1451	14510	0				
1452	14520	0				
1453	14530	0				
1454	14540	0				
1455	14550	0				
1456	14560	0				
1457	14570	0				
1458	14580	0				
1459	14590	0				
1460	14600	0				
1461	14610	0				
1462	14620	0				
1463	14630	0				
1464	14640	0				
1465	14650	0				
1466	14660	0				
1467	14670	0				
1468	14680	0				
1469	14690	0				
1470	14700	0				
1471	14710	0				
1472	14720	0				
1473	14730	0				
1474	14740	0				
1475	14750	0				
1476	14760	0				
1477	14770	0				
1478	14780	0				
1479	14790	0				
1480	14800	0				
1481	14810	0				
1482	14820	0				
1483	14830	0				
1484	14840	0				
1485	14850	0				
1486	14860	0				
1487	14870	0				
1488	14880	0				
1489	14890	0				
1490	14900	0				
1491	14910	0				
1492	14920	0				
1493	14930	0				
1494	14940	0				
1495	14950	0				
1496	14960	0				
1497	14970	0				
1498	14980	0				
1499	14990	0				
1500	15000	0				
1501	15010	0				
1502	15020	0				
1503	15030	0				
1504	15040	0				
1505	15050	0				
1506	15060	0				
1507	15070	0				
1508	15080	0				
1509	15090	0				
1510	15100	0				
1511	15110	0				
1512	15120	0				
1513	15130	0				
1514	15140	0				
1515	15150	0				
1516	15160	0				
1517	15170	0				
1518	15180	0				
1519	15190	0				
1520	15200	0				
1521	15210	0				
1522	15220	0				
1523	15230	0				
1524	15240	0				
1525	15250	0				
1526	15260	0				
1527	15270	0				
1528	15280	0				
1529	15290	0				
1530	15300	0				
1531	15310	0				
1532	15320	0				
1533	15330	0				
1534	15340	0				
1535	15350	0				
1536	15360	0				
1537	15370	0				
1538	15380	0				
1539	15390	0				
1540	15400	0				
1541	15410	0				
1542	15420	0				
1543	15430	0				
1544	15440	0				
1545	15450	0				
1546	15460	0				
1547	15470	0				
1548	15480	0				
1549	15490	0				
1550	15500	0				
1551	15510	0				
1552	15520	0				
1553	15530	0				
1554	15540	0				
1555	15550	0				
1556	15560	0				
1557	15570	0				
1558	15580	0				
1559	15590	0				
1560	15600	0				
1561	15610	0				
1562	15620	0				
1563	15630	0				
1564	15640	0				
1565	15650	0				
1566	15660	0				
1567	15670	0				
1568	15680	0				
1569	15690	0				
1570	15700	0				
1571	15710	0				
1572	15720	0				
1573	15730	0				
1574	15740	0				
1575	15750	0				
1576	15760	0				
1577	15770	0				
1578	15780	0				
1579	15790	0				
1580	15800	0				
1581	15810	0				
1582	15820	0				
1583	15830	0				
1584	15840	0				
1585	15850	0				
1586	15860	0				
1587	15870	0				
1588	15880	0				
1589	15890	0				
1590	15900	0				
1591	15910	0				
1592	15920	0				
1593	15930	0				
1594	15940	0				
1595	15950	0				
1596	15960	0				
1597	15970	0				
1598	15980	0				
1599	15990	0				
1600	16000	0				
1601	16010	0				
1602	16020	0				
1603	16030	0				
1604	16040	0				
1605	16050	0				
1606	16060	0				
1607	16070	0				
1608	16080	0				
1609	16090	0				
1610	16100	0				
1611	16110	0				
1612	16120	0				
1613	16130	0				
1614	16140	0				
1615	16150	0				
1616	16160	0				
1617	16170	0				
1618	16180	0				
1619	16190	0				
1620	16200	0				
1621	16210	0				
1622	16220	0				
1623	16230	0				
1624	16240	0				
1625	16250	0				
1626	16260	0				
1627	16270	0				
1628	16280	0				
1629	16290	0				
1630	16300	0				
1631	16310	0				
1632	16320	0				
1633	16330	0				
1634	16340	0				
1635	16350	0				
1636	16360	0				
1637	16370	0				
1638	16380	0				
1639	16390	0				
1640	16400	0				
1641	16410	0				
1642	16420	0				
1643	16430	0				
1644	16440	0				
1645	16450	0				
1646	16460	0				
1647	16470	0				
1648	16480	0				
1649	16490	0				
1650	16500	0				
1651	16510	0				
1652	16520	0				
1653	16530	0				
1654	16540	0				
1655	16550	0				
1656	16560	0				
1657	16570	0				
1658	16580	0				
1659	16590	0				
1660	16600	0				
1661	16610	0				
1662	16620	0				
1663	16630	0				
1664	16640	0				
1665	16650	0				
1666	16660	0				
1667	16670	0				
1668	16680	0				
1669	16690	0				
1670	16700	0				
1671	16710	0				
1672	16720	0				
1673	16730	0				
1674	16740	0				
1675	16750	0				
1676	16760	0				
1677	16770	0				
1678	16780	0				
1679	16790	0				
1680	16800	0				
1681	16810	0				
1682	16820	0				
1683	16830	0				
1684	16840	0				
1685	16850	0				
1686	16860	0				
1687	16870	0				
1688	16880	0				
1689	16890	0				
1690	16900	0				
1691	16910	0				
1692	16920	0				
1693	16930	0				
1694	16940	0				
1695	16950	0				
1696	16960	0				
1697	16970	0				
1698	16980	0				
1699	16990	0				
1700	17000	0				
1701	17010	0				
1702	17020	0				
1703	17030	0				
1704	17040	0				
1705	17050	0	0			
1706	17060	0	0			
1707	17070	0	0			
1708	17080	0	0			
1709	17090	0	0			
1710	17100	0	0			
1711	17110	0	0			
1712	17120	0	0			
1713	17130	0	0			
1714	17140	0	0			
1715	17150	0	0			
1716	17160	0	0			
1717	17170	0	0			
1718	17180	0	0	0.22487323943662		
1719	17190	0	0	0.183739436619718		
1720	17200	0	0	0.22487323943662		
1721	17210	0	0	0.190204225352113		
1722	17220	0	0	0.162507042253521		
1723	17230	0	0	0.115478873239437		
1724	17240	0	0	0.110345070422535		
1725	17250	0	0	0.0793521126760563	0	0.0793521126760563
1726	17260	0	0	0.0486760563380282	0	0.0486760563380282
1727	17270	0	0	0.0478521126760563	0	0.0478521126760563
1728	17280	0	0	0.0424647887323944	0	0.0424647887323944
1729	17290	0	0	0.109330985915493	0	0.109330985915493
1730	17300	0	0	0.152176056338028	0	0.152176056338028
1731	17310	0	0	0.182091549295775	0	0.182091549295775
1732	17320	0	0	0.163457746478873	0	0.163457746478873
1733	17330	0	0	0.13030985915493	0	0.13030985915493
1734	17340	0	0	0.139056338028169	0	0.139056338028169
1735	17350	0	0	0.124478873239437	0	0.124478873239437
1736	17360	0	0	0.116366197183099	0	0.116366197183099
1737	17370	0	0	0.133035211267606	0	0.133035211267606
1738	17380	0	0	0.164725352112676	0	0.164725352112676
1739	17390	0	0	0.170049295774648	0	0.170049295774648
1740	17400	0	0	0.156422535211268	0	0.156422535211268
1741	17410	0	0	0.135570422535211	0	0.135570422535211
1742	17420	0	0	0.128154929577465	0	0.128154929577465
1743	17430	0	0	0.124415492957746	0	0.124415492957746
1744	17440	0	0	0.124225352112676	0	0.124225352112676
1745	17450	0	0	0.118964788732394	0	0.118964788732394
1746	17460	0	0	0.10330985915493	0	0.10330985915493
1747	17470	0	0	0.0998239436619719	0	0.0998239436619719
1748	17480	0	0	0.092218309859155	0	0.092218309859155
1749	17490	0	0	0.0875281690140845	0	0.0875281690140845
1750	17500	0	0	0.0867676056338028	0	0.0867676056338028
1751	17510	0	0.375	0.111232394366197	0.00420442939957075	0.107027964966627
1752	17520	0	0	0.0927253521126761	0.0170191204547124	0.0757062316579637
1753	17530	0	0	0.0753591549295775	0.0234569352979763	0.0519022196316012
1754	17540	0	0	0.0759929577464789	0.023435246125952	0.0525577116205269
1755	17550	0	0	0.067943661971831	0.0224144242846304	0.0455292376872006
1756	17560	0	0	0.063443661971831	0.0196465303279736	0.0437971316438574
1757	17570	0	0	0.0581197183098592	0.0167380762510306	0.0413816420588285
1758	17580	0	0	0.0530492957746479	0.0139016755737324	0.0391476202009154
1759	17590	0	0	0.046330985915493	0.0118174120489962	0.0345135738664968
1760	17600	0	0.05	0.0397394366197183	0.0112979824844505	0.0284414541352678
1761	17610	0	0	0.0378380281690141	0.0117804524597363	0.0260575757092778
1762	17620	0	0	0.0345422535211268	0.0116155513162262	0.0229267022049006
1763	17630	0	0	0.0340352112676056	0.0105829623877293	0.0234522488798764
1764	17640	0	0.05	0.0317535211267605	0.0107665398711077	0.0209869812556529
1765	17650	0	0	0.0287112676056338	0.0112002306774014	0.0175110369282325
1766	17660	0	0	0.0292183098591549	0.0107737070632969	0.0184446027958581
1767	17670	0	0	0.0269366197183099	0.00960235522980868	0.0173342644885012
1768	17680	0	0.025	0.0286478873239437	0.0102463593430283	0.0184015279809154
1769	17690	0	0	0.0299154929577465	0.010577836849122	0.0193376561086245
1770	17700	0	0	0.0285211267605634	0.0101376278577123	0.0183834989028511
1771	17710	0	0	0.0304225352112676	0.0089326975642818	0.0214898376469858
1772	17720	0	0	0.0294084507042254	0.00406438494607738	0.025344065758148
1773	17730	0	0	0.0311197183098592	0.00370373552556116	0.027415982784298
1774	17740	0	0.025	0.0338450704225352	0.00350586219521581	0.0303392082273194
1775	17750	0	0	0.0346690140845071	0.0039150306863308	0.0307539833981762
1776	17760	0	0	0.0343521126760563	0.00396260474412524	0.0303895079319311
1777	17770	0	0	0.0329577464788732	0.00396073301293566	0.0289970134659376
1778	17780	0	0	0.0329577464788732	0.00368884623603711	0.0292689002428361
1779	17790	0	0	0.0308028169014084	0.0032740721524657	0.0275287447489427
1780	17800	0	0	0.0304225352112676	0.00281431088903994	0.0276082243222277
1781	17810	0	0.025	0.0287112676056338	0.00240847351757761	0.0263027940880562
1782	17820	0	0.4	0.0279507042253522	0.00754686390092994	0.0204038403244222
1783	17830	0	0	0.0303591549295775	0.021470831619798	0.00888832330977951
1784	17840	0	0.15	0.0294084507042254	0.0297918832578147	-0.000383432553589348
1785	17850	0	0.175	0.0301056338028169	0.036187591331569	-0.00608195752875205
1786	17860	0	0	0.0304225352112676	0.0434002050630582	-0.0129776698517906
1787	17870	0	0	0.0295985915492958	0.0432122579025242	-0.0136136663532284
1788	17880	0	0	0.0304859154929577	0.0393960469670896	-0.00891013147413189
1789	17890	0	0.025	0.0329577464788732	0.0345762116519091	-0.00161846517303584
1790	17900	0	0	0.0340985915492958	0.0306275582627784	0.00347103328651742
1791	17910	0	0	0.0375211267605634	0.0273829898978261	0.0101381368627373
1792	17920	0	0	0.0380915492957746	0.0238474152635764	0.0142441340321982
1793	17930	0	0	0.0340985915492958	0.0211933470551567	0.0129052444941391
1794	17940	0	0	0.0318169014084507	0.0188540213961773	0.0129628800122734
1795	17950	0	0	0.0305492957746479	0.0170689145347711	0.0134803812398768
1796	17960	0	0	0.027	0.014964332041796	0.0120356679582041
1797	17970	0	0	0.0267464788732395	0.0132388975135256	0.0135075813597139
1798	17980	0	0.025	0.0239577464788732	0.0121813069100682	0.011776439568805
1799	17990	0	0.15	0.0249718309859155	0.014682976902822	0.0102888540830934
1800	18000	0	0	0.0230704225352113	0.0194034245437471	0.00366699799146418
1801	18010	0	0	0.0227535211267606	0.0214655048829355	0.00128801624382504
1802	18020	0	0	0.0222464788732394	0.0207046159587033	0.00154186291453614
1803	18030	0	0	0.0181267605633803	0.0152421580335555	0.00288460252982474
1804	18040	0	0	0.0199647887323944	0.0134572983770375	0.00650749035535685
1805	18050	0	0	0.0172394366197183	0.00997664491279067	0.00726279170692764
1806	18060	0	0	0.0152112676056338	0.00670861897977539	0.00850264862585842
1807	18070	0	0	0.0146408450704225	0.00580226022536783	0.00883858484505471
1808	18080	0	0	0.0126760563380282	0.00526730077359888	0.00740875556442932
1809	18090	0	0	0.0126760563380282	0.00466269609498508	0.00801336024304312
1810	18100	0	0	0.0116619718309859	0.00389240150421633	0.0077695703267696
1811	18110	0	0	0.0105845070422535	0.00346446245369966	0.00712004458855385
1812	18120	0	0	0.0115352112676056	0.00330770890126634	0.0082275023663393
1813	18130	0	0	0.0101408450704225	0.00288554904189036	0.00725529602853215
1814	18140	0	0	0.0101408450704225	0.00247402214291732	0.00766682292750518
1815	18150	0	0	0.00899999999999998	0.00220976088162297	0.00679023911837701
1816	18160	0	0	0.00868309859154928	0.00252019696134265	0.00616290163020664
1817	18170	0	0	0.0082394366197183	0.00249507726333495	0.00574435935638336
1818	18180	0	0	0.0076056338028169	0.00232190706626253	0.00528372673655437
1819	18190	0	0	0.0076056338028169	0.00175402523478626	0.00585160856803064
1820	18200	0	0	0.00646478873239437	0	0.00646478873239437
1821	18210	0	0	0.00722535211267606	0	0.00722535211267606
1822	18220	0	0	0.0076056338028169	0	0.0076056338028169
1823	18230	0	0	0.00785915492957746	0	0.00785915492957746
1824	18240	0	0	0.00906338028169013	0	0.00906338028169013
1825	18250	0	0.475	0.0058943661971831	0.00532561057278962	0.000568755624393482
1826	18260	0	0	0.00507042253521127	0.0215575525759691	-0.0164871300407578
1827	18270	0	0	0.00507042253521127	0.0297121180441033	-0.0246416955088921
1828	18280	0	0	0.00507042253521127	0.0296846450928725	-0.0246142225576612
1829	18290	0	0	0.00507042253521127	0.0283916040938652	-0.0233211815586539
1830	18300	0	0.225	0.00500704225352113	0.0274082627218423	-0.0224012204683212
1831	18310	0	0.25	0.00507042253521127	0.0342159884571801	-0.0291455659219688
1832	18320	0	0	0.00507042253521127	0.0430290305419885	-0.0379586080067772
1833	18330	0	0.575	0.00564084507042254	0.0511146182156257	-0.0454737731452032
1834	18340	0	0.1	0.00583098591549296	0.0698900142624562	-0.0640590283469632
1835	18350	0	0	0.00957042253521124	0.0792841667368948	-0.0697137442016836
1836	18360	0	0.025	0.0101408450704225	0.0763614706631649	-0.0662206255927424
1837	18370	0	0.05	0.0101408450704225	0.0712602373439447	-0.0611193922735222
1838	18380	0	0.125	0.0101408450704225	0.066836567352213	-0.0566957222817905
1839	18390	0	0.15	0.00880985915492956	0.0652641257069007	-0.0564542665519711
1840	18400	0	0	0.0076056338028169	0.064748218475791	-0.0571425846729741
1841	18410	0	0	0.00874647887323943	0.060610819018449	-0.0518643401452096
1842	18420	0	0	0.00849295774647887	0.0571721951601187	-0.0486792374136398
1843	18430	0	0	0.0101408450704225	0.052252842549413	-0.0421119974789905
1844	18440	0	0.375	0.0101408450704225	0.0508604155464755	-0.040719570476053
1845	18450	0	0.3	0.0120422535211268	0.0607134145544908	-0.048671161033364
1846	18460	0	1.65	0.0194577464788732	0.0865767919642654	-0.0671190454853921
1847	18470	0	0.075	0.0406267605633803	0.145991986340743	-0.105365225777362
1848	18480	0	0.025	0.0553943661971831	0.173973104564396	-0.118578738367213
1849	18490	0	0	0.0502605633802817	0.169801719491773	-0.119541156111491
1850	18500	0	0	0.0440492957746479	0.160123499869107	-0.116074204094459
1851	18510	0	0.275	0.0389788732394366	0.142088586844331	-0.103109713604894
1852	18520	0	0.425	0.044112676056338	0.134494450045128	-0.0903817739887895
1853	18530	0	0.05	0.0588802816901408	0.136449616845456	-0.0775693351553152
1854	18540	0	0.025	0.0596408450704226	0.126270032188686	-0.0666291871182636
1855	18550	0	0.7	0.0565985915492958	0.126446838044418	-0.0698482464951219
1856	18560	0	0.075	0.0600211267605634	0.141069187319344	-0.0810480605587805
1857	18570	0	0.225	0.0668028169014085	0.146386223108288	-0.0795834062068797
1858	18580	0	0.675	0.0856267605633803	0.150219492348462	-0.0645927317850818
1859	18590	0	0.2	0.101598591549296	0.16747257197356	-0.0658739804242641
1860	18600	0	0.65	0.122640845070422	0.176707950102932	-0.0540671050325095
1861	18610	0	0.35	0.207	0.193054293990856	0.0139457060091436
1862	18620	0	0.2	0.275260563380282	0.203502206805983	0.0717583565742987
1863	18630	0	0.025	0.287302816901409	0.205586265994832	0.0817165509065764
1864	18640	0	0	0.226267605633803	0.194792894992145	0.0314747106416586
1865	18650	0	0	0.165612676056338	0.171619166484291	-0.00600649042795323
1866	18660	0	0	0.112943661971831	0.146992190355513	-0.0340485283836823
1867	18670	0	0	0.0952605633802816	0.110712492594616	-0.0154519292143346
1868	18680	0	0	0.0808732394366197	0.0972358199638394	-0.0163625805272197
1869	18690	0	0	0.068830985915493	0.0872757322186759	-0.0184447463031829
1870	18700	0	0	0.0600845070422535	0.0782488023967507	-0.0181642953544972
1871	18710	0	0.475	0.0533661971830986	0.0759452840455617	-0.0225790868624631
1872	18720	0	0	0.0464577464788732	0.0836682767151091	-0.0372105302362359
1873	18730	0	0.1	0.0413239436619718	0.0834203194473931	-0.0420963757854213
1874	18740	0	0.1	0.0507676056338028	0.082858163302966	-0.0320905576691632
1875	18750	0	0.025	0.0680704225352113	0.0837125340809216	-0.0156421115457104
1876	18760	0	0	0.0628732394366197	0.0719485999854513	-0.00907536054883154
1877	18770	0	0	0.0571056338028169	0.0666192020149897	-0.00951356821217274
1878	18780	0	0	0.0487394366197183	0.0582016430908731	-0.00946220647115479
1879	18790	0	0	0.0441126760563381	0.0455208936518494	-0.00140821759551134
1880	18800	0	0	0.0422112676056338	0.03865337934077	0.00355788826486383
1881	18810	0	0	0.036443661971831	0.0271801487515897	0.00926351322024133
1882	18820	0	0	0.0340352112676056	0.0203697705863151	0.0136654406812906
1883	18830	0	0	0.0291549295774648	0.0159269322336579	0.0132279973438069
1884	18840	0	0	0.027887323943662	0.014657600365644	0.013229723578018
1885	18850	0	0	0.0246549295774648	0.0128809463562215	0.0117739832212433
1886	18860	0	0	0.0228169014084507	0.0113375680461057	0.011479333362345
1887	18870	0	0	0.0212323943661972	0.00996209936287532	0.0112702950033219
1888	18880	0	0	0.0183169014084507	0.010450354799911	0.00786654660853964
1889	18890	0	0	0.0177464788732394	0.00992760710654106	0.00781887176669835
1890	18900	0	0	0.0161619718309859	0.00946150650416921	0.00670046532681669
1891	18910	0	0	0.0152112676056338	0.00874104874875259	0.00647021885688122
1892	18920	0	0	0.0145774647887324	0.0031510447487568	0.0114264200399756
1893	18930	0	0	0.0126760563380282	0.00288186578719178	0.00979419055083642
1894	18940	0	0	0.0126760563380282	0.00150761174437942	0.0111684445936488
1895	18950	0	0	0.0126760563380282	0.000292337539131044	0.0123837187988972
1896	18960	0	0	0.0126760563380282	0	0.0126760563380282
1897	18970	0	0	0.0125492957746479	0	0.0125492957746479
1898	18980	0	0	0.0114718309859155	0	0.0114718309859155
1899	18990	0	0	0.0115985915492958	0	0.0115985915492958
1900	19000	0	0	0.0101408450704225	0	0.0101408450704225
1901	19010	0	0	0.0101408450704225	0	0.0101408450704225
1902	19020	0	0	0.0101408450704225	0	0.0101408450704225
1903	19030	0	0	0.0101408450704225	0	0.0101408450704225
1904	19040	0	0	0.0101408450704225	0	0.0101408450704225
1905	19050	0	0	0.0101408450704225	0	0.0101408450704225
1906	19060	0	0	0.0101408450704225	0	0.0101408450704225
1907	19070	0	0	0.00836619718309859	0	0.00836619718309859
1908	19080	0	0	0.00995070422535209	0	0.00995070422535209
1909	19090	0.999986752554591	0	0.00804929577464788	0	0.00804929577464788
1910	19100	0.999797437980009	0	0.0076056338028169	0	0.0076056338028169
1911	19110	0.999797437980009	0	0.0076056338028169	0	0.0076056338028169
1912	19120	0.999797437980009	0	0.0076056338028169	0	0.0076056338028169
1913	19130	0.999797437980009	0	0.0076056338028169	0	0.0076056338028169
1914	19140	0.999797437980009	0	0.0076056338028169	0	0.0076056338028169
1915	19150	0.999797437980009	0	0.0076056338028169	0	0.0076056338028169
1916	19160	0.999797437980009	0	0.0076056338028169	0	0.0076056338028169
1917	19170	0.999797437980009	0	0.0076056338028169	0	0.0076056338028169
1918	19180	0.999591041088314	0.025	0.0076056338028169	0.000280295293304717	0.00732533850951219
1919	19190	0.998515760398453	0	0.0076056338028169	0.00113460803031416	0.00647102577250274
1920	19200	0.997370022348444	0	0.0076056338028169	0.00156379568653175	0.00604183811628515
1921	19210	0.997819290090148	0	0.00754225352112676	0.00156234974173013	0.00597990377939663
1922	19220	0.997826613201208	0	0.0076056338028169	0.00149429495230869	0.00611133885050821
1923	19230	0.996638581673388	0	0.00690845070422535	0.00130976868853157	0.00559868201569378
1924	19240	0.985567115476188	0.25	0.00671830985915493	0.00391882468311588	0.00279948517603905
1925	19250	0.926003103186929	0	0.00747887323943662	0.0122728586747238	-0.00479398543528715
1926	19260	0.82403017709893	0	0.00507042253521127	0.0164257843352506	-0.0113553618000393
1927	19270	0.862148475006181	0	0.00507042253521127	0.0163393235438241	-0.0112689010086128
1928	19280	0.852943870578035	0	0.00507042253521127	0.0155770319496941	-0.0105066094144829
1929	19290	0.885378342686989	0	0.00507042253521127	0.0136635508815266	-0.00859312834631528
1930	19300	0.894263040378748	0	0.00507042253521127	0.0116559350276384	-0.0065855124924271
1931	19310	0.912122369780819	0	0.00507042253521127	0.00974894100781368	-0.00467851847260241
1932	19320	0.94255701811826	0	0.00507042253521127	0.00829903984864478	-0.00322861731343351
1933	19330	0.947773177924708	0	0.00507042253521127	0.00751921941123379	-0.00244879687602252
1934	19340	0.944446776609968	0	0.00507042253521127	0.00664909753295093	-0.00157867499773966
1935	19350	0.955443967712989	0	0.00507042253521127	0.00601876124245777	-0.000948338707246503
1936	19360	0.958849948235009	0	0.00507042253521127	0.00533164454875928	-0.000261222013548008
1937	19370	0.953911269985447	0	0.00507042253521127	0.00514983450777582	-7.94119725645529e-05
1938	19380	0.966069941967213	0	0.00507042253521127	0.00449998903227098	0.000570433502940295
1939	19390	0	0	0.00507042253521127	0.00360958146006397	0.0014608410751473
1940	19400	0.979763985373545	0	0.00507042253521127	0.00308273266878939	0.00198768986642188
1941	19410	0.969720873427523	0	0.00507042253521127	0.00360121280349338	0.00146920973171789
1942	19420	0.977654080103574	0	0.00507042253521127	0.00359469279246617	0.0014757297427451
1943	19430	0.968644810164841	0	0.00507042253521127	0.00338261587855247	0.0016878066566588
1944	19440	0	0	0.00507042253521127	0.00292337539131044	0.00214704714390084
1945	19450	0.994440257800616	0	0.00507042253521127	0	0.00507042253521127
1946	19460	0.994440257800616	0	0.00507042253521127	0	0.00507042253521127
1947	19470	0	0.025	0.00507042253521127	0.000280295293304717	0.00479012724190655
1948	19480	0	0	0.00507042253521127	0.00113460803031416	0.00393581450489711
1949	19490	0	0	0.00507042253521127	0.00156379568653175	0.00350662684867952
1950	19500	0.988935737662288	0	0.00507042253521127	0.00156234974173013	0.00350807279348114
1951	19510	0	0	0.00507042253521127	0.00149429495230869	0.00357612758290258
1952	19520	0.989710031937897	0	0.00507042253521127	0.00130976868853157	0.0037606538466797
1953	19530	0	0	0.00507042253521127	0.00111587175006871	0.00395455078514256
1954	19540	0.989506045036522	0.025	0.00507042253521127	0.00120707366488688	0.00386334887032439
1955	19550	0.986888673762186	0	0.00507042253521127	0.00192243550024724	0.00314798703496403
1956	19560	0.98413544571942	0	0.00507042253521127	0.00227962181305449	0.00279080072215678
1957	19570	0.985367434664392	0	0.00507042253521127	0.00219643216833733	0.00287399036687394
1958	19580	0	0	0.00507042253521127	0.00206015894851954	0.00301026358669173
1959	19590	0.987072714320449	0	0.00507042253521127	0.00180698621548284	0.00326343631972843
1960	19600	0.985832801172911	0.025	0.00507042253521127	0.00187732433536548	0.00319309819984579
1961	19610	0.981393044878441	0.025	0.00507042253521127	0.00276244684451503	0.00230797569069624
1962	19620	0.970754810860372	0.05	0.00507042253521127	0.00440777991939482	0.000662642615816446
1963	19630	0.95640375937368	0	0.00507042253521127	0.00641946088229189	-0.00134903834708061
1964	19640	0.946083604916721	0	0.00507042253521127	0.00717843977405887	-0.0021080172388476
1965	19650	0.954971232264537	0	0.00507042253521127	0.00685409639975799	-0.00178367386454672
1966	19660	0.953239502585124	0.025	0.00507042253521127	0.0065300047513289	-0.00145958221611763
1967	19670	0.949957199044782	0.025	0.00507042253521127	0.00685058565345599	-0.00178016311824472
1968	19680	0	0.125	0.00507042253521127	0.00846699467433615	-0.00339657213912488
1969	19690	0	0.35	0.00507042253521127	0.0164414881717253	-0.011371065636514
1970	19700	0	0.025	0.00507042253521127	0.0302742676042756	-0.0252038450690643
1971	19710	0.550894184189628	0	0.00507042253521127	0.0366352799474625	-0.0315648574122512
1972	19720	0.594235548235927	0	0.00507042253521127	0.0360245229265205	-0.0309541003913092
1973	19730	0.602434441686723	0.025	0.00507042253521127	0.0338026323308855	-0.0287322097956743
1974	19740	0.648361840644309	0	0.00507042253521127	0.0304483242482633	-0.025377901713052
1975	19750	0.679253220756124	0	0.00507042253521127	0.0263773522096964	-0.0213069296744851
1976	19760	0.740895815522032	0	0.00507042253521127	0.0224529263082578	-0.0173825037730465
1977	19770	0.783387749242916	0.125	0.00507042253521127	0.0210215222641504	-0.0159510997289391
1978	19780	0	0.075	0.00507042253521127	0.0242027187108199	-0.0191322961756086
1979	19790	0	0.025	0.00507042253521127	0.0274376178937963	-0.022367195358585
1980	19800	0	0	0.00507042253521127	0.0278582483052432	-0.0227878257700319
1981	19810	0	0	0.00507042253521127	0.0261934269868495	-0.0211230044516382
1982	19820	0	0	0.00507042253521127	0.0239010560203943	-0.018830633485183
1983	19830	0	0.425	0.00507042253521127	0.0252471168406826	-0.0201766943054713
1984	19840	0	0	0.00507042253521127	0.0368806123955943	-0.031810189860383
1985	19850	0	0	0.00507042253521127	0.0420922095636318	-0.0370217870284205
1986	19860	0	0.125	0.00507042253521127	0.043089887496912	-0.0380194649617008
1987	19870	0	0.125	0.00507042253521127	0.0463803506074027	-0.0413099280721914
1988	19880	0	0	0.00507042253521127	0.0481232570275465	-0.0430528344923353
1989	19890	0	0.025	0.00507042253521127	0.0444378646383471	-0.0393674421031358
1990	19900	0	0.25	0.00507042253521127	0.0400917786069575	-0.0350213560717462
1991	19910	0	0.125	0.00507042253521127	0.0461287220780046	-0.0410582995427934
1992	19920	0	0	0.00507042253521127	0.0510570981603277	-0.0459866756251164
1993	19930	0	0	0.00507042253521127	0.0492667661237045	-0.0441963435884932
1994	19940	0	0	0.00507042253521127	0.0453435684118196	-0.0402731458766083
1995	19950	0	0.2	0.00507042253521127	0.0430843451879763	-0.038013922652765
1996	19960	0	0.025	0.00507042253521127	0.0460505526376252	-0.040980130102414
1997	19970	0	0	0.00507042253521127	0.0452686248495621	-0.0401982023143509
1998	19980	0	0	0.00507042253521127	0.0399575566073048	-0.0348871340720936
1999	19990	0	0	0.00507042253521127	0.0356730475724893	-0.030602625037278
2000	20000	0	0	0.00507042253521127	0.0330899373279268	-0.0280195147927155
2001	20010	0	0	0.00507042253521127	0.0295826065349714	-0.0245121839997601
2002	20020	0	0	0.00507042253521127	0.0259093553232508	-0.0208389327880396
2003	20030	0	0.025	0.00507042253521127	0.0235398300297115	-0.0184694074945003
2004	20040	0	0.2	0.00507042253521127	0.0204637557559533	-0.015393333220742
2005	20050	0	0.025	0.00507042253521127	0.0262197755707523	-0.021149353035541
2006	20060	0	0	0.00507042253521127	0.0287689579746944	-0.0236985354394832
2007	20070	0	0		0.0270642288972924	
2008	20080	0	0		0.0249065146936871	
2009	20090	0	0		0.0224078945110506	
2010	20100	0	0		0.0190866347086153	
2011	20110	0	0		0.0136067581693522	
2012	20120	0	0		0.0111344677672432	
2013	20130	0	0		0.0103843944230445	
2014	20140	0	0		0.00941991151767977	
2015	20150	0	0.025		0.00861546911745353	
2016	20160	0	0		0.00645170707325824	
2017	20170	0	0		0.00633103669873347	
2018	20180	0	0		0.00577058637424053	
2019	20190	0	0		0.0051109985365528	
2020	20200	0	0		0.00449703424991882	
2021	20210	0	0		0.00466458453898897	
2022	20220	0	0		0.00450091547375968	
2023	20230	0	0		0.00414572699115272	
2024	20240	0	0		0.00339278802742633	
2025	20250	0	0.025		0.00120671525904296	
2026	20260	0	0.1		0.00282165319974387	
2027	20270	0	0.05		0.0071600359213491	
2028	20280	0	0.4		0.015052630533353	
2029	20290	0	0.5		0.0350516847927276	
2030	20300	0	0.025		0.058765793011329	
2031	20310	0	0.125		0.0684614037708462	
2032	20320	0	0		0.0707624739389137	
2033	20330	0	0		0.0673096799727136	
2034	20340	0	0		0.0594143197699648	
2035	20350	0	0		0.0512925118084592	
2036	20360	0	0.025		0.0436196633922889	
2037	20370	0				
2038	20380	0				
2039	20390	0				
2040	20400	0				
2041	20410	0				
2042	20420	0				
2043	20430	0				
2044	20440	0				
2045	20450	0				
2046	20460	0				
2047	20470	0				
2048	20480	0				
2049	20490	0				
2050	20500	0				
2051	20510	0				
2052	20520	0				
2053	20530	0				
2054	20540	0				
2055	20550	0				
2056	20560	0				
2057	20570	0				
2058	20580	0				
2059	20590	0				
2060	20600	0				
2061	20610	0				
2062	20620	0				
2063	20630	0				
2064	20640	0				
2065	20650	0				
2066	20660	0				
2067	20670	0				
2068	20680	0				
2069	20690	0				
2070	20700	0				
2071	20710	0				
2072	20720	0				
2073	20730	0				
2074	20740	0				
2075	20750	0				
2076	20760	0				
2077	20770	0				
2078	20780	0				
2079	20790	0				
2080	20800	0				
2081	20810	0				
2082	20820	0				
2083	20830	0				
2084	20840	0				
2085	20850	0				
2086	20860	0				
2087	20870	0				
2088	20880	0				
2089	20890	0				
2090	20900	0				
2091	20910	0				
2092	20920	0				
2093	20930	0				
2094	20940	0				
2095	20950	0				
2096	20960	0				
2097	20970	0				
2098	20980	0				
2099	20990	0				
2100	21000	0				
2101	21010	0				
2102	21020	0				
2103	21030	0				
2104	21040	0				
2105	21050	0				
2106	21060	0				
2107	21070	0				
2108	21080	0				
2109	21090	0				
2110	21100	0				
2111	21110	0				
2112	21120	0				
2113	21130	0				
2114	21140	0				
2115	21150	0				
2116	21160	0				
2117	21170	0				
2118	21180	0				
2119	21190	0				
2120	21200	0				
2121	21210	0				
2122	21220	0				
2123	21230	0				
2124	21240	0				
2125	21250	0				
2126	21260	0				
2127	21270	0				
2128	21280	0				
2129	21290	0				
2130	21300	0				
2131	21310	0				
2132	21320	0				
2133	21330	0				
2134	21340	0				
2135	21350	0				
2136	21360	0				
2137	21370	0				
2138	21380	0				
2139	21390	0				
2140	21400	0				
2141	21410	0				
2142	21420	0				
2143	21430	0				
2144	21440	0				
2145	21450	0				
2146	21460	0				
2147	21470	0				
2148	21480	0				
2149	21490	0				
2150	21500	0				
2151	21510	0				
2152	21520	0				
2153	21530	0				
2154	21540	0				
2155	21550	0				
2156	21560	0				
2157	21570	0				
2158	21580	0				
2159	21590	0				
2160	21600	0				
2161	21610	0				
2162	21620	0				
2163	21630	0				
2164	21640	0				
2165	21650	0				
2166	21660	0				
2167	21670	0				
2168	21680	0				
2169	21690	0				
2170	21700	0				
2171	21710	0				
2172	21720	0				
2173	21730	0				
2174	21740	0				
2175	21750	0				
2176	21760	0				
2177	21770	0				
2178	21780	0				
2179	21790	0				
2180	21800	0				
2181	21810	0				
2182	21820	0				
2183	21830	0				
2184	21840	0				
2185	21850	0				
2186	21860	0				
2187	21870	0				
2188	21880	0				
2189	21890	0				
2190	21900	0				
2191	21910	0				
2192	21920	0				
2193	21930	0				
2194	21940	0				
2195	21950	0				
2196	21960	0				
2197	21970	0				
2198	21980	0				
2199	21990	0				
2200	22000	0				
2201	22010	0				
2202	22020	0				
2203	22030	0				
2204	22040	0				
2205	22050	0				
2206	22060	0				
2207	22070	0				
2208	22080	0				
2209	22090	0				
2210	22100	0				
2211	22110	0				
2212	22120	0				
2213	22130	0				
2214	22140	0				
2215	22150	0				
2216	22160	0				
2217	22170	0				
2218	22180	0				
2219	22190	0				
2220	22200	0				
2221	22210	0				
2222	22220	0				
2223	22230	0				
2224	22240	0				
2225	22250	0				
2226	22260	0				
2227	22270	0				
2228	22280	0				
2229	22290	0				
2230	22300	0				
2231	22310	0				
2232	22320	0				
2233	22330	0				
2234	22340	0				
2235	22350	0				
2236	22360	0				
2237	22370	0				
2238	22380	0				
2239	22390	0				
2240	22400	0				
2241	22410	0				
2242	22420	0				
2243	22430	0				
2244	22440	0				
2245	22450	0				
2246	22460	0				
2247	22470	0				
2248	22480	0				
2249	22490	0				
2250	22500	0				
2251	22510	0				
2252	22520	0				
2253	22530	0				
2254	22540	0				
2255	22550	0				
2256	22560	0				
2257	22570	0				
2258	22580	0				
2259	22590	0				
2260	22600	0				
2261	22610	0				
2262	22620	0				
2263	22630	0				
2264	22640	0				
2265	22650	0				
2266	22660	0				
2267	22670	0				
2268	22680	0				
2269	22690	0				
2270	22700	0				
2271	22710	0				
2272	22720	0				
2273	22730	0				
2274	22740	0				
2275	22750	0				
2276	22760	0				
2277	22770	0				
2278	22780	0				
2279	22790	0				
2280	22800	0				
2281	22810	0				
2282	22820	0				
2283	22830	0				
2284	22840	0				
2285	22850	0				
2286	22860	0				
2287	22870	0				
2288	22880	0				
2289	22890	0				
2290	22900	0				
2291	22910	0				
2292	22920	0				
2293	22930	0				
2294	22940	0				
2295	22950	0				
2296	22960	0				
2297	22970	0				
2298	22980	0				
2299	22990	0				
2300	23000	0				
2301	23010	0				
2302	23020	0				
2303	23030	0				
2304	23040	0				
2305	23050	0				
2306	23060	0				
2307	23070	0				
2308	23080	0				
2309	23090	0				
2310	23100	0				
2311	23110	0				
2312	23120	0				
2313	23130	0				
2314	23140	0				
2315	23150	0				
2316	23160	0				
2317	23170	0				
2318	23180	0				
2319	23190	0				
2320	23200	0				
2321	23210	0				
2322	23220	0				
2323	23230	0				
2324	23240	0				
2325	23250	0				
2326	23260	0				
2327	23270	0				
2328	23280	0				
2329	23290	0				
2330	23300	0				
2331	23310	0				
2332	23320	0				
2333	23330	0				
2334	23340	0				
2335	23350	0				
2336	23360	0				
2337	23370	0				
2338	23380	0				
2339	23390	0				
2340	23400	0				
2341	23410	0				
2342	23420	0				
2343	23430	0				
2344	23440	0				
2345	23450	0				
2346	23460	0				
2347	23470	0				
2348	23480	0				
2349	23490	0				
2350	23500	0				
2351	23510	0				
2352	23520	0				
2353	23530	0				
2354	23540	0				
2355	23550	0				
2356	23560	0				
2357	23570	0				
2358	23580	0				
2359	23590	0				
2360	23600	0				
2361	23610	0				
2362	23620	0				
2363	23630	0				
2364	23640	0				
2365	23650	0				
2366	23660	0				
2367	23670	0				
2368	23680	0				
2369	23690	0				
2370	23700	0				
2371	23710	0				
2372	23720	0				
2373	23730	0				
2374	23740	0				
2375	23750	0				
2376	23760	0				
2377	23770	0				
2378	23780	0				
2379	23790	0				
2380	23800	0				
2381	23810	0				
2382	23820	0				
2383	23830	0				
2384	23840	0				
2385	23850	0				
2386	23860	0				
2387	23870	0				
2388	23880	0				
2389	23890	0				
2390	23900	0				
2391	23910	0				
2392	23920	0				
2393	23930	0				
2394	23940	0				
2395	23950	0				
2396	23960	0				
2397	23970	0				
2398	23980	0				
2399	23990	0				
2400	24000	0				
2401	24010	0				
2402	24020	0				
2403	24030	0				
2404	24040	0				
2405	24050	0				
2406	24060	0				
2407	24070	0				
2408	24080	0				
2409	24090	0				
2410	24100	0				
2411	24110	0				
2412	24120	0				
2413	24130	0				
2414	24140	0				
2415	24150	0				
2416	24160	0				
2417	24170	0				
2418	24180	0				
2419	24190	0				
2420	24200	0				
2421	24210	0				
2422	24220	0				
2423	24230	0				
2424	24240	0				
2425	24250	0				
2426	24260	0				
2427	24270	0				
2428	24280	0				
2429	24290	0				
2430	24300	0				
2431	24310	0				
2432	24320	0				
2433	24330	0				
2434	24340	0				
2435	24350	0				
2436	24360	0				
2437	24370	0				
2438	24380	0				
2439	24390	0				
2440	24400	0				
2441	24410	0				
2442	24420	0				
2443	24430	0				
2444	24440	0				
2445	24450	0				
2446	24460	0				
2447	24470	0				
2448	24480	0				
2449	24490	0				
2450	24500	0				
2451	24510	0				
2452	24520	0				
2453	24530	0				
2454	24540	0				
2455	24550	0				
2456	24560	0				
2457	24570	0				
2458	24580	0				
2459	24590	0				
2460	24600	0				
2461	24610	0				
2462	24620	0				
2463	24630	0				
2464	24640	0				
2465	24650	0				
2466	24660	0				
2467	24670	0				
2468	24680	0				
2469	24690	0				
2470	24700	0				
2471	24710	0				
2472	24720	0				
2473	24730	0				
2474	24740	0				
2475	24750	0				
2476	24760	0				
2477	24770	0				
2478	24780	0				
2479	24790	0				
2480	24800	0				
2481	24810	0				
2482	24820	0				
2483	24830	0				
2484	24840	0				
2485	24850	0				
2486	24860	0				
2487	24870	0				
2488	24880	0				
2489	24890	0				
2490	24900	0				
2491	24910	0				
2492	24920	0				
2493	24930	0				
2494	24940	0				
2495	24950	0				
2496	24960	0				
2497	24970	0				
2498	24980	0				
2499	24990	0				
2500	25000	0				
2501	25010	0				
2502	25020	0				
2503	25030	0				
2504	25040	0				
2505	25050	0				
2506	25060	0				
2507	25070	0				
2508	25080	0				
2509	25090	0				
2510	25100	0				
2511	25110	0				
2512	25120	0				
2513	25130	0				
2514	25140	0				
2515	25150	0				
2516	25160	0				
2517	25170	0				
2518	25180	0				
2519	25190	0				
2520	25200	0				
2521	25210	0				
2522	25220	0				
2523	25230	0				
2524	25240	0				
2525	25250	0				
2526	25260	0				
2527	25270	0				
2528	25280	0				
2529	25290	0				
2530	25300	0				
2531	25310	0				
2532	25320	0				
2533	25330	0				
2534	25340	0				
2535	25350	0				
2536	25360	0				
2537	25370	0				
2538	25380	0				
2539	25390	0				
2540	25400	0				
2541	25410	0				
2542	25420	0				
2543	25430	0				
2544	25440	0				
2545	25450	0				
2546	25460	0				
2547	25470	0				
2548	25480	0				
2549	25490	0				
2550	25500	0				
2551	25510	0				
2552	25520	0				
2553	25530	0				
2554	25540	0				
2555	25550	0				
2556	25560	0				
2557	25570	0				
2558	25580	0				
2559	25590	0				
2560	25600	0				
2561	25610	0				
2562	25620	0				
2563	25630	0				
2564	25640	0				
2565	25650	0				
2566	25660	0				
2567	25670	0				
2568	25680	0				
2569	25690	0				
2570	25700	0				
2571	25710	0				
2572	25720	0				
2573	25730	0				
2574	25740	0				
2575	25750	0				
2576	25760	0				
2577	25770	0				
2578	25780	0				
2579	25790	0				
2580	25800	0				
2581	25810	0				
2582	25820	0				
2583	25830	0				
2584	25840	0				
2585	25850	0				
2586	25860	0				
2587	25870	0				
2588	25880	0				
2589	25890	0				
2590	25900	0				
2591	25910	0				
2592	25920	0				
2593	25930	0				
2594	25940	0				
2595	25950	0				
2596	25960	0				
2597	25970	0				
2598	25980	0	0			
2599	25990	0	0			
2600	26000	0	0			
2601	26010	0	0	0.0447338028169014		
2602	26020	0	0	0.0422366197183099		
2603	26030	0	0	0.0441316901408451		
2604	26040	0	0	0.0473197183098591		
2605	26050	0	0	0.0633866197183099		
2606	26060	0	0	0.0662957746478873		
2607	26070	0	0	0.0682859154929578		
2608	26080	0	0	0.112126056338028		
2609	26090	0	0	0.117633802816901		
2610	26100	0	0	0.147821830985916		
2611	26110	0	0	0.16180985915493		
2612	26120	0	0	0.114864084507042		
2613	26130	0	0	0.0714422535211268		
2614	26140	0	0.6	0.04815		
2615	26150	0	0.025	0.0546021126760564		
2616	26160	0	0	0.0509070422535211		
2617	26170	0	0	0.0540253521126761		
2618	26180	0	0	0.0605725352112676	0.0374254285971388	0.0231471066141289
2619	26190	0	0	0.0601985915492958	0.0329287434770664	0.0272698480722294
2620	26200	0	0	0.0834464788732394	0.0280906906901806	0.0553557881830588
2621	26210	0	0	0.0774253521126761	0.0233585526680406	0.0540667994446355
2622	26220	0	0	0.0856014084507042	0.0198346376499761	0.0657667708007281
2623	26230	0	0	0.090874647887324	0.0179676545064788	0.0729069933808452
2624	26240	0	0.775	0.0763352112676057	0.0246229584575418	0.0517122528100639
2625	26250	0	0.25	0.0906718309859155	0.0521906202084536	0.038481210777462
2626	26260	0	0.7	0.109755633802817	0.0801710994411993	0.0295845343616175
2627	26270	0	0	0.11732323943662	0.107884816242509	0.00943842319411095
2628	26280	0	0	0.11410985915493	0.116312441037288	-0.00220258188235803
2629	26290	0	0	0.103189436619719	0.108375332289477	-0.0051858956697583
2630	26300	0	0.175	0.089524647887324	0.099251553406323	-0.0097269055189991
2631	26310	0	0.175	0.0789718309859155	0.0954178775592133	-0.0164460465732978
2632	26320	0	0.025	0.0718542253521127	0.0930913495791652	-0.0212371242270525
2633	26330	0	0.025	0.0643943661971831	0.0877943477350609	-0.0233999815378778
2634	26340	0	0	0.0487204225352113	0.0803232647502948	-0.0316028422150835
2635	26350	0	0	0.0383260563380282	0.0669726681445196	-0.0286466118064914
2636	26360	0	0	0.0380091549295775	0.0588628190068401	-0.0208536640772626
2637	26370	0	0	0.0358352112676056	0.0528348577075664	-0.0169996464399608
2638	26380	0	0.025	0.0334647887323944	0.0464855599258015	-0.0130207711934071
2639	26390	0	0	0.029237323943662	0.0425725915222716	-0.0133352675786096
2640	26400	0	0	0.0221133802816901	0.0376752383140595	-0.0155618580323693
2641	26410	0	0	0.0186971830985916	0.0358189487457102	-0.0171217656471187
2642	26420	0	0	0.0153316901408451	0.0336621861003222	-0.0183304959594771
2643	26430	0	0	0.0114845070422535	0.0335225367097132	-0.0220380296674597
2644	26440	0	0	0.0125112676056338	0.0310026297728933	-0.0184913621672595
2645	26450	0	0	0.00835352112676057	0.0197719161090256	-0.011418394982265
2646	26460	0	0.825	0.0124478873239437	0.0238095655761614	-0.0113616782522177
2647	26470	0	0	0.014419014084507	0.0436183762528084	-0.0291993621683013
2648	26480	0	0.05	0.0136077464788732	0.0585062959988215	-0.0448985495199483
2649	26490	0	0	0.0137978873239437	0.0599451321508748	-0.0461472448269312
2650	26500	0	0	0.0144316901408451	0.0580703267747016	-0.0436386366338565
2651	26510	0	0	0.0200028169014085	0.0495723171380133	-0.0295695002366049
2652	26520	0	0	0.0241985915492958	0.0408637219331851	-0.0166651303838893
2653	26530	0	0	0.031962676056338	0.0338565193244119	-0.00189384326807388
2654	26540	0	0	0.0411591549295775	0.028538323274808	0.0126208316547695
2655	26550	0	0	0.0416154929577465	0.0258359401987641	0.0157795527589824
2656	26560	0	0	0.0522570422535211	0.0228598442971504	0.0293971979563708
2657	26570	0	0	0.0542661971830986	0.0204434257158586	0.03382277146724
2658	26580	0	0	0.0561612676056338	0.0179686807817372	0.0381925868238966
2659	26590	0	0	0.0568077464788733	0.0170099186281596	0.0397978278507137
2660	26600	0	0	0.0518894366197183	0.0148796849812643	0.037009751638454
2661	26610	0	0	0.0598880281690141	0.0128739334021952	0.0470140947668189
2662	26620	0	0	0.0479535211267606	0.011014548105633	0.0369389730211276
2663	26630	0	0	0.0479408450704226	0.012605918543541	0.0353349265268816
2664	26640	0	0	0.0411591549295775	0.0124790327488962	0.0286801221806813
2665	26650	0	0	0.0320007042253521	0.0118828749599218	0.0201178292654303
2666	26660	0	0	0.0402654929577465	0.0103660773498177	0.0298994156079288
2667	26670	0	0.075	0.0356070422535211	0.00151740905562465	0.0340896331978965
2668	26680	0	0.4	0.0383514084507042	0.00847322386208004	0.0298781845886242
2669	26690	0	0	0.0410387323943662	0.0228451155446218	0.0181936168497443
2670	26700	0	0.65	0.0431683098591549	0.0369954578356211	0.00617285202353384
2671	26710	0	0.25	0.1557	0.0617832424458235	0.0939167575541765
2672	26720	0	0.05	0.221051408450704	0.0804033840421104	0.140648024408594
2673	26730	0	0	0.166880281690141	0.0828321804776405	0.0840481012125003
2674	26740	0	0.025	0.11500985915493	0.0785173359595414	0.0364925231953881
2675	26750	0	0	0.0819443661971831	0.070448179293796	0.0114961869033871
2676	26760	0	0.025	0.0700415492957747	0.0616957511700535	0.00834579812572116
2677	26770	0	0	0.0606169014084507	0.0539269156151162	0.00668998579333453
2678	26780	0	0	0.0543929577464789	0.0468840428874073	0.00750891485907161
2679	26790	0	0.025	0.0440239436619718	0.04204120097588	0.0019827426860918
2680	26800	0	0.2	0.0494366197183098	0.0406061486832065	0.00883047103510338
2681	26810	0	0	0.0548176056338028	0.0443229595295731	0.0104946461042298
2682	26820	0	0.4	0.0621380281690141	0.0481307164899602	0.0140073116790539
2683	26830	0	0	0.0638619718309859	0.0591035688597482	0.00475840297123768
2684	26840	0	0.025	0.0614852112676057	0.0627457024484521	-0.00126049118084647
2685	26850	0	0.025	0.0567887323943662	0.0606834367689755	-0.00389470437460927
2686	26860	0	0.05	0.0492274647887324	0.0573852757951407	-0.00815781100640832
2687	26870	0	0.1	0.0489739436619718	0.0561789176823696	-0.00720497402039773
2688	26880	0	0	0.0449049295774648	0.054754405975471	-0.00984947639800619
2689	26890	0	0.15	0.0394732394366197	0.0490067150897593	-0.00953347565313955
2690	26900	0	0.025	0.0429908450704226	0.0494267045839713	-0.00643585951354879
2691	26910	0	0	0.0639443661971831	0.041955074971832	0.0219892912253512
2692	26920	0	0.4	0.0791112676056338	0.040464676883272	0.0386465907223618
2693	26930	0	0	0.110110563380281	0.0505247755733324	0.0595857878069491
2694	26940	0	0	0.111707746478873	0.0533406816374472	0.0583670648414261
2695	26950	0	0	0.0975359154929577	0.0500182203068801	0.0475176951860776
2696	26960	0	0	0.0799859154929578	0.045630699442504	0.0343552160504538
2697	26970	0	0	0.0698704225352113	0.0402722445836232	0.029598177951588
2698	26980	0	0.55	0.0674239436619718	0.0414094302548158	0.026014513407156
2699	26990	0	0.3	0.130316197183099	0.0601669735327207	0.0701492236503779
2700	27000	0	0.025	0.174302112676056	0.0764592023440505	0.0978429103320059
2701	27010	0	0	0.162101408450704	0.0777597946112214	0.0843416138394829
2702	27020	0	0	0.122342957746479	0.0741733319461795	0.0481696258002994
2703	27030	0	0	0.10208661971831	0.0630194389396948	0.039067180778615
2704	27040	0	0.025	0.0838711267605634	0.0553730102729534	0.02849811648761
2705	27050	0	0	0.0741549295774648	0.0485398141454588	0.025615115432006
2706	27060	0	0	0.0664669014084507	0.0422721770017961	0.0241947244066546
2707	27070	0	0	0.0605852112676057	0.0371528499844651	0.0234323612831406
2708	27080	0	0.45	0.054012676056338	0.0371885756817991	0.0168241003745389
2709	27090	0	0.725	0.0596725352112676	0.0584893272107019	0.00118320800056573
2710	27100	0	0	0.0724943661971831	0.086574908967893	-0.0140805427707099
2711	27110	0	0.675	0.0796119718309859	0.104497241700508	-0.0248852698695221
2712	27120	0	0.575	0.1215	0.130279826628015	-0.00877982662801471
2713	27130	0	0	0.175880281690141	0.149416102666527	0.0264641790236139
2714	27140	0	0	0.167216197183099	0.148388084484931	0.0188281126981677
2715	27150	0	0	0.129454225352113	0.137871068725049	-0.00841684337293658
2716	27160	0	0	0.098968309859155	0.123825276029578	-0.0248569661704233
2717	27170	0	0	0.0809239436619718	0.108581748849666	-0.0276578051876943
2718	27180	0	0.05	0.0671957746478873	0.0946918975627037	-0.0274961229148164
2719	27190	0	0.375	0.065243661971831	0.0818421022016201	-0.0165984402297891
2720	27200	0	0.025	0.0739647887323944	0.0838349265269026	-0.00987013779450827
2721	27210	0	0	0.0744781690140845	0.0847407300579612	-0.0102625610438767
2722	27220	0	0	0.0667647887323944	0.0797366588614276	-0.0129718701290333
2723	27230	0	0	0.0577077464788732	0.0720737540900334	-0.0143660076111602
2724	27240	0	0	0.050393661971831	0.0641088613612218	-0.0137151993893908
2725	27250	0	0	0.0446450704225352	0.057750786215799	-0.0131057157932638
2726	27260	0	0	0.0397964788732394	0.0529306347966318	-0.0131341559233923
2727	27270	0	0	0.0354485915492958	0.0473145759170486	-0.0118659843677529
2728	27280	0	0	0.030587323943662	0.0446786056807973	-0.0140912817371353
2729	27290	0	0	0.0267401408450704	0.0378250391405461	-0.0110848982954757
2730	27300	0	0.675	0.0271330985915493	0.0350853066376636	-0.00795220804611432
2731	27310	0	0.025	0.0536070422535211	0.0555742836734599	-0.00196724141993875
2732	27320	0	0.15	0.0633485915492958	0.0603187339319739	0.00302985761732186
2733	27330	0	0	0.0783190140845071	0.058069437718845	0.020249576365662
2734	27340	0	0.15	0.0755556338028169	0.0594245432062515	0.0161310905965654
2735	27350	0	0	0.0803915492957746	0.058745095884816	0.0216464534109586
2736	27360	0	0.1	0.0800683098591549	0.0573370619772605	0.0227312478818944
2737	27370	0		0.0795676056338028		
2738	27380	0		0.0814056338028169		
2739	27390	0		0.0734197183098592		
2740	27400	0		0.0631964788732394		
2741	27410	0		0.0544119718309859		
2742	27420	0		0.0473767605633803		
2743	27430	0		0.0424077464788733		
2744	27440	0		0.0371725352112676		
2745	27450	0		0.0317471830985916		
2746	27460	0		0.028324647887324		
2747	27470	0		0.0264549295774648		
2748	27480	0		0.0294845070422535		
2749	27490	0		0.0306823943661972		
2750	27500	0		0.0283880281690141		
2751	27510	0		0.0255929577464789		
2752	27520	0		0.0219929577464789		
2753	27530	0	0.6	0.0215049295774648		
2754	27540	0	0.375	0.0272471830985916		
2755	27550	0	0.55	0.046337323943662		
2756	27560	0	0.025	0.0659852112676056		
2757	27570	0	0.1	0.0655732394366197		
2758	27580	0	0.75	0.0702950704225352		
2759	27590	0	0.1	0.100996478873239		
2760	27600	0	0.3	0.119414788732395		
2761	27610	0	0.05	0.141122535211268		
2762	27620	0	0.4	0.149552112676056		
2763	27630	0	0.575	0.194292253521127		
2764	27640	0	0	0.291238732394366		
2765	27650	0	0	0.267198591549296		
2766	27660	0	0	0.197664084507042		
2767	27670	0	0	0.137769718309859		
2768	27680	0	0	0.10472323943662		
2769	27690	0	0.125	0.0836239436619718		
2770	27700	0	0	0.0717274647887324		
2771	27710	0	0	0.0590133802816902		
2772	27720	0	0.425	0.0532267605633803		
2773	27730	0	0	0.053087323943662	0.0912692218117428	-0.0381818978680808
2774	27740	0	0	0.0513760563380282	0.0844340218443382	-0.03305796550631
2775	27750	0	0	0.0465908450704225	0.0766911482459331	-0.0301003031755106
2776	27760	0	0	0.0394605633802817	0.0661269090359077	-0.026666345655626
2777	27770	0	0.05	0.0357845070422535	0.0599118012187537	-0.0241272941765002
2778	27780	0	0.075	0.0330147887323944	0.0540505083895448	-0.0210357196571504
2779	27790	0	0	0.0303845070422535	0.0442567133070241	-0.0138722062647706
2780	27800	0	0	0.0268795774647887	0.0422573450742358	-0.015377767609447
2781	27810	0	0.075	0.0236091549295775	0.0374363107019831	-0.0138271557724056
2782	27820	0	0.075	0.0233429577464789	0.0369897370638959	-0.013646779317417
2783	27830	0	0	0.0212767605633803	0.0327035377984382	-0.0114267772350579
2784	27840	0.910083232205779	0	0.0194894366197183	0.0248370969663596	-0.00534766034664131
2785	27850	0.906773756930516	0.05	0.0184119718309859	0.0238075550215982	-0.00539558319061231
2786	27860	0.912327877717851	0	0.0175753521126761	0.0234301555860784	-0.00585480347340234
2787	27870	0.914920163798978	0	0.0165739436619718	0.0217537907999888	-0.00517984713801696
2788	27880	0.915057100059581	0.025	0.0145330985915493	0.0194988738901791	-0.00496577529862979
2789	27890	0.866678536817305	0.325	0.0153697183098592	0.0231866307765676	-0.00781691246670846
2790	27900	0.791129815211967	0.15	0.0173218309859155	0.0336909149189051	-0.0163690839329896
2791	27910	0.675157915346957	0	0.0228802816901409	0.0430162601761985	-0.0201359784860576
2792	27920	0.750023657462765	0	0.0253964788732394	0.0435949616307919	-0.0181984827575524
2793	27930	0.861373308781389	0.15	0.0257957746478873	0.0382557937598832	-0.0124600191119959
2794	27940	0.864392902432925	0	0.0279950704225352	0.0399281216679272	-0.011933051245392
2795	27950	0		0.0334711267605634		
2796	27960	0		0.040962676056338		
2797	27970	0		0.0495633802816902		
2798	27980	0		0.0496774647887324		
2799	27990	0		0.047687323943662		
2800	28000	0		0.0559014084507042		
2801	28010	0		0.133212676056338		
2802	28020	0		0.20976338028169		
2803	28030	0		0.202702816901408		
2804	28040	0		0.156796478873239		
2805	28050	0		0.114198591549296		
2806	28060	0		0.0930295774647887		
2807	28070	0		0.0766014084507042		
2808	28080	0		0.0664605633802817		
2809	28090	0		0.0595964788732394		
2810	28100	0		0.0663401408450704		
2811	28110	0		0.0723866197183098		
2812	28120	0		0.0728429577464789		
2813	28130	0		0.0717718309859155		
2814	28140	0		0.0663591549295775		
2815	28150	0		0.0614345070422535		
2816	28160	0		0.0557683098591549		
2817	28170	0		0.0796880281690141		
2818	28180	0		0.100267605633803		
2819	28190	0		0.106643661971831		
2820	28200	0		0.151529577464789		
2821	28210	0		0.200528873239437		
2822	28220	0		0.183910563380282		
2823	28230	0		0.158425352112676		
2824	28240	0		0.147619014084507		
2825	28250	0		0.129016901408451		
2826	28260	0		0.11127676056338		
2827	28270	0		0.104507746478873		
2828	28280	0		0.0958880281690141		
2829	28290	0		0.0978464788732394		
2830	28300	0		0.0927380281690141		
2831	28310	0		0.0899176056338028		
2832	28320	0		0.102092957746479		
2833	28330	0		0.102802816901408		
2834	28340	0		0.107074647887324		
2835	28350	0		0.102099295774648		
2836	28360	0	0.025	0.090906338028169		
2837	28370	0	0.025	0.0826415492957747		
2838	28380	0	0	0.0790098591549296		
2839	28390	0	0	0.0852401408450704		
2840	28400	0	0	0.0900950704225352		
2841	28410	0	0	0.0874267605633803		
2842	28420	0	0	0.0819760563380282		
2843	28430	0	0	0.0747507042253521		
2844	28440	0	0	0.069756338028169		
2845	28450	0	0.05	0.0630633802816902		
2846	28460	0	0.05	0.0586584507042254		
2847	28470	0	0	0.0531697183098592		
2848	28480	0	0	0.0478014084507042		
2849	28490	0	0	0.0446577464788732		
2850	28500	0	0	0.0394732394366197		
2851	28510	0	0.025	0.0367605633802817		
2852	28520	0	0	0.0340161971830986		
2853	28530	0	0	0.0321211267605634		
2854	28540	0	0	0.031480985915493		
2855	28550	0	0	0.0304098591549296		
2856	28560	0	0	0.03015	0.00434026066115395	0.0258097393388461
2857	28570	0	0	0.0281788732394366	0.00353437233552397	0.0246445009039127
2858	28580	0	0	0.0276211267605634	0.00288352800946881	0.0247375987510945
2859	28590	0	0	0.0260619718309859	0.00259167235254518	0.0234702994784407
2860	28600	0	0		0.00227927271716352	
2861	28610	0	0		0.00197254525237787	
2862	28620	0	0		0.0019026530906674	
2863	28630	0	0		0.00193639864614318	
2864	28640	0	0		0.00187661902619579	
2865	28650	0	0		0.00168196340328658	
2866	28660	0	0		0.000945633224268484	
2867	28670	0	0		0.000308273266878939	
2868	28680	0	0		0.000360121280349338	
2869	28690	0	0		0.000359469279246617	
2870	28700	0	0		0.000338261587855247	
2871	28710	0	0		0.000292337539131044	
2872	28720	0	0		0	
2873	28730	0	0		0	
2874	28740	0	0.125		0.00140147646652358	
2875	28750	0	0		0.0056730401515708	
2876	28760	0	0		0.00781897843265877	
2877	28770	0	0		0.00781174870865066	
2878	28780	0	0		0.00747147476154346	
2879	28790	0	0		0.00654884344265785	
2880	28800	0	0		0.00557935875034355	
2881	28810	0	0		0.00463389185791081	
2882	28820	0	0.025		0.00421943264297011	
2883	28830	0	0.075		0.00555462454284201	
2884	28840	0	0.025		0.00841832720381495	
2885	28850	0	0		0.0102176648126938	
2886	28860	0	0		0.0102312274987872	
2887	28870	0	0		0.00976078974714807	
2888	28880	0	0.975		0.019574814953426	
2889	28890	0	0.125		0.0530401426891277	
2890	28900	0	0.05		0.0734470631820616	
2891	28910	0	0		0.076826527730413	
2892	28920	0	0		0.0745835778940948	
2893	28930	0	0		0.0665523984395664	
2894	28940	0	0		0.0573470112378011	
2895	28950	0	0		0.0468819264881677	
2896	28960	0	0.025		0.0402326565309845	
2897	28970	0	0		0.0369489319434711	
2898	28980	0	0		0.0332597087509045	
2899	28990	0	0.15		0.0315607809668554	
2900	29000	0	0		0.0335390179067352	
2901	29010	0	0		0.0348522835285348	
2902	29020	0	0.025		0.0322469194128062	
2903	29030	0	0.5		0.0349918442118947	
2904	29040	0	0.05		0.0484243024566166	
2905	29050	0	0.025		0.0591068440132649	
2906	29060	0	0.275		0.0627179448988637	
2907	29070	0	0		0.0693674709372489	
2908	29080	0	0		0.0676675225288648	
2909	29090	0	0		0.0509677555843606	
2910	29100	0	0		0.0437027757704821	
2911	29110	0	0.025		0.0374738181932833	
2912	29120	0	0		0.0340574525684116	
2913	29130	0	0		0.0301100622015022	
2914	29140	0	0		0.0265521584971843	
2915	29150	0	0		0.023747601783234	
2916	29160	0	0		0.0223419506417064	
2917	29170	0	0		0.0197329846270893	
2918	29180	0	0.15		0.0189576362326328	
2919	29190	0	0.225		0.0248331567975143	
2920	29200	0	0		0.0334778887269923	
2921	29210	0	0.15		0.0382908164220376	
2922	29220	0	0		0.041928064638266	
2923	29230	0	0		0.0420313356695301	
2924	29240	0				
2925	29250	0				
2926	29260	0				
2927	29270	0				
2928	29280	0				
2929	29290	0				
2930	29300	0				
2931	29310	0				
2932	29320	0				
2933	29330	0				
2934	29340	0				
2935	29350	0				
2936	29360	0				
2937	29370	0				
2938	29380	0				
2939	29390	0				
2940	29400	0				
2941	29410	0				
2942	29420	0				
2943	29430	0				
2944	29440	0				
2945	29450	0				
2946	29460	0				
2947	29470	0				
2948	29480	0				
2949	29490	0				
2950	29500	0				
2951	29510	0				
2952	29520	0				
2953	29530	0				
2954	29540	0				
2955	29550	0				
2956	29560	0				
2957	29570	0				
2958	29580	0				
2959	29590	0				
2960	29600	0				
2961	29610	0				
2962	29620	0				
2963	29630	0				
2964	29640	0				
2965	29650	0				
2966	29660	0				
2967	29670	0				
2968	29680	0				
2969	29690	0				
2970	29700	0				
2971	29710	0				
2972	29720	0				
2973	29730	0				
2974	29740	0				
2975	29750	0				
2976	29760	0				
2977	29770	0				
2978	29780	0				
2979	29790	0				
2980	29800	0				
2981	29810	0				
2982	29820	0				
2983	29830	0				
2984	29840	0				
2985	29850	0				
2986	29860	0				
2987	29870	0				
2988	29880	0				
2989	29890	0				
2990	29900	0				
2991	29910	0				
2992	29920	0				
2993	29930	0				
2994	29940	0				
2995	29950	0				
2996	29960	0				
2997	29970	0				
2998	29980	0				
2999	29990	0				
3000	30000	0				
3001	30010	0				
3002	30020	0				
3003	30030	0				
3004	30040	0				
3005	30050	0				
3006	30060	0				
3007	30070	0				
3008	30080	0				
3009	30090	0				
3010	30100	0				
3011	30110	0				
3012	30120	0				
3013	30130	0				
3014	30140	0				
3015	30150	0				
3016	30160	0				
3017	30170	0				
3018	30180	0				
3019	30190	0				
3020	30200	0				
3021	30210	0				
3022	30220	0				
3023	30230	0				
3024	30240	0				
3025	30250	0				
3026	30260	0				
3027	30270	0				
3028	30280	0				
3029	30290	0				
3030	30300	0				
3031	30310	0				
3032	30320	0				
3033	30330	0				
3034	30340	0				
3035	30350	0				
3036	30360	0				
3037	30370	0				
3038	30380	0				
3039	30390	0				
3040	30400	0				
3041	30410	0				
3042	30420	0				
3043	30430	0				
3044	30440	0				
3045	30450	0				
3046	30460	0				
3047	30470	0				
3048	30480	0				
3049	30490	0				
3050	30500	0				
3051	30510	0				
3052	30520	0				
3053	30530	0				
3054	30540	0				
3055	30550	0				
3056	30560	0				
3057	30570	0				
3058	30580	0				
3059	30590	0				
3060	30600	0				
3061	30610	0				
3062	30620	0				
3063	30630	0				
3064	30640	0				
3065	30650	0				
3066	30660	0				
3067	30670	0				
3068	30680	0				
3069	30690	0				
3070	30700	0				
3071	30710	0				
3072	30720	0				
3073	30730	0				
3074	30740	0				
3075	30750	0				
3076	30760	0				
3077	30770	0				
3078	30780	0				
3079	30790	0				
3080	30800	0				
3081	30810	0				
3082	30820	0				
3083	30830	0				
3084	30840	0				
3085	30850	0				
3086	30860	0				
3087	30870	0				
3088	30880	0				
3089	30890	0				
3090	30900	0				
3091	30910	0				
3092	30920	0				
3093	30930	0				
3094	30940	0				
3095	30950	0				
3096	30960	0				
3097	30970	0				
3098	30980	0				
3099	30990	0				
3100	31000	0				
3101	31010	0				
3102	31020	0				
3103	31030	0				
3104	31040	0				
3105	31050	0				
3106	31060	0				
3107	31070	0				
3108	31080	0				
3109	31090	0				
3110	31100	0				
3111	31110	0				
3112	31120	0				
3113	31130	0				
3114	31140	0				
3115	31150	0				
3116	31160	0				
3117	31170	0				
3118	31180	0				
3119	31190	0				
3120	31200	0				
3121	31210	0				
3122	31220	0				
3123	31230	0				
3124	31240	0				
3125	31250	0				
3126	31260	0				
3127	31270	0				
3128	31280	0				
3129	31290	0				
3130	31300	0				
3131	31310	0				
3132	31320	0				
3133	31330	0				
3134	31340	0				
3135	31350	0				
3136	31360	0				
3137	31370	0				
3138	31380	0				
3139	31390	0				
3140	31400	0				
3141	31410	0				
3142	31420	0				
3143	31430	0				
3144	31440	0				
3145	31450	0				
3146	31460	0				
3147	31470	0				
3148	31480	0				
3149	31490	0				
3150	31500	0				
3151	31510	0				
3152	31520	0				
3153	31530	0				
3154	31540	0				
3155	31550	0				
3156	31560	0				
3157	31570	0				
3158	31580	0				
3159	31590	0				
3160	31600	0				
3161	31610	0				
3162	31620	0				
3163	31630	0				
3164	31640	0				
3165	31650	0				
3166	31660	0				
3167	31670	0				
3168	31680	0				
3169	31690	0				
3170	31700	0				
3171	31710	0				
3172	31720	0				
3173	31730	0				
3174	31740	0				
3175	31750	0				
3176	31760	0				
3177	31770	0				
3178	31780	0				
3179	31790	0				
3180	31800	0				
3181	31810	0				
3182	31820	0				
3183	31830	0				
3184	31840	0				
3185	31850	0				
3186	31860	0				
3187	31870	0				
3188	31880	0				
3189	31890	0				
3190	31900	0				
3191	31910	0				
3192	31920	0				
3193	31930	0				
3194	31940	0				
3195	31950	0				
3196	31960	0				
3197	31970	0				
3198	31980	0				
3199	31990	0				
3200	32000	0				
3201	32010	0				
3202	32020	0				
3203	32030	0				
3204	32040	0				
3205	32050	0				
3206	32060	0				
3207	32070	0				
3208	32080	0				
3209	32090	0				
3210	32100	0				
3211	32110	0				
3212	32120	0				
3213	32130	0				
3214	32140	0				
3215	32150	0				
3216	32160	0				
3217	32170	0				
3218	32180	0				
3219	32190	0				
3220	32200	0				
3221	32210	0				
3222	32220	0				
3223	32230	0				
3224	32240	0				
3225	32250	0				
3226	32260	0				
3227	32270	0				
3228	32280	0				
3229	32290	0				
3230	32300	0				
3231	32310	0				
3232	32320	0				
3233	32330	0				
3234	32340	0				
3235	32350	0				
3236	32360	0				
3237	32370	0				
3238	32380	0				
3239	32390	0				
3240	32400	0				
3241	32410	0				
3242	32420	0				
3243	32430	0				
3244	32440	0				
3245	32450	0				
3246	32460	0				
3247	32470	0				
3248	32480	0				
3249	32490	0				
3250	32500	0				
3251	32510	0				
3252	32520	0				
3253	32530	0				
3254	32540	0				
3255	32550	0				
3256	32560	0				
3257	32570	0				
3258	32580	0				
3259	32590	0				
3260	32600	0				
3261	32610	0				
3262	32620	0				
3263	32630	0				
3264	32640	0				
3265	32650	0				
3266	32660	0				
3267	32670	0				
3268	32680	0				
3269	32690	0				
3270	32700	0				
3271	32710	0				
3272	32720	0				
3273	32730	0				
3274	32740	0				
3275	32750	0				
3276	32760	0				
3277	32770	0				
3278	32780	0				
3279	32790	0				
3280	32800	0				
3281	32810	0				
3282	32820	0				
3283	32830	0				
3284	32840	0				
3285	32850	0				
3286	32860	0				
3287	32870	0				
3288	32880	0				
3289	32890	0				
3290	32900	0				
3291	32910	0				
3292	32920	0				
3293	32930	0				
3294	32940	0				
3295	32950	0				
3296	32960	0				
3297	32970	0				
3298	32980	0				
3299	32990	0				
3300	33000	0				
3301	33010	0				
3302	33020	0				
3303	33030	0				
3304	33040	0				
3305	33050	0				
3306	33060	0				
3307	33070	0				
3308	33080	0				
3309	33090	0				
3310	33100	0				
3311	33110	0				
3312	33120	0				
3313	33130	0				
3314	33140	0				
3315	33150	0				
3316	33160	0				
3317	33170	0				
3318	33180	0				
3319	33190	0				
3320	33200	0				
3321	33210	0				
3322	33220	0				
3323	33230	0				
3324	33240	0				
3325	33250	0				
3326	33260	0				
3327	33270	0				
3328	33280	0				
3329	33290	0				
3330	33300	0				
3331	33310	0				
3332	33320	0				
3333	33330	0				
3334	33340	0				
3335	33350	0				
3336	33360	0				
3337	33370	0				
3338	33380	0				
3339	33390	0				
3340	33400	0				
3341	33410	0				
3342	33420	0				
3343	33430	0				
3344	33440	0				
3345	33450	0				
3346	33460	0				
3347	33470	0				
3348	33480	0				
3349	33490	0				
3350	33500	0				
3351	33510	0				
3352	33520	0				
3353	33530	0				
3354	33540	0				
3355	33550	0				
3356	33560	0				
3357	33570	0				
3358	33580	0				
3359	33590	0				
3360	33600	0				
3361	33610	0				
3362	33620	0				
3363	33630	0				
3364	33640	0				
3365	33650	0				
3366	33660	0				
3367	33670	0				
3368	33680	0				
3369	33690	0				
3370	33700	0				
3371	33710	0				
3372	33720	0				
3373	33730	0				
3374	33740	0				
3375	33750	0				
3376	33760	0				
3377	33770	0				
3378	33780	0				
3379	33790	0				
3380	33800	0				
3381	33810	0				
3382	33820	0				
3383	33830	0				
3384	33840	0				
3385	33850	0				
3386	33860	0				
3387	33870	0				
3388	33880	0				
3389	33890	0				
3390	33900	0				
3391	33910	0				
3392	33920	0				
3393	33930	0				
3394	33940	0				
3395	33950	0				
3396	33960	0				
3397	33970	0				
3398	33980	0				
3399	33990	0				
3400	34000	0				
3401	34010	0				
3402	34020	0				
3403	34030	0				
3404	34040	0				
3405	34050	0				
3406	34060	0				
3407	34070	0				
3408	34080	0				
3409	34090	0				
3410	34100	0				
3411	34110	0				
3412	34120	0				
3413	34130	0				
3414	34140	0				
3415	34150	0				
3416	34160	0				
3417	34170	0				
3418	34180	0				
3419	34190	0				
3420	34200	0				
3421	34210	0				
3422	34220	0				
3423	34230	0				
3424	34240	0				
3425	34250	0				
3426	34260	0				
3427	34270	0				
3428	34280	0				
3429	34290	0				
3430	34300	0				
3431	34310	0				
3432	34320	0				
3433	34330	0				
3434	34340	0				
3435	34350	0				
3436	34360	0				
3437	34370	0				
3438	34380	0				
3439	34390	0				
3440	34400	0				
3441	34410	0				
3442	34420	0				
3443	34430	0				
3444	34440	0				
3445	34450	0				
3446	34460	0				
3447	34470	0				
3448	34480	0				
3449	34490	0				
3450	34500	0				
3451	34510	0				
3452	34520	0				
3453	34530	0				
3454	34540	0				
3455	34550	0				
3456	34560	0				
3457	34570	0				
3458	34580	0				
3459	34590	0				
3460	34600	0				
3461	34610	0				
3462	34620	0				
3463	34630	0				
3464	34640	0				
3465	34650	0				
3466	34660	0				
3467	34670	0				
3468	34680	0				
3469	34690	0				
3470	34700	0				
3471	34710	0				
3472	34720	0				
3473	34730	0				
3474	34740	0				
3475	34750	0				
3476	34760	0				
3477	34770	0				
3478	34780	0				
3479	34790	0				
3480	34800	0				
3481	34810	0				
3482	34820	0				
3483	34830	0				
3484	34840	0				
3485	34850	0		0.000944366197183098		
3486	34860	0		0.00371408450704225		
3487	34870	0		0.000703521126760562		
3488	34880	0		0.00834718309859155		
3489	34890	0		0.0189633802816902		
3490	34900	0		0.0181140845070423		
3491	34910	0		0.018006338028169		
3492	34920	0		0.019787323943662		
3493	34930	0		0.0311514084507042		
3494	34940	0		0.0663718309859155		
3495	34950	0		0.140159154929577		
3496	34960	0		0.196028873239437		
3497	34970	0		0.137579577464789		
3498	34980	0		0.276838732394366		
3499	34990	0		0.307850704225352		
3500	35000	0		0.252678169014084		
3501	35010	0		0.347159154929578		
3502	35020	0		0.276540845070422		
3503	35030	0		0.371459154929578		
3504	35040	0		0.207494366197183		
3505	35050	0		0.165771126760563		
3506	35060	0		0.158285915492958		
3507	35070	0	0	0.144367605633803		
3508	35080	0	0	0.130601408450705		
3509	35090	0	0	0.117373943661972		
3510	35100	0	0	0.104653521126761		
3511	35110	0	0	0.0924274647887324		
3512	35120	0	0	0.0806387323943662		
3513	35130	0	0	0.069319014084507		
3514	35140	0	0	0.0585760563380282		
3515	35150	0	0.1	0.0532267605633803		
3516	35160	0	0	0.0505394366197183		
3517	35170	0	0	0.0480359154929578		
3518	35180	0	0	0.0456845070422535		
3519	35190	0	0	0.0461218309859155		
3520	35200	0	0	0.0442014084507042		
3521	35210	0	0	0.0374767605633803		
3522	35220	0	0	0.0389091549295775		
3523	35230	0	0	0.0359683098591549		
3524	35240	0	0	0.0364943661971831		
3525	35250	0	0	0.0358478873239436		
3526	35260	0	0	0.0263598591549296		
3527	35270	0	0	0.0327929577464789	0.00198887010780507	0.0308040876386738
3528	35280	0	0	0.0249654929577465	0.00192462916796823	0.0230408637897783
3529	35290	0	0	0.0224619718309859	0.00168306059725597	0.02077891123373
3530	35300	0	0	0.0200915492957747	0.00144383258402559	0.0186477167117491
3531	35310	0	0	0.0133922535211268	0.00123309306751576	0.012159160453611
3532	35320	0	0	0.0158260563380282	0.00144048512139735	0.0143855712166308
3533	35330	0	0	0.0108570422535211	0.00143787711698647	0.00941916513653466
3534	35340	0	0	0.0101028169014085	0.00135304635142099	0.00874977054998747
3535	35350	0	0	0.0104640845070423	0.00116935015652417	0.00929473435051809
3536	35360	0	0	0.00695915492957747	0	0.00695915492957747
3537	35370	0	0	0.0144443661971831	0	0.0144443661971831
3538	35380	0	0	0.00875281690140845	0	0.00875281690140845
3539	35390	0	0	0.00894929577464789	0	0.00894929577464789
3540	35400	0	0	0.00809366197183099	0	0.00809366197183099
3541	35410	0	0	0.00501971830985915	0	0.00501971830985915
3542	35420	0	0	0.00605915492957747	0	0.00605915492957747
3543	35430	0	0	0.00434154929577465	0	0.00434154929577465
3544	35440	0	0	0.0045443661971831	0	0.0045443661971831
3545	35450	0	0	0.00500070422535211	0	0.00500070422535211
3546	35460	0	0.025	0.00448098591549296	0.000280295293304717	0.00420069062218824
3547	35470	0	0.025	0.00591338028169014	0.00141490332361888	0.00449847695807126
3548	35480	0	0.05	0.00375211267605634	0.00325899430345535	0.000493118372600989
3549	35490	0	0.05	0.0138485915492958	0.00595595207549964	0.00789263947379613
3550	35500	0	0	0.0145267605633803	0.00845345212773065	0.00607330843564965
3551	35510	0	0	0.0190838028169014	0.00905635449736403	0.0100274483195374
3552	35520	0	0	0.0158197183098592	0.00853892982667793	0.00728078848318124
3553	35530	0	0	0.0125302816901409	0.0076507774033314	0.00487950428680945
3554	35540	0	0	0.0136711267605634	0.0065658867187158	0.00710524004184757
3555	35550	0	0.025	0.00902535211267605	0.00586924913306228	0.00315610297961377
3556	35560	0	0	0.0100774647887324	0.00591372826647458	0.00416373652225782
3557	35570	0	0	0.00835352112676056	0.00577104930226143	0.00258247182449913
3558	35580	0	0	0.00692746478873239	0.00532524837115212	0.00160221641758028
3559	35590	0	0	0.00835352112676056	0.0048725626168881	0.00348095850987246
3560	35600	0	0	0.00576760563380282	0.00433785417616184	0.00142975145764097
3561	35610	0	0	0.00745352112676057	0.00385434468327575	0.00359917644348482
3562	35620	0	0	0.00590704225352113	0.0033998546670796	0.00250718758644153
3563	35630	0	0	0.00563450704225352	0.00301966860780214	0.00261483843445139
3564	35640	0	0.05	0.0062556338028169	0.0033344700984988	0.0029211637043181
3565	35650	0	0	0.00507042253521127	0.00493781844879394	0.000132604086417327
3566	35660	0	0.15	0.00592605633802817	0.00744500737528085	-0.00151895103725268
3567	35670	0	0.15	0.00578661971830986	0.0137991362254596	-0.00801251650714971
3568	35680	0	0.05	0.00518450704225352	0.0214819583382669	-0.0162974512960134
3569	35690	0	0.025	0.00527323943661972	0.0249313615281436	-0.0196581220915239
3570	35700	0	0	0.00465211267605634	0.0251947692137544	-0.0205426565376981
3571	35710	0	0.075	0.00567253521126761	0.024515592904991	-0.0188430576937234
3572	35720	0	0.375	0.00479154929577465	0.0286488119886779	-0.0238572626929033
3573	35730	0	0.2	0.00691478873239437	0.0421137244523146	-0.0351989357199202
3574	35740	0	0.05	0.00725704225352113	0.0532170130311195	-0.0459599707775984
3575	35750	0	0	0.00772605633802817	0.0561131281392811	-0.0483870718012529
3576	35760	0	0.05	0.00784647887323944	0.0541270299278696	-0.0462805510546301
3577	35770	0	0	0.00617957746478873	0.0507238935846088	-0.04454431611982
3578	35780	0	0.05	0.00777676056338028	0.0458773431556578	-0.0381005825922775
3579	35790	0	0	0.00744718309859155	0.0415635605299347	-0.0341163774313431
3580	35800	0	0.025	0.00785915492957747	0.0375957177040523	-0.0297365627744748
3581	35810	0	0	0.00774507042253521	0.0345447750146856	-0.0267997045921504
3582	35820	0	0	0.00631267605633803	0.0313522360575004	-0.0250395600011624
3583	35830	0	0	0.00683239436619719	0.0283489399522841	-0.0215165455860869
3584	35840	0	0	0.00512112676056338	0.0258782281110607	-0.0207571013504973
3585	35850	0	0	0.00560915492957747	0.0233990017507848	-0.0177898468212074
3586	35860	0	0	0.00501338028169014	0.0210603912114777	-0.0160470109297875
3587	35870	0	0	0.00609084507042254	0.0169478040760215	-0.010856959005599
3588	35880	0	0	0.00730774647887324	0.0134070223540786	-0.00609927587520537
3589	35890	0	0	0.00561549295774648	0.0127705357120838	-0.00715504275433734
3590	35900	0	0	0.00591971830985916	0.0123743885079553	-0.00645467019809615
3591	35910	0	0	0.00570422535211268	0.0117970281021012	-0.00609280274998853
3592	35920	0	0	0.00486760563380282	0.009765388707638	-0.00489778307383518
3593	35930	0	0	0.00495	0.00493853963346237	1.14603665376288e-05
3594	35940	0	0	0.00403098591549296	0.00234092531982719	0.00169006059566577
3595	35950	0	0	0.0045	0.00175772388241557	0.00274227611758443
3596	35960	0	0	0.00370774647887324	0.00161188690363426	0.00209585957523898
3597	35970	0	0	0.00351760563380282	0.00103664445605983	0.00248096117774298
3598	35980	0	0	0.00341619718309859	0.000944144357508704	0.00247205282558989
3599	35990	0	0	0.0028774647887324	0.000338261587855247	0.00253920320087715
3600	36000	0	0	0.00300422535211268	0.000292337539131044	0.00271188781298163
3601	36010	0	0	0.0022056338028169	0	0.0022056338028169
3602	36020	0	0	0.00238309859154929	0	0.00238309859154929
3603	36030	0	0	0.00228169014084507	0	0.00228169014084507
3604	36040	0	0	0.00213591549295775	0	0.00213591549295775
3605	36050	0	0	0.00252887323943662	0	0.00252887323943662
3606	36060	0	0.025	0.00224366197183099	0.000280295293304717	0.00196336667852627
3607	36070	0	0	0.00275704225352113	0.00113460803031416	0.00162243422320697
3608	36080	0	0.65	0.00263661971830986	0.00885147331245439	-0.00621485359414453
3609	36090	0	0.025	0.0028330985915493	0.031342453823203	-0.0285093552316537
3610	36100	0	0	0.00253521126760563	0.0432875908324485	-0.0407523795648428
3611	36110	0	0	0.00185070422535211	0.0434946576600467	-0.0416439534346946
3612	36120	0	0	0.00201549295774648	0.0415298902518249	-0.0395143972940784
3613	36130	0	0.1	0.00170492957746479	0.0375962403989306	-0.0358913108214658
3614	36140	0	0	0.00192676056338028	0.0356486937815078	-0.0337219332181275
3615	36150	0	0	0.00166056338028169	0.0321831182838547	-0.030522554903573
3616	36160	0	0	0.00144507042253521	0.0282937739833699	-0.0268487035608347
3617	36170	0	0	0.00155915492957746	0.0259423505649699	-0.0243831956353924
3618	36180	0		0.00350492957746479		
3619	36190	0		0.00470915492957746		
3620	36200	0		0.00461408450704225		
3621	36210	0	1.375	0.0258401408450704		
3622	36220	0	0.3	0.0753401408450704		
3623	36230	0	0.075	0.0704598591549296		
3624	36240	0	0.025	0.0572007042253521		
3625	36250	0	0	0.0462612676056338		
3626	36260	0	0.075	0.0379521126760563		
3627	36270	0	0	0.0327232394366197		
3628	36280	0	0	0.0276401408450704		
3629	36290	0	0	0.0238056338028169		
3630	36300	0	0	0.0195971830985916		
3631	36310	0	0	0.0169352112676056		
3632	36320	0	0	0.0143049295774648		
3633	36330	0	0	0.0123401408450704		
3634	36340	0	0	0.0109204225352113		
3635	36350	0	0	0.00928521126760563		
3636	36360	0	0	0.00881619718309859		
3637	36370	0	0	0.00778943661971831		
3638	36380	0	0	0.00744084507042254		
3639	36390	0	0	0.00716830985915493		
3640	36400	0	0	0.0063887323943662		
3641	36410	0	0	0.00651549295774648	0.0226591072625787	-0.0161436143048323
3642	36420	0	0	0.00581197183098592	0.0058071243130217	4.84751796421979e-06
3643	36430	0	0	0.00575492957746479	0.00229563804629639	0.0034592915311684
3644	36440	0	0	0.00534295774647887	0.00137074537687089	0.00397221236960798
3645	36450	0	0	0.00484859154929577	0.00101478476356574	0.00383380678573003
3646	36460	0	0	0.0050387323943662	0.000877012617393131	0.00416171977697307
3647	36470	0	0.025	0.00482957746478873	0.000280295293304717	0.00454928217148401
3648	36480	0	0	0.0049943661971831	0.00113460803031416	0.00385975816686894
3649	36490	0	0	0.00659154929577465	0.00156379568653175	0.00502775360924289
3650	36500	0	0.025	0.00697183098591549	0.00184264503503485	0.00512918595088065
3651	36510	0	0	0.00974788732394366	0.00262890298262285	0.00711898434132081
3652	36520	0	0.025	0.0144887323943662	0.00315385966836804	0.0113348727259981
3653	36530	0	0	0.0157183098591549	0.003812829522113	0.0119054803370419
3654	36540	0	0.425	0.0207507042253521	0.00874988899660279	0.0120008152287493
3655	36550	0	0.05	0.0306	0.023508873002145	0.00709112699785507
3656	36560	0	0.025	0.0287556338028169	0.032460030853873	-0.00370439705105608
3657	36570	0	0.075	0.0345676056338028	0.034533660379425	3.39452543778249e-05
3658	36580	0	0.05	0.0500007042253521	0.0365254872530043	0.0134752169723478
3659	36590	0	0.05	0.0538288732394366	0.0364780230832734	0.0173508501561632
3660	36600	0.838049176149934	0.2	0.0614788732394366	0.0373129382743922	0.0241659349650445
3661	36610	0.560820411912245	0.625	0.0901838028169015	0.0478186220661944	0.0423651807507072
3662	36620	0.456118377363695	0	0.116588028169014	0.0687729152854407	0.0478151128835734
3663	36630	0.660157418892206	0.025	0.110383098591549	0.076856499939743	0.0335265986518064
3664	36640	0.826936442702123	0.025	0.0939485915492958	0.0743366074092043	0.0196119841400915
3665	36650	0.957291522563689	0	0.0813042253521127	0.0697879733184833	0.0115162520336294
3666	36660	0.974251162497578	0.325	0.0751183098591549	0.0653036738989094	0.0098146359602455
3667	36670	0.987323547594922	0.05	0.0711507042253521	0.0693411048513058	0.00180959937404637
3668	36680	0.902714075673419	0.325	0.0650471830985916	0.0721962327786526	-0.00714904968006104
3669	36690	0.954980611040391	0	0.0693950704225352	0.0780848829761717	-0.0086898125536365
3670	36700	0.867681358213292	0.15	0.0676267605633803	0.0801773809647381	-0.0125506204013578
3671	36710	0.830626004417717	0.075	0.0655288732394366	0.0807251151555875	-0.0151962419161509
3672	36720	0.907670630502964	0.7	0.0774633802816902	0.0871331150825039	-0.00966973480081376
3673	36730	0.999999979771553	0.575	0.113932394366197	0.110535535672904	0.00339685869329281
3674	36740	0.81934017340211	0.025	0.160567605633803	0.135436581959785	0.0251310236740183
3675	36750	0.663560814144404	0	0.162304225352113	0.13392672101471	0.0283775043374024
3676	36760	0.936655002993502	0	0.133440845070423	0.125093933911068	0.00834691115935493
3677	36770	0	0.125	0.115535915492958	0.114606754026359	0.00092916146659909
3678	36780	0.900104715735846	0	0.0961478873239437	0.105804059057056	-0.0096561717331119
3679	36790	0	0	0.0833387323943662	0.0949544739217019	-0.0116157415273357
3680	36800	0.829291487191423	0	0.0712838028169014	0.082614389034537	-0.0113305862176356
3681	36810	0.874740254973913	0	0.0617197183098592	0.0716759077717897	-0.00995618946193055
3682	36820	0.963213136675046	0	0.0554957746478873	0.0571330234875784	-0.00163724883969111
3683	36830	0.901321937822905	0	0.0480929577464789	0.0517230471189104	-0.00363008937243147
3684	36840	0	0	0.0442140845070422	0.045866232923325	-0.0016521484162827
3685	36850	0.864762811579383	0	0.0388964788732395	0.0426393688106662	-0.00374288993742673
3686	36860	0.898626211782999	0	0.0356323943661972	0.039006915910087	-0.00337452154388981
3687	36870	0.945752838394044	0	0.0327866197183099	0.0315036191505422	0.00128300056776772
3688	36880	0.970685466898457	0	0.0289964788732394	0.0272213414863569	0.00177513738688252
3689	36890	0.979078303162333	0	0.0272725352112676	0.0231287041336311	0.00414383107763646
3690	36900	0.960135091400132	0.025	0.0253140845070423	0.024111094285436	0.00120299022160627
3691	36910	0.962173342107118	0.1	0.0253077464788732	0.0233358667304646	0.00197187974840866
3692	36920	0.894925847970043	0.125	0.0233302816901409	0.0256334318999305	-0.00230315020978964
3693	36930	0.967543443542	0.25	0.0259288732394366	0.0248969168947391	0.00103195634469755
3694	36940	0.966818432941866	0.2	0.0294591549295775	0.0312440589423451	-0.00178490401276758
3695	36950	0.91453383440977	0.3	0.0367669014084507	0.0449744082301375	-0.00820750682168678
3696	36960	0.960572073254988	0.025	0.0522316901408451	0.0575471837716447	-0.00531549363079961
3697	36970	0.949069530969879	0.025	0.0551408450704225	0.061022995529098	-0.00588215045867543
3698	36980	0.985613876828509	0	0.0533218309859155	0.056572946827998	-0.00325111584208251
3699	36990	0.987889823737203	0.025	0.0508183098591549	0.0514758750223765	-0.000657565163221519
3700	37000	0.994181858801642	0	0.046825352112676	0.0455397589854667	0.00128559312720936
3701	37010	0.999694098981328	0	0.0450316901408451	0.039732146335438	0.00529954380540712
3702	37020	0.999807429333771	0.025	0.0415267605633803	0.0347815926021437	0.00674516796123655
3703	37030	0	0	0.0399549295774648	0.0314922634025759	0.00846266617488888
3704	37040	0.999378071038308	0	0.0372992957746479	0.028740865061856	0.00855843071279187
3705	37050	0	0.025	0.0353915492957746	0.0260200519432678	0.00937149735250681
3706	37060	0.999905892676951	0.05	0.0341239436619718	0.0249017931814797	0.00922215048049212
3707	37070	0.997976756893692	0	0.0315823943661972	0.0245520795588314	0.00703031480736577
3708	37080	0.996289688774129	0	0.0303971830985916	0.0236756314080665	0.00672155169052509
3709	37090	0.997426446789267	0	0.0277669014084507	0.0217545547880985	0.0060123466203522
3710	37100	0.994376118281263	0	0.0260619718309859	0.0203955994779857	0.00566637235300022
3711	37110	0.99681380147229	0	0.0249021126760563	0.0187657764095348	0.00613633626652153
3712	37120	0.993406208481481	0	0.0236915492957747	0.0169845061755769	0.0067070431201978
3713	37130	0.999973258070537	0	0.0232352112676056	0.0142395073509623	0.0089957039166433
3714	37140	0.997829694545208	0	0.0219992957746479	0.0102670866662538	0.0117322091083941
3715	37150	0	0	0.021619014084507	0.00706094657519806	0.014558067509309
3716	37160	0.956990832556408	0	0.0206429577464789	0.00324551440607487	0.017397443340404
3717	37170	0	0	0.0198	0.00264171048375701	0.017158289516243
3718	37180	0.958943373116895	0	0.0192042253521127	0.00212212720062878	0.0170820981514839
3719	37190	0.969971263757392	0	0.0179239436619718	0.00203553855277849	0.0158884051091933
3720	37200	0	0	0.0176197183098591	0.001561957723881	0.0160577605859781
3721	37210	0.974987635109148	0	0.0164091549295775	0.00136845114674698	0.0150407037828305
3722	37220	0	0	0.0161239436619719	0.00126900535323826	0.0148549383087336
3723	37230	0.978528591851344	0	0.0155788732394366	0.00107971183994529	0.0144991613994913
3724	37240	0.98309301366538	0	0.0147739436619718	0.00105720014634848	0.0137167435156234
3725	37250	0	0	0.0148816901408451	0.000968860714841538	0.0139128294260035
3726	37260	0.985984652341021	0	0.013924647887324	0.000584675078262087	0.0133399728090619
3727	37270	0.982650973237416	0	0.0137661971830986	0	0.0137661971830986
3728	37280	0.985124012616488	0	0.0133478873239437	0	0.0133478873239437
3729	37290	0	0	0.0129422535211268	0	0.0129422535211268
3730	37300	0.986910400833949	0	0.0130246478873239	0	0.0130246478873239
3731	37310	0.9905331962267	0	0.0122957746478873	0	0.0122957746478873
3732	37320	0	0	0.0124161971830986	0	0.0124161971830986
3733	37330	0.992276185610009	0	0.0118964788732394	0	0.0118964788732394
3734	37340	0	0	0.0119218309859155	0	0.0119218309859155
3735	37350	0	0	0.0117633802816902	0	0.0117633802816902
3736	37360	0	0	0.0113957746478874	0	0.0113957746478874
3737	37370	0	0	0.0114147887323944	0	0.0114147887323944
3738	37380	0	0	0.0107176056338028	0	0.0107176056338028
3739	37390	0	0	0.0108507042253521	0	0.0108507042253521
3740	37400	0	0	0.0104577464788732	0	0.0104577464788732
3741	37410	0	0	0.0101408450704225	0	0.0101408450704225
3742	37420	0	0	0.0101408450704225	0	0.0101408450704225
3743	37430	0	0	0.0101408450704225	0	0.0101408450704225
3744	37440	0	0	0.0101408450704225	0	0.0101408450704225
3745	37450	0	0	0.0101408450704225	0	0.0101408450704225
3746	37460	0	0	0.0101408450704225	0	0.0101408450704225
3747	37470	0	0.025	0.0101408450704225	0.000280295293304717	0.00986054977711778
3748	37480	0	0.425	0.0101408450704225	0.00589962801649435	0.00424121705392816
3749	37490	0	0.05	0.0101408450704225	0.0214127227884819	-0.0112718777180594
3750	37500	0	0.025	0.0101408450704225	0.030696387766703	-0.0205555426962805
3751	37510	0	0	0.0101408450704225	0.0323164399650986	-0.0221755948946761
3752	37520	0	0.05	0.00989366197183098	0.0319618686343808	-0.0220682066625498
3753	37530	0	0	0.00988732394366197	0.0302020951620813	-0.0203147712184193
3754	37540	0	0	0.00988732394366197	0.0271380218251856	-0.0172506978815236
3755	37550	0	0	0.00988732394366197	0.0232092714589591	-0.0133219475152971
3756	37560	0	0	0.00988732394366197	0.0200669115132355	-0.0101795875695735
3757	37570	0	0	0.00988732394366197	0.0179250972660052	-0.00803777332234325
3758	37580	0	0	0.00988732394366197	0.0157964884716492	-0.00590916452798724
3759	37590	0	0	0.00988732394366197	0.0139544531854371	-0.0040671292417751
3760	37600	0	0	0.00988732394366197	0.0122753206090586	-0.00238799666539666
3761	37610	0	0	0.00988732394366197	0.0115923904163378	-0.00170506647267586
3762	37620	0	0	0.00988732394366197	0.0102416626484941	-0.000354338704832091
3763	37630	0	0	0.00988732394366197	0.00889897733202941	0.000988346611632558
3764	37640	0	0	0.00988732394366197	0.00773788331252063	0.00214944063114134
3765	37650	0	0	0.00972887323943662	0.00842135030893376	0.00130752293050286
3766	37660	0	0	0.00963380281690141	0.00831928546125334	0.00131451735564808
3767	37670	0	0	0.00963380281690141	0.00784376066352562	0.0017900421533758
3768	37680	0	0	0.00963380281690141	0.00662227715394273	0.00301152566295868
3769	37690	0	0	0.00963380281690141	0.00164317922681601	0.0079906235900854
3770	37700	0	0	0.00963380281690141	0.00101127609762428	0.00862252671927714
3771	37710	0	0	0.00963380281690141	0.000676523175710495	0.00895727964119092
3772	37720	0	0	0.00963380281690141	0.000584675078262087	0.00904912773863933
3773	37730	0	0.025	0.00963380281690141	0.000280295293304717	0.0093535075235967
3774	37740	0	0.05	0.00963380281690141	0.00169519861692359	0.00793860419997782
3775	37750	0	0.025	0.00963380281690141	0.00411330704046479	0.00552049577643662
3776	37760	0	0	0.00963380281690141	0.0058245491451078	0.00380925367179361
3777	37770	0	0	0.00963380281690141	0.00618279012230071	0.00345101269460071
3778	37780	0	0		0.00586070833487909	
3779	37790	0				
3780	37800	0				
3781	37810	0				
3782	37820	0				
3783	37830	0				
3784	37840	0				
3785	37850	0				
3786	37860	0				
3787	37870	0				
3788	37880	0				
3789	37890	0				
3790	37900	0				
3791	37910	0				
3792	37920	0				
3793	37930	0				
3794	37940	0				
3795	37950	0				
3796	37960	0				
3797	37970	0				
3798	37980	0				
3799	37990	0				
3800	38000	0				
3801	38010	0				
3802	38020	0				
3803	38030	0				
3804	38040	0				
3805	38050	0				
3806	38060	0				
3807	38070	0				
3808	38080	0				
3809	38090	0				
3810	38100	0				
3811	38110	0				
3812	38120	0				
3813	38130	0				
3814	38140	0				
3815	38150	0				
3816	38160	0				
3817	38170	0				
3818	38180	0				
3819	38190	0				
3820	38200	0				
3821	38210	0				
3822	38220	0				
3823	38230	0				
3824	38240	0				
3825	38250	0				
3826	38260	0				
3827	38270	0				
3828	38280	0				
3829	38290	0				
3830	38300	0				
3831	38310	0				
3832	38320	0				
3833	38330	0				
3834	38340	0				
3835	38350	0				
3836	38360	0				
3837	38370	0				
3838	38380	0				
3839	38390	0				
3840	38400	0				
3841	38410	0				
3842	38420	0				
3843	38430	0				
3844	38440	0				
3845	38450	0				
3846	38460	0				
3847	38470	0				
3848	38480	0				
3849	38490	0				
3850	38500	0				
3851	38510	0				
3852	38520	0				
3853	38530	0				
3854	38540	0				
3855	38550	0				
3856	38560	0				
3857	38570	0				
3858	38580	0				
3859	38590	0				
3860	38600	0				
3861	38610	0				
3862	38620	0				
3863	38630	0				
3864	38640	0				
3865	38650	0				
3866	38660	0				
3867	38670	0				
3868	38680	0				
3869	38690	0				
3870	38700	0				
3871	38710	0				
3872	38720	0				
3873	38730	0				
3874	38740	0				
3875	38750	0				
3876	38760	0				
3877	38770	0				
3878	38780	0				
3879	38790	0				
3880	38800	0				
3881	38810	0				
3882	38820	0				
3883	38830	0				
3884	38840	0				
3885	38850	0				
3886	38860	0				
3887	38870	0				
3888	38880	0				
3889	38890	0				
3890	38900	0				
3891	38910	0				
3892	38920	0				
3893	38930	0				
3894	38940	0				
3895	38950	0				
3896	38960	0				
3897	38970	0				
3898	38980	0				
3899	38990	0				
3900	39000	0				
3901	39010	0				
3902	39020	0				
3903	39030	0				
3904	39040	0				
3905	39050	0				
3906	39060	0				
3907	39070	0				
3908	39080	0				
3909	39090	0				
3910	39100	0				
3911	39110	0				
3912	39120	0				
3913	39130	0				
3914	39140	0				
3915	39150	0				
3916	39160	0				
3917	39170	0				
3918	39180	0				
3919	39190	0				
3920	39200	0				
3921	39210	0				
3922	39220	0				
3923	39230	0				
3924	39240	0				
3925	39250	0				
3926	39260	0				
3927	39270	0				
3928	39280	0				
3929	39290	0				
3930	39300	0				
3931	39310	0				
3932	39320	0				
3933	39330	0				
3934	39340	0				
3935	39350	0				
3936	39360	0				
3937	39370	0				
3938	39380	0				
3939	39390	0				
3940	39400	0				
3941	39410	0				
3942	39420	0				
3943	39430	0				
3944	39440	0				
3945	39450	0				
3946	39460	0				
3947	39470	0				
3948	39480	0				
3949	39490	0				
3950	39500	0				
3951	39510	0				
3952	39520	0				
3953	39530	0				
3954	39540	0				
3955	39550	0				
3956	39560	0				
3957	39570	0				
3958	39580	0				
3959	39590	0				
3960	39600	0				
3961	39610	0				
3962	39620	0				
3963	39630	0				
3964	39640	0				
3965	39650	0				
3966	39660	0				
3967	39670	0				
3968	39680	0				
3969	39690	0				
3970	39700	0				
3971	39710	0				
3972	39720	0				
3973	39730	0				
3974	39740	0				
3975	39750	0				
3976	39760	0				
3977	39770	0				
3978	39780	0				
3979	39790	0				
3980	39800	0				
3981	39810	0				
3982	39820	0				
3983	39830	0				
3984	39840	0				
3985	39850	0				
3986	39860	0				
3987	39870	0				
3988	39880	0				
3989	39890	0				
3990	39900	0				
3991	39910	0				
3992	39920	0				
3993	39930	0				
3994	39940	0				
3995	39950	0				
3996	39960	0				
3997	39970	0				
3998	39980	0				
3999	39990	0				
4000	40000	0				
4001	40010	0				
4002	40020	0				
4003	40030	0				
4004	40040	0				
4005	40050	0				
4006	40060	0				
4007	40070	0				
4008	40080	0				
4009	40090	0				
4010	40100	0				
4011	40110	0				
4012	40120	0				
4013	40130	0				
4014	40140	0				
4015	40150	0				
4016	40160	0				
4017	40170	0				
4018	40180	0				
4019	40190	0				
4020	40200	0				
4021	40210	0				
4022	40220	0				
4023	40230	0				
4024	40240	0				
4025	40250	0				
4026	40260	0				
4027	40270	0				
4028	40280	0				
4029	40290	0				
4030	40300	0				
4031	40310	0				
4032	40320	0				
4033	40330	0				
4034	40340	0				
4035	40350	0				
4036	40360	0				
4037	40370	0				
4038	40380	0				
4039	40390	0				
4040	40400	0				
4041	40410	0				
4042	40420	0				
4043	40430	0				
4044	40440	0				
4045	40450	0				
4046	40460	0				
4047	40470	0				
4048	40480	0				
4049	40490	0				
4050	40500	0				
4051	40510	0				
4052	40520	0				
4053	40530	0				
4054	40540	0				
4055	40550	0				
4056	40560	0				
4057	40570	0				
4058	40580	0				
4059	40590	0				
4060	40600	0				
4061	40610	0				
4062	40620	0				
4063	40630	0				
4064	40640	0				
4065	40650	0				
4066	40660	0				
4067	40670	0				
4068	40680	0				
4069	40690	0				
4070	40700	0				
4071	40710	0				
4072	40720	0				
4073	40730	0				
4074	40740	0				
4075	40750	0				
4076	40760	0				
4077	40770	0				
4078	40780	0				
4079	40790	0				
4080	40800	0				
4081	40810	0				
4082	40820	0				
4083	40830	0				
4084	40840	0				
4085	40850	0				
4086	40860	0				
4087	40870	0				
4088	40880	0				
4089	40890	0				
4090	40900	0				
4091	40910	0				
4092	40920	0				
4093	40930	0				
4094	40940	0				
4095	40950	0				
4096	40960	0				
4097	40970	0				
4098	40980	0				
4099	40990	0				
4100	41000	0				
4101	41010	0				
4102	41020	0				
4103	41030	0				
4104	41040	0				
4105	41050	0				
4106	41060	0				
4107	41070	0				
4108	41080	0				
4109	41090	0				
4110	41100	0				
4111	41110	0				
4112	41120	0				
4113	41130	0				
4114	41140	0				
4115	41150	0				
4116	41160	0				
4117	41170	0				
4118	41180	0				
4119	41190	0				
4120	41200	0				
4121	41210	0				
4122	41220	0				
4123	41230	0				
4124	41240	0				
4125	41250	0				
4126	41260	0				
4127	41270	0				
4128	41280	0				
4129	41290	0				
4130	41300	0				
4131	41310	0				
4132	41320	0				
4133	41330	0				
4134	41340	0				
4135	41350	0				
4136	41360	0				
4137	41370	0				
4138	41380	0				
4139	41390	0				
4140	41400	0				
4141	41410	0				
4142	41420	0				
4143	41430	0				
4144	41440	0				
4145	41450	0				
4146	41460	0				
4147	41470	0				
4148	41480	0				
4149	41490	0				
4150	41500	0				
4151	41510	0				
4152	41520	0				
4153	41530	0				
4154	41540	0				
4155	41550	0				
4156	41560	0				
4157	41570	0				
4158	41580	0				
4159	41590	0				
4160	41600	0				
4161	41610	0				
4162	41620	0				
4163	41630	0				
4164	41640	0				
4165	41650	0				
4166	41660	0				
4167	41670	0				
4168	41680	0				
4169	41690	0				
4170	41700	0				
4171	41710	0				
4172	41720	0				
4173	41730	0				
4174	41740	0				
4175	41750	0				
4176	41760	0				
4177	41770	0				
4178	41780	0				
4179	41790	0				
4180	41800	0				
4181	41810	0				
4182	41820	0				
4183	41830	0				
4184	41840	0				
4185	41850	0				
4186	41860	0				
4187	41870	0				
4188	41880	0				
4189	41890	0				
4190	41900	0				
4191	41910	0				
4192	41920	0				
4193	41930	0				
4194	41940	0				
4195	41950	0				
4196	41960	0				
4197	41970	0				
4198	41980	0				
4199	41990	0				
4200	42000	0				
4201	42010	0				
4202	42020	0				
4203	42030	0				
4204	42040	0				
4205	42050	0				
4206	42060	0				
4207	42070	0				
4208	42080	0				
4209	42090	0				
4210	42100	0				
4211	42110	0				
4212	42120	0				
4213	42130	0				
4214	42140	0				
4215	42150	0				
4216	42160	0				
4217	42170	0				
4218	42180	0				
4219	42190	0				
4220	42200	0				
4221	42210	0				
4222	42220	0				
4223	42230	0				
4224	42240	0				
4225	42250	0				
4226	42260	0				
4227	42270	0				
4228	42280	0				
4229	42290	0				
4230	42300	0				
4231	42310	0				
4232	42320	0				
4233	42330	0				
4234	42340	0				
4235	42350	0				
4236	42360	0				
4237	42370	0				
4238	42380	0				
4239	42390	0				
4240	42400	0				
4241	42410	0				
4242	42420	0				
4243	42430	0				
4244	42440	0				
4245	42450	0				
4246	42460	0				
4247	42470	0				
4248	42480	0				
4249	42490	0				
4250	42500	0				
4251	42510	0				
4252	42520	0				
4253	42530	0				
4254	42540	0				
4255	42550	0				
4256	42560	0				
4257	42570	0				
4258	42580	0				
4259	42590	0				
4260	42600	0				
4261	42610	0				
4262	42620	0				
4263	42630	0				
4264	42640	0				
4265	42650	0				
4266	42660	0				
4267	42670	0				
4268	42680	0				
4269	42690	0				
4270	42700	0				
4271	42710	0				
4272	42720	0				
4273	42730	0				
4274	42740	0				
4275	42750	0				
4276	42760	0				
4277	42770	0				
4278	42780	0				
4279	42790	0				
4280	42800	0				
4281	42810	0				
4282	42820	0				
4283	42830	0				
4284	42840	0				
4285	42850	0				
4286	42860	0				
4287	42870	0				
4288	42880	0				
4289	42890	0				
4290	42900	0				
4291	42910	0				
4292	42920	0				
4293	42930	0				
4294	42940	0				
4295	42950	0				
4296	42960	0				
4297	42970	0				
4298	42980	0				
4299	42990	0				
4300	43000	0				
4301	43010	0				
4302	43020	0				
4303	43030	0				
4304	43040	0				
4305	43050	0				
4306	43060	0				
4307	43070	0				
4308	43080	0				
4309	43090	0				
4310	43100	0				
4311	43110	0				
4312	43120	0				
4313	43130	0				
4314	43140	0				
4315	43150	0				
4316	43160	0				
4317	43170	0				
4318	43180	0				
4319	43190	0				
4320	43200	0				
4321	43210	0				
4322	43220	0				
4323	43230	0				
4324	43240	0				
4325	43250	0				
4326	43260	0				
4327	43270	0				
4328	43280	0				
4329	43290	0				
4330	43300	0				
4331	43310	0				
4332	43320	0				
4333	43330	0				
4334	43340	0				
4335	43350	0				
4336	43360	0				
4337	43370	0				
4338	43380	0				
4339	43390	0				
4340	43400	0				
4341	43410	0				
4342	43420	0				
4343	43430	0				
4344	43440	0				
4345	43450	0				
4346	43460	0				
4347	43470	0				
4348	43480	0				
4349	43490	0				
4350	43500	0				
4351	43510	0				
4352	43520	0	0			
4353	43530	0	0			
4354	43540	0	0			
4355	43550	0	0			
4356	43560	0	0			
4357	43570	0	0			
4358	43580	0	0	0.00906338028169014		
4359	43590	0	0	0.0128767605633803		
4360	43600	0	0	0.0158070422535211		
4361	43610	0	0	0.0131133802816901		
4362	43620	0	0.2	0.0123908450704225		
4363	43630	0	0.05	0.0125683098591549		
4364	43640	0	0.025	0.0154330985915493		
4365	43650	0	0	0.0263408450704226		
4366	43660	0	0.025	0.0334140845070423		
4367	43670	0	0	0.0391943661971831		
4368	43680	0	0	0.0480422535211268		
4369	43690	0	0	0.0695535211267606		
4370	43700	0	0	0.0802647887323944		
4371	43710	0	0	0.0797133802816901		
4372	43720	0	0	0.102954929577465	0.00840801088590486	0.0945469186915599
4373	43730	0	0	0.0772035211267606	0.00743768132100605	0.0697658398057545
4374	43740	0	0	0.0644577464788732	0.0065313781045721	0.0579263683743011
4375	43750	0	0	0.0449302816901409	0.00612538351257258	0.0388048981775683
4376	43760	0	0.8	0.027456338028169	0.0144291851178055	0.0130271529103636
4377	43770	0	0.025	0.0315570422535211	0.0413639690182399	-0.00980692676471879
4378	43780	0	0.025	0.0353661971830986	0.0555624503959446	-0.020196253212846
4379	43790	0	0.025	0.0381549295774648	0.0573135229600659	-0.0191585933826011
4380	43800	0	0.075	0.0394922535211268	0.0572441130232329	-0.0177518595021061
4381	43810	0	0.375	0.0408295774647887	0.058287402591785	-0.0174578251269963
4382	43820	0	0	0.0420021126760563	0.0654677829339612	-0.0234656702579048
4383	43830	0	0.15	0.040069014084507	0.0646856575109998	-0.0246166434264928
4384	43840	0	0	0.0369	0.0639404838311816	-0.0270404838311816
4385	43850	0	0.05	0.033737323943662	0.0623622702841919	-0.0286249463405299
4386	43860	0	0	0.0305746478873239	0.0576508672477882	-0.0270762193604643
4387	43870	0	0	0.0274119718309859	0.0518571563545028	-0.0244451845235169
4388	43880	0	0.075	0.0249781690140845	0.0459160888898768	-0.0209379198757923
4389	43890	0	0	0.0249147887323944	0.0441467322180517	-0.0192319434856573
4390	43900	0	0	0.0250985915492958	0.040519957437016	-0.0154213658877202
4391	43910	0	0.025	0.0253521126760563	0.0360846818664335	-0.0107325691903772
4392	43920	0	0.2	0.0255295774647887	0.0351156063874337	-0.00958602892264496
4393	43930	0	0.175	0.0257133802816902	0.0434277948609055	-0.0177144145792153
4394	43940	0	0.025	0.0258908450704226	0.0514817426769539	-0.0255908976065314
4395	43950	0	0	0.026112676056338	0.0523526621674266	-0.0262399861110886
4396	43960	0	0	0.0263281690140845	0.0488983717301944	-0.0225702027161099
4397	43970	0	0.025	0.0265056338028169	0.0362577665393367	-0.00975213273651977
4398	43980	0	0	0.0266894366197183	0.033792173084286	-0.00710273646456766
4399	43990	0	0	0.0268732394366197	0.0299746444480649	-0.00310140501144516
4400	44000	0	0	0.0271204225352113	0.0265093489690458	0.000611073566165476
4401	44010	0	0	0.0272978873239437	0.0228984542243909	0.00439943309955278
4402	44020	0	0.05	0.0273676056338029	0.0173196005755738	0.010048005058229
4403	44030	0	0.025	0.0250542253521127	0.0173997539447116	0.00765447140740111
4404	44040	0	0.025	0.0216760563380282	0.0161246439522972	0.005551412385731
4405	44050	0	0.3	0.0182978873239437	0.0199559232793261	-0.00165803595538247
4406	44060	0	0	0.0149133802816902	0.0291166635723258	-0.0142032832906356
4407	44070	0	0	0.0115352112676057	0.0327130492717761	-0.0211778380041704
4408	44080	0	0	0.00831549295774648	0.0310006602420829	-0.0226851672843364
4409	44090	0	0	0.0100901408450704	0.0284672646726205	-0.0183771238275501
4410	44100	0	0	0.0152366197183099	0.0258598246670404	-0.0106232049487305
4411	44110	0	0.1	0.0424584507042253	0.0239535018949668	0.0185049488092586
4412	44120	0	0.25	0.0581070422535211	0.0266615028162481	0.0314455394372731
4413	44130	0	0.825	0.0553183098591549	0.0414794715417243	0.0138388383174306
4414	44140	0	0.075	0.0464387323943662	0.0716070605269933	-0.0251683281326271
4415	44150	0	0	0.0639443661971831	0.0866036134787057	-0.0226592472815225
4416	44160	0	0	0.100679577464789	0.0853794874738595	0.0153000899909292
4417	44170	0	0.6	0.11320985915493	0.0861698301721461	0.0270400289827836
4418	44180	0	0.1	0.174479577464789	0.0980950137992254	0.0763845636655635
4419	44190	0	0	0.186185915492958	0.101680351776787	0.084505563716171
4420	44200	0	0	0.131691549295775	0.0941432881232877	0.037548261172487
4421	44210	0	0	0.0964014084507043	0.0856811033543771	0.0107203050963272
4422	44220	0	0.25	0.0781161971830986	0.0804084674125606	-0.00229227022946205
4423	44230	0	0	0.0625753521126761	0.0790300160643819	-0.0164546639517058
4424	44240	0	0	0.0499943661971831	0.0741681649692186	-0.0241737987720355
4425	44250	0	0	0.043212676056338	0.0663469245467972	-0.0231342484904592
4426	44260	0	0	0.0337816901408451	0.0582954137331222	-0.0245137235922771
4427	44270	0	0.13	0.0340288732394366	0.0528079014860817	-0.018779028246645
4428	44280	0	0.08	0.0450190140845071	0.0517698218687247	-0.00675080778421763
4429	44290	0	0.34	0.0524408450704225	0.055333941768914	-0.00289309669849147
4430	44300	0	0.91	0.108817605633803	0.07793326375346	0.0308843418803429
4431	44310	0	0.02	0.13095	0.112237512908447	0.018712487091553
4432	44320	0	0.77	0.126158450704225	0.131154737958829	-0.00499628725460383
4433	44330	0	0.16	0.208584507042254	0.150339543120204	0.0582449639220497
4434	44340	0	0.08	0.235622535211268	0.153893642514466	0.0817288926968013
4435	44350	0	0.02	0.216088732394366	0.147972232772023	0.0681164996223435
4436	44360	0	0.01	0.166005633802817	0.136324156603856	0.0296814771989616
4437	44370	0	0	0.124307746478873	0.119517246927031	0.00479049955184209
4438	44380	0	0	0.101560563380282	0.097785728718395	0.00377483466188665
4439	44390	0	0.01	0.0844098591549296	0.085117469539079	-0.000707610384149418
4440	44400	0	0	0.0731218309859155	0.0749034517714156	-0.00178162078550009
4441	44410	0	0	0.0735654929577465	0.0670745262028728	0.00649096675487369
4442	44420	0	0.01	0.0687232394366197	0.0597988578417755	0.00892438159484421
4443	44430	0	0	0.0606105633802817	0.0522223092718145	0.00838825410846722
4444	44440	0	0.06	0.0562753521126761	0.0471437326802787	0.0091316194323974
4445	44450	0	0	0.0511985915492958	0.0450901792279244	0.00610841232137133
4446	44460	0	0	0.0479788732394366	0.0423747572930943	0.00560411594634234
4447	44470	0	0	0.0458683098591549	0.041409316351156	0.00445899350799897
4448	44480	0	0	0.0405633802816901	0.0369628136215757	0.00360056666011446
4449	44490	0	0	0.0389091549295775	0.0350927023715153	0.00381645255806216
4450	44500	0	0.36	0.0321528169014085	0.0329874937304395	-0.000834676829031017
4451	44510	0	2.75	0.0769183098591549	0.0643766437466779	0.0125416661124769
4452	44520	0	0	0.169529577464789	0.162393001428024	0.00713657603676482
4453	44530	0	0	0.13133661971831	0.200013017428384	-0.068676397710074
4454	44540	0	0	0.0996401408450705	0.196591264103802	-0.0969511232587316
4455	44550	0	0.07	0.0787943661971831	0.186060961170965	-0.107266594973782
4456	44560	0	0.01	0.0671640845070423	0.165054741193865	-0.0978906566868223
4457	44570	0	0	0.0558823943661972	0.142366920663638	-0.0864845262974407
4458	44580	0	0	0.0493035211267606	0.119558884292778	-0.0702553631660179
4459	44590	0	0	0.0433394366197183	0.10290516675593	-0.0595657301362117
4460	44600	0	0	0.0380788732394366	0.0930203747216649	-0.0549415014822283
4461	44610	0	0	0.0352647887323944	0.0825454525558136	-0.0472806638234192
4462	44620	0	0.04	0.0311387323943662	0.0738744338668804	-0.0427357014725142
4463	44630	0	0.36	0.0396443661971831	0.0708626741167136	-0.0312183079195304
4464	44640	0	0	0.108437323943662	0.080847803240374	0.027589520703288
4465	44650	0	0.3	0.125296478873239	0.0819256859646227	0.0433707929086167
4466	44660	0	0.07	0.139988028169014	0.0852714146534245	0.0547166135155896
4467	44670	0	0.02	0.151865492957746	0.0864945246404618	0.0653709683172846
4468	44680	0	0	0.135418309859155	0.0910164010502031	0.0444019088089518
4469	44690	0	0	0.116866901408451	0.0868917467664144	0.0299751546420362
4470	44700	0	0	0.0952415492957746	0.0783546865210111	0.0168868627747635
4471	44710	0	0	0.0788007042253521	0.063907964370111	0.0148927398552412
4472	44720	0	0	0.0654528169014084	0.0277476733062323	0.0377051435951762
4473	44730	0	0	0.0552169014084507	0.0241283383107933	0.0310885630976574
4474	44740	0	0	0.0478457746478873	0.0215721628776027	0.0262736117702846
4475	44750	0	0	0.0419514084507042	0.0191271980494911	0.0228242104012132
4476	44760	0	0	0.0372359154929577	0.0168572839094889	0.0203786315834688
4477	44770	0	0	0.0327359154929578	0.0146948466378231	0.0180410688551347
4478	44780	0	0	0.0297	0.0133098223058353	0.0163901776941647
4479	44790	0	0	0.0262394366197183	0.0118095253225224	0.014429911297196
4480	44800	0	0.11	0.024762676056338	0.0128887625781154	0.0118739134782226
4481	44810	0	0.73	0.0240845070422535	0.0239410481904161	0.000143458851837436
4482	44820	0	0.13	0.0288380281690141	0.0522808849870812	-0.0234428568180671
4483	44830	0	0.13	0.0355119718309859	0.0696729203060857	-0.0341609484750998
4484	44840	0	0	0.0326852112676057	0.0715809596367098	-0.0388957483691042
4485	44850	0	0	0.0295669014084507	0.070395109402879	-0.0408282079944283
4486	44860	0	0.11	0.0282105633802817	0.061372087484818	-0.0331615241045363
4487	44870	0	1.8	0.0469394366197183	0.076649817351964	-0.0297103807322457
4488	44880	0	0.3	0.146110563380282	0.135077722321642	0.0110328410586395
4489	44890	0	0	0.204433098591549	0.169858902368999	0.03457419622255
4490	44900	0	0	0.170727464788732	0.170437663380524	0.000289801408208668
4491	44910	0	0	0.131140140845071	0.160924422838355	-0.029784281993284
4492	44920	0	0	0.106599295774648	0.142875230986498	-0.0362759352118497
4493	44930	0	0	0.0892014084507042	0.123013380372683	-0.0338119719219791
4494	44940	0	0	0.0708718309859155	0.105014128126038	-0.0341422971401228
4495	44950	0	0.74	0.0821028169014084	0.0982534011935893	-0.0161505842921809
4496	44960	0	0	0.104735915492958	0.113954148055651	-0.00921823256269266
4497	44970	0	0.13	0.109432394366197	0.119130611825912	-0.00969821745971441
4498	44980	0	0.01	0.104533098591549	0.11837379575711	-0.0138406971655603
4499	44990	0	0	0.093130985915493	0.112984338936366	-0.0198533530208728
4500	45000	0	0	0.0828507042253521	0.104885586563418	-0.0220348823380655
4501	45010	0	0.02	0.0721901408450705	0.0914709644338713	-0.0192808235888009
4502	45020	0	0.11	0.063874647887324	0.0726558268137362	-0.00878117892641225
4503	45030	0	0.72	0.060287323943662	0.0735938118199515	-0.0133064878762895
4504	45040	0	0	0.0739901408450704	0.0984710178808842	-0.0244808770358138
4505	45050	0	0.01	0.0825591549295774	0.108147057191266	-0.025587902261688
4506	45060	0	0	0.080569014084507	0.103813980497383	-0.0232449664128762
4507	45070	0	0.01	0.079180985915493	0.0938376503864409	-0.0146566644709479
4508	45080	0	0	0.0718605633802817	0.0653978117995717	0.00646275158070998
4509	45090	0	0	0.0627021126760563	0.0533349546267481	0.00936715804930824
4510	45100	0	0	0.0564338028169014	0.0452644322935232	0.0111693705233782
4511	45110	0	1.82	0.0685521126760564	0.059301226458439	0.00925088621761738
4512	45120	0	0.04	0.137750704225352	0.120505880535398	0.0172448236899538
4513	45130	0	0.05	0.130252816901408	0.150518613505673	-0.020265796604265
4514	45140	0	0.26	0.128243661971831	0.152960512214779	-0.0247168502429476
4515	45150	0	0.58	0.125784507042254	0.160723610669371	-0.0349391036271175
4516	45160	0	0.12	0.131089436619718	0.163211417984131	-0.0321219813644129
4517	45170	0	0.07	0.129238732394366	0.161139976395782	-0.0319012440014163
4518	45180	0	0	0.12027676056338	0.146920538455201	-0.0266437778918205
4519	45190	0	0.01	0.126811267605634	0.132465262973556	-0.00565399536792249
4520	45200	0	0	0.118711267605634	0.121779573888841	-0.00306830628320728
4521	45210	0	0	0.105293661971831	0.107871882538031	-0.00257822056620066
4522	45220	0	0	0.0935049295774648	0.0943008742656369	-0.000795944688172012
4523	45230	0	0	0.0788767605633803	0.0809502854376223	-0.00207352487424207
4524	45240	0	0	0.069762676056338	0.0673369621834112	0.0024257138729268
4525	45250	0	0	0.0608514084507042	0.0593406411995287	0.00151076725117559
4526	45260	0	0	0.0530429577464789	0.0517663236302901	0.00127663411618876
4527	45270	0	0	0.0476049295774648	0.0453244836029496	0.00228044597451515
4528	45280	0	0	0.0436816901408451	0.0472281832248977	-0.00354649308405267
4529	45290	0	0	0.0425408450704225	0.04483321734169	-0.00229237227126745
4530	45300	0	0	0.0381105633802817	0.0410943666990139	-0.00298380331873221
4531	45310	0	0.07	0.0356260563380282	0.0373339864059697	-0.00170793006794154
4532	45320	0	0.69	0.0336359154929578	0.0268334674333131	0.00680244805964465
4533	45330	0	0.81	0.0615549295774648	0.0599777132851742	0.00157721629229061
4534	45340	0	0.38	0.120245070422535	0.1023232834945	0.0179217869280349
4535	45350	0	0.04	0.110541549295775	0.125202083330095	-0.0146605340343204
4536	45360	0	0	0.120631690140845	0.123609493073413	-0.00297780293256832
4537	45370	0	0.21	0.108164788732395	0.117255815616239	-0.00909102688384486
4538	45380	0.967618569287543	0.11	0.102264084507042	0.111941899492932	-0.00967781498588946
4539	45390	0.952248910944051	0	0.0983852112676055	0.104483694778982	-0.00609848351137619
4540	45400	0.999992075933059	0	0.0945887323943662	0.0928372899176464	0.00175144247671978
4541	45410	0.965688306847409	0.1	0.091337323943662	0.0834778655967428	0.0078594583469192
4542	45420	0	0.26	0.0893281690140845	0.0807661415460492	0.00856202746803528
4543	45430	0	0.02	0.094493661971831	0.0831110544941488	0.0113826074776822
4544	45440	0.999151308987129	0.2	0.0911661971830986	0.0825455092246622	0.0086206879584364
4545	45450	0.980177404686925	0.01	0.0954760563380282	0.0835448077899454	0.0119312485480828
4546	45460	0.984371714160838	0.12	0.0956915492957747	0.0824950144882831	0.0131965348074916
4547	45470	0.962404965273696	0.2	0.0949943661971831	0.0811367814596624	0.0138575847375207
4548	45480	0	0.25	0.106681690140845	0.0842457584873898	0.0224359316534553
4549	45490	0.816875365072458	0.07	0.115871830985916	0.0906590532446991	0.0252127777412164
4550	45500	0	0	0.126221830985915	0.0937644665197518	0.0324573644661636
4551	45510	0.766402794280814	0	0.119294366197183	0.0901351033431888	0.0291592628539944
4552	45520	0.849186398295484	0	0.10787323943662	0.0812075016424572	0.0266657377941624
4553	45530	0	0	0.100235915492958	0.0644462590800143	0.0357896564129435
4554	45540	0.636324547397924	0	0.0893661971830986	0.0482954114301704	0.0410707857529282
4555	45550	0.580074224023958	0	0.0824197183098592	0.0390680408204701	0.043351677489389
4556	45560	0.604804326130295	0	0.0757394366197183	0.0340753227509057	0.0416641138688126
4557	45570	0.652229609936054	0	0.0702443661971831	0.030468786343124	0.0397755798540591
4558	45580	0	0	0.0655922535211268	0.0250388564166173	0.0405533971045095
4559	45590	0.626381478305389	0	0.0640077464788733	0.0222070942476801	0.0418006522311931
4560	45600	0	0.02	0.058930985915493	0.0206399550194898	0.0382910308960032
4561	45610	0.723153854947466	0	0.0571816901408451	0.0201893143581404	0.0369923757827046
4562	45620	0	0.08	0.0548239436619718	0.018400972670948	0.0364229709910238
4563	45630	0.623945946642669	0.18	0.0601922535211268	0.0189649942068803	0.0412272593142465
4564	45640	0.573313361506234	0	0.069737323943662	0.0255426031859867	0.0441947207576752
4565	45650	0.576821214228328	0	0.0702253521126761	0.0263873858894753	0.0438379662232008
4566	45660	0.619809907791349	0	0.065224647887324	0.025635704656015	0.0395889432313089
4567	45670	0	0	0.0609908450704226	0.0224194363306807	0.0385714087397419
4568	45680	0.648851348684509	0	0.0560725352112676	0.0175018939708988	0.0385706412403688
4569	45690	0.677605253177533	0.01	0.0494302816901408	0.0125032915176646	0.0369269901724762
4570	45700	0.695791733339355	0.01	0.0458049295774648	0.0102670794499107	0.0355378501275541
4571	45710	0.70498717610894	0	0.043656338028169	0.00949505407209798	0.034161283956071
4572	45720	0	0	0.0406140845070423	0.00883124406897252	0.0317828404380698
4573	45730	0.787340672965405	0	0.0380852112676056	0.00798374197065571	0.0301014692969499
4574	45740	0	0	0.0361394366197183	0.00712355443474942	0.0290158821849689
4575	45750	0.823143254674912	0	0.0343711267605634	0.00637869222066893	0.0279924345398944
4576	45760	0.850128457812474	0	0.0322669014084507	0.00587445964231109	0.0263924417661396
4577	45770	0	0.01	0.0312654929577465	0.00527063262048868	0.0259948603372578
4578	45780	0.863854585961465	0	0.029712676056338	0.00492825317936395	0.0247844228769741
4579	45790	0	0	0.0284450704225352	0.00480804658479512	0.0236370238377401
4580	45800	0	0.01	0.0272661971830986	0.0051940815265504	0.0220721156565482
4581	45810	0	0	0.0264992957746479	0.00514740969402642	0.0213518860806215
4582	45820	0	0.01	0.0252570422535211	0.00502385735270167	0.0202331849008195
4583	45830	0.930395793341289	0	0.0240401408450704	0.00399073106711114	0.0200494097779593
4584	45840	0	0	0.0232352112676056	0.0019066369222972	0.0213285743453084
4585	45850	0.91546375093229	0	0.0224429577464789	0.00173167092523205	0.0207112868212468
4586	45860	0	0	0.02115	0.00159775495045137	0.0195522450495486
4587	45870	0.935099896650871	0	0.0206302816901408	0.00143608801852676	0.0191941936716141
4588	45880	0.945536729298391	0	0.0194767605633803	0.0012669176333258	0.0182098429300545
4589	45890	0.953888029905345	0.01	0.0186654929577465	0.00122028657813887	0.0174452063796076
4590	45900	0.96151923683075	0	0.0178985915492958	0.00133200510319102	0.0165665864461048
4591	45910	0	0	0.0174739436619718	0.00130650038343173	0.0161674432785401
4592	45920	0.973260446938094	0	0.0162950704225352	0.001221843136518	0.0150732272860172
4593	45930	0	0	0.0156549295774648	0.00113983580295621	0.0145150937745085
4594	45940	0.97921279438498	0	0.015312676056338	0.00103514905805847	0.0142775269982796
4595	45950	0.985336086994599	0	0.0142478873239437	0.000926982586925513	0.0133209047370182
4596	45960	0	0.01	0.0139119718309859	0.000909749467574024	0.0130022223634119
4597	45970	0.99160947495758	0.01	0.0133035211267606	0.00128645910361549	0.0120170620231451
4598	45980	0	0.03	0.0122387323943662	0.00196914330776334	0.0102695890866029
4599	45990	0.999369267216455	0.01	0.0123338028169014	0.00325709204292835	0.00907671077397305
4600	46000	0	0	0.0118774647887324	0.0040401242394147	0.0078373405493177
4601	46010	0	0.01	0.0118838028169014	0.00406827318426946	0.00781552963263193
4602	46020	0.999708981779323	0	0.0113007042253521	0.0041515911594775	0.00714911306587462
4603	46030	0	0.03	0.0110345070422535	0.00411667914212567	0.00691782790012785
4604	46040	0.998093490060216	0.01	0.0107556338028169	0.00479176682089467	0.00596386698192222
4605	46050	0.996291214680707	0	0.0106478873239437	0.00521136950814723	0.00543651781579647
4606	46060	0.997088151239769	0	0.0104514084507042	0.00502436168604576	0.00542704676465847
4607	46070	0.996282669243105	0	0.00986830985915493	0.00466233116011635	0.00520597869903858
4608	46080	0	0.09	0.00972887323943662	0.00515698141863589	0.00457189182080073
4609	46090	0.982471363526858	0	0.00979859154929578	0.00770362818192493	0.00209496336737084
4610	46100	0	0.04	0.00995704225352113	0.00910672574468532	0.000850316508835811
4611	46110	0.967839249244141	0	0.0095387323943662	0.0100985342812257	-0.000559801886859503
4612	46120	0.95881576008257	0	0.00916478873239436	0.0102470765261747	-0.00108228779378034
4613	46130	0	0.01	0.00924718309859155	0.00944197500994658	-0.000194791911355033
4614	46140	0	0	0.00867042253521126	0.00878913352145531	-0.000118710986244049
4615	46150	0	0	0.00877183098591549	0.00788341019452198	0.000888420791393514
4616	46160	0	0	0.00831549295774648	0.0069948239061648	0.00132066905158168
4617	46170	0	0	0.00821408450704225	0.00614486446643935	0.00206922004060291
4618	46180	0	0	0.00818239436619719	0.00529874219226383	0.00288365217393335
4619	46190	0	0	0.00777042253521127	0.00440381479483125	0.00336660774038002
4620	46200	0	0	0.00787816901408451	0.00386598580654182	0.00401218320754269
4621	46210	0	0	0.00772605633802817	0.00364502629597008	0.00408103004205809
4622	46220	0	0	0.0077387323943662	0.00314633464838644	0.00459239774597976
4623	46230	0	0	0.00763098591549296	0.00280904364555255	0.00482194226994041
4624	46240	0	0	0.00744718309859155	0.00212628861380333	0.00532089448478823
4625	46250	0	0.01	0.00751056338028169	0.00218497477097025	0.00532558860931145
4626	46260	0	0	0.00709859154929578	0.00243363276121661	0.00466495878807917
4627	46270	0	0	0.0073330985915493	0.00258776009917613	0.00474533849237317
4628	46280	0	0	0.00714295774647888	0.00239688914276096	0.00474606860371792
4629	46290	0		0.00706056338028169		
4630	46300	0		0.00733943661971831		
4631	46310	0				
4632	46320	0				
4633	46330	0				
4634	46340	0				
4635	46350	0				
4636	46360	0				
4637	46370	0				
4638	46380	0				
4639	46390	0				
4640	46400	0				
4641	46410	0				
4642	46420	0				
4643	46430	0				
4644	46440	0				
4645	46450	0				
4646	46460	0				
4647	46470	0				
4648	46480	0				
4649	46490	0				
4650	46500	0				
4651	46510	0				
4652	46520	0				
4653	46530	0				
4654	46540	0				
4655	46550	0				
4656	46560	0				
4657	46570	0				
4658	46580	0				
4659	46590	0				
4660	46600	0				
4661	46610	0				
4662	46620	0				
4663	46630	0				
4664	46640	0				
4665	46650	0				
4666	46660	0				
4667	46670	0				
4668	46680	0				
4669	46690	0				
4670	46700	0				
4671	46710	0				
4672	46720	0				
4673	46730	0				
4674	46740	0				
4675	46750	0				
4676	46760	0				
4677	46770	0				
4678	46780	0				
4679	46790	0				
4680	46800	0				
4681	46810	0				
4682	46820	0				
4683	46830	0				
4684	46840	0				
4685	46850	0				
4686	46860	0				
4687	46870	0				
4688	46880	0				
4689	46890	0				
4690	46900	0				
4691	46910	0				
4692	46920	0				
4693	46930	0				
4694	46940	0				
4695	46950	0				
4696	46960	0				
4697	46970	0				
4698	46980	0				
4699	46990	0				
4700	47000	0				
4701	47010	0				
4702	47020	0				
4703	47030	0				
4704	47040	0				
4705	47050	0				
4706	47060	0				
4707	47070	0				
4708	47080	0				
4709	47090	0				
4710	47100	0				
4711	47110	0				
4712	47120	0				
4713	47130	0				
4714	47140	0				
4715	47150	0				
4716	47160	0				
4717	47170	0				
4718	47180	0				
4719	47190	0				
4720	47200	0				
4721	47210	0				
4722	47220	0				
4723	47230	0				
4724	47240	0				
4725	47250	0				
4726	47260	0				
4727	47270	0				
4728	47280	0				
4729	47290	0				
4730	47300	0				
4731	47310	0				
4732	47320	0				
4733	47330	0				
4734	47340	0				
4735	47350	0				
4736	47360	0				
4737	47370	0				
4738	47380	0				
4739	47390	0				
4740	47400	0				
4741	47410	0				
4742	47420	0				
4743	47430	0				
4744	47440	0				
4745	47450	0				
4746	47460	0				
4747	47470	0				
4748	47480	0				
4749	47490	0				
4750	47500	0				
4751	47510	0				
4752	47520	0				
4753	47530	0				
4754	47540	0				
4755	47550	0				
4756	47560	0				
4757	47570	0				
4758	47580	0				
4759	47590	0				
4760	47600	0				
4761	47610	0				
4762	47620	0				
4763	47630	0				
4764	47640	0				
4765	47650	0				
4766	47660	0				
4767	47670	0				
4768	47680	0				
4769	47690	0				
4770	47700	0				
4771	47710	0				
4772	47720	0				
4773	47730	0				
4774	47740	0				
4775	47750	0				
4776	47760	0				
4777	47770	0				
4778	47780	0				
4779	47790	0				
4780	47800	0				
4781	47810	0				
4782	47820	0				
4783	47830	0				
4784	47840	0				
4785	47850	0				
4786	47860	0				
4787	47870	0				
4788	47880	0				
4789	47890	0				
4790	47900	0				
4791	47910	0				
4792	47920	0				
4793	47930	0				
4794	47940	0				
4795	47950	0				
4796	47960	0				
4797	47970	0				
4798	47980	0				
4799	47990	0				
4800	48000	0				
4801	48010	0				
4802	48020	0				
4803	48030	0				
4804	48040	0				
4805	48050	0				
4806	48060	0				
4807	48070	0				
4808	48080	0				
4809	48090	0				
4810	48100	0				
4811	48110	0				
4812	48120	0				
4813	48130	0				
4814	48140	0				
4815	48150	0				
4816	48160	0				
4817	48170	0				
4818	48180	0				
4819	48190	0				
4820	48200	0				
4821	48210	0				
4822	48220	0				
4823	48230	0				
4824	48240	0				
4825	48250	0				
4826	48260	0				
4827	48270	0				
4828	48280	0				
4829	48290	0				
4830	48300	0				
4831	48310	0				
4832	48320	0				
4833	48330	0				
4834	48340	0				
4835	48350	0				
4836	48360	0				
4837	48370	0				
4838	48380	0				
4839	48390	0				
4840	48400	0				
4841	48410	0				
4842	48420	0				
4843	48430	0				
4844	48440	0				
4845	48450	0				
4846	48460	0				
4847	48470	0				
4848	48480	0				
4849	48490	0				
4850	48500	0				
4851	48510	0				
4852	48520	0				
4853	48530	0				
4854	48540	0				
4855	48550	0				
4856	48560	0				
4857	48570	0				
4858	48580	0				
4859	48590	0				
4860	48600	0				
4861	48610	0				
4862	48620	0				
4863	48630	0				
4864	48640	0				
4865	48650	0				
4866	48660	0				
4867	48670	0				
4868	48680	0				
4869	48690	0				
4870	48700	0				
4871	48710	0				
4872	48720	0				
4873	48730	0				
4874	48740	0				
4875	48750	0				
4876	48760	0				
4877	48770	0				
4878	48780	0				
4879	48790	0				
4880	48800	0				
4881	48810	0				
4882	48820	0				
4883	48830	0				
4884	48840	0				
4885	48850	0				
4886	48860	0				
4887	48870	0				
4888	48880	0				
4889	48890	0				
4890	48900	0				
4891	48910	0				
4892	48920	0				
4893	48930	0				
4894	48940	0				
4895	48950	0				
4896	48960	0				
4897	48970	0				
4898	48980	0				
4899	48990	0				
4900	49000	0				
4901	49010	0				
4902	49020	0				
4903	49030	0				
4904	49040	0				
4905	49050	0				
4906	49060	0				
4907	49070	0				
4908	49080	0				
4909	49090	0				
4910	49100	0				
4911	49110	0				
4912	49120	0				
4913	49130	0				
4914	49140	0				
4915	49150	0				
4916	49160	0				
4917	49170	0				
4918	49180	0				
4919	49190	0				
4920	49200	0				
4921	49210	0				
4922	49220	0				
4923	49230	0				
4924	49240	0				
4925	49250	0				
4926	49260	0				
4927	49270	0				
4928	49280	0				
4929	49290	0				
4930	49300	0				
4931	49310	0				
4932	49320	0				
4933	49330	0				
4934	49340	0				
4935	49350	0				
4936	49360	0				
4937	49370	0				
4938	49380	0				
4939	49390	0				
4940	49400	0				
4941	49410	0				
4942	49420	0				
4943	49430	0				
4944	49440	0				
4945	49450	0				
4946	49460	0				
4947	49470	0				
4948	49480	0				
4949	49490	0				
4950	49500	0				
4951	49510	0				
4952	49520	0				
4953	49530	0				
4954	49540	0				
4955	49550	0				
4956	49560	0				
4957	49570	0				
4958	49580	0				
4959	49590	0				
4960	49600	0				
4961	49610	0				
4962	49620	0				
4963	49630	0				
4964	49640	0				
4965	49650	0				
4966	49660	0				
4967	49670	0				
4968	49680	0				
4969	49690	0				
4970	49700	0				
4971	49710	0				
4972	49720	0				
4973	49730	0				
4974	49740	0				
4975	49750	0				
4976	49760	0				
4977	49770	0				
4978	49780	0				
4979	49790	0				
4980	49800	0				
4981	49810	0				
4982	49820	0				
4983	49830	0				
4984	49840	0				
4985	49850	0				
4986	49860	0				
4987	49870	0				
4988	49880	0				
4989	49890	0				
4990	49900	0				
4991	49910	0				
4992	49920	0				
4993	49930	0				
4994	49940	0				
4995	49950	0				
4996	49960	0				
4997	49970	0				
4998	49980	0				
4999	49990	0				
5000	50000	0				
5001	50010	0				
5002	50020	0				
5003	50030	0				
5004	50040	0				
5005	50050	0				
5006	50060	0				
5007	50070	0				
5008	50080	0				
5009	50090	0				
5010	50100	0				
5011	50110	0				
5012	50120	0				
5013	50130	0				
5014	50140	0				
5015	50150	0				
5016	50160	0				
5017	50170	0				
5018	50180	0				
5019	50190	0				
5020	50200	0				
5021	50210	0				
5022	50220	0				
5023	50230	0				
5024	50240	0				
5025	50250	0				
5026	50260	0				
5027	50270	0				
5028	50280	0				
5029	50290	0				
5030	50300	0				
5031	50310	0				
5032	50320	0				
5033	50330	0				
5034	50340	0				
5035	50350	0				
5036	50360	0				
5037	50370	0				
5038	50380	0				
5039	50390	0				
5040	50400	0				
5041	50410	0				
5042	50420	0				
5043	50430	0				
5044	50440	0				
5045	50450	0				
5046	50460	0				
5047	50470	0				
5048	50480	0				
5049	50490	0				
5050	50500	0				
5051	50510	0				
5052	50520	0				
5053	50530	0				
5054	50540	0				
5055	50550	0				
5056	50560	0				
5057	50570	0				
5058	50580	0				
5059	50590	0				
5060	50600	0				
5061	50610	0				
5062	50620	0				
5063	50630	0				
5064	50640	0				
5065	50650	0				
5066	50660	0				
5067	50670	0				
5068	50680	0				
5069	50690	0				
5070	50700	0				
5071	50710	0				
5072	50720	0				
5073	50730	0				
5074	50740	0				
5075	50750	0				
5076	50760	0				
5077	50770	0				
5078	50780	0				
5079	50790	0				
5080	50800	0				
5081	50810	0				
5082	50820	0				
5083	50830	0				
5084	50840	0				
5085	50850	0				
5086	50860	0				
5087	50870	0				
5088	50880	0				
5089	50890	0				
5090	50900	0				
5091	50910	0				
5092	50920	0				
5093	50930	0				
5094	50940	0				
5095	50950	0				
5096	50960	0				
5097	50970	0				
5098	50980	0				
5099	50990	0				
5100	51000	0				
5101	51010	0				
5102	51020	0				
5103	51030	0				
5104	51040	0				
5105	51050	0				
5106	51060	0				
5107	51070	0				
5108	51080	0				
5109	51090	0				
5110	51100	0				
5111	51110	0				
5112	51120	0				
5113	51130	0				
5114	51140	0				
5115	51150	0				
5116	51160	0				
5117	51170	0				
5118	51180	0				
5119	51190	0				
5120	51200	0				
5121	51210	0				
5122	51220	0				
5123	51230	0				
5124	51240	0				
5125	51250	0				
5126	51260	0				
5127	51270	0				
5128	51280	0				
5129	51290	0				
5130	51300	0				
5131	51310	0				
5132	51320	0				
5133	51330	0				
5134	51340	0				
5135	51350	0				
5136	51360	0				
5137	51370	0				
5138	51380	0				
5139	51390	0				
5140	51400	0				
5141	51410	0				
5142	51420	0				
5143	51430	0				
5144	51440	0				
5145	51450	0				
5146	51460	0				
5147	51470	0				
5148	51480	0				
5149	51490	0				
5150	51500	0				
5151	51510	0				
5152	51520	0				
5153	51530	0				
5154	51540	0				
5155	51550	0				
5156	51560	0				
5157	51570	0				
5158	51580	0				
5159	51590	0				
5160	51600	0				
5161	51610	0				
5162	51620	0				
5163	51630	0				
5164	51640	0				
5165	51650	0				
5166	51660	0				
5167	51670	0				
5168	51680	0				
5169	51690	0				
5170	51700	0				
5171	51710	0				
5172	51720	0				
5173	51730	0				
5174	51740	0				
5175	51750	0				
5176	51760	0				
5177	51770	0				
5178	51780	0				
5179	51790	0				
5180	51800	0				
5181	51810	0				
5182	51820	0				
5183	51830	0				
5184	51840	0				
5185	51850	0				
5186	51860	0				
5187	51870	0				
5188	51880	0				
5189	51890	0				
5190	51900	0				
5191	51910	0				
5192	51920	0				
5193	51930	0				
5194	51940	0				
5195	51950	0				
5196	51960	0				
5197	51970	0				
5198	51980	0				
5199	51990	0				
5200	52000	0				
5201	52010	0				
5202	52020	0				
5203	52030	0				
5204	52040	0				
5205	52050	0				
5206	52060	0				
5207	52070	0				
5208	52080	0				
5209	52090	0				
5210	52100	0				
5211	52110	0				
5212	52120	0				
5213	52130	0				
5214	52140	0				
5215	52150	0				
5216	52160	0				
5217	52170	0				
5218	52180	0				
5219	52190	0				
5220	52200	0				
5221	52210	0				
5222	52220	0				
5223	52230	0				
5224	52240	0				
5225	52250	0				
5226	52260	0				
5227	52270	0				
5228	52280	0				
5229	52290	0				
5230	52300	0				
5231	52310	0				
5232	52320	0				
5233	52330	0				
5234	52340	0				
5235	52350	0				
5236	52360	0				
5237	52370	0				
5238	52380	0				
5239	52390	0	0			
5240	52400	0	0.01			
5241	52410	0	0			
5242	52420	0	0	0.064774647887324		
5243	52430	0	0	0.134397887323944		
5244	52440	0	0	0.101167605633803		
5245	52450	0	0	0.15891338028169		
5246	52460	0	0	0.254490845070423		
5247	52470	0	0	0.251169718309859		
5248	52480	0	0	0.337069014084507		
5249	52490	0	0	0.310398591549296		
5250	52500	0	0	0.503473943661972		
5251	52510	0	0	0.571392253521127		
5252	52520	0	0	0.459760563380282		
5253	52530	0	0	0.621221830985916		
5254	52540	0	0.04	0.466428169014085		
5255	52550	0	0	0.306335915492958		
5256	52560	0	0	0.187054225352113		
5257	52570	0	0.17	0.138771126760564		
5258	52580	0	0	0.127419718309859		
5259	52590	0	0.11	0.110566901408451	0.0140980444957493	0.0964688569127012
5260	52600	0	0	0.137833098591549	0.0175185833929096	0.12031451519864
5261	52610	0	0	0.118850704225352	0.0185247520909703	0.100325952134382
5262	52620	0	0.35	0.115054225352113	0.0209654240037862	0.0940888013483265
5263	52630	0	0.01	0.112183098591549	0.031304778034782	0.0808783205567674
5264	52640	0	0.43	0.122469718309859	0.0402476689072805	0.0822220494025788
5265	52650	0	0.06	0.121880281690141	0.053858826373954	0.068021455316187
5266	52660	0	0.01	0.120137323943662	0.0610185229658739	0.0591188009777881
5267	52670	0	0	0.129631690140845	0.0585619010737474	0.0710697890670975
5268	52680	0	0	0.12105	0.0538938771806853	0.0671561228193147
5269	52690	0	0	0.157227464788732	0.0469090900211042	0.110318374767628
5270	52700	0	0	0.27687676056338	0.040589361258157	0.236287399305223
5271	52710	0	0	0.260372535211268	0.035104438608562	0.225268096602706
5272	52720	0	0	0.382398591549296	0.0305314920221867	0.351867099527109
5273	52730	0	0.02	0.445011971830986	0.0274625152172286	0.417549456613757
5274	52740	0	0	0.431860563380282	0.0255391894407383	0.406321373939543
5275	52750	0	0	0.357800704225352	0.0235279081303319	0.33427279609502
5276	52760	0	0	0.303135211267606	0.0213816152566403	0.281753596010965
5277	52770	0	0	0.372067605633803	0.0196822892458691	0.352385316387934
5278	52780	0	0	0.264054929577465	0.0155872000118582	0.248467729565607
5279	52790	0	0	0.278201408450704	0.0147547691903343	0.26344663926037
5280	52800	0	0.25	0.20982676056338	0.015057899852364	0.194768860711016
5281	52810	0	0.49	0.183257746478873	0.0294279050904533	0.15382984138842
5282	52820	0	0.93	0.219733098591549	0.0602744222372373	0.159458676354312
5283	52830	0	0.34	0.448123943661972	0.0997424026403347	0.348381541021637
5284	52840	0	0.37	0.435200704225352	0.129753755945735	0.305446948279617
5285	52850	0	0	0.394269718309859	0.139799787279026	0.254469931030833
5286	52860	0	0	0.28986338028169	0.137311949519235	0.152551430762455
5287	52870	0	0	0.223903521126761	0.123644064878998	0.100259456247763
5288	52880	0	0.03	0.168464788732395	0.108107100211866	0.0603576885205286
5289	52890	0	0.91	0.197182394366197	0.103447164416146	0.0937352299500514
5290	52900	0	0.1	0.328969014084507	0.123382851306734	0.205586162777773
5291	52910	0	0.8	0.385757746478873	0.141738600530998	0.244019145947875
5292	52920	0	0.42	0.499664788732395	0.167250952196483	0.332413836535912
5293	52930	0	0.06	0.462771126760563	0.187047838052328	0.275723288708235
5294	52940	0	0	0.35543661971831	0.183196821394743	0.172239798323567
5295	52950	0	0	0.265183098591549	0.169679539444327	0.0955035591472224
5296	52960	0	0	0.204921126760564	0.1496225397567	0.0552985870038638
5297	52970	0	0	0.153697183098592	0.130455888416701	0.0232412946818903
5298	52980	0	0	0.131349295774648	0.114772468352092	0.0165768274225563
5299	52990	0	0.43	0.121398591549296	0.108261890926721	0.0131367006225752
5300	53000	0	1.25	0.146845774647887	0.128012322086692	0.0188334525611955
5301	53010	0	0.8	0.380066197183099	0.176275725913025	0.203790471270074
5302	53020	0	0.01	0.43180985915493	0.212763363419972	0.219046495734957
5303	53030	0	0	0.335319718309859	0.207909631680643	0.127410086629216
5304	53040	0	0	0.249990845070423	0.192490301066871	0.0575005440035519
5305	53050	0	0	0.203862676056338	0.168962181281366	0.0349004947749719
5306	53060	0	0	0.160916197183099	0.148791654997371	0.0121245421857278
5307	53070	0	0	0.129542957746479	0.127991113082356	0.00155184466412281
5308	53080	0	0.06	0.116397887323944	0.114150123534468	0.00224776378947567
5309	53090	0	0	0.103899295774648	0.105288816785087	-0.00138952101043932
5310	53100	0	0	0.094487323943662	0.0873087546816372	0.00717856926202475
5311	53110	0	0	0.0867802816901408	0.0770722709546492	0.00970801073549167
5312	53120	0	0	0.0781542253521127	0.0608074689730116	0.0173467563791011
5313	53130	0	0	0.0732802816901408	0.0512773865751187	0.0220028951150221
5314	53140	0	0	0.0685964788732394	0.0455207501317009	0.0230757287415385
5315	53150	0	0	0.0627908450704226	0.0392314232772794	0.0235594217931432
5316	53160	0	0	0.0565161971830986	0.0352175020257253	0.0212986951573733
5317	53170	0	0	0.0541014084507043	0.0359160461226919	0.0181853623280123
5318	53180	0	0	0.0510021126760563	0.0369605513752288	0.0140415613008276
5319	53190	0	0	0.0473197183098591	0.0349464241047538	0.0123732942051053
5320	53200	0	0	0.0436943661971831	0.0267783575443018	0.0169160086528813
5321	53210	0	0	0.0413556338028169	0.0106448833881164	0.0307107504147005
5322	53220	0	0	0.040512676056338	0.001126771374006	0.0393859046823321
5323	53230	0	0.04	0.0383007042253521	0.0013147720197029	0.0369859322056493
5324	53240	0	0.09	0.0343267605633803	0.00356429174490909	0.0307624688184712
5325	53250	0	0.08	0.0302387323943662	0.00834789801899529	0.0218908343753709
5326	53260	0	0	0.032843661971831	0.0126228960254797	0.0202207659463513
5327	53270	0	1.17	0.0405760563380282	0.0269491247283373	0.0136269316096908
5328	53280	0	0.98	0.085461971830986	0.0772634523136604	0.00819851951732561
5329	53290	0	0.06	0.170841549295775	0.129617287548144	0.0412242617476307
5330	53300	0	0.04	0.173890140845071	0.147281534065136	0.0266086067799343
5331	53310	0	0	0.138156338028169	0.144913311829855	-0.00675697380168638
5332	53320	0	0	0.116093661971831	0.13307244071564	-0.0169787787438088
5333	53330	0	0	0.0988922535211268	0.115764351807802	-0.0168720982866747
5334	53340	0	0	0.0858992957746479	0.0981284399035043	-0.0122291441288564
5335	53350	0	0	0.0735021126760564	0.0828354820553284	-0.00933336937927201
5336	53360	0	0	0.0637669014084507	0.0727637619866346	-0.00899686057818384
5337	53370	0	0.56	0.0628669014084507	0.0713841741936227	-0.00851727278517195
5338	53380	0	0	0.0590830985915493	0.0833641835857696	-0.0242810849942203
5339	53390	0	0.12	0.0541774647887324	0.087632344355686	-0.0334548795669536
5340	53400	0	0	0.0502225352112676	0.087665490432002	-0.0374429552207344
5341	53410	0	0.34	0.0469584507042254	0.08830038341868	-0.0413419327144547
5342	53420	0	0	0.0453612676056338	0.0905936232687694	-0.0452323556631356
5343	53430	0	0	0.043637323943662	0.0866279840208564	-0.0429906600771944
5344	53440	0	0	0.0398535211267606	0.0809070457092515	-0.041053524582491
5345	53450	0	0	0.0345485915492958	0.0765187165360038	-0.041970124986708
5346	53460	0	0	0.0318295774647887	0.0695752619396708	-0.037745684474882
5347	53470	0	0	0.028362676056338	0.0615410454066239	-0.0331783693502858
5348	53480	0	0	0.0263408450704226	0.0415621149675335	-0.015221269897111
5349	53490	0	0	0.0238690140845071	0.0261385504769957	-0.00226953639248864
5350	53500	0	0	0.0221450704225352	0.0236970459057531	-0.00155197548321784
5351	53510	0	0	0.0209535211267606	0.0204353044758574	0.000518216650903118
5352	53520	0	0	0.020237323943662	0.0180907678205726	0.00214655612308935
5353	53530	0	0	0.0194957746478873	0.0156871522613326	0.0038086223865547
5354	53540	0	0	0.0183232394366197	0.0163430549517479	0.00198018448487184
5355	53550	0	0.01	0.0177274647887324	0.0153663476841353	0.00236111710459708
5356	53560	0	0	0.0179176056338028	0.014668515711447	0.00324908992235579
5357	53570	0	0.7	0.0177908450704225	0.0209401163336175	-0.00314927126319494
5358	53580	0	0.01	0.0251683098591549	0.0390273878972666	-0.0138590780381117
5359	53590	0	2	0.0453295774647887	0.0735534662658986	-0.0282238888011099
5360	53600	0	0.39	0.185000704225352	0.144636825113987	0.0403638791113652
5361	53610	0	0	0.276078169014084	0.189690877988986	0.0863872910250982
5362	53620	0	0.09	0.231230281690141	0.188034207712643	0.0431960739774978
5363	53630	0	0.38	0.199565492957747	0.184344776988358	0.0152207159693888
5364	53640	0	0.05	0.20256338028169	0.178211267012377	0.0243521132693127
5365	53650	0	0.01	0.175924647887324	0.164161132707453	0.0117635151798715
5366	53660	0	0.05	0.142453521126761	0.145403680231147	-0.00295015910438634
5367	53670	0	0	0.125334507042254	0.129171349970226	-0.00383684292797265
5368	53680	0	0	0.105851408450704	0.116513229974419	-0.0106618215237144
5369	53690	0	0	0.0907795774647887	0.102849831695363	-0.0120702542305744
5370	53700	0	0	0.078274647887324	0.0916439310168759	-0.0133692831295519
5371	53710	0	0	0.06795	0.0801734713200503	-0.0122234713200503
5372	53720	0	0	0.0608830985915493	0.0740097230874168	-0.0131266244958675
5373	53730	0	0	0.0532394366197183	0.0653625913978786	-0.0121231547781602
5374	53740	0	0	0.0478711267605634	0.0593038638846042	-0.0114327371240408
5375	53750	0	0	0.0431302816901409	0.0527258176516531	-0.0095955359615122
5376	53760	0	0	0.0389028169014085	0.054551168444315	-0.0156483515429066
5377	53770	0	0.03	0.0366654929577465	0.053020553578338	-0.0163550606205915
5378	53780	0	0	0.0349478873239437	0.0427718882860852	-0.00782400096214149
5379	53790	0	0	0.0338323943661972	0.0383751659264034	-0.00454277156020627
5380	53800	0	0	0.0319309859154929	0.0148056782579066	0.0171253076575863
5381	53810	0	0	0.0297570422535211	0.0100402968630609	0.0197167453904602
5382	53820	0	0	0.0282359154929578	0.00924524730690025	0.0189906681860575
5383	53830	0	0	0.0262394366197183	0.00732313014298213	0.0189163064767362
5384	53840	0	0	0.0252823943661972	0.00255105231779601	0.0227313420484012
5385	53850	0	0	0.0235014084507042	0.00173885115528261	0.0217625572954216
5386	53860	0	0	0.0225823943661972	0.00144366643008937	0.0211387279361078
5387	53870	0	0	0.0214985915492958	0.000760898911928639	0.0207376926373671
5388	53880	0	0	0.0207253521126761	0.000679036795453012	0.020046315317223
5389	53890	0	0	0.0203450704225352	0.000596661032341519	0.0197484093901937
5390	53900	0	0	0.0194260563380282	0.000577388750390469	0.0188486675876377
5391	53910	0	0	0.0190838028169014	0.000504918179176792	0.0185788846377246
5392	53920	0	0	0.0190330985915493	0.000433149775207676	0.0185999488163416
5393	53930	0	0.06	0.0188619718309859	0.00104263662418605	0.0178193352067999
5394	53940	0	0	0.0187795774647887	0.00315520480917319	0.0156243726556156
5395	53950	0	0	0.0186718309859155	0.00418447278277215	0.0144873582031434
5396	53960	0	0.52	0.0195718309859155	0.00998569538631672	0.00958613559959878
5397	53970	0	0	0.0214542253521127	0.0275369599630327	-0.00608273461091998
5398	53980	0	0	0.020224647887324	0.0356703951323363	-0.0154457472450123
5399	53990	0	0	0.0191978873239437	0.0351749668281516	-0.015977079504208
5400	54000	0	0	0.0186718309859155	0.033305603099818	-0.0146337721139025
5401	54010	0	0	0.0185767605633803	0.0291339746492961	-0.0105572140859158
5402	54020	0	0	0.0180253521126761	0.0249281151050837	-0.00690276299240769
5403	54030	0	0	0.0177654929577465	0.0207987879527663	-0.00303329499501976
5404	54040	0	0.01	0.0173345070422535	0.017857003082836	-0.000522496040582431
5405	54050	0	0	0.017106338028169	0.0165363487084817	0.000569989319687329
5406	54060	0	0	0.0167450704225352	0.0149692102488234	0.00177586017371182
5407	54070	0	0	0.0161302816901408	0.0134047473762312	0.00272553431390965
5408	54080	0	0.02	0.016193661971831	0.0120303783265689	0.00416328364526205
5409	54090	0	0	0.0158323943661972	0.0121795214136082	0.00365287295258899
5410	54100	0	0	0.0157056338028169	0.0113135914278224	0.00439204237499452
5411	54110	0	0	0.0152429577464789	0.0099912468491419	0.00525171089733698
5412	54120	0	0	0.0149260563380282	0.00873447871175472	0.00619157762627343
5413	54130	0	0.22	0.0155978873239437	0.0119928767076966	0.00360501061624707
5414	54140	0.945619829617046	0	0.0149070422535211	0.0186078420457921	-0.00370079979227095
5415	54150	0.853876712038497	0	0.0146788732394366	0.0217650113646186	-0.007086138125182
5416	54160	0.865545401645831	0.36	0.0150781690140845	0.0246946997514658	-0.00961653073738124
5417	54170	0.818809589145378	0.01	0.0159528169014085	0.0303653931521773	-0.0144125762507689
5418	54180	0.720477229631268	0	0.0156422535211268	0.0351740375582721	-0.0195317840371453
5419	54190	0.780742302691603	0	0.0153760563380282	0.0335401004115025	-0.0181640440734743
5420	54200	0.793256785534871	0	0.0156232394366197	0.0308195202081728	-0.0151962807715531
5421	54210	0.867218905024386	0	0.0153380281690141	0.0269202431769226	-0.0115822150079085
5422	54220	0.890726441497817	0	0.0154964788732394	0.023372130420952	-0.00787565154771256
5423	54230	0.910583128209878	0	0.0153190140845071	0.0197959537569012	-0.00447693967239414
5424	54240	0.963478921180871	0	0.0153760563380282	0.0170585837114802	-0.00168252737345204
5425	54250	0.970472002453021	0	0.0151985915492958	0.0152866384713513	-8.80469220555028e-05
5426	54260	0	0	0.0146852112676056	0.0139388769866802	0.000746334280925477
5427	54270	0.980954916259059	0	0.0147169014084507	0.0123754171003264	0.00234148430812434
5428	54280	0.985200997475822	0	0.0144950704225352	0.0107965797027437	0.00369849071979152
5429	54290	0.987684320853091	0	0.014387323943662	0.0098403567640008	0.00454696717966116
5430	54300	0.989910602579567	0	0.0142225352112676	0.0094205483339925	0.00480198687727511
5431	54310	0.993981175259245	0.02	0.0136838028169014	0.00875366925423171	0.00493013356266969
5432	54320	0.994254694320224	0	0.0140197183098592	0.00846790669883679	0.00555181161102236
5433	54330	0	1.04	0.0177591549295775	0.0207929468388369	-0.00303379190925938
5434	54340	0	0.64	0.0227028169014085	0.060945539496345	-0.0382427225949365
5435	54350	0	0.26	0.0317408450704225	0.103225127724794	-0.0714842826543712
5436	54360	0	0	0.0484415492957747	0.122219622495908	-0.0737780732001334
5437	54370	0	0.78	0.0518514084507042	0.128177144111078	-0.0763257356603735
5438	54380	0	0.03	0.0535056338028169	0.145466313131042	-0.0919606793282255
5439	54390	0	0.13	0.0509323943661972	0.147730763290576	-0.0967983689243784
5440	54400	0.24523321722059	0	0.0609654929577465	0.137836380844975	-0.0768708878872288
5441	54410	0.420095423309233	0	0.0747253521126761	0.125240040975792	-0.0505146888631162
5442	54420	0.648572830749314	0	0.0750042253521127	0.110820092037008	-0.0358158666848954
5443	54430	0	0	0.0871669014084507	0.0974514122750935	-0.0102845108666428
5444	54440	0.996782276550455	0	0.0891443661971831	0.0846672983867556	0.00447706781042748
5445	54450	0	0	0.0894992957746479	0.0735963209885043	0.0159029747861436
5446	54460	0.857110315852075	0	0.0934732394366197	0.0670170797578763	0.0264561596787434
5447	54470	0.836937911763668	0.03	0.0904753521126761	0.0603145580378447	0.0301607940748314
5448	54480	0.722890859080181	0.71	0.0970605633802817	0.0625396469751574	0.0345209164051244
5449	54490	0	0.22	0.133269718309859	0.0827837031367222	0.050486015173137
5450	54500	0	0.01	0.152898591549296	0.101831962177839	0.0510666293714574
5451	54510	0	0.02	0.133364788732394	0.104507099445737	0.0288576892866574
5452	54520	0.927787070903909	0	0.119116901408451	0.100579768669954	0.0185371327384969
5453	54530	0.969612162377611	0	0.104482394366197	0.0903607221399869	0.0141216722262102
5454	54540	0.932581036559666	0	0.0922943661971831	0.070660909723072	0.0216334564741111
5455	54550	0.824392466787441	0.01	0.0816591549295775	0.0552079501156862	0.0264512048138913
5456	54560	0	0.28	0.0764429577464789	0.0493340106498372	0.0271089470966417
5457	54570	0	0	0.0735654929577465	0.0540158649818019	0.0195496279759446
5458	54580	0	0.03	0.0691669014084507	0.0466283725513544	0.0225385288570963
5459	54590	0.871763919504201	0	0.0653957746478874	0.0441414362335878	0.0212543384142996
5460	54600	0	0	0.0636147887323944	0.039640829319431	0.0239739594129634
5461	54610	0.880411992512424	0	0.0602556338028169	0.0362694887503497	0.0239861450524672
5462	54620	0.885189752159428	0	0.0557492957746479	0.0319302712851772	0.0238190244894707
5463	54630	0.873008149235458	0	0.0519971830985916	0.0271808806950887	0.0248163024035029
5464	54640	0.845755035971239	0	0.0479408450704225	0.0233658141078986	0.0245750309625239
5465	54650	0.920857829878218	0	0.0444866197183099	0.0232356272570017	0.0212509924613081
5466	54660	0.937786383132802	0	0.0413619718309859	0.0224694462670657	0.0188925255639202
5467	54670	0.975219486747108	0	0.0381485915492958	0.0209069860452286	0.0172416055040672
5468	54680	0.975613393708216	0	0.0364183098591549	0.0182331709510056	0.0181851389081493
5469	54690	0.880415717078854	0	0.0344218309859155	0.00923175492838223	0.0251900760575333
5470	54700	0.831250683883431	0	0.0332239436619718	0.00584115824899742	0.0273827854129744
5471	54710	0.839607790377888	0	0.0319056338028169	0.00497729932371852	0.0269283344790984
5472	54720	0.870593709580506	0.25	0.0307838028169014	0.00690458021340782	0.0238792226034936
5473	54730	0	0.78	0.0354485915492958	0.0247015892810677	0.0107470022682281
5474	54740	0	0.01	0.0421732394366197	0.0556811340114002	-0.0135078945747805
5475	54750	0	0.07	0.0429845070422535	0.0699902032065213	-0.0270056961642678
5476	54760	0.737796050961047	0	0.0452725352112676	0.071196225797923	-0.0259236905866554
5477	54770	0	0	0.0495570422535211	0.0651291711217542	-0.015572128868233
5478	54780	0.944020332200062	0	0.0488978873239437	0.0573466028875972	-0.00844871556365357
5479	54790	0	0	0.049030985915493	0.0487909156598423	0.000240070255650621
5480	54800	0.99859687487329	0.01	0.0492908450704225	0.041019579037932	0.00827126603249052
5481	54810	0	0	0.0504697183098592	0.0356874737880904	0.0147822445217688
5482	54820	0	0	0.050824647887324	0.0322102281165975	0.0186144197707265
5483	54830	0.960457078708426	0.46	0.0504887323943662	0.0337166323321736	0.0167721000621926
5484	54840	0	0.32	0.0645908450704225	0.0499473635692019	0.0146434815012206
5485	54850	0	0.32	0.0808478873239437	0.0697350468037031	0.0111128405202405
5486	54860	0	0	0.0829647887323944	0.0847362167269526	-0.00177142799455826
5487	54870	0.953824316143465	0.15	0.0814943661971831	0.0878842978236142	-0.00638993162643105
5488	54880	0.916875883896875	0	0.0988161971830986	0.0862077484240284	0.0126084487590702
5489	54890	0	0	0.104659859154929	0.0806350237804173	0.0240248353745121
5490	54900	0	0	0.0970225352112677	0.0736931199271541	0.0233294152841136
5491	54910	0	0	0.0885232394366197	0.065439333366684	0.0230839060699357
5492	54920	0	0	0.0804169014084507	0.0578049188704544	0.0226119825379963
5493	54930	0	0	0.072893661971831	0.0480643259393372	0.0248293360324938
5494	54940	0	0	0.0678422535211268	0.0344837707612084	0.0333584827599183
5495	54950	0	0.04	0.0629492957746479	0.0306464823648298	0.0323028134098181
5496	54960	0	0	0.0589246478873239	0.0286943765835195	0.0302302713038044
5497	54970	0	0	0.0560345070422535	0.0267158926000858	0.0293186144421678
5498	54980	0	0	0.0544056338028169	0.0242249684109671	0.0301806653918498
5499	54990	0	0	0.0524725352112676	0.0211877680112171	0.0312847672000505
5500	55000	0	0	0.0491450704225352	0.0202919023126154	0.0288531681099198
5501	55010	0	0	0.0466922535211268	0.0194796706386536	0.0272125828824732
5502	55020	0	0.03	0.0441316901408451	0.0194197210019003	0.0247119691389448
5503	55030	0	0	0.0430035211267606	0.0187816590084586	0.0242218621183019
5504	55040	0	0.08	0.041837323943662	0.0141512180723701	0.0276861058712918
5505	55050	0	0	0.0402338028169014	0.0124188334460101	0.0278149693708913
5506	55060	0	0	0.0389661971830986	0.00973225206074088	0.0292339451223577
5507	55070	0	0	0.0369316901408451	0.00912081487768259	0.0278108752631625
5508	55080	0	0.01	0.036006338028169	0.00700275973197945	0.0290035782961895
5509	55090	0	0	0.0338514084507042	0.00643046130022768	0.0274209471504765
5510	55100	0	0	0.0324380281690141	0.0057192338723625	0.0267187942966516
5511	55110	0	0	0.0308345070422535	0.00494285926458856	0.025891647777665
5512	55120	0	0	0.029224647887324	0.00445585884519691	0.024768789042127
5513	55130	0	0	0.0284387323943662	0.00406873872253299	0.0243699936718332
5514	55140	0	0	0.0275197183098592	0.00361329203808044	0.0239064262717787
5515	55150	0	0.06	0.0282929577464789	0.00389931365343902	0.0243936440930398
5516	55160	0	0.5	0.0283880281690141	0.0107401103922424	0.0176479177767717
5517	55170	0	0	0.0284894366197183	0.0287044538141508	-0.000215017194432475
5518	55180	0	0.05	0.0276845070422535	0.0375561530660992	-0.00987164602384569
5519	55190	0	0.04	0.027462676056338	0.0393645484521834	-0.0119018723958453
5520	55200	0	0	0.0268859154929578	0.0395890327201048	-0.0127031172271471
5521	55210	0	0		0.0362510034720484	
5522	55220	0	0		0.031699465384829	
5523	55230	0	0		0.026663582999779	
5524	55240	0	0		0.022860694936075	
5525	55250	0	0.01		0.0197334385270479	
5526	55260	0	0		0.0176958533812719	
5527	55270	0	0.01		0.016075719220915	
5528	55280	0	0		0.0147083328199272	
5529	55290	0				
5530	55300	0				
5531	55310	0				
5532	55320	0				
5533	55330	0				
5534	55340	0				
5535	55350	0				
5536	55360	0				
5537	55370	0				
5538	55380	0				
5539	55390	0				
5540	55400	0				
5541	55410	0				
5542	55420	0				
5543	55430	0				
5544	55440	0				
5545	55450	0				
5546	55460	0				
5547	55470	0				
5548	55480	0				
5549	55490	0				
5550	55500	0				
5551	55510	0				
5552	55520	0				
5553	55530	0				
5554	55540	0				
5555	55550	0				
5556	55560	0				
5557	55570	0				
5558	55580	0				
5559	55590	0				
5560	55600	0				
5561	55610	0				
5562	55620	0				
5563	55630	0				
5564	55640	0				
5565	55650	0				
5566	55660	0				
5567	55670	0				
5568	55680	0				
5569	55690	0				
5570	55700	0				
5571	55710	0				
5572	55720	0				
5573	55730	0				
5574	55740	0				
5575	55750	0				
5576	55760	0				
5577	55770	0				
5578	55780	0				
5579	55790	0				
5580	55800	0				
5581	55810	0				
5582	55820	0				
5583	55830	0				
5584	55840	0				
5585	55850	0				
5586	55860	0				
5587	55870	0				
5588	55880	0				
5589	55890	0				
5590	55900	0				
5591	55910	0				
5592	55920	0				
5593	55930	0				
5594	55940	0				
5595	55950	0				
5596	55960	0				
5597	55970	0				
5598	55980	0				
5599	55990	0				
5600	56000	0				
5601	56010	0				
5602	56020	0				
5603	56030	0				
5604	56040	0				
5605	56050	0				
5606	56060	0				
5607	56070	0				
5608	56080	0				
5609	56090	0				
5610	56100	0				
5611	56110	0				
5612	56120	0				
5613	56130	0				
5614	56140	0				
5615	56150	0				
5616	56160	0				
5617	56170	0				
5618	56180	0				
5619	56190	0				
5620	56200	0				
5621	56210	0				
5622	56220	0				
5623	56230	0				
5624	56240	0				
5625	56250	0				
5626	56260	0				
5627	56270	0				
5628	56280	0				
5629	56290	0				
5630	56300	0				
5631	56310	0				
5632	56320	0				
5633	56330	0				
5634	56340	0				
5635	56350	0				
5636	56360	0				
5637	56370	0				
5638	56380	0				
5639	56390	0				
5640	56400	0				
5641	56410	0				
5642	56420	0				
5643	56430	0				
5644	56440	0				
5645	56450	0				
5646	56460	0				
5647	56470	0				
5648	56480	0				
5649	56490	0				
5650	56500	0				
5651	56510	0				
5652	56520	0				
5653	56530	0				
5654	56540	0				
5655	56550	0				
5656	56560	0				
5657	56570	0				
5658	56580	0				
5659	56590	0				
5660	56600	0				
5661	56610	0				
5662	56620	0				
5663	56630	0				
5664	56640	0				
5665	56650	0				
5666	56660	0				
5667	56670	0				
5668	56680	0				
5669	56690	0				
5670	56700	0				
5671	56710	0				
5672	56720	0				
5673	56730	0				
5674	56740	0				
5675	56750	0				
5676	56760	0				
5677	56770	0				
5678	56780	0				
5679	56790	0				
5680	56800	0				
5681	56810	0				
5682	56820	0				
5683	56830	0				
5684	56840	0				
5685	56850	0				
5686	56860	0				
5687	56870	0				
5688	56880	0				
5689	56890	0				
5690	56900	0				
5691	56910	0				
5692	56920	0				
5693	56930	0				
5694	56940	0				
5695	56950	0				
5696	56960	0				
5697	56970	0				
5698	56980	0				
5699	56990	0				
5700	57000	0				
5701	57010	0				
5702	57020	0				
5703	57030	0				
5704	57040	0				
5705	57050	0				
5706	57060	0				
5707	57070	0				
5708	57080	0				
5709	57090	0				
5710	57100	0				
5711	57110	0				
5712	57120	0				
5713	57130	0				
5714	57140	0				
5715	57150	0				
5716	57160	0				
5717	57170	0				
5718	57180	0				
5719	57190	0				
5720	57200	0				
5721	57210	0				
5722	57220	0				
5723	57230	0				
5724	57240	0				
5725	57250	0				
5726	57260	0				
5727	57270	0				
5728	57280	0				
5729	57290	0				
5730	57300	0				
5731	57310	0				
5732	57320	0				
5733	57330	0				
5734	57340	0				
5735	57350	0				
5736	57360	0				
5737	57370	0				
5738	57380	0				
5739	57390	0				
5740	57400	0				
5741	57410	0				
5742	57420	0				
5743	57430	0				
5744	57440	0				
5745	57450	0				
5746	57460	0				
5747	57470	0				
5748	57480	0				
5749	57490	0				
5750	57500	0				
5751	57510	0				
5752	57520	0				
5753	57530	0				
5754	57540	0				
5755	57550	0				
5756	57560	0				
5757	57570	0				
5758	57580	0				
5759	57590	0				
5760	57600	0				
5761	57610	0				
5762	57620	0				
5763	57630	0				
5764	57640	0				
5765	57650	0				
5766	57660	0				
5767	57670	0				
5768	57680	0				
5769	57690	0				
5770	57700	0				
5771	57710	0				
5772	57720	0				
5773	57730	0				
5774	57740	0				
5775	57750	0				
5776	57760	0				
5777	57770	0				
5778	57780	0				
5779	57790	0				
5780	57800	0				
5781	57810	0				
5782	57820	0				
5783	57830	0				
5784	57840	0				
5785	57850	0				
5786	57860	0				
5787	57870	0				
5788	57880	0				
5789	57890	0				
5790	57900	0				
5791	57910	0				
5792	57920	0				
5793	57930	0				
5794	57940	0				
5795	57950	0				
5796	57960	0				
5797	57970	0				
5798	57980	0				
5799	57990	0				
5800	58000	0				
5801	58010	0				
5802	58020	0				
5803	58030	0				
5804	58040	0				
5805	58050	0				
5806	58060	0				
5807	58070	0				
5808	58080	0				
5809	58090	0				
5810	58100	0				
5811	58110	0				
5812	58120	0				
5813	58130	0				
5814	58140	0				
5815	58150	0				
5816	58160	0				
5817	58170	0				
5818	58180	0				
5819	58190	0				
5820	58200	0				
5821	58210	0				
5822	58220	0				
5823	58230	0				
5824	58240	0				
5825	58250	0				
5826	58260	0				
5827	58270	0				
5828	58280	0				
5829	58290	0				
5830	58300	0				
5831	58310	0				
5832	58320	0				
5833	58330	0				
5834	58340	0				
5835	58350	0				
5836	58360	0				
5837	58370	0				
5838	58380	0				
5839	58390	0				
5840	58400	0				
5841	58410	0				
5842	58420	0				
5843	58430	0				
5844	58440	0				
5845	58450	0				
5846	58460	0				
5847	58470	0				
5848	58480	0				
5849	58490	0				
5850	58500	0				
5851	58510	0				
5852	58520	0				
5853	58530	0				
5854	58540	0				
5855	58550	0				
5856	58560	0				
5857	58570	0				
5858	58580	0				
5859	58590	0				
5860	58600	0				
5861	58610	0				
5862	58620	0				
5863	58630	0				
5864	58640	0				
5865	58650	0				
5866	58660	0				
5867	58670	0				
5868	58680	0				
5869	58690	0				
5870	58700	0				
5871	58710	0				
5872	58720	0				
5873	58730	0				
5874	58740	0				
5875	58750	0				
5876	58760	0				
5877	58770	0				
5878	58780	0				
5879	58790	0				
5880	58800	0				
5881	58810	0				
5882	58820	0				
5883	58830	0				
5884	58840	0				
5885	58850	0				
5886	58860	0				
5887	58870	0				
5888	58880	0				
5889	58890	0				
5890	58900	0				
5891	58910	0				
5892	58920	0				
5893	58930	0				
5894	58940	0				
5895	58950	0				
5896	58960	0				
5897	58970	0				
5898	58980	0				
5899	58990	0				
5900	59000	0				
5901	59010	0				
5902	59020	0				
5903	59030	0				
5904	59040	0				
5905	59050	0				
5906	59060	0				
5907	59070	0				
5908	59080	0				
5909	59090	0				
5910	59100	0				
5911	59110	0				
5912	59120	0				
5913	59130	0				
5914	59140	0				
5915	59150	0				
5916	59160	0				
5917	59170	0				
5918	59180	0				
5919	59190	0				
5920	59200	0				
5921	59210	0				
5922	59220	0				
5923	59230	0				
5924	59240	0				
5925	59250	0				
5926	59260	0				
5927	59270	0				
5928	59280	0				
5929	59290	0				
5930	59300	0				
5931	59310	0				
5932	59320	0				
5933	59330	0				
5934	59340	0				
5935	59350	0				
5936	59360	0				
5937	59370	0				
5938	59380	0				
5939	59390	0				
5940	59400	0				
5941	59410	0				
5942	59420	0				
5943	59430	0				
5944	59440	0				
5945	59450	0				
5946	59460	0				
5947	59470	0				
5948	59480	0				
5949	59490	0				
5950	59500	0				
5951	59510	0				
5952	59520	0				
5953	59530	0				
5954	59540	0				
5955	59550	0				
5956	59560	0				
5957	59570	0				
5958	59580	0				
5959	59590	0				
5960	59600	0				
5961	59610	0				
5962	59620	0				
5963	59630	0				
5964	59640	0				
5965	59650	0				
5966	59660	0				
5967	59670	0				
5968	59680	0				
5969	59690	0				
5970	59700	0				
5971	59710	0				
5972	59720	0				
5973	59730	0				
5974	59740	0				
5975	59750	0				
5976	59760	0				
5977	59770	0				
5978	59780	0				
5979	59790	0				
5980	59800	0				
5981	59810	0				
5982	59820	0				
5983	59830	0				
5984	59840	0				
5985	59850	0				
5986	59860	0				
5987	59870	0				
5988	59880	0				
5989	59890	0				
5990	59900	0				
5991	59910	0				
5992	59920	0				
5993	59930	0				
5994	59940	0				
5995	59950	0				
5996	59960	0				
5997	59970	0				
5998	59980	0				
5999	59990	0				
6000	60000	0				
6001	60010	0				
6002	60020	0				
6003	60030	0				
6004	60040	0				
6005	60050	0				
6006	60060	0				
6007	60070	0				
6008	60080	0				
6009	60090	0				
6010	60100	0				
6011	60110	0				
6012	60120	0				
6013	60130	0				
6014	60140	0				
6015	60150	0				
6016	60160	0				
6017	60170	0				
6018	60180	0				
6019	60190	0				
6020	60200	0				
6021	60210	0				
6022	60220	0				
6023	60230	0				
6024	60240	0				
6025	60250	0				
6026	60260	0				
6027	60270	0				
6028	60280	0				
6029	60290	0				
6030	60300	0				
6031	60310	0				
6032	60320	0				
6033	60330	0				
6034	60340	0				
6035	60350	0				
6036	60360	0				
6037	60370	0				
6038	60380	0				
6039	60390	0				
6040	60400	0				
6041	60410	0				
6042	60420	0				
6043	60430	0				
6044	60440	0				
6045	60450	0				
6046	60460	0				
6047	60470	0				
6048	60480	0				
6049	60490	0				
6050	60500	0				
6051	60510	0				
6052	60520	0				
6053	60530	0				
6054	60540	0				
6055	60550	0				
6056	60560	0				
6057	60570	0				
6058	60580	0				
6059	60590	0				
6060	60600	0				
6061	60610	0				
6062	60620	0				
6063	60630	0				
6064	60640	0				
6065	60650	0				
6066	60660	0				
6067	60670	0				
6068	60680	0				
6069	60690	0				
6070	60700	0				
6071	60710	0				
6072	60720	0				
6073	60730	0				
6074	60740	0				
6075	60750	0				
6076	60760	0				
6077	60770	0				
6078	60780	0				
6079	60790	0				
6080	60800	0				
6081	60810	0				
6082	60820	0				
6083	60830	0				
6084	60840	0				
6085	60850	0				
6086	60860	0				
6087	60870	0				
6088	60880	0				
6089	60890	0				
6090	60900	0				
6091	60910	0				
6092	60920	0				
6093	60930	0				
6094	60940	0				
6095	60950	0				
6096	60960	0				
6097	60970	0				
6098	60980	0				
6099	60990	0				
6100	61000	0				
6101	61010	0				
6102	61020	0				
6103	61030	0				
6104	61040	0				
6105	61050	0				
6106	61060	0				
6107	61070	0				
6108	61080	0				
6109	61090	0				
6110	61100	0		0.100825352112676		
6111	61110	0		0.137661971830986		
6112	61120	0		0.181825352112676		
6113	61130	0		0.160985915492958		
6114	61140	0		0.1926		
6115	61150	0		0.206847887323944		
6116	61160	0		0.199952112676057		
6117	61170	0		0.200218309859155		
6118	61180	0		0.173104225352113		
6119	61190	0	0	0.211538028169014		
6120	61200	0	0	0.208191549295775		
6121	61210	0	0	0.246067605633803		
6122	61220	0	0	0.314822535211268		
6123	61230	0	0	0.302754929577465		
6124	61240	0	0	0.358453521126761		
6125	61250	0	0	0.219828169014084		
6126	61260	0	0	0.226292957746479		
6127	61270	0	0	0.203729577464789		
6128	61280	0	0	0.165929577464789		
6129	61290	0	0.01	0.162152112676056		
6130	61300	0	0	0.110611267605634		
6131	61310	0	0	0.134264788732394		
6132	61320	0	0	0.104197183098592		
6133	61330	0	0	0.0786169014084507		
6134	61340	0	0	0.0744845070422535		
6135	61350	0	0	0.0684760563380282		
6136	61360	0	0	0.0653577464788732		
6137	61370	0	0	0.0619859154929578		
6138	61380	0	0	0.0588422535211268		
6139	61390	0	0	0.0558	0.00025363297064288	0.0555463670293571
6140	61400	0	0	0.0529352112676056	0.000226345598484337	0.0527088656691213
6141	61410	0	0.01	0.0502732394366197	0.000311005128102393	0.0499622343085173
6142	61420	0	0	0.0475859154929577	0.000646306128922487	0.0469396093640353
6143	61430	0	0.03	0.0452535211267606	0.00113017868630396	0.0441233424404566
6144	61440	0	0.07	0.043630985915493	0.00291567961272481	0.0407153063027682
6145	61450	0	0.85	0.0518450704225352	0.0153045245687532	0.036540545853782
6146	61460	0	0.16	0.0717211267605634	0.0472919665077491	0.0244291602528143
6147	61470	0	0	0.0666760563380282	0.0671884143674312	-0.000512358029403026
6148	61480	0	0	0.0522507042253521	0.0693899478891049	-0.0171392436637528
6149	61490	0	0.03	0.0465718309859155	0.0665798855091305	-0.020008054523215
6150	61500	0	0	0.0435295774647887	0.0599800581379261	-0.0164504806731374
6151	61510	0	0	0.0406394366197183	0.0519927193077689	-0.0113532826880506
6152	61520	0	0	0.0379014084507042	0.0438181173904337	-0.00591670893972941
6153	61530	0	0	0.0354169014084507	0.0374747685755938	-0.00205786716714307
6154	61540	0	0	0.0331352112676056	0.0335988370423327	-0.000463625774727083
6155	61550	0	0	0.0309295774647887	0.0298285220959302	0.0011010553688585
6156	61560	0	0	0.0288760563380282	0.0265236185316099	0.00235243780641825
6157	61570	0	0	0.027	0.0234477863595183	0.00355221364048175
6158	61580	0	0	0.0252	0.0221558721574719	0.00304412784252806
6159	61590	0	0	0.0235521126760564	0.0196707190981249	0.00388139357793149
6160	61600	0	0	0.0219802816901408	0.0170751260341024	0.00490515565603846
6161	61610	0	0	0.0205605633802817	0.0149447219763929	0.00561584140388879
6162	61620	0	0.31	0.0191408450704225	0.0196825507145885	-0.000541705644165964
6163	61630	0	0.06	0.0192422535211268	0.0310714356405764	-0.0118291821194496
6164	61640	0	0.01	0.0259605633802817	0.037279436162101	-0.0113188727818193
6165	61650	0	0	0.0213718309859155	0.0360543680702393	-0.0146825370843238
6166	61660	0	0	0.0184056338028169	0.0252075208502507	-0.00680188704743377
6167	61670	0	0	0.0168591549295775	0.0208837426551203	-0.00402458772554287
6168	61680	0	0	0.015312676056338	0.0179838864396775	-0.00267121038333952
6169	61690	0	0	0.0137661971830986	0.0150448565301536	-0.00127865934705499
6170	61700	0	0	0.0122197183098592	0.0124396774189949	-0.000219959109135692
6171	61710	0	0	0.0106732394366197	0.0111377412453542	-0.000464501808734492
6172	61720	0	0	0.0124225352112676	0.00989573578155708	0.00252679942971051
6173	61730	0	0	0.0100394366197183	0.00882484182748084	0.00121459479223747
6174	61740	0	0	0.00960845070422536	0.00777720389574461	0.00183124680848075
6175	61750	0	0	0.0105464788732395	0.00738601808386889	0.00316046078937056
6176	61760	0	0	0.00882253521126761	0.00657115236305496	0.00225138284821264
6177	61770	0	0	0.0106225352112676	0.00567818028562973	0.00494435492563789
6178	61780	0	0	0.00938028169014084	0.0048571941194398	0.00452308757070105
6179	61790	0	0.07	0.0102676056338028	0.00613456979649702	0.0041330358373058
6180	61800	0	0.5	0.0101661971830986	0.014227827793222	-0.00406163061012344
6181	61810	0	0.61	0.0115859154929577	0.0391112121569439	-0.0275252966639862
6182	61820	0	0.01	0.017543661971831	0.068027648072243	-0.0504839861004121
6183	61830	0	0.04	0.0279633802816902	0.0753268658629116	-0.0473634855812214
6184	61840	0	0.08	0.0307774647887324	0.0751293561496203	-0.0443518913608879
6185	61850	0	0.03	0.0333380281690141	0.0728747245512697	-0.0395366963822557
6186	61860	0	0	0.0434281690140845	0.0663339238429449	-0.0229057548288604
6187	61870	0	0	0.0550140845070423	0.0577596084456134	-0.00274552393857117
6188	61880	0	0	0.0533154929577465	0.049572796958672	0.00374269599907452
6189	61890	0	0	0.0496647887323944	0.0434554634861363	0.00620932524625803
6190	61900	0	0	0.0427183098591549	0.0386727136176516	0.0040455962415033
6191	61910	0	0	0.0388394366197183	0.0340326915005435	0.00480674511917483
6192	61920	0	0	0.0347323943661972	0.0301308091869114	0.00460158517928581
6193	61930	0	0	0.0324507042253521	0.0274103099653795	0.00504039425997257
6194	61940	0	0	0.0288	0.0251585482413922	0.00364145175860784
6195	61950	0	0	0.0246169014084507	0.0219086723703726	0.00270822903807809
6196	61960	0	0	0.0240084507042254	0.019189474293723	0.00481897641050239
6197	61970	0	0	0.0211183098591549	0.0186847791647445	0.00243353069441047
6198	61980	0	0	0.0212704225352113	0.0195481568400079	0.00172226569520333
6199	61990	0	0	0.0196225352112676	0.0186520972658326	0.000970437945435002
6200	62000	0	0	0.0179239436619718	0.0162399395157668	0.00168400414620505
6201	62010	0	0	0.0184816901408451	0.00936580745410676	0.00911588268673831
6202	62020	0	0	0.0163774647887324	0.00224060078622919	0.0141368640025032
6203	62030	0	0	0.0162760563380282	0.0019815402788424	0.0142945160591858
6204	62040	0	0	0.0156169014084507	0.00134139403064564	0.0142755073778051
6205	62050	0	0	0.0127521126760564	0.000350805046957252	0.0124013076290991
6206	62060	0	0	0.0127521126760563	0	0.0127521126760563
6207	62070	0	0	0.0118140845070423	0	0.0118140845070423
6208	62080	0	0.06	0.0122450704225352	0.00067270870393132	0.0115723617186039
6209	62090	0	0	0.0116619718309859	0.00272305927275399	0.00893891255823194
6210	62100	0	0	0.0117887323943662	0.00375310964767621	0.00803562274668999
6211	62110	0	0	0.0115859154929577	0.00374963938015232	0.00783627611280542
6212	62120	0	0	0.010774647887324	0.00358630788554086	0.00718834000178309
6213	62130	0	0	0.0114338028169014	0.00314344485247577	0.00829035796442566
6214	62140	0	0	0.0101661971830986	0.0026780922001649	0.00748810498293367
6215	62150	0	0	0.0110028169014085	0.00222426809179719	0.00877854880961127
6216	62160	0	0	0.0103183098591549	0.00189078592783939	0.00842752393131554
6217	62170	0	0	0.00988732394366196	0.00171798270365457	0.00816934124000739
6218	62180	0	0	0.0109521126760563	0.00152179782385728	0.00943031485219906
6219	62190	0	0	0.0094056338028169	0.00135807359090602	0.00804756021191088
6220	62200	0	0	0.0100901408450704	0.00119332206468304	0.00889681878038738
6221	62210	0	0	0.00907605633802817	0.00115477750078094	0.00792127883724723
6222	62220	0	0	0.00872112676056338	0.00100983635835358	0.0077112904022098
6223	62230	0	0	0.00856901408450704	0.000866299550415352	0.00770271453409169
6224	62240	0	0	0.00877183098591549	0.000739855840509454	0.00803197514540604
6225	62250	0	0.09	0.00917746478873239	0.00187335412873539	0.007304110659997
6226	62260	0	0.2	0.00869577464788732	0.00718967752576059	0.00150609712212673
6227	62270	0	0.95	0.00927887323943662	0.0261695776704594	-0.0168907044310228
6228	62280	0	0.92	0.0138422535211268	0.0722664066019487	-0.0584241530808219
6229	62290	0	0.02	0.0149070422535211	0.119280307600564	-0.104373265347043
6230	62300	0	0.36	0.017569014084507	0.138530436995136	-0.120961422910629
6231	62310	0	0.15	0.0410704225352113	0.148044130437477	-0.106973707902265
6232	62320	0	0.01	0.0537211267605634	0.147712944526053	-0.0939918177654899
6233	62330	0	0	0.0596535211267606	0.134382909679066	-0.0747293885523056
6234	62340	0	0	0.056687323943662	0.117726531326661	-0.0610392073829991
6235	62350	0	0	0.0482197183098592	0.101396269805102	-0.053176551495243
6236	62360	0	0	0.0425661971830986	0.0885695195109861	-0.0460033223278875
6237	62370	0	0.08	0.0367352112676056	0.0788463821749513	-0.0421111709073456
6238	62380	0	0	0.0321211267605634	0.0721021127167188	-0.0399809859561555
6239	62390	0	0	0.0298394366197183	0.0659990584865201	-0.0361596218668018
6240	62400	0	0	0.0254028169014085	0.0604402376683982	-0.0350374207669898
6241	62410	0	0.06	0.0232985915492958	0.0557846060766234	-0.0324860145273276
6242	62420	0	0.77	0.0224619718309859	0.0597042790667273	-0.0372423072357413
6243	62430	0	0.03	0.0248450704225352	0.0822538123803843	-0.057408741957849
6244	62440	0	0	0.0287492957746479	0.0947979432051013	-0.0660486474304535
6245	62450	0	0.01	0.0286478873239437	0.0950486740763916	-0.0664007867524479
6246	62460	0	0.06	0.0276591549295775	0.0899421417255128	-0.0622829867959353
6247	62470	0	0.14	0.0271267605633803	0.0827836143448806	-0.0556568537815003
6248	62480	0	0	0.0270507042253521	0.0691964850424591	-0.042145780817107
6249	62490	0	0.1	0.0261380281690141	0.0549971974218088	-0.0288591692527947
6250	62500	0	0.28	0.0263661971830986	0.0555550372810954	-0.0291888400979968
6251	62510	0	0	0.0280140845070423	0.058671051803488	-0.0306569672964458
6252	62520	0	0	0.0290788732394366	0.0571662236257587	-0.028087350386322
6253	62530	0	0	0.0282676056338028	0.0526330843106857	-0.0243654786768829
6254	62540	0	0.27	0.0261887323943662	0.050669944870434	-0.0244812124760678
6255	62550	0	0.14	0.0264676056338028	0.0569162098652901	-0.0304486042314873
6256	62560	0	0.27	0.0297633802816902	0.0637173263507739	-0.0339539460690838
6257	62570	0	0.08	0.0329323943661972	0.0707181595952732	-0.0377857652290761
6258	62580	0	0.09	0.0349859154929577	0.0734501992035873	-0.0384642837106295
6259	62590	0	0.17	0.0372169014084507	0.0773671475403831	-0.0401502461319324
6260	62600	0	0.65	0.0415014084507042	0.0866862076813857	-0.0451847992306815
6261	62610	0	0.25	0.067512676056338	0.106970236050505	-0.0394575599941665
6262	62620	0	0.34	0.109140845070422	0.121570040024938	-0.0124291949545154
6263	62630	0	0	0.135735211267606	0.122446080721948	0.0132891305456579
6264	62640	0	0.01	0.130360563380282	0.120280527325601	0.0100800360546809
6265	62650	0	0.4	0.132008450704225	0.114239567766984	0.0177688829372412
6266	62660	0	0.06	0.180380281690141	0.116189533199019	0.064190748491122
6267	62670	0	0	0.158476056338028	0.112600377835528	0.0458756785025002
6268	62680	0	0	0.128281690140845	0.101224452433117	0.0270572377077285
6269	62690	0	0	0.107619718309859	0.0916251844155201	0.0159945338943388
6270	62700	0	0.32	0.0932704225352113	0.0832823158608984	0.00998810667431291
6271	62710	0	0.01	0.116822535211268	0.0827654106072231	0.0340571246040445
6272	62720	0	0	0.105616901408451	0.0806719106562933	0.0249449907521575
6273	62730	0	0	0.0908619718309859	0.0756201379752289	0.015241833855757
6274	62740	0	0	0.0781859154929578	0.0695136431589047	0.00867227233405304
6275	62750	0	0	0.0672845070422535	0.059422018667974	0.0078624883742795
6276	62760	0	0	0.0580056338028169	0.0509112636953055	0.00709437010751143
6277	62770	0	0	0.0522253521126761	0.0437676584791367	0.00845769363353939
6278	62780	0	0	0.0466225352112676	0.0400075721918043	0.00661496301946334
6279	62790	0	0.08	0.0431492957746479	0.0376810922497915	0.00546820352485641
6280	62800	0	0.87	0.0421859154929577	0.0445682575101118	-0.00238234201715407
6281	62810	0	0	0.0712140845070423	0.065451651092736	0.00576243341430627
6282	62820	0	1.99	0.091343661971831	0.0989432189253371	-0.00759955695350612
6283	62830	0	0.07	0.14374647887324	0.163359945418062	-0.0196134665448225
6284	62840	0	0.37	0.152619718309859	0.199966237136905	-0.0473465188270455
6285	62850	0	0.63	0.153152112676056	0.212025846330611	-0.0588737336545548
6286	62860	0	0.04	0.226470422535211	0.222095147334312	0.0043752752008992
6287	62870	0	0	0.233391549295775	0.212293210730354	0.0210983385654201
6288	62880	0	0	0.190216901408451	0.190931890362617	-0.000714988954165968
6289	62890	0	0	0.147498591549296	0.167849917257727	-0.0203513257084313
6290	62900	0.8295616160524	0	0.122552112676056	0.144972049192634	-0.0224199365165778
6291	62910	0.83225408781059	0	0.105135211267606	0.124517692659854	-0.0193824813922488
6292	62920	0.714334563914799	0	0.0922816901408451	0.108120203903465	-0.0158385137626203
6293	62930	0.79615313343023	0	0.081456338028169	0.0968392514413933	-0.0153829134132243
6294	62940	0.781269592381586	0	0.0725070422535211	0.0856443898521111	-0.01313734759859
6295	62950	0.65148009029097	0	0.0643183098591549	0.0787391335499248	-0.0144208236907699
6296	62960	0.821845057020116	0	0.0589690140845071	0.0693535680734401	-0.0103845539889331
6297	62970	0.744053005070435	0	0.0537971830985916	0.0641493250845262	-0.0103521419859347
6298	62980	0.863619486701242	0	0.0496394366197183	0.0582892388624695	-0.0086498022427512
6299	62990	0.650002250566622	0.05	0.0468253521126761	0.0595117070230544	-0.0126863549103783
6300	63000	0.765349051331519	0.31	0.0442140845070423	0.0598721321404479	-0.0156580476334056
6301	63010	0.636558994472429	0.13	0.0437577464788733	0.0602622171574416	-0.0165044706785683
6302	63020	0.55672248232938	0.04	0.0446450704225352	0.0679698396088605	-0.0233247691863253
6303	63030	0.902027574226804	0.94	0.0486507042253521	0.0583075766441944	-0.0096568724188423
6304	63040	0.826934561355508	1.33	0.124377464788732	0.102773996524648	0.0216034682640843
6305	63050	0.108373657928632	0.53	0.281585915492958	0.16175321834774	0.119832697145218
6306	63060	0.098045127584248	0.01	0.312287323943662	0.191463864783208	0.120823459160453
6307	63070	0.243086612161302	0.01	0.256005633802817	0.193986796100263	0.0620188377025534
6308	63080	0.525783711965467	0.17	0.209535211267606	0.182656333370052	0.0268788778975543
6309	63090	0.683796199728337	0.01	0.188822535211268	0.16811739297645	0.0207051422348175
6310	63100	0.969032934523167	0	0.157842253521127	0.148265821722333	0.00957643179879353
6311	63110	0.996854756438819	0.34	0.134518309859155	0.13122024033048	0.0032980695286747
6312	63120	0.996584339294541	0.1	0.12227323943662	0.127868273949607	-0.0055950345129873
6313	63130	0.926646372494507	0.2	0.117456338028169	0.12729380670356	-0.00983746867539076
6314	63140	0.983331084313507	0.02	0.123160563380282	0.1250240727636	-0.00186350938331796
6315	63150	0.998353657317916	0.02	0.12252676056338	0.117856150578551	0.00467060998482957
6316	63160	0.99439769978303	0.35	0.121461971830986	0.11227243155279	0.0091895402781963
6317	63170	0.998852762133304	0.04	0.124276056338028	0.116190264203037	0.00808579213499125
6318	63180	0.977703110659871	0.02	0.11603661971831	0.112604287319438	0.0034323323988721
6319	63190	0.994171304396751	0.18	0.10536338028169	0.104324254517766	0.00103912576392445
6320	63200	0.914680156226328	0.3	0.0996845070422535	0.105965232311785	-0.00628072526953191
6321	63210	0.974890476196745	0.06	0.111194366197183	0.11200312266258	-0.00080875646539666
6322	63220	0.970726759923288	0.01	0.112588732394366	0.112359358936243	0.000229373458123475
6323	63230	0.944156272123669	0	0.105921126760563	0.104321712948389	0.00159941381217379
6324	63240	0.997959087179182	0	0.0965154929577465	0.0845335875459544	0.0119819054117921
6325	63250	0.80447423671082	0	0.089087323943662	0.0616197758076325	0.0274675481360294
6326	63260	0.771935667935723	0	0.0798338028169014	0.0485896600597193	0.0312441427571821
6327	63270	0.755572717163932	0	0.0734450704225352	0.0418510582368357	0.0315940121856995
6328	63280	0.767682301197873	0	0.0688056338028169	0.0375153337571222	0.0312903000456947
6329	63290	0.765832457737145	0.26	0.0667267605633803	0.0358540837507571	0.0308726768126232
6330	63300	0.790800933639215	0.02	0.0729887323943662	0.0422534111976083	0.0307353211967579
6331	63310	0.891600075895792	2.97	0.0982140845070422	0.0774995757037719	0.0207145088032703
6332	63320	0.962798454809922	0.14	0.159616901408451	0.174584297090764	-0.0149673956823133
6333	63330	0.302923500715853	0.1	0.172850704225352	0.22898811191791	-0.0561374076925578
6334	63340	0.723123248705787	0.61	0.183954929577465	0.235920679590264	-0.0519657500127989
6335	63350	0.942126154190247	0.09	0.225811267605634	0.247459106462299	-0.0216478388566649
6336	63360	0.998535389175908	0.02	0.223935211267606	0.235462880800063	-0.011527669532457
6337	63370	0.987480374690566	0	0.198050704225352	0.208003183958299	-0.00995247973294636
6338	63380	0.864279582267585	0	0.167323943661972	0.180970958440453	-0.0136470147784811
6339	63390	0.955574762306412	0	0.139208450704225	0.156172909187322	-0.0169644584830962
6340	63400	0.977915898872105	0	0.127647887323944	0.137152882585095	-0.0095049952611512
6341	63410	0	0.02	0.115047887323944	0.116852178427835	-0.00180429110389094
6342	63420	0.999302847261057	0	0.106529577464789	0.10351732994724	0.0030122475175491
6343	63430	0	0.01	0.0988225352112676	0.0919424074162061	0.0068801277950615
6344	63440	0.914034443672774	0	0.0924591549295775	0.0866825075084984	0.00577664742107906
6345	63450	0.999998836664778	0	0.0865267605633803	0.0766484525548174	0.00987830800856288
6346	63460	0.99864632222743	0	0.0815830985915493	0.0675038605115958	0.0140792380799535
6347	63470	0.956096031992349	0	0.0765126760563381	0.059827195448132	0.0166854806082061
6348	63480	0	0.01	0.0718225352112676	0.063532125127135	0.0082904100841326
6349	63490	0.998520701568698	0	0.0683239436619718	0.0615031553109969	0.00682078835097495
6350	63500	0	0	0.0642422535211268	0.0545996794350707	0.00964257408605605
6351	63510	0.968255116174767	0.01	0.0609211267605634	0.0498068061191099	0.0111143206414535
6352	63520	0.592501853240135	0	0.0579549295774648	0.01509482504756	0.0428601045299048
6353	63530	0	0	0.0555971830985915	0.0128059520719887	0.0427912310266028
6354	63540	0.619096255424341	0	0.0534169014084507	0.0103209131232712	0.0430959882851795
6355	63550	0.521063667520273	0	0.0514901408450704	0.002826952870944	0.0486631879741264
6356	63560	0.522454417943122	0	0.0497915492957747	0.00155413792829264	0.048237411367482
6357	63570	0	0	0.050374647887324	0.00114760382386533	0.0492270440634586
6358	63580	0.519190472814077	0	0.0496394366197183	0.00105682460195777	0.0485826120177606
6359	63590	0.536458473384796	0	0.0479915492957746	0.000952361316606438	0.0470391879791682
6360	63600	0	0	0.045912676056338	0.000899875243813535	0.0450128008125245
6361	63610	0.58426364657488	0	0.0444422535211268	0.000823753630443185	0.0436184998906836
6362	63620	0	0	0.0428450704225352	0.000529956293352034	0.0423151141291832
6363	63630	0	0		0.000460205284835483	
6364	63640	0	0		0.000315772223548399	
6365	63650	0	0		0.000312354571865333	
6366	63660	0	0		0.000288170970101205	
6367	63670	0	0		0.000258613941893675	
6368	63680	0	0		0.000260983527792153	
6369	63690	0	0		0.000143787711698647	
6370	63700	0	0		0.000135304635142099	
6371	63710	0	0		0.000116935015652417	
6372	63720	0	0		0	
6373	63730	0	0		0	
6374	63740	0	0.07		0.000784826821253207	
6375	63750	0	0.18		0.00519502859667361	
6376	63760	0	0.13		0.0140053412657354	
6377	63770	0	0		0.0215338699775066	
6378	63780	0	0		0.0235646815768864	
6379	63790	0	0		0.0225504946415077	
6380	63800	0	0		0.0203251092096249	
6381	63810	0	0.05		0.0180006438078984	
6382	63820	0	0		0.0169504703521898	
6383	63830	0	0		0.0156235098430726	
6384	63840	0	0		0.0141507812325762	
6385	63850	0	0		0.0128606984234978	
6386	63860	0	0		0.0113831958436022	
6387	63870	0	0		0.0101014428920607	
6388	63880	0	0		0.0090815628037329	
6389	63890	0	0.01		0.00822998285942541	
6390	63900	0	0		0.00753553804011099	
6391	63910	0	0		0.00699857259356687	
6392	63920	0	0		0.00695907607728999	
6393	63930	0	0		0.0070000949492129	
6394	63940	0	0		0.00660949085360386	
6395	63950	0	0		0.00515166953724627	
6396	63960	0	0		0.00261278284412708	
6397	63970	0	0		0.00093167752173111	
6398	63980	0	0		0.00100657301130777	
6399	63990	0	0		0.000972571529136113	
6400	64000	0	0		0.000902868774194832	
6401	64010	0	0.02		0.00100779832368637	
6402	64020	0	0.33		0.00480004721267041	
6403	64030	0	0.05		0.0169567591957074	
6404	64040	0	0		0.0243055821746341	
6405	64050	0	0		0.0250693532324998	
6406	64060	0	0		0.0240412563169	
6407	64070	0	0		0.0213140217049877	
6408	64080	0	0		0.0182257718103779	
6409	64090	0	0		0.0152124149966208	
6410	64100	0				
6411	64110	0				
6412	64120	0				
6413	64130	0				
6414	64140	0				
6415	64150	0				
6416	64160	0				
6417	64170	0				
6418	64180	0				
6419	64190	0				
6420	64200	0				
6421	64210	0				
6422	64220	0				
6423	64230	0				
6424	64240	0				
6425	64250	0				
6426	64260	0				
6427	64270	0				
6428	64280	0				
6429	64290	0				
6430	64300	0				
6431	64310	0				
6432	64320	0				
6433	64330	0				
6434	64340	0				
6435	64350	0				
6436	64360	0				
6437	64370	0				
6438	64380	0				
6439	64390	0				
6440	64400	0				
6441	64410	0				
6442	64420	0				
6443	64430	0				
6444	64440	0				
6445	64450	0				
6446	64460	0				
6447	64470	0				
6448	64480	0				
6449	64490	0				
6450	64500	0				
6451	64510	0				
6452	64520	0				
6453	64530	0				
6454	64540	0				
6455	64550	0				
6456	64560	0				
6457	64570	0				
6458	64580	0				
6459	64590	0				
6460	64600	0				
6461	64610	0				
6462	64620	0				
6463	64630	0				
6464	64640	0				
6465	64650	0				
6466	64660	0				
6467	64670	0				
6468	64680	0				
6469	64690	0				
6470	64700	0				
6471	64710	0				
6472	64720	0				
6473	64730	0				
6474	64740	0				
6475	64750	0				
6476	64760	0				
6477	64770	0				
6478	64780	0				
6479	64790	0				
6480	64800	0				
6481	64810	0				
6482	64820	0				
6483	64830	0				
6484	64840	0				
6485	64850	0				
6486	64860	0				
6487	64870	0				
6488	64880	0				
6489	64890	0				
6490	64900	0				
6491	64910	0				
6492	64920	0				
6493	64930	0				
6494	64940	0				
6495	64950	0				
6496	64960	0				
6497	64970	0				
6498	64980	0				
6499	64990	0				
6500	65000	0				
6501	65010	0				
6502	65020	0				
6503	65030	0				
6504	65040	0				
6505	65050	0				
6506	65060	0				
6507	65070	0				
6508	65080	0				
6509	65090	0				
6510	65100	0				
6511	65110	0				
6512	65120	0				
6513	65130	0				
6514	65140	0				
6515	65150	0				
6516	65160	0				
6517	65170	0				
6518	65180	0				
6519	65190	0				
6520	65200	0				
6521	65210	0				
6522	65220	0				
6523	65230	0				
6524	65240	0				
6525	65250	0				
6526	65260	0				
6527	65270	0				
6528	65280	0				
6529	65290	0				
6530	65300	0				
6531	65310	0				
6532	65320	0				
6533	65330	0				
6534	65340	0				
6535	65350	0				
6536	65360	0				
6537	65370	0				
6538	65380	0				
6539	65390	0				
6540	65400	0				
6541	65410	0				
6542	65420	0				
6543	65430	0				
6544	65440	0				
6545	65450	0				
6546	65460	0				
6547	65470	0				
6548	65480	0				
6549	65490	0				
6550	65500	0				
6551	65510	0				
6552	65520	0				
6553	65530	0				
6554	65540	0				
6555	65550	0				
6556	65560	0				
6557	65570	0				
6558	65580	0				
6559	65590	0				
6560	65600	0				
6561	65610	0				
6562	65620	0				
6563	65630	0				
6564	65640	0				
6565	65650	0				
6566	65660	0				
6567	65670	0				
6568	65680	0				
6569	65690	0				
6570	65700	0				
6571	65710	0				
6572	65720	0				
6573	65730	0				
6574	65740	0				
6575	65750	0				
6576	65760	0				
6577	65770	0				
6578	65780	0				
6579	65790	0				
6580	65800	0				
6581	65810	0				
6582	65820	0				
6583	65830	0				
6584	65840	0				
6585	65850	0				
6586	65860	0				
6587	65870	0				
6588	65880	0				
6589	65890	0				
6590	65900	0				
6591	65910	0				
6592	65920	0				
6593	65930	0				
6594	65940	0				
6595	65950	0				
6596	65960	0				
6597	65970	0				
6598	65980	0				
6599	65990	0				
6600	66000	0				
6601	66010	0				
6602	66020	0				
6603	66030	0				
6604	66040	0				
6605	66050	0				
6606	66060	0				
6607	66070	0				
6608	66080	0				
6609	66090	0				
6610	66100	0				
6611	66110	0				
6612	66120	0				
6613	66130	0				
6614	66140	0				
6615	66150	0				
6616	66160	0				
6617	66170	0				
6618	66180	0				
6619	66190	0				
6620	66200	0				
6621	66210	0				
6622	66220	0				
6623	66230	0				
6624	66240	0				
6625	66250	0				
6626	66260	0				
6627	66270	0				
6628	66280	0				
6629	66290	0				
6630	66300	0				
6631	66310	0				
6632	66320	0				
6633	66330	0				
6634	66340	0				
6635	66350	0				
6636	66360	0				
6637	66370	0				
6638	66380	0				
6639	66390	0				
6640	66400	0				
6641	66410	0				
6642	66420	0				
6643	66430	0				
6644	66440	0				
6645	66450	0				
6646	66460	0				
6647	66470	0				
6648	66480	0				
6649	66490	0				
6650	66500	0				
6651	66510	0				
6652	66520	0				
6653	66530	0				
6654	66540	0				
6655	66550	0				
6656	66560	0				
6657	66570	0				
6658	66580	0				
6659	66590	0				
6660	66600	0				
6661	66610	0				
6662	66620	0				
6663	66630	0				
6664	66640	0				
6665	66650	0				
6666	66660	0				
6667	66670	0				
6668	66680	0				
6669	66690	0				
6670	66700	0				
6671	66710	0				
6672	66720	0				
6673	66730	0				
6674	66740	0				
6675	66750	0				
6676	66760	0				
6677	66770	0				
6678	66780	0				
6679	66790	0				
6680	66800	0				
6681	66810	0				
6682	66820	0				
6683	66830	0				
6684	66840	0				
6685	66850	0				
6686	66860	0				
6687	66870	0				
6688	66880	0				
6689	66890	0				
6690	66900	0				
6691	66910	0				
6692	66920	0				
6693	66930	0				
6694	66940	0				
6695	66950	0				
6696	66960	0				
6697	66970	0				
6698	66980	0				
6699	66990	0				
6700	67000	0				
6701	67010	0				
6702	67020	0				
6703	67030	0				
6704	67040	0				
6705	67050	0				
6706	67060	0				
6707	67070	0				
6708	67080	0				
6709	67090	0				
6710	67100	0				
6711	67110	0				
6712	67120	0				
6713	67130	0				
6714	67140	0				
6715	67150	0				
6716	67160	0				
6717	67170	0				
6718	67180	0				
6719	67190	0				
6720	67200	0				
6721	67210	0				
6722	67220	0				
6723	67230	0				
6724	67240	0				
6725	67250	0				
6726	67260	0				
6727	67270	0				
6728	67280	0				
6729	67290	0				
6730	67300	0				
6731	67310	0				
6732	67320	0				
6733	67330	0				
6734	67340	0				
6735	67350	0				
6736	67360	0				
6737	67370	0				
6738	67380	0				
6739	67390	0				
6740	67400	0				
6741	67410	0				
6742	67420	0				
6743	67430	0				
6744	67440	0				
6745	67450	0				
6746	67460	0				
6747	67470	0				
6748	67480	0				
6749	67490	0				
6750	67500	0				
6751	67510	0				
6752	67520	0				
6753	67530	0				
6754	67540	0				
6755	67550	0				
6756	67560	0				
6757	67570	0				
6758	67580	0				
6759	67590	0				
6760	67600	0				
6761	67610	0				
6762	67620	0				
6763	67630	0				
6764	67640	0				
6765	67650	0				
6766	67660	0				
6767	67670	0				
6768	67680	0				
6769	67690	0				
6770	67700	0				
6771	67710	0				
6772	67720	0				
6773	67730	0				
6774	67740	0				
6775	67750	0				
6776	67760	0				
6777	67770	0				
6778	67780	0				
6779	67790	0				
6780	67800	0				
6781	67810	0				
6782	67820	0				
6783	67830	0				
6784	67840	0				
6785	67850	0				
6786	67860	0				
6787	67870	0				
6788	67880	0				
6789	67890	0				
6790	67900	0				
6791	67910	0				
6792	67920	0				
6793	67930	0				
6794	67940	0				
6795	67950	0				
6796	67960	0				
6797	67970	0				
6798	67980	0				
6799	67990	0				
6800	68000	0				
6801	68010	0				
6802	68020	0				
6803	68030	0				
6804	68040	0				
6805	68050	0				
6806	68060	0				
6807	68070	0				
6808	68080	0				
6809	68090	0				
6810	68100	0				
6811	68110	0				
6812	68120	0				
6813	68130	0				
6814	68140	0				
6815	68150	0				
6816	68160	0				
6817	68170	0				
6818	68180	0				
6819	68190	0				
6820	68200	0				
6821	68210	0				
6822	68220	0				
6823	68230	0				
6824	68240	0				
6825	68250	0				
6826	68260	0				
6827	68270	0				
6828	68280	0				
6829	68290	0				
6830	68300	0				
6831	68310	0				
6832	68320	0				
6833	68330	0				
6834	68340	0				
6835	68350	0				
6836	68360	0				
6837	68370	0				
6838	68380	0				
6839	68390	0				
6840	68400	0				
6841	68410	0				
6842	68420	0				
6843	68430	0				
6844	68440	0				
6845	68450	0				
6846	68460	0				
6847	68470	0				
6848	68480	0				
6849	68490	0				
6850	68500	0				
6851	68510	0				
6852	68520	0				
6853	68530	0				
6854	68540	0				
6855	68550	0				
6856	68560	0				
6857	68570	0				
6858	68580	0				
6859	68590	0				
6860	68600	0				
6861	68610	0				
6862	68620	0				
6863	68630	0				
6864	68640	0				
6865	68650	0				
6866	68660	0				
6867	68670	0				
6868	68680	0				
6869	68690	0				
6870	68700	0				
6871	68710	0				
6872	68720	0				
6873	68730	0				
6874	68740	0				
6875	68750	0				
6876	68760	0				
6877	68770	0				
6878	68780	0				
6879	68790	0				
6880	68800	0				
6881	68810	0				
6882	68820	0				
6883	68830	0				
6884	68840	0				
6885	68850	0				
6886	68860	0				
6887	68870	0				
6888	68880	0				
6889	68890	0				
6890	68900	0				
6891	68910	0				
6892	68920	0				
6893	68930	0				
6894	68940	0				
6895	68950	0				
6896	68960	0				
6897	68970	0				
6898	68980	0				
6899	68990	0				
6900	69000	0				
6901	69010	0				
6902	69020	0				
6903	69030	0				
6904	69040	0				
6905	69050	0				
6906	69060	0				
6907	69070	0				
6908	69080	0				
6909	69090	0				
6910	69100	0				
6911	69110	0				
6912	69120	0				
6913	69130	0				
6914	69140	0				
6915	69150	0				
6916	69160	0				
6917	69170	0				
6918	69180	0				
6919	69190	0				
6920	69200	0				
6921	69210	0				
6922	69220	0				
6923	69230	0				
6924	69240	0				
6925	69250	0				
6926	69260	0				
6927	69270	0				
6928	69280	0				
6929	69290	0				
6930	69300	0				
6931	69310	0				
6932	69320	0				
6933	69330	0				
6934	69340	0				
6935	69350	0				
6936	69360	0				
6937	69370	0				
6938	69380	0				
6939	69390	0				
6940	69400	0				
6941	69410	0				
6942	69420	0				
6943	69430	0				
6944	69440	0				
6945	69450	0				
6946	69460	0				
6947	69470	0				
6948	69480	0				
6949	69490	0				
6950	69500	0				
6951	69510	0				
6952	69520	0				
6953	69530	0				
6954	69540	0				
6955	69550	0				
6956	69560	0				
6957	69570	0				
6958	69580	0				
6959	69590	0				
6960	69600	0				
6961	69610	0				
6962	69620	0				
6963	69630	0				
6964	69640	0				
6965	69650	0				
6966	69660	0				
6967	69670	0				
6968	69680	0				
6969	69690	0				
6970	69700	0				
6971	69710	0				
6972	69720	0				
6973	69730	0				
6974	69740	0				
6975	69750	0				
6976	69760	0				
6977	69770	0				
6978	69780	0				
6979	69790	0				
6980	69800	0				
6981	69810	0				
6982	69820	0				
6983	69830	0				
6984	69840	0				
6985	69850	0				
6986	69860	0				
6987	69870	0				
6988	69880	0				
6989	69890	0				
6990	69900	0				
6991	69910	0				
6992	69920	0	0			
6993	69930	0	0			
6994	69940	0	0			
6995	69950	0	0	0.13750985915493		
6996	69960	0	0	0.20950985915493		
6997	69970	0	0	0.406140845070423		
6998	69980	0	0	0.756329577464789		
6999	69990	0	0.01	0.771743661971831		
7000	70000	0	0	1.07949295774648		
7001	70010	0	0	0.631901408450704		
7002	70020	0	0	0.645921126760563		
7003	70030	0	0	0.544816901408451		
7004	70040	0	0	0.528040140845071		
7005	70050	0	0	0.532134507042254		
7006	70060	0	0	0.376193661971831		
7007	70070	0	0	0.331364788732394		
7008	70080	0	0	0.261228169014084		
7009	70090	0	0	0.229493661971831		
7010	70100	0	0	0.1971		
7011	70110	0	0	0.168312676056338		
7012	70120	0	0	0.143721126760564	0.000192462916796823	0.143528663843767
7013	70130	0	0	0.122476056338028	0.000168306059725597	0.122307750278303
7014	70140	0	0	0.112544366197183	0.000144383258402559	0.11239998293878
7015	70150	0	0	0.102137323943662	0.000123309306751576	0.102014014636911
7016	70160	0	0	0.0838140845070423	0.000144048512139735	0.0836700359949025
7017	70170	0	0	0.0862542253521127	0.000143787711698647	0.086110437640414
7018	70180	0	0.22	0.0729380281690141	0.00260190321622361	0.0703361249527905
7019	70190	0	0	0.0677408450704226	0.010101485682417	0.0576393593880055
7020	70200	0	0	0.0647239436619718	0.0137614020414794	0.0509625416204924
7021	70210	0	0	0.0524598591549296	0.0137486777272252	0.0387111814277044
7022	70220	0	0	0.0498802816901409	0.0131497955803165	0.0367304861098244
7023	70230	0	0	0.0421478873239437	0.0115259644590778	0.0306219228648658
7024	70240	0	0	0.0412161971830986	0.00981967140060465	0.0313965257824939
7025	70250	0	0	0.0383830985915493	0.00815564966992303	0.0302274489216263
7026	70260	0	0	0.0363676056338028	0.0069328817354111	0.0294347238983917
7027	70270	0	0	0.0389408450704225	0.0062992699134001	0.0326415751570224
7028	70280	0	0	0.0325964788732394	0.00557992535414336	0.0270165535190961
7029	70290	0	0	0.0339654929577465	0.00497960316665542	0.0289858897910911
7030	70300	0	0	0.0350112676056338	0.00437551423717114	0.0306357533684627
7031	70310	0	0	0.0333823943661972	0.00423418416953011	0.0291482101966671
7032	70320	0	0	0.0375338028169014	0.00370273331396314	0.0338310695029383
7033	70330	0	0	0.0341619718309859	0.00317643168485629	0.0309855401461296
7034	70340	0	0	0.0338323943661972	0.00271280474853467	0.0311195896176625
7035	70350	0	0	0.0325267605633803	0.00316906726707418	0.0293576932963061
7036	70360	0	0	0.0349478873239437	0.00316332965737023	0.0317845576665734
7037	70370	0	0	0.0359176056338028	0.00297670197312618	0.0329409036606767
7038	70380	0	0	0.0307838028169014	0.00257257034435318	0.0282112324725482
7039	70390	0	0	0.0307647887323944	0	0.0307647887323944
7040	70400	0	0	0.0264295774647887	0	0.0264295774647887
7041	70410	0	0	0.0266007042253521	0	0.0266007042253521
7042	70420	0	0	0.0234887323943662	0	0.0234887323943662
7043	70430	0	0	0.0245978873239437	0	0.0245978873239437
7044	70440	0	0	0.0232098591549296	0	0.0232098591549296
7045	70450	0	0	0.0217457746478873	0	0.0217457746478873
7046	70460	0	0	0.0231464788732394	0	0.0231464788732394
7047	70470	0	0	0.0201739436619718	0	0.0201739436619718
7048	70480	0	0	0.0210295774647887	0	0.0210295774647887
7049	70490	0	0.35	0.0205478873239437	0.00392413410626604	0.0166237532176776
7050	70500	0	0.25	0.0211880281690141	0.0186874653574454	0.00250056281156867
7051	70510	0	0.01	0.0241922535211268	0.033351338031908	-0.00915908451078128
7052	70520	0	0.03	0.0223161971830986	0.0383010508136307	-0.0159848536305321
7053	70530	0	0	0.0232035211267606	0.0385306746606127	-0.0153271535338521
7054	70540	0	0	0.0228866197183099	0.0357812058830591	-0.0128945861647492
7055	70550	0	0	0.0270633802816902	0.0311924290572773	-0.00412904877558712
7056	70560	0	0	0.0260429577464789	0.0264506761210204	-0.000407718374541552
7057	70570	0	0.03	0.0223732394366197	0.0226517937731158	-0.000278554336496022
7058	70580	0	0	0.0244521126760564	0.0209711275557414	0.00348098512031491
7059	70590	0	0.09	0.0224556338028169	0.0203482981513351	0.00210733565148181
7060	70600	0	0	0.0290471830985915	0.0214540522267597	0.00759313087183181
7061	70610	0	0	0.0297253521126761	0.0211551280761811	0.00857022403649498
7062	70620	0	0.04	0.0267338028169014	0.0203402758335684	0.00639352698333305
7063	70630	0	0	0.0254535211267606	0.0201140895934464	0.00533943153331417
7064	70640	0	0	0.0191218309859155	0.0183795639094309	0.000742267076484639
7065	70650	0	0	0.0236598591549296	0.0161333928574204	0.00752646629750914
7066	70660	0	0	0.0195021126760563	0.0153599974444765	0.00414211523157987
7067	70670	0	0	0.0272091549295775	0.0148829495002435	0.012326205429334
7068	70680	0	0.11	0.0322542253521127	0.0151190363964197	0.017135188955693
7069	70690	0	0	0.0344345070422535	0.0174057531705461	0.0170287538717074
7070	70700	0	0	0.0351	0.0142457672709306	0.0208542327290694
7071	70710	0	0	0.0352394366197183	0.010837410863329	0.0244020257563893
7072	70720	0	0.46	0.0389408450704225	0.0152629841428729	0.0236778609275496
7073	70730	0	0	0.0470218309859155	0.0294298348390419	0.0175919961468736
7074	70740	0	0.08	0.0532077464788732	0.037107764176226	0.0160999823026473
7075	70750	0	0.18	0.0721711267605634	0.0407849304546426	0.0313861963059208
7076	70760	0	0	0.0912295774647887	0.0465103667589354	0.0447192107058534
7077	70770	0	0	0.070212676056338	0.0457306544281013	0.0244820216282367
7078	70780	0	0	0.0543549295774648	0.0410636438094659	0.0132912857679989
7079	70790	0	0	0.0490183098591549	0.0361213162697938	0.0128969935893611
7080	70800	0	0	0.0355880281690141	0.030260057569796	0.0053279705992181
7081	70810	0	0	0.0298014084507042	0.0268294787429095	0.00297192970779476
7082	70820	0	0	0.029687323943662	0.0231800755483411	0.00650724839532085
7083	70830	0	0	0.0277605633802817	0.0199631147610986	0.00779744861918311
7084	70840	0	0	0.0256056338028169	0.0176882167462774	0.00791741705653951
7085	70850	0	0	0.0233049295774648	0.0168139860656375	0.00649094351182731
7086	70860	0	0	0.020256338028169	0.0149890604350247	0.0052672775931443
7087	70870	0	0	0.0167387323943662	0.0132496504015045	0.00348908199286172
7088	70880	0	0.07	0.0155725352112676	0.0125541210841499	0.00301841412711773
7089	70890	0	0	0.0153887323943662	0.0139877091855887	0.00140102320877748
7090	70900	0	0.02	0.0152619718309859	0.0148024720003291	0.000459499830656816
7091	70910	0	0.26	0.0167767605633803	0.0177933055866476	-0.00101654502326728
7092	70920	0	0	0.0190330985915493	0.0263571715630726	-0.00732407297152332
7093	70930	0	0.2	0.0252316901408451	0.0270936854993529	-0.00186199535850782
7094	70940	0	0	0.0268225352112676	0.0330161419763231	-0.00619360676505551
7095	70950	0	0	0.0245788732394366	0.0337986576692633	-0.00921978442982661
7096	70960	0	0	0.0210359154929577	0.029219006610437	-0.00818309111747924
7097	70970	0	0	0.0195718309859155	0.0263051616707135	-0.006733330684798
7098	70980	0	0	0.0179049295774648	0.0225223373431537	-0.00461740776568886
7099	70990	0	0.1	0.0185260563380282	0.0203986409516811	-0.00187258461365295
7100	71000	0	0.16	0.0208647887323944	0.0230906157036499	-0.00222582697125555
7101	71010	0	0.33	0.0235140845070423	0.0319135806224859	-0.0083994961154436
7102	71020	0	0	0.0251366197183099	0.0444220283732856	-0.0192854086549757
7103	71030	0	0	0.0224049295774648	0.0482576515540891	-0.0258527219766243
7104	71040	0	0	0.0205859154929577	0.046156304112856	-0.0255703886198983
7105	71050	0	0	0.0169098591549296	0.0422215038476106	-0.025311644692681
7106	71060	0	0	0.0164788732394366	0.0369939950251818	-0.0205151217857452
7107	71070	0	0	0.015287323943662	0.0316195911990922	-0.0163322672554302
7108	71080	0	0	0.0136838028169014	0.0278779218351957	-0.0141941190182943
7109	71090	0	0	0.0145140845070423	0.0239922154287715	-0.00947813092172924
7110	71100	0	0	0.0132908450704226	0.0224032491730237	-0.00911240410260117
7111	71110	0	0	0.0121816901408451	0.0198963523557053	-0.00771466221486021
7112	71120	0	0	0.0119852112676056	0.0152823187932814	-0.00329710752567581
7113	71130	0	0	0.0115098591549296	0.0136644389348102	-0.00215457977988062
7114	71140	0	0	0.0117697183098592	0.0104880057939303	0.00128171251592887
7115	71150	0	0	0.0120295774647887	0.00909732517290141	0.00293225229188733
7116	71160	0	0.03	0.0117570422535212	0.00851443590867266	0.00324260634484849
7117	71170	0	0	0.0118014084507042	0.00917339007040123	0.00262801838030301
7118	71180	0	0.02	0.0111422535211268	0.0105080416976925	0.000634211823434277
7119	71190	0	0.02	0.0114528169014085	0.0110859611538244	0.000366855747584088
7120	71200	0	0.2	0.0110788732394366	0.0125302524728128	-0.00145137923337622
7121	71210	0	0.49	0.0109330985915493	0.0225021462766629	-0.0115690476851136
7122	71220	0	0.2	0.0125112676056338	0.0407754070881628	-0.028264139482529
7123	71230	0	0.37	0.0125112676056338	0.0597298129318573	-0.0472185453262235
7124	71240	0	0.01	0.015274647887324	0.0748770023294055	-0.0596023544420816
7125	71250	0	0	0.0268288732394366	0.0783562593292876	-0.051527386089851
7126	71260	0	0	0.0285021126760564	0.0724336779515975	-0.0439315652755411
7127	71270	0	0	0.0271521126760563	0.064385927645735	-0.0372338149696786
7128	71280	0	0	0.0245154929577465	0.0550533322890609	-0.0305378393313144
7129	71290	0	0.33	0.0229056338028169	0.0508583075322243	-0.0279526737294074
7130	71300	0	0.44	0.022512676056338	0.0608335464116278	-0.0383208703552898
7131	71310	0	0	0.0253521126760564	0.0765391484731229	-0.0511870357970665
7132	71320	0	0.02	0.0258591549295775	0.08051221439645	-0.0546530594668725
7133	71330	0	0	0.0239260563380282	0.0769796436201156	-0.0530535872820874
7134	71340	0	0.41	0.0246169014084507	0.0758061299218065	-0.0511892285133558
7135	71350	0	0	0.0231908450704225	0.0811486024807129	-0.0579577574102903
7136	71360	0	0	0.0241161971830986	0.0798680819452273	-0.0557518847621287
7137	71370	0	0	0.0225823943661972	0.0721697359201606	-0.0495873415539634
7138	71380	0	0	0.0206492957746479	0.0671290863449007	-0.0464797905702528
7139	71390	0	0	0.0192929577464789	0.0607634155055848	-0.0414704577591059
7140	71400	0	0	0.0176957746478873	0.0548573000602491	-0.0371615254123617
7141	71410	0	0.15	0.0171887323943662	0.0478761779588616	-0.0306874455644954
7142	71420	0	0.1	0.0172204225352113	0.0439475300569342	-0.0267271075217229
7143	71430	0	0.08	0.0201929577464789	0.0454947593752503	-0.0253018016287714
7144	71440	0	0	0.0217647887323944	0.0423438018822953	-0.0205790131499009
7145	71450	0	0	0.0209281690140845	0.0403064807416403	-0.0193783117275558
7146	71460	0	0.12	0.0200345070422535	0.0388509184809558	-0.0188164114387023
7147	71470	0	0.03	0.0190901408450704	0.0417613971250786	-0.0226712562800081
7148	71480	0	0	0.0185197183098591	0.0410220453014806	-0.0225023269916215
7149	71490	0	0	0.0202119718309859	0.0374007715718562	-0.0171887997408703
7150	71500	0	0	0.0234507042253521	0.0299477905780078	-0.00649708635265569
7151	71510	0	0	0.0220753521126761	0.0234454888852553	-0.00137013677257926
7152	71520	0	0.01	0.0200471830985915	0.0213913484434056	-0.00134416534481402
7153	71530	0	0	0.0189697183098592	0.0190647404483226	-9.5022138463411e-05
7154	71540	0	0	0.0178161971830986	0.0170001384655713	0.000816058717527282
7155	71550	0	0	0.0169035211267606	0.0110466144180171	0.00585690670874342
7156	71560	0	0	0.0160225352112676	0.00988881778813426	0.00613371742313334
7157	71570	0	0	0.0151922535211268	0.00864087423225732	0.00655137928886944
7158	71580	0	0.01	0.0143683098591549	0.00817303455900072	0.00619527530015423
7159	71590	0	0	0.0137598591549296	0.00831454584555159	0.00544531330937799
7160	71600	0	0.04	0.0135190140845071	0.00860601794020695	0.00491299614430011
7161	71610	0	0.7	0.0139943661971831	0.0170698019681398	-0.00307543577095669
7162	71620	0	0.16	0.0154647887323944	0.0410809874698514	-0.025616198737457
7163	71630	0	0	0.0248133802816901	0.0573317734687158	-0.0325183931870256
7164	71640	0	0.23	0.0309929577464789	0.0615265075719552	-0.0305335498254763
7165	71650	0	0.12	0.0366338028169014	0.0683369312223505	-0.0317031284054491
7166	71660	0.65414718729342	0.14	0.0433711267605634	0.0717176694188302	-0.0283465426582668
7167	71670	0.696628628751587	0	0.0453866197183099	0.0701249346480552	-0.0247383149297454
7168	71680	0.689636630361559	0	0.0419387323943662	0.0647328880001501	-0.0227941556057839
7169	71690	0.805091083596844	0	0.0381802816901408	0.0574779129085734	-0.0192976312184326
7170	71700	0.80254391371263	0.16	0.0354232394366197	0.0531572853709216	-0.0177340459343019
7171	71710	0.705745740522646	0.07	0.0326598591549296	0.0528323133905497	-0.0201724542356201
7172	71720	0.694758291112743	0	0.0307838028169014	0.0521137341287361	-0.0213299313118347
7173	71730	0.717382546122632	0.02	0.0282422535211268	0.0486168888605283	-0.0203746353394015
7174	71740	0.686470412672256	0.01	0.026093661971831	0.0460903589708335	-0.0199966969990026
7175	71750	0.724454900575538	0.1	0.0245154929577465	0.0432331895243089	-0.0187176965665624
7176	71760	0.717085671358413	0	0.0230767605633803	0.0415009217188392	-0.0184241611554589
7177	71770	0.739958369322902	0	0.0223352112676056	0.0387667929682103	-0.0164315817006046
7178	71780	0.728481721856832	0	0.0203133802816901	0.0372454502931024	-0.0169320700114123
7179	71790	0.768422788887763	0	0.0190838028169014	0.0351270918590915	-0.0160432890421901
7180	71800	0.753099863078676	0	0.0179366197183099	0.0316539527379795	-0.0137173330196696
7181	71810	0.784410593547166	0	0.0173661971830986	0.0280259390309152	-0.0106597418478166
7182	71820	0.946589293406708	0.03	0.0168781690140845	0.0183308611490706	-0.00145269213498612
7183	71830	0.925979352284881	0.27	0.0168401408450704	0.0196593791385162	-0.00281923829344572
7184	71840	0.824969884751764	0	0.016637323943662	0.0280662765436127	-0.0114289525999507
7185	71850	0.791700563901102	0	0.0163014084507043	0.0287100220634318	-0.0124086136127275
7186	71860	0.877032870209179	0	0.0159971830985916	0.0261345219186503	-0.0101373388200588
7187	71870	0.88820737906978	0	0.0155852112676056	0.0233959943967216	-0.00781078312911601
7188	71880	0	0	0.0152492957746479	0.0211751926528789	-0.00592589687823096
7189	71890	0.927245358629445	0	0.0150338028169014	0.0184089995599665	-0.00337519674306504
7190	71900	0.943552062381648	0	0.014387323943662	0.015627930988497	-0.00124060704483506
7191	71910	0.987201993925902	0	0.0141084507042254	0.0118507901397242	0.00225766056450114
7192	71920	0.989621013398885	0	0.0137281690140845	0.0103467031817544	0.00338146583233008
7193	71930	0.990454608208488	0	0.0137725352112676	0.00933417878624417	0.00443835642502343
7194	71940	0.994450418743142	0	0.0135316901408451	0.00817797355849204	0.00535371658235305
7195	71950	0.995356856321776	0	0.0131197183098592	0.00711668819798832	0.00600303011187084
7196	71960	0.99800531136324	0	0.0129359154929577	0.00570141693269101	0.00723449856026673
7197	71970	0.999644535966446	0	0.0125746478873239	0.0049774133877988	0.00759723449952514
7198	71980	0.999370319454552	0.1	0.0126633802816902	0.00538945707034268	0.0072739232113475
7199	71990	0.993287936789346	0.03	0.0127647887323944	0.00863628329193405	0.00412850544046032
7200	72000	0	0.02	0.0124035211267606	0.0121616215800166	0.000241899546743977
7201	72010	0.966519913462535	0.01	0.0123654929577465	0.0134339404536216	-0.00106844749587513
7202	72020	0	0	0.0124922535211268	0.0135609094564559	-0.00106865593532916
7203	72030	0	0.01	0.0122450704225352	0.0121769903048307	6.80801177045092e-05
7204	72040	0.992260239256536	0	0.012181690140845	0.0083094284971774	0.00387226164366763
7205	72050	0	0.02	0.0126	0.00754144702741631	0.00505855297258369
7206	72060	0.998411027042821	0	0.0130056338028169	0.00721267512204189	0.00579295868077499
7207	72070	0.998480406092055	0.01	0.0129676056338028	0.00695734151477463	0.00601026411902817
7208	72080	0.998524771403998	0	0.0128598591549296	0.00662392486375781	0.00623593429117176
7209	72090	0	0	0.0124922535211268	0.00617944972245058	0.00631280379867618
7210	72100	0.999226034944047	0	0.0123781690140845	0.00550496949130311	0.0068731995227814
7211	72110	0.999016070498579	0	0.01215	0.00503316073687298	0.007116839263127
7212	72120	0	0	0.0122640845070423	0.00443622959097925	0.007827854916063
7213	72130	0.99999932673136	0	0.0122007042253521	0.00386280725419336	0.00833789697115876
7214	72140	0.99996593051407	0.02	0.0119345070422535	0.00358927196195062	0.00834523508030291
7215	72150	0.999604855049868	0.01	0.0118394366197183	0.00430857409979551	0.00753086251992279
7216	72160	0.998935343636112	0	0.0115795774647888	0.00489738885103705	0.00668218861375171
7217	72170	0	0	0.0113957746478874	0.00489092693747427	0.00650484771041309
7218	72180	0.998276350310646	0	0.0113070422535211	0.00458291854650705	0.00672412370701408
7219	72190	0	0	0.0109964788732394	0.00306954339767211	0.00792693547556732
7220	72200	0.999982765538638	0	0.0108633802816901	0.00241105748765621	0.00845232279403391
7221	72210	0.999931843217187	0	0.0104007042253521	0.00186341879787303	0.00853728542747909
7222	72220	0.999819571114324	0	0.01035	0.00156875824240346	0.00878124175759655
7223	72230	0.999757677027373	0	0.0101471830985915	0.00141561163499271	0.00873157146359884
7224	72240	0.999946009605365	0	0.00982394366197183	0.00120825417431879	0.00861568948765304
7225	72250	0.999797952858441	0	0.00992535211267605	0.00108398191061504	0.00884137020206101
7226	72260	0.999714800460825	0	0.00972253521126761	0.000759424255187449	0.00896311095608016
7227	72270	0.999733712371724	0	0.00969084507042254	0.00070074786002657	0.00899009721039597
7228	72280	0.999488558745825	0	0.00972253521126761	0.000529075036248018	0.00919346017501959
7229	72290	0	0	0.00983028169014084	0.000457072576530715	0.00937320911361013
7230	72300	0.99941992843852	0	0.00959577464788732	0.00039100187190571	0.00920477277598161
7231	72310	0.999718634803115	0	0.0093612676056338	0.000411406331031047	0.00894986127460275
7232	72320	0.999661318395233	0	0.00939929577464789	0.000431623935537029	0.00896767183911086
7233	72330	0.999805424999605	0	0.00926619718309859	0.000414396981982845	0.00885180020111574
7234	72340	0.999867407920866	0	0.00915211267605634	0.000369174666446934	0.0087829380096094
7235	72350	0.999654067434138	0	0.00912676056338028	0.000116935015652417	0.00900982554772787
7236	72360	0.999436080100297	0	0.00919647887323944	0	0.00919647887323944
7237	72370	0.999384688391952	0	0.00924084507042253	0	0.00924084507042253
7238	72380	0.999518975062809	0	0.00912042253521127	0	0.00912042253521127
7239	72390	0.999471418833654	0	0.00916478873239437	0	0.00916478873239437
7240	72400	0.985011222003611	0.87	0.0117697183098592	0.00975427620700414	0.00201544210285502
7241	72410	0	0.01	0.0135697183098592	0.0395964775722547	-0.0260267592623955
7242	72420	0	0.07	0.0131323943661972	0.0556587599246839	-0.0425263655584867
7243	72430	0	0.07	0.0136711267605634	0.0589570185929541	-0.0452858918323907
7244	72440	0	0.35	0.0147676056338028	0.0641060687504691	-0.0493384631166663
7245	72450	0	0.01	0.0167767605633803	0.0709275060826756	-0.0541507455192953
7246	72460	0	0	0.0181140845070423	0.0702618323446826	-0.0521477478376404
7247	72470	0	0	0.0190077464788733	0.063048028884274	-0.0440402824054007
7248	72480	0	0.08	0.0194894366197183	0.0570209146979736	-0.0375314780782553
7249	72490	0	0.01	0.0197683098591549	0.0536226439662797	-0.0338543341071247
7250	72500	0	0.04	0.0201485915492958	0.0492058691074717	-0.0290572775581759
7251	72510	0	0.04	0.0207697183098592	0.0454660587769736	-0.0246963404671145
7252	72520	0	0	0.0215176056338028	0.0424336851038815	-0.0209160794700787
7253	72530	0	0	0.0222591549295775	0.0404305179847297	-0.0181713630551523
7254	72540	0	0.18	0.0235838028169014	0.0379786574987762	-0.0143948546818748
7255	72550	0	0	0.0252	0.039712547084081	-0.014512547084081
7256	72560	0	0.68	0.0259922535211268	0.0462412116323448	-0.020248958111218
7257	72570	0	0.13	0.027912676056338	0.071221251066149	-0.043308575009811
7258	72580	0	0.06		0.0855362027472215	
7259	72590	0	0		0.0862598036931685	
7260	72600	0	0		0.0813174365361791	
7261	72610	0	0.71		0.0726729653623057	
7262	72620	0	0		0.0888261803210292	
7263	72630	0	0		0.0923068621568278	
7264	72640	0	0		0.084664336852761	
7265	72650	0	0		0.0749470286871871	
7266	72660	0	0		0.0660026412041646	
7267	72670	0	0		0.0578574582916418	
7268	72680	0	0		0.0495607518209372	
7269	72690	0	0		0.0432375862735975	
7270	72700	0	0		0.0386981401623346	
7271	72710	0	0		0.0342293720453571	
7272	72720	0	0		0.0299305678796576	
7273	72730	0	0		0.0288210805616616	
7274	72740	0	0		0.0281597482681519	
7275	72750	0	0.01		0.0239960948724228	
7276	72760	0				
7277	72770	0				
7278	72780	0				
7279	72790	0				
7280	72800	0				
7281	72810	0				
7282	72820	0				
7283	72830	0				
7284	72840	0				
7285	72850	0				
7286	72860	0				
7287	72870	0				
7288	72880	0				
7289	72890	0				
7290	72900	0				
7291	72910	0				
7292	72920	0				
7293	72930	0				
7294	72940	0				
7295	72950	0				
7296	72960	0				
7297	72970	0				
7298	72980	0				
7299	72990	0				
7300	73000	0				
7301	73010	0				
7302	73020	0				
7303	73030	0				
7304	73040	0				
7305	73050	0				
7306	73060	0				
7307	73070	0				
7308	73080	0				
7309	73090	0				
7310	73100	0				
7311	73110	0				
7312	73120	0				
7313	73130	0				
7314	73140	0				
7315	73150	0				
7316	73160	0				
7317	73170	0				
7318	73180	0				
7319	73190	0				
7320	73200	0				
7321	73210	0				
7322	73220	0				
7323	73230	0				
7324	73240	0				
7325	73250	0				
7326	73260	0				
7327	73270	0				
7328	73280	0				
7329	73290	0				
7330	73300	0				
7331	73310	0				
7332	73320	0				
7333	73330	0				
7334	73340	0				
7335	73350	0				
7336	73360	0				
7337	73370	0				
7338	73380	0				
7339	73390	0				
7340	73400	0				
7341	73410	0				
7342	73420	0				
7343	73430	0				
7344	73440	0				
7345	73450	0				
7346	73460	0				
7347	73470	0				
7348	73480	0				
7349	73490	0				
7350	73500	0				
7351	73510	0				
7352	73520	0				
7353	73530	0				
7354	73540	0				
7355	73550	0				
7356	73560	0				
7357	73570	0				
7358	73580	0				
7359	73590	0				
7360	73600	0				
7361	73610	0				
7362	73620	0				
7363	73630	0				
7364	73640	0				
7365	73650	0				
7366	73660	0				
7367	73670	0				
7368	73680	0				
7369	73690	0				
7370	73700	0				
7371	73710	0				
7372	73720	0				
7373	73730	0				
7374	73740	0				
7375	73750	0				
7376	73760	0				
7377	73770	0				
7378	73780	0				
7379	73790	0				
7380	73800	0				
7381	73810	0				
7382	73820	0				
7383	73830	0				
7384	73840	0				
7385	73850	0				
7386	73860	0				
7387	73870	0				
7388	73880	0				
7389	73890	0				
7390	73900	0				
7391	73910	0				
7392	73920	0				
7393	73930	0				
7394	73940	0				
7395	73950	0				
7396	73960	0				
7397	73970	0				
7398	73980	0				
7399	73990	0				
7400	74000	0				
7401	74010	0				
7402	74020	0				
7403	74030	0				
7404	74040	0				
7405	74050	0				
7406	74060	0				
7407	74070	0				
7408	74080	0				
7409	74090	0				
7410	74100	0				
7411	74110	0				
7412	74120	0				
7413	74130	0				
7414	74140	0				
7415	74150	0				
7416	74160	0				
7417	74170	0				
7418	74180	0				
7419	74190	0				
7420	74200	0				
7421	74210	0				
7422	74220	0				
7423	74230	0				
7424	74240	0				
7425	74250	0				
7426	74260	0				
7427	74270	0				
7428	74280	0				
7429	74290	0				
7430	74300	0				
7431	74310	0				
7432	74320	0				
7433	74330	0				
7434	74340	0				
7435	74350	0				
7436	74360	0				
7437	74370	0				
7438	74380	0				
7439	74390	0				
7440	74400	0				
7441	74410	0				
7442	74420	0				
7443	74430	0				
7444	74440	0				
7445	74450	0				
7446	74460	0				
7447	74470	0				
7448	74480	0				
7449	74490	0				
7450	74500	0				
7451	74510	0				
7452	74520	0				
7453	74530	0				
7454	74540	0				
7455	74550	0				
7456	74560	0				
7457	74570	0				
7458	74580	0				
7459	74590	0				
7460	74600	0				
7461	74610	0				
7462	74620	0				
7463	74630	0				
7464	74640	0				
7465	74650	0				
7466	74660	0				
7467	74670	0				
7468	74680	0				
7469	74690	0				
7470	74700	0				
7471	74710	0				
7472	74720	0				
7473	74730	0				
7474	74740	0				
7475	74750	0				
7476	74760	0				
7477	74770	0				
7478	74780	0				
7479	74790	0				
7480	74800	0				
7481	74810	0				
7482	74820	0				
7483	74830	0				
7484	74840	0				
7485	74850	0				
7486	74860	0				
7487	74870	0				
7488	74880	0				
7489	74890	0				
7490	74900	0				
7491	74910	0				
7492	74920	0				
7493	74930	0				
7494	74940	0				
7495	74950	0				
7496	74960	0				
7497	74970	0				
7498	74980	0				
7499	74990	0				
7500	75000	0				
7501	75010	0				
7502	75020	0				
7503	75030	0				
7504	75040	0				
7505	75050	0				
7506	75060	0				
7507	75070	0				
7508	75080	0				
7509	75090	0				
7510	75100	0				
7511	75110	0				
7512	75120	0				
7513	75130	0				
7514	75140	0				
7515	75150	0				
7516	75160	0				
7517	75170	0				
7518	75180	0				
7519	75190	0				
7520	75200	0				
7521	75210	0				
7522	75220	0				
7523	75230	0				
7524	75240	0				
7525	75250	0				
7526	75260	0				
7527	75270	0				
7528	75280	0				
7529	75290	0				
7530	75300	0				
7531	75310	0				
7532	75320	0				
7533	75330	0				
7534	75340	0				
7535	75350	0				
7536	75360	0				
7537	75370	0				
7538	75380	0				
7539	75390	0				
7540	75400	0				
7541	75410	0				
7542	75420	0				
7543	75430	0				
7544	75440	0				
7545	75450	0				
7546	75460	0				
7547	75470	0				
7548	75480	0				
7549	75490	0				
7550	75500	0				
7551	75510	0				
7552	75520	0				
7553	75530	0				
7554	75540	0				
7555	75550	0				
7556	75560	0				
7557	75570	0				
7558	75580	0				
7559	75590	0				
7560	75600	0				
7561	75610	0				
7562	75620	0				
7563	75630	0				
7564	75640	0				
7565	75650	0				
7566	75660	0				
7567	75670	0				
7568	75680	0				
7569	75690	0				
7570	75700	0				
7571	75710	0				
7572	75720	0				
7573	75730	0				
7574	75740	0				
7575	75750	0				
7576	75760	0				
7577	75770	0				
7578	75780	0				
7579	75790	0				
7580	75800	0				
7581	75810	0				
7582	75820	0				
7583	75830	0				
7584	75840	0				
7585	75850	0				
7586	75860	0				
7587	75870	0				
7588	75880	0				
7589	75890	0				
7590	75900	0				
7591	75910	0				
7592	75920	0				
7593	75930	0				
7594	75940	0				
7595	75950	0				
7596	75960	0				
7597	75970	0				
7598	75980	0				
7599	75990	0				
7600	76000	0				
7601	76010	0				
7602	76020	0				
7603	76030	0				
7604	76040	0				
7605	76050	0				
7606	76060	0				
7607	76070	0				
7608	76080	0				
7609	76090	0				
7610	76100	0				
7611	76110	0				
7612	76120	0				
7613	76130	0				
7614	76140	0				
7615	76150	0				
7616	76160	0				
7617	76170	0				
7618	76180	0				
7619	76190	0				
7620	76200	0				
7621	76210	0				
7622	76220	0				
7623	76230	0				
7624	76240	0				
7625	76250	0				
7626	76260	0				
7627	76270	0				
7628	76280	0				
7629	76290	0				
7630	76300	0				
7631	76310	0				
7632	76320	0				
7633	76330	0				
7634	76340	0				
7635	76350	0				
7636	76360	0				
7637	76370	0				
7638	76380	0				
7639	76390	0				
7640	76400	0				
7641	76410	0				
7642	76420	0				
7643	76430	0				
7644	76440	0				
7645	76450	0				
7646	76460	0				
7647	76470	0				
7648	76480	0				
7649	76490	0				
7650	76500	0				
7651	76510	0				
7652	76520	0				
7653	76530	0				
7654	76540	0				
7655	76550	0				
7656	76560	0				
7657	76570	0				
7658	76580	0				
7659	76590	0				
7660	76600	0				
7661	76610	0				
7662	76620	0				
7663	76630	0				
7664	76640	0				
7665	76650	0				
7666	76660	0				
7667	76670	0				
7668	76680	0				
7669	76690	0				
7670	76700	0				
7671	76710	0				
7672	76720	0				
7673	76730	0				
7674	76740	0				
7675	76750	0				
7676	76760	0				
7677	76770	0				
7678	76780	0				
7679	76790	0				
7680	76800	0				
7681	76810	0				
7682	76820	0				
7683	76830	0				
7684	76840	0				
7685	76850	0				
7686	76860	0				
7687	76870	0				
7688	76880	0				
7689	76890	0				
7690	76900	0				
7691	76910	0				
7692	76920	0				
7693	76930	0				
7694	76940	0				
7695	76950	0				
7696	76960	0				
7697	76970	0				
7698	76980	0				
7699	76990	0				
7700	77000	0				
7701	77010	0				
7702	77020	0				
7703	77030	0				
7704	77040	0				
7705	77050	0				
7706	77060	0				
7707	77070	0				
7708	77080	0				
7709	77090	0				
7710	77100	0				
7711	77110	0				
7712	77120	0				
7713	77130	0				
7714	77140	0				
7715	77150	0				
7716	77160	0				
7717	77170	0				
7718	77180	0				
7719	77190	0				
7720	77200	0				
7721	77210	0				
7722	77220	0				
7723	77230	0				
7724	77240	0				
7725	77250	0				
7726	77260	0				
7727	77270	0				
7728	77280	0				
7729	77290	0				
7730	77300	0				
7731	77310	0				
7732	77320	0				
7733	77330	0				
7734	77340	0				
7735	77350	0				
7736	77360	0				
7737	77370	0				
7738	77380	0				
7739	77390	0				
7740	77400	0				
7741	77410	0				
7742	77420	0				
7743	77430	0				
7744	77440	0				
7745	77450	0				
7746	77460	0				
7747	77470	0				
7748	77480	0				
7749	77490	0				
7750	77500	0				
7751	77510	0				
7752	77520	0				
7753	77530	0				
7754	77540	0				
7755	77550	0				
7756	77560	0				
7757	77570	0				
7758	77580	0				
7759	77590	0				
7760	77600	0				
7761	77610	0				
7762	77620	0				
7763	77630	0				
7764	77640	0				
7765	77650	0				
7766	77660	0				
7767	77670	0				
7768	77680	0				
7769	77690	0				
7770	77700	0				
7771	77710	0				
7772	77720	0				
7773	77730	0				
7774	77740	0				
7775	77750	0				
7776	77760	0				
7777	77770	0				
7778	77780	0				
7779	77790	0				
7780	77800	0				
7781	77810	0				
7782	77820	0				
7783	77830	0				
7784	77840	0				
7785	77850	0				
7786	77860	0				
7787	77870	0				
7788	77880	0				
7789	77890	0				
7790	77900	0				
7791	77910	0				
7792	77920	0				
7793	77930	0				
7794	77940	0				
7795	77950	0				
7796	77960	0				
7797	77970	0				
7798	77980	0				
7799	77990	0				
7800	78000	0				
7801	78010	0				
7802	78020	0				
7803	78030	0				
7804	78040	0				
7805	78050	0				
7806	78060	0				
7807	78070	0				
7808	78080	0				
7809	78090	0				
7810	78100	0				
7811	78110	0				
7812	78120	0				
7813	78130	0				
7814	78140	0				
7815	78150	0				
7816	78160	0				
7817	78170	0				
7818	78180	0				
7819	78190	0				
7820	78200	0				
7821	78210	0				
7822	78220	0				
7823	78230	0				
7824	78240	0				
7825	78250	0				
7826	78260	0				
7827	78270	0				
7828	78280	0				
7829	78290	0				
7830	78300	0				
7831	78310	0				
7832	78320	0				
7833	78330	0				
7834	78340	0				
7835	78350	0				
7836	78360	0				
7837	78370	0				
7838	78380	0				
7839	78390	0				
7840	78400	0				
7841	78410	0				
7842	78420	0				
7843	78430	0				
7844	78440	0				
7845	78450	0				
7846	78460	0				
7847	78470	0				
7848	78480	0				
7849	78490	0				
7850	78500	0				
7851	78510	0				
7852	78520	0				
7853	78530	0				
7854	78540	0				
7855	78550	0				
7856	78560	0				
7857	78570	0				
7858	78580	0	0			
7859	78590	0	0			
7860	78600	0	0			
7861	78610	0	0			
7862	78620	0	0			
7863	78630	0	0			
7864	78640	0	0			
7865	78650	0	0			
7866	78660	0	0			
7867	78670	0	0	0.00932957746478873		
7868	78680	0	0	0.00773239436619719		
7869	78690	0	0	0.00930422535211267		
7870	78700	0	0	0.0112816901408451		
7871	78710	0	0	0.0142985915492958		
7872	78720	0	0	0.0189380281690141		
7873	78730	0	0	0.0258084507042254		
7874	78740	0	0	0.0433014084507042		
7875	78750	0	0	0.0756253521126761		
7876	78760	0	0	0.106352112676056		
7877	78770	0	0	0.114895774647887		
7878	78780	0	0	0.173687323943662	0	0.173687323943662
7879	78790	0	0	0.212754929577465	0	0.212754929577465
7880	78800	0	0	0.211157746478873	0	0.211157746478873
7881	78810	0	0	0.317357746478873	0	0.317357746478873
7882	78820	0	0.03	0.284070422535211	0.00033635435196566	0.283734068183246
7883	78830	0	0	0.251264788732394	0.00136152963637699	0.249903259096017
7884	78840	0	0	0.210447887323944	0.0018765548238381	0.208571332500106
7885	78850	0	0.27	0.16103661971831	0.0049020088577671	0.156134610860543
7886	78860	0	0	0.126988732394366	0.0140469206701634	0.112941811724203
7887	78870	0	0.07	0.0991267605633803	0.019245542662034	0.0798812179013463
7888	78880	0	0	0.0749028169014084	0.0213893257956475	0.0535134911057609
7889	78890	0	0	0.0752070422535211	0.0216291474531214	0.0535778948003998
7890	78900	0	0	0.10060985915493	0.019465474076905	0.0811443850780245
7891	78910	0	0	0.125619718309859	0.0170944321190337	0.108525286190826
7892	78920	0	0	0.180697183098592	0.0144374576529044	0.166259725445687
7893	78930	0	0.09	0.441101408450704	0.0133210774268196	0.427780331023885
7894	78940	0	0	0.310873943661972	0.0150071515483481	0.295866792113624
7895	78950	0	0	0.318479577464789	0.0152610603450752	0.303218517119714
7896	78960	0	0	0.27752323943662	0.014245021562746	0.263278217873874
7897	78970	0	0	0.203228873239437	0.0129579916890928	0.190270881550344
7898	78980	0	0	0.192650704225352	0.011866013141873	0.180784691083479
7899	78990	0	0	0.18623661971831	0.0103857565247212	0.175850863193589
7900	79000	0	0	0.163983802816901	0.00901335366723857	0.154970449149663
7901	79010	0	0	0.132198591549296	0.00774958649755711	0.124449005051739
7902	79020	0	0.04	0.126411971830986	0.00827624420831743	0.118135727622669
7903	79030	0	0	0.131222535211268	0.00884350294741307	0.122379032263855
7904	79040	0	0	0.126697183098591	0.00920074821862466	0.117496434879967
7905	79050	0	0	0.13275	0.00845350208829857	0.124296497911701
7906	79060	0	0	0.111447887323944	0.00507017062086001	0.106377716703084
7907	79070	0	0	0.130937323943662	0.00442892954874781	0.126508394394914
7908	79080	0	0	0.124022535211268	0.00308484412573296	0.120937691085535
7909	79090	0	0	0.108392957746479	0.00259262915529564	0.105800328591183
7910	79100	0	0	0.113152816901408	0.00255696056115055	0.110595856340258
7911	79110	0	0	0.0924084507042254	0.0024394112077242	0.0899690394965012
7912	79120	0	0	0.0991204225352113	0.00223227359885041	0.0968881489363609
7913	79130	0	0	0.0810887323943662	0.00195779753480911	0.0791309348595571
7914	79140	0	0	0.0785408450704226	0.000795548043122026	0.0777452970273005
7915	79150	0	0	0.0762084507042254	0.000769851667187292	0.0754385990370381
7916	79160	0	0	0.062562676056338	0.000673224238902389	0.0618894518174356
7917	79170	0	0	0.0644767605633803	0.000577533033610235	0.0638992275297701
7918	79180	0	0	0.0588042253521127	0.000493237227006303	0.0583109881251064
7919	79190	0	0	0.0690971830985916	0.000576194048558942	0.0685209890500326
7920	79200	0	0	0.0589753521126761	0.000575150846794587	0.0584002012658815
7921	79210	0	0	0.053968309859155	0.000541218540568396	0.0534270913185866
7922	79220	0	0.24	0.0536323943661972	0.00315857487833495	0.0504738194878622
7923	79230	0	0.34	0.0542725352112676	0.0147042530799601	0.0395682821313075
7924	79240	0	0.04	0.0876866197183099	0.030891580272265	0.0567950394460449
7925	79250	0	0.07	0.0874014084507043	0.038866378527197	0.0485350299235073
7926	79260	0	0	0.0770323943661972	0.0412721636130237	0.0357602307531735
7927	79270	0	0	0.0715943661971831	0.0397745782703584	0.0318197879268247
7928	79280	0	0	0.066143661971831	0.0352906741652273	0.0308529878066038
7929	79290	0	0	0.0629112676056338	0.0303525839362381	0.0325586836693958
7930	79300	0	0	0.0519781690140845	0.0256200766928733	0.0263580923212112
7931	79310	0	0	0.045893661971831	0.022193670700432	0.023699991271399
7932	79320	0	0	0.0400753521126761	0.0196779300084613	0.0203974221042147
7933	79330	0	0	0.0348971830985916	0.017407054083731	0.0174901290148606
7934	79340	0	0	0.0325267605633803	0.0154878836440348	0.0170388769193455
7935	79350	0	0	0.0289711267605634	0.0140620815580985	0.0149090452024649
7936	79360	0	0	0.0263852112676057	0.0129630518370187	0.0134221594305869
7937	79370	0	0	0.0238943661971831	0.0113496649749826	0.0125447012222006
7938	79380	0	0.05	0.0228992957746479	0.0104495093908144	0.0124497863838335
7939	79390	0	0	0.0212450704225352	0.011674572233225	0.00957049818931025
7940	79400	0	0	0.0201676056338028	0.0129800659024062	0.00718753973139657
7941	79410	0	0	0.0198887323943662	0.0127001521204446	0.0071885802739216
7942	79420	0	0	0.0176323943661972	0.0119788783068795	0.00565351605931769
7943	79430	0	0	0.0182978873239437	0.00814306043170426	0.0101548268922394
7944	79440	0	0	0.0166309859154929	0.00364661600874178	0.0129843699067512
7945	79450	0	0	0.0164471830985915	0.00267210185273125	0.0137750812458603
7946	79460	0	0	0.0169985915492958	0.00157565493986616	0.0154229366094296
7947	79470	0	0	0.0143239436619718	0.00143165225304548	0.0128922914089264
7948	79480	0	0	0.0154394366197183	0.0012681648532144	0.0141712717665039
7949	79490	0	0	0.0135760563380282	0.00113172799242169	0.0124443283456065
7950	79500	0	0	0.0133288732394366	0.000994435053902533	0.0123344381855341
7951	79510	0	0	0.0132971830985916	0.000962314583984115	0.0123348685146074
7952	79520	0	0	0.0125746478873239	0.000841530298627986	0.0117331175886959
7953	79530	0	0	0.0135760563380282	0.000721916292012793	0.0128541400460154
7954	79540	0	0	0.012130985915493	0.000616546533757879	0.0115144393817351
7955	79550	0	0.13	0.0128154929577465	0.0021777780858832	0.0106377148718633
7956	79560	0	0	0.0122767605633803	0.00661890031612687	0.00565786024725341
7957	79570	0	0.24	0.0115605633802817	0.0114990955614009	6.14678188807956e-05
7958	79580	0	0.06	0.0139943661971831	0.020273839530206	-0.00627947333302294
7959	79590	0	0	0.0165295774647887	0.025505831615464	-0.00897625415067527
7960	79600	0	0	0.0214542253521127	0.0255624643486496	-0.00410823899653697
7961	79610	0	0	0.0199964788732394	0.0238974040226731	-0.00390092514943362
7962	79620	0	0	0.0193880281690141	0.0209793348276712	-0.00159130665865709
7963	79630	0	0	0.0180760563380282	0.0179525164967874	0.000123539841240784
7964	79640	0	0.01	0.0171697183098591	0.0154095785425938	0.00176013976726535
7965	79650	0	0.09	0.0172140845070423	0.0145475466895348	0.00266653781750743
7966	79660	0	0.06	0.0174866197183099	0.0170880254104291	0.000398594307880779
7967	79670	0	0.36	0.0197176056338028	0.0234046210037786	-0.00368701536997572
7968	79680	0	0	0.0226457746478873	0.0357697524411921	-0.0131239777933048
7969	79690	0	0.02	0.0634753521126761	0.0407152434306482	0.0227601086820279
7970	79700	0	0	0.168845070422535	0.0398427609964873	0.129002309426048
7971	79710	0	0.02	0.13197676056338	0.0373215585204361	0.094655202042944
7972	79720	0	0	0.097656338028169	0.0336955258761555	0.0639608121520135
7973	79730	0	0	0.0769816901408451	0.0295567663107627	0.0474249238300824
7974	79740	0	0.95	0.0708401408450704	0.0369718977832463	0.0338682430618242
7975	79750	0	0	0.0758535211267606	0.0666103304758885	0.00924319065087202
7976	79760	0	0	0.0749788732394366	0.0793892026928241	-0.00441032945338751
7977	79770	0	0	0.0669042253521127	0.0769818242961281	-0.0100775989440154
7978	79780	0	0	0.0575302816901408	0.0700411378011449	-0.0125108561110041
7979	79790	0	0	0.0503302816901408	0.060882585766244	-0.0105523040761032
7980	79800	0	0	0.0432697183098592	0.0527897385962117	-0.00952002028635251
7981	79810	0	0	0.0388711267605634	0.0443017680564097	-0.00543064129584631
7982	79820	0	1.11	0.0435485915492958	0.0505980493747066	-0.00704945782541078
7983	79830	0	0.02	0.0740978873239437	0.0852694318857938	-0.0111715445618502
7984	79840	0	0.16	0.121842253521127	0.104286078784037	0.0175561747370895
7985	79850	0	0.32	0.163166197183099	0.110595299392196	0.0525708977909024
7986	79860	0	0.88	0.247588732394366	0.127037951706303	0.120550780688063
7987	79870	0	0.13	0.290997887323944	0.153788358755657	0.137209528568287
7988	79880	0	0.01	0.229829577464789	0.157759555052166	0.0720700224126229
7989	79890	0	0.01	0.178675352112676	0.147481416905715	0.0311939352069611
7990	79900	0	0	0.136952112676056	0.133415336652623	0.00353677602343314
7991	79910	0	0	0.112043661971831	0.121670610416762	-0.00962694844493132
7992	79920	0	0.52	0.13062676056338	0.112432894978909	0.0181938655844713
7993	79930	0	0.01	0.155915492957746	0.116409768920677	0.0395057240370689
7994	79940	0	0	0.147194366197183	0.11336050197166	0.0338338642255236
7995	79950	0	0	0.127134507042254	0.0967321778708421	0.0304023291714114
7996	79960	0	0	0.106440845070423	0.0879262643029325	0.0185145807674901
7997	79970	0	0	0.0883711267605634	0.0774649542418022	0.0109061725187612
7998	79980	0	0.02	0.076037323943662	0.0677705991210564	0.00826672482260556
7999	79990	0	0	0.0654908450704225	0.0645652011472558	0.0009256439231667
8000	80000	0	0.05	0.0583859154929578	0.0591490798422882	-0.000763164349330436
8001	80010	0	0.67	0.0552169014084507	0.0630774435121168	-0.00786054210366605
8002	80020	0	0.58	0.0665429577464789	0.087958140389285	-0.0214151826428061
8003	80030	0	0.01	0.121766197183099	0.106132797687906	0.0156333994951927
8004	80040	0	0	0.191218309859155	0.11404898410921	0.0771693257499447
8005	80050	0	0.3	0.171874647887324	0.111635925747181	0.0602387221401427
8006	80060	0	0	0.135912676056338	0.10815314136338	0.027759534692958
8007	80070	0	0.15	0.114585211267606	0.09323873514627	0.0213464761213355
8008	80080	0	0.35	0.108697183098592	0.0896213993657521	0.0190757837328395
8009	80090	0	0.03	0.106288732394366	0.0962116738418833	0.0100770585524831
8010	80100	0	1.09	0.130164084507042	0.107686263985801	0.0224778205212408
8011	80110	0	0	0.223726056338028	0.138186580765911	0.0855394755721175
8012	80120	0	0.09	0.210111971830986	0.148674627070023	0.061437344760963
8013	80130	0	0.52	0.186908450704226	0.142387378992594	0.044521071711631
8014	80140	0	0.02	0.173465492957747	0.151694474893589	0.0217710180641574
8015	80150	0	0.1	0.15242323943662	0.147584344511557	0.00483889492506298
8016	80160	0	0.02	0.137490845070423	0.136301107654056	0.00118973741636663
8017	80170	0	0.23	0.124035211267606	0.125728678998591	-0.0016934677309858
8018	80180	0	0.37	0.155370422535211	0.125697839167231	0.02967258336798
8019	80190	0	0.01	0.210359154929578	0.132826570173756	0.0775325847558214
8020	80200	0	0	0.199495774647887	0.128050353033727	0.0714454216141604
8021	80210	0	0	0.160269718309859	0.116766824144021	0.0435028941658381
8022	80220	0	0	0.126012676056338	0.0987438549542144	0.0272688211021236
8023	80230	0	0	0.104095774647887	0.0827567291318334	0.0213390455160539
8024	80240	0	0	0.089556338028169	0.0724401597944806	0.0171161782336884
8025	80250	0	0.57	0.0867992957746479	0.0702516537826253	0.0165476419920225
8026	80260	0	0	0.229969014084507	0.0801115429263949	0.149857471158112
8027	80270	0	0.18	0.224898591549296	0.0899157737428222	0.134982817806474
8028	80280	0	0	0.197917605633803	0.0901156795943354	0.107801926039467
8029	80290	0	0.01	0.161296478873239	0.083808477120944	0.0774880017522954
8030	80300	0	0	0.129181690140845	0.0771348915944399	0.0520467985464052
8031	80310	0	0	0.109058450704225	0.0585220314719624	0.050536419232263
8032	80320	0	0	0.0929345070422536	0.0509893587226541	0.0419451483195994
8033	80330	0	0	0.0805056338028169	0.0430182657972747	0.0374873680055422
8034	80340	0	0	0.0710049295774648	0.0334119826290705	0.0375929469483943
8035	80350	0	0	0.0623091549295775	0.0307759668619888	0.0315331880675886
8036	80360	0	0	0.0555528169014085	0.0272364290577666	0.0283163878436419
8037	80370	0	0	0.0496394366197183	0.0240566486459958	0.0255827879737225
8038	80380	0	0	0.0460457746478873	0.0197928376950276	0.0262529369528597
8039	80390	0	0	0.0420401408450704	0.0135439795847035	0.028496161260367
8040	80400	0	0	0.0384401408450704	0.011920523829773	0.0265196170152974
8041	80410	0	0.03	0.036424647887324	0.0105933809226467	0.0258312669646772
8042	80420	0	0.29	0.0354295774647887	0.0156150817987195	0.0198144956660692
8043	80430	0	0.35	0.0351443661971831	0.0295459152298252	0.00559845096735787
8044	80440	0	0.7	0.0392007042253521	0.0541972509707923	-0.0149965467454401
8045	80450	0.489314148550225	0	0.0431302816901408	0.082955359416596	-0.0398250777264552
8046	80460	0.421885442881778	0	0.0413429577464789	0.0871442514248272	-0.0458012936783483
8047	80470	0.481709351807531	0	0.0373880281690141	0.0834469029812562	-0.0460588748122422
8048	80480	0.42521890712372	0.89	0.0361838028169014	0.084347083727571	-0.0481632809106696
8049	80490	0.372210840952162	0.66	0.0553816901408451	0.1119005264922	-0.0565188363513547
8050	80500	0.373469337795728	0.3	0.0909253521126761	0.143205418167606	-0.05228006605493
8051	80510	0.683523464317231	0.41	0.183954929577465	0.161159857066954	0.0227950725105106
8052	80520	0.138653784671088	0.05	0.267344366197183	0.172491771879549	0.0948525943176342
8053	80530	0.173604012014474	0.1	0.25418661971831	0.169942964349928	0.0842436553683822
8054	80540	0.286973007735917	0	0.220588732394366	0.157544542321057	0.0630441900733095
8055	80550	0.670654090549387	0	0.173528873239437	0.140947447977474	0.0325814252619631
8056	80560	0.936909245581429	0	0.135247183098592	0.122594581653441	0.0126526014451505
8057	80570	0.999990626782508	0	0.111612676056338	0.108220568336956	0.00339210771938193
8058	80580	0.959984531721486	0.78	0.0996654929577466	0.103183224123028	-0.00351773116528162
8059	80590	0	0.43	0.13165985915493	0.123964135498426	0.00769572365650341
8060	80600	0.925984277934867	0.35	0.164465492957747	0.147749984069534	0.0167155088882127
8061	80610	0.819733705900027	0	0.186769014084507	0.162945739590133	0.0238232744943737
8062	80620	0.98473656040687	0.01	0.168851408450704	0.160751634346102	0.00809977410460269
8063	80630	0.987965970231315	0	0.142827464788732	0.144012068450497	-0.00118460366176418
8064	80640	0.975842762011182	0	0.122742253521127	0.123776194522133	-0.00103394100100614
8065	80650	0.995453755618363	0	0.107144366197183	0.102212143549335	0.00493222264784783
8066	80660	0.994434968617332	0	0.0933591549295775	0.0914301879410612	0.0019289669885163
8067	80670	0.9774442978395	0.06	0.0837633802816901	0.0833701363418856	0.000393243939804583
8068	80680	0.909901934057734	0	0.0768359154929578	0.077911895417096	-0.00107597992413824
8069	80690	0.99841234378362	0	0.0703521126760563	0.062332043082231	0.00802006959382531
8070	80700	0.988826387144759	0	0.0651549295774648	0.0494029361066215	0.0157519934708433
8071	80710	0.980130795088213	0	0.0600654929577465	0.0422677191912618	0.0177977737664847
8072	80720	0.925179388924735	0	0.0561866197183099	0.0336996227109794	0.0224869970073305
8073	80730	0.92610958575869	0	0.0516866197183099	0.0293090447666625	0.0223775749516474
8074	80740	0.873087370581055	0	0.0483401408450704	0.0241404732309065	0.0241996676141639
8075	80750	0.919975923043363	0	0.0460838028169014	0.0236747470259429	0.0224090557909585
8076	80760	0.92488924945984	0	0.043193661971831	0.0236116420341884	0.0195820199376426
8077	80770	0.982234505019778	0	0.0408232394366197	0.0234445121512761	0.0173787272853436
8078	80780	0.999026437088497	0.49	0.0393021126760564	0.0269467710878815	0.0123553415881749
8079	80790	0.997059855361268	0.24	0.0421669014084507	0.036030390689733	0.00613651071871768
8080	80800	0.939488206631456	0.03	0.0447084507042254	0.0472702776593182	-0.00256182695509279
8081	80810	0.977501309494369	0.02	0.0448605633802817	0.0483654003931319	-0.00350483701285017
8082	80820	0.979239607414672	0	0.0449429577464789	0.0480542144000168	-0.00311125665353797
8083	80830	0.988629784867601	0	0.0425661971830986	0.0438824099171933	-0.00131621273409467
8084	80840	0.994170689348687	0	0.0406838028169014	0.0383521905202427	0.00233161229665867
8085	80850	0.998498318681449	0	0.0383514084507042	0.0325071095419467	0.00584429890875752
8086	80860	0.994780825828271	0	0.0366971830985916	0.0275371796396374	0.00916000345895414
8087	80870	0.985241779324637	0	0.0350556338028169	0.0242997773310713	0.0107558564717456
8088	80880	0.989437895616164	0	0.0333507042253521	0.0209867620373048	0.0123639421880473
8089	80890	0.981695564148925	0	0.0324380281690141	0.0186673789489354	0.0137706492200787
8090	80900	0.981453604309117	0	0.0307774647887324	0.0165113177050157	0.0142661470837166
8091	80910	0.990131803292706	0	0.0296366197183099	0.0153902739185153	0.0142463457997946
8092	80920	0.987423577261917	0	0.0279316901408451	0.0139154591589882	0.0140162309818569
8093	80930	0.993741456574885	0.44	0.0287683098591549	0.0170224850292542	0.0117458248299007
8094	80940	0.974059280943381	0.01	0.0297253521126761	0.0304784176961102	-0.000753065583434111
8095	80950	0.828235740310557	0	0.0288443661971831	0.0387642096466282	-0.00991984344944515
8096	80960	0.89552509965231	0	0.0283943661971831	0.0392843303307102	-0.0108899641335271
8097	80970	0	0	0.0275197183098592	0.0376841274099778	-0.0101644091001186
8098	80980	0.900908810008049	0	0.027006338028169	0.0333462340688334	-0.00633989604066434
8099	80990	0.983276000764504	0	0.0263978873239437	0.0236631799811035	0.00273470734284014
8100	81000	0.999974778492481	0	0.0255866197183099	0.017379062357115	0.00820755736119488
8101	81010	0.988626808296024	0	0.0252760563380282	0.0144703448507599	0.0108057114872683
8102	81020	0.986877791483815	0	0.0244140845070423	0.0129136708147734	0.0115004136922688
8103	81030	0.995453740176675	0.07	0.023843661971831	0.012231007980149	0.011612653991682
8104	81040	0.998519868096896	0.07	0.0232922535211267	0.0141745686100866	0.00911768491104017
8105	81050	0.998357255130126	0	0.0231211267605634	0.0165329044799952	0.00658822228056818
8106	81060	0.992441469929335	0	0.0226584507042254	0.017420462548974	0.00523798815525136
8107	81070	0.993607780309392	0.36	0.0237802816901409	0.0201927869116197	0.00358749477852112
8108	81080	0	0.87	0.0275767605633803	0.040465179467319	-0.0128884189039387
8109	81090	0	0.18	0.0281725352112676	0.0763829294363367	-0.0482103942250691
8110	81100	0	0.02	0.0281725352112676	0.097492204406647	-0.0693196691953794
8111	81110	0.311473500543819	0	0.0329894366197183	0.0993262378758566	-0.0663368012561383
8112	81120	0.400266158091312	0	0.042743661971831	0.0936695098729068	-0.0509258479010758
8113	81130	0.551096222609256	0	0.0465845070422535	0.0827174962845071	-0.0361329892422536
8114	81140	0	0.02	0.0544183098591549	0.0665047372066352	-0.0120864273474803
8115	81150	0.996918873861741	0.23	0.0674302816901408	0.0591417258369242	0.00828855585321666
8116	81160	0.810552613744152	0	0.0823183098591549	0.0597186737722021	0.0225996360869528
8117	81170	0.73522262101561	0.16	0.0903676056338028	0.0604113894492023	0.0299562161846006
8118	81180	0.744224231340494	0.03	0.091330985915493	0.0613544446369144	0.0299765412785786
8119	81190	0	0	0.0875915492957747	0.06002905232735	0.0275624969684247
8120	81200	0	0.02	0.0807781690140845	0.0557272251289329	0.0250509438851517
8121	81210	0	0.46	0.0813739436619719	0.0573616728731393	0.0240122707888325
8122	81220	0	0.95	0.0871859154929578	0.0777675194468682	0.00941839604608961
8123	81230	0	0.15	0.0982077464788733	0.11353516357691	-0.015327417098037
8124	81240	0	0.02	0.107150704225352	0.130429797702602	-0.0232790934772495
8125	81250	0	0.02	0.102929577464789	0.131084220628003	-0.028154643163214
8126	81260	0	0	0.120961267605634	0.124658863455906	-0.0036975958502721
8127	81270	0	0	0.128680985915493	0.111245244738555	0.0174357411769382
8128	81280	0	0	0.124485211267606	0.0924321313132613	0.0320530799543444
8129	81290	0	0	0.113957746478873	0.0696212202916562	0.0443365261872171
8130	81300	0	0	0.101674647887324	0.0585944643962919	0.0430801834910321
8131	81310	0	0	0.0892204225352113	0.0520767823568901	0.0371436401783211
8132	81320	0	0.02	0.0807401408450704	0.0472114229461355	0.033528717898935
8133	81330	0	0.22	0.0753781690140845	0.0454020879502356	0.0299760810638489
8134	81340	0	0.28	0.0726781690140845	0.0529547583910886	0.0197234106229959
8135	81350	0	0.19	0.0701683098591549	0.065529474946944	0.00463883491221098
8136	81360	0	0	0.0674619718309859	0.0702926168504195	-0.0028306450194336
8137	81370	0	0	0.0626894366197183	0.0688416744461592	-0.00615223782644084
8138	81380	0	0	0.0586774647887324	0.0628949063614044	-0.00421744157267204
8139	81390	0	0.01	0.0543802816901409	0.0597437340635187	-0.00536345237337781
8140	81400	0	0	0.0521112676056338	0.0545055891632218	-0.00239432155758797
8141	81410	0	0	0.0475542253521127	0.0479160863452573	-0.000361860993144642
8142	81420	0	0	0.0452218309859155	0.0370127275004407	0.00820910348547475
8143	81430	0	0	0.0441316901408451	0.0229472858490493	0.0211844042917957
8144	81440	0	0	0.0415584507042254	0.0189477657047916	0.0226106849994338
8145	81450	0	0		0.0165973620018733	
8146	81460	0	0		0.0148109103106708	
8147	81470	0	0.01		0.013586563811204	
8148	81480	0	0		0.0125325890525506	
8149	81490	0	0.05		0.0116811899747371	
8150	81500	0	0		0.0127730867449689	
8151	81510	0	0		0.0137343704606144	
8152	81520	0	0		0.0138146195383178	
8153	81530	0	0		0.0126963113149767	
8154	81540	0	0		0.00897960049006614	
8155	81550	0	0		0.00489194909225816	
8156	81560	0	0		0.00228393570591316	
8157	81570	0	0.01		0.00208519373952957	
8158	81580	0	0		0.00224714569879758	
8159	81590	0	0		0.00220950515426002	
8160	81600	0	0		0.00194913080591056	
8161	81610	0	0		0.00176045909455161	
8162	81620	0	0		0.0016306053177993	
8163	81630	0	0		0.00141118830540705	
8164	81640	0	0		0.00123667615278539	
8165	81650	0	0		0.00107546523342976	
8166	81660	0	0		0.00114187764644987	
8167	81670	0	0.25		0.0038924594778357	
8168	81680	0	0.52		0.0180790911780746	
8169	81690	0	0		0.0400213659848947	
8170	81700	0	0		0.0483429106139586	
8171	81710	0	0		0.0476081302107993	
8172	81720	0	0.05		0.0448839957383485	
8173	81730	0	0.01		0.0409065497068456	
8174	81740	0				
8175	81750	0				
8176	81760	0				
8177	81770	0				
8178	81780	0				
8179	81790	0				
8180	81800	0				
8181	81810	0				
8182	81820	0				
8183	81830	0				
8184	81840	0				
8185	81850	0				
8186	81860	0				
8187	81870	0				
8188	81880	0				
8189	81890	0				
8190	81900	0				
8191	81910	0				
8192	81920	0				
8193	81930	0				
8194	81940	0				
8195	81950	0				
8196	81960	0				
8197	81970	0				
8198	81980	0				
8199	81990	0				
8200	82000	0				
8201	82010	0				
8202	82020	0				
8203	82030	0				
8204	82040	0				
8205	82050	0				
8206	82060	0				
8207	82070	0				
8208	82080	0				
8209	82090	0				
8210	82100	0				
8211	82110	0				
8212	82120	0				
8213	82130	0				
8214	82140	0				
8215	82150	0				
8216	82160	0				
8217	82170	0				
8218	82180	0				
8219	82190	0				
8220	82200	0				
8221	82210	0				
8222	82220	0				
8223	82230	0				
8224	82240	0				
8225	82250	0				
8226	82260	0				
8227	82270	0				
8228	82280	0				
8229	82290	0				
8230	82300	0				
8231	82310	0				
8232	82320	0				
8233	82330	0				
8234	82340	0				
8235	82350	0				
8236	82360	0				
8237	82370	0				
8238	82380	0				
8239	82390	0				
8240	82400	0				
8241	82410	0				
8242	82420	0				
8243	82430	0				
8244	82440	0				
8245	82450	0				
8246	82460	0				
8247	82470	0				
8248	82480	0				
8249	82490	0				
8250	82500	0				
8251	82510	0				
8252	82520	0				
8253	82530	0				
8254	82540	0				
8255	82550	0				
8256	82560	0				
8257	82570	0				
8258	82580	0				
8259	82590	0				
8260	82600	0				
8261	82610	0				
8262	82620	0				
8263	82630	0				
8264	82640	0				
8265	82650	0				
8266	82660	0				
8267	82670	0				
8268	82680	0				
8269	82690	0				
8270	82700	0				
8271	82710	0				
8272	82720	0				
8273	82730	0				
8274	82740	0				
8275	82750	0				
8276	82760	0				
8277	82770	0				
8278	82780	0				
8279	82790	0				
8280	82800	0				
8281	82810	0				
8282	82820	0				
8283	82830	0				
8284	82840	0				
8285	82850	0				
8286	82860	0				
8287	82870	0				
8288	82880	0				
8289	82890	0				
8290	82900	0				
8291	82910	0				
8292	82920	0				
8293	82930	0				
8294	82940	0				
8295	82950	0				
8296	82960	0				
8297	82970	0				
8298	82980	0				
8299	82990	0				
8300	83000	0				
8301	83010	0				
8302	83020	0				
8303	83030	0				
8304	83040	0				
8305	83050	0				
8306	83060	0				
8307	83070	0				
8308	83080	0				
8309	83090	0				
8310	83100	0				
8311	83110	0				
8312	83120	0				
8313	83130	0				
8314	83140	0				
8315	83150	0				
8316	83160	0				
8317	83170	0				
8318	83180	0				
8319	83190	0				
8320	83200	0				
8321	83210	0				
8322	83220	0				
8323	83230	0				
8324	83240	0				
8325	83250	0				
8326	83260	0				
8327	83270	0				
8328	83280	0				
8329	83290	0				
8330	83300	0				
8331	83310	0				
8332	83320	0				
8333	83330	0				
8334	83340	0				
8335	83350	0				
8336	83360	0				
8337	83370	0				
8338	83380	0				
8339	83390	0				
8340	83400	0				
8341	83410	0				
8342	83420	0				
8343	83430	0				
8344	83440	0				
8345	83450	0				
8346	83460	0				
8347	83470	0				
8348	83480	0				
8349	83490	0				
8350	83500	0				
8351	83510	0				
8352	83520	0				
8353	83530	0				
8354	83540	0				
8355	83550	0				
8356	83560	0				
8357	83570	0				
8358	83580	0				
8359	83590	0				
8360	83600	0				
8361	83610	0				
8362	83620	0				
8363	83630	0				
8364	83640	0				
8365	83650	0				
8366	83660	0				
8367	83670	0				
8368	83680	0				
8369	83690	0				
8370	83700	0				
8371	83710	0				
8372	83720	0				
8373	83730	0				
8374	83740	0				
8375	83750	0				
8376	83760	0				
8377	83770	0				
8378	83780	0				
8379	83790	0				
8380	83800	0				
8381	83810	0				
8382	83820	0				
8383	83830	0				
8384	83840	0				
8385	83850	0				
8386	83860	0				
8387	83870	0				
8388	83880	0				
8389	83890	0				
8390	83900	0				
8391	83910	0				
8392	83920	0				
8393	83930	0				
8394	83940	0				
8395	83950	0				
8396	83960	0				
8397	83970	0				
8398	83980	0				
8399	83990	0				
8400	84000	0				
8401	84010	0				
8402	84020	0				
8403	84030	0				
8404	84040	0				
8405	84050	0				
8406	84060	0				
8407	84070	0				
8408	84080	0				
8409	84090	0				
8410	84100	0				
8411	84110	0				
8412	84120	0				
8413	84130	0				
8414	84140	0				
8415	84150	0				
8416	84160	0				
8417	84170	0				
8418	84180	0				
8419	84190	0				
8420	84200	0				
8421	84210	0				
8422	84220	0				
8423	84230	0				
8424	84240	0				
8425	84250	0				
8426	84260	0				
8427	84270	0				
8428	84280	0				
8429	84290	0				
8430	84300	0				
8431	84310	0				
8432	84320	0				
8433	84330	0				
8434	84340	0				
8435	84350	0				
8436	84360	0				
8437	84370	0				
8438	84380	0				
8439	84390	0				
8440	84400	0				
8441	84410	0				
8442	84420	0				
8443	84430	0				
8444	84440	0				
8445	84450	0				
8446	84460	0				
8447	84470	0				
8448	84480	0				
8449	84490	0				
8450	84500	0				
8451	84510	0				
8452	84520	0				
8453	84530	0				
8454	84540	0				
8455	84550	0				
8456	84560	0				
8457	84570	0				
8458	84580	0				
8459	84590	0				
8460	84600	0				
8461	84610	0				
8462	84620	0				
8463	84630	0				
8464	84640	0				
8465	84650	0				
8466	84660	0				
8467	84670	0				
8468	84680	0				
8469	84690	0				
8470	84700	0				
8471	84710	0				
8472	84720	0				
8473	84730	0				
8474	84740	0				
8475	84750	0				
8476	84760	0				
8477	84770	0				
8478	84780	0				
8479	84790	0				
8480	84800	0				
8481	84810	0				
8482	84820	0				
8483	84830	0				
8484	84840	0				
8485	84850	0				
8486	84860	0				
8487	84870	0				
8488	84880	0				
8489	84890	0				
8490	84900	0				
8491	84910	0				
8492	84920	0				
8493	84930	0				
8494	84940	0				
8495	84950	0				
8496	84960	0				
8497	84970	0				
8498	84980	0				
8499	84990	0				
8500	85000	0				
8501	85010	0				
8502	85020	0				
8503	85030	0				
8504	85040	0				
8505	85050	0				
8506	85060	0				
8507	85070	0				
8508	85080	0				
8509	85090	0				
8510	85100	0				
8511	85110	0				
8512	85120	0				
8513	85130	0				
8514	85140	0				
8515	85150	0				
8516	85160	0				
8517	85170	0				
8518	85180	0				
8519	85190	0				
8520	85200	0				
8521	85210	0				
8522	85220	0				
8523	85230	0				
8524	85240	0				
8525	85250	0				
8526	85260	0				
8527	85270	0				
8528	85280	0				
8529	85290	0				
8530	85300	0				
8531	85310	0				
8532	85320	0				
8533	85330	0				
8534	85340	0				
8535	85350	0				
8536	85360	0				
8537	85370	0				
8538	85380	0				
8539	85390	0				
8540	85400	0				
8541	85410	0				
8542	85420	0				
8543	85430	0				
8544	85440	0				
8545	85450	0				
8546	85460	0				
8547	85470	0				
8548	85480	0				
8549	85490	0				
8550	85500	0				
8551	85510	0				
8552	85520	0				
8553	85530	0				
8554	85540	0				
8555	85550	0				
8556	85560	0				
8557	85570	0				
8558	85580	0				
8559	85590	0				
8560	85600	0				
8561	85610	0				
8562	85620	0				
8563	85630	0				
8564	85640	0				
8565	85650	0				
8566	85660	0				
8567	85670	0				
8568	85680	0				
8569	85690	0				
8570	85700	0				
8571	85710	0				
8572	85720	0				
8573	85730	0				
8574	85740	0				
8575	85750	0				
8576	85760	0				
8577	85770	0				
8578	85780	0				
8579	85790	0				
8580	85800	0				
8581	85810	0				
8582	85820	0				
8583	85830	0				
8584	85840	0				
8585	85850	0				
8586	85860	0				
8587	85870	0				
8588	85880	0				
8589	85890	0				
8590	85900	0				
8591	85910	0				
8592	85920	0				
8593	85930	0				
8594	85940	0				
8595	85950	0				
8596	85960	0				
8597	85970	0				
8598	85980	0				
8599	85990	0				
8600	86000	0				
8601	86010	0				
8602	86020	0				
8603	86030	0				
8604	86040	0				
8605	86050	0				
8606	86060	0				
8607	86070	0				
8608	86080	0				
8609	86090	0				
8610	86100	0				
8611	86110	0				
8612	86120	0				
8613	86130	0				
8614	86140	0				
8615	86150	0				
8616	86160	0				
8617	86170	0				
8618	86180	0				
8619	86190	0				
8620	86200	0				
8621	86210	0				
8622	86220	0				
8623	86230	0				
8624	86240	0				
8625	86250	0				
8626	86260	0				
8627	86270	0				
8628	86280	0				
8629	86290	0				
8630	86300	0				
8631	86310	0				
8632	86320	0				
8633	86330	0				
8634	86340	0				
8635	86350	0				
8636	86360	0				
8637	86370	0				
8638	86380	0				
8639	86390	0				
8640	86400	0				
8641	86410	0				
8642	86420	0				
8643	86430	0				
8644	86440	0				
8645	86450	0				
8646	86460	0				
8647	86470	0				
8648	86480	0				
8649	86490	0				
8650	86500	0				
8651	86510	0				
8652	86520	0				
8653	86530	0				
8654	86540	0				
8655	86550	0				
8656	86560	0				
8657	86570	0				
8658	86580	0				
8659	86590	0				
8660	86600	0				
8661	86610	0				
8662	86620	0				
8663	86630	0				
8664	86640	0				
8665	86650	0				
8666	86660	0				
8667	86670	0				
8668	86680	0				
8669	86690	0				
8670	86700	0				
8671	86710	0				
8672	86720	0				
8673	86730	0				
8674	86740	0				
8675	86750	0				
8676	86760	0				
8677	86770	0				
8678	86780	0				
8679	86790	0				
8680	86800	0				
8681	86810	0				
8682	86820	0				
8683	86830	0				
8684	86840	0				
8685	86850	0				
8686	86860	0				
8687	86870	0				
8688	86880	0				
8689	86890	0				
8690	86900	0				
8691	86910	0				
8692	86920	0				
8693	86930	0				
8694	86940	0				
8695	86950	0				
8696	86960	0				
8697	86970	0				
8698	86980	0				
8699	86990	0				
8700	87000	0				
8701	87010	0				
8702	87020	0				
8703	87030	0				
8704	87040	0				
8705	87050	0				
8706	87060	0				
8707	87070	0				
8708	87080	0				
8709	87090	0				
8710	87100	0				
8711	87110	0				
8712	87120	0				
8713	87130	0				
8714	87140	0				
8715	87150	0				
8716	87160	0				
8717	87170	0				
8718	87180	0				
8719	87190	0				
8720	87200	0				
8721	87210	0				
8722	87220	0				
8723	87230	0				
8724	87240	0				
8725	87250	0				
8726	87260	0				
8727	87270	0				
8728	87280	0				
8729	87290	0				
8730	87300	0				
8731	87310	0				
8732	87320	0				
8733	87330	0				
8734	87340	0				
8735	87350	0				
8736	87360	0				
8737	87370	0				
8738	87380	0				
8739	87390	0				
8740	87400	0				
8741	87410	0				
8742	87420	0				
8743	87430	0				
8744	87440	0				
8745	87450	0				
8746	87460	0				
8747	87470	0				
8748	87480	0				
8749	87490	0				
8750	87500	0				
8751	87510	0				
8752	87520	0				
8753	87530	0				
8754	87540	0				
8755	87550	0				
8756	87560	0				
8757	87570	0				
8758	87580	0				
8759	87590	0				
8760	87600	0	0			
8761	87610	0	0			
8762	87620	0	0			
8763	87630	0	0			
8764	87640	0	0			
8765	87650	0	0			
8766	87660	0	0			
8767	87670	0	0.04	0.0705549295774648		
8768	87680	0	0	0.197670422535211		
8769	87690	0	0.07	0.314366197183099		
8770	87700	0	0.07	0.231667605633803		
8771	87710	0	0	0.429338028169014		
8772	87720	0	0	0.322250704225352		
8773	87730	0	0	0.275146478873239		
8774	87740	0	0	0.253318309859155		
8775	87750	0	0	0.270785915492958		
8776	87760	0	0	0.298064788732394		
8777	87770	0	0	0.318295774647887		
8778	87780	0	0	0.576861971830986		
8779	87790	0	0	0.610402816901409		
8780	87800	0	0	0.579878873239437	0.00412970165107781	0.575749171588359
8781	87810	0	0	0.766039436619718	0.0036498525037563	0.762389584115962
8782	87820	0	0.39	0.417498591549296	0.00768958910220512	0.409809002447091
8783	87830	0	0.18	0.325014084507042	0.0227366314473581	0.302277453059684
8784	87840	0	0	0.230856338028169	0.0353294098036133	0.195526928224556
8785	87850	0	0	0.163850704225352	0.0380809837168922	0.12576972050846
8786	87860	0	0.01	0.116391549295775	0.037084760786602	0.0793067885091727
8787	87870	0	0.19	0.0941830985915493	0.0362579962684349	0.0579251023231144
8788	87880	0	0	0.0903802816901409	0.0380401195913847	0.0523401620987561
8789	87890	0	0	0.103385915492958	0.0367674838670714	0.0666184316258863
8790	87900	0	0.01	0.218535211267606	0.0323651520513089	0.186170059216297
8791	87910	0	0.02	0.294414084507042	0.029397873917001	0.265016210590041
8792	87920	0	0	0.223428169014085	0.0269794293977675	0.196448739616317
8793	87930	0	0	0.204845070422535	0.0241201849075335	0.180724885515002
8794	87940	0	0.04	0.322402816901408	0.0214855310487506	0.300917285852658
8795	87950	0	0.26	0.472208450704225	0.023809626507357	0.448398824196868
8796	87960	0	0.79	0.408194366197183	0.0403756718968567	0.367818694300326
8797	87970	0	0.15	0.362002816901409	0.0712678571866016	0.290734959714807
8798	87980	0	0	0.379470422535211	0.087826869795755	0.291643552739456
8799	87990	0	0.02	0.345346478873239	0.0893389276413274	0.256007551231912
8800	88000	0	0	0.301892957746479	0.0857604838539139	0.216132473892565
8801	88010	0	0	0.262876056338028	0.0766342779299978	0.186241778408031
8802	88020	0	0	0.231338028169014	0.0657831767102436	0.16555485145877
8803	88030	0	0	0.221704225352113	0.051697583054517	0.170006642297596
8804	88040	0	0	0.212476056338028	0.0433968981642844	0.169079158173744
8805	88050	0	0	0.203628169014085	0.0390878739836944	0.16454029503039
8806	88060	0	0.04	0.195160563380282	0.035302189117101	0.159858374263181
8807	88070	0	0.01	0.191230985915493	0.0327968961521961	0.158434089763297
8808	88080	0	0	0.18970985915493	0.0287449798523176	0.160964879302612
8809	88090	0	0.01	0.189101408450704	0.0273089081536603	0.161792500297044
8810	88100	0	0.12	0.190901408450704	0.0260856323390269	0.164815776111677
8811	88110	0	0.6	0.192853521126761	0.0338368201286597	0.159016700998101
8812	88120	0	0	0.202715492957747	0.0542835763005411	0.148431916657205
8813	88130	0	0	0.243988732394366	0.0654030705370463	0.17858566185732
8814	88140	0	0	0.275907042253521	0.0646185363479418	0.21128850590558
8815	88150	0	0	0.188087323943662	0.0601895809229688	0.127897743020693
8816	88160	0	0	0.147980281690141	0.0500177393948529	0.097962542295288
8817	88170	0	0	0.130969014084507	0.0347452051959804	0.0962238088885267
8818	88180	0	0	0.123921126760563	0.0276030861361503	0.0963180406244131
8819	88190	0	0	0.122805633802817	0.0238000663656186	0.0990055674371984
8820	88200	0	0	0.118495774647887	0.0213154554384438	0.0971803192094436
8821	88210	0	0	0.103208450704225	0.0188788515245012	0.0843295991797242
8822	88220	0	0	0.100470422535211	0.016797463440632	0.0836729590945794
8823	88230	0	0	0.0894929577464789	0.0151105850634284	0.0743823726830505
8824	88240	0	0.12	0.0860704225352113	0.0157764477497161	0.0702939747854952
8825	88250	0	0.36	0.0918760563380281	0.022121649012481	0.0697544073255471
8826	88260	0	0.44	0.115047887323944	0.0396675724891033	0.0753803148348405
8827	88270	0	0	0.159946478873239	0.0593749012580136	0.100571577615226
8828	88280	0	0.02	0.157233802816901	0.0679211602735082	0.0893126425433932
8829	88290	0	0.08	0.160656338028169	0.0674745771747499	0.0931817608534191
8830	88300	0	0.01	0.151377464788732	0.065031843335725	0.0863456214530073
8831	88310	0	0	0.131678873239437	0.0572929884442959	0.0743858847951407
8832	88320	0	0.01	0.113577464788732	0.0436991147349892	0.0698783500537432
8833	88330	0	0	0.0997098591549297	0.0380003222212223	0.0617095369337073
8834	88340	0	0	0.0904056338028169	0.0335244487993564	0.0568811850034605
8835	88350	0	0	0.0777802816901408	0.0299065336213462	0.0478737480687946
8836	88360	0	0	0.0709098591549296	0.0263349558290493	0.0445749033258803
8837	88370	0	0	0.0620112676056338	0.0234170213520205	0.0385942462536133
8838	88380	0	0.2	0.0568901408450704	0.0235011177763321	0.0333890230687384
8839	88390	0	0	0.0606169014084507	0.0284756465938794	0.0321412548145713
8840	88400	0	0	0.0597295774647888	0.0293706438717432	0.0303589335930456
8841	88410	0	0.17	0.0567633802816902	0.0294140844556904	0.0273492958259998
8842	88420	0	0.38	0.051743661971831	0.0385958265925703	0.0131478353792607
8843	88430	0	0	0.054	0.0535501735243396	0.000449826475660386
8844	88440	0	0	0.058030985915493	0.057690370798512	0.000340615116980997
8845	88450	0	0	0.0549633802816901	0.0530976308858852	0.00186574939580488
8846	88460	0	0	0.0507295774647888	0.0447990496922702	0.00593052777251859
8847	88470	0	0	0.047230985915493	0.0349323637127447	0.0122986222027483
8848	88480	0	0	0.0427183098591549	0.0299194070715525	0.0127989027876024
8849	88490	0	0.02	0.0397521126760563	0.0254102395204255	0.0143418731556308
8850	88500	0	0.86	0.0493352112676056	0.0316309026602322	0.0177043086073734
8851	88510	0	0.07	0.15814647887324	0.0602432602084389	0.0979032186648007
8852	88520	0	0	0.208090140845071	0.0751903381637836	0.132899802681287
8853	88530	0	0.01	0.159515492957747	0.0743008902106989	0.0852146027470476
8854	88540	0	0	0.1296	0.0705757459294511	0.0590242540705492
8855	88550	0	0.09	0.103994366197183	0.0648231115789242	0.039171254618259
8856	88560	0	0.04	0.0865267605633803	0.0596786643990175	0.0268480961643628
8857	88570	0	0	0.0804929577464789	0.0539675488964217	0.0265254088500572
8858	88580	0	0	0.0959323943661972	0.0483926236274218	0.0475397707387755
8859	88590	0	0	0.0939042253521127	0.0435814062847745	0.0503228190673382
8860	88600	0	0	0.0801126760563381	0.0395103022195247	0.0406023738368133
8861	88610	0	0	0.0685267605633803	0.0351962968770762	0.0333304636863041
8862	88620	0	0	0.0586901408450704	0.0289252859333143	0.0297648549117562
8863	88630	0	0.02	0.0507802816901408	0.0230775255310187	0.0277027561591221
8864	88640	0	0.02	0.0465971830985916	0.0213060943355385	0.0252910887630531
8865	88650	0	0.39	0.047230985915493	0.0239999563522355	0.0232310295632575
8866	88660	0	0	0.0523521126760563	0.0353482870149707	0.0170038256610857
8867	88670	0	0	0.0528718309859155	0.0432431126304895	0.00962871835542602
8868	88680	0	0	0.0491323943661972	0.0429326964977042	0.00619969786849298
8869	88690	0	0	0.0464197183098592	0.0405360117537809	0.00588370655607821
8870	88700	0	0	0.0433394366197183	0.035186777507181	0.00815265911253735
8871	88710	0	0	0.0411971830985916	0.0214289335899241	0.0197682495086675
8872	88720	0	0	0.0383577464788732	0.0175856439452524	0.0207721025336208
8873	88730	0	0	0.034174647887324	0.0153572538429592	0.0188173940443648
8874	88740	0	0	0.0330718309859155	0.0139197372750826	0.0191520937108328
8875	88750	0	0	0.0297633802816902	0.0123357847550422	0.017427595526648
8876	88760	0	0	0.0286732394366197	0.0100779182586535	0.0185953211779662
8877	88770	0	0	0.0268859154929577	0.0084781313734846	0.0184077841194731
8878	88780	0	0	0.0252633802816901	0.00813143239133241	0.0171319478903577
8879	88790	0	0	0.0247183098591549	0.00709932145960656	0.0176189883995484
8880	88800	0	0.01	0.0228422535211267	0.0062777808328043	0.0165644726883224
8881	88810	0	0	0.0226014084507042	0.00583857862311388	0.0167628298275903
8882	88820	0	0.28	0.022487323943662	0.0099409022267567	0.0125464217169053
8883	88830	0	0.03	0.0226901408450704	0.0197811042460126	0.00290903659905784
8884	88840	0	1.35	0.0240084507042254	0.0401204559467575	-0.0161120052425322
8885	88850	0	0.3	0.0390042253521127	0.0890916221736938	-0.0500873968215811
8886	88860	0	0.02	0.118483098591549	0.117341771527089	0.00114132706446
8887	88870	0	0	0.153405633802817	0.120873395319016	0.0325322384838006
8888	88880	0	0.02	0.146230985915493	0.115300014124281	0.0309309717912121
8889	88890	0	0.02	0.124783098591549	0.1030461453731	0.0217369532184493
8890	88900	0	0	0.101611267605634	0.0895178923812048	0.012093375224429
8891	88910	0	0.61	0.102308450704225	0.0830134206957898	0.0192950300084355
8892	88920	0	0.83	0.255105633802817	0.102151878208649	0.152953755594168
8893	88930	0	0.12	0.419032394366197	0.135555271433317	0.28347712293288
8894	88940	0	0.03	0.396697183098592	0.147639141427464	0.249058041671127
8895	88950	0	0	0.30940985915493	0.143700989067768	0.165708870087162
8896	88960	0	0	0.244660563380282	0.131877114754817	0.112783448625465
8897	88970	0	0	0.193981690140845	0.11805544271379	0.0759262474270545
8898	88980	0	0.01	0.153101408450704	0.101855000640805	0.0512464078098987
8899	88990	0	0	0.123325352112676	0.0877981777848591	0.035527174327817
8900	89000	0	0.04	0.102321126760564	0.0772240704976642	0.0250970562628993
8901	89010	0	0.3	0.0892774647887324	0.0783717884086453	0.0109056763800871
8902	89020	0	0.34	0.0903676056338028	0.0881481272279722	0.00221947840583066
8903	89030	0	0	0.0965788732394366	0.095885301646823	0.000693571592613601
8904	89040	0	0	0.0942464788732394	0.0952462714954886	-0.000999792622249196
8905	89050	0	0	0.0884281690140845	0.0752659852053737	0.0131621838087109
8906	89060	0	0	0.0789591549295775	0.0646327016345259	0.0143264532950516
8907	89070	0	0	0.0702760563380282	0.0556334153300321	0.0146426410079961
8908	89080	0	0.43	0.0642295774647887	0.0543960605097985	0.00983351695499023
8909	89090	0	0.99	0.091812676056338	0.0769185430386523	0.0148941330176857
8910	89100	0	0.2	0.29860985915493	0.116874385038527	0.181735474116403
8911	89110	0	0	0.295719718309859	0.136838577486053	0.158881140823806
8912	89120	0	0	0.24473661971831	0.128219656559664	0.116516963158646
8913	89130	0	0.04	0.192625352112676	0.111035101648024	0.0815902504646526
8914	89140	0	0.25	0.156245070422535	0.101315904030104	0.0549291663924309
8915	89150	0	0.02	0.159959154929577	0.0969941509470327	0.0629650039825446
8916	89160	0	0	0.156549295774648	0.0889143615958414	0.0676349341788066
8917	89170	0	0.02	0.14020985915493	0.079733854954998	0.0604760041999316
8918	89180	0	0.12	0.127280281690141	0.0753031728138371	0.0519771088763038
8919	89190	0	0.01	0.122754929577465	0.0732094240042602	0.0495455055732045
8920	89200	0	0.15	0.120714084507042	0.0700297683477297	0.0506843161593126
8921	89210	0.454457455022688	0.01	0.124618309859155	0.0682620438873648	0.0563562659717901
8922	89220	0.45434507367036	0	0.119243661971831	0.0626915272278266	0.0565521347440044
8923	89230	0.446603413004308	0	0.106402816901409	0.0533000152947495	0.0531028016066591
8924	89240	0.480602621139722	0	0.098594366197183	0.0469934557114629	0.0516009104857201
8925	89250	0.593085786496242	0	0.0844225352112676	0.0422323034766632	0.0421902317346044
8926	89260	0.737518513734161	0	0.0754985915492958	0.0410486606549305	0.0344499308943653
8927	89270	0.851655152896607	0	0.0659408450704225	0.0390820054585436	0.026858839611879
8928	89280	0.930613578769291	0	0.0596915492957746	0.0353495226099622	0.0243420266858125
8929	89290	0.872721694062381	0	0.0542154929577465	0.0266997319800784	0.0275157609776681
8930	89300	0.721579296955567	0	0.0484859154929578	0.0133751341188982	0.0351107813740596
8931	89310	0.732818334966186	0.05	0.0458239436619719	0.0114774439301021	0.0343464997318698
8932	89320	0.798887550163927	0.22	0.0436816901408451	0.0148703759095249	0.0288113142313202
8933	89330	0.950492132498926	0	0.0409183098591549	0.0224834279411799	0.0184348819179751
8934	89340	0.982093512537204	0	0.0388521126760563	0.0247093319629161	0.0141427807131403
8935	89350	0.956066413277546	0	0.0365197183098591	0.021444659474737	0.0150750588351221
8936	89360	0.956205865695395	0	0.0353408450704225	0.0199034661398635	0.015437378930559
8937	89370	0.978324006063432	0.12	0.0330211267605634	0.0193884757206342	0.0136326510399292
8938	89380	0.986908958044092	0.01	0.0333507042253521	0.0210708538171894	0.0122798504081627
8939	89390	0.993488932779409	0	0.0319183098591549	0.0199816593717498	0.0119366504874051
8940	89400	0.981951050773135	0	0.0303211267605634	0.0183786608933023	0.0119424658672611
8941	89410	0.970548579897652	0	0.0295859154929578	0.0154819254500407	0.0141039900429171
8942	89420	0.977930445533534	0.08	0.028330985915493	0.0144932059710152	0.0138377799444778
8943	89430	0.98709401029101	0	0.0277352112676057	0.0154848757933057	0.0122503354743
8944	89440	0.998766996986065	0.16	0.0268732394366197	0.0170307497788289	0.0098424896577908
8945	89450	0.99892175354302	0	0.0269492957746479	0.0214890082400168	0.00546028753463109
8946	89460	0.991922827625587	0	0.0266197183098592	0.0229657822424494	0.0036539360674098
8947	89470	0.997941048183865	0.01	0.0258084507042254	0.0214253205846336	0.00438313011959179
8948	89480	0.998529146244514	0.03	0.0257323943661972	0.0203273023207751	0.0054050920454221
8949	89490	0.993053930768952	0.25	0.0264422535211268	0.0226392067931197	0.00380304672800711
8950	89500	0.967372177890818	0.23	0.031043661971831	0.0324372136717239	-0.00139355169989287
8951	89510	0.916801828711662	0	0.0374957746478873	0.0425444262830983	-0.00504865163521099
8952	89520	0.944224594790052	0	0.039118309859155	0.0438721142292007	-0.00475380437004579
8953	89530	0.94460732532186	0.79	0.0406521126760564	0.0482081164787403	-0.0075560038026839
8954	89540	0.763042750504745	0.14	0.0521492957746479	0.0734793403646634	-0.0213300445900155
8955	89550	0.673462525577232	0	0.0634943661971831	0.0874363370958596	-0.0239419708986765
8956	89560	0.810109971694443	0.02	0.0650915492957746	0.085413355132573	-0.0203218058367984
8957	89570	0.821190551558495	0.11	0.0639	0.0814001223607331	-0.0175001223607331
8958	89580	0.945749695881383	0.03	0.065218309859155	0.075526233449399	-0.010307923590244
8959	89590	0.943134883693511	0.03	0.0649014084507042	0.0696915854282881	-0.00479017697758384
8960	89600	0.981739573559411	0	0.0632028169014085	0.0622475104657031	0.000955306435705336
8961	89610	0.999996079408304	0.26	0.0629112676056338	0.0586854973561533	0.00422577024948052
8962	89620	0.97756752490084	0.19	0.0741802816901409	0.0645571195544166	0.0096231621357242
8963	89630	0.890547496310474	0.09	0.0939169014084507	0.0703129568058058	0.023603944602645
8964	89640	0	0	0.105857746478873	0.0711344501638428	0.0347232963150304
8965	89650	0	0.24	0.105287323943662	0.0680856998339106	0.0372016241097512
8966	89660	0	0.01	0.10806338028169	0.0723144613915386	0.0357489188901517
8967	89670	0	0.28	0.108012676056338	0.074012714385733	0.0339999616706049
8968	89680	0	0.2	0.100064788732394	0.0787189021380524	0.0213458865943421
8969	89690	0	0.06	0.103385915492958	0.0832991171961814	0.0200867982967762
8970	89700	0.802219567053301	0.12	0.108735211267606	0.0835422094416759	0.0251930018259298
8971	89710	0	0	0.0955014084507042	0.0812314119096697	0.0142699965410345
8972	89720	0.986759344234236	0	0.0885422535211268	0.0761232702565389	0.0124189832645879
8973	89730	0	0	0.098518309859155	0.0674643786836012	0.0310539311755538
8974	89740	0	0.02	0.101015492957747	0.0521665268224994	0.0488489661352472
8975	89750	0	0	0.0937394366197183	0.0449611683359867	0.0487782682837316
8976	89760	0	0.04	0.086856338028169	0.0405554370152336	0.0463009010129355
8977	89770	0	0	0.0791366197183099	0.0368201814361384	0.0423164382821715
8978	89780	0	0	0.0754859154929577	0.0335697032258741	0.0419162122670837
8979	89790	0	0.01	0.0715816901408451	0.0308810035503751	0.04070068659047
8980	89800	0	0	0.0677915492957747	0.0286856115670298	0.0391059377287449
8981	89810	0	0	0.0663211267605634	0.0259428626286681	0.0403782641318952
8982	89820	0.633720987345121	0	0.0630507042253521	0.0210108513444591	0.042039852880893
8983	89830	0	0	0.057574647887324	0.0169603101274629	0.0406143377598611
8984	89840	0.668332741346417	0	0.0542408450704226	0.015068313065767	0.0391725320046556
8985	89850	0.704299760262557	0	0.0504380281690141	0.0143655878219296	0.0360724403470844
8986	89860	0.69628502653674	0	0.0477760563380282	0.0109082390402268	0.0368678172978013
8987	89870	0.739608986572302	0.01	0.0451774647887324	0.0102891388898045	0.0348883258989279
8988	89880	0	0.01	0.0429211267605634	0.00686043260691457	0.0360606941536488
8989	89890	0.691190769305691	0	0.0416915492957746	0.00471687835699335	0.0369746709387813
8990	89900	0.691185624052527	0	0.0402338028169014	0.00379986681002364	0.0364339360068778
8991	89910	0	0.02		0.00251141118092952	
8992	89920	0	0		0.00300258744778785	
8993	89930	0	0.17		0.00514241009770633	
8994	89940	0	0.23		0.0133143952830861	
8995	89950	0	0		0.0236180106930792	
8996	89960	0	0.02		0.0274961997586578	
8997	89970	0	0		0.0270189582568732	
8998	89980	0	0		0.0252616830940151	
8999	89990	0	0.03		0.0223964635811712	
9000	90000	0	0.62		0.0270404127283673	
9001	90010	0	0		0.0458142716583636	
9002	90020	0	0.06		0.0551033697188857	
9003	90030	0	0.32		0.0591545167136511	
9004	90040	0	0.32		0.0714580885609427	
9005	90050	0	0.19		0.0840248979534774	
9006	90060	0	0		0.0899311394837125	
9007	90070	0	0		0.0863222402958998	
9008	90080	0	0		0.0779694382742621	
9009	90090	0	0		0.069232068608146	
9010	90100	0	0		0.0602873906445192	
9011	90110	0	0		0.0530557943401432	
9012	90120	0	0.02		0.0467986139159295	
9013	90130	0	0.01		0.0434698143032525	
9014	90140	0	0		0.0375430008612755	
9015	90150	0	0		0.031048944718965	
9016	90160	0	0		0.0279651688568913	
9017	90170	0	0		0.0271976638234707	
9018	90180	0	0		0.0251400663459601	
9019	90190	0	0		0.0225557321156177	
9020	90200	0	0		0.0204124026793917	
9021	90210	0	0		0.0132532556911522	
9022	90220	0	0.01		0.0132752014326901	
9023	90230	0	0		0.011963802727436	
9024	90240	0	0		0.00756234646323529	
9025	90250	0	0		0.00343051803846214	
9026	90260	0	0		0.00112679301717149	
9027	90270	0	0.48		0.00636264968339391	
9028	90280	0				
9029	90290	0				
9030	90300	0				
9031	90310	0				
9032	90320	0				
9033	90330	0				
9034	90340	0				
9035	90350	0				
9036	90360	0				
9037	90370	0				
9038	90380	0				
9039	90390	0				
9040	90400	0				
9041	90410	0				
9042	90420	0				
9043	90430	0				
9044	90440	0				
9045	90450	0				
9046	90460	0				
9047	90470	0				
9048	90480	0				
9049	90490	0				
9050	90500	0				
9051	90510	0				
9052	90520	0				
9053	90530	0				
9054	90540	0				
9055	90550	0				
9056	90560	0				
9057	90570	0				
9058	90580	0				
9059	90590	0				
9060	90600	0				
9061	90610	0				
9062	90620	0				
9063	90630	0				
9064	90640	0				
9065	90650	0				
9066	90660	0				
9067	90670	0				
9068	90680	0				
9069	90690	0				
9070	90700	0				
9071	90710	0				
9072	90720	0				
9073	90730	0				
9074	90740	0				
9075	90750	0				
9076	90760	0				
9077	90770	0				
9078	90780	0				
9079	90790	0				
9080	90800	0				
9081	90810	0				
9082	90820	0				
9083	90830	0				
9084	90840	0				
9085	90850	0				
9086	90860	0				
9087	90870	0				
9088	90880	0				
9089	90890	0				
9090	90900	0				
9091	90910	0				
9092	90920	0				
9093	90930	0				
9094	90940	0				
9095	90950	0				
9096	90960	0				
9097	90970	0				
9098	90980	0				
9099	90990	0				
9100	91000	0				
9101	91010	0				
9102	91020	0				
9103	91030	0				
9104	91040	0				
9105	91050	0				
9106	91060	0				
9107	91070	0				
9108	91080	0				
9109	91090	0				
9110	91100	0				
9111	91110	0				
9112	91120	0				
9113	91130	0				
9114	91140	0				
9115	91150	0				
9116	91160	0				
9117	91170	0				
9118	91180	0				
9119	91190	0				
9120	91200	0				
9121	91210	0				
9122	91220	0				
9123	91230	0				
9124	91240	0				
9125	91250	0				
9126	91260	0				
9127	91270	0				
9128	91280	0				
9129	91290	0				
9130	91300	0				
9131	91310	0				
9132	91320	0				
9133	91330	0				
9134	91340	0				
9135	91350	0				
9136	91360	0				
9137	91370	0				
9138	91380	0				
9139	91390	0				
9140	91400	0				
9141	91410	0				
9142	91420	0				
9143	91430	0				
9144	91440	0				
9145	91450	0				
9146	91460	0				
9147	91470	0				
9148	91480	0				
9149	91490	0				
9150	91500	0				
9151	91510	0				
9152	91520	0				
9153	91530	0				
9154	91540	0				
9155	91550	0				
9156	91560	0				
9157	91570	0				
9158	91580	0				
9159	91590	0				
9160	91600	0				
9161	91610	0				
9162	91620	0				
9163	91630	0				
9164	91640	0				
9165	91650	0				
9166	91660	0				
9167	91670	0				
9168	91680	0				
9169	91690	0				
9170	91700	0				
9171	91710	0				
9172	91720	0				
9173	91730	0				
9174	91740	0				
9175	91750	0				
9176	91760	0				
9177	91770	0				
9178	91780	0				
9179	91790	0				
9180	91800	0				
9181	91810	0				
9182	91820	0				
9183	91830	0				
9184	91840	0				
9185	91850	0				
9186	91860	0				
9187	91870	0				
9188	91880	0				
9189	91890	0				
9190	91900	0				
9191	91910	0				
9192	91920	0				
9193	91930	0				
9194	91940	0				
9195	91950	0				
9196	91960	0				
9197	91970	0				
9198	91980	0				
9199	91990	0				
9200	92000	0				
9201	92010	0				
9202	92020	0				
9203	92030	0				
9204	92040	0				
9205	92050	0				
9206	92060	0				
9207	92070	0				
9208	92080	0				
9209	92090	0				
9210	92100	0				
9211	92110	0				
9212	92120	0				
9213	92130	0				
9214	92140	0				
9215	92150	0				
9216	92160	0				
9217	92170	0				
9218	92180	0				
9219	92190	0				
9220	92200	0				
9221	92210	0				
9222	92220	0				
9223	92230	0				
9224	92240	0				
9225	92250	0				
9226	92260	0				
9227	92270	0				
9228	92280	0				
9229	92290	0				
9230	92300	0				
9231	92310	0				
9232	92320	0				
9233	92330	0				
9234	92340	0				
9235	92350	0				
9236	92360	0				
9237	92370	0				
9238	92380	0				
9239	92390	0				
9240	92400	0				
9241	92410	0				
9242	92420	0				
9243	92430	0				
9244	92440	0				
9245	92450	0				
9246	92460	0				
9247	92470	0				
9248	92480	0				
9249	92490	0				
9250	92500	0				
9251	92510	0				
9252	92520	0				
9253	92530	0				
9254	92540	0				
9255	92550	0				
9256	92560	0				
9257	92570	0				
9258	92580	0				
9259	92590	0				
9260	92600	0				
9261	92610	0				
9262	92620	0				
9263	92630	0				
9264	92640	0				
9265	92650	0				
9266	92660	0				
9267	92670	0				
9268	92680	0				
9269	92690	0				
9270	92700	0				
9271	92710	0				
9272	92720	0				
9273	92730	0				
9274	92740	0				
9275	92750	0				
9276	92760	0				
9277	92770	0				
9278	92780	0				
9279	92790	0				
9280	92800	0				
9281	92810	0				
9282	92820	0				
9283	92830	0				
9284	92840	0				
9285	92850	0				
9286	92860	0				
9287	92870	0				
9288	92880	0				
9289	92890	0				
9290	92900	0				
9291	92910	0				
9292	92920	0				
9293	92930	0				
9294	92940	0				
9295	92950	0				
9296	92960	0				
9297	92970	0				
9298	92980	0				
9299	92990	0				
9300	93000	0				
9301	93010	0				
9302	93020	0				
9303	93030	0				
9304	93040	0				
9305	93050	0				
9306	93060	0				
9307	93070	0				
9308	93080	0				
9309	93090	0				
9310	93100	0				
9311	93110	0				
9312	93120	0				
9313	93130	0				
9314	93140	0				
9315	93150	0				
9316	93160	0				
9317	93170	0				
9318	93180	0				
9319	93190	0				
9320	93200	0				
9321	93210	0				
9322	93220	0				
9323	93230	0				
9324	93240	0				
9325	93250	0				
9326	93260	0				
9327	93270	0				
9328	93280	0				
9329	93290	0				
9330	93300	0				
9331	93310	0				
9332	93320	0				
9333	93330	0				
9334	93340	0				
9335	93350	0				
9336	93360	0				
9337	93370	0				
9338	93380	0				
9339	93390	0				
9340	93400	0				
9341	93410	0				
9342	93420	0				
9343	93430	0				
9344	93440	0				
9345	93450	0				
9346	93460	0				
9347	93470	0				
9348	93480	0				
9349	93490	0				
9350	93500	0				
9351	93510	0				
9352	93520	0				
9353	93530	0				
9354	93540	0				
9355	93550	0				
9356	93560	0				
9357	93570	0				
9358	93580	0				
9359	93590	0				
9360	93600	0				
9361	93610	0				
9362	93620	0				
9363	93630	0				
9364	93640	0				
9365	93650	0				
9366	93660	0				
9367	93670	0				
9368	93680	0				
9369	93690	0				
9370	93700	0				
9371	93710	0				
9372	93720	0				
9373	93730	0				
9374	93740	0				
9375	93750	0				
9376	93760	0				
9377	93770	0				
9378	93780	0				
9379	93790	0				
9380	93800	0				
9381	93810	0				
9382	93820	0				
9383	93830	0				
9384	93840	0				
9385	93850	0				
9386	93860	0				
9387	93870	0				
9388	93880	0				
9389	93890	0				
9390	93900	0				
9391	93910	0				
9392	93920	0				
9393	93930	0				
9394	93940	0				
9395	93950	0				
9396	93960	0				
9397	93970	0				
9398	93980	0				
9399	93990	0				
9400	94000	0				
9401	94010	0				
9402	94020	0				
9403	94030	0				
9404	94040	0				
9405	94050	0				
9406	94060	0				
9407	94070	0				
9408	94080	0				
9409	94090	0				
9410	94100	0				
9411	94110	0				
9412	94120	0				
9413	94130	0				
9414	94140	0				
9415	94150	0				
9416	94160	0				
9417	94170	0				
9418	94180	0				
9419	94190	0				
9420	94200	0				
9421	94210	0				
9422	94220	0				
9423	94230	0				
9424	94240	0				
9425	94250	0				
9426	94260	0				
9427	94270	0				
9428	94280	0				
9429	94290	0				
9430	94300	0				
9431	94310	0				
9432	94320	0				
9433	94330	0				
9434	94340	0				
9435	94350	0				
9436	94360	0				
9437	94370	0				
9438	94380	0				
9439	94390	0				
9440	94400	0				
9441	94410	0				
9442	94420	0				
9443	94430	0				
9444	94440	0				
9445	94450	0				
9446	94460	0				
9447	94470	0				
9448	94480	0				
9449	94490	0				
9450	94500	0				
9451	94510	0				
9452	94520	0				
9453	94530	0				
9454	94540	0				
9455	94550	0				
9456	94560	0				
9457	94570	0				
9458	94580	0				
9459	94590	0				
9460	94600	0				
9461	94610	0				
9462	94620	0				
9463	94630	0				
9464	94640	0				
9465	94650	0				
9466	94660	0				
9467	94670	0				
9468	94680	0				
9469	94690	0				
9470	94700	0				
9471	94710	0				
9472	94720	0				
9473	94730	0				
9474	94740	0				
9475	94750	0				
9476	94760	0				
9477	94770	0				
9478	94780	0				
9479	94790	0				
9480	94800	0				
9481	94810	0				
9482	94820	0				
9483	94830	0				
9484	94840	0				
9485	94850	0				
9486	94860	0				
9487	94870	0				
9488	94880	0				
9489	94890	0				
9490	94900	0				
9491	94910	0				
9492	94920	0				
9493	94930	0				
9494	94940	0				
9495	94950	0				
9496	94960	0				
9497	94970	0				
9498	94980	0				
9499	94990	0				
9500	95000	0				
9501	95010	0				
9502	95020	0				
9503	95030	0				
9504	95040	0				
9505	95050	0				
9506	95060	0				
9507	95070	0				
9508	95080	0				
9509	95090	0				
9510	95100	0				
9511	95110	0				
9512	95120	0				
9513	95130	0				
9514	95140	0				
9515	95150	0				
9516	95160	0				
9517	95170	0				
9518	95180	0				
9519	95190	0				
9520	95200	0				
9521	95210	0				
9522	95220	0				
9523	95230	0				
9524	95240	0				
9525	95250	0				
9526	95260	0				
9527	95270	0				
9528	95280	0				
9529	95290	0				
9530	95300	0				
9531	95310	0				
9532	95320	0				
9533	95330	0				
9534	95340	0				
9535	95350	0				
9536	95360	0				
9537	95370	0				
9538	95380	0				
9539	95390	0				
9540	95400	0				
9541	95410	0				
9542	95420	0				
9543	95430	0				
9544	95440	0				
9545	95450	0				
9546	95460	0				
9547	95470	0				
9548	95480	0				
9549	95490	0				
9550	95500	0				
9551	95510	0				
9552	95520	0				
9553	95530	0				
9554	95540	0				
9555	95550	0				
9556	95560	0				
9557	95570	0				
9558	95580	0				
9559	95590	0				
9560	95600	0				
9561	95610	0				
9562	95620	0				
9563	95630	0				
9564	95640	0				
9565	95650	0				
9566	95660	0				
9567	95670	0				
9568	95680	0				
9569	95690	0				
9570	95700	0				
9571	95710	0				
9572	95720	0				
9573	95730	0				
9574	95740	0				
9575	95750	0				
9576	95760	0				
9577	95770	0				
9578	95780	0				
9579	95790	0				
9580	95800	0				
9581	95810	0				
9582	95820	0				
9583	95830	0				
9584	95840	0				
9585	95850	0				
9586	95860	0				
9587	95870	0				
9588	95880	0				
9589	95890	0				
9590	95900	0				
9591	95910	0				
9592	95920	0				
9593	95930	0				
9594	95940	0				
9595	95950	0				
9596	95960	0				
9597	95970	0				
9598	95980	0				
9599	95990	0				
9600	96000	0				
9601	96010	0				
9602	96020	0		0.00363802816901409		
9603	96030	0		0.00410070422535211		
9604	96040	0		0.00590704225352113		
9605	96050	0		0.0059387323943662		
9606	96060	0		0.00572323943661972		
9607	96070	0		0.00550140845070422		
9608	96080	0		0.00594507042253521		
9609	96090	0		0.00741549295774648		
9610	96100	0		0.00823943661971831		
9611	96110	0		0.00992535211267606		
9612	96120	0		0.017106338028169		
9613	96130	0		0.0268288732394366		
9614	96140	0		0.0312781690140845		
9615	96150	0		0.0342507042253521		
9616	96160	0		0.0523838028169014		
9617	96170	0		0.0212260563380282		
9618	96180	0		0.00515281690140845		
9619	96190	0		0.00472183098591549		
9620	96200	0		0.0086830985915493		
9621	96210	0		0.0321211267605634		
9622	96220	0		0.0259352112676056		
9623	96230	0		0.0322922535211268		
9624	96240	0		0.0294338028169014		
9625	96250	0		0.0246612676056338		
9626	96260	0		0.0209408450704225		
9627	96270	0		0.0181330985915493		
9628	96280	0		0.0164091549295775		
9629	96290	0		0.0144		
9630	96300	0		0.015306338028169		
9631	96310	0		0.0143366197183099		
9632	96320	0		0.0131323943661972		
9633	96330	0		0.0128978873239437		
9634	96340	0		0.0106225352112676		
9635	96350	0		0.00998873239436619		
9636	96360	0		0.0090887323943662		
9637	96370	0		0.0119471830985916		
9638	96380	0		0.0162887323943662		
9639	96390	0	0	0.0224049295774648		
9640	96400	0	0.06	0.029680985915493		
9641	96410	0	0	0.0473070422535211		
9642	96420	0	0	0.214979577464789		
9643	96430	0	0.03	0.282314788732394		
9644	96440	0	0	0.428907042253521		
9645	96450	0	0	0.669714084507042		
9646	96460	0	0	0.638759154929578		
9647	96470	0	0	0.963868309859155		
9648	96480	0	0	0.75902323943662		
9649	96490	0	0.03	0.553297183098592		
9650	96500	0	0.61	0.581279577464789		
9651	96510	0	0.23	0.672997183098592		
9652	96520	0	0.06	0.875332394366197		
9653	96530	0	0.06	0.652943661971831		
9654	96540	0	0.02	0.445747183098591		
9655	96550	0	0	0.36964014084507		
9656	96560	0	0	0.281104225352113		
9657	96570	0	0	0.452383098591549		
9658	96580	0	0	0.377619718309859		
9659	96590	0	0	0.385916197183099	0.0326070000963625	0.353309197086736
9660	96600	0	0.53	0.430219014084507	0.0348200156367631	0.395398998447744
9661	96610	0	0.02	0.476892253521127	0.049296781805832	0.427595471715295
9662	96620	0	0.03	0.512429577464789	0.0565879109127159	0.455841666552073
9663	96630	0	0.08	0.427531690140845	0.0572542203635297	0.370277469777315
9664	96640	0	0.14	0.362452816901408	0.0581910150473491	0.304261801854059
9665	96650	0	0.95	0.328354225352113	0.0686956609799648	0.259658564372148
9666	96660	0	0	0.333171126760563	0.0972065462373244	0.235964580523239
9667	96670	0	0	0.31519014084507	0.109382757966387	0.205807382878684
9668	96680	0	0	0.266590140845071	0.105143860490538	0.161446280354533
9669	96690	0	0	0.218395774647887	0.0984110309377013	0.119984743710186
9670	96700	0	0.01	0.193911971830986	0.086277180699779	0.107634791131207
9671	96710	0	0.19	0.201485915492958	0.0707129512066109	0.130772964286347
9672	96720	0	0.39	0.205726056338028	0.0690968164456026	0.136629239892426
9673	96730	0	0	0.224714788732394	0.078434371089806	0.146280417642588
9674	96740	0	0.26	0.294642253521127	0.0824805570257727	0.212161696495354
9675	96750	0	0.14	0.368721126760563	0.0870441624829981	0.281676964277565
9676	96760	0	0	0.401989436619718	0.0894849033937017	0.312504533226016
9677	96770	0	0	0.415609859154929	0.085538956218044	0.330070902936885
9678	96780	0	0	0.383609154929577	0.0791301736344082	0.304478981295169
9679	96790	0	0	0.331117605633803	0.0696089902803672	0.261508615353436
9680	96800	0	0	0.280793661971831	0.0604184470945044	0.220375214877327
9681	96810	0	0	0.240819718309859	0.0476207854209693	0.19319893288889
9682	96820	0	0	0.204705633802817	0.0449053825503693	0.159800251252448
9683	96830	0	0	0.175385915492958	0.0411447976385575	0.1342411178544
9684	96840	0	0	0.149666197183099	0.0366758090021804	0.112990388180918
9685	96850	0	0	0.128326056338028	0.0313929257848377	0.0969331305531905
9686	96860	0	0	0.109755633802817	0.0177704282047724	0.0919852055980446
9687	96870	0	0	0.0920788732394366	0.0159063264057639	0.0761725468336727
9688	96880	0	0	0.0837	0.0147602107936861	0.0689397892063139
9689	96890	0	0	0.0751880281690141	0.014595412685491	0.0605926154835231
9690	96900	0	0.34	0.0717084507042254	0.0173348674217205	0.0543735832825049
9691	96910	0	0.02	0.106611971830986	0.0286251431250093	0.0779868287059767
9692	96920	0	0.13	0.198038028169014	0.0339484685708331	0.164089559598181
9693	96930	0	0.32	0.208311971830986	0.0375176830261648	0.170794288804821
9694	96940	0	0.09	0.19240985915493	0.0501706498576179	0.142239209297312
9695	96950	0	0.04	0.168433098591549	0.0533192451680318	0.115113853423518
9696	96960	0	0	0.146142253521127	0.0514371185179276	0.0947051350031992
9697	96970	0	0	0.12612676056338	0.0475611879921671	0.0785655725712131
9698	96980	0	0	0.106884507042254	0.0419026700169965	0.064981837025257
9699	96990	0	0	0.0925985915492958	0.03657394243217	0.0560246491171258
9700	97000	0	0	0.0840802816901409	0.0312684161048777	0.0528118655852632
9701	97010	0	0.12	0.081424647887324	0.0284767181084832	0.0529479297788407
9702	97020	0	0.02	0.0893598591549296	0.0296640316677967	0.0596958274871329
9703	97030	0	0	0.0834401408450704	0.0302516647605001	0.0531884760845704
9704	97040	0	0	0.0784521126760563	0.0281142560036617	0.0503378566723947
9705	97050	0	0	0.0738507042253521	0.0255861830018695	0.0482645212234826
9706	97060	0	0	0.0695852112676056	0.0230057662180502	0.0465794450495554
9707	97070	0	0	0.0669169014084507	0.021338757942155	0.0455781434662957
9708	97080	0	0	0.0649711267605634	0.0190260042670528	0.0459451224935105
9709	97090	0	0.38	0.0667901408450704	0.0214626180677973	0.0453275227772732
9710	97100	0	0.04	0.0971366197183099	0.0341732511507132	0.0629633685675968
9711	97110	0	0.07	0.106282394366197	0.038369861552744	0.0679125328134533
9712	97120	0	0.26	0.111035915492958	0.0432853628129707	0.067750552679987
9713	97130	0	0.09	0.120644366197183	0.0507748057455991	0.0698695604515841
9714	97140	0	0.05	0.110788732394366	0.0518835526064519	0.0589051797879143
9715	97150	0	0.06	0.104247887323944	0.0509332715321371	0.0533146157918068
9716	97160	0	0	0.0948485915492958	0.0486247668163855	0.0462238247329103
9717	97170	0	0	0.0839661971830986	0.0442296073557068	0.0397365898273918
9718	97180	0	0	0.0721521126760564	0.0397697240388465	0.0323823886372098
9719	97190	0	0	0.0632598591549296	0.0348643197946475	0.0283955393602821
9720	97200	0	0	0.0578091549295775	0.0304362050019555	0.027372949927622
9721	97210	0	0.81	0.0538098591549296	0.0358063361102076	0.018003523044722
9722	97220	0	0.15	0.0601542253521127	0.0613418543679637	-0.00118762901585102
9723	97230	0	0.01	0.0621633802816901	0.0776345580323228	-0.0154711777506326
9724	97240	0	0.56	0.0684443661971831	0.0844367122326966	-0.0159923460355136
9725	97250	0	0.12	0.139956338028169	0.101064384324965	0.038891953703204
9726	97260	0	0.38	0.163603521126761	0.112201241446998	0.0514022796797628
9727	97270	0	0.28	0.224093661971831	0.121826425815267	0.102267236156564
9728	97280	0	1.17	0.244375352112676	0.141040232676314	0.103335119436362
9729	97290	0	0.25	0.273073943661972	0.177786960708759	0.0952869829532127
9730	97300	0	0	0.252817605633803	0.192248814095556	0.0605687915382469
9731	97310	0	0	0.21175985915493	0.183761544032536	0.027998315122394
9732	97320	0	0	0.170683098591549	0.167549132850098	0.00313396574145086
9733	97330	0	0	0.135716197183099	0.144991325492874	-0.00927512830977534
9734	97340	0	0	0.102238732394366	0.125510441766394	-0.0232717093720279
9735	97350	0	0	0.0825274647887324	0.107375350934387	-0.0248478861456542
9736	97360	0	0	0.0703901408450704	0.0920593323389823	-0.0216691914939119
9737	97370	0	0	0.0615929577464789	0.0825684695936302	-0.0209755118471513
9738	97380	0	0	0.0546464788732394	0.0761253486868551	-0.0214788698136157
9739	97390	0	0	0.0487901408450704	0.0697416632525614	-0.0209515224074909
9740	97400	0	0	0.0447845070422535	0.0626114720763598	-0.0178269650341063
9741	97410	0	0.01	0.040043661971831	0.0589931100111968	-0.0189494480393658
9742	97420	0	0	0.0376288732394366	0.0453557338825021	-0.00772686064306544
9743	97430	0	0	0.0350112676056338	0.0400719621751998	-0.00506069456956596
9744	97440	0	0	0.0326471830985915	0.0363310181293921	-0.00368383503080058
9745	97450	0	0.07	0.0314746478873239	0.031889805642106	-0.000415157754782049
9746	97460	0	0	0.0302260563380282	0.032357245411298	-0.00213118907326981
9747	97470	0	0	0.0291485915492958	0.0275244921646758	0.00162409938461996
9748	97480	0	0.55	0.028362676056338	0.0279757997880663	0.000386876268271708
9749	97490	0	1.21	0.0433140845070423	0.0459502011086078	-0.00263611660156558
9750	97500	0	0.16	0.150268309859155	0.0950661064265516	0.0552022034326033
9751	97510	0	0.01	0.191947183098592	0.120811088928368	0.0711360941702242
9752	97520	0	0.05	0.169060563380282	0.122336267681982	0.0467242956982994
9753	97530	0	0.23	0.137566901408451	0.119016080146746	0.0185508212617051
9754	97540	0	0.72	0.116410563380282	0.121965676388097	-0.00555511300781573
9755	97550	0	0.17	0.119757042253521	0.137415630386957	-0.0176585881334356
9756	97560	0	0.02	0.126830281690141	0.141921660788179	-0.0150913790980378
9757	97570	0	0	0.125657746478873	0.134676493581428	-0.00901874710255468
9758	97580	0	0.08	0.106314084507042	0.125589163787665	-0.0192750792806224
9759	97590	0	0.04	0.0892204225352113	0.114688164400805	-0.0254677418655941
9760	97600	0	0.05	0.0778816901408451	0.103538143470664	-0.025656453329819
9761	97610	0	0	0.0667521126760564	0.0932834846994764	-0.0265313720234201
9762	97620	0	0.01	0.0587091549295775	0.0852209231759254	-0.0265117682463479
9763	97630	0	0.06	0.0520985915492958	0.0771040314807439	-0.0250054399314481
9764	97640	0	0.08	0.0481119718309859	0.0709452476905076	-0.0228332758595217
9765	97650	0	0.28	0.0464197183098592	0.0713768234059372	-0.024957105096078
9766	97660	0	0.03	0.0488725352112676	0.0800298142033486	-0.031157278992081
9767	97670	0	0.73	0.0515852112676056	0.0911273323290994	-0.0395421210614937
9768	97680	0	0.44	0.0656239436619718	0.115533181482651	-0.0499092378206787
9769	97690	0	0	0.108849295774648	0.129395749649593	-0.0205464538749452
9770	97700	0	0	0.123090845070423	0.117188528630885	0.00590231643953759
9771	97710	0	0.05	0.100457746478873	0.111227724378985	-0.0107699779001121
9772	97720	0	0.11	0.0822612676056338	0.104114555104416	-0.0218532874987823
9773	97730	0	0.26	0.0730901408450704	0.0985994426168405	-0.0255093017717701
9774	97740	0	0.48	0.0774950704225352	0.099849547984168	-0.0223544775616329
9775	97750	0	0.03	0.110326056338028	0.103346404355744	0.00697965198228361
9776	97760	0	0.13	0.114357042253521	0.105644368812924	0.00871267344059758
9777	97770	0	0.42	0.108950704225352	0.108451359004695	0.000499345220657532
9778	97780	0	0.2	0.136787323943662	0.118586181063827	0.0182011428798347
9779	97790	0	0.04	0.141737323943662	0.121071731841835	0.0206655921018272
9780	97800	0	0.01	0.130474647887324	0.115916413215683	0.0145582346716408
9781	97810	0	0.61	0.123762676056338	0.112744208177614	0.0110184678787243
9782	97820	0	0	0.128408450704225	0.122603219612722	0.00580523109150351
9783	97830	0	0.01	0.111175352112676	0.121693226999428	-0.0105178748867522
9784	97840	0	0	0.111625352112676	0.113027033413109	-0.00140168130043301
9785	97850	0	0	0.122830985915493	0.104037545846625	0.0187934400688677
9786	97860	0	0	0.113995774647888	0.0904958521205254	0.0234999225273621
9787	97870	0	0	0.112328873239437	0.0796831715991244	0.0326457016403123
9788	97880	0	0	0.103892957746479	0.0613942881811314	0.0424986695653476
9789	97890	0	0	0.0905767605633803	0.0492972143904729	0.0412795461729074
9790	97900	0	0	0.0818683098591549	0.0456004915171894	0.0362678183419655
9791	97910	0	0	0.0717084507042254	0.0426994941143921	0.0290089565898333
9792	97920	0	0	0.0630633802816902	0.0382335510551368	0.0248298292265534
9793	97930	0	0	0.0568647887323944	0.0331570105222664	0.0237077782101279
9794	97940	0	0	0.0502605633802817	0.0291166811701515	0.0211438822101302
9795	97950	0	0	0.0458176056338028	0.0221329965773932	0.0236846090564096
9796	97960	0	0.17	0.0418880281690141	0.021684057142558	0.0202039710264561
9797	97970	0.98760222235892	0.38	0.0411908450704225	0.0280025595551175	0.013188285515305
9798	97980	0.964517408911846	0.92	0.0497788732394366	0.0501497685870466	-0.000370895347609944
9799	97990	0.891641343254602	1.36	0.11507323943662	0.100892716568506	0.0141805228681137
9800	98000	0.143230429329646	0.21	0.26537323943662	0.164048326598676	0.101324912837944
9801	98010	0.156279991716025	0	0.28382323943662	0.190992197321238	0.0928310421153816
9802	98020	0.211299202997271	0	0.247576056338028	0.180749480563235	0.0668265757747933
9803	98030	0.412311165226953	0	0.207716197183099	0.165993149517543	0.0417230476655553
9804	98040	0.656849237825917	0.01	0.17022676056338	0.144423950818955	0.0258028097444255
9805	98050	0.897000106070595	0	0.139652112676056	0.12310736267709	0.0165447499989667
9806	98060	0.994834204968696	0.01	0.110680985915493	0.104712071024193	0.00596891489129969
9807	98070	0.99891433581182	0	0.0896070422535211	0.0915498653091673	-0.00194282305564622
9808	98080	0.963165316125707	0	0.0778943661971831	0.0820983735106294	-0.00420400731344631
9809	98090	0	0.01	0.0680070422535211	0.0734213600154135	-0.0054143177618924
9810	98100	0.893005550862055	0	0.0613330985915493	0.066079602515868	-0.00474650392431874
9811	98110	0.855922886757508	0	0.0554640845070423	0.0598787621407021	-0.00441467763365982
9812	98120	0.859526836039443	0	0.0513633802816902	0.0548049830242803	-0.00344160274259014
9813	98130	0.923067241851086	0	0.0471612676056338	0.0486039432915507	-0.00144267568591694
9814	98140	0.951518385179793	0	0.043656338028169	0.0435259126123462	0.000130425415822845
9815	98150	0.931367474122765	0	0.0402464788732394	0.0417777138526089	-0.00153123497936944
9816	98160	0.842646307094229	0.01	0.0376542253521127	0.0434733834179316	-0.00581915806581892
9817	98170	0.872519852828816	0	0.0360633802816901	0.0406594872891954	-0.00459610700750528
9818	98180	0	0	0.0336169014084507	0.0334580355607474	0.000158865847703353
9819	98190	0.999697728221036	0	0.0321971830985916	0.0199599785092472	0.0122372045893444
9820	98200	0.843121779046659	0	0.0303845070422535	0.00357131427458575	0.0268131927676677
9821	98210	0.818461325459692	0	0.0289140845070423	0.00101122625673543	0.0279028582503068
9822	98220	0.832747682875371	0	0.0278683098591549	0.00090590863527453	0.0269624012238804
9823	98230	0.853265493046757	0	0.0264612676056338	0.000818370555640296	0.0256428970499935
9824	98240	0.860384881864342	0	0.0257704225352113	0.000720236973726855	0.0250501855614844
9825	98250	0.871948341570402	0	0.0247943661971831	0.00054494439250277	0.0242494218046803
9826	98260	0.88108014475077	0	0.0241732394366197	0.000514616498435033	0.0236586229381847
9827	98270	0.886593555890732	0	0.0235267605633803	0.000370133310182984	0.0231566272531973
9828	98280	0.899041020017487	0	0.0226204225352113	0.000334191645922606	0.0222862308892887
9829	98290	0.905434033585751	0	0.0221070422535211	0.000309397932449241	0.0217976443210719
9830	98300	0.911986019113324	0.01	0.0214859154929577	0.000280424177047484	0.0212054913159103
9831	98310	0.919476211178545	0	0.021156338028169	0.000598226470528223	0.0205581115576408
9832	98320	0.925942943377077	0	0.0207823943661972	0.000748827581364277	0.0200335667848329
9833	98330	0.929041091462917	0	0.0204654929577465	0.000768988408831788	0.0196965045489147
9834	98340	0.93304289234805	0	0.0200915492957747	0.000741505692622124	0.0193500436031525
9835	98350	0.939529462467464	0	0.0194577464788732	0.000659212110554728	0.0187985343683185
9836	98360	0.941495438161305	0	0.0192169014084507	0.000563283715679901	0.0186536176927708
9837	98370	0.943016275495674	0	0.018868309859155	0.000370711348632865	0.0184975985105221
9838	98380	0.956870906019925	0.16	0.0189697183098592	0.00210902086512342	0.0168606974447358
9839	98390	0.992073510925507	0.06	0.0193183098591549	0.00822053054855105	0.0110977793106039
9840	98400	0.998171186716369	0	0.0190711267605634	0.0129849846372001	0.00608614212336332
9841	98410	0.998498206043313	0	0.0188366197183099	0.0139784935932334	0.00485812612507648
9842	98420	0.990365505255435	0	0.0243507042253521	0.0135120140857085	0.0108386901396437
9843	98430	0.872302507936795	0	0.0349985915492958	0.0121612904089397	0.022837301140356
9844	98440	0.950349451189493	0.01	0.0276591549295775	0.010565448229963	0.0170937066996145
9845	98450	0.989776087605803	0.35	0.0250669014084507	0.013131834355085	0.0119350670533657
9846	98460	0.965369483702156	0.36	0.0254471830985916	0.0279359561287193	-0.00248877303012778
9847	98470	0.960184665519991	0.12	0.043662676056338	0.0468179742022478	-0.00315529814590978
9848	98480	0.952234422961615	0.01	0.050869014084507	0.0564674068596717	-0.00559839277516467
9849	98490	0.939522314495289	0	0.0489169014084507	0.0571805676308751	-0.00826366622242437
9850	98500	0.936433292217761	0.17	0.0465908450704225	0.0549889634611506	-0.00839811839072807
9851	98510	0.986883640030205	0.08	0.0548176056338028	0.0555361489103668	-0.000718543276563975
9852	98520	0	0	0.0601288732394366	0.0543554198987997	0.00577345334063693
9853	98530	0.982220515055781	0	0.0598943661971831	0.0494897083896588	0.0104046578075243
9854	98540	0.957188132138848	0	0.0569788732394366	0.0445147725002955	0.0124641007391411
9855	98550	0.972151845993081	0.01	0.0532711267605634	0.0404086000786938	0.0128625266818696
9856	98560	0.981824108825592	0.01	0.0493225352112676	0.0365129097893909	0.0128096254218767
9857	98570	0	0	0.0455577464788732	0.0326117203840568	0.0129460260948165
9858	98580	0.99467311773028	0.74	0.0431683098591549	0.0375871251871911	0.00558118467196386
9859	98590	0.883461075440639	0.18	0.0504316901408451	0.0604922074260981	-0.0100605172852531
9860	98600	0.759949248118832	0.12	0.0615042253521127	0.0772711606229074	-0.0157669352707947
9861	98610	0.864550256977706	0	0.0649838028169014	0.0816680021430064	-0.016684199326105
9862	98620	0.802634875482114	0.06	0.06345	0.081193406588084	-0.017743406588084
9863	98630	0.858568589971507	0.06	0.0624612676056338	0.0779496475035898	-0.015488379897956
9864	98640	0	0.01	0.0620049295774648	0.0731042552757926	-0.0110993256983277
9865	98650	0	0.69	0.0607119718309859	0.0726206691968165	-0.0119086973658306
9866	98660	0	0	0.0580880281690141	0.0843337357107326	-0.0262457075417185
9867	98670	0	0.13	0.0541267605633803	0.0886813930129793	-0.034554632449599
9868	98680	0	0	0.0541774647887324	0.0872494935963897	-0.0330720288076573
9869	98690	0	0	0.0548429577464789	0.083362728655309	-0.0285197709088301
9870	98700	0	0.01	0.0518704225352113	0.0741658321810002	-0.0222954096457889
9871	98710	0	0	0.051762676056338	0.0647432591553536	-0.0129805830990156
9872	98720	0	0.09	0.0493352112676056	0.056152355952321	-0.00681714468471537
9873	98730	0	0.01	0.0488788732394366	0.0518456814812779	-0.00296680824184131
9874	98740	0	0.34	0.0476112676056338	0.051896871318405	-0.00428560371277116
9875	98750	0	0	0.045462676056338	0.0612403731859794	-0.0157776971296414
9876	98760	0	0	0.0429654929577465	0.0642518253660017	-0.0212863324082552
9877	98770	0	0		0.0603498882403457	
9878	98780	0	0		0.0559896107361795	
9879	98790	0	0		0.0415576007887737	
9880	98800	0	0.04		0.034802861067003	
9881	98810	0	0.01		0.0301650509967571	
9882	98820	0	0.17		0.0318178474066547	
9883	98830	0	0		0.0354203418860589	
9884	98840	0	0.26		0.0386984347945372	
9885	98850	0	0.01		0.0449383109598492	
9886	98860	0	0.01		0.0396515898050627	
9887	98870	0	0		0.0378391182493671	
9888	98880	0	0		0.0331306496378439	
9889	98890	0	0		0.0290708792923505	
9890	98900	0	0		0.0251323701484098	
9891	98910	0	0		0.022894563105558	
9892	98920	0	0		0.0204206218522675	
9893	98930	0	0		0.0176643405151279	
9894	98940	0	0		0.0154184755464472	
9895	98950	0	0		0.0104426576607266	
9896	98960	0	0		0.0091498643501644	
9897	98970	0	0		0.00858328719413626	
9898	98980	0	0		0.00758276505415397	
9899	98990	0	0		0.00724856465363149	
9900	99000	0	0		0.00656616709029789	
9901	99010	0	0		0.00643006769385536	
9902	99020	0	0.13		0.00745126911433175	
9903	99030	0	0		0.00970571849516659	
9904	99040	0	0		0.0114511403237687	
9905	99050	0	0		0.0083764583077912	
9906	99060	0	0		0.00788726876765762	
9907	99070	0	0		0.00681079718036417	
9908	99080	0	0		0.00580253310035729	
9909	99090	0	0		0.00481924753222724	
9910	99100	0	0		0.00409670284365201	
9911	99110	0	0		0.00372229585791824	
9912	99120	0				
9913	99130	0				
9914	99140	0				
9915	99150	0				
9916	99160	0				
9917	99170	0				
9918	99180	0				
9919	99190	0				
9920	99200	0				
9921	99210	0				
9922	99220	0				
9923	99230	0				
9924	99240	0				
9925	99250	0				
9926	99260	0				
9927	99270	0				
9928	99280	0				
9929	99290	0				
9930	99300	0				
9931	99310	0				
9932	99320	0				
9933	99330	0				
9934	99340	0				
9935	99350	0				
9936	99360	0				
9937	99370	0				
9938	99380	0				
9939	99390	0				
9940	99400	0				
9941	99410	0				
9942	99420	0				
9943	99430	0				
9944	99440	0				
9945	99450	0				
9946	99460	0				
9947	99470	0				
9948	99480	0				
9949	99490	0				
9950	99500	0				
9951	99510	0				
9952	99520	0				
9953	99530	0				
9954	99540	0				
9955	99550	0				
9956	99560	0				
9957	99570	0				
9958	99580	0				
9959	99590	0				
9960	99600	0				
9961	99610	0				
9962	99620	0				
9963	99630	0				
9964	99640	0				
9965	99650	0				
9966	99660	0				
9967	99670	0				
9968	99680	0				
9969	99690	0				
9970	99700	0				
9971	99710	0				
9972	99720	0				
9973	99730	0				
9974	99740	0				
9975	99750	0				
9976	99760	0				
9977	99770	0				
9978	99780	0				
9979	99790	0				
9980	99800	0				
9981	99810	0				
9982	99820	0				
9983	99830	0				
9984	99840	0				
9985	99850	0				
9986	99860	0				
9987	99870	0				
9988	99880	0				
9989	99890	0				
9990	99900	0				
9991	99910	0				
9992	99920	0				
9993	99930	0				
9994	99940	0				
9995	99950	0				
9996	99960	0				
9997	99970	0				
9998	99980	0				
9999	99990	0				
10000	1e+05	0				
10001	100010	0				
10002	100020	0				
10003	100030	0				
10004	100040	0				
10005	100050	0				
10006	100060	0				
10007	100070	0				
10008	100080	0				
10009	100090	0				
10010	100100	0				
10011	100110	0				
10012	100120	0				
10013	100130	0				
10014	100140	0				
10015	100150	0				
10016	100160	0				
10017	100170	0				
10018	100180	0				
10019	100190	0				
10020	100200	0				
10021	100210	0				
10022	100220	0				
10023	100230	0				
10024	100240	0				
10025	100250	0				
10026	100260	0				
10027	100270	0				
10028	100280	0				
10029	100290	0				
10030	100300	0				
10031	100310	0				
10032	100320	0				
10033	100330	0				
10034	100340	0				
10035	100350	0				
10036	100360	0				
10037	100370	0				
10038	100380	0				
10039	100390	0				
10040	100400	0				
10041	100410	0				
10042	100420	0				
10043	100430	0				
10044	100440	0				
10045	100450	0				
10046	100460	0				
10047	100470	0				
10048	100480	0				
10049	100490	0				
10050	100500	0				
10051	100510	0				
10052	100520	0				
10053	100530	0				
10054	100540	0				
10055	100550	0				
10056	100560	0				
10057	100570	0				
10058	100580	0				
10059	100590	0				
10060	100600	0				
10061	100610	0				
10062	100620	0				
10063	100630	0				
10064	100640	0				
10065	100650	0				
10066	100660	0				
10067	100670	0				
10068	100680	0				
10069	100690	0				
10070	100700	0				
10071	100710	0				
10072	100720	0				
10073	100730	0				
10074	100740	0				
10075	100750	0				
10076	100760	0				
10077	100770	0				
10078	100780	0				
10079	100790	0				
10080	100800	0				
10081	100810	0				
10082	100820	0				
10083	100830	0				
10084	100840	0				
10085	100850	0				
10086	100860	0				
10087	100870	0				
10088	100880	0				
10089	100890	0				
10090	100900	0				
10091	100910	0				
10092	100920	0				
10093	100930	0				
10094	100940	0				
10095	100950	0				
10096	100960	0				
10097	100970	0				
10098	100980	0				
10099	100990	0				
10100	101000	0				
10101	101010	0				
10102	101020	0				
10103	101030	0				
10104	101040	0				
10105	101050	0				
10106	101060	0				
10107	101070	0				
10108	101080	0				
10109	101090	0				
10110	101100	0				
10111	101110	0				
10112	101120	0				
10113	101130	0				
10114	101140	0				
10115	101150	0				
10116	101160	0				
10117	101170	0				
10118	101180	0				
10119	101190	0				
10120	101200	0				
10121	101210	0				
10122	101220	0				
10123	101230	0				
10124	101240	0				
10125	101250	0				
10126	101260	0				
10127	101270	0				
10128	101280	0				
10129	101290	0				
10130	101300	0				
10131	101310	0				
10132	101320	0				
10133	101330	0				
10134	101340	0				
10135	101350	0				
10136	101360	0				
10137	101370	0				
10138	101380	0				
10139	101390	0				
10140	101400	0				
10141	101410	0				
10142	101420	0				
10143	101430	0				
10144	101440	0				
10145	101450	0				
10146	101460	0				
10147	101470	0				
10148	101480	0				
10149	101490	0				
10150	101500	0				
10151	101510	0				
10152	101520	0				
10153	101530	0				
10154	101540	0				
10155	101550	0				
10156	101560	0				
10157	101570	0				
10158	101580	0				
10159	101590	0				
10160	101600	0				
10161	101610	0				
10162	101620	0				
10163	101630	0				
10164	101640	0				
10165	101650	0				
10166	101660	0				
10167	101670	0				
10168	101680	0				
10169	101690	0				
10170	101700	0				
10171	101710	0				
10172	101720	0				
10173	101730	0				
10174	101740	0				
10175	101750	0				
10176	101760	0				
10177	101770	0				
10178	101780	0				
10179	101790	0				
10180	101800	0				
10181	101810	0				
10182	101820	0				
10183	101830	0				
10184	101840	0				
10185	101850	0				
10186	101860	0				
10187	101870	0				
10188	101880	0				
10189	101890	0				
10190	101900	0				
10191	101910	0				
10192	101920	0				
10193	101930	0				
10194	101940	0				
10195	101950	0				
10196	101960	0				
10197	101970	0				
10198	101980	0				
10199	101990	0				
10200	102000	0				
10201	102010	0				
10202	102020	0				
10203	102030	0				
10204	102040	0				
10205	102050	0				
10206	102060	0				
10207	102070	0				
10208	102080	0				
10209	102090	0				
10210	102100	0				
10211	102110	0				
10212	102120	0				
10213	102130	0				
10214	102140	0				
10215	102150	0				
10216	102160	0				
10217	102170	0				
10218	102180	0				
10219	102190	0				
10220	102200	0				
10221	102210	0				
10222	102220	0				
10223	102230	0				
10224	102240	0				
10225	102250	0				
10226	102260	0				
10227	102270	0				
10228	102280	0				
10229	102290	0				
10230	102300	0				
10231	102310	0				
10232	102320	0				
10233	102330	0				
10234	102340	0				
10235	102350	0				
10236	102360	0				
10237	102370	0				
10238	102380	0				
10239	102390	0				
10240	102400	0				
10241	102410	0				
10242	102420	0				
10243	102430	0				
10244	102440	0				
10245	102450	0				
10246	102460	0				
10247	102470	0				
10248	102480	0				
10249	102490	0				
10250	102500	0				
10251	102510	0				
10252	102520	0				
10253	102530	0				
10254	102540	0				
10255	102550	0				
10256	102560	0				
10257	102570	0				
10258	102580	0				
10259	102590	0				
10260	102600	0				
10261	102610	0				
10262	102620	0				
10263	102630	0				
10264	102640	0				
10265	102650	0				
10266	102660	0				
10267	102670	0				
10268	102680	0				
10269	102690	0				
10270	102700	0				
10271	102710	0				
10272	102720	0				
10273	102730	0				
10274	102740	0				
10275	102750	0				
10276	102760	0				
10277	102770	0				
10278	102780	0				
10279	102790	0				
10280	102800	0				
10281	102810	0				
10282	102820	0				
10283	102830	0				
10284	102840	0				
10285	102850	0				
10286	102860	0				
10287	102870	0				
10288	102880	0				
10289	102890	0				
10290	102900	0				
10291	102910	0				
10292	102920	0				
10293	102930	0				
10294	102940	0				
10295	102950	0				
10296	102960	0				
10297	102970	0				
10298	102980	0				
10299	102990	0				
10300	103000	0				
10301	103010	0				
10302	103020	0				
10303	103030	0				
10304	103040	0				
10305	103050	0				
10306	103060	0				
10307	103070	0				
10308	103080	0				
10309	103090	0				
10310	103100	0				
10311	103110	0				
10312	103120	0				
10313	103130	0				
10314	103140	0				
10315	103150	0				
10316	103160	0				
10317	103170	0				
10318	103180	0				
10319	103190	0				
10320	103200	0				
10321	103210	0				
10322	103220	0				
10323	103230	0				
10324	103240	0				
10325	103250	0				
10326	103260	0				
10327	103270	0				
10328	103280	0				
10329	103290	0				
10330	103300	0				
10331	103310	0				
10332	103320	0				
10333	103330	0				
10334	103340	0				
10335	103350	0				
10336	103360	0				
10337	103370	0				
10338	103380	0				
10339	103390	0				
10340	103400	0				
10341	103410	0				
10342	103420	0				
10343	103430	0				
10344	103440	0				
10345	103450	0				
10346	103460	0				
10347	103470	0				
10348	103480	0				
10349	103490	0				
10350	103500	0				
10351	103510	0				
10352	103520	0				
10353	103530	0				
10354	103540	0				
10355	103550	0				
10356	103560	0				
10357	103570	0				
10358	103580	0				
10359	103590	0				
10360	103600	0				
10361	103610	0				
10362	103620	0				
10363	103630	0				
10364	103640	0				
10365	103650	0				
10366	103660	0				
10367	103670	0				
10368	103680	0				
10369	103690	0				
10370	103700	0				
10371	103710	0				
10372	103720	0				
10373	103730	0				
10374	103740	0				
10375	103750	0				
10376	103760	0				
10377	103770	0				
10378	103780	0				
10379	103790	0				
10380	103800	0				
10381	103810	0				
10382	103820	0				
10383	103830	0				
10384	103840	0				
10385	103850	0				
10386	103860	0				
10387	103870	0				
10388	103880	0				
10389	103890	0				
10390	103900	0				
10391	103910	0				
10392	103920	0				
10393	103930	0				
10394	103940	0				
10395	103950	0				
10396	103960	0				
10397	103970	0				
10398	103980	0				
10399	103990	0				
10400	104000	0				
10401	104010	0				
10402	104020	0				
10403	104030	0				
10404	104040	0				
10405	104050	0				
10406	104060	0				
10407	104070	0				
10408	104080	0				
10409	104090	0				
10410	104100	0				
10411	104110	0				
10412	104120	0				
10413	104130	0				
10414	104140	0				
10415	104150	0				
10416	104160	0				
10417	104170	0				
10418	104180	0				
10419	104190	0				
10420	104200	0				
10421	104210	0				
10422	104220	0				
10423	104230	0				
10424	104240	0				
10425	104250	0				
10426	104260	0				
10427	104270	0				
10428	104280	0				
10429	104290	0				
10430	104300	0				
10431	104310	0				
10432	104320	0				
10433	104330	0				
10434	104340	0				
10435	104350	0				
10436	104360	0				
10437	104370	0				
10438	104380	0				
10439	104390	0				
10440	104400	0				
10441	104410	0				
10442	104420	0				
10443	104430	0				
10444	104440	0				
10445	104450	0				
10446	104460	0				
10447	104470	0				
10448	104480	0				
10449	104490	0				
10450	104500	0				
10451	104510	0				
10452	104520	0				
10453	104530	0				
10454	104540	0				
10455	104550	0				
10456	104560	0				
10457	104570	0				
10458	104580	0				
10459	104590	0				
10460	104600	0				
10461	104610	0				
10462	104620	0				
10463	104630	0				
10464	104640	0				
10465	104650	0				
10466	104660	0				
10467	104670	0				
10468	104680	0				
10469	104690	0				
10470	104700	0				
10471	104710	0				
10472	104720	0	0			
10473	104730	0	0			
10474	104740	0	0			
10475	104750	0	0			
10476	104760	0	0			
10477	104770	0	0			
10478	104780	0	0			
10479	104790	0	0			
10480	104800	0	0			
10481	104810	0	0	0.000126760563380282		
10482	104820	0	0	0.0117760563380282		
10483	104830	0	0	0.0379647887323944		
10484	104840	0	0	0.0576950704225352		
10485	104850	0	0	0.0690274647887324		
10486	104860	0	0	0.0780845070422535		
10487	104870	0	0	0.222319014084507		
10488	104880	0	0	0.246897887323944		
10489	104890	0	0	0.455387323943662		
10490	104900	0	0	0.708845070422535		
10491	104910	0	0	0.662938732394366		
10492	104920	0	0	0.871561267605634	0	0.871561267605634
10493	104930	0	0	0.713243661971831	0	0.713243661971831
10494	104940	0	0	0.957891549295774	0	0.957891549295774
10495	104950	0	0	0.844732394366197	0	0.844732394366197
10496	104960	0	0	0.824190845070422	0	0.824190845070422
10497	104970	0	0	0.77232676056338	0	0.77232676056338
10498	104980	0	0	0.464203521126761	0	0.464203521126761
10499	104990	0	0	0.279640140845071	0	0.279640140845071
10500	105000	0	0	0.156238732394366	0	0.156238732394366
10501	105010	0	0	0.143530985915493	0	0.143530985915493
10502	105020	0	0	0.206366197183098	0	0.206366197183098
10503	105030	0	0	0.160726056338028	0	0.160726056338028
10504	105040	0	0	0.137319718309859	0	0.137319718309859
10505	105050	0	0	0.120504929577465	0	0.120504929577465
10506	105060	0	0	0.0979859154929577	0	0.0979859154929577
10507	105070	0	0	0.0842007042253521	0	0.0842007042253521
10508	105080	0	0	0.0720633802816902	0	0.0720633802816902
10509	105090	0	0	0.0614281690140845	0	0.0614281690140845
10510	105100	0	0.43	0.0502415492957746	0.00482107904484113	0.0454204702509335
10511	105110	0	0.48	0.0501274647887324	0.0248969277528541	0.0252305370358783
10512	105120	0	0.01	0.0593176056338028	0.0487938781076999	0.0105237275261029
10513	105130	0	0	0.0635323943661972	0.0573511359512936	0.00618125841490358
10514	105140	0	0	0.0537528169014085	0.0563245064955407	-0.00257168959413226
10515	105150	0	0	0.0471169014084507	0.051843424423762	-0.00472652301531126
10516	105160	0	0.16	0.0579676056338028	0.0467321607790616	0.0112354448547412
10517	105170	0	0	0.0591274647887324	0.0451507244619557	0.0139767403267767
10518	105180	0	0.75	0.0538732394366197	0.0502082771101987	0.00366496232642106
10519	105190	0	2.26	0.236864788732394	0.0971851819187832	0.139679606813611
10520	105200	0	0.34	0.403548591549296	0.187823150574926	0.21572544097437
10521	105210	0	0.01	0.279177464788732	0.234356503026865	0.0448209617618675
10522	105220	0	0.01	0.1899	0.234710790249837	-0.0448107902498368
10523	105230	0	0	0.149393661971831	0.220684851435259	-0.071291189463428
10524	105240	0	0.01	0.126133098591549	0.195280592978141	-0.0691474943865912
10525	105250	0	0.05	0.0884408450704225	0.167789024298737	-0.0793481792283147
10526	105260	0	0	0.0675570422535211	0.143066934665184	-0.0755098924116625
10527	105270	0	0.01	0.0503429577464789	0.126012324073904	-0.0756693663274248
10528	105280	0	0.01	0.0444992957746479	0.115955748734442	-0.071456452959794
10529	105290	0	0.22	0.042756338028169	0.107719871010316	-0.0649635329821466
10530	105300	0	0.12	0.0421985915492958	0.105301438656644	-0.0631028471073483
10531	105310	0	0	0.0373943661971831	0.0987098478001479	-0.0613154816029648
10532	105320	0	0.01	0.0350176056338028	0.090108922862217	-0.0550913172284142
10533	105330	0	0	0.0323492957746479	0.0820748209714316	-0.0497255251967837
10534	105340	0	0.01	0.0287176056338028	0.0722317356452153	-0.0435141300114125
10535	105350	0	0	0.0264929577464789	0.065471912663498	-0.0389789549170191
10536	105360	0	0.04	0.0262711267605634	0.0668308273559602	-0.0405597005953968
10537	105370	0	0.01	0.0289204225352113	0.0639938301063427	-0.0350734075711315
10538	105380	0	0.39	0.0383133802816901	0.0645691442816878	-0.0262557639999977
10539	105390	0	0.27	0.0780401408450704	0.0664895154098822	0.0115506254351882
10540	105400	0	0	0.160295070422535	0.0539409281654096	0.106354142257126
10541	105410	0	0	0.159864084507042	0.0530773041595467	0.106786780347496
10542	105420	0	0.01	0.133485211267606	0.0510890457232357	0.0823961655443699
10543	105430	0	0.03	0.111802816901408	0.0469370688080846	0.0648657480933239
10544	105440	0	0.05	0.0830408450704225	0.0424414153285788	0.0405994297418437
10545	105450	0	0.01	0.071980985915493	0.0385891628530608	0.0333918230624322
10546	105460	0	0	0.0602302816901409	0.0349492138988527	0.0252810677912881
10547	105470	0	0	0.0494049295774648	0.0323827164189092	0.0170222131585556
10548	105480	0	0	0.0445056338028169	0.0293868074863386	0.0151188263164783
10549	105490	0	0	0.0385732394366197	0.0260559777695173	0.0125172616671024
10550	105500	0	0.05	0.0389471830985916	0.0211474355375266	0.0177997475610649
10551	105510	0	0.7	0.0356640845070423	0.0275503084176484	0.00811377608939383
10552	105520	0	0	0.0353788732394366	0.0506143851284016	-0.015235511888965
10553	105530	0	0	0.0373753521126761	0.0606550251385246	-0.0232796730258485
10554	105540	0	0	0.0365514084507042	0.0587103470978853	-0.0221589386471811
10555	105550	0	0	0.0467429577464789	0.0562665304619187	-0.00952357271543984
10556	105560	0	0	0.0477190140845071	0.0509718175232962	-0.00325280343878914
10557	105570	0	0	0.0481183098591549	0.0441845527794899	0.00393375707966501
10558	105580	0	0	0.0445056338028169	0.0373295924008317	0.00717604140198519
10559	105590	0	0.01	0.039574647887324	0.0281643837352417	0.0114102641520823
10560	105600	0	0	0.0389154929577465	0.023102002648255	0.0158134903094914
10561	105610	0	0.1	0.0350492957746479	0.0220429550229431	0.0130063407517048
10562	105620	0	0.14	0.044537323943662	0.024957488599973	0.019579835343689
10563	105630	0	0	0.0479598591549296	0.0292622269697958	0.0186976321851338
10564	105640	0	0	0.0430732394366197	0.0305644764747208	0.012508762961899
10565	105650	0	0	0.0389345070422535	0.027792962551408	0.0111415444908455
10566	105660	0	0	0.0380535211267606	0.0247012124576248	0.0133523086691358
10567	105670	0	0	0.0410514084507042	0.0214652166773339	0.0195861917733704
10568	105680	0	0	0.0374197183098592	0.0210446601455972	0.0163750581642619
10569	105690	0	0	0.0364056338028169	0.0193365647258511	0.0170690690769658
10570	105700	0	0	0.0348591549295775	0.0175574834744096	0.0173016714551679
10571	105710	0	0	0.0316521126760564	0.0149292941214059	0.0167228185546505
10572	105720	0	0	0.0325330985915493	0.00600678049064051	0.0265263181009088
10573	105730	0	0	0.0295542253521127	0.00532601454631139	0.0242282108058013
10574	105740	0	0	0.0302514084507042	0.00485343057729788	0.0253979778734063
10575	105750	0	0	0.0278619718309859	0.00450085073916307	0.0233611210918229
10576	105760	0	0	0.0262521126760563	0.00394416593232368	0.0223079467437326
10577	105770	0	0	0.0263471830985916	0.00339824639685023	0.0229489367017413
10578	105780	0	0	0.0250985915492958	0.00330212005106151	0.0217964714982343
10579	105790	0	0	0.0259605633802817	0.00357149130259518	0.0223890720776865
10580	105800	0	0	0.0235774647887324	0.00336607431520204	0.0202113904735303
10581	105810	0	0	0.02205	0.00306361504851356	0.0189863849514865
10582	105820	0	0	0.0213654929577465	0.00163709021913384	0.0197284027386127
10583	105830	0	0	0.019806338028169	0	0.019806338028169
10584	105840	0	0	0.0200154929577465	0	0.0200154929577465
10585	105850	0	0	0.0187542253521127	0	0.0187542253521127
10586	105860	0	0	0.0180633802816901	0	0.0180633802816901
10587	105870	0	0	0.017543661971831	0	0.017543661971831
10588	105880	0	0	0.0167767605633803	0	0.0167767605633803
10589	105890	0	0	0.0164915492957746	0	0.0164915492957746
10590	105900	0	0	0.0160288732394366	0	0.0160288732394366
10591	105910	0	0	0.0156802816901408	0	0.0156802816901408
10592	105920	0	0	0.014830985915493	0	0.014830985915493
10593	105930	0	0	0.0144507042253521	0	0.0144507042253521
10594	105940	0	0	0.0139880281690141	0	0.0139880281690141
10595	105950	0	0	0.0133415492957747	0	0.0133415492957747
10596	105960	0	0	0.0133352112676057	0	0.0133352112676057
10597	105970	0	0	0.0127774647887324	0	0.0127774647887324
10598	105980	0	0	0.0130056338028169	0	0.0130056338028169
10599	105990	0	0	0.012587323943662	0	0.012587323943662
10600	106000	0	0.79	0.0142035211267606	0.00885733126842905	0.00534618985833153
10601	106010	0	0	0.0131323943661972	0.0358536137579275	-0.0227212193917303
10602	106020	0		0.0139943661971831		
10603	106030	0	0.5	0.0200661971830986		
10604	106040	0	0	0.0247119718309859		
10605	106050	0	0	0.0244964788732394		
10606	106060	0	0	0.0220943661971831		
10607	106070	0	0	0.0197049295774648		
10608	106080	0	0	0.0182028169014085		
10609	106090	0	0	0.016187323943662		
10610	106100	0	0	0.0154838028169014		
10611	106110	0	0	0.0143049295774648		
10612	106120	0	0	0.0135697183098592		
10613	106130	0	0	0.0133542253521127		
10614	106140	0	0	0.0126633802816901		
10615	106150	0	0	0.0128725352112676		
10616	106160	0	0	0.012612676056338		
10617	106170	0	0	0.0136267605633803		
10618	106180	0	0	0.013480985915493		
10619	106190	0	0	0.0129866197183098		
10620	106200	0	0	0.013043661971831		
10621	106210	0	0	0.0123211267605634		
10622	106220	0	0	0.0122767605633803		
10623	106230	0		0.011706338028169		
10624	106240	0		0.0111802816901408		
10625	106250	0		0.011256338028169		
10626	106260	0		0.0112056338028169		
10627	106270	0	0	0.0113514084507042		
10628	106280	0	0	0.0107112676056338		
10629	106290	0	0	0.0107556338028169		
10630	106300	0	0	0.0108316901408451		
10631	106310	0	0	0.0107556338028169		
10632	106320	0	0	0.011243661971831		
10633	106330	0	0	0.0114147887323944		
10634	106340	0	0	0.0111549295774648		
10635	106350	0	0	0.0111549295774648		
10636	106360	0	0	0.0107556338028169		
10637	106370	0	0.02	0.0108950704225352		
10638	106380	0	0.36	0.0111866197183099		
10639	106390	0	0.02	0.0112119718309859		
10640	106400	0	0	0.0109584507042254		
10641	106410	0	0.03	0.0104957746478873		
10642	106420	0	0.33	0.010825352112676		
10643	106430	0	0.06	0.0111422535211268		
10644	106440	0	0.31	0.0111802816901409		
10645	106450	0	0.14	0.011693661971831		
10646	106460	0	0	0.017119014084507		
10647	106470	0	0	0.0210739436619719	0.0617901174554312	-0.0407161737934593
10648	106480	0	0	0.0201929577464789	0.0564196410029284	-0.0362266832564495
10649	106490	0	0	0.0187478873239437	0.0495196246479722	-0.0307717373240286
10650	106500	0	0	0.0177401408450704	0.0426516458220305	-0.0249115049769601
10651	106510	0	0	0.0165422535211268	0.0375045744635696	-0.0209623209424428
10652	106520	0	0	0.015756338028169	0.0324586375388732	-0.0167022995107041
10653	106530	0	0	0.014862676056338	0.0286569694421356	-0.0137942933857976
10654	106540	0	0.01	0.0143239436619719	0.025498098796973	-0.0111741551350012
10655	106550	0	0	0.0138676056338028	0.0247908753262264	-0.0109232696924235
10656	106560	0	0	0.0135507042253521	0.0228369451502374	-0.00928624092488528
10657	106570	0	0	0.0132908450704226	0.0209125325940311	-0.00762168752360854
10658	106580	0	0	0.0129295774647887	0.0183576087109803	-0.0054280312461916
10659	106590	0	0	0.0128408450704225	0.0135147632295718	-0.000673918159149276
10660	106600	0	0	0.0124732394366197	0.0123055022912822	0.000167737145337519
10661	106610	0	0	0.0124225352112676	0.0122411297963251	0.00018140541494248
10662	106620	0	0	0.0122450704225352	0.0114599125479699	0.000785157874565238
10663	106630	0	0	0.0119471830985916	0.00719541219770972	0.00475177090088184
10664	106640	0	0	0.0119154929577465	0.00577288334785721	0.00614260960988929
10665	106650	0	0.02	0.011719014084507	0.00208767205226195	0.00963134203224509
10666	106660	0	0.12	0.0119154929577465	0.00245199084289448	0.00946350211485202
10667	106670	0	0.02	0.0117570422535211	0.00711385424617397	0.00464318800734716
10668	106680	0	0	0.0116619718309859	0.00983209157271345	0.00182988025827245
10669	106690	0	0	0.0115732394366197	0.0100901345297795	0.00148310490684017
10670	106700	0	0	0.0114084507042254	0.00959361982204266	0.00181483088218274
10671	106710	0	0	0.0114211267605634	0.0085190715789932	0.00290205518157022
10672	106720	0	0	0.011237323943662	0.00728920976011944	0.00394811418354255
10673	106730	0.981327307065437	0.32	0.011680985915493	0.00969457994903828	0.00198640596645468
10674	106740	0.897535742209418	0.03	0.0120359154929577	0.020071927609802	-0.0080360121168443
10675	106750	0.787653190777451	0	0.011687323943662	0.0259516077485248	-0.0142642838048629
10676	106760	0.82630016092934	0	0.0116619718309859	0.0259435792638852	-0.0142816074328993
10677	106770	0.829440201463224	0.02	0.0119471830985916	0.02484721845893	-0.0129000353603385
10678	106780	0.868887268543935	0	0.0123528169014084	0.0226901407401543	-0.0103373238387458
10679	106790	0.879892072873898	0.03	0.0128661971830986	0.0204862128708825	-0.00762001568778393
10680	106800	0.90621536180676	0.06	0.0136394366197183	0.0191792924571325	-0.00553985583741418
10681	106810	0.92269627154928	0	0.0136901408450704	0.0193072055532661	-0.0056170647081957
10682	106820	0.926191224564498	0.03	0.0138105633802817	0.0191766412460575	-0.00536607786577585
10683	106830	0.88384393748349	0.26	0.014374647887324	0.0219501140047005	-0.00757546611737651
10684	106840	0	0.03	0.0150211267605634	0.0302004025984904	-0.015179275837927
10685	106850	0	0.01	0.0166119718309859	0.0339132177290465	-0.0173012458980606
10686	106860	0.784252262931427	0	0.0177845070422535	0.0331641802679623	-0.0153796732257088
10687	106870	0.844182807801627	0	0.018006338028169	0.0294867075848542	-0.0114803695566852
10688	106880	0.898541222958365	0	0.0176894366197183	0.0257063852249673	-0.00801694860524901
10689	106890	0.922169949971176	0	0.0171380281690141	0.0221423438821769	-0.0050043157131628
10690	106900	0.920023746139247	0	0.0166246478873239	0.0200120823654995	-0.00338743447817552
10691	106910	0.96271995638688	0.01	0.0163077464788733	0.0180476969558539	-0.00173995047698065
10692	106920	0.951495189076574	0	0.0159718309859155	0.0167960269439651	-0.00082419595804958
10693	106930	0.957246379082087	0	0.0159718309859155	0.0151272833463456	0.000844547639569857
10694	106940	0.993417573955779	0.08	0.0157943661971831	0.0111326489955372	0.00466171720164592
10695	106950	0	0.58	0.0162443661971831	0.0189362381734451	-0.00269187197626201
10696	106960	0	0.21	0.0174232394366197	0.0419800117332953	-0.0245567722966756
10697	106970	0	0.32	0.0190077464788732	0.0619593223385233	-0.0429515758596501
10698	106980	0	0.13	0.020262676056338	0.0766052851945453	-0.0563426091382073
10699	106990	0	0	0.0217711267605634	0.0836165942653124	-0.061845467504749
10700	107000	0.344621799929832	0	0.0228739436619718	0.0803181912115661	-0.0574442475495943
10701	107010	0.393835376753902	0	0.0226140845070422	0.0720606486442749	-0.0494465641372327
10702	107020	0.451053660020394	0.05	0.0227154929577465	0.0631620751832598	-0.0404465822255133
10703	107030	0.556511561197667	0.05	0.0232415492957746	0.0560658404919601	-0.0328242911961854
10704	107040	0.674034979835168	0.06	0.025656338028169	0.0496673656410367	-0.0240110276128677
10705	107050	0.75508489635935	0.06	0.0296176056338028	0.0473711556039105	-0.0177535499701077
10706	107060	0.803629166885713	0.06	0.0314049295774648	0.0467112607158209	-0.0153063311383561
10707	107070	0.821553853898811	0	0.0335218309859155	0.0456242033353201	-0.0121023723494046
10708	107080	0.832343923062105	0.02	0.0336866197183099	0.0435348351856208	-0.00984821546731096
10709	107090	0.883180151911505	0	0.0326345070422535	0.0398815824067317	-0.00724707536447814
10710	107100	0.908767464980387	0	0.0315887323943662	0.035862872978823	-0.00427414058445681
10711	107110	0	0.2	0.0306823943661972	0.0338864776375646	-0.0032040832713674
10712	107120	0.864984774151202	0.08	0.0312908450704226	0.0395650623537883	-0.0082742172833657
10713	107130	0.83081011583233	0.03	0.0321464788732394	0.0440282333508539	-0.0118817544776145
10714	107140	0	0.1	0.0339845070422535	0.0461503461274436	-0.0121658390851901
10715	107150	0.811245984279838	0.01	0.0349098591549296	0.0468744759859904	-0.0119646168310608
10716	107160	0	0.06	0.0355816901408451	0.0396783719512358	-0.00409668181039073
10717	107170	0	0.49	0.0378	0.0413463134156344	-0.00354631341563441
10718	107180	0	0.01	0.0408992957746479	0.051986223758553	-0.0110869279839051
10719	107190	0	0.55	0.0437387323943662	0.062284917585639	-0.0185461851912728
10720	107200	0.746388744897707	0	0.0531887323943662	0.0785953900925608	-0.0254066576981946
10721	107210	0	0	0.0628098591549296	0.0841730631176836	-0.021363203962754
10722	107220	0.908707135854222	0	0.0637605633802817	0.0783206426663559	-0.0145600792860742
10723	107230	0	0	0.0610352112676056	0.0706338769777755	-0.00959866571016989
10724	107240	0.950252277023089	0.12	0.0578852112676056	0.062227153429568	-0.00434194216196236
10725	107250	0.962505338231159	0.04	0.0546781690140845	0.0577949914250438	-0.00311682241095929
10726	107260	0.973757249423517	0.52	0.058962676056338	0.0594238829309246	-0.000461206874586534
10727	107270	0.979275356004364	0.02	0.0809492957746479	0.0717503548959394	0.00919894087870846
10728	107280	0	0	0.0874964788732394	0.0778030642238931	0.00969341464934639
10729	107290	0.970839206658123	0.01	0.0840676056338028	0.0736243998311447	0.0104432058026581
10730	107300	0.999909306976505	0	0.0760119718309859	0.0689913027830966	0.00702066904788938
10731	107310	0.999957289181783	0.04	0.0676204225352113	0.0614073863550325	0.00621303618017875
10732	107320	0.998920038175629	0.7	0.0707197183098591	0.061302667205749	0.00941705110411018
10733	107330	0.989670696826469	0.03	0.0873950704225352	0.0782266499253554	0.00916842049717985
10734	107340	0.989895589671986	0.8	0.106180985915493	0.0957482235048201	0.010432762410673
10735	107350	0	0.24	0.186185915492958	0.121608405557	0.0645775099359581
10736	107360	0	0.33	0.206626056338028	0.14326661152987	0.063359444808158
10737	107370	0	0.05	0.183752112676056	0.150268034575254	0.033484078100802
10738	107380	0	0.33	0.155110563380282	0.145155550352177	0.00995501302810509
10739	107390	0	0.07	0.134410563380282	0.143816182683006	-0.00940561930272393
10740	107400	0	0	0.111853521126761	0.130687130072035	-0.0188336089452744
10741	107410	0	0.07	0.092230985915493	0.118701588947879	-0.0264706030323856
10742	107420	0	0.01	0.0862795774647887	0.107558530796931	-0.0212789533321421
10743	107430	0	0.54	0.0775457746478873	0.104799512411934	-0.0272537377640464
10744	107440	0	0.07	0.0717654929577465	0.113329624305306	-0.0415641313475595
10745	107450	0	0	0.0655035211267606	0.11499792473351	-0.0494944036067499
10746	107460	0	0	0.0603443661971831	0.105961174767486	-0.0456168085703025
10747	107470	0	0	0.0556605633802817	0.0923450528512711	-0.0366844894709894
10748	107480	0	0.42	0.0518197183098592	0.0861544138530707	-0.0343346955432115
10749	107490	0	0	0.049069014084507	0.0927341878938791	-0.0436651738093721
10750	107500	0	0	0.0433838028169014	0.0907666171400937	-0.0473828143231923
10751	107510	0	0	0.0460330985915493	0.0861246848437003	-0.0400915862521511
10752	107520	0	0	0.0429781690140845	0.0798539786392012	-0.0368758096251167
10753	107530	0	0	0.0414823943661972	0.0652621805290829	-0.0237797861628857
10754	107540	0	0	0.0446514084507042	0.0574381054161447	-0.0127866969654405
10755	107550	0	0	0.0444105633802817	0.0428719976907069	0.00153856568957483
10756	107560	0	0	0.0453612676056338	0.036488409709185	0.00887285789644882
10757	107570	0	0	0.0460774647887324	0.0295254369938475	0.0165520277948849
10758	107580	0	0	0.0453866197183098	0.0255650599930725	0.0198215597252374
10759	107590	0	0	0.0477570422535211	0.0191450081133424	0.0286120341401788
10760	107600	0	0	0.0470345070422535	0.0180859594132814	0.0289485476289722
10761	107610	0	0	0.0492464788732394	0.0178101682668807	0.0314363106063588
10762	107620	0	0	0.0514964788732394	0.0154987538036914	0.0359977250695481
10763	107630	0	0.1	0.0506345070422536	0.0144469013173516	0.036187605724902
10764	107640	0	0	0.0516676056338028	0.0105359681143897	0.0411316375194131
10765	107650	0	0.27	0.0501338028169014	0.0153324094236868	0.0348013933932146
10766	107660	0	0	0.0496584507042254	0.0245422495856566	0.0251162011185687
10767	107670	0	0.01	0.0478774647887324	0.0286610860170678	0.0192163787716646
10768	107680	0	0.09	0.0451584507042253	0.0284866288902359	0.0166718218139895
10769	107690	0	0	0.0415394366197183	0.0253119796689524	0.0162274569507659
10770	107700	0	0.13	0.0401323943661972	0.0255647552158605	0.0145676391503367
10771	107710	0	0	0.0380154929577465	0.02732486358926	0.0106906293684865
10772	107720	0	0.31	0.0358478873239437	0.0303832794298458	0.00546460789409784
10773	107730	0	0.02	0.0347133802816901	0.0386239768279832	-0.0039105965462931
10774	107740	0	0.18	0.0330908450704226	0.0444694406012134	-0.0113785955307909
10775	107750	0	0.14	0.0325204225352113	0.0496622954286434	-0.0171418728934322
10776	107760	0	0	0.0314302816901408	0.0543532738845706	-0.0229229921944298
10777	107770	0	0.01	0.0303781690140845	0.0522577242486767	-0.0218795552345923
10778	107780	0	0	0.0304352112676056	0.0480926265895763	-0.0176574153219707
10779	107790	0	0.01	0.0286669014084507	0.042656421825129	-0.0139895204166783
10780	107800	0	0	0.0286478873239437	0.0375767554199704	-0.00892886809602675
10781	107810	0	0.01	0.027012676056338	0.0333737398839352	-0.0063610638275972
10782	107820	0	0	0.0261950704225352	0.0303873153550294	-0.00419224493249424
10783	107830	0	0	0.0253964788732394	0.0277357413155738	-0.00233926244233434
10784	107840	0	0.09	0.024293661971831	0.0248158662860714	-0.000522204314240448
10785	107850	0	0	0.0239704225352113	0.0259074454848409	-0.00193702294962962
10786	107860	0	0	0.0225823943661972	0.0221942470322863	0.000388147333910894
10787	107870	0	0	0.0226964788732394	0.0209081229018204	0.00178835597141908
10788	107880	0	0	0.0221894366197183	0.019019849555312	0.00316958706440632
10789	107890	0	0	0.022037323943662	0.0169090844821969	0.00512823946146506
10790	107900	0		0.0205098591549296		
10791	107910	0		0.0215683098591549		
10792	107920	0		0.0200978873239437		
10793	107930	0		0.0183232394366197		
10794	107940	0		0.0211943661971831		
10795	107950	0		0.0163964788732394		
10796	107960	0		0.0209028169014084		
10797	107970	0		0.017987323943662		
10798	107980	0				
10799	107990	0				
10800	108000	0				
10801	108010	0				
10802	108020	0				
10803	108030	0				
10804	108040	0				
10805	108050	0				
10806	108060	0				
10807	108070	0				
10808	108080	0				
10809	108090	0				
10810	108100	0				
10811	108110	0				
10812	108120	0				
10813	108130	0				
10814	108140	0				
10815	108150	0				
10816	108160	0				
10817	108170	0				
10818	108180	0				
10819	108190	0				
10820	108200	0				
10821	108210	0				
10822	108220	0				
10823	108230	0				
10824	108240	0				
10825	108250	0				
10826	108260	0				
10827	108270	0				
10828	108280	0				
10829	108290	0				
10830	108300	0				
10831	108310	0				
10832	108320	0				
10833	108330	0				
10834	108340	0				
10835	108350	0				
10836	108360	0				
10837	108370	0				
10838	108380	0				
10839	108390	0				
10840	108400	0				
10841	108410	0				
10842	108420	0				
10843	108430	0				
10844	108440	0				
10845	108450	0				
10846	108460	0				
10847	108470	0				
10848	108480	0				
10849	108490	0				
10850	108500	0				
10851	108510	0				
10852	108520	0				
10853	108530	0				
10854	108540	0				
10855	108550	0				
10856	108560	0				
10857	108570	0				
10858	108580	0				
10859	108590	0				
10860	108600	0				
10861	108610	0				
10862	108620	0				
10863	108630	0				
10864	108640	0				
10865	108650	0				
10866	108660	0				
10867	108670	0				
10868	108680	0				
10869	108690	0				
10870	108700	0				
10871	108710	0				
10872	108720	0				
10873	108730	0				
10874	108740	0				
10875	108750	0				
10876	108760	0				
10877	108770	0				
10878	108780	0				
10879	108790	0				
10880	108800	0				
10881	108810	0				
10882	108820	0				
10883	108830	0				
10884	108840	0				
10885	108850	0				
10886	108860	0				
10887	108870	0				
10888	108880	0				
10889	108890	0				
10890	108900	0				
10891	108910	0				
10892	108920	0				
10893	108930	0				
10894	108940	0				
10895	108950	0				
10896	108960	0				
10897	108970	0				
10898	108980	0				
10899	108990	0				
10900	109000	0				
10901	109010	0				
10902	109020	0				
10903	109030	0				
10904	109040	0				
10905	109050	0				
10906	109060	0				
10907	109070	0				
10908	109080	0				
10909	109090	0				
10910	109100	0				
10911	109110	0				
10912	109120	0				
10913	109130	0				
10914	109140	0				
10915	109150	0				
10916	109160	0				
10917	109170	0				
10918	109180	0				
10919	109190	0				
10920	109200	0				
10921	109210	0				
10922	109220	0				
10923	109230	0				
10924	109240	0				
10925	109250	0				
10926	109260	0				
10927	109270	0				
10928	109280	0				
10929	109290	0				
10930	109300	0				
10931	109310	0				
10932	109320	0				
10933	109330	0				
10934	109340	0				
10935	109350	0				
10936	109360	0				
10937	109370	0				
10938	109380	0				
10939	109390	0				
10940	109400	0				
10941	109410	0				
10942	109420	0				
10943	109430	0				
10944	109440	0				
10945	109450	0				
10946	109460	0				
10947	109470	0				
10948	109480	0				
10949	109490	0				
10950	109500	0				
10951	109510	0				
10952	109520	0				
10953	109530	0				
10954	109540	0				
10955	109550	0				
10956	109560	0				
10957	109570	0				
10958	109580	0				
10959	109590	0				
10960	109600	0				
10961	109610	0				
10962	109620	0				
10963	109630	0				
10964	109640	0				
10965	109650	0				
10966	109660	0				
10967	109670	0				
10968	109680	0				
10969	109690	0				
10970	109700	0				
10971	109710	0				
10972	109720	0				
10973	109730	0				
10974	109740	0				
10975	109750	0				
10976	109760	0				
10977	109770	0				
10978	109780	0				
10979	109790	0				
10980	109800	0				
10981	109810	0				
10982	109820	0				
10983	109830	0				
10984	109840	0				
10985	109850	0				
10986	109860	0				
10987	109870	0				
10988	109880	0				
10989	109890	0				
10990	109900	0				
10991	109910	0				
10992	109920	0				
10993	109930	0				
10994	109940	0				
10995	109950	0				
10996	109960	0				
10997	109970	0				
10998	109980	0				
10999	109990	0				
11000	110000	0				
11001	110010	0				
11002	110020	0				
11003	110030	0				
11004	110040	0				
11005	110050	0				
11006	110060	0				
11007	110070	0				
11008	110080	0				
11009	110090	0				
11010	110100	0				
11011	110110	0				
11012	110120	0				
11013	110130	0				
11014	110140	0				
11015	110150	0				
11016	110160	0				
11017	110170	0				
11018	110180	0				
11019	110190	0				
11020	110200	0				
11021	110210	0				
11022	110220	0				
11023	110230	0				
11024	110240	0				
11025	110250	0				
11026	110260	0				
11027	110270	0				
11028	110280	0				
11029	110290	0				
11030	110300	0				
11031	110310	0				
11032	110320	0				
11033	110330	0				
11034	110340	0				
11035	110350	0				
11036	110360	0				
11037	110370	0				
11038	110380	0				
11039	110390	0				
11040	110400	0				
11041	110410	0				
11042	110420	0				
11043	110430	0				
11044	110440	0				
11045	110450	0				
11046	110460	0				
11047	110470	0				
11048	110480	0				
11049	110490	0				
11050	110500	0				
11051	110510	0				
11052	110520	0				
11053	110530	0				
11054	110540	0				
11055	110550	0				
11056	110560	0				
11057	110570	0				
11058	110580	0				
11059	110590	0				
11060	110600	0				
11061	110610	0				
11062	110620	0				
11063	110630	0				
11064	110640	0				
11065	110650	0				
11066	110660	0				
11067	110670	0				
11068	110680	0				
11069	110690	0				
11070	110700	0				
11071	110710	0				
11072	110720	0				
11073	110730	0				
11074	110740	0				
11075	110750	0				
11076	110760	0				
11077	110770	0				
11078	110780	0				
11079	110790	0				
11080	110800	0				
11081	110810	0				
11082	110820	0				
11083	110830	0				
11084	110840	0				
11085	110850	0				
11086	110860	0				
11087	110870	0				
11088	110880	0				
11089	110890	0				
11090	110900	0				
11091	110910	0				
11092	110920	0				
11093	110930	0				
11094	110940	0				
11095	110950	0				
11096	110960	0				
11097	110970	0				
11098	110980	0				
11099	110990	0				
11100	111000	0				
11101	111010	0				
11102	111020	0				
11103	111030	0				
11104	111040	0				
11105	111050	0				
11106	111060	0				
11107	111070	0				
11108	111080	0				
11109	111090	0				
11110	111100	0				
11111	111110	0				
11112	111120	0				
11113	111130	0				
11114	111140	0				
11115	111150	0				
11116	111160	0				
11117	111170	0				
11118	111180	0				
11119	111190	0				
11120	111200	0				
11121	111210	0				
11122	111220	0				
11123	111230	0				
11124	111240	0				
11125	111250	0				
11126	111260	0				
11127	111270	0				
11128	111280	0				
11129	111290	0				
11130	111300	0				
11131	111310	0				
11132	111320	0				
11133	111330	0				
11134	111340	0				
11135	111350	0				
11136	111360	0				
11137	111370	0				
11138	111380	0				
11139	111390	0				
11140	111400	0				
11141	111410	0				
11142	111420	0				
11143	111430	0				
11144	111440	0				
11145	111450	0				
11146	111460	0				
11147	111470	0				
11148	111480	0				
11149	111490	0				
11150	111500	0				
11151	111510	0				
11152	111520	0				
11153	111530	0				
11154	111540	0				
11155	111550	0				
11156	111560	0				
11157	111570	0				
11158	111580	0				
11159	111590	0				
11160	111600	0				
11161	111610	0				
11162	111620	0				
11163	111630	0				
11164	111640	0				
11165	111650	0				
11166	111660	0				
11167	111670	0				
11168	111680	0				
11169	111690	0				
11170	111700	0				
11171	111710	0				
11172	111720	0				
11173	111730	0				
11174	111740	0				
11175	111750	0				
11176	111760	0				
11177	111770	0				
11178	111780	0				
11179	111790	0				
11180	111800	0				
11181	111810	0				
11182	111820	0				
11183	111830	0				
11184	111840	0				
11185	111850	0				
11186	111860	0				
11187	111870	0				
11188	111880	0				
11189	111890	0				
11190	111900	0				
11191	111910	0				
11192	111920	0				
11193	111930	0				
11194	111940	0				
11195	111950	0				
11196	111960	0				
11197	111970	0				
11198	111980	0				
11199	111990	0				
11200	112000	0				
11201	112010	0				
11202	112020	0				
11203	112030	0				
11204	112040	0				
11205	112050	0				
11206	112060	0				
11207	112070	0				
11208	112080	0				
11209	112090	0				
11210	112100	0				
11211	112110	0				
11212	112120	0				
11213	112130	0				
11214	112140	0				
11215	112150	0				
11216	112160	0				
11217	112170	0				
11218	112180	0				
11219	112190	0				
11220	112200	0				
11221	112210	0				
11222	112220	0				
11223	112230	0				
11224	112240	0				
11225	112250	0				
11226	112260	0				
11227	112270	0				
11228	112280	0				
11229	112290	0				
11230	112300	0				
11231	112310	0				
11232	112320	0				
11233	112330	0				
11234	112340	0				
11235	112350	0				
11236	112360	0				
11237	112370	0				
11238	112380	0				
11239	112390	0				
11240	112400	0				
11241	112410	0				
11242	112420	0				
11243	112430	0				
11244	112440	0				
11245	112450	0				
11246	112460	0				
11247	112470	0				
11248	112480	0				
11249	112490	0				
11250	112500	0				
11251	112510	0				
11252	112520	0				
11253	112530	0				
11254	112540	0				
11255	112550	0				
11256	112560	0				
11257	112570	0				
11258	112580	0				
11259	112590	0				
11260	112600	0				
11261	112610	0				
11262	112620	0				
11263	112630	0				
11264	112640	0				
11265	112650	0				
11266	112660	0				
11267	112670	0				
11268	112680	0				
11269	112690	0				
11270	112700	0				
11271	112710	0				
11272	112720	0				
11273	112730	0				
11274	112740	0				
11275	112750	0				
11276	112760	0				
11277	112770	0				
11278	112780	0				
11279	112790	0				
11280	112800	0				
11281	112810	0				
11282	112820	0				
11283	112830	0				
11284	112840	0				
11285	112850	0				
11286	112860	0				
11287	112870	0				
11288	112880	0				
11289	112890	0				
11290	112900	0				
11291	112910	0				
11292	112920	0				
11293	112930	0				
11294	112940	0				
11295	112950	0				
11296	112960	0				
11297	112970	0				
11298	112980	0				
11299	112990	0				
11300	113000	0				
11301	113010	0				
11302	113020	0				
11303	113030	0				
11304	113040	0				
11305	113050	0				
11306	113060	0				
11307	113070	0				
11308	113080	0				
11309	113090	0				
11310	113100	0				
11311	113110	0				
11312	113120	0				
11313	113130	0				
11314	113140	0				
11315	113150	0				
11316	113160	0				
11317	113170	0				
11318	113180	0				
11319	113190	0				
11320	113200	0				
11321	113210	0				
11322	113220	0				
11323	113230	0				
11324	113240	0				
11325	113250	0				
11326	113260	0				
11327	113270	0				
11328	113280	0				
11329	113290	0				
11330	113300	0				
11331	113310	0				
11332	113320	0				
11333	113330	0				
11334	113340	0				
11335	113350	0				
11336	113360	0				
11337	113370	0				
11338	113380	0				
11339	113390	0				
11340	113400	0				
11341	113410	0				
11342	113420	0				
11343	113430	0				
11344	113440	0				
11345	113450	0				
11346	113460	0				
11347	113470	0				
11348	113480	0				
11349	113490	0				
11350	113500	0				
11351	113510	0				
11352	113520	0				
11353	113530	0				
11354	113540	0				
11355	113550	0		0.048124647887324		
11356	113560	0		0.0867929577464789		
11357	113570	0		0.156498591549296		
11358	113580	0		0.279931690140845		
11359	113590	0		0.377264788732394		
11360	113600	0		0.389199295774648		
11361	113610	0		0.364322535211268		
11362	113620	0		0.393762676056338		
11363	113630	0		0.347178169014085		
11364	113640	0		0.276635915492958		
11365	113650	0		0.216050704225352		
11366	113660	0		0.16341338028169		
11367	113670	0		0.11674647887324		
11368	113680	0		0.0873316901408451		
11369	113690	0		0.0736035211267606		
11370	113700	0		0.0657887323943662		
11371	113710	0		0.0572514084507042		
11372	113720	0		0.0464957746478873		
11373	113730	0		0.0462739436619718		
11374	113740	0		0.0527007042253521		
11375	113750	0		0.0872683098591549		
11376	113760	0		0.10857676056338		
11377	113770	0		0.197860563380282		
11378	113780	0		0.212203521126761		
11379	113790	0		0.210479577464789		
11380	113800	0		0.271426056338028		
11381	113810	0		0.316508450704225		
11382	113820	0	0	0.360957042253521		
11383	113830	0	0	0.327340140845071		
11384	113840	0	0.01	0.265721830985916		
11385	113850	0	0.16	0.225044366197183		
11386	113860	0	0.29	0.203431690140845		
11387	113870	0	0.19	0.202385915492958		
11388	113880	0	0.35	0.190723943661972		
11389	113890	0	0.24	0.189221830985916		
11390	113900	0	0	0.19838661971831		
11391	113910	0	0	0.196282394366197		
11392	113920	0	0	0.190400704225352		
11393	113930	0	0	0.182218309859155		
11394	113940	0	0	0.194254225352113		
11395	113950	0	0	0.193569718309859		
11396	113960	0	0	0.145102816901408		
11397	113970	0	0	0.132090845070422		
11398	113980	0	0	0.127838028169014		
11399	113990	0	0	0.122995774647887		
11400	114000	0	0	0.0984359154929577		
11401	114010	0	0	0.0871415492957747		
11402	114020	0	0	0.0855316901408451	0.0192776378048984	0.0662540523359467
11403	114030	0	0	0.0766457746478873	0.0180489511801566	0.0585968234677307
11404	114040	0	0	0.0789781690140845	0.0169695984858083	0.0620085705282762
11405	114050	0	0.01	0.0717401408450704	0.0166400005960843	0.0551001402489861
11406	114060	0	0.01	0.0586014084507042	0.0150175990518738	0.0435838093988304
11407	114070	0	0	0.0487204225352113	0.0114876940948753	0.037232728440336
11408	114080	0	0.04	0.0397204225352113	0.00903896743183729	0.030681455103374
11409	114090	0	0	0.0378950704225352	0.00584447110177621	0.032050599320759
11410	114100	0	0.05	0.0327929577464789	0.00418428914139635	0.0286086686050825
11411	114110	0	0	0.0314049295774648	0.00573923182283664	0.0256656977546282
11412	114120	0	0	0.0296619718309859	0.00633552334541776	0.0233264484855681
11413	114130	0	0.07	0.0279950704225352	0.00669099854297008	0.0213040718795651
11414	114140	0	0.65	0.0304985915492958	0.0158400262541119	0.0146585652951838
11415	114150	0	0.24	0.0392070422535211	0.0412116177190289	-0.00200457546550781
11416	114160	0	0.01	0.0455830985915493	0.0600098683561654	-0.0144267697646161
11417	114170	0	0.12	0.044537323943662	0.0650409295170064	-0.0205036055733445
11418	114180	0	0	0.044524647887324	0.0665707521786593	-0.0220461042913354
11419	114190	0	0	0.0642169014084507	0.0623526211597264	0.0018642802487243
11420	114200	0	0.06	0.0714169014084507	0.0553275320117436	0.0160893693967071
11421	114210	0	0.07	0.106852816901408	0.0503882049428731	0.0564646119585354
11422	114220	0	0.16	0.120105633802817	0.0487770572660938	0.0713285765367231
11423	114230	0	0.53	0.114344366197183	0.0568366523003562	0.0575077138968269
11424	114240	0	0.01	0.0934478873239437	0.0734550080560091	0.0199928792679347
11425	114250	0	0.11	0.0814119718309859	0.0799762366931813	0.00143573513780466
11426	114260	0	0.04	0.089537323943662	0.079802434080882	0.00973488986277997
11427	114270	0	0.69	0.073780985915493	0.0854603680647513	-0.0116793821492583
11428	114280	0	0	0.0971492957746479	0.101355151853037	-0.00420585607838929
11429	114290	0	0	0.117830281690141	0.10381414069838	0.0140161409917605
11430	114300	0	0	0.165682394366197	0.095488142853288	0.0701942515129093
11431	114310	0	0	0.278201408450704	0.0885285982001594	0.189672810250545
11432	114320	0	0.04	0.278752816901409	0.0803942279677878	0.198358588933621
11433	114330	0	0.53	0.299598591549296	0.0780903853451012	0.221508206204195
11434	114340	0	0.71	0.299199295774648	0.0950150673921508	0.204184228382497
11435	114350	0	0.12	0.30741338028169	0.115458239617966	0.191955140663724
11436	114360	0	0.05	0.2916	0.125775775479225	0.165824224520775
11437	114370	0	0	0.247924647887324	0.123068158023216	0.124856489864108
11438	114380	0	0	0.211037323943662	0.112812457717477	0.0982248662261848
11439	114390	0	0.44	0.181400704225352	0.104714586238229	0.0766861179871238
11440	114400	0	0.06	0.219283098591549	0.109764880495972	0.109518218095577
11441	114410	0	0	0.231997183098592	0.106684625084009	0.125312558014582
11442	114420	0	0	0.201162676056338	0.0977212000117998	0.103441476044538
11443	114430	0	0	0.171785915492958	0.0873608124787072	0.0844251030142507
11444	114440	0	0	0.138194366197183	0.0745694470159601	0.0636249191812232
11445	114450	0	0	0.130512676056338	0.0663882921053388	0.0641243839509993
11446	114460	0	0	0.119300704225352	0.0577722000570019	0.0615285041683502
11447	114470	0	0.13	0.109831690140845	0.0522970765812498	0.0575346135595952
11448	114480	0	0.24	0.0925859154929578	0.0464793925463223	0.0461065229466356
11449	114490	0	0.04	0.0792950704225352	0.0526950664958753	0.0266000039266599
11450	114500	0	0.28	0.0771464788732395	0.0591111537074063	0.0180353251658332
11451	114510	0	0.52	0.0836619718309859	0.0745088580721199	0.00915311375886599
11452	114520	0	0.46	0.14631338028169	0.0997822127647156	0.0465311675169744
11453	114530	0	0.91	0.211804225352113	0.128682112409721	0.0831221129423916
11454	114540	0	1.13	0.257495070422535	0.167610824540961	0.0898842458815746
11455	114550	0	0.01	0.246568309859155	0.205967366066661	0.0406009437924935
11456	114560	0	0.21	0.218788732394366	0.218028349167531	0.000760383226835665
11457	114570	0	0	0.293666197183099	0.211477198124068	0.0821889990590309
11458	114580	0	0	0.293184507042254	0.194602369858491	0.0985821371837629
11459	114590	0	0	0.257431690140845	0.16998684415026	0.0874448459905847
11460	114600	0	0	0.212773943661972	0.142617351624887	0.0701565920370848
11461	114610	0	0	0.170328169014084	0.122316136766459	0.0480120322476258
11462	114620	0	0	0.139525352112676	0.10710201022806	0.0324233418846162
11463	114630	0	0	0.102809154929577	0.0954204377461044	0.00738871718347295
11464	114640	0	0.03	0.0887957746478873	0.0857774415898522	0.00301833305803513
11465	114650	0	0	0.0900887323943662	0.078771454963666	0.0113172774307002
11466	114660	0	0.27	0.0808225352112676	0.0749334677797504	0.00588906743151724
11467	114670	0	0.58	0.105978169014085	0.0850774323053591	0.0209007367087254
11468	114680	0	0.45	0.176818309859155	0.107113385932527	0.069704923926628
11469	114690	0	0	0.200332394366197	0.125254048949802	0.0750783454163952
11470	114700	0	0.01	0.176564788732394	0.129629819052127	0.0469349696802668
11471	114710	0	0	0.157791549295775	0.123323572738904	0.034467976556871
11472	114720	0	0.02	0.122045070422535	0.107803792983219	0.0142412774393161
11473	114730	0	0	0.0956281690140845	0.0909642017430806	0.00466396727100386
11474	114740	0	0	0.291802816901408	0.0690736431888346	0.222729173712574
11475	114750	0	0	0.270583098591549	0.0481016865752582	0.222481412016291
11476	114760	0	0	0.212983098591549	0.0423302318243974	0.170652866767152
11477	114770	0	0	0.168008450704225	0.035702828783622	0.132305621920603
11478	114780	0	0	0.130411267605634	0.0316242242492998	0.098787043356334
11479	114790	0	0	0.0992281690140844	0.0283784002336613	0.0708497687804232
11480	114800	0	0	0.0799605633802817	0.0259108511387737	0.054049712241508
11481	114810	0	0	0.0704028169014084	0.0235520827329325	0.046850734168476
11482	114820	0	0	0.0602619718309859	0.020414869044455	0.0398471027865309
11483	114830	0	0	0.0528338028169014	0.0185895642666712	0.0342442385502302
11484	114840	0	0	0.0477887323943662	0.0187028858520329	0.0290858465423333
11485	114850	0	0	0.043656338028169	0.0190044045656425	0.0246519334625265
11486	114860	0	0	0.0422619718309859	0.0179352827134989	0.024326689117487
11487	114870	0	0	0.0394478873239437	0.0133037545181795	0.0261441328057642
11488	114880	0	0	0.0362535211267606	0.00565248202956058	0.0306010390972
11489	114890	0	0	0.0338957746478873	0.00042340165942157	0.0334723729884658
11490	114900	0	0	0.031487323943662	0.000404510439049711	0.0310828135046123
11491	114910	0	0	0.0302197183098592	0.000270609270284198	0.029949109039575
11492	114920	0	1.08	0.0298140845070423	0.0123426267020686	0.0174714578049737
11493	114930	0	1.15	0.0737239436619718	0.0619086504015887	0.0118152932603831
11494	114940	0	0.08	0.112614084507042	0.120644887991198	-0.00803080348415605
11495	114950	0	0.12	0.111549295774648	0.14440427352807	-0.0328549777534223
11496	114960	0	0	0.106935211267606	0.146871894801731	-0.0399366835341254
11497	114970	0	0	0.0871352112676056	0.137825313619653	-0.0506901023520469
11498	114980	0	0.01	0.0771971830985915	0.120848160000435	-0.0436509769018433
11499	114990	0	0	0.0662704225352113	0.103184644942018	-0.0369142224068072
11500	115000	0	0.81	0.0601859154929578	0.0962307168767454	-0.0360448013837876
11501	115010	0	0.52	0.0996845070422535	0.118702009651706	-0.0190175026094522
11502	115020	0	0	0.170923943661972	0.142154491991944	0.0287694516700276
11503	115030	0	0	0.161645070422535	0.143356321108121	0.0182887493144147
11504	115040	0	0	0.128484507042254	0.134332949945262	-0.00584844290300782
11505	115050	0	0	0.0979605633802817	0.122400913554481	-0.0244403501741993
11506	115060	0	0	0.0790985915492958	0.108330097561711	-0.0292315060124156
11507	115070	0	0	0.0659408450704225	0.092399018330961	-0.0264581732605384
11508	115080	0	0	0.0575492957746479	0.0786337164502147	-0.0210844206755668
11509	115090	0	0	0.0495380281690141	0.0727184718438794	-0.0231804436748653
11510	115100	0	0	0.0438338028169014	0.0704460663788935	-0.026612263561992
11511	115110	0	0	0.0400309859154929	0.0654959580862858	-0.0254649721707928
11512	115120	0	0.12	0.0374197183098592	0.0604614410330633	-0.0230417227232041
11513	115130	0	0.02	0.0349605633802817	0.0480017752812319	-0.0130412119009502
11514	115140	0	0	0.0326281690140845	0.034737213284488	-0.00210904427040353
11515	115150	0	0.49	0.0317408450704225	0.0362383307946095	-0.00449748572418701
11516	115160	0	0.55	0.0376478873239437	0.0544670804068365	-0.0168191930828928
11517	115170	0	0.1	0.0858169014084507	0.0824305970324939	0.00338630437595686
11518	115180	0	0.64	0.152594366197183	0.102397813317131	0.0501965528800525
11519	115190	0	0.07	0.208622535211267	0.123523720565225	0.0850988146460425
11520	115200	0	0.25	0.205985915492958	0.13183895105425	0.0741469644387079
11521	115210	0	0.15	0.199495774647887	0.124212658829008	0.0752831158188796
11522	115220	0	0.3	0.204211267605634	0.120007044510387	0.0842042230952469
11523	115230	0	0.11	0.218408450704225	0.121086414192544	0.0973220365116815
11524	115240	0	0	0.20892676056338	0.118217385905915	0.0907093746574649
11525	115250	0	0	0.187478873239437	0.108577150981221	0.0789017222582152
11526	115260	0	0	0.154166197183099	0.096895221361393	0.0572709758217057
11527	115270	0	0	0.121842253521127	0.0855862143951598	0.0362560391259669
11528	115280	0	0	0.0926619718309859	0.0752306141332348	0.0174313576977512
11529	115290	0	0	0.0777549295774648	0.0669744795589765	0.0107804500184883
11530	115300	0	0	0.0666	0.0587505150579744	0.00784948494202565
11531	115310	0	0	0.0581070422535211	0.0528068515435167	0.00530019071000448
11532	115320	0	0	0.0520225352112676	0.0482028625711026	0.00381967264016499
11533	115330	0	0	0.0462169014084507	0.0442291088088126	0.00198779259963806
11534	115340	0	0	0.0421098591549296	0.0404322219795397	0.00167763717538986
11535	115350	0	0	0.0379774647887324	0.0387875347194126	-0.000810069930680245
11536	115360	0	0	0.0343267605633803	0.0304099807673562	0.00391677979602406
11537	115370	0	0	0.0323239436619718	0.0224690776013344	0.00985486606063743
11538	115380	0	0	0.029230985915493	0.019473888967287	0.00975709694820593
11539	115390	0	0	0.0278112676056338	0.0120358344020585	0.0157754332035753
11540	115400	0	0	0.0262901408450705	0.0108511099029384	0.015439030942132
11541	115410	0	0	0.0253014084507042	0.00739482911773435	0.0179065793329699
11542	115420	0	0.09	0.0245661971830986	0.00600546451203259	0.018560732671066
11543	115430	0	0.45	0.024743661971831	0.0104161893607925	0.0143274726110385
11544	115440	0	0.05	0.0257830985915493	0.0266131996037786	-0.000830101012229349
11545	115450	0	0.19	0.028343661971831	0.0381722417175442	-0.00982857974571319
11546	115460	0	0.28	0.0330338028169014	0.0483916768679176	-0.0153578740510162
11547	115470	0	0.03	0.0372422535211268	0.059665987412856	-0.0224237338917292
11548	115480	0	0.28	0.0410704225352113	0.0644707712461275	-0.0234003487109162
11549	115490	0	0.15	0.0480422535211268	0.0711625262841043	-0.0231202727629775
11550	115500	0	0	0.054456338028169	0.0746372581401895	-0.0201809201120205
11551	115510	0.881256873570666	0	0.0555718309859155	0.0704357050388558	-0.0148638740529403
11552	115520	0.862041983284681	0	0.0500704225352113	0.0639664255203314	-0.0138960029851201
11553	115530	0.871686445118245	0.06	0.0458619718309859	0.0568965866809652	-0.0110346148499793
11554	115540	0	0.57	0.0447211267605634	0.0580899478448165	-0.0133688210842532
11555	115550	0	0.31	0.0522253521126761	0.075768464389855	-0.023543112277179
11556	115560	0	0.01	0.0558253521126761	0.0914010783673575	-0.0355757262546814
11557	115570	0.535896339130618	0	0.0541774647887324	0.0925099746303391	-0.0383325098416067
11558	115580	0	0	0.0588676056338028	0.0869619339782715	-0.0280943283444687
11559	115590	0.768687075801513	0	0.0590704225352113	0.0785878964637394	-0.0195174739285282
11560	115600	0.848546069212429	0	0.058943661971831	0.0698950733088876	-0.0109514113370566
11561	115610	0.919945308913669	0	0.057143661971831	0.061053274354341	-0.00390961238251
11562	115620	0.94913974202743	0	0.0525042253521127	0.0537011573257104	-0.00119693197359767
11563	115630	0.978241841582991	0	0.0486760563380282	0.0476235792780453	0.00105247705998291
11564	115640	0.993469019571221	0	0.0433014084507042	0.0382386019494311	0.00506280650127309
11565	115650	0.983530856526617	0	0.0397521126760564	0.0345686298764855	0.00518348279957085
11566	115660	0.997099573015356	0	0.0370394366197183	0.0296285615922793	0.00741087502743905
11567	115670	0.995418481653049	0	0.0332366197183099	0.0246682160548683	0.0085684036634416
11568	115680	0.999270430896105	0	0.0318422535211268	0.0219287323516556	0.00991352116947116
11569	115690	0.99915453439545	0.41	0.0308281690140845	0.0207305203827293	0.0100976486313553
11570	115700	0.970579798941783	1.05	0.0407154929577465	0.0429170826438335	-0.002201589686087
11571	115710	0.761184095209047	0.27	0.11687323943662	0.0893674389298647	0.027505800506755
11572	115720	0.312545815155708	0	0.181647887323944	0.11715226188686	0.0644956254370841
11573	115730	0.3538880244852	0.01	0.173535211267606	0.120141679774205	0.053393531493401
11574	115740	0.540977598192609	0	0.150845070422535	0.112571342204985	0.0382737282175498
11575	115750	0.589301242034373	0	0.128611267605634	0.0938347754993664	0.0347764921062673
11576	115760	0.737335914927554	0	0.106554929577465	0.0769531555453187	0.0296017740321462
11577	115770	0.836675151876449	0	0.0890366197183099	0.0644941949950188	0.024542424723291
11578	115780	0.802736720577364	0	0.0782619718309859	0.0553614161006622	0.0229005557303237
11579	115790	0.856091781522325	0	0.0706816901408451	0.0494185344856178	0.0212631556552272
11580	115800	0.92061336648694	0.03	0.0652816901408451	0.0443496193224043	0.0209320708184407
11581	115810	0.919691756128373	0.05	0.0614535211267606	0.0410059967011736	0.020447524425587
11582	115820	0	0	0.0646225352112676	0.0393175482147756	0.0253049869964921
11583	115830	0.931933688454906	0	0.0608957746478873	0.0377351480372721	0.0231606266106152
11584	115840	0.883501423156835	0	0.0585380281690141	0.0339325476439219	0.0246054805250922
11585	115850	0.870220156308054	0.1	0.0552929577464789	0.030640567836529	0.0246523899099498
11586	115860	0.895077928871104	0	0.0536957746478873	0.0314412926987127	0.0222544819491746
11587	115870	0.954491456155324	0.08	0.0541014084507042	0.035014052527073	0.0190873559236312
11588	115880	0.958718738156696	0.01	0.053543661971831	0.0374701053436911	0.0160735566281399
11589	115890	0.992652491443099	0	0.0527830985915493	0.03687671536424	0.0159063832273093
11590	115900	0.942582054957558	0	0.0501971830985915	0.0291321136717298	0.0210650694268618
11591	115910	0.742278559069081	0	0.0481183098591549	0.015118405527336	0.0329999043318189
11592	115920	0.687158619280617	0	0.0462676056338028	0.0103597849304585	0.0359078207033444
11593	115930	0.724464419903819	0.08	0.0433014084507042	0.00983171071388533	0.0334696977368189
11594	115940	0.795036358087701	0.21	0.0424140845070422	0.0137278029191072	0.028686281587935
11595	115950	0.929728986407737	0.33	0.0431239436619718	0.024937520555846	0.0181864231061258
11596	115960	0.997552675497367	0.22	0.0445943661971831	0.0415399023115885	0.00305446388559465
11597	115970	0.898713248092692	0.21	0.0465718309859155	0.0562395722643986	-0.0096677412784831
11598	115980	0.806450971176992	0.41	0.051743661971831	0.070395938922128	-0.018652276950297
11599	115990	0.674550500553798	0.06	0.0566366197183099	0.0850877365954392	-0.0284511168771293
11600	116000	0.640830062657967	0.02	0.0597549295774648	0.0887047895074734	-0.0289498599300086
11601	116010	0.769862035572469	0.08	0.0610478873239437	0.0836504916997101	-0.0226026043757664
11602	116020	0	0.47	0.0636084507042254	0.0831348648481827	-0.0195264141439574
11603	116030	0	0.26	0.0826478873239437	0.0941052754189721	-0.0114573880950285
11604	116040	0	0.05	0.111194366197183	0.103331095551127	0.00786327064605634
11605	116050	0.900513487063412	0	0.116898591549296	0.101706645346132	0.0151919462031641
11606	116060	0.911506073448038	0	0.107442253521127	0.0937021945130341	0.0137400590080927
11607	116070	0.995378325966368	0	0.0902028169014084	0.0845596864289742	0.00564313047243426
11608	116080	0.997534570064226	0	0.0786422535211268	0.0735879368284073	0.00505431669271945
11609	116090	0.996256969752327	0.07	0.0698197183098592	0.0643119741988265	0.00550774411103264
11610	116100	0.999228650011233	0.07	0.0673605633802817	0.0592044605174138	0.00815610286286789
11611	116110	0.999952751106664	0.02	0.0646478873239436	0.0578057033767921	0.00684218394715153
11612	116120	0.999549439498564	0	0.0628732394366197	0.0554661877606768	0.00740705167594293
11613	116130	0.999308996269994	0	0.0613267605633803	0.0516600008418705	0.00966675972150975
11614	116140	0.995717392260885	0	0.058943661971831	0.0465094311899783	0.0124342307818527
11615	116150	0.999312232807034	0	0.054481690140845	0.0414719358202693	0.0130097543205757
11616	116160	0	0	0.052630985915493	0.0342513306047145	0.0183796553107784
11617	116170	0.947420104000476	0.22	0.050856338028169	0.0304249007371598	0.0204314372910092
11618	116180	0	0.3	0.0545070422535211	0.0357369063612987	0.0187701358922224
11619	116190	0.946905226123139	0.01	0.0623661971830986	0.0447195818431907	0.0176466153399079
11620	116200	0.952513160454256	0	0.0646985915492958	0.0493367174745096	0.0153618740747862
11621	116210	0.960304668381106	0	0.0620366197183099	0.0477609260035919	0.0142756937147179
11622	116220	0.96683008196518	0	0.0583605633802817	0.0430073892813356	0.0153531740989461
11623	116230	0.914389548293765	0.42	0.0567887323943662	0.0374835650113175	0.0193051673830487
11624	116240	0.914395944244527	0.41	0.0672591549295775	0.0488867020043883	0.0183724529251892
11625	116250	0	0.04	0.0908619718309859	0.0660388426701279	0.024823129160858
11626	116260	0	0	0.0952732394366197	0.0719932799189638	0.0232799595176559
11627	116270	0	0.04	0.0907859154929577	0.0704236785716598	0.0203622369212979
11628	116280	0	0.02	0.0842957746478873	0.0661665860438232	0.0181291886040642
11629	116290	0	0	0.0759549295774648	0.0595002514807712	0.0164546780966936
11630	116300	0	0	0.0713408450704225	0.051232893852632	0.0201079512177905
11631	116310	0	0.01	0.0644957746478873	0.0438823092832862	0.0206134653646011
11632	116320	0	0	0.0601605633802817	0.0385920802960601	0.0215684830842216
11633	116330	0	0	0.0571183098591549	0.0343239937797517	0.0227943160794032
11634	116340	0	0	0.0530619718309859	0.0310640011544391	0.0219979706765468
11635	116350	0	0.05	0.050830985915493	0.0294163054182161	0.0214146804972769
11636	116360	0	0.16	0.0494366197183099	0.030940171369204	0.0184964483491059
11637	116370	0	0.01	0.0494366197183099	0.0350656216187949	0.014370998099515
11638	116380	0	0	0.0493669014084507	0.032748046846804	0.0166188545616467
11639	116390	0	0	0.0478964788732394	0.0270653804869928	0.0208310983862467
11640	116400	0	0	0.0473323943661972	0.025945173228182	0.0213872211380152
11641	116410	0	0.01	0.0461704225352113	0.0250741923642024	0.0210962301710089
11642	116420	0	0	0.0445056338028169	0.0232676622868597	0.0212379715159572
11643	116430	0	0.29	0.0425535211267605	0.023845131194581	0.0187083899321795
11644	116440	0	0	0.044537323943662	0.0269816822187628	0.0175556417248992
11645	116450	0	0	0.0438845070422535	0.0264016249890343	0.0174828820532192
11646	116460	0	0	0.0432380281690141	0.0250965276751673	0.0181415004938468
11647	116470	0	0.08	0.0461471830985915	0.0244083713253237	0.0217388117732679
11648	116480	0	0.33	0.0493669014084507	0.0276434426026278	0.0217234588058229
11649	116490	0	0.29	0.0692112676056338	0.0407552525780098	0.028456015027624
11650	116500	0	0.08	0.0888464788732395	0.0544795606864984	0.0343669181867411
11651	116510	0	0	0.094480985915493	0.0597798874644426	0.0347010984510503
11652	116520	0	0	0.0950197183098592	0.0584108597680215	0.0366088585418377
11653	116530	0		0.0888718309859155		
11654	116540	0		0.0867232394366197		
11655	116550	0		0.0771654929577465		
11656	116560	0		0.0696232394366197		
11657	116570	0		0.0617387323943662		
11658	116580	0		0.0583922535211267		
11659	116590	0		0.0533725352112676		
11660	116600	0		0.0487330985915493		
11661	116610	0		0.0473260563380282		
11662	116620	0		0.044074647887324		
11663	116630	0		0.0458176056338028		
11664	116640	0		0.0411211267605634		
11665	116650	0		0.0394922535211268		
11666	116660	0		0.0405570422535211		
11667	116670	0		0.036893661971831		
11668	116680	0		0.0361774647887324		
11669	116690	0		0.0308978873239437		
11670	116700	0		0.0389598591549296		
11671	116710	0		0.0333253521126761		
11672	116720	0		0.0341429577464789		
11673	116730	0		0.0431239436619718		
11674	116740	0		0.0550140845070423		
11675	116750	0		0.0718352112676057		
11676	116760	0		0.0855570422535211		
11677	116770	0		0.0885992957746479		
11678	116780	0		0.081012676056338		
11679	116790	0		0.0747823943661972		
11680	116800	0		0.0663274647887324		
11681	116810	0				
11682	116820	0				
11683	116830	0				
11684	116840	0				
11685	116850	0				
11686	116860	0				
11687	116870	0				
11688	116880	0				
11689	116890	0				
11690	116900	0				
11691	116910	0				
11692	116920	0				
11693	116930	0				
11694	116940	0				
11695	116950	0				
11696	116960	0				
11697	116970	0				
11698	116980	0				
11699	116990	0				
11700	117000	0				
11701	117010	0				
11702	117020	0				
11703	117030	0				
11704	117040	0				
11705	117050	0				
11706	117060	0				
11707	117070	0				
11708	117080	0				
11709	117090	0				
11710	117100	0				
11711	117110	0				
11712	117120	0				
11713	117130	0				
11714	117140	0				
11715	117150	0				
11716	117160	0				
11717	117170	0				
11718	117180	0				
11719	117190	0				
11720	117200	0				
11721	117210	0				
11722	117220	0				
11723	117230	0				
11724	117240	0				
11725	117250	0				
11726	117260	0				
11727	117270	0				
11728	117280	0				
11729	117290	0				
11730	117300	0				
11731	117310	0				
11732	117320	0				
11733	117330	0				
11734	117340	0				
11735	117350	0				
11736	117360	0				
11737	117370	0				
11738	117380	0				
11739	117390	0				
11740	117400	0				
11741	117410	0				
11742	117420	0				
11743	117430	0				
11744	117440	0				
11745	117450	0				
11746	117460	0				
11747	117470	0				
11748	117480	0				
11749	117490	0				
11750	117500	0				
11751	117510	0				
11752	117520	0				
11753	117530	0				
11754	117540	0				
11755	117550	0				
11756	117560	0				
11757	117570	0				
11758	117580	0				
11759	117590	0				
11760	117600	0				
11761	117610	0				
11762	117620	0				
11763	117630	0				
11764	117640	0				
11765	117650	0				
11766	117660	0				
11767	117670	0				
11768	117680	0				
11769	117690	0				
11770	117700	0				
11771	117710	0				
11772	117720	0				
11773	117730	0				
11774	117740	0				
11775	117750	0				
11776	117760	0				
11777	117770	0				
11778	117780	0				
11779	117790	0				
11780	117800	0				
11781	117810	0				
11782	117820	0				
11783	117830	0				
11784	117840	0				
11785	117850	0				
11786	117860	0				
11787	117870	0				
11788	117880	0				
11789	117890	0				
11790	117900	0				
11791	117910	0				
11792	117920	0				
11793	117930	0				
11794	117940	0				
11795	117950	0				
11796	117960	0				
11797	117970	0				
11798	117980	0				
11799	117990	0				
11800	118000	0				
11801	118010	0				
11802	118020	0				
11803	118030	0				
11804	118040	0				
11805	118050	0				
11806	118060	0				
11807	118070	0				
11808	118080	0				
11809	118090	0				
11810	118100	0				
11811	118110	0				
11812	118120	0				
11813	118130	0				
11814	118140	0				
11815	118150	0				
11816	118160	0				
11817	118170	0				
11818	118180	0				
11819	118190	0				
11820	118200	0				
11821	118210	0				
11822	118220	0				
11823	118230	0				
11824	118240	0				
11825	118250	0				
11826	118260	0				
11827	118270	0				
11828	118280	0				
11829	118290	0				
11830	118300	0				
11831	118310	0				
11832	118320	0				
11833	118330	0				
11834	118340	0				
11835	118350	0				
11836	118360	0				
11837	118370	0				
11838	118380	0				
11839	118390	0				
11840	118400	0				
11841	118410	0				
11842	118420	0				
11843	118430	0				
11844	118440	0				
11845	118450	0				
11846	118460	0				
11847	118470	0				
11848	118480	0				
11849	118490	0				
11850	118500	0				
11851	118510	0				
11852	118520	0				
11853	118530	0				
11854	118540	0				
11855	118550	0				
11856	118560	0				
11857	118570	0				
11858	118580	0				
11859	118590	0				
11860	118600	0				
11861	118610	0				
11862	118620	0				
11863	118630	0				
11864	118640	0				
11865	118650	0				
11866	118660	0				
11867	118670	0				
11868	118680	0				
11869	118690	0				
11870	118700	0				
11871	118710	0				
11872	118720	0				
11873	118730	0				
11874	118740	0				
11875	118750	0				
11876	118760	0				
11877	118770	0				
11878	118780	0				
11879	118790	0				
11880	118800	0				
11881	118810	0				
11882	118820	0				
11883	118830	0				
11884	118840	0				
11885	118850	0				
11886	118860	0				
11887	118870	0				
11888	118880	0				
11889	118890	0				
11890	118900	0				
11891	118910	0				
11892	118920	0				
11893	118930	0				
11894	118940	0				
11895	118950	0				
11896	118960	0				
11897	118970	0				
11898	118980	0				
11899	118990	0				
11900	119000	0				
11901	119010	0				
11902	119020	0				
11903	119030	0				
11904	119040	0				
11905	119050	0				
11906	119060	0				
11907	119070	0				
11908	119080	0				
11909	119090	0				
11910	119100	0				
11911	119110	0				
11912	119120	0				
11913	119130	0				
11914	119140	0				
11915	119150	0				
11916	119160	0				
11917	119170	0				
11918	119180	0				
11919	119190	0				
11920	119200	0				
11921	119210	0				
11922	119220	0				
11923	119230	0				
11924	119240	0				
11925	119250	0				
11926	119260	0				
11927	119270	0				
11928	119280	0				
11929	119290	0				
11930	119300	0				
11931	119310	0				
11932	119320	0				
11933	119330	0				
11934	119340	0				
11935	119350	0				
11936	119360	0				
11937	119370	0				
11938	119380	0				
11939	119390	0				
11940	119400	0				
11941	119410	0				
11942	119420	0				
11943	119430	0				
11944	119440	0				
11945	119450	0				
11946	119460	0				
11947	119470	0				
11948	119480	0				
11949	119490	0				
11950	119500	0				
11951	119510	0				
11952	119520	0				
11953	119530	0				
11954	119540	0				
11955	119550	0				
11956	119560	0				
11957	119570	0				
11958	119580	0				
11959	119590	0				
11960	119600	0				
11961	119610	0				
11962	119620	0				
11963	119630	0				
11964	119640	0				
11965	119650	0				
11966	119660	0				
11967	119670	0				
11968	119680	0				
11969	119690	0				
11970	119700	0				
11971	119710	0				
11972	119720	0				
11973	119730	0				
11974	119740	0				
11975	119750	0				
11976	119760	0				
11977	119770	0				
11978	119780	0				
11979	119790	0				
11980	119800	0				
11981	119810	0				
11982	119820	0				
11983	119830	0				
11984	119840	0				
11985	119850	0				
11986	119860	0				
11987	119870	0				
11988	119880	0				
11989	119890	0				
11990	119900	0				
11991	119910	0				
11992	119920	0				
11993	119930	0				
11994	119940	0				
11995	119950	0				
11996	119960	0				
11997	119970	0				
11998	119980	0				
11999	119990	0				
12000	120000	0				
12001	120010	0				
12002	120020	0				
12003	120030	0				
12004	120040	0				
12005	120050	0				
12006	120060	0				
12007	120070	0				
12008	120080	0				
12009	120090	0				
12010	120100	0				
12011	120110	0				
12012	120120	0				
12013	120130	0				
12014	120140	0				
12015	120150	0				
12016	120160	0				
12017	120170	0				
12018	120180	0				
12019	120190	0				
12020	120200	0				
12021	120210	0				
12022	120220	0				
12023	120230	0				
12024	120240	0				
12025	120250	0				
12026	120260	0				
12027	120270	0				
12028	120280	0				
12029	120290	0				
12030	120300	0				
12031	120310	0				
12032	120320	0				
12033	120330	0				
12034	120340	0				
12035	120350	0				
12036	120360	0				
12037	120370	0				
12038	120380	0				
12039	120390	0				
12040	120400	0				
12041	120410	0				
12042	120420	0				
12043	120430	0				
12044	120440	0				
12045	120450	0				
12046	120460	0				
12047	120470	0				
12048	120480	0				
12049	120490	0				
12050	120500	0				
12051	120510	0				
12052	120520	0				
12053	120530	0				
12054	120540	0				
12055	120550	0				
12056	120560	0				
12057	120570	0				
12058	120580	0				
12059	120590	0				
12060	120600	0				
12061	120610	0				
12062	120620	0				
12063	120630	0				
12064	120640	0				
12065	120650	0				
12066	120660	0				
12067	120670	0				
12068	120680	0				
12069	120690	0				
12070	120700	0				
12071	120710	0				
12072	120720	0				
12073	120730	0				
12074	120740	0				
12075	120750	0				
12076	120760	0				
12077	120770	0				
12078	120780	0				
12079	120790	0				
12080	120800	0				
12081	120810	0				
12082	120820	0				
12083	120830	0				
12084	120840	0				
12085	120850	0				
12086	120860	0				
12087	120870	0				
12088	120880	0				
12089	120890	0				
12090	120900	0				
12091	120910	0				
12092	120920	0				
12093	120930	0				
12094	120940	0				
12095	120950	0				
12096	120960	0				
12097	120970	0				
12098	120980	0				
12099	120990	0				
12100	121000	0				
12101	121010	0				
12102	121020	0				
12103	121030	0				
12104	121040	0				
12105	121050	0				
12106	121060	0				
12107	121070	0				
12108	121080	0				
12109	121090	0				
12110	121100	0				
12111	121110	0				
12112	121120	0				
12113	121130	0				
12114	121140	0				
12115	121150	0				
12116	121160	0				
12117	121170	0				
12118	121180	0				
12119	121190	0				
12120	121200	0				
12121	121210	0				
12122	121220	0				
12123	121230	0				
12124	121240	0				
12125	121250	0				
12126	121260	0				
12127	121270	0				
12128	121280	0				
12129	121290	0				
12130	121300	0				
12131	121310	0				
12132	121320	0				
12133	121330	0				
12134	121340	0				
12135	121350	0				
12136	121360	0				
12137	121370	0				
12138	121380	0				
12139	121390	0				
12140	121400	0				
12141	121410	0				
12142	121420	0				
12143	121430	0				
12144	121440	0				
12145	121450	0				
12146	121460	0				
12147	121470	0				
12148	121480	0				
12149	121490	0				
12150	121500	0				
12151	121510	0				
12152	121520	0				
12153	121530	0				
12154	121540	0				
12155	121550	0				
12156	121560	0				
12157	121570	0				
12158	121580	0				
12159	121590	0				
12160	121600	0				
12161	121610	0				
12162	121620	0				
12163	121630	0				
12164	121640	0				
12165	121650	0				
12166	121660	0				
12167	121670	0				
12168	121680	0				
12169	121690	0				
12170	121700	0				
12171	121710	0				
12172	121720	0				
12173	121730	0				
12174	121740	0				
12175	121750	0				
12176	121760	0				
12177	121770	0				
12178	121780	0				
12179	121790	0				
12180	121800	0				
12181	121810	0				
12182	121820	0				
12183	121830	0				
12184	121840	0				
12185	121850	0				
12186	121860	0				
12187	121870	0				
12188	121880	0				
12189	121890	0				
12190	121900	0				
12191	121910	0				
12192	121920	0				
12193	121930	0				
12194	121940	0				
12195	121950	0				
12196	121960	0				
12197	121970	0				
12198	121980	0				
12199	121990	0				
12200	122000	0				
12201	122010	0				
12202	122020	0				
12203	122030	0				
12204	122040	0				
12205	122050	0				
12206	122060	0				
12207	122070	0				
12208	122080	0				
12209	122090	0				
12210	122100	0				
12211	122110	0				
12212	122120	0				
12213	122130	0				
12214	122140	0				
12215	122150	0				
12216	122160	0				
12217	122170	0				
12218	122180	0				
12219	122190	0				
12220	122200	0				
12221	122210	0				
12222	122220	0				
12223	122230	0				
12224	122240	0				
12225	122250	0				
12226	122260	0				
12227	122270	0				
12228	122280	0				
12229	122290	0				
12230	122300	0				
12231	122310	0				
12232	122320	0				
12233	122330	0				
12234	122340	0				
12235	122350	0				
12236	122360	0				
12237	122370	0				
12238	122380	0				
12239	122390	0				
12240	122400	0				
12241	122410	0	0			
12242	122420	0	0			
12243	122430	0	0			
12244	122440	0	0			
12245	122450	0	0	0		
12246	122460	0	0	0.0109267605633803		
12247	122470	0	0	0.023856338028169		
12248	122480	0	0.12	0.0283183098591549		
12249	122490	0	0.01	0.0503683098591549		
12250	122500	0	0	0.0746176056338028		
12251	122510	0	0	0.0824387323943662		
12252	122520	0	0	0.0800049295774648		
12253	122530	0	0	0.0792633802816901		
12254	122540	0	0	0.0824197183098592		
12255	122550	0	0	0.0870338028169014		
12256	122560	0	0	0.0904816901408451		
12257	122570	0	0	0.0979795774647888		
12258	122580	0	0	0.108247183098591		
12259	122590	0	0	0.132711971830986		
12260	122600	0	0	0.198602112676056		
12261	122610	0	0.43	0.259624647887324	0.00732952105718351	0.252295126830141
12262	122620	0	0.01	0.27237676056338	0.0218395118722294	0.250537248691151
12263	122630	0	0	0.314131690140845	0.0292520341810281	0.284879655959817
12264	122640	0	0.26	0.280806338028169	0.0320370998221615	0.248769238206007
12265	122650	0	0.35	0.230235211267606	0.0439027621503633	0.186332449117242
12266	122660	0	0	0.22165985915493	0.0571432280405185	0.164516631114411
12267	122670	0	0	0.207133098591549	0.0596259218354362	0.147507176756113
12268	122680	0	0	0.176209859154929	0.055339025402444	0.120870833752485
12269	122690	0	0		0.0485800025401843	
12270	122700	0	0		0.0425691682043209	
12271	122710	0	0		0.0364532477536694	
12272	122720	0	0		0.0311547965949237	
12273	122730	0	0		0.0272526633569457	
12274	122740	0	0.01		0.025202933558399	
12275	122750	0	0		0.0226456062302167	
12276	122760	0	0.07		0.0208802894941465	
12277	122770	0	0.08		0.0221105519829022	
12278	122780	0	0		0.0260366465697322	
12279	122790	0	0		0.0258742298732026	
12280	122800	0	0		0.0238512367824677	
12281	122810	0	0		0.0220444048840434	
12282	122820	0	0		0.0165279451361746	
12283	122830	0	0		0.0150025899144062	
12284	122840	0	0		0.0132012133124547	
12285	122850	0	0		0.00884443220436847	
12286	122860	0	0		0.00426496141015343	
12287	122870	0	0		0.00380594587133022	
12288	122880	0	0		0.00337127992306384	
12289	122890	0	0		0.00308271976222437	
12290	122900	0	0		0.00284115505920534	
12291	122910	0	0	0.212045070422535	0.00250117979876242	0.209543890623773
12292	122920	0	0	0.212444366197183	0.00216201892618015	0.210282347271003
12293	122930	0	0	0.175005633802817	0.00213011867413285	0.172875515128684
12294	122940	0	0	0.15383661971831	0.00227583709466083	0.151560782623649
12295	122950	0	0	0.144500704225352	0.00209743413958387	0.142403270085768
12296	122960	0	0	0.113767605633803	0.00190098219070371	0.111866623443099
12297	122970	0	0	0.142669014084507	0.000935480125219339	0.141733533959288
12298	122980	0	0	0.128192957746479	0	0.128192957746479
12299	122990	0	0	0.145216901408451	0	0.145216901408451
12300	123000	0	0	0.142599295774648	0	0.142599295774648
12301	123010	0	0	0.110199295774648	0	0.110199295774648
12302	123020	0	0	0.10009014084507	0	0.10009014084507
12303	123030	0	0.02	0.086387323943662	0.000224236234643773	0.0861630877090182
12304	123040	0	0	0.0887197183098592	0.000907686424251329	0.0878120318856078
12305	123050	0	0	0.0796943661971831	0.0012510365492254	0.0784433296479577
12306	123060	0	0	0.0846633802816901	0.00124987979338411	0.083413500488306
12307	123070	0	0	0.0862288732394366	0.00119543596184695	0.0850334372775897
12308	123080	0	0	0.0664098591549296	0.00104781495082526	0.0653620442041043
12309	123090	0	0	0.0614661971830986	0.000892697400054968	0.0605734997830436
12310	123100	0	0	0.050393661971831	0.00074142269726573	0.0496522392745653
12311	123110	0	0	0.0484478873239437	0.000630261975946463	0.0478176253479972
12312	123120	0	0	0.048606338028169	0.000572660901218191	0.0480336771269508
12313	123130	0	0	0.0441887323943662	0.00050726594128576	0.0436814664530804
12314	123140	0	0	0.0460964788732395	0.000452691196968675	0.0456437876762708
12315	123150	0	0	0.0429211267605634	0.000397774021561013	0.0425233527390024
12316	123160	0	0	0.0466669014084507	0.000384925833593646	0.0462819755748571
12317	123170	0	0	0.0394795774647887	0.000336612119451195	0.0391429653453375
12318	123180	0	0	0.0334330985915493	0.000288766516805117	0.0331443320747442
12319	123190	0	0.02	0.0322732394366197	0.000470854848146925	0.0318023845884728
12320	123200	0	0.09	0.0298774647887324	0.00220484650442778	0.0276726182843046
12321	123210	0	0	0.0297	0.00562320088175368	0.0240767991182463
12322	123220	0	0	0.0327676056338028	0.00715015353518262	0.0256174520986202
12323	123230	0	0	0.0368619718309859	0.00705376506338026	0.0298082067676057
12324	123240	0	0	0.0388521126760563	0.00642727677913655	0.0324248358969198
12325	123250	0	0	0.0338830985915493	0.00560786467876863	0.0282752339127807
12326	123260	0	0.02	0.0335218309859155	0.00498279723215686	0.0285390337537586
12327	123270	0	0.17	0.0315	0.00678035853236565	0.0247196414676344
12328	123280	0	0.01	0.0333633802816901	0.0124873290656609	0.0208760512160293
12329	123290	0	0.01	0.0340859154929577	0.0155338917880152	0.0185520237049425
12330	123300	0	0.06	0.0320704225352113	0.0163068723290361	0.0157635502061751
12331	123310	0	0	0.0330464788732394	0.0176174224785032	0.0154290563947363
12332	123320	0	0.06	0.0303845070422535	0.0176225096419109	0.0127619974003426
12333	123330	0	0	0.0326091549295775	0.017992453077598	0.0146167018519795
12334	123340	0	0	0.0313922535211268	0.0170455496656978	0.0143467038554289
12335	123350	0	0	0.028812676056338	0.0151860999171777	0.0136265761391603
12336	123360	0	0	0.0271838028169014	0.0137230068089959	0.0134607960079055
12337	123370	0	0	0.0250732394366197	0.0123176381134078	0.0127556013232119
12338	123380	0	0	0.0237612676056338	0.010919189420623	0.0128420781850108
12339	123390	0	0	0.0224239436619718	0.00963984612902496	0.0127840975329469
12340	123400	0	0	0.0208394366197183	0.00849871320683046	0.0123407234128879
12341	123410	0	0	0.0199838028169014	0.0066173757542782	0.0133664270626232
12342	123420	0	0	0.0192612676056338	0.00577702287140939	0.0134842447342244
12343	123430	0	0	0.0186401408450704	0.00520989564887138	0.0134302451961991
12344	123440	0	0	0.0180316901408451	0.00520725111796355	0.0128244390228815
12345	123450	0	0	0.0176577464788732	0.00500343523924879	0.0126543112396244
12346	123460	0	0	0.0179619718309859	0.00457157725142194	0.013390394579564
12347	123470	0	0	0.0175943661971831	0.00399757823618561	0.0135967879609975
12348	123480	0	0	0.0166943661971831	0.00185482176149585	0.0148395444356872
12349	123490	0	0.08	0.0165549295774648	0.00268999883791852	0.0138649307395463
12350	123500	0	0	0.0164028169014084	0.0051950820611117	0.0112077348402967
12351	123510	0	0	0.0172457746478873	0.00581597400775421	0.0114298006401331
12352	123520	0	0	0.0167577464788733	0.00570112926745093	0.0110566172114223
12353	123530	0	0	0.0155852112676056	0.00478174384738782	0.0108034674202178
12354	123540	0	0.02	0.0155154929577465	0.0044154960379448	0.0110999969198017
12355	123550	0	0	0.0152366197183099	0.0044784760244712	0.0107581436938387
12356	123560	0	0	0.0153253521126761	0.00421672733828832	0.0111086247743877
12357	123570	0	0.06	0.0151542253521127	0.00444363640110128	0.0107105889510114
12358	123580	0	0.23	0.0156612676056338	0.0087878555378771	0.0068734120677567
12359	123590	0	0	0.0182661971830986	0.0172683822425348	0.000997814940563797
12360	123600	0	0	0.0205922535211268	0.0208400218841741	-0.000247768363047358
12361	123610	0	0.01	0.0202119718309859	0.0204045624102897	-0.00019259057930383
12362	123620	0	0.64	0.0194704225352113	0.0266903264447632	-0.00721990390955193
12363	123630	0	0.02	0.0223795774647887	0.0465427935989773	-0.0241632161341886
12364	123640	0	0	0.0272725352112676	0.0557184160970918	-0.0284458808858242
12365	123650	0	0	0.0255929577464789	0.0537012205158168	-0.028108262769338
12366	123660	0	0	0.0233683098591549	0.0505438955936171	-0.0271755857344621
12367	123670	0	0	0.0207823943661972	0.044814488803332	-0.0240320944371348
12368	123680	0	0	0.0194260563380282	0.0385955242174973	-0.0191694678794692
12369	123690	0	0	0.0179112676056338	0.0325568721723788	-0.014645604566745
12370	123700	0	0	0.0162190140845071	0.0271719337403974	-0.0109529196558903
12371	123710	0	0	0.0156105633802817	0.0249336242545314	-0.00932306087424976
12372	123720	0	0	0.0145457746478873	0.0220564309683482	-0.00751065632046089
12373	123730	0	0	0.0140767605633803	0.0195235513091164	-0.00544679074573608
12374	123740	0	0	0.0137091549295775	0.0173081979631474	-0.00359904303356994
12375	123750	0	0	0.0128598591549296	0.0170595488056891	-0.00419968965075949
12376	123760	0	0.01	0.0125302816901409	0.0155319602116778	-0.00300167852153693
12377	123770	0	0.03	0.0119281690140845	0.0143042642302406	-0.00237609521615612
12378	123780	0	0	0.011712676056338	0.013001163932041	-0.00128848787570297
12379	123790	0	0	0.0113894366197183	0.012111005822675	-0.000721569202956702
12380	123800	0	0.42	0.0114274647887324	0.0168073138066538	-0.00537984901792143
12381	123810	0	0	0.0116366197183099	0.030442483415605	-0.0188058636972951
12382	123820	0	0	0.0109077464788732	0.0360442889320377	-0.0251365424531645
12383	123830	0	0	0.0109901408450704	0.0281911031410864	-0.0172009622960159
12384	123840	0	0	0.0107112676056338	0.0265314202326579	-0.015820152627024
12385	123850	0	0	0.0106732394366197	0.0232358373818592	-0.0125625979452394
12386	123860	0	0.24	0.0426295774647887	0.0225501045393498	0.020079472925439
12387	123870	0	0	0.0518514084507042	0.0274493582440092	0.024402050206695
12388	123880	0	0	0.0486380281690141	0.0291258638918141	0.0195121642772
12389	123890	0	0.11	0.040030985915493	0.0290468596858704	0.0109841262296226
12390	123900	0	0.68	0.0387380281690141	0.0383598184305511	0.000378209738463017
12391	123910	0	0	0.122564788732395	0.0604716354291095	0.062093153303285
12392	123920	0	0	0.140171830985916	0.0690316638726764	0.0711401671132391
12393	123930	0	0	0.108823943661972	0.0665653020702676	0.0422586415917042
12394	123940	0	0	0.0837887323943662	0.0616157364002859	0.0221729959940804
12395	123950	0	0.05	0.0653260563380282	0.0545988300527343	0.0107272262852939
12396	123960	0	0.01	0.0527577464788732	0.0485999017148546	0.00415784476401861
12397	123970	0	0.15	0.0465464788732394	0.0457711558402081	0.000775323033031364
12398	123980	0	0.1	0.0563894366197183	0.0470699614021319	0.00931947521758639
12399	123990	0	1.14	0.0578281690140845	0.0628785394140338	-0.00505037039994929
12400	124000	0	0.44	0.139341549295775	0.104205319576843	0.0351362297189321
12401	124010	0	0.08	0.200243661971831	0.131190405251457	0.0690532567203739
12402	124020	0	0	0.195978169014085	0.137133227566351	0.0588449414477333
12403	124030	0	0.05	0.169288732394366	0.133478622896794	0.0358101094975719
12404	124040	0	0.36	0.140431690140845	0.125584904270748	0.014846785870097
12405	124050	0	0.83	0.151206338028169	0.131899524114783	0.0193068139133858
12406	124060	0	0.21	0.22268661971831	0.1533661552586	0.0693204644597102
12407	124070	0	0.54	0.240718309859155	0.168062093709729	0.0726562161494262
12408	124080	0	0.61	0.253457746478873	0.188321774783888	0.0651359716949852
12409	124090	0	0.49	0.264612676056338	0.211584454487387	0.0530282215689512
12410	124100	0	0.08	0.293495070422535	0.221968649324507	0.0715264210980278
12411	124110	0	0	0.267071830985915	0.207521047581151	0.0595507834047649
12412	124120	0	0	0.225380281690141	0.190491661218412	0.0348886204717286
12413	124130	0	0.18	0.19433661971831	0.1712866980404	0.02304992167791
12414	124140	0	0	0.168103521126761	0.156132757629491	0.0119707634972692
12415	124150	0	0	0.139652112676056	0.139233346617803	0.000418766058253722
12416	124160	0	0	0.111644366197183	0.126491210060718	-0.0148468438635353
12417	124170	0	0	0.0910077464788733	0.116182925232525	-0.0251751787536516
12418	124180	0	0	0.0764112676056338	0.104680957805672	-0.0282696902000379
12419	124190	0	0	0.063880985915493	0.0915596813269855	-0.0276786954114925
12420	124200	0	0	0.0544753521126761	0.0692231006061549	-0.0147477484934789
12421	124210	0	0.02	0.0482514084507043	0.0583884734916475	-0.0101370650409432
12422	124220	0	0.84	0.0928077464788732	0.0649631037427844	0.0278446427360888
12423	124230	0	0.31	0.143252112676056	0.0930827438337013	0.050169368842355
12424	124240	0	0	0.134714788732395	0.11411797794234	0.020596810790055
12425	124250	0	0	0.110307042253521	0.112957141398455	-0.00265009914493425
12426	124260	0	0	0.0918823943661972	0.100671582237045	-0.00878918787084779
12427	124270	0.853347663260239	0	0.0762084507042254	0.0892257513776545	-0.0130173006734291
12428	124280	0.873113939970191	0	0.0645464788732394	0.0719880086589614	-0.00744152978572196
12429	124290	0.958117710455566	0	0.0552169014084507	0.0546386453315927	0.000578256076857992
12430	124300	0.997835061703512	0	0.0491894366197183	0.042064069042323	0.0071253675773953
12431	124310	0.999531208839879	0.36	0.0451774647887324	0.0409525154537835	0.00422494933494887
12432	124320	0.932845387320014	0.02	0.045906338028169	0.049632180003578	-0.00372584197540899
12433	124330	0.797916724889645	0.53	0.0454753521126761	0.0587468611942867	-0.0132715090816107
12434	124340	0.843976846967576	0.91	0.065668309859155	0.0821134600412619	-0.0164451501821069
12435	124350	0.99980494879066	0	0.123997183098592	0.119888922429118	0.00410826066947369
12436	124360	0.99404297428166	0	0.128465492957747	0.130492908545593	-0.00202741558784636
12437	124370	0.916042698175655	0	0.106542253521127	0.123257251910547	-0.0167149983894205
12438	124380	0.764412200037813	0.59	0.0935429577464789	0.118134667135626	-0.0245917093891474
12439	124390	0.421900787880634	0.13	0.175474647887324	0.127862723621341	0.0476119242659835
12440	124400	0.103403498970564	0	0.258369718309859	0.130823412267002	0.127546306042857
12441	124410	0.131493206660954	0	0.232035211267606	0.121200192853229	0.110835018414376
12442	124420	0.195681635711481	0	0.196111267605634	0.109914705810258	0.086196561795376
12443	124430	0.252214800173537	0.06	0.164604929577465	0.0900898110250738	0.0745151185523911
12444	124440	0.333538124887568	0.01	0.145907746478873	0.0783839039464802	0.0675238425323929
12445	124450	0.397873526436389	0	0.129162676056338	0.0694638605466549	0.0596988155096832
12446	124460	0.587017758710059	0	0.104742253521127	0.0616207954706139	0.0431214580505128
12447	124470	0.70381273091689	0	0.0917683098591549	0.056363695365651	0.035404614493504
12448	124480	0.863533570736588	0	0.0776978873239437	0.050828333140146	0.0268695541837977
12449	124490	0.881381891093777	0.01	0.0682478873239437	0.0451044611397299	0.0231434261842138
12450	124500	0.953908840650373	0	0.0618147887323944	0.0418155467666088	0.0199992419657856
12451	124510	0.99973928199598	0.07	0.0561422535211268	0.0428221187620127	0.0133201347591141
12452	124520	0.990066282749304	0	0.0520288732394366	0.0387567289737814	0.0132721442656552
12453	124530	0.992552174805462	0	0.0464640845070423	0.0360013428273716	0.0104627416796707
12454	124540	0.972662749991731	0	0.0430035211267606	0.0263035111957521	0.0167000099310085
12455	124550	0.941856119461313	0.59	0.0418119718309859	0.0227668943556654	0.0190450774753205
12456	124560	0	0.23	0.0485049295774648	0.045103300049937	0.00340162952752779
12457	124570	0	0.32	0.058487323943662	0.0654258367241223	-0.00693851278046034
12458	124580	0	0.01	0.0761704225352113	0.0784675168077864	-0.0022970942725751
12459	124590	0	0.47	0.0861591549295775	0.0802429022011121	0.0059162527284654
12460	124600	0	0.07	0.0965598591549296	0.0906153665028408	0.00594449265208874
12461	124610	0	0.03	0.110085211267606	0.0940300688536099	0.0160551424139957
12462	124620	0.787154496667052	0.2	0.111878873239437	0.0895879395424673	0.0222909336969693
12463	124630	0.754094536301449	0.21	0.114851408450704	0.0900988089598732	0.024752599490831
12464	124640	0.869641985536294	0	0.107524647887324	0.0907827497050599	0.0167418981822641
12465	124650	0.979138227896798	0	0.0948612676056338	0.0853798771932045	0.00948139041242933
12466	124660	0.99209604416275	0.04	0.0847267605633803	0.0774665519942492	0.00726020856913109
12467	124670	0.999516919508666	0.37	0.0788007042253521	0.074088973043643	0.00471173118170909
12468	124680	0.967176635602807	0.16	0.0948929577464788	0.0823628246300303	0.0125301331164485
12469	124690	0.753652827134027	0.18	0.120669718309859	0.0886524422160166	0.0320172760938425
12470	124700	0.56751083014159	0.09	0.132274647887324	0.0917548891388213	0.0405197587485026
12471	124710	0.620351723599911	0.12	0.127343661971831	0.0919298021497215	0.0354138598221094
12472	124720	0.613412614538598	0.31	0.132902112676056	0.0948599703157645	0.0380421423602919
12473	124730	0.46425656492108	0.19	0.150084507042254	0.102063615183462	0.0480208918587915
12474	124740	0.50341590778872	0	0.154704929577465	0.10573708037602	0.0489678492014445
12475	124750	0	0.02	0.144006338028169	0.100234281621504	0.0437720564066653
12476	124760	0.587723968281329	0	0.128224647887324	0.0875759673498313	0.0406486805374927
12477	124770	0.687716024291123	0	0.109527464788732	0.0765204512769536	0.0330070135117786
12478	124780	0.755084758384756	0.01	0.0952669014084507	0.0642333224951698	0.0310335789132809
12479	124790	0.840044763023089	0	0.0845112676056338	0.0566410033079936	0.0278702642976402
12480	124800	0.832331203878315	0.07	0.0741802816901409	0.0471653955504725	0.0270148861396684
12481	124810	0.933644393004269	0.56	0.0684760563380282	0.0504582629278257	0.0180177934102025
12482	124820	0.977356282101448	0.04	0.0679753521126761	0.0665632367760273	0.00141211533664873
12483	124830	0.932346445093735	0.04	0.0684823943661972	0.0717100827366413	-0.00322768837044413
12484	124840	0.999632837432437	0.04	0.0721077464788733	0.0697327546984324	0.00237499178044084
12485	124850	0	0.07	0.0774633802816902	0.0690696021615404	0.00839377812014977
12486	124860	0	0.26	0.0821725352112676	0.0687999141531921	0.0133726210580755
12487	124870	0	0	0.0901267605633803	0.070968916951339	0.0191578436120414
12488	124880	0	0.33	0.089080985915493	0.0681091458102494	0.0209718401052436
12489	124890	0	0	0.0949183098591549	0.0728441707186146	0.0220741391405403
12490	124900	0	0.23	0.0966676056338028	0.0751256048511408	0.0215420007826621
12491	124910	0	0.08	0.0973077464788732	0.0771496592932846	0.0201580871855887
12492	124920	0	0	0.0987845070422534	0.076082521889134	0.0227019851531195
12493	124930	0	0.52	0.096756338028169	0.0725451376698679	0.0242112003583011
12494	124940	0	0	0.0889605633802817	0.0823395523631535	0.00662101101712821
12495	124950	0	0.31	0.0806387323943662	0.087572247515081	-0.00693351512071481
12496	124960	0	0.14	0.0747443661971831	0.0925021860582584	-0.0177578198610754
12497	124970	0	0.01	0.0684950704225352	0.0958311490709364	-0.0273360786484011
12498	124980	0	0.54	0.0644197183098592	0.0979178573294159	-0.0334981390195567
12499	124990	0	0	0.0597232394366197	0.109026039976013	-0.0493028005393937
12500	125000	0	0.56	0.0555845070422535	0.114682015342416	-0.0590975083001627
12501	125010	0	0	0.0522190140845071	0.123762360975331	-0.0715433468908241
12502	125020	0	0.14	0.0484352112676056	0.119767229523037	-0.0713320182554318
12503	125030	0	0	0.0498929577464789	0.114778850138841	-0.064885892392362
12504	125040	0	0.01	0.0606739436619718	0.106506473809059	-0.0458325301470868
12505	125050	0	0.01	0.0676457746478873	0.0949581852243707	-0.0273124105764834
12506	125060	0	0	0.110028169014085	0.0840984760533442	0.0259296929607403
12507	125070	0	0	0.120980281690141	0.0719113696656793	0.0490689120244615
12508	125080	0	0	0.132407746478873	0.0636184600089793	0.0687892864698939
12509	125090	0	0	0.12844647887324	0.0533539998398287	0.0750924790334108
12510	125100	0	0	0.118711267605634	0.0486125287810571	0.0700987388245767
12511	125110	0	0	0.133314084507042	0.0423187386995483	0.0909953458074941
12512	125120	0	0	0.122621830985916	0.0378349622111426	0.0847868687747731
12513	125130	0	0	0.131444366197183	0.0350229474650149	0.0964214187321682
12514	125140	0	0.3	0.131824647887324	0.0291232871663801	0.102701360720944
12515	125150	0	0	0.156181690140845	0.0383168759830546	0.11786481415779
12516	125160	0	0	0.195997183098592	0.0379893181478954	0.158007864950696
12517	125170	0	0.05	0.212824647887324	0.0372116050257351	0.175613042861589
12518	125180	0	0.1	0.218097887323944	0.0377756386329507	0.180322248690993
12519	125190	0	0.13	0.20423661971831	0.0347472113379255	0.169489408380384
12520	125200	0	0.01	0.192390845070423	0.0376115045108379	0.154779340559585
12521	125210	0	0.04	0.178250704225352	0.0315550052927829	0.146695698932569
12522	125220	0	0	0.156745774647887	0.0305406830485791	0.126205091599308
12523	125230	0	0	0.132800704225352	0.0272371708665254	0.105563533358827
12524	125240	0	0	0.108012676056338	0.0240865472615759	0.0839261287947622
12525	125250	0	0	0.0943415492957746	0.0209073838958412	0.0734341653999335
12526	125260	0	0.37	0.0837760563380282	0.022059168931008	0.0617168874070201
12527	125270	0	0.02	0.0802647887323943	0.0331746009388982	0.0470901877934961
12528	125280	0	0	0.0757394366197184	0.0382893743159626	0.0374500623037557
12529	125290	0	0	0.0687359154929578	0.0368072845385135	0.0319286309544443
12530	125300	0	0	0.0617957746478873	0.0343573565352649	0.0274384181126225
12531	125310	0	0	0.0564654929577465	0.0314940360041049	0.0249714569536415
12532	125320	0	0	0.0522633802816902	0.0278876124151469	0.0243757678665433
12533	125330	0	0	0.0510147887323944	0.023904525207869	0.0271102635245254
12534	125340	0	0	0.0489802816901408	0.0206777954362084	0.0283024862539324
12535	125350	0	0	0.0460457746478873	0.015804540813449	0.0302412338344383
12536	125360	0	0	0.0435929577464789	0.0146449541058801	0.0289480036405988
12537	125370	0	0	0.0409119718309859	0.0133263005061178	0.0275856713248681
12538	125380	0	0	0.0384084507042254	0.0114598027694765	0.0269486479347489
12539	125390	0	0	0.0366654929577465	0.00974951262846158	0.0269159803292849
12540	125400	0	0	0.0345232394366197	0.00727040359966156	0.0272528358369582
12541	125410	0	0	0.0330464788732394	0.00614653274295554	0.0268999461302839
12542	125420	0	0	0.0313732394366197	0.00485121086661342	0.0265220285700063
12543	125430	0	0	0.0300992957746479	0.00557641356267336	0.0245228822119745
12544	125440	0	0.05	0.0288950704225352	0.00616883294373884	0.0227262374787964
12545	125450	0	0	0.0284197183098592	0.00756306298428328	0.0208566553255759
12546	125460	0	0.48	0.0279316901408451	0.0131064658539377	0.0148252242869074
12547	125470	0	0	0.0275387323943662	0.025143043696797	0.00239568869756922
12548	125480	0		0.0267528169014085		
12549	125490	0		0.0260112676056338		
12550	125500	0		0.0247943661971831		
12551	125510	0		0.0245028169014085		
12552	125520	0		0.0235711267605634		
12553	125530	0		0.0217774647887324		
12554	125540	0		0.0229119718309859		
12555	125550	0		0.0205288732394366		
12556	125560	0		0.0208964788732394		
12557	125570	0		0.0179556338028169		
12558	125580	0		0.0196669014084507		
12559	125590	0		0.0191281690140845		
