timestep	time	weight	P.V1	P.V2	Q	Qfitted	Qresidual
9	216	0	0.00833333333333333	0.163580291391012	308262.5	-23864.3400267841	332126.840026784
10	240	0	0.0166666666666667	0.114419407400027	344925	94685.1243275534	250239.875672447
11	264	0	0	0.315122924133833	538825	72701.8729264857	466123.127073514
12	288	0	0.025	0.245011897968388	522812.5	-11984.7556809333	534797.255680933
13	312	0	0.025	0.138971530164841	493937.5	4236.79388799197	489700.706112008
14	336	0	0.383333333333333	0.153998149679023	775425	134522.726002265	640902.273997735
15	360	0	0	0.223795743938282	788812.5	151142.399979548	637670.100020452
16	384	0	0	0.1854785058633		-61620.3382125364	
17	408	0	0	0.192964552893678		163167.798326205	
18	432	0	0	0.223520911655388		146809.926918329	
19	456	0	0	0.193061662695786		-40508.4928757414	
20	480	0	0.0666666666666667	0.12992451221561		57213.40166594	
21	504	0	0	0.257863317443161		77786.8163937905	
22	528	0	0	0.407920090351185		64690.9737918224	
23	552	0	0	0.276662528659961		51872.8600249695	
24	576	0	0	0.264436841823875		26156.2577741637	
25	600	0	0	0.348808150325437		65875.3127595933	
26	624	0	0	0.355364664993029		100159.590338173	
27	648	0	0	0.354852490837626		76785.9576354073	
28	672	0	0	0.341466869233702		68760.3484101104	
29	696	0	0	0.229542098134862		70029.139917484	
30	720	0	0	0.257483435558922		92764.5452731093	
31	744	0	0	0.222854732260782		110639.616686474	
32	768	0	0	0.272876304455059		93085.5799248584	
33	792	0	0	0.276875686732579		83389.022804957	
34	816	0	0	0.152272148303741		44422.0762322766	
35	840	0	0.0833333333333333	0.09389598997633		69624.5542666797	
36	864	0	0.408333333333333	0.128423001069207		204777.321040673	
37	888	0	0	0.128438456008349		128555.215508799	
38	912	0	0	0.172876373494661		-75985.5261854969	
39	936	0	0	0.141494438117416		186750.147213565	
40	960	0	0	0.0970910942088565		107802.158661604	
41	984	0	0	0.095145798827092		-59526.399749031	
42	1008	0	0	0.08217463792543		46709.1227493103	
43	1032	0	0.0166666666666667	0.0831121550221266		45864.1811000016	
44	1056	0	0.0916666666666667	0.0295249783237743		53552.9698538877	
45	1080	0	0	0.0246753407869189		32241.3149343989	
46	1104	0	0.0833333333333333	0.0290589918303805		22892.5812333868	
47	1128	0	0.00833333333333333	0.0455427917776223		77301.7952555459	
48	1152	0	0	0.0243500489766309		2414.12495112802	
49	1176	0	0	0.0258182925206949		5921.01814214363	
50	1200	0	0.0166666666666667	0.0255571441716072		40024.4067035345	
51	1224	0	0.025	0.0464039348828465		4578.18758096891	
52	1248	0	0.0166666666666667	0.0480881023543152		10837.0003670861	
53	1272	0	0	0.0215648494045997		-630.376820532426	
54	1296	0	0.025	0.0682806401653408		22435.4629542101	
55	1320	0	0.0333333333333333	0.105421784456162		42262.5767418503	
56	1344	0	0	0.0993409843941446		2143.46226448399	
57	1368	0	0	0.100146076851752		-6400.53964221762	
58	1392	0	0	0.0690340450793094		27526.2420035068	
59	1416	0	0	0.0860205518403133		26903.7239036941	
60	1440	0	0	0.0555006054917779		22052.482651294	
61	1464	0	0	0.0526721453861558		22177.4760738476	
62	1488	0	0	0.0783185342129364		29500.6848442897	
63	1512	0	0	0.0605269764442848		21294.8705858962	
64	1536	0	0	0.0282989581408959		9840.56141939858	
65	1560	0	0.00833333333333333	0.0414036022126059		18591.2984854824	
66	1584	0	0	0.0109155359347337		22098.8034778779	
67	1608	0	0	0.0212802184403174		12651.6634522273	
68	1632	0	0	0.0564194837324035		23330.838540731	
69	1656	0	0	0.0119865599702305		7628.71756444361	
70	1680	0	0	0.0055321904261092		-4415.57592652707	
71	1704	0	0	0.0196284208731097		12294.1821990014	
72	1728	0	0.00833333333333333	0.00527735633182758		13707.0887329782	
73	1752	0	0	0.00879752682596724		7415.22464298792	
74	1776	0	0	0.0208596657783034		2679.10929190384	
75	1800	0	0	0.00799854294817238		5169.81937583801	
76	1824	0	0.05	0.000585446848626604		14412.8501817977	
77	1848	0	0.00833333333333333	0		12642.93508691	
78	1872	0	0.0416666666666667	0.0135998463987761		-554.335256239369	
79	1896	0	0.0166666666666667	0.0173378110614433		29959.609631041	
80	1920	0	0	0.00407983180523708		800.772848275856	
81	1944	0	0	0		-4226.51610493807	
82	1968	0	0	0		18629.2443739352	
83	1992	0	0	0		-249.867335824478	
84	2016	0	0	0		-1179.80088906608	
85	2040	0	0	0		488.083729628428	
86	2064	0	0	0		0	
87	2088	0	0	0.00547932236178284		605.069195378108	
88	2112	0	0	0		-278.006518747109	
89	2136	0	0	0		-1194.25657220355	
90	2160	0	0	0		811.128955242836	
91	2184	0	0	0		865.664720501008	
92	2208	0	0	0		655.509398878273	
93	2232	0	0	0		0	
94	2256	0	0	0		0	
95	2280	0	0	0		0	
96	2304	0	0	0		0	
97	2328	0	0.0166666666666667	0		4184.34592975968	
98	2352	0	0	0		3054.62590875699	
99	2376	0	0	0		-6482.9387974546	
100	2400	0	0	0		5436.58885601353	
101	2424	0	0	0		4526.38143328797	
102	2448	0	0	0		-3898.54302222219	
103	2472	0	0	0		0	
104	2496	0	0	0		0	
105	2520	0	0	0		0	
106	2544	0	0	0		0	
107	2568	0	0				
108	2592	0	0	0			
109	2616	0	0	0			
110	2640	0	0	0			
111	2664	0	0	0			
112	2688	0	0	0			
113	2712	0	0	0		0	
114	2736	0	0	0		0	
115	2760	0	0	0		0	
116	2784	0	0	0		0	
117	2808	0	0	0		0	
118	2832	0	0	0		0	
119	2856	0	0	0		0	
120	2880	0	0	0		0	
121	2904	0	0	0		0	
122	2928	0	0	0		0	
123	2952	0	0	0		0	
124	2976	0	0	0		0	
125	3000	0	0	0		0	
126	3024	0	0	0		0	
127	3048	0	0	0		0	
128	3072	0	0	0		0	
129	3096	0	0	0		0	
130	3120	0	0	0		0	
131	3144	0	0	0		0	
132	3168	0	0	0		0	
133	3192	0	0	0		0	
134	3216	0	0	0		0	
135	3240	0	0	0		0	
136	3264	0	0	0		0	
137	3288	0	0	0		0	
138	3312	0	0	0		0	
139	3336	0	0	0		0	
140	3360	0	0	0		0	
141	3384	0	0	0		0	
142	3408	0	0	0		0	
143	3432	0	0	0		0	
144	3456	0	0	0		0	
145	3480	0	0	0		0	
146	3504	0	0	0		0	
147	3528	0	0	0		0	
148	3552	0	0	0		0	
149	3576	0	0	0		0	
150	3600	0	0	0		0	
151	3624	0	0	0		0	
152	3648	0	0	0		0	
153	3672	0	0	0		0	
154	3696	0	0	0		0	
155	3720	0	0	0		0	
156	3744	0	0	0		0	
157	3768	0	0	0		0	
158	3792	0	0	0		0	
159	3816	0	0	0		0	
160	3840	0	0	0		0	
161	3864	0	0	0		0	
162	3888	0	0	0		0	
163	3912	0	0	0		0	
164	3936	0	0	0		0	
165	3960	0	0	0		0	
166	3984	0	0	0		0	
167	4008	0	0	0		0	
168	4032	0	0	0		0	
169	4056	0	0	0		0	
170	4080	0	0	0		0	
171	4104	0	0	0		0	
172	4128	0	0	0		0	
173	4152	0	0	0		0	
174	4176	0	0	0		0	
175	4200	0	0	0		0	
176	4224	0	0	0		0	
177	4248	0	0	0		0	
178	4272	0	0	0		0	
179	4296	0	0	0		0	
180	4320	0	0	0		0	
181	4344	0	0	0		0	
182	4368	0	0	0		0	
183	4392	0	0	0		0	
184	4416	0	0	0		0	
185	4440	0	0	0		0	
186	4464	0	0	0		0	
187	4488	0	0	0		0	
188	4512	0	0	0		0	
189	4536	0	0	0		0	
190	4560	0	0	0		0	
191	4584	0	0	0		0	
192	4608	0	0	0		0	
193	4632	0	0	0		0	
194	4656	0	0	0		0	
195	4680	0	0	0		0	
196	4704	0	0	0		0	
197	4728	0	0	0		0	
198	4752	0	0	0		0	
199	4776	0	0	0		0	
200	4800	0	0	0		0	
201	4824	0	0	0		0	
202	4848	0	0	0		0	
203	4872	0	0	0		0	
204	4896	0	0	0		0	
205	4920	0	0	0		0	
206	4944	0	0	0		0	
207	4968	0	0	0		0	
208	4992	0	0	0		0	
209	5016	0	0	0		0	
210	5040	0	0	0		0	
211	5064	0	0	0		0	
212	5088	0	0	0		0	
213	5112	0	0	0		0	
214	5136	0	0	0		0	
215	5160	0	0	0		0	
216	5184	0	0	0		0	
217	5208	0	0	0		0	
218	5232	0	0	0		0	
219	5256	0	0	0		0	
220	5280	0	0	0		0	
221	5304	0	0	0		0	
222	5328	0	0	0		0	
223	5352	0	0	0		0	
224	5376	0	0	0		0	
225	5400	0	0	0		0	
226	5424	0	0	0		0	
227	5448	0	0	0		0	
228	5472	0	0	0		0	
229	5496	0	0	0		0	
230	5520	0	0	0		0	
231	5544	0	0	0		0	
232	5568	0	0	0		0	
233	5592	0	0	0		0	
234	5616	0	0	0		0	
235	5640	0	0	0		0	
236	5664	0	0	0		0	
237	5688	0	0	0		0	
238	5712	0	0	0		0	
239	5736	0	0	0		0	
240	5760	0	0	0		0	
241	5784	0	0	0		0	
242	5808	0	0	0		0	
243	5832	0	0	0		0	
244	5856	0	0	0		0	
245	5880	0	0	0		0	
246	5904	0	0	0		0	
247	5928	0	0	0		0	
248	5952	0	0	0		0	
249	5976	0	0	0		0	
250	6000	0	0	0		0	
251	6024	0	0	0		0	
252	6048	0	0	0		0	
253	6072	0	0	0		0	
254	6096	0	0	0		0	
255	6120	0	0	0		0	
256	6144	0	0	0		0	
257	6168	0	0	0		0	
258	6192	0	0	0		0	
259	6216	0	0	0		0	
260	6240	0	0	0		0	
261	6264	0	0	0		0	
262	6288	0	0	0		0	
263	6312	0	0	0		0	
264	6336	0	0	0		0	
265	6360	0	0	0		0	
266	6384	0	0	0		0	
267	6408	0	0	0		0	
268	6432	0	0	0		0	
269	6456	0	0	0		0	
270	6480	0	0	0		0	
271	6504	0	0	0		0	
272	6528	0	0	0		0	
273	6552	0	0	0		0	
274	6576	0	0	0		0	
275	6600	0	0	0		0	
276	6624	0	0	0		0	
277	6648	0	0	0		0	
278	6672	0	0	0		0	
279	6696	0	0	0		0	
280	6720	0	0	0		0	
281	6744	0	0	0		0	
282	6768	0	0	0		0	
283	6792	0	0	0		0	
284	6816	0	0	0		0	
285	6840	0	0	0		0	
286	6864	0	0	0		0	
287	6888	0	0	0		0	
288	6912	0	0	0		0	
289	6936	0	0	0		0	
290	6960	0	0	0		0	
291	6984	0	0	0		0	
292	7008	0	0	0		0	
293	7032	0	0	0		0	
294	7056	0	0	0		0	
295	7080	0	0	0		0	
296	7104	0	0	0		0	
297	7128	0	0	0		0	
298	7152	0	0	0		0	
299	7176	0	0	0		0	
300	7200	0	0	0		0	
301	7224	0	0	0		0	
302	7248	0	0	0		0	
303	7272	0	0	0		0	
304	7296	0	0	0		0	
305	7320	0	0	0		0	
306	7344	0	0	0		0	
307	7368	0	0	0		0	
308	7392	0	0	0		0	
309	7416	0	0	0		0	
310	7440	0	0	0		0	
311	7464	0	0	0		0	
312	7488	0	0	0		0	
313	7512	0	0	0		0	
314	7536	0	0	0		0	
315	7560	0	0	0		0	
316	7584	0	0	0		0	
317	7608	0	0	0		0	
318	7632	0	0	0		0	
319	7656	0	0	0		0	
320	7680	0	0	0		0	
321	7704	0	0	0		0	
322	7728	0	0	0		0	
323	7752	0	0	0		0	
324	7776	0	0	0		0	
325	7800	0	0	0		0	
326	7824	0	0	0		0	
327	7848	0	0	0		0	
328	7872	0	0	0		0	
329	7896	0	0	0		0	
330	7920	0	0	0		0	
331	7944	0	0	0		0	
332	7968	0	0	0		0	
333	7992	0	0	0		0	
334	8016	0	0	0		0	
335	8040	0	0	0		0	
336	8064	0	0	0		0	
337	8088	0	0	0		0	
338	8112	0	0	0		0	
339	8136	0	0	0		0	
340	8160	0	0	0		0	
341	8184	0	0	0		0	
342	8208	0	0	0		0	
343	8232	0	0	0		0	
344	8256	0	0	0		0	
345	8280	0	0	0		0	
346	8304	0	0	0		0	
347	8328	0	0	0		0	
348	8352	0	0	0		0	
349	8376	0	0	0		0	
350	8400	0	0	0.429277109189932		47404.1018034351	
351	8424	0	0	0		-21780.4003531716	
352	8448	0	0	0		-93563.9436953673	
353	8472	0	0	0		63547.838600538	
354	8496	0	0	0		67820.4391361034	
355	8520	0	0	0.0104246777435177		52507.0094758998	
356	8544	0	0	0.114828351654016		12151.3146292949	
357	8568	0	0	0		-8098.22223904785	
358	8592	0	0	0		-23484.4287623547	
359	8616	0	0	0		18645.5313100601	
360	8640	0	0	0.0161022514131738		21166.7238811492	
361	8664	0	0	0.0966362600650779		23591.632047618	
362	8688	0	0.0166666666666667	0.0708170037753482		3591.83793057808	
363	8712	0	0.0166666666666667	0.155039740644307		2087.73195320985	
364	8736	0	0	0.0606719603391394		-3180.35830189983	
365	8760	0	0.0416666666666667	0.0971222824080572		10946.2320386201	
366	8784	0	0	0.206340442633728		67933.9913597339	
367	8808	0	0.025	0.170451273679465		19829.8704358267	
368	8832	0	0	0.251987919298704		30990.5136084442	
369	8856	0	0.025	0.0962050358962147		21703.5245770559	
370	8880	0	0	0.165190927219364		30879.3620814439	
371	8904	0	0	0.208294592593505		79634.0314314468	
372	8928	0	0	0.229874121558851	514850	55562.9787655572	459287.021234443
373	8952	0	0	0.348377035676956	484662.5	57996.8935886905	426665.60641131
374	8976	0	0	0.206593259865483	512225	17629.6303103159	494595.369689684
375	9000	0	0	0.330674790172438	552387.5	36802.0569354617	515585.443064538
376	9024	0	0	0.327855486195791	595962.5	87206.3732359411	508756.126764059
377	9048	0	0	0.109045332374636	600425	36456.9897569673	563968.010243033
378	9072	0	0.0833333333333333	0.0486564344017646	633762.5	72571.6278373233	561190.872162677
379	9096	0	0.00833333333333333	0.141764134376561	660187.5	132275.972065132	527911.527934868
380	9120	0	0	0.255309586008536	627725	87007.4041898668	540717.595810133
381	9144	0	0	0.319601184863037	602700	79035.1572919354	523664.842708065
382	9168	0	0	0.334028965437276	602700	32092.5803508832	570607.419649117
383	9192	0	0	0.33099234633206		-1273.32048071082	
384	9216	0	0	0.274427447571001		43364.9590406476	
385	9240	0	0	0.209091596360557		67508.0465461786	
386	9264	0	0	0.162390208414849		87515.9041705287	
387	9288	0	0	0.200464588926701		101203.01989908	
388	9312	0	0	0.295285664213151		100949.202903702	
389	9336	0	0	0.236764068337529		57374.5293325404	
390	9360	0	0	0.22753935074017		29099.9242924657	
391	9384	0	0	0.266424006519584		61082.1288220463	
392	9408	0	0	0.15012108299817		59149.0409639658	
393	9432	0	0	0.117958193674306		53755.5877467261	
394	9456	0	0	0.0723206306183028		72994.5802098354	
395	9480	0	0.025	0.0618543064830641		75263.8423406724	
396	9504	0	0	0.0556071702784058		64873.7317603352	
397	9528	0	0.075	0.0256313774957535		42933.980238273	
398	9552	0	0	0.0307116342800668		46565.736613013	
399	9576	0	0	0.022626672708256		-373.858326274012	
400	9600	0	0	0.0597337151998216		37350.6654988134	
401	9624	0	0.183333333333333	0.0431244411810958		78444.5724378411	
402	9648	0	0.233333333333333	0.0162892929261789		72497.6233909783	
403	9672	0	0	0.0596637477339517		-16093.2608270981	
404	9696	0	0	0.0821107900720115		-9940.91107719815	
405	9720	0	0.0666666666666667	0.0764059584632424		150277.58732252	
406	9744	0	0.00833333333333333	0.0316265020839319		33080.147488038	
407	9768	0	0	0.0635847860437994		-66690.2745193436	
408	9792	0	0	0.123511675418713		53445.6325727845	
409	9816	0	0	0.135564602750367		42244.694265293	
410	9840	0	0	0.105875687696971		-11887.7598720192	
411	9864	0	0.508333333333333	0.0371058850094777		126964.871631312	
412	9888	0	0.00833333333333333	0.0719604247906762		125434.097177308	
413	9912	0	0.291666666666667	0.0456482329302386		-77807.119208218	
414	9936	0	0	0.0880525295473547		246191.570310835	
415	9960	0	0.00833333333333333	0.0726880021267213		52204.6910917973	
416	9984	0	0	0.107568646936034		-8410.388299387	
417	10008	0	0.258333333333333	0.111432923864342		158738.503053316	
418	10032	0	0.1	0.0524287087070387		13769.5859766422	
419	10056	0	0.191666666666667	0.0470207239913023		-15588.2256040487	
420	10080	0	0.108333333333333	0.0568410396793606		140396.91894156	
421	10104	0	0	0.0609094131198091		79908.4116408536	
422	10128	0	0.05	0.0357155581963209		16705.1439397101	
423	10152	0	0.0666666666666667	0.0453706360151145		101938.993437006	
424	10176	0	0	0.0122569080918691		-7752.90078985307	
425	10200	0	0	0.0484684112202114		-18410.8454065875	
426	10224	0	0	0.0274598067447744		52873.0133727159	
427	10248	0	0.025	0.03395697616204		17734.1514998021	
428	10272	0	0.05	0.00116825722196623		8501.1440994505	
429	10296	0	0	0		5167.77484125361	
430	10320	0	0	0		3614.9858003546	
431	10344	0	0.0166666666666667	0		36106.5137785832	
432	10368	0	0.0166666666666667	0.00369740076826552		19625.5523307547	
433	10392	0	0.116666666666667	0.00116764598881147		14247.5860589961	
434	10416	0	0.00833333333333333	0.00757612872561353		22399.7015441216	
435	10440	0	0	0.0147144750919015		-32356.9486656236	
436	10464	0	0	0.0198666314433176		35995.4692484473	
437	10488	0	0	0.0118347189830477		29344.5335825962	
438	10512	0	0	0.0273755042643842		-23419.2552501746	
439	10536	0	0	0		254.315939839767	
440	10560	0	0	0.00548799457888016		1290.31329686992	
441	10584	0	0	0.0329398662193512		11657.9975356063	
442	10608	0	0	0.0342887629263391		6659.81638409536	
443	10632	0	0	0.0508062842359056		778.661586467026	
444	10656	0	0	0.0268119307786794		-1347.1999368989	
445	10680	0	0.00833333333333333	0.0176963495217279		2548.9458953488	
446	10704	0	0	0.00426147055030235		12135.1706747057	
447	10728	0	0	0		8783.20171101225	
448	10752	0	0	0.000753354948484386		14806.4139414785	
449	10776	0	0	0		8859.21487299767	
450	10800	0	0	0		676.861448707488	
451	10824	0	0	0		621.336323411636	
452	10848	0	0	0		119.020703265502	
453	10872	0	0	0		90.126336217658	
454	10896	0	0	0		0	
455	10920	0	0	0		0	
456	10944	0	0	0		0	
457	10968	0	0	0		0	
458	10992	0	0	0		0	
459	11016	0	0	0		0	
460	11040	0	0	0		0	
461	11064	0	0	0		0	
462	11088	0	0	0		0	
463	11112	0	0	0		0	
464	11136	0	0	0		0	
465	11160	0	0	0		0	
466	11184	0	0	0		0	
467	11208	0	0	0		0	
468	11232	0	0	0		0	
469	11256	0	0	0		0	
470	11280	0	0	0		0	
471	11304	0	0	0		0	
472	11328	0	0	0		0	
473	11352	0	0				
474	11376	0	0	0			
475	11400	0	0	0			
476	11424	0	0	0			
477	11448	0	0	0			
478	11472	0	0	0			
479	11496	0	0	0		0	
480	11520	0	0	0		0	
481	11544	0	0	0		0	
482	11568	0	0	0		0	
483	11592	0	0	0		0	
484	11616	0	0	0		0	
485	11640	0	0	0		0	
486	11664	0	0	0		0	
487	11688	0	0	0		0	
488	11712	0	0	0		0	
489	11736	0	0	0		0	
490	11760	0	0	0		0	
491	11784	0	0	0		0	
492	11808	0	0	0		0	
493	11832	0	0	0		0	
494	11856	0	0	0		0	
495	11880	0	0	0		0	
496	11904	0	0	0		0	
497	11928	0	0	0		0	
498	11952	0	0	0		0	
499	11976	0	0	0		0	
500	12000	0	0	0		0	
501	12024	0	0	0		0	
502	12048	0	0	0		0	
503	12072	0	0	0		0	
504	12096	0	0	0		0	
505	12120	0	0	0		0	
506	12144	0	0	0		0	
507	12168	0	0	0		0	
508	12192	0	0	0		0	
509	12216	0	0	0		0	
510	12240	0	0	0		0	
511	12264	0	0	0		0	
512	12288	0	0	0		0	
513	12312	0	0	0		0	
514	12336	0	0	0		0	
515	12360	0	0	0		0	
516	12384	0	0	0		0	
517	12408	0	0	0		0	
518	12432	0	0	0		0	
519	12456	0	0	0		0	
520	12480	0	0	0		0	
521	12504	0	0	0		0	
522	12528	0	0	0		0	
523	12552	0	0	0		0	
524	12576	0	0	0		0	
525	12600	0	0	0		0	
526	12624	0	0	0		0	
527	12648	0	0	0		0	
528	12672	0	0	0		0	
529	12696	0	0	0		0	
530	12720	0	0	0		0	
531	12744	0	0	0		0	
532	12768	0	0	0		0	
533	12792	0	0	0		0	
534	12816	0	0	0		0	
535	12840	0	0	0		0	
536	12864	0	0	0		0	
537	12888	0	0	0		0	
538	12912	0	0	0		0	
539	12936	0	0	0		0	
540	12960	0	0	0		0	
541	12984	0	0	0		0	
542	13008	0	0	0		0	
543	13032	0	0	0		0	
544	13056	0	0	0		0	
545	13080	0	0	0		0	
546	13104	0	0	0		0	
547	13128	0	0	0		0	
548	13152	0	0	0		0	
549	13176	0	0	0		0	
550	13200	0	0	0		0	
551	13224	0	0	0		0	
552	13248	0	0	0		0	
553	13272	0	0	0		0	
554	13296	0	0	0		0	
555	13320	0	0	0		0	
556	13344	0	0	0		0	
557	13368	0	0	0		0	
558	13392	0	0	0		0	
559	13416	0	0	0		0	
560	13440	0	0	0		0	
561	13464	0	0	0		0	
562	13488	0	0	0		0	
563	13512	0	0	0		0	
564	13536	0	0	0		0	
565	13560	0	0	0		0	
566	13584	0	0	0		0	
567	13608	0	0	0		0	
568	13632	0	0	0		0	
569	13656	0	0	0		0	
570	13680	0	0	0		0	
571	13704	0	0	0		0	
572	13728	0	0	0		0	
573	13752	0	0	0		0	
574	13776	0	0	0		0	
575	13800	0	0	0		0	
576	13824	0	0	0		0	
577	13848	0	0	0		0	
578	13872	0	0	0		0	
579	13896	0	0	0		0	
580	13920	0	0	0		0	
581	13944	0	0	0		0	
582	13968	0	0	0		0	
583	13992	0	0	0		0	
584	14016	0	0	0		0	
585	14040	0	0	0		0	
586	14064	0	0	0		0	
587	14088	0	0	0		0	
588	14112	0	0	0		0	
589	14136	0	0	0		0	
590	14160	0	0	0		0	
591	14184	0	0	0		0	
592	14208	0	0	0		0	
593	14232	0	0	0		0	
594	14256	0	0	0		0	
595	14280	0	0	0		0	
596	14304	0	0	0		0	
597	14328	0	0	0		0	
598	14352	0	0	0		0	
599	14376	0	0	0		0	
600	14400	0	0	0		0	
601	14424	0	0	0		0	
602	14448	0	0	0		0	
603	14472	0	0	0		0	
604	14496	0	0	0		0	
605	14520	0	0	0		0	
606	14544	0	0	0		0	
607	14568	0	0	0		0	
608	14592	0	0	0		0	
609	14616	0	0	0		0	
610	14640	0	0	0		0	
611	14664	0	0	0		0	
612	14688	0	0	0		0	
613	14712	0	0	0		0	
614	14736	0	0	0		0	
615	14760	0	0	0		0	
616	14784	0	0	0		0	
617	14808	0	0	0		0	
618	14832	0	0	0		0	
619	14856	0	0	0		0	
620	14880	0	0	0		0	
621	14904	0	0	0		0	
622	14928	0	0	0		0	
623	14952	0	0	0		0	
624	14976	0	0	0		0	
625	15000	0	0	0		0	
626	15024	0	0	0		0	
627	15048	0	0	0		0	
628	15072	0	0	0		0	
629	15096	0	0	0		0	
630	15120	0	0	0		0	
631	15144	0	0	0		0	
632	15168	0	0	0		0	
633	15192	0	0	0		0	
634	15216	0	0	0		0	
635	15240	0	0	0		0	
636	15264	0	0	0		0	
637	15288	0	0	0		0	
638	15312	0	0	0		0	
639	15336	0	0	0		0	
640	15360	0	0	0		0	
641	15384	0	0	0		0	
642	15408	0	0	0		0	
643	15432	0	0	0		0	
644	15456	0	0	0		0	
645	15480	0	0	0		0	
646	15504	0	0	0		0	
647	15528	0	0	0		0	
648	15552	0	0	0		0	
649	15576	0	0	0		0	
650	15600	0	0	0		0	
651	15624	0	0	0		0	
652	15648	0	0	0		0	
653	15672	0	0	0		0	
654	15696	0	0	0		0	
655	15720	0	0	0		0	
656	15744	0	0	0		0	
657	15768	0	0	0		0	
658	15792	0	0	0		0	
659	15816	0	0	0		0	
660	15840	0	0	0		0	
661	15864	0	0	0		0	
662	15888	0	0	0		0	
663	15912	0	0	0		0	
664	15936	0	0	0		0	
665	15960	0	0	0		0	
666	15984	0	0	0		0	
667	16008	0	0	0		0	
668	16032	0	0	0		0	
669	16056	0	0	0		0	
670	16080	0	0	0		0	
671	16104	0	0	0		0	
672	16128	0	0	0		0	
673	16152	0	0	0		0	
674	16176	0	0	0		0	
675	16200	0	0	0		0	
676	16224	0	0	0		0	
677	16248	0	0	0		0	
678	16272	0	0	0		0	
679	16296	0	0	0		0	
680	16320	0	0	0		0	
681	16344	0	0	0		0	
682	16368	0	0	0		0	
683	16392	0	0	0		0	
684	16416	0	0	0		0	
685	16440	0	0	0		0	
686	16464	0	0	0		0	
687	16488	0	0	0		0	
688	16512	0	0	0		0	
689	16536	0	0	0		0	
690	16560	0	0	0		0	
691	16584	0	0	0		0	
692	16608	0	0	0		0	
693	16632	0	0	0		0	
694	16656	0	0	0		0	
695	16680	0	0	0		0	
696	16704	0	0	0		0	
697	16728	0	0	0		0	
698	16752	0	0	0		0	
699	16776	0	0	0		0	
700	16800	0	0	0		0	
701	16824	0	0	0		0	
702	16848	0	0	0		0	
703	16872	0	0	0		0	
704	16896	0	0	0		0	
705	16920	0	0	0		0	
706	16944	0	0	0		0	
707	16968	0	0	0		0	
708	16992	0	0	0		0	
709	17016	0	0	0		0	
710	17040	0	0	0.204194548177305		22548.7428569611	
711	17064	0	0	0.153319503788012		6570.42804379882	
712	17088	0	0	0		-52284.6592620997	
713	17112	0	0	0		-3189.21088460919	
714	17136	0	0	0		54956.7785063986	
715	17160	0	0	0		48651.0399138464	
716	17184	0	0	0.0244989677979724		21047.4834081461	
717	17208	0	0	0.0361349576785905		2747.28808112997	
718	17232	0	0	0		-7173.11457496401	
719	17256	0	0	0		-4249.17298201833	
720	17280	0	0	0.131211079954434		23709.096960564	
721	17304	0	0	0.102671851045388		13320.2786066095	
722	17328	0	0	0.123361232044517		-15862.2265537349	
723	17352	0	0	0.271801343970587		20801.1063436138	
724	17376	0	0	0.295732696536866		27907.8581653571	
725	17400	0	0	0.000508133000346246		-24009.7829350388	
726	17424	0	0	0.0765202864651144		15975.6721047107	
727	17448	0	0	0.0928759530292785		107740.883681824	
728	17472	0	0	0.146465176564053		74097.2009699986	
729	17496	0	0	0.265073778497026		48384.6768212805	
730	17520	0	0	0.178443707344668		231.766878951574	
731	17544	0	0	0.0718313317401935		-13386.7541402188	
732	17568	0	0	0.0266566111298659		33896.8482841937	
733	17592	0	0	0.021765043987108		71211.1382276908	
734	17616	0	0	0.0107752247994024		64812.640016471	
735	17640	0	0	0.0249148350293855		34103.1031705154	
736	17664	0	0	0.0247788590045688		15150.4342173606	
737	17688	0	0	0.0212846609943393		3885.56981650649	
738	17712	0	0	0.00988551949192517		2605.41352213129	
739	17736	0	0	0.0737205087280853		11893.5197285516	
740	17760	0	0	0.176760641937497		23670.5343537451	
741	17784	0	0	0.280441204655593		13722.7019136769	
742	17808	0	0	0.305457998127324		-4002.70959385264	
743	17832	0	0	0.324133902712147		-1832.64585322394	
744	17856	0	0	0.344569541119658		33288.0167758914	
745	17880	0	0	0.34585773328839		60733.492633095	
746	17904	0	0	0.335822527762206		74226.546323853	
747	17928	0	0	0.202648397108329		68717.3996642692	
748	17952	0	0	0.238494631588368		87273.5028300236	
749	17976	0	0.00833333333333333	0.135477806796491		106359.991930223	
750	18000	0	0.0166666666666667	0.0389256362967503		75585.6096423527	
751	18024	0	0	0.0651602198879919		83002.2559328844	
752	18048	0	0.00833333333333333	0.0342734248562033		72300.1648859438	
753	18072	0	0.1	0.0747444204689672		82344.0011337854	
754	18096	0	0	0.0749058312315674		46675.9943157432	
755	18120	0	0.00833333333333333	0.0351741615687393		-34168.1436158313	
756	18144	0	0.00833333333333333	0.0592261146041837		51206.383840247	
757	18168	0	0	0.13201961354846		54399.6366741417	
758	18192	0	0.0583333333333333	0.0345307248981825		919.952693204856	
759	18216	0	0.00833333333333333	0.0757386294043343		18887.7207433219	
760	18240	0	0	0.188641233438831		21721.630979604	
761	18264	0	0	0.201205555832624		43031.6788281356	
762	18288	0	0.00833333333333333	0.149607813551216		18310.635702965	
763	18312	0	0.625	0.0440272133198843		144497.738077378	
764	18336	0	0.183333333333333	0.0507059876150562		194792.189916743	
765	18360	0	0.358333333333334	0.0609412730280532		-45763.8396548406	
766	18384	0	0.00833333333333333	0.0735244673592206		250789.595931352	
767	18408	0	0	0.0658209280227844		112352.144309809	
768	18432	0	0.0666666666666667	0.0532190648433444		42788.963767976	
769	18456	0	0.108333333333333	0.0734668708779278		114212.97495921	
770	18480	0	0	0.0982496088771318		-63459.3461235909	
771	18504	0	0.0333333333333333	0.150528260179221		8724.74445726	
772	18528	0	0.5	0.0890756490257853		193025.764939645	
773	18552	0	0.00833333333333333	0.113273529391677		102290.7271082	
774	18576	0	0	0.0571078480739109		-179689.09470692	
775	18600	0	0	0.0920957962670759		200214.418384427	
776	18624	0	0	0.107449833238397		174307.769443295	
777	18648	0	0	0.131948430601637		-88640.8238252779	
778	18672	0	0	0.160226382137281		21836.9789866515	
779	18696	0	0	0.157119034802992		17750.0256912249	
780	18720	0	0	0.182735563872408		24811.1916746141	
781	18744	0	0	0.0995854053656071		24900.1006019847	
782	18768	0	0	0.11960674828366		32684.9505125188	
783	18792	0	0.00833333333333333	0.078626075571373		54043.2407650891	
784	18816	0	0.0166666666666667	0.0286361713509624		41224.1705111431	
785	18840	0	0.025	0.0377374854239481		46967.3558643697	
786	18864	0	0.00833333333333333	0.0994716055109617		48187.2195610131	
787	18888	0	0	0.0643273562948749		24304.1639931132	
788	18912	0	0	0.0326127967228782		5664.45449598416	
789	18936	0	0	0.0524292257883516		19836.805513966	
790	18960	0	0.05	0.0336263604277711		32665.9937426316	
791	18984	0	0	0.0496003845435897		26449.2928987325	
792	19008	0	0	0.0344141608652588		-4884.78665770838	
793	19032	0	0.025	0.0330124162411973		30837.5412440951	
794	19056	0	0	0.0421973644865901		32572.4697787463	
795	19080	0	0.00833333333333333	0.0488909984445094		-6311.65251104342	
796	19104	0	0	0.0461424208138261		19357.6319382118	
797	19128	0	0	0.0231937493932577		8691.35324490979	
798	19152	0	0	0.0185713499423858		5541.01780777487	
799	19176	0	0	0.0312170520756556		19315.968695135	
800	19200	0	0	0.00145815308549935		9152.51723806899	
801	19224	0	0	0.0349455610592084		8914.69682019713	
802	19248	0	0	0.0359624840586559		12210.3833667537	
803	19272	0	0.00833333333333333	0.0383123664504854		4251.16385518518	
804	19296	0	0	0.0502109663011528		6427.97143014343	
805	19320	0	0	0.0372463241342676		992.633833473003	
806	19344	0	0.133333333333333	0.0368398190729593		42961.418796293	
807	19368	0	0.00833333333333333	0.0538034096895732		42534.6519378707	
808	19392	0	0.025	0.0589503023641438		-32228.6570137785	
809	19416	0	0.00833333333333333	0.042075152888664		54198.72859077	
810	19440	0	0	0.0147326476788035		35616.6263859301	
811	19464	0	0.0416666666666667	0.00830256052447354		-917.892509667635	
812	19488	0	0.0416666666666667	0.00528443043315896		44585.9076895657	
813	19512	0	0.0166666666666667	1.32073516763142e-05		5833.38917139578	
814	19536	0	0	0.00376993993365993		6343.56677102549	
815	19560	0	0	0		22086.8260122091	
816	19584	0	0	0		8014.59220312955	
817	19608	0	0	0		-4027.6143732421	
818	19632	0	0	0.00193390068455912		-3087.80312046591	
819	19656	0	0	0		352.889268988828	
820	19680	0	0	0		-421.507159102826	
821	19704	0	0	0		286.284094681271	
822	19728	0	0.0583333333333333	0.00207866461125583		15180.2852261078	
823	19752	0	0	0		10817.0835771541	
824	19776	0	0.00833333333333333	0		-21051.1722940596	
825	19800	0	0	0.000178149872466449		20882.7607942681	
826	19824	0	0	0		12920.2298891846	
827	19848	0	0	0		-10716.7576579604	
828	19872	0	0	0		2289.56305073738	
829	19896	0	0	0		-1921.1260490679	
830	19920	0	0	0		21.3126565841849	
831	19944	0	0	0		0	
832	19968	0	0	0		0	
833	19992	0	0	0		0	
834	20016	0	0	0		0	
835	20040	0	0	0		0	
836	20064	0	0	0		0	
837	20088	0	0	0		0	
838	20112	0	0				
839	20136	0	0	0			
840	20160	0	0	0			
841	20184	0	0	0			
842	20208	0	0	0			
843	20232	0	0	0			
844	20256	0	0	0		0	
845	20280	0	0	0		0	
846	20304	0	0	0		0	
847	20328	0	0	0		0	
848	20352	0	0	0		0	
849	20376	0	0	0		0	
850	20400	0	0	0		0	
851	20424	0	0	0		0	
852	20448	0	0	0		0	
853	20472	0	0	0		0	
854	20496	0	0	0		0	
855	20520	0	0	0		0	
856	20544	0	0	0		0	
857	20568	0	0	0		0	
858	20592	0	0	0		0	
859	20616	0	0	0		0	
860	20640	0	0	0		0	
861	20664	0	0	0		0	
862	20688	0	0	0		0	
863	20712	0	0	0		0	
864	20736	0	0	0		0	
865	20760	0	0	0		0	
866	20784	0	0	0		0	
867	20808	0	0	0		0	
868	20832	0	0	0		0	
869	20856	0	0	0		0	
870	20880	0	0	0		0	
871	20904	0	0	0		0	
872	20928	0	0	0		0	
873	20952	0	0	0		0	
874	20976	0	0	0		0	
875	21000	0	0	0		0	
876	21024	0	0	0		0	
877	21048	0	0	0		0	
878	21072	0	0	0		0	
879	21096	0	0	0		0	
880	21120	0	0	0		0	
881	21144	0	0	0		0	
882	21168	0	0	0		0	
883	21192	0	0	0		0	
884	21216	0	0	0		0	
885	21240	0	0	0		0	
886	21264	0	0	0		0	
887	21288	0	0	0		0	
888	21312	0	0	0		0	
889	21336	0	0	0		0	
890	21360	0	0	0		0	
891	21384	0	0	0		0	
892	21408	0	0	0		0	
893	21432	0	0	0		0	
894	21456	0	0	0		0	
895	21480	0	0	0		0	
896	21504	0	0	0		0	
897	21528	0	0	0		0	
898	21552	0	0	0		0	
899	21576	0	0	0		0	
900	21600	0	0	0		0	
901	21624	0	0	0		0	
902	21648	0	0	0		0	
903	21672	0	0	0		0	
904	21696	0	0	0		0	
905	21720	0	0	0		0	
906	21744	0	0	0		0	
907	21768	0	0	0		0	
908	21792	0	0	0		0	
909	21816	0	0	0		0	
910	21840	0	0	0		0	
911	21864	0	0	0		0	
912	21888	0	0	0		0	
913	21912	0	0	0		0	
914	21936	0	0	0		0	
915	21960	0	0	0		0	
916	21984	0	0	0		0	
917	22008	0	0	0		0	
918	22032	0	0	0		0	
919	22056	0	0	0		0	
920	22080	0	0	0		0	
921	22104	0	0	0		0	
922	22128	0	0	0		0	
923	22152	0	0	0		0	
924	22176	0	0	0		0	
925	22200	0	0	0		0	
926	22224	0	0	0		0	
927	22248	0	0	0		0	
928	22272	0	0	0		0	
929	22296	0	0	0		0	
930	22320	0	0	0		0	
931	22344	0	0	0		0	
932	22368	0	0	0		0	
933	22392	0	0	0		0	
934	22416	0	0	0		0	
935	22440	0	0	0		0	
936	22464	0	0	0		0	
937	22488	0	0	0		0	
938	22512	0	0	0		0	
939	22536	0	0	0		0	
940	22560	0	0	0		0	
941	22584	0	0	0		0	
942	22608	0	0	0		0	
943	22632	0	0	0		0	
944	22656	0	0	0		0	
945	22680	0	0	0		0	
946	22704	0	0	0		0	
947	22728	0	0	0		0	
948	22752	0	0	0		0	
949	22776	0	0	0		0	
950	22800	0	0	0		0	
951	22824	0	0	0		0	
952	22848	0	0	0		0	
953	22872	0	0	0		0	
954	22896	0	0	0		0	
955	22920	0	0	0		0	
956	22944	0	0	0		0	
957	22968	0	0	0		0	
958	22992	0	0	0		0	
959	23016	0	0	0		0	
960	23040	0	0	0		0	
961	23064	0	0	0		0	
962	23088	0	0	0		0	
963	23112	0	0	0		0	
964	23136	0	0	0		0	
965	23160	0	0	0		0	
966	23184	0	0	0		0	
967	23208	0	0	0		0	
968	23232	0	0	0		0	
969	23256	0	0	0		0	
970	23280	0	0	0		0	
971	23304	0	0	0		0	
972	23328	0	0	0		0	
973	23352	0	0	0		0	
974	23376	0	0	0		0	
975	23400	0	0	0		0	
976	23424	0	0	0		0	
977	23448	0	0	0		0	
978	23472	0	0	0		0	
979	23496	0	0	0		0	
980	23520	0	0	0		0	
981	23544	0	0	0		0	
982	23568	0	0	0		0	
983	23592	0	0	0		0	
984	23616	0	0	0		0	
985	23640	0	0	0		0	
986	23664	0	0	0		0	
987	23688	0	0	0		0	
988	23712	0	0	0		0	
989	23736	0	0	0		0	
990	23760	0	0	0		0	
991	23784	0	0	0		0	
992	23808	0	0	0		0	
993	23832	0	0	0		0	
994	23856	0	0	0		0	
995	23880	0	0	0		0	
996	23904	0	0	0		0	
997	23928	0	0	0		0	
998	23952	0	0	0		0	
999	23976	0	0	0		0	
1000	24000	0	0	0		0	
1001	24024	0	0	0		0	
1002	24048	0	0	0		0	
1003	24072	0	0	0		0	
1004	24096	0	0	0		0	
1005	24120	0	0	0		0	
1006	24144	0	0	0		0	
1007	24168	0	0	0		0	
1008	24192	0	0	0		0	
1009	24216	0	0	0		0	
1010	24240	0	0	0		0	
1011	24264	0	0	0		0	
1012	24288	0	0	0		0	
1013	24312	0	0	0		0	
1014	24336	0	0	0		0	
1015	24360	0	0	0		0	
1016	24384	0	0	0		0	
1017	24408	0	0	0		0	
1018	24432	0	0	0		0	
1019	24456	0	0	0		0	
1020	24480	0	0	0		0	
1021	24504	0	0	0		0	
1022	24528	0	0	0		0	
1023	24552	0	0	0		0	
1024	24576	0	0	0		0	
1025	24600	0	0	0		0	
1026	24624	0	0	0		0	
1027	24648	0	0	0		0	
1028	24672	0	0	0		0	
1029	24696	0	0	0		0	
1030	24720	0	0	0		0	
1031	24744	0	0	0		0	
1032	24768	0	0	0		0	
1033	24792	0	0	0		0	
1034	24816	0	0	0		0	
1035	24840	0	0	0		0	
1036	24864	0	0	0		0	
1037	24888	0	0	0		0	
1038	24912	0	0	0		0	
1039	24936	0	0	0		0	
1040	24960	0	0	0		0	
1041	24984	0	0	0		0	
1042	25008	0	0	0		0	
1043	25032	0	0	0		0	
1044	25056	0	0	0		0	
1045	25080	0	0	0		0	
1046	25104	0	0	0		0	
1047	25128	0	0	0		0	
1048	25152	0	0	0		0	
1049	25176	0	0	0		0	
1050	25200	0	0	0		0	
1051	25224	0	0	0		0	
1052	25248	0	0	0		0	
1053	25272	0	0	0		0	
1054	25296	0	0	0		0	
1055	25320	0	0	0		0	
1056	25344	0	0	0		0	
1057	25368	0	0	0		0	
1058	25392	0	0	0		0	
1059	25416	0	0	0		0	
1060	25440	0	0	0		0	
1061	25464	0	0	0		0	
1062	25488	0	0	0		0	
1063	25512	0	0	0		0	
1064	25536	0	0	0		0	
1065	25560	0	0	0		0	
1066	25584	0	0	0		0	
1067	25608	0	0	0		0	
1068	25632	0	0	0		0	
1069	25656	0	0	0		0	
1070	25680	0	0	0		0	
1071	25704	0	0	0		0	
1072	25728	0	0	0		0	
1073	25752	0	0	0		0	
1074	25776	0	0	0		0	
1075	25800	0	0	0		0	
1076	25824	0	0	0		0	
1077	25848	0	0	0		0	
1078	25872	0	0	0		0	
1079	25896	0	0	0		0	
1080	25920	0	0	0.0763701129437667		8433.37911857859	
1081	25944	0	0	0.0298960991104943		-573.461533127755	
1082	25968	0	0	0		-18162.249484527	
1083	25992	0	0	0		4789.35082573965	
1084	26016	0	0	0		16491.1823300768	
1085	26040	0	0	0		13859.6198753091	
1086	26064	0	0	0		3576.56890082097	
1087	26088	0	0	0		0	
1088	26112	0	0	0		0	
1089	26136	0	0	0.491346598745502		54258.2953739515	
1090	26160	0	0	0.431109359994173		22676.7888348417	
1091	26184	0	0	0.110964885720563		-116712.184611585	
1092	26208	0	0	0.120284391779889		-13574.3637131595	
1093	26232	0	0	0.129416319934079	543200	125448.384846141	417751.61515386
1094	26256	0	0	0.101422230404949	652487.5	121734.71943151	530752.78056849
1095	26280	0	0.175	0.0789034747677297	611450	106208.023786607	505241.976213393
1096	26304	0	0.025	0.197329384081985	522812.5	85468.3061727173	437344.193827283
1097	26328	0	0	0.246291177140869	414050	-13650.9025137329	427700.902513733
1098	26352	0	0	0.067977003837568	358050	42547.2231747992	315502.776825201
1099	26376	0	0	0.137900181733525	341950	67590.8430169355	274359.156983065
1100	26400	0	0	0.150305623293017	333550	37714.6925134165	295835.307486584
1101	26424	0	0	0.143670492367014	334250	44916.0198412283	289333.980158772
1102	26448	0	0	0.137927002019679	342650	35799.4768579655	306850.523142035
1103	26472	0	0	0.0776865188165195	360150	22435.9521653665	337714.047834634
1104	26496	0	0	0.157936108623609	419475	44948.8289960204	374526.17100398
1105	26520	0	0	0.360602994109107	582750	75972.6555657315	506777.344434269
1106	26544	0	0	0.172646597450345	533137.5	16824.4530159471	516313.046984053
1107	26568	0	0	0.187840299173253	305375	-14458.6347957951	319833.634795795
1108	26592	0	0	0.255940132760752	345450	68730.3638023126	276719.636197687
1109	26616	0	0	0.324103281289943	483525	83286.0146415346	400238.985358466
1110	26640	0	0	0.358257182411345	512400	65556.4277564145	446843.572243586
1111	26664	0	0	0.359375772770672		39086.1368547248	
1112	26688	0	0	0.375185099557656		55998.1882676561	
1113	26712	0	0	0.373751378797638		78765.8306396675	
1114	26736	0	0	0.275819287536246		78294.4644058505	
1115	26760	0	0	0.257755957419489		88184.0733998268	
1116	26784	0	0	0.206896026921073		107248.452815141	
1117	26808	0	0	0.202026787282636		100395.762728059	
1118	26832	0	0.0166666666666667	0.139953641075147		90740.2720991706	
1119	26856	0	0.0666666666666667	0.0978547029783988		83811.0128162742	
1120	26880	0	0.00833333333333333	0.0568379006857782		72065.5868540838	
1121	26904	0	0	0.0905985394347128		44212.1598953935	
1122	26928	0	0	0.0691231442246796		74445.3687154971	
1123	26952	0	0.116666666666667	0.0667350760459167		70948.3028294895	
1124	26976	0	0.0333333333333333	0.0757816860319495		40434.7311101689	
1125	27000	0	0.0666666666666667	0.0580877561828323		-5113.28912669655	
1126	27024	0	0.00833333333333333	0.0626665669130189		58494.9740199688	
1127	27048	0	0	0.0857989310433647		41818.8652879407	
1128	27072	0	0	0.105551417415242		22467.116966396	
1129	27096	0	0	0.155856155635539		33701.6693441771	
1130	27120	0	0	0.152097215420778		2102.33985446222	
1131	27144	0	0.0916666666666667	0.065213832604897		23256.5203678232	
1132	27168	0	0.00833333333333333	0.0621942785229681		39313.4722086472	
1133	27192	0	0	0.0692742503184851		15918.0003970415	
1134	27216	0	0	0.097481857286768		72682.950558639	
1135	27240	0	0	0.0926322862678557		55503.5511486242	
1136	27264	0	0	0.131406054831745		-2732.04483304484	
1137	27288	0	0	0.164052299648509		22125.2569511845	
1138	27312	0	0	0.165923804173703		18759.3426849238	
1139	27336	0	0.025	0.195087777023911		29394.1950475856	
1140	27360	0	0	0.149216373696438		31124.9025075917	
1141	27384	0	0.0166666666666667	0.0385659083544621		14828.3054573879	
1142	27408	0	0	0.0356147583795927		55382.6242193612	
1143	27432	0	0.00833333333333333	0.0627079549637486		71871.4240275153	
1144	27456	0	0.366666666666667	0.0514227409890751		140528.481415797	
1145	27480	0	0	0.0159589446853445		83188.6943210617	
1146	27504	0	0	0.0358891180573657		-132336.010211269	
1147	27528	0	0.00833333333333333	0.0373143827789786		144561.706806135	
1148	27552	0	0	0.0356804513437634		111371.613638991	
1149	27576	0	0	0.0351795756721245		-81081.8624421138	
1150	27600	0	0	0.0522324808390646		12027.5583870331	
1151	27624	0	0	0.0753526598375114		15737.1214200473	
1152	27648	0	0.0166666666666667	0.042183337167824		6994.55579570891	
1153	27672	0	0	0.00296361802974587		2376.69689293029	
1154	27696	0	0	0.0202516808068545		10024.4159691209	
1155	27720	0	0	0.0230747093188146		30709.3351206122	
1156	27744	0	0	0.0230450803120625		17604.298899948	
1157	27768	0	0	0.0126289466228773		-189.803568680114	
1158	27792	0	0	0.030386170430674		4661.79498880905	
1159	27816	0	0	0.0497379143122512		10677.923434294	
1160	27840	0	0	0.0901471989088822		9079.16121707144	
1161	27864	0	0	0.10407264248656		5328.32549176626	
1162	27888	0	0	0.0957076823061786		-685.39425324152	
1163	27912	0	0.15	0.109130264302396		47008.8727454535	
1164	27936	0	0.025	0.059554001096318		49546.2147922804	
1165	27960	0	0	0.093448572587814		-28857.6822032228	
1166	27984	0	0	0.0439623465583097		70064.2309619203	
1167	28008	0	0.00833333333333333	0.0347884446627678		69734.8926236286	
1168	28032	0	0	0.055269288781016		4284.30569549358	
1169	28056	0	0	0.091654552730505		19041.6156969407	
1170	28080	0	0	0.0628995643573127		16242.4666277235	
1171	28104	0	0	0.0291876469443455		1255.47235021796	
1172	28128	0	0.1	0.0313753225373645		37892.9610344034	
1173	28152	0	0.00833333333333333	0.0515675828800006		48564.5001864652	
1174	28176	0	0	0.039478257271595		-17242.635990217	
1175	28200	0	0.00833333333333333	0.0257143679734409		37848.0762306367	
1176	28224	0	0	0.0130337792353572		39016.4531154056	
1177	28248	0	0	0		-12890.7478492243	
1178	28272	0	0	0		14141.1074340892	
1179	28296	0	0	0		12978.1042981095	
1180	28320	0	0	0.0108262531786636		4381.71665877253	
1181	28344	0	0	0.00789147457308381		1881.41586203999	
1182	28368	0	0	0.000109803769946737		-2747.9249279235	
1183	28392	0	0	0.00192427326281575		89.5793923599213	
1184	28416	0	0	0.00135776311001301		2906.99363055063	
1185	28440	0	0	0.00556214784318776		2684.1071256178	
1186	28464	0	0	0		668.146833999116	
1187	28488	0	0	0.000554324218866142		-632.952950541671	
1188	28512	0	0	0.00659772705324713		1968.55394568385	
1189	28536	0	0	0		585.613503829101	
1190	28560	0	0	0		-690.543470787803	
1191	28584	0	0	0		1064.2678029573	
1192	28608	0	0	0		1108.67437246513	
1193	28632	0	0	0		789.307839378469	
1194	28656	0	0	0		0	
1195	28680	0	0	0		0	
1196	28704	0	0	0		0	
1197	28728	0	0	0		0	
1198	28752	0	0	0		0	
1199	28776	0	0	0		0	
1200	28800	0	0	0		0	
1201	28824	0	0	0		0	
1202	28848	0	0	0		0	
1203	28872	0	0				
1204	28896	0	0	0			
1205	28920	0	0	0			
1206	28944	0	0	0			
1207	28968	0	0	0			
1208	28992	0	0	0			
1209	29016	0	0	0		0	
1210	29040	0	0	0		0	
1211	29064	0	0	0		0	
1212	29088	0	0	0		0	
1213	29112	0	0	0		0	
1214	29136	0	0	0		0	
1215	29160	0	0	0		0	
1216	29184	0	0	0		0	
1217	29208	0	0	0		0	
1218	29232	0	0	0		0	
1219	29256	0	0	0		0	
1220	29280	0	0	0		0	
1221	29304	0	0	0		0	
1222	29328	0	0	0		0	
1223	29352	0	0	0		0	
1224	29376	0	0	0		0	
1225	29400	0	0	0		0	
1226	29424	0	0	0		0	
1227	29448	0	0	0		0	
1228	29472	0	0	0		0	
1229	29496	0	0	0		0	
1230	29520	0	0	0		0	
1231	29544	0	0	0		0	
1232	29568	0	0	0		0	
1233	29592	0	0	0		0	
1234	29616	0	0	0		0	
1235	29640	0	0	0		0	
1236	29664	0	0	0		0	
1237	29688	0	0	0		0	
1238	29712	0	0	0		0	
1239	29736	0	0	0		0	
1240	29760	0	0	0		0	
1241	29784	0	0	0		0	
1242	29808	0	0	0		0	
1243	29832	0	0	0		0	
1244	29856	0	0	0		0	
1245	29880	0	0	0		0	
1246	29904	0	0	0		0	
1247	29928	0	0	0		0	
1248	29952	0	0	0		0	
1249	29976	0	0	0		0	
1250	30000	0	0	0		0	
1251	30024	0	0	0		0	
1252	30048	0	0	0		0	
1253	30072	0	0	0		0	
1254	30096	0	0	0		0	
1255	30120	0	0	0		0	
1256	30144	0	0	0		0	
1257	30168	0	0	0		0	
1258	30192	0	0	0		0	
1259	30216	0	0	0		0	
1260	30240	0	0	0		0	
1261	30264	0	0	0		0	
1262	30288	0	0	0		0	
1263	30312	0	0	0		0	
1264	30336	0	0	0		0	
1265	30360	0	0	0		0	
1266	30384	0	0	0		0	
1267	30408	0	0	0		0	
1268	30432	0	0	0		0	
1269	30456	0	0	0		0	
1270	30480	0	0	0		0	
1271	30504	0	0	0		0	
1272	30528	0	0	0		0	
1273	30552	0	0	0		0	
1274	30576	0	0	0		0	
1275	30600	0	0	0		0	
1276	30624	0	0	0		0	
1277	30648	0	0	0		0	
1278	30672	0	0	0		0	
1279	30696	0	0	0		0	
1280	30720	0	0	0		0	
1281	30744	0	0	0		0	
1282	30768	0	0	0		0	
1283	30792	0	0	0		0	
1284	30816	0	0	0		0	
1285	30840	0	0	0		0	
1286	30864	0	0	0		0	
1287	30888	0	0	0		0	
1288	30912	0	0	0		0	
1289	30936	0	0	0		0	
1290	30960	0	0	0		0	
1291	30984	0	0	0		0	
1292	31008	0	0	0		0	
1293	31032	0	0	0		0	
1294	31056	0	0	0		0	
1295	31080	0	0	0		0	
1296	31104	0	0	0		0	
1297	31128	0	0	0		0	
1298	31152	0	0	0		0	
1299	31176	0	0	0		0	
1300	31200	0	0	0		0	
1301	31224	0	0	0		0	
1302	31248	0	0	0		0	
1303	31272	0	0	0		0	
1304	31296	0	0	0		0	
1305	31320	0	0	0		0	
1306	31344	0	0	0		0	
1307	31368	0	0	0		0	
1308	31392	0	0	0		0	
1309	31416	0	0	0		0	
1310	31440	0	0	0		0	
1311	31464	0	0	0		0	
1312	31488	0	0	0		0	
1313	31512	0	0	0		0	
1314	31536	0	0	0		0	
1315	31560	0	0	0		0	
1316	31584	0	0	0		0	
1317	31608	0	0	0		0	
1318	31632	0	0	0		0	
1319	31656	0	0	0		0	
1320	31680	0	0	0		0	
1321	31704	0	0	0		0	
1322	31728	0	0	0		0	
1323	31752	0	0	0		0	
1324	31776	0	0	0		0	
1325	31800	0	0	0		0	
1326	31824	0	0	0		0	
1327	31848	0	0	0		0	
1328	31872	0	0	0		0	
1329	31896	0	0	0		0	
1330	31920	0	0	0		0	
1331	31944	0	0	0		0	
1332	31968	0	0	0		0	
1333	31992	0	0	0		0	
1334	32016	0	0	0		0	
1335	32040	0	0	0		0	
1336	32064	0	0	0		0	
1337	32088	0	0	0		0	
1338	32112	0	0	0		0	
1339	32136	0	0	0		0	
1340	32160	0	0	0		0	
1341	32184	0	0	0		0	
1342	32208	0	0	0		0	
1343	32232	0	0	0		0	
1344	32256	0	0	0		0	
1345	32280	0	0	0		0	
1346	32304	0	0	0		0	
1347	32328	0	0	0		0	
1348	32352	0	0	0		0	
1349	32376	0	0	0		0	
1350	32400	0	0	0		0	
1351	32424	0	0	0		0	
1352	32448	0	0	0		0	
1353	32472	0	0	0		0	
1354	32496	0	0	0		0	
1355	32520	0	0	0		0	
1356	32544	0	0	0		0	
1357	32568	0	0	0		0	
1358	32592	0	0	0		0	
1359	32616	0	0	0		0	
1360	32640	0	0	0		0	
1361	32664	0	0	0		0	
1362	32688	0	0	0		0	
1363	32712	0	0	0		0	
1364	32736	0	0	0		0	
1365	32760	0	0	0		0	
1366	32784	0	0	0		0	
1367	32808	0	0	0		0	
1368	32832	0	0	0		0	
1369	32856	0	0	0		0	
1370	32880	0	0	0		0	
1371	32904	0	0	0		0	
1372	32928	0	0	0		0	
1373	32952	0	0	0		0	
1374	32976	0	0	0		0	
1375	33000	0	0	0		0	
1376	33024	0	0	0		0	
1377	33048	0	0	0		0	
1378	33072	0	0	0		0	
1379	33096	0	0	0		0	
1380	33120	0	0	0		0	
1381	33144	0	0	0		0	
1382	33168	0	0	0		0	
1383	33192	0	0	0		0	
1384	33216	0	0	0		0	
1385	33240	0	0	0		0	
1386	33264	0	0	0		0	
1387	33288	0	0	0		0	
1388	33312	0	0	0		0	
1389	33336	0	0	0		0	
1390	33360	0	0	0		0	
1391	33384	0	0	0		0	
1392	33408	0	0	0		0	
1393	33432	0	0	0		0	
1394	33456	0	0	0		0	
1395	33480	0	0	0		0	
1396	33504	0	0	0		0	
1397	33528	0	0	0		0	
1398	33552	0	0	0		0	
1399	33576	0	0	0		0	
1400	33600	0	0	0		0	
1401	33624	0	0	0		0	
1402	33648	0	0	0		0	
1403	33672	0	0	0		0	
1404	33696	0	0	0		0	
1405	33720	0	0	0		0	
1406	33744	0	0	0		0	
1407	33768	0	0	0		0	
1408	33792	0	0	0		0	
1409	33816	0	0	0		0	
1410	33840	0	0	0		0	
1411	33864	0	0	0		0	
1412	33888	0	0	0		0	
1413	33912	0	0	0		0	
1414	33936	0	0	0		0	
1415	33960	0	0	0		0	
1416	33984	0	0	0		0	
1417	34008	0	0	0		0	
1418	34032	0	0	0		0	
1419	34056	0	0.075	0		18829.5566839186	
1420	34080	0	0	0		13745.8165894065	
1421	34104	0	0	0		-29173.2245885457	
1422	34128	0	0	0		24464.6498520609	
1423	34152	0	0	0		20368.7164497959	
1424	34176	0	0	0		-17543.4435999998	
1425	34200	0	0	0		0	
1426	34224	0	0	0		0	
1427	34248	0	0	0		0	
1428	34272	0	0	0		0	
1429	34296	0	0.00833333333333333	0		2092.17296487984	
1430	34320	0	0.0166666666666667	0		5711.65888413818	
1431	34344	0	0	0		-186.843489970306	
1432	34368	0	0.0333333333333333	0		4604.04749007152	
1433	34392	0	0.00833333333333333	0		15901.2043550513	
1434	34416	0	0.00833333333333333	0		-6769.28175347398	
1435	34440	0	0	0		5260.47824545606	
1436	34464	0	0	0		8529.58789585541	
1437	34488	0	0	0.197710521119262		19017.1254909373	
1438	34512	0	0	0.183163858198433		10508.9745277127	
1439	34536	0	0	0.0233917826620065		-51751.8147248585	
1440	34560	0	0	0		-11840.6943028804	
1441	34584	0	0	0.0584014019282954		59701.1107284383	
1442	34608	0	0	0.039979778553404		57504.9045105052	
1443	34632	0	0	0		10850.6436606116	
1444	34656	0	0.0666666666666667	0.0137603603708949		20986.8979600273	
1445	34680	0	0	0.0051408909969568		27233.1183537093	
1446	34704	0	0	0		-15888.6976642283	
1447	34728	0	0	0		27445.7836409365	
1448	34752	0	0	0.000237878504422917		21066.7891781141	
1449	34776	0	0	0.020639256127159		-10868.700919892	
1450	34800	0	0	0.00216902661416562		-244.486830484232	
1451	34824	0	0	0.0131707744143372		-3118.88764062581	
1452	34848	0	0	0.00608509610060348		2623.86278944607	
1453	34872	0	0	0.140599427152632		15956.9676631441	
1454	34896	0	0	0.26265524325201		25306.0391295177	
1455	34920	0	0.00833333333333333	0.169801832431191		-19886.9521770456	
1456	34944	0	0.025	0.240730659763897		-8125.06748035432	
1457	34968	0	0	0.146307654911414		30096.3396515371	
1458	34992	0	0	0.134527427624778		31410.4167406034	
1459	35016	0	0.075	0.166403280346688		102794.16382241	
1460	35040	0	0.00833333333333333	0.208818028012747		85978.5194886412	
1461	35064	0	0	0.222038422435014		15990.7327826526	
1462	35088	0	0	0.160638026644498		45573.4360898386	
1463	35112	0	0	0.0690367764493121		47461.2939375486	
1464	35136	0	0	0.148236776745474		48341.6512503045	
1465	35160	0	0.025	0.132621391513311		80245.0051964839	
1466	35184	0	0.00833333333333333	0.181302525692635		49818.6605705973	
1467	35208	0	0	0.297765011509861		38648.6178706515	
1468	35232	0	0	0.261734969761442		30503.4532476296	
1469	35256	0	0	0.127454211283549		10928.2531312752	
1470	35280	0	0	0.0765950850869239		29948.9222192804	
1471	35304	0	0	0.136799365825788		88970.2025671519	
1472	35328	0	0.00833333333333333	0.109101428214669		86345.8229720802	
1473	35352	0	0.216666666666667	0.141311051162478		98963.6855439704	
1474	35376	0	0	0.119612912326239		66327.947407386	
1475	35400	0	0.075	0.0770976013277629		-44158.5178342665	
1476	35424	0	0.375	0.139984395722784		220829.748716295	
1477	35448	0	0	0.211363410499157		148967.91872867	
1478	35472	0	0	0.285895132889469		-134530.417130759	
1479	35496	0	0	0.23716230044531		155520.232299428	
1480	35520	0	0	0.248963953738036		100075.145840401	
1481	35544	0	0	0.289589218946296		-27599.5590804027	
1482	35568	0	0	0.26448461510643		65812.1903171502	
1483	35592	0	0	0.158881457869607		49534.2010925531	
1484	35616	0	0	0.242623000855417		71659.7301986684	
1485	35640	0	0	0.280020112038208		98671.3353496491	
1486	35664	0	0	0.100415512959948		43949.5240540707	
1487	35688	0	0	0.0696026538059761		34217.9466912664	
1488	35712	0	0	0.0914029154724698		83467.2725252337	
1489	35736	0	0	0.12956533309242		82630.1225678839	
1490	35760	0	0	0.16598064008507		51500.8835267915	
1491	35784	0	0	0.207957595892106		22843.374084398	
1492	35808	0	0	0.219988324120339		19512.4104673486	
1493	35832	0	0	0.228975889507844		24773.2558322626	
1494	35856	0	0	0.155490880200179		30112.9856173095	
1495	35880	0	0	0.12730758721975		41539.5861668563	
1496	35904	0	0.0333333333333333	0.12808549689686		75693.7155177266	
1497	35928	0	0	0.157515980417129		74768.373433444	
1498	35952	0	0	0.161320905463851		39744.0311885487	
1499	35976	0	0	0.162911555501488		44022.4011454934	
1500	36000	0	0	0.104481765501024		35947.6689394273	
1501	36024	0	0	0.110166597378882		27649.4392027371	
1502	36048	0	0	0.176126485107991		59534.5416336439	
1503	36072	0	0	0.123306115318714		41172.8977351282	
1504	36096	0	0	0.102929184927277		19026.9356616622	
1505	36120	0	0	0.138545588611683		39178.7411911511	
1506	36144	0	0	0.0934902759957321		40119.292903563	
1507	36168	0	0	0.112247389750705		33243.2922037596	
1508	36192	0	0	0.138238772883382		40715.9765234356	
1509	36216	0	0.025	0.105667739636834		34508.2175122344	
1510	36240	0	0.0333333333333333	0.0769737692675907		33920.7147375043	
1511	36264	0	0	0.0147120933508038		20455.3499604523	
1512	36288	0	0	0.039971369029649		32990.5354506544	
1513	36312	0	0.1	0.0938258148877882		92522.075797348	
1514	36336	0	0	0.074769613241342		43297.0026128479	
1515	36360	0	0	0.109326514275002		-41415.5488224239	
1516	36384	0	0	0.0873503379940992		42386.4284216877	
1517	36408	0	0	0.0787015818891526		38262.4236411003	
1518	36432	0	0	0.126496957094268		6767.24583313341	
1519	36456	0	0	0.0568302666800698		21851.9836560836	
1520	36480	0	0	0.023497748898679		10670.3983921877	
1521	36504	0	0	0.0258885377733797		30889.8425354138	
1522	36528	0	0	0.0639871066246815		38444.0528182221	
1523	36552	0	0	0.037701551118273		22864.3718202389	
1524	36576	0	0	0.0367241483005714		2539.59141715499	
1525	36600	0	0.2	0.0286021372165095		59663.4984079111	
1526	36624	0	0.00833333333333333	0.0545775384222011		54106.5049092538	
1527	36648	0	0	0.0111276863193019		-64994.4981850111	
1528	36672	0	0	0.0221991878496102		66535.2809446612	
1529	36696	0	0.133333333333333	0.0440127133641521		108809.751050904	
1530	36720	0	0.00833333333333333	0.0387192078231706		-7094.40736299068	
1531	36744	0	0	0.0298505159304661		-48972.9603806479	
1532	36768	0	0	0.0467422932529882		46813.0671439664	
1533	36792	0	0	0.0517710815419878		51109.6020048118	
1534	36816	0	0	0.0144313951550057		-24344.6197331106	
1535	36840	0	0	0.00747872600410381		3128.09741271882	
1536	36864	0	0	0.00440114298011985		15580.8581016039	
1537	36888	0	0	0.00487835690173632		14592.8288108744	
1538	36912	0	0	0.0290611966854684		11583.0230748274	
1539	36936	0	0.00833333333333333	0.0195903006911085		5277.26654723993	
1540	36960	0	0	0.0403846664735656		971.04474237345	
1541	36984	0	0.00833333333333333	0.0066176656075676		-1138.07426617321	
1542	37008	0	0	0.00353112091752194		3572.62025816078	
1543	37032	0	0	0		9950.23087348247	
1544	37056	0	0	0		9702.96033479341	
1545	37080	0	0	0		8662.77814697487	
1546	37104	0	0	0.0030881495757562		-258.687826870262	
1547	37128	0	0.266666666666667	0.0177433367953554		69174.6464775841	
1548	37152	0	0	0		47300.6801657087	
1549	37176	0	0	0		-107137.152123689	
1550	37200	0	0.075	0.0036978154123588		109337.835642111	
1551	37224	0	0.291666666666667	0.00561794695267004		162999.404823925	
1552	37248	0	0.025	0.00251411425529291		-30508.1234681312	
1553	37272	0	0	0		-85209.4662102525	
1554	37296	0	0	0		106652.503458424	
1555	37320	0	0	0		71525.2380384079	
1556	37344	0	0	0		-60365.6384693764	
1557	37368	0	0	0		-5547.04275620752	
1558	37392	0	0	0		0	
1559	37416	0	0.00833333333333333	0.000816151671013899		2182.29875093164	
1560	37440	0	0	0		1485.90354827917	
1561	37464	0	0	0		-3419.35535481222	
1562	37488	0	0	0		2839.11306369181	
1563	37512	0	0	0		2392.13252030614	
1564	37536	0	0	0		-1851.63259594317	
1565	37560	0	0	0		0	
1566	37584	0	0	0		0	
1567	37608	0	0	0		0	
1568	37632	0	0				
1569	37656	0	0	0			
1570	37680	0	0	0			
1571	37704	0	0	0			
1572	37728	0	0	0			
1573	37752	0	0	0			
1574	37776	0	0	0		0	
1575	37800	0	0	0		0	
1576	37824	0	0	0		0	
1577	37848	0	0	0		0	
1578	37872	0	0	0		0	
1579	37896	0	0	0		0	
1580	37920	0	0	0		0	
1581	37944	0	0	0		0	
1582	37968	0	0	0		0	
1583	37992	0	0	0		0	
1584	38016	0	0	0		0	
1585	38040	0	0	0		0	
1586	38064	0	0	0		0	
1587	38088	0	0	0		0	
1588	38112	0	0	0		0	
1589	38136	0	0	0		0	
1590	38160	0	0	0		0	
1591	38184	0	0	0		0	
1592	38208	0	0	0		0	
1593	38232	0	0	0		0	
1594	38256	0	0	0		0	
1595	38280	0	0	0		0	
1596	38304	0	0	0		0	
1597	38328	0	0	0		0	
1598	38352	0	0	0		0	
1599	38376	0	0	0		0	
1600	38400	0	0	0		0	
1601	38424	0	0	0		0	
1602	38448	0	0	0		0	
1603	38472	0	0	0		0	
1604	38496	0	0	0		0	
1605	38520	0	0	0		0	
1606	38544	0	0	0		0	
1607	38568	0	0	0		0	
1608	38592	0	0	0		0	
1609	38616	0	0	0		0	
1610	38640	0	0	0		0	
1611	38664	0	0	0		0	
1612	38688	0	0	0		0	
1613	38712	0	0	0		0	
1614	38736	0	0	0		0	
1615	38760	0	0	0		0	
1616	38784	0	0	0		0	
1617	38808	0	0	0		0	
1618	38832	0	0	0		0	
1619	38856	0	0	0		0	
1620	38880	0	0	0		0	
1621	38904	0	0	0		0	
1622	38928	0	0	0		0	
1623	38952	0	0	0		0	
1624	38976	0	0	0		0	
1625	39000	0	0	0		0	
1626	39024	0	0	0		0	
1627	39048	0	0	0		0	
1628	39072	0	0	0		0	
1629	39096	0	0	0		0	
1630	39120	0	0	0		0	
1631	39144	0	0	0		0	
1632	39168	0	0	0		0	
1633	39192	0	0	0		0	
1634	39216	0	0	0		0	
1635	39240	0	0	0		0	
1636	39264	0	0	0		0	
1637	39288	0	0	0		0	
1638	39312	0	0	0		0	
1639	39336	0	0	0		0	
1640	39360	0	0	0		0	
1641	39384	0	0	0		0	
1642	39408	0	0	0		0	
1643	39432	0	0	0		0	
1644	39456	0	0	0		0	
1645	39480	0	0	0		0	
1646	39504	0	0	0		0	
1647	39528	0	0	0		0	
1648	39552	0	0	0		0	
1649	39576	0	0	0		0	
1650	39600	0	0	0		0	
1651	39624	0	0	0		0	
1652	39648	0	0	0		0	
1653	39672	0	0	0		0	
1654	39696	0	0	0		0	
1655	39720	0	0	0		0	
1656	39744	0	0	0		0	
1657	39768	0	0	0		0	
1658	39792	0	0	0		0	
1659	39816	0	0	0		0	
1660	39840	0	0	0		0	
1661	39864	0	0	0		0	
1662	39888	0	0	0		0	
1663	39912	0	0	0		0	
1664	39936	0	0	0		0	
1665	39960	0	0	0		0	
1666	39984	0	0	0		0	
1667	40008	0	0	0		0	
1668	40032	0	0	0		0	
1669	40056	0	0	0		0	
1670	40080	0	0	0		0	
1671	40104	0	0	0		0	
1672	40128	0	0	0		0	
1673	40152	0	0	0		0	
1674	40176	0	0	0		0	
1675	40200	0	0	0		0	
1676	40224	0	0	0		0	
1677	40248	0	0	0		0	
1678	40272	0	0	0		0	
1679	40296	0	0	0		0	
1680	40320	0	0	0		0	
1681	40344	0	0	0		0	
1682	40368	0	0	0		0	
1683	40392	0	0	0		0	
1684	40416	0	0	0		0	
1685	40440	0	0	0		0	
1686	40464	0	0	0		0	
1687	40488	0	0	0		0	
1688	40512	0	0	0		0	
1689	40536	0	0	0		0	
1690	40560	0	0	0		0	
1691	40584	0	0	0		0	
1692	40608	0	0	0		0	
1693	40632	0	0	0		0	
1694	40656	0	0	0		0	
1695	40680	0	0	0		0	
1696	40704	0	0	0		0	
1697	40728	0	0	0		0	
1698	40752	0	0	0		0	
1699	40776	0	0	0		0	
1700	40800	0	0	0		0	
1701	40824	0	0	0		0	
1702	40848	0	0	0		0	
1703	40872	0	0	0		0	
1704	40896	0	0	0		0	
1705	40920	0	0	0		0	
1706	40944	0	0	0		0	
1707	40968	0	0	0		0	
1708	40992	0	0	0		0	
1709	41016	0	0	0		0	
1710	41040	0	0	0		0	
1711	41064	0	0	0		0	
1712	41088	0	0	0		0	
1713	41112	0	0	0		0	
1714	41136	0	0	0		0	
1715	41160	0	0	0		0	
1716	41184	0	0	0		0	
1717	41208	0	0	0		0	
1718	41232	0	0	0		0	
1719	41256	0	0	0		0	
1720	41280	0	0	0		0	
1721	41304	0	0	0		0	
1722	41328	0	0	0		0	
1723	41352	0	0	0		0	
1724	41376	0	0	0		0	
1725	41400	0	0	0		0	
1726	41424	0	0	0		0	
1727	41448	0	0	0		0	
1728	41472	0	0	0		0	
1729	41496	0	0	0		0	
1730	41520	0	0	0		0	
1731	41544	0	0	0		0	
1732	41568	0	0	0		0	
1733	41592	0	0	0		0	
1734	41616	0	0	0		0	
1735	41640	0	0	0		0	
1736	41664	0	0	0		0	
1737	41688	0	0	0		0	
1738	41712	0	0	0		0	
1739	41736	0	0	0		0	
1740	41760	0	0	0		0	
1741	41784	0	0	0		0	
1742	41808	0	0	0		0	
1743	41832	0	0	0		0	
1744	41856	0	0	0		0	
1745	41880	0	0	0		0	
1746	41904	0	0	0		0	
1747	41928	0	0	0		0	
1748	41952	0	0	0		0	
1749	41976	0	0	0		0	
1750	42000	0	0	0		0	
1751	42024	0	0	0		0	
1752	42048	0	0	0		0	
1753	42072	0	0	0		0	
1754	42096	0	0	0		0	
1755	42120	0	0	0		0	
1756	42144	0	0	0		0	
1757	42168	0	0	0		0	
1758	42192	0	0	0		0	
1759	42216	0	0	0		0	
1760	42240	0	0	0		0	
1761	42264	0	0	0		0	
1762	42288	0	0	0		0	
1763	42312	0	0	0		0	
1764	42336	0	0	0		0	
1765	42360	0	0	0		0	
1766	42384	0	0	0		0	
1767	42408	0	0	0		0	
1768	42432	0	0	0		0	
1769	42456	0	0.0416666666666667	0		10460.8648243992	
1770	42480	0	0	0		7636.56477189248	
1771	42504	0	0	0		-16207.3469936365	
1772	42528	0	0	0		13591.4721400338	
1773	42552	0	0	0		11315.9535832199	
1774	42576	0	0	0		-9746.35755555546	
1775	42600	0	0	0		0	
1776	42624	0	0	0		0	
1777	42648	0	0	0		0	
1778	42672	0	0	0		0	
1779	42696	0	0	0		0	
1780	42720	0	0	0		0	
1781	42744	0	0	0		0	
1782	42768	0	0	0		0	
1783	42792	0	0	0		0	
1784	42816	0	0	0		0	
1785	42840	0	0	0		0	
1786	42864	0	0.0166666666666667	0		4184.34592975968	
1787	42888	0	0	0		3054.62590875699	
1788	42912	0	0	0		-6482.9387974546	
1789	42936	0	0	0		5436.58885601353	
1790	42960	0	0	0		4526.38143328797	
1791	42984	0	0	0		-3898.54302222219	
1792	43008	0	0	0		0	
1793	43032	0	0	0		0	
1794	43056	0	0	0		0	
1795	43080	0	0	0		0	
1796	43104	0	0	0		0	
1797	43128	0	0	0		0	
1798	43152	0	0	0		0	
1799	43176	0	0	0		0	
1800	43200	0	0	0		0	
1801	43224	0	0	0		0	
1802	43248	0	0	0		0	
1803	43272	0	0	0		0	
1804	43296	0	0	0		0	
1805	43320	0	0	0		0	
1806	43344	0	0	0		0	
1807	43368	0	0	0		0	
1808	43392	0	0	0		0	
1809	43416	0	0	0		0	
1810	43440	0	0	0		0	
1811	43464	0	0	0.0157539514138769		1739.67328013144	
1812	43488	0	0	0		-799.314385959576	
1813	43512	0	0	0.157897189370805		14002.5463451462	
1814	43536	0	0	0.605572485122168		61192.8396235566	
1815	43560	0	0.141666666666667	0.476406822581248		25524.4354755521	
1816	43584	0	0	0.0479078876704193		-99646.7762936447	
1817	43608	0	0	0.156870804080393		-29457.5727765621	
1818	43632	0	0	0.0702799964952847	1302962.5	220658.131765242	1082304.36823476
1819	43656	0	0	0.111353312984518	813662.5	167818.828294281	645843.671705719
1820	43680	0	0	0.093217933434782	562625	43973.7033723938	518651.296627606
1821	43704	0.725079697717228	0	0.0978254282466715	480812.5	22721.6537845562	458090.846215444
1822	43728	0.782398862742797	0	0.248284848959761	444762.5	48491.1009553806	396271.399044619
1823	43752	0.862152452985809	0	0.350000516426286	405300	44530.4447139082	360769.555286092
1824	43776	0.85786651795711	0	0.287452312469988	379137.5	2399.55923881533	376737.940761185
1825	43800	0.870638322615111	0	0.268991375973726	333112.5	2196.37476462557	330916.125235374
1826	43824	0.944395773753672	0	0.112573179577182	334512.5	38872.3011756612	295640.198824339
1827	43848	0.907127689396576	0	0.157539010921956	388062.5	80608.1887961305	307454.31120387
1828	43872	0.960495971596715	0	0.123360532076663	397425	108198.81270122	289226.18729878
1829	43896	0.920997914227487	0	0.0940033858949904	373275	63335.737760758	309939.262239242
1830	43920	0.912678967550627	0	0.131675888995666	349300	56170.5959568066	293129.404043193
1831	43944	0.901647514642637	0	0.132166383725801	360062.5	44043.5724053924	316018.927594608
1832	43968	0.85985008348615	0	0.168545405717444	379925	35458.7190140628	344466.280985937
1833	43992	0.874470324881229	0	0.111339308455224	367762.5	24038.7793373776	343723.720662622
1834	44016	0.840824803827331	0	0.182490292321948	373887.5	29381.5525074328	344505.947492567
1835	44040	0.926932518491479	0.00833333333333333	0.199614030045392	343175	52192.8438142792	290982.156185721
1836	44064	0.998507189794326	0	0.167591531520467	140525	29052.7779372871	111472.222062713
1837	44088	0.939262900379297	0	0.209929959302896	0	32698.9265291923	-32698.9265291923
1838	44112	0.901019610525667	0	0.230902223309906	0	52738.1162123251	-52738.1162123251
1839	44136	0.899099327759408	0	0.182187753330968	0	43088.4780223931	-43088.4780223931
1840	44160	0.919464691074016	0	0.299021200188302	0	52935.2258874269	-52935.2258874269
1841	44184	0.856964686089137	0	0.432615558163223	0	80289.4622249788	-80289.4622249788
1842	44208	0.863199310705326	0	0.386367293181184	0	44106.4942826717	-44106.4942826717
1843	44232	0.918360150246898	0	0.310849736468947	0	21104.0406926974	-21104.0406926974
1844	44256	0.873539510798427	0	0.322759902004138	0	68737.8860287897	-68737.8860287897
1845	44280	0.778992225556055	0	0.304934152134288	0	110861.792163574	-110861.792163574
1846	44304	0.792268938444337	0	0.270942604533018	0	102913.187345259	-102913.187345259
1847	44328	0.834628353852197	0.0416666666666667	0.222436478469187	0	97926.9688987153	-97926.9688987153
1848	44352	0.831151701227863	0	0.272263074192906	0	100683.093682853	-100683.093682853
1849	44376	0.841013151273181	0	0.227154804564526	0	73478.8377746129	-73478.8377746129
1850	44400	0.892277391876892	0.133333333333333	0.115512867950297	0	101169.302240346	-101169.302240346
1851	44424	0.538569670133272	0.258333333333333	0.127412395437537	713212.5	167169.678406162	546042.821593838
1852	44448	0.6854986503439	0	0.162583666741817	603487.5	75300.9142810464	528186.585718954
1853	44472	0.97630743532628	0	0.190473570731102	0	13580.4879442064	-13580.4879442064
1854	44496	0.834588240748634	0	0.181866303446528	0	159747.194859388	-159747.194859388
1855	44520	0.863375653077974	0.00833333333333333	0.164883174676538	0	66544.7066732994	-66544.7066732994
1856	44544	0.921646424950143	0	0.202861196293611	0	-15377.7456268582	15377.7456268582
1857	44568	0.899597434153245	0	0.164589260749885	0	45169.0311729861	-45169.0311729861
1858	44592	0.918615742159015	0	0.182749785708049	0	46261.0943445171	-46261.0943445171
1859	44616	0.508847319791963	0.0333333333333333	0.114899264946008	741650	56011.5408734428	685638.459126557
1860	44640	0.191042931687082	0.0333333333333333	0.114147160702844	1329387.5	55612.3610626452	1273775.13893735
1861	44664	0.233288460542232	0.00833333333333333	0.0952948627631951	1203562.5	52249.4055132152	1151313.09448678
1862	44688	0.71396941010837	0	0.0984147993403503	515900	46159.7602526916	469740.239747309
1863	44712	0.388286363414868	0	0.0901885633980583	883837.5	57793.6347150177	826043.865284983
1864	44736	0.470904271865951	0.0333333333333333	0.0591093319277647	747862.5	38730.3872554707	709132.112744529
1865	44760	0.960970138198983	0.158333333333333	0.0459716742515965	0	66026.9030527455	-66026.9030527455
1866	44784	0.943850453924077	0.0916666666666667	0.036867378826349	0	66272.8806313979	-66272.8806313979
1867	44808	0	0	0.0606459650645394		-4335.12361286964	
1868	44832	0	0	0.00315840222556751		41213.9374868367	
1869	44856	0	0	0.0240426239781044		74173.3301543911	
1870	44880	0	0	0.043020293396328		11003.3444746098	
1871	44904	0	0	0.0524508747332177		-8613.52400287361	
1872	44928	0	0	0.0994261088936863		10255.0105165586	
1873	44952	0	0	0.0724255099840985		2065.90439048148	
1874	44976	0	0	0.100219256944365		3159.20028021275	
1875	45000	0	0	0.116223776625384		20115.5628399621	
1876	45024	0	0	0.109176449345032		17020.1661407565	
1877	45048	0	0	0.0958915117755073		17890.8847882907	
1878	45072	0	0	0.0787920286952222		21742.8017710243	
1879	45096	0	0	0.0869753252220669		31219.9174047431	
1880	45120	0	0	0.0605796741464637		30451.5117761981	
1881	45144	0	0	0.0698827776049864		25561.2084898007	
1882	45168	0	0	0.0439317091830844		24897.176078509	
1883	45192	0	0	0.0193649766872781		16813.0638377226	
1884	45216	0	0	0.00699657414252641		20535.9086603415	
1885	45240	0	0	0.00305563254464403		20553.0720933159	
1886	45264	0	0	0.00329680820876454		16851.7276725382	
1887	45288	0	0	0.00388181925523057		8946.2477071611	
1888	45312	0	0	0.00608354981603121		3630.68368882373	
1889	45336	0	0	0.00932869042934925		1683.22977560149	
1890	45360	0	0	0.00924070545127975		682.218031814177	
1891	45384	0	0	0.02675211411837		2360.33568678023	
1892	45408	0	0	0.0442227339197938		4318.49625103094	
1893	45432	0	0	0.0502678980726792		1045.96989984628	
1894	45456	0	0	0.0480226946591262		-349.90265142635	
1895	45480	0	0	0.0309659731484668		1905.20589766244	
1896	45504	0	0	0.0286599144265587		8755.30541494489	
1897	45528	0	0	0.0357141564158905		16081.6852694767	
1898	45552	0	0	0.0113167185598666		11375.7439088627	
1899	45576	0	0	0.0240285333048718		9175.09485442588	
1900	45600	0	0	0.0209635962947665		12148.6594825832	
1901	45624	0	0	0.0342311786148794		8225.58431334762	
1902	45648	0	0	0.0453890300173434		8323.80096244339	
1903	45672	0	0	0.0309431132664742		1906.53453218025	
1904	45696	0	0	0.0130244064746279		1229.42352994693	
1905	45720	0	0	0.00887124738372335		8209.72810717806	
1906	45744	0	0	0.000732953370597755		12638.8140241674	
1907	45768	0	0	0		10275.9895241998	
1908	45792	0	0	0		6913.01944079439	
1909	45816	0	0	1.03229677606009e-05		3069.34168989377	
1910	45840	0	0	0.00115095531227105		1303.66771568469	
1911	45864	0	0	0.00503606903445863		583.160927437099	
1912	45888	0	0	0.0027132367100613		-205.230990458565	
1913	45912	0	0	0		-1063.29692635632	
1914	45936	0	0	0.000257880386149267		365.691995846256	
1915	45960	0	0	6.70479949302914e-05		1329.301315564	
1916	45984	0	0	0.000314604832063026		1006.27159466841	
1917	46008	0	0	6.18885067620313e-05		339.027057839578	
1918	46032	0	0	0		-21.0430718550721	
1919	46056	0	0	0		74.527178095619	
1920	46080	0	0	0		66.8864561166342	
1921	46104	0	0	0		47.4148268899586	
1922	46128	0	0	0.000355852735745898		46.6999401496545	
1923	46152	0	0	0.00105718155192847		98.687132283752	
1924	46176	0	0	0.00166551711751062		52.7200722591128	
1925	46200	0	0	0		-262.245598910582	
1926	46224	0	0	0		-150.291401488174	
1927	46248	0	0	0		456.147417510068	
1928	46272	0	0	1.54681187982675e-05		391.313194270054	
1929	46296	0	0	0.00064964303655124		270.205105360784	
1930	46320	0	0	0		-36.3325769885151	
1931	46344	0	0	0		-139.304420610657	
1932	46368	0	0	0		98.613377089016	
1933	46392	0	0	0		104.486014349136	
1934	46416	0	0				
1935	46440	0	0	0			
1936	46464	0	0	0			
1937	46488	0	0	0			
1938	46512	0	0	0			
1939	46536	0	0	0			
1940	46560	0	0	0		0	
1941	46584	0	0	0		0	
1942	46608	0	0	0		0	
1943	46632	0	0	0		0	
1944	46656	0	0	0		0	
1945	46680	0	0	0		0	
1946	46704	0	0	0		0	
1947	46728	0	0	0		0	
1948	46752	0	0	0		0	
1949	46776	0	0	0		0	
1950	46800	0	0	0		0	
1951	46824	0	0	0		0	
1952	46848	0	0	0		0	
1953	46872	0	0	0		0	
1954	46896	0	0	0		0	
1955	46920	0	0	0		0	
1956	46944	0	0	0		0	
1957	46968	0	0	0		0	
1958	46992	0	0	0		0	
1959	47016	0	0	0		0	
1960	47040	0	0	0		0	
1961	47064	0	0	0		0	
1962	47088	0	0	0		0	
1963	47112	0	0	0		0	
1964	47136	0	0	0		0	
1965	47160	0	0	0		0	
1966	47184	0	0	0		0	
1967	47208	0	0	0		0	
1968	47232	0	0	0		0	
1969	47256	0	0	0		0	
1970	47280	0	0	0		0	
1971	47304	0	0	0		0	
1972	47328	0	0	0		0	
1973	47352	0	0	0		0	
1974	47376	0	0	0		0	
1975	47400	0	0	0		0	
1976	47424	0	0	0		0	
1977	47448	0	0	0		0	
1978	47472	0	0	0		0	
1979	47496	0	0	0		0	
1980	47520	0	0	0		0	
1981	47544	0	0	0		0	
1982	47568	0	0	0		0	
1983	47592	0	0	0		0	
1984	47616	0	0	0		0	
1985	47640	0	0	0		0	
1986	47664	0	0	0		0	
1987	47688	0	0	0		0	
1988	47712	0	0	0		0	
1989	47736	0	0	0		0	
1990	47760	0	0	0		0	
1991	47784	0	0	0		0	
1992	47808	0	0	0		0	
1993	47832	0	0	0		0	
1994	47856	0	0	0		0	
1995	47880	0	0	0		0	
1996	47904	0	0	0		0	
1997	47928	0	0	0		0	
1998	47952	0	0	0		0	
1999	47976	0	0	0		0	
2000	48000	0	0	0		0	
2001	48024	0	0	0		0	
2002	48048	0	0	0		0	
2003	48072	0	0	0		0	
2004	48096	0	0	0		0	
2005	48120	0	0	0		0	
2006	48144	0	0	0		0	
2007	48168	0	0	0		0	
2008	48192	0	0	0		0	
2009	48216	0	0	0		0	
2010	48240	0	0	0		0	
2011	48264	0	0	0		0	
2012	48288	0	0	0		0	
2013	48312	0	0	0		0	
2014	48336	0	0	0		0	
2015	48360	0	0	0		0	
2016	48384	0	0	0		0	
2017	48408	0	0	0		0	
2018	48432	0	0	0		0	
2019	48456	0	0	0		0	
2020	48480	0	0	0		0	
2021	48504	0	0	0		0	
2022	48528	0	0	0		0	
2023	48552	0	0	0		0	
2024	48576	0	0	0		0	
2025	48600	0	0	0		0	
2026	48624	0	0	0		0	
2027	48648	0	0	0		0	
2028	48672	0	0	0		0	
2029	48696	0	0	0		0	
2030	48720	0	0	0		0	
2031	48744	0	0	0		0	
2032	48768	0	0	0		0	
2033	48792	0	0	0		0	
2034	48816	0	0	0		0	
2035	48840	0	0	0		0	
2036	48864	0	0	0		0	
2037	48888	0	0	0		0	
2038	48912	0	0	0		0	
2039	48936	0	0	0		0	
2040	48960	0	0	0		0	
2041	48984	0	0	0		0	
2042	49008	0	0	0		0	
2043	49032	0	0	0		0	
2044	49056	0	0	0		0	
2045	49080	0	0	0		0	
2046	49104	0	0	0		0	
2047	49128	0	0	0		0	
2048	49152	0	0	0		0	
2049	49176	0	0	0		0	
2050	49200	0	0	0		0	
2051	49224	0	0	0		0	
2052	49248	0	0	0		0	
2053	49272	0	0	0		0	
2054	49296	0	0	0		0	
2055	49320	0	0	0		0	
2056	49344	0	0	0		0	
2057	49368	0	0	0		0	
2058	49392	0	0	0		0	
2059	49416	0	0	0		0	
2060	49440	0	0	0		0	
2061	49464	0	0	0		0	
2062	49488	0	0	0		0	
2063	49512	0	0	0		0	
2064	49536	0	0	0		0	
2065	49560	0	0	0		0	
2066	49584	0	0	0		0	
2067	49608	0	0	0		0	
2068	49632	0	0	0		0	
2069	49656	0	0	0		0	
2070	49680	0	0	0		0	
2071	49704	0	0	0		0	
2072	49728	0	0	0		0	
2073	49752	0	0	0		0	
2074	49776	0	0	0		0	
2075	49800	0	0	0		0	
2076	49824	0	0	0		0	
2077	49848	0	0	0		0	
2078	49872	0	0	0		0	
2079	49896	0	0	0		0	
2080	49920	0	0	0		0	
2081	49944	0	0	0		0	
2082	49968	0	0	0		0	
2083	49992	0	0	0		0	
2084	50016	0	0	0		0	
2085	50040	0	0	0		0	
2086	50064	0	0	0		0	
2087	50088	0	0	0		0	
2088	50112	0	0	0		0	
2089	50136	0	0	0		0	
2090	50160	0	0	0		0	
2091	50184	0	0	0		0	
2092	50208	0	0	0		0	
2093	50232	0	0	0		0	
2094	50256	0	0	0		0	
2095	50280	0	0	0		0	
2096	50304	0	0	0		0	
2097	50328	0	0	0		0	
2098	50352	0	0	0		0	
2099	50376	0	0	0		0	
2100	50400	0	0	0		0	
2101	50424	0	0	0		0	
2102	50448	0	0	0		0	
2103	50472	0	0	0		0	
2104	50496	0	0	0		0	
2105	50520	0	0	0		0	
2106	50544	0	0	0		0	
2107	50568	0	0	0		0	
2108	50592	0	0	0		0	
2109	50616	0	0	0		0	
2110	50640	0	0	0		0	
2111	50664	0	0	0		0	
2112	50688	0	0	0		0	
2113	50712	0	0	0		0	
2114	50736	0	0	0		0	
2115	50760	0	0	0		0	
2116	50784	0	0	0		0	
2117	50808	0	0	0		0	
2118	50832	0	0	0		0	
2119	50856	0	0	0		0	
2120	50880	0	0	0		0	
2121	50904	0	0	0		0	
2122	50928	0	0	0		0	
2123	50952	0	0	0		0	
2124	50976	0	0	0		0	
2125	51000	0	0	0		0	
2126	51024	0	0	0		0	
2127	51048	0	0	0		0	
2128	51072	0	0	0		0	
2129	51096	0	0	0		0	
2130	51120	0	0	0		0	
2131	51144	0	0	0		0	
2132	51168	0	0	0		0	
2133	51192	0	0	0		0	
2134	51216	0	0	0		0	
2135	51240	0	0	0		0	
2136	51264	0	0	0		0	
2137	51288	0	0	0		0	
2138	51312	0	0	0		0	
2139	51336	0	0	0		0	
2140	51360	0	0	0		0	
2141	51384	0	0	0		0	
2142	51408	0	0	0		0	
2143	51432	0	0	0		0	
2144	51456	0	0	0		0	
2145	51480	0	0	0		0	
2146	51504	0	0	0		0	
2147	51528	0	0	0		0	
2148	51552	0	0	0		0	
2149	51576	0	0	0		0	
2150	51600	0	0	0		0	
2151	51624	0	0	0		0	
2152	51648	0	0	0		0	
2153	51672	0	0	0		0	
2154	51696	0	0	0		0	
2155	51720	0	0	0		0	
2156	51744	0	0	0		0	
2157	51768	0	0	0		0	
2158	51792	0	0	0		0	
2159	51816	0	0	0		0	
2160	51840	0	0	0		0	
2161	51864	0	0	0		0	
2162	51888	0	0.025	0		6276.51889463952	
2163	51912	0	0.0166666666666667	0		8766.28479289517	
2164	51936	0	0.00833333333333333	0		-4577.60932254506	
2165	51960	0	0	0		3199.25744094419	
2166	51984	0	0	0		8984.69160721819	
2167	52008	0	0	0		1396.86132796146	
2168	52032	0	0	0		-1635.3523055782	
2169	52056	0	0	0		-1949.27151111109	
2170	52080	0	0	0		0	
2171	52104	0	0	0		0	
2172	52128	0	0	0		0	
2173	52152	0	0	0		0	
2174	52176	0	0	0		0	
2175	52200	0	0	0.0763701129437667		8433.37911857859	
2176	52224	0	0	0		-3874.82024855934	
2177	52248	0	0	0.0600631084002652		-10012.7659971283	
2178	52272	0	0	0.0662363275340779		15572.2970879285	
2179	52296	0	0	0.0886720872152776		5405.55313193351	
2180	52320	0	0	0.159507718834066		16706.2396566427	
2181	52344	0	0	0		-8125.21850642506	
2182	52368	0	0	0		-3989.22687613469	
2183	52392	0	0.00833333333333333	0		47637.9805838835	
2184	52416	0	0.00833333333333333	0		39427.8539025892	
2185	52440	0	0	0.110022291421898		29517.791036468	
2186	52464	0	0	0		-6105.41894236918	
2187	52488	0	0	0.00758191786353524		-18161.3875147202	
2188	52512	0	0	0.109332618527748		28289.6857517977	
2189	52536	0	0	0.0616432785923586		15040.2251973535	
2190	52560	0	0	0.3442202607825		25338.7544603771	
2191	52584	0	0	0.261630730325408		15373.7222228121	
2192	52608	0	0.0333333333333333	0.170582074973321		-33788.4082188297	
2193	52632	0	0.00833333333333333	0.130821081013641		30743.7468344153	
2194	52656	0	0	0.0280214479019238		48326.1947858066	
2195	52680	0	0	0.0455442039361491		90492.5902641138	
2196	52704	0	0	0.194358211430871		102430.960780044	
2197	52728	0	0	0.0905741292898596		29903.6357758697	
2198	52752	0	0	0.0412560812881959		-17530.9676754851	
2199	52776	0	0	0.00989054043343484		18577.143655806	
2200	52800	0	0	0.0997196041903514		51080.8199695811	
2201	52824	0	0	0.0876323448963743		46130.440512606	
2202	52848	0	0	0.042271921392842		-2695.05725823028	
2203	52872	0	0.025	0.181440608785008		26327.8759246341	
2204	52896	0	0.00833333333333333	0.186528632881346		38763.0717609778	
2205	52920	0	0.2	0.150436896892539		41649.5478280568	
2206	52944	0	0.00833333333333333	0.249613413254925		66959.0100063255	
2207	52968	0	0	0.109906619421112		-38741.6849355317	
2208	52992	0	0	0.0936678719504024		82220.5396881855	
2209	53016	0	0	0.162912090240373		127401.834323401	
2210	53040	0	0	0.17822500182722		20183.4072238457	
2211	53064	0	0.00833333333333333	0.218148408908951		40774.0717611999	
2212	53088	0	0	0.314429985308626		38398.9064022964	
2213	53112	0	0.291666666666667	0.184875446401328		90226.97068302	
2214	53136	0	0.391666666666667	0.107035541854846		168354.302564662	
2215	53160	0	0	0.169502786608189		35920.5569867998	
2216	53184	0	0.05	0.151396301022404		41325.8762783104	
2217	53208	0	0.0166666666666667	0.0688958218669838		265971.249397498	
2218	53232	0	0.0583333333333333	0.0872078369461918		73652.9793185962	
2219	53256	0	0	0.0464274121704307		-23415.6654772981	
2220	53280	0	0.00833333333333333	0.0458589837287482		36514.4307250018	
2221	53304	0	0.00833333333333333	0.115026634906473		57640.9796223852	
2222	53328	0	0	0.0798694283968225		32110.8465308129	
2223	53352	0	0	0.0939062144469985		-8364.82139167587	
2224	53376	0	0	0.216910152511889		36589.0552123645	
2225	53400	0	0	0.245172908762128		31397.3112489272	
2226	53424	0	0	0.195777673546828		234.252814052334	
2227	53448	0	0	0.227908369966927		18298.2609157643	
2228	53472	0	0	0.229303951017351		52884.4025271302	
2229	53496	0	0	0.147747002519027		48672.664519415	
2230	53520	0	0.316666666666667	0.087253534667151		125662.677523698	
2231	53544	0	0.00833333333333333	0.0276565649512373		119927.72785718	
2232	53568	0	0	0.0349893491247846		-52841.2099129955	
2233	53592	0	0	0.0305828262317673		159318.813007917	
2234	53616	0	0	0.0314914082456825		118573.7610669	
2235	53640	0	0	0.0558094544097303		-53922.2939859861	
2236	53664	0	0.00833333333333333	0.0594024878816679		10371.0278046696	
2237	53688	0	0	0.112911994922033		12497.3551183275	
2238	53712	0	0.05	0.0519464061053219		13267.5472739137	
2239	53736	0	0.00833333333333333	0.0431479576064593		12871.7336331365	
2240	53760	0	0	0.0294664806594476		6860.70508302866	
2241	53784	0	0.0166666666666667	0.0719060808765856		44979.4139646243	
2242	53808	0	0	0.121456546150179		50795.7922879801	
2243	53832	0	0.05	0.119494216170521		5391.73324322819	
2244	53856	0	0.15	0.139361832601115		53626.4468131293	
2245	53880	0	0	0.050626872400926		17909.5563700999	
2246	53904	0	0	0.0777766330254952		-24809.8327963794	
2247	53928	0	0	0.116610884560155		114444.06700615	
2248	53952	0	0	0.139156143502433		65347.4575658727	
2249	53976	0	0	0.0834580958792124		-22163.015322792	
2250	54000	0	0	0.106507199208425		12803.6881215055	
2251	54024	0	0.166666666666667	0.0843525281921629		75891.8048609096	
2252	54048	0	0.00833333333333333	0.0490189792102509		58847.835789591	
2253	54072	0	0	0.0100642686252268		-37463.2257842726	
2254	54096	0	0	0.0360543843340011		83209.4261207089	
2255	54120	0	0	0.0261444448177368		80171.25642986	
2256	54144	0	0	0.00734650175295393		-25770.1687771371	
2257	54168	0	0	0		4771.24721732508	
2258	54192	0	0	0		9169.22497089555	
2259	54216	0	0	0		9531.3376656448	
2260	54240	0	0	0		4288.40194856985	
2261	54264	0	0	0.000334453942320678		915.819218943574	
2262	54288	0	0	0		-16.9693203003235	
2263	54312	0	0	0		-72.8965723027644	
2264	54336	0	0	0		49.5107348864121	
2265	54360	0	0	0		52.8395592343441	
2266	54384	0	0	0		40.0118277786018	
2267	54408	0	0	0		0	
2268	54432	0	0	0		0	
2269	54456	0	0	0		0	
2270	54480	0	0	0		0	
2271	54504	0	0	0		0	
2272	54528	0	0	0		0	
2273	54552	0	0.00833333333333333	0		2092.17296487984	
2274	54576	0	0	0		1527.3129543785	
2275	54600	0	0	0		-3241.4693987273	
2276	54624	0	0	0		2718.29442800676	
2277	54648	0	0	0		2263.19071664399	
2278	54672	0	0	0		-1949.27151111109	
2279	54696	0	0	0		0	
2280	54720	0	0	0		0	
2281	54744	0	0	0		0	
2282	54768	0	0	0		0	
2283	54792	0	0	0		0	
2284	54816	0	0	0		0	
2285	54840	0	0	0		0	
2286	54864	0	0	0		0	
2287	54888	0	0	0		0	
2288	54912	0	0	0		0	
2289	54936	0	0	0		0	
2290	54960	0	0	0		0	
2291	54984	0	0	0		0	
2292	55008	0	0	0		0	
2293	55032	0	0	0		0	
2294	55056	0	0	0		0	
2295	55080	0	0	0		0	
2296	55104	0	0	0		0	
2297	55128	0	0	0		0	
2298	55152	0	0	0		0	
2299	55176	0	0				
2300	55200	0	0	0			
2301	55224	0	0	0			
2302	55248	0	0	0			
2303	55272	0	0	0			
2304	55296	0	0	0			
2305	55320	0	0	0		0	
2306	55344	0	0	0		0	
2307	55368	0	0	0		0	
2308	55392	0	0	0		0	
2309	55416	0	0	0		0	
2310	55440	0	0	0		0	
2311	55464	0	0	0		0	
2312	55488	0	0	0		0	
2313	55512	0	0	0		0	
2314	55536	0	0	0		0	
2315	55560	0	0	0		0	
2316	55584	0	0	0		0	
2317	55608	0	0	0		0	
2318	55632	0	0	0		0	
2319	55656	0	0	0		0	
2320	55680	0	0	0		0	
2321	55704	0	0	0		0	
2322	55728	0	0	0		0	
2323	55752	0	0	0		0	
2324	55776	0	0	0		0	
2325	55800	0	0	0		0	
2326	55824	0	0	0		0	
2327	55848	0	0	0		0	
2328	55872	0	0	0		0	
2329	55896	0	0	0		0	
2330	55920	0	0	0		0	
2331	55944	0	0	0		0	
2332	55968	0	0	0		0	
2333	55992	0	0	0		0	
2334	56016	0	0	0		0	
2335	56040	0	0	0		0	
2336	56064	0	0	0		0	
2337	56088	0	0	0		0	
2338	56112	0	0	0		0	
2339	56136	0	0	0		0	
2340	56160	0	0	0		0	
2341	56184	0	0	0		0	
2342	56208	0	0	0		0	
2343	56232	0	0	0		0	
2344	56256	0	0	0		0	
2345	56280	0	0	0		0	
2346	56304	0	0	0		0	
2347	56328	0	0	0		0	
2348	56352	0	0	0		0	
2349	56376	0	0	0		0	
2350	56400	0	0	0		0	
2351	56424	0	0	0		0	
2352	56448	0	0	0		0	
2353	56472	0	0	0		0	
2354	56496	0	0	0		0	
2355	56520	0	0	0		0	
2356	56544	0	0	0		0	
2357	56568	0	0	0		0	
2358	56592	0	0	0		0	
2359	56616	0	0	0		0	
2360	56640	0	0	0		0	
2361	56664	0	0	0		0	
2362	56688	0	0	0		0	
2363	56712	0	0	0		0	
2364	56736	0	0	0		0	
2365	56760	0	0	0		0	
2366	56784	0	0	0		0	
2367	56808	0	0	0		0	
2368	56832	0	0	0		0	
2369	56856	0	0	0		0	
2370	56880	0	0	0		0	
2371	56904	0	0	0		0	
2372	56928	0	0	0		0	
2373	56952	0	0	0		0	
2374	56976	0	0	0		0	
2375	57000	0	0	0		0	
2376	57024	0	0	0		0	
2377	57048	0	0	0		0	
2378	57072	0	0	0		0	
2379	57096	0	0	0		0	
2380	57120	0	0	0		0	
2381	57144	0	0	0		0	
2382	57168	0	0	0		0	
2383	57192	0	0	0		0	
2384	57216	0	0	0		0	
2385	57240	0	0	0		0	
2386	57264	0	0	0		0	
2387	57288	0	0	0		0	
2388	57312	0	0	0		0	
2389	57336	0	0	0		0	
2390	57360	0	0	0		0	
2391	57384	0	0	0		0	
2392	57408	0	0	0		0	
2393	57432	0	0	0		0	
2394	57456	0	0	0		0	
2395	57480	0	0	0		0	
2396	57504	0	0	0		0	
2397	57528	0	0	0		0	
2398	57552	0	0	0		0	
2399	57576	0	0	0		0	
2400	57600	0	0	0		0	
2401	57624	0	0	0		0	
2402	57648	0	0	0		0	
2403	57672	0	0	0		0	
2404	57696	0	0	0		0	
2405	57720	0	0	0		0	
2406	57744	0	0	0		0	
2407	57768	0	0	0		0	
2408	57792	0	0	0		0	
2409	57816	0	0	0		0	
2410	57840	0	0	0		0	
2411	57864	0	0	0		0	
2412	57888	0	0	0		0	
2413	57912	0	0	0		0	
2414	57936	0	0	0		0	
2415	57960	0	0	0		0	
2416	57984	0	0	0		0	
2417	58008	0	0	0		0	
2418	58032	0	0	0		0	
2419	58056	0	0	0		0	
2420	58080	0	0	0		0	
2421	58104	0	0	0		0	
2422	58128	0	0	0		0	
2423	58152	0	0	0		0	
2424	58176	0	0	0		0	
2425	58200	0	0	0		0	
2426	58224	0	0	0		0	
2427	58248	0	0	0		0	
2428	58272	0	0	0		0	
2429	58296	0	0	0		0	
2430	58320	0	0	0		0	
2431	58344	0	0	0		0	
2432	58368	0	0	0		0	
2433	58392	0	0	0		0	
2434	58416	0	0	0		0	
2435	58440	0	0	0		0	
2436	58464	0	0	0		0	
2437	58488	0	0	0		0	
2438	58512	0	0	0		0	
2439	58536	0	0	0		0	
2440	58560	0	0	0		0	
2441	58584	0	0	0		0	
2442	58608	0	0	0		0	
2443	58632	0	0	0		0	
2444	58656	0	0	0		0	
2445	58680	0	0	0		0	
2446	58704	0	0	0		0	
2447	58728	0	0	0		0	
2448	58752	0	0	0		0	
2449	58776	0	0	0		0	
2450	58800	0	0	0		0	
2451	58824	0	0	0		0	
2452	58848	0	0	0		0	
2453	58872	0	0	0		0	
2454	58896	0	0	0		0	
2455	58920	0	0	0		0	
2456	58944	0	0	0		0	
2457	58968	0	0	0		0	
2458	58992	0	0	0		0	
2459	59016	0	0	0		0	
2460	59040	0	0	0		0	
2461	59064	0	0	0		0	
2462	59088	0	0	0		0	
2463	59112	0	0	0		0	
2464	59136	0	0	0		0	
2465	59160	0	0	0		0	
2466	59184	0	0	0		0	
2467	59208	0	0	0		0	
2468	59232	0	0	0		0	
2469	59256	0	0	0		0	
2470	59280	0	0	0		0	
2471	59304	0	0	0		0	
2472	59328	0	0	0		0	
2473	59352	0	0	0		0	
2474	59376	0	0	0		0	
2475	59400	0	0	0		0	
2476	59424	0	0	0		0	
2477	59448	0	0	0		0	
2478	59472	0	0	0		0	
2479	59496	0	0	0		0	
2480	59520	0	0	0		0	
2481	59544	0	0	0		0	
2482	59568	0	0	0		0	
2483	59592	0	0	0		0	
2484	59616	0	0	0		0	
2485	59640	0	0	0		0	
2486	59664	0	0	0		0	
2487	59688	0	0	0		0	
2488	59712	0	0	0		0	
2489	59736	0	0	0		0	
2490	59760	0	0	0		0	
2491	59784	0	0	0		0	
2492	59808	0	0	0		0	
2493	59832	0	0	0		0	
2494	59856	0	0	0		0	
2495	59880	0	0	0		0	
2496	59904	0	0	0		0	
2497	59928	0	0	0		0	
2498	59952	0	0	0		0	
2499	59976	0	0	0		0	
2500	60000	0	0	0		0	
2501	60024	0	0	0		0	
2502	60048	0	0	0		0	
2503	60072	0	0	0		0	
2504	60096	0	0	0		0	
2505	60120	0	0	0		0	
2506	60144	0	0	0		0	
2507	60168	0	0	0		0	
2508	60192	0	0	0		0	
2509	60216	0	0	0		0	
2510	60240	0	0	0		0	
2511	60264	0	0	0		0	
2512	60288	0	0	0		0	
2513	60312	0	0	0		0	
2514	60336	0	0	0		0	
2515	60360	0	0	0		0	
2516	60384	0	0	0		0	
2517	60408	0	0	0		0	
2518	60432	0	0	0		0	
2519	60456	0	0	0		0	
2520	60480	0	0	0		0	
2521	60504	0	0	0		0	
2522	60528	0	0	0		0	
2523	60552	0	0	0		0	
2524	60576	0	0.00833333333333333	0		2092.17296487984	
2525	60600	0	0	0		1527.3129543785	
2526	60624	0	0	0		-3241.4693987273	
2527	60648	0	0	0		2718.29442800676	
2528	60672	0	0	0		2263.19071664399	
2529	60696	0	0	0		-1949.27151111109	
2530	60720	0	0	0		0	
2531	60744	0	0	0		0	
2532	60768	0	0	0		0	
2533	60792	0	0	0		0	
2534	60816	0	0	0		0	
2535	60840	0	0	0		0	
2536	60864	0	0	0		0	
2537	60888	0	0	0		0	
2538	60912	0	0	0		0	
2539	60936	0	0	0		0	
2540	60960	0	0	0		0	
2541	60984	0	0	0		0	
2542	61008	0	0	0		0	
2543	61032	0	0	0		0	
2544	61056	0	0	0		0	
2545	61080	0	0	0		0	
2546	61104	0	0	0		0	
2547	61128	0	0	0		0	
2548	61152	0	0	0.139580365146167		15413.5445321918	
2549	61176	0	0	0		-7081.94350279299	
2550	61200	0	0	0		-30422.5153075576	
2551	61224	0	0	0		20662.7148902745	
2552	61248	0	0	0		22051.9600424405	
2553	61272	0	0	0.237363992815097		42910.0289912562	
2554	61296	0	0	0.224394512697125		12736.1497131858	
2555	61320	0	0	0		-63120.3318383067	
2556	61344	0	0	0.0205931323431547		-11496.2288900435	
2557	61368	0	0	0.123597844318604		83322.4829966904	
2558	61392	0	0	0.198524951765425		75011.3895449301	
2559	61416	0	0	0.133393400617243		7612.23090487821	
2560	61440	0	0	0.128732593940473		-14272.0746540002	
2561	61464	0	0	0.116682174429462		28658.4645394922	
2562	61488	0	0	0.0660334795015618		39211.3301306671	
2563	61512	0	0	0.253977090929149		63145.6167139533	
2564	61536	0	0	0.419390309199835		72603.1633011569	
2565	61560	0	0	0.515854778218213		23940.099060281	
2566	61584	0	0.0166666666666667	0.293122758175955		-19040.0194745193	
2567	61608	0	0	0.108796653019798		-2128.36832869262	
2568	61632	0	0	0.1722091493328		116132.406714868	
2569	61656	0	0	0.0982820666612176		158903.192926674	
2570	61680	0	0	0.0372566205820899		90248.6004301446	
2571	61704	0	0	0.0959413886552931		61133.1420111479	
2572	61728	0	0	0.0613489076214755		48558.2093821352	
2573	61752	0	0	0.0871480486371072		27244.3410119071	
2574	61776	0	0	0.106239451877307		25785.2244163842	
2575	61800	0	0	0.0789014106194075		13024.5008446505	
2576	61824	0	0	0.0979707031432056		17730.8708269165	
2577	61848	0	0	0.145553496247446		30740.0396907755	
2578	61872	0	0	0.0761818039529137		18564.6341577401	
2579	61896	0	0	0.128799165172504		18311.5983866481	
2580	61920	0	0	0.0775173184872964		31885.1046446843	
2581	61944	0	0	0.167943878486031		32533.6960883384	
2582	61968	0	0	0.193405993193294		44456.4582391447	
2583	61992	0	0	0.205225405056523		17182.9070035868	
2584	62016	0	0.0416666666666667	0.150568469769524		27037.9471420523	
2585	62040	0	0.00833333333333333	0.190553093788252		42838.7854655489	
2586	62064	0	0.108333333333333	0.105863061666477		62750.6842888442	
2587	62088	0	0.025	0.106816079174149		79223.6450982322	
2588	62112	0	0.0166666666666667	0.130143258498125		43087.8689167805	
2589	62136	0	0	0.0972923978065836		65833.6270040272	
2590	62160	0	0	0.0628783741121337		58119.6843922965	
2591	62184	0	0	0.185625554461057		31794.0550263477	
2592	62208	0	0	0.168565615208674		41912.359717962	
2593	62232	0	0.00833333333333333	0.114791803845759		2107.49011103846	
2594	62256	0	0	0.0706871396001008		15821.2484706859	
2595	62280	0	0.025	0.0651427554371376		43424.8675276954	
2596	62304	0	0.0916666666666667	0.142760226581205		93198.3136737979	
2597	62328	0	0	0.146253283403361		52813.9193227939	
2598	62352	0	0.0666666666666667	0.0674895719808833		-9252.55740536237	
2599	62376	0	0	0.0571069955784162		59796.0660036025	
2600	62400	0	0.0416666666666667	0.0420379732805198		42609.3864248011	
2601	62424	0	0.00833333333333333	0.0579567696791505		52029.2384374253	
2602	62448	0	0.0166666666666667	0.0871340999680355		41741.8968044077	
2603	62472	0	0.00833333333333333	0.0851477074636877		15571.5253782521	
2604	62496	0	0	0.0205453105611717		10088.7145949552	
2605	62520	0	0	0.00212867487120239		2430.51016628846	
2606	62544	0	0.025	0.00354338007301891		40681.67742367	
2607	62568	0	0.0166666666666667	0.0272806759210535		36417.5674916348	
2608	62592	0	0	0.0260000266983225		5843.13736386526	
2609	62616	0	0.00833333333333333	0.0508803863870888		5436.28629167602	
2610	62640	0	0	0.0387871471102415		14641.1782021734	
2611	62664	0	0	0.0295579993058759		-5773.75817657211	
2612	62688	0	0	0.0355665123579731		7697.06796665321	
2613	62712	0	0	0.0592348991992093		17448.2164426773	
2614	62736	0	0	0.0277543669846914		6948.66613254548	
2615	62760	0	0	0.0170499769344108		2139.04879797457	
2616	62784	0	0	0.0199843461484788		13216.4948126091	
2617	62808	0	0	0.0231064337498808		15543.3968714794	
2618	62832	0	0	0.0176876646899817		10420.4171279909	
2619	62856	0	0	0.040728385028519		7536.31301993608	
2620	62880	0	0	0.0199952909288275		4904.00591563495	
2621	62904	0	0	0.00356042168629589		-838.668124332546	
2622	62928	0	0	0.0277711904733682		10115.887399242	
2623	62952	0	0	0.0290560394893848		12534.1414226026	
2624	62976	0	0	0.0579898486021193		7435.07891292681	
2625	63000	0	0.00833333333333333	0.0401495064664026		4316.27222541983	
2626	63024	0	0.00833333333333333	0.0500174919909337		3581.1757021003	
2627	63048	0	0	0.108453023209659		15470.7957208248	
2628	63072	0	0.0666666666666667	0.0639944822852563		25457.9474609642	
2629	63096	0	0	0.0505374479673115		16580.6735311237	
2630	63120	0	0.00833333333333333	0.0289265857211651		-8083.39592624533	
2631	63144	0	0.00833333333333333	0.0202798954819654		45764.7623409635	
2632	63168	0	0	0.0120062359853135		40949.7025008492	
2633	63192	0	0	0.0216076630912418		1161.72074757925	
2634	63216	0	0	0.040786952701966		19390.4637243389	
2635	63240	0	0	0.0136530427590227		3484.52071151788	
2636	63264	0	0	0.0161074522007869		-2231.41586469935	
2637	63288	0	0.0666666666666667	0.00870098232519645		24793.1525165413	
2638	63312	0	0	0.00440509357651031		19802.6999622143	
2639	63336	0	0	0.000178324187285028		-18611.0584075287	
2640	63360	0	0	0		26243.368155529	
2641	63384	0	0	0		22020.3992236501	
2642	63408	0	0	0.000193826131598129		-13809.4930207703	
2643	63432	0	0	0		545.334637151266	
2644	63456	0	0	0		-20.9122484766359	
2645	63480	0	0	0		28.6929618739928	
2646	63504	0	0	0		30.6221158305955	
2647	63528	0	0	0		23.188059147053	
2648	63552	0	0	0		0	
2649	63576	0	0	0		0	
2650	63600	0	0	0		0	
2651	63624	0	0	0		0	
2652	63648	0	0	0		0	
2653	63672	0	0	0		0	
2654	63696	0	0	0		0	
2655	63720	0	0	0		0	
2656	63744	0	0	0		0	
2657	63768	0	0	0		0	
2658	63792	0	0	0		0	
2659	63816	0	0	0		0	
2660	63840	0	0	0		0	
2661	63864	0	0	0		0	
2662	63888	0	0	0		0	
2663	63912	0	0	0		0	
2664	63936	0	0				
2665	63960	0	0	0			
2666	63984	0	0	0			
2667	64008	0	0	0			
2668	64032	0	0	0			
2669	64056	0	0	0			
2670	64080	0	0	0		0	
2671	64104	0	0	0		0	
2672	64128	0	0	0		0	
2673	64152	0	0	0		0	
2674	64176	0	0	0		0	
2675	64200	0	0	0		0	
2676	64224	0	0	0		0	
2677	64248	0	0	0		0	
2678	64272	0	0	0		0	
2679	64296	0	0	0		0	
2680	64320	0	0	0		0	
2681	64344	0	0	0		0	
2682	64368	0	0	0		0	
2683	64392	0	0	0		0	
2684	64416	0	0	0		0	
2685	64440	0	0	0		0	
2686	64464	0	0	0		0	
2687	64488	0	0	0		0	
2688	64512	0	0	0		0	
2689	64536	0	0	0		0	
2690	64560	0	0	0		0	
2691	64584	0	0	0		0	
2692	64608	0	0	0		0	
2693	64632	0	0	0		0	
2694	64656	0	0	0		0	
2695	64680	0	0	0		0	
2696	64704	0	0	0		0	
2697	64728	0	0	0		0	
2698	64752	0	0	0		0	
2699	64776	0	0	0		0	
2700	64800	0	0	0		0	
2701	64824	0	0	0		0	
2702	64848	0	0	0		0	
2703	64872	0	0	0		0	
2704	64896	0	0	0		0	
2705	64920	0	0	0		0	
2706	64944	0	0	0		0	
2707	64968	0	0	0		0	
2708	64992	0	0	0		0	
2709	65016	0	0	0		0	
2710	65040	0	0	0		0	
2711	65064	0	0	0		0	
2712	65088	0	0	0		0	
2713	65112	0	0	0		0	
2714	65136	0	0	0		0	
2715	65160	0	0	0		0	
2716	65184	0	0	0		0	
2717	65208	0	0	0		0	
2718	65232	0	0	0		0	
2719	65256	0	0	0		0	
2720	65280	0	0	0		0	
2721	65304	0	0	0		0	
2722	65328	0	0	0		0	
2723	65352	0	0	0		0	
2724	65376	0	0	0		0	
2725	65400	0	0	0		0	
2726	65424	0	0	0		0	
2727	65448	0	0	0		0	
2728	65472	0	0	0		0	
2729	65496	0	0	0		0	
2730	65520	0	0	0		0	
2731	65544	0	0	0		0	
2732	65568	0	0	0		0	
2733	65592	0	0	0		0	
2734	65616	0	0	0		0	
2735	65640	0	0	0		0	
2736	65664	0	0	0		0	
2737	65688	0	0	0		0	
2738	65712	0	0	0		0	
2739	65736	0	0	0		0	
2740	65760	0	0	0		0	
2741	65784	0	0	0		0	
2742	65808	0	0	0		0	
2743	65832	0	0	0		0	
2744	65856	0	0	0		0	
2745	65880	0	0	0		0	
2746	65904	0	0	0		0	
2747	65928	0	0	0		0	
2748	65952	0	0	0		0	
2749	65976	0	0	0		0	
2750	66000	0	0	0		0	
2751	66024	0	0	0		0	
2752	66048	0	0	0		0	
2753	66072	0	0	0		0	
2754	66096	0	0	0		0	
2755	66120	0	0	0		0	
2756	66144	0	0	0		0	
2757	66168	0	0	0		0	
2758	66192	0	0	0		0	
2759	66216	0	0	0		0	
2760	66240	0	0	0		0	
2761	66264	0	0	0		0	
2762	66288	0	0	0		0	
2763	66312	0	0	0		0	
2764	66336	0	0	0		0	
2765	66360	0	0	0		0	
2766	66384	0	0	0		0	
2767	66408	0	0	0		0	
2768	66432	0	0	0		0	
2769	66456	0	0	0		0	
2770	66480	0	0	0		0	
2771	66504	0	0	0		0	
2772	66528	0	0	0		0	
2773	66552	0	0	0		0	
2774	66576	0	0	0		0	
2775	66600	0	0	0		0	
2776	66624	0	0	0		0	
2777	66648	0	0	0		0	
2778	66672	0	0	0		0	
2779	66696	0	0	0		0	
2780	66720	0	0	0		0	
2781	66744	0	0	0		0	
2782	66768	0	0	0		0	
2783	66792	0	0	0		0	
2784	66816	0	0	0		0	
2785	66840	0	0	0		0	
2786	66864	0	0	0		0	
2787	66888	0	0	0		0	
2788	66912	0	0	0		0	
2789	66936	0	0	0		0	
2790	66960	0	0	0		0	
2791	66984	0	0	0		0	
2792	67008	0	0	0		0	
2793	67032	0	0	0		0	
2794	67056	0	0	0		0	
2795	67080	0	0	0		0	
2796	67104	0	0	0		0	
2797	67128	0	0	0		0	
2798	67152	0	0	0		0	
2799	67176	0	0	0		0	
2800	67200	0	0	0		0	
2801	67224	0	0	0		0	
2802	67248	0	0	0		0	
2803	67272	0	0	0		0	
2804	67296	0	0	0		0	
2805	67320	0	0	0		0	
2806	67344	0	0	0		0	
2807	67368	0	0	0		0	
2808	67392	0	0	0		0	
2809	67416	0	0	0		0	
2810	67440	0	0	0		0	
2811	67464	0	0	0		0	
2812	67488	0	0	0		0	
2813	67512	0	0	0		0	
2814	67536	0	0	0		0	
2815	67560	0	0	0		0	
2816	67584	0	0	0		0	
2817	67608	0	0	0		0	
2818	67632	0	0	0		0	
2819	67656	0	0	0		0	
2820	67680	0	0	0		0	
2821	67704	0	0	0		0	
2822	67728	0	0	0		0	
2823	67752	0	0	0		0	
2824	67776	0	0	0		0	
2825	67800	0	0	0		0	
2826	67824	0	0	0		0	
2827	67848	0	0	0		0	
2828	67872	0	0	0		0	
2829	67896	0	0	0		0	
2830	67920	0	0	0		0	
2831	67944	0	0	0		0	
2832	67968	0	0	0		0	
2833	67992	0	0	0		0	
2834	68016	0	0	0		0	
2835	68040	0	0	0		0	
2836	68064	0	0	0		0	
2837	68088	0	0	0		0	
2838	68112	0	0	0		0	
2839	68136	0	0	0		0	
2840	68160	0	0	0		0	
2841	68184	0	0	0		0	
2842	68208	0	0	0		0	
2843	68232	0	0	0		0	
2844	68256	0	0	0		0	
2845	68280	0	0	0		0	
2846	68304	0	0	0		0	
2847	68328	0	0	0		0	
2848	68352	0	0	0		0	
2849	68376	0	0	0		0	
2850	68400	0	0	0		0	
2851	68424	0	0	0		0	
2852	68448	0	0	0		0	
2853	68472	0	0	0		0	
2854	68496	0	0	0		0	
2855	68520	0	0	0		0	
2856	68544	0	0	0		0	
2857	68568	0	0	0		0	
2858	68592	0	0	0		0	
2859	68616	0	0	0		0	
2860	68640	0	0	0		0	
2861	68664	0	0	0		0	
2862	68688	0	0	0		0	
2863	68712	0	0	0		0	
2864	68736	0	0	0		0	
2865	68760	0	0	0		0	
2866	68784	0	0	0		0	
2867	68808	0	0	0		0	
2868	68832	0	0	0		0	
2869	68856	0	0	0		0	
2870	68880	0	0	0		0	
2871	68904	0	0	0		0	
2872	68928	0	0	0		0	
2873	68952	0	0	0		0	
2874	68976	0	0	0		0	
2875	69000	0	0	0		0	
2876	69024	0	0	0		0	
2877	69048	0	0	0		0	
2878	69072	0	0	0		0	
2879	69096	0	0	0		0	
2880	69120	0	0	0		0	
2881	69144	0	0	0		0	
2882	69168	0	0	0		0	
2883	69192	0	0.00833333333333333	0		2092.17296487984	
2884	69216	0	0	0		1527.3129543785	
2885	69240	0	0	0		-3241.4693987273	
2886	69264	0	0	0		2718.29442800676	
2887	69288	0	0	0		2263.19071664399	
2888	69312	0	0	0		-1949.27151111109	
2889	69336	0	0	0		0	
2890	69360	0	0	0		0	
2891	69384	0	0	0		0	
2892	69408	0	0	0		0	
2893	69432	0	0	0		0	
2894	69456	0	0	0		0	
2895	69480	0	0.0333333333333333	0.265256499053747		37660.3680658161	
2896	69504	0	0	0.219545599681193		16894.7540327363	
2897	69528	0	0	0		-81919.5547546014	
2898	69552	0	0	0		2288.8044514088	
2899	69576	0	0	0		83460.3189643246	
2900	69600	0	0	0		58621.89506294	
2901	69624	0	0	0		26264.9639081579	
2902	69648	0	0	0		0	
2903	69672	0	0.00833333333333333	0		2092.17296487984	
2904	69696	0	0	0.000127966769744858		1541.44403579555	
2905	69720	0	0	0.103791536581636		8213.50291100804	
2906	69744	0	0	0.0197970762177925		-389.562130515888	
2907	69768	0	0	0		-21344.4079697137	
2908	69792	0	0	0		9120.76681845097	
2909	69816	0	0.0166666666666667	0		23528.0767192251	
2910	69840	0	0	0		18599.2412061091	
2911	69864	0	0	0		-4114.54930068294	
2912	69888	0	0	0		5436.58885601353	
2913	69912	0	0	0.147096408455939		20769.9056559594	
2914	69936	0	0	0.368669714957464		29349.5331678552	
2915	69960	0	0	0.399294166408317		-6672.87561615694	
2916	69984	0	0	0.115967687559284		-66031.8842035871	
2917	70008	0	0	0.0959640045500885		-4500.50916860764	
2918	70032	0	0	0.0736919413717151		112944.885338454	
2919	70056	0	0.025	0.0861555483386702		115491.423775024	
2920	70080	0	0	0.0873878864364219		74095.3204831323	
2921	70104	0	0	0.0445310489234414		11924.685603748	
2922	70128	0	0	0.124420875490971		36465.1066773513	
2923	70152	0	0	0.175225192541971		45484.5902292686	
2924	70176	0	0	0.0832769575319636		-1955.19216014024	
2925	70200	0	0.075	0.021502793415082		14695.6908910183	
2926	70224	0	0.0166666666666667	0.140633234539601		65141.9090228337	
2927	70248	0	0	0.291765157079845		49174.4659491949	
2928	70272	0	0.075	0.139950462482113		44112.9291502422	
2929	70296	0	0.15	0.0591905654557001		47231.9875955387	
2930	70320	0	0.166666666666667	0.0187999497429368		63696.5569210536	
2931	70344	0	0.00833333333333333	0.124031988967446		78336.9868726867	
2932	70368	0	0	0.177469626778905		80980.3779646716	
2933	70392	0	0	0.0524972886977313		72954.7311744156	
2934	70416	0	0	0.134306134391735		14794.363500451	
2935	70440	0	0	0.142057215497907		8824.5689236933	
2936	70464	0	0	0.192128982867533		33434.2852447109	
2937	70488	0	0	0.197049416324156		30456.3778949468	
2938	70512	0	0	0.228060380994668		21839.0614403776	
2939	70536	0	0.05	0.2167843962902		48925.0466458049	
2940	70560	0	0	0.107418602280871		36838.3240228881	
2941	70584	0	0.0416666666666667	0.107783879346773		38091.7577411676	
2942	70608	0	0	0.195585377951915		108359.026047746	
2943	70632	0	0.00833333333333333	0.134455683746791		58330.3812013518	
2944	70656	0	0.00833333333333333	0.19478305444803		36434.8231009926	
2945	70680	0	0	0.209902700428563		52425.282996807	
2946	70704	0	0.00833333333333333	0.081798857165003		11449.9420315469	
2947	70728	0	0.00833333333333333	0.152689081865998		49037.5289309093	
2948	70752	0	0	0.236420379606697		77062.9774657856	
2949	70776	0	0	0.301392096934266		54108.2059934224	
2950	70800	0	0	0.273435284841448		28992.8158461904	
2951	70824	0	0	0.16782387685239		8189.6486557087	
2952	70848	0	0	0.109870547040646		42306.0244049114	
2953	70872	0	0	0.10443744230986		85757.6749738758	
2954	70896	0	0	0.133554455463741		89601.8119474294	
2955	70920	0	0	0.165076978291966		64180.6871000031	
2956	70944	0	0	0.200548998031832		37557.3225186851	
2957	70968	0	0	0.218260202451466		27361.6319019114	
2958	70992	0	0	0.184640362603485		23635.6416719314	
2959	71016	0	0	0.173468127588344		33962.0337666559	
2960	71040	0	0.0666666666666667	0.120161926490404		64704.6138156779	
2961	71064	0	0.0916666666666667	0.140612411976956		92662.5084765787	
2962	71088	0	0	0.137889229182045		53732.3860864701	
2963	71112	0	0	0.188651337129381		36561.991645223	
2964	71136	0	0	0.179380237911245		88741.8680132669	
2965	71160	0	0	0.108432686864131		28058.4874108286	
2966	71184	0	0	0.11175084987936		12833.261895282	
2967	71208	0	0	0.0695953557509075		51236.8266416535	
2968	71232	0	0.125	0.0355499478584758		74380.9386887309	
2969	71256	0	0.116666666666667	0.0641286352050372		97443.0401659759	
2970	71280	0	0.00833333333333333	0.0425535120281229		9479.44183582391	
2971	71304	0	0.00833333333333333	0.0345319595925932		16317.2215714104	
2972	71328	0	0.0416666666666667	0.0253805274344003		95962.1327732949	
2973	71352	0	0	0.0138821669527598		22961.6130296031	
2974	71376	0	0	0.0174554483481266		-23317.5374875622	
2975	71400	0	0	0.029188429421291		27520.875883693	
2976	71424	0	0	0.0251604697439056		17055.6340408246	
2977	71448	0	0.0166666666666667	0.0417732172211327		-773.913213869973	
2978	71472	0	0	0.0382309554985536		8412.42847763076	
2979	71496	0	0.025	0.0841738866673065		8468.48883073243	
2980	71520	0	0	0.0574082758582826		17405.3548514147	
2981	71544	0	0.00833333333333333	0.040531975375238		-4619.85173515007	
2982	71568	0	0.00833333333333333	0.0591569874649327		23337.5026010858	
2983	71592	0	0.00833333333333333	0.0762199158509897		30119.2126639492	
2984	71616	0	0	0.0259139515763245		6396.98917354153	
2985	71640	0	0	0.0303236341710296		9189.88313860711	
2986	71664	0	0.025	0.0289231467346713		30794.2029827411	
2987	71688	0	0.05	0.0161633686503162		34112.1504743513	
2988	71712	0	0.00833333333333333	0.0143934466852755		11749.1845880204	
2989	71736	0	0.0666666666666667	0.0438005471207088		19726.9069083533	
2990	71760	0	0	0.0151599700700107		38980.9267909232	
2991	71784	0	0.00833333333333333	0.0280545873549975		-12463.2560770005	
2992	71808	0	0.05	0.0230466839023986		34903.2794153524	
2993	71832	0	0.15	0.0380058487440778		67536.7299591935	
2994	71856	0	0.00833333333333333	0.0408578968487792		6607.59237100508	
2995	71880	0	0	0.0557086400910283		-32793.444863203	
2996	71904	0	0	0.0290777099814346		61420.4441669096	
2997	71928	0	0	0.0215595944154305		35333.4429551027	
2998	71952	0	0	0.0265866068745364		-18070.7581803976	
2999	71976	0	0	0.0184525622244784		12034.1459347829	
3000	72000	0	0	0.0258140482072786		10569.7046334792	
3001	72024	0	0.00833333333333333	0.0148281507325869		9218.55582558508	
3002	72048	0	0	0.0273015736585318		7674.68512814256	
3003	72072	0	0	0.0103907205716105		3206.13405512463	
3004	72096	0	0.00833333333333333	0.0210211460269694		9134.93595508261	
3005	72120	0	0	0.0369738152358074		14014.60914919	
3006	72144	0	0	0.0168819621589194		-2158.7295895468	
3007	72168	0	0.025	0.00949674123500266		9147.90648267438	
3008	72192	0	0	0.00181447439836191		12921.6736768618	
3009	72216	0	0	0		-2980.27748237189	
3010	72240	0	0	0		16255.6908918516	
3011	72264	0	0	0.000407165123949227		10623.1510349869	
3012	72288	0	0	0		-4445.68219921575	
3013	72312	0	0	0		128.327072304797	
3014	72336	0	0	0		60.2745010776837	
3015	72360	0	0	0		64.3270207425031	
3016	72384	0	0	0		48.7105061577929	
3017	72408	0	0	0		0	
3018	72432	0	0	0		0	
3019	72456	0	0	0		0	
3020	72480	0	0	0		0	
3021	72504	0	0	0		0	
3022	72528	0	0	0		0	
3023	72552	0	0	0		0	
3024	72576	0	0	0		0	
3025	72600	0	0	0		0	
3026	72624	0	0	0		0	
3027	72648	0	0	0		0	
3028	72672	0	0	0		0	
3029	72696	0	0				
3030	72720	0	0	0			
3031	72744	0	0	0			
3032	72768	0	0	0			
3033	72792	0	0	0			
3034	72816	0	0	0			
3035	72840	0	0	0		0	
3036	72864	0	0	0		0	
3037	72888	0	0	0		0	
3038	72912	0	0	0		0	
3039	72936	0	0	0		0	
3040	72960	0	0	0		0	
3041	72984	0	0	0		0	
3042	73008	0	0	0		0	
3043	73032	0	0	0		0	
3044	73056	0	0	0		0	
3045	73080	0	0	0		0	
3046	73104	0	0	0		0	
3047	73128	0	0	0		0	
3048	73152	0	0	0		0	
3049	73176	0	0	0		0	
3050	73200	0	0	0		0	
3051	73224	0	0	0		0	
3052	73248	0	0	0		0	
3053	73272	0	0	0		0	
3054	73296	0	0	0		0	
3055	73320	0	0	0		0	
3056	73344	0	0	0		0	
3057	73368	0	0	0		0	
3058	73392	0	0	0		0	
3059	73416	0	0	0		0	
3060	73440	0	0	0		0	
3061	73464	0	0	0		0	
3062	73488	0	0	0		0	
3063	73512	0	0	0		0	
3064	73536	0	0	0		0	
3065	73560	0	0	0		0	
3066	73584	0	0	0		0	
3067	73608	0	0	0		0	
3068	73632	0	0	0		0	
3069	73656	0	0	0		0	
3070	73680	0	0	0		0	
3071	73704	0	0	0		0	
3072	73728	0	0	0		0	
3073	73752	0	0	0		0	
3074	73776	0	0	0		0	
3075	73800	0	0	0		0	
3076	73824	0	0	0		0	
3077	73848	0	0	0		0	
3078	73872	0	0	0		0	
3079	73896	0	0	0		0	
3080	73920	0	0	0		0	
3081	73944	0	0	0		0	
3082	73968	0	0	0		0	
3083	73992	0	0	0		0	
3084	74016	0	0	0		0	
3085	74040	0	0	0		0	
3086	74064	0	0	0		0	
3087	74088	0	0	0		0	
3088	74112	0	0	0		0	
3089	74136	0	0	0		0	
3090	74160	0	0	0		0	
3091	74184	0	0	0		0	
3092	74208	0	0	0		0	
3093	74232	0	0	0		0	
3094	74256	0	0	0		0	
3095	74280	0	0	0		0	
3096	74304	0	0	0		0	
3097	74328	0	0	0		0	
3098	74352	0	0	0		0	
3099	74376	0	0	0		0	
3100	74400	0	0	0		0	
3101	74424	0	0	0		0	
3102	74448	0	0	0		0	
3103	74472	0	0	0		0	
3104	74496	0	0	0		0	
3105	74520	0	0	0		0	
3106	74544	0	0	0		0	
3107	74568	0	0	0		0	
3108	74592	0	0	0		0	
3109	74616	0	0	0		0	
3110	74640	0	0	0		0	
3111	74664	0	0	0		0	
3112	74688	0	0	0		0	
3113	74712	0	0	0		0	
3114	74736	0	0	0		0	
3115	74760	0	0	0		0	
3116	74784	0	0	0		0	
3117	74808	0	0	0		0	
3118	74832	0	0	0		0	
3119	74856	0	0	0		0	
3120	74880	0	0	0		0	
3121	74904	0	0	0		0	
3122	74928	0	0	0		0	
3123	74952	0	0	0		0	
3124	74976	0	0	0		0	
3125	75000	0	0	0		0	
3126	75024	0	0	0		0	
3127	75048	0	0	0		0	
3128	75072	0	0	0		0	
3129	75096	0	0	0		0	
3130	75120	0	0	0		0	
3131	75144	0	0	0		0	
3132	75168	0	0	0		0	
3133	75192	0	0	0		0	
3134	75216	0	0	0		0	
3135	75240	0	0	0		0	
3136	75264	0	0	0		0	
3137	75288	0	0	0		0	
3138	75312	0	0	0		0	
3139	75336	0	0	0		0	
3140	75360	0	0	0		0	
3141	75384	0	0	0		0	
3142	75408	0	0	0		0	
3143	75432	0	0	0		0	
3144	75456	0	0	0		0	
3145	75480	0	0	0		0	
3146	75504	0	0	0		0	
3147	75528	0	0	0		0	
3148	75552	0	0	0		0	
3149	75576	0	0	0		0	
3150	75600	0	0	0		0	
3151	75624	0	0	0		0	
3152	75648	0	0	0		0	
3153	75672	0	0	0		0	
3154	75696	0	0	0		0	
3155	75720	0	0	0		0	
3156	75744	0	0	0		0	
3157	75768	0	0	0		0	
3158	75792	0	0	0		0	
3159	75816	0	0	0		0	
3160	75840	0	0	0		0	
3161	75864	0	0	0		0	
3162	75888	0	0	0		0	
3163	75912	0	0	0		0	
3164	75936	0	0	0		0	
3165	75960	0	0	0		0	
3166	75984	0	0	0		0	
3167	76008	0	0	0		0	
3168	76032	0	0	0		0	
3169	76056	0	0	0		0	
3170	76080	0	0	0		0	
3171	76104	0	0	0		0	
3172	76128	0	0	0		0	
3173	76152	0	0	0		0	
3174	76176	0	0	0		0	
3175	76200	0	0	0		0	
3176	76224	0	0	0		0	
3177	76248	0	0	0		0	
3178	76272	0	0	0		0	
3179	76296	0	0	0		0	
3180	76320	0	0	0		0	
3181	76344	0	0	0		0	
3182	76368	0	0	0		0	
3183	76392	0	0	0		0	
3184	76416	0	0	0		0	
3185	76440	0	0	0		0	
3186	76464	0	0	0		0	
3187	76488	0	0	0		0	
3188	76512	0	0	0		0	
3189	76536	0	0	0		0	
3190	76560	0	0	0		0	
3191	76584	0	0	0		0	
3192	76608	0	0	0		0	
3193	76632	0	0	0		0	
3194	76656	0	0	0		0	
3195	76680	0	0	0		0	
3196	76704	0	0	0		0	
3197	76728	0	0	0		0	
3198	76752	0	0	0		0	
3199	76776	0	0	0		0	
3200	76800	0	0	0		0	
3201	76824	0	0	0		0	
3202	76848	0	0	0		0	
3203	76872	0	0	0		0	
3204	76896	0	0	0		0	
3205	76920	0	0	0		0	
3206	76944	0	0	0		0	
3207	76968	0	0	0		0	
3208	76992	0	0	0		0	
3209	77016	0	0	0		0	
3210	77040	0	0	0		0	
3211	77064	0	0	0		0	
3212	77088	0	0	0		0	
3213	77112	0	0	0		0	
3214	77136	0	0	0		0	
3215	77160	0	0	0		0	
3216	77184	0	0	0		0	
3217	77208	0	0	0		0	
3218	77232	0	0	0		0	
3219	77256	0	0	0		0	
3220	77280	0	0	0		0	
3221	77304	0	0	0		0	
3222	77328	0	0	0		0	
3223	77352	0	0	0		0	
3224	77376	0	0	0		0	
3225	77400	0	0	0		0	
3226	77424	0	0	0		0	
3227	77448	0	0	0		0	
3228	77472	0	0	0		0	
3229	77496	0	0	0		0	
3230	77520	0	0	0		0	
3231	77544	0	0	0		0	
3232	77568	0	0	0		0	
3233	77592	0	0	0		0	
3234	77616	0	0	0		0	
3235	77640	0	0	0		0	
3236	77664	0	0	0		0	
3237	77688	0	0	0		0	
3238	77712	0	0	0		0	
3239	77736	0	0	0		0	
3240	77760	0	0	0		0	
3241	77784	0	0	0		0	
3242	77808	0	0	0		0	
3243	77832	0	0	0		0	
3244	77856	0	0	0		0	
3245	77880	0	0	0		0	
3246	77904	0	0	0		0	
3247	77928	0	0	0		0	
3248	77952	0	0	0		0	
3249	77976	0	0	0		0	
3250	78000	0	0	0		0	
3251	78024	0	0	0		0	
3252	78048	0	0	0		0	
3253	78072	0	0	0		0	
3254	78096	0	0	0		0	
3255	78120	0	0.0333333333333333	0		8368.69185951936	
3256	78144	0	0.00833333333333333	0		8201.42478239382	
3257	78168	0	0	0		-11438.5646405307	
3258	78192	0	0	0		7631.70831329975	
3259	78216	0	0	0		11771.0572945827	
3260	78240	0	0	0.0848376247273168		3834.53199627569	
3261	78264	0	0	0.139068094271686		9103.26440408115	
3262	78288	0	0	0		-25546.904966631	
3263	78312	0	0	0		-17751.9636982596	
3264	78336	0	0	0		33990.1696623573	
3265	78360	0	0	0		32120.4323682656	
3266	78384	0	0	0		16637.1746103141	
3267	78408	0	0	0		0	
3268	78432	0	0	0		0	
3269	78456	0	0	0		0	
3270	78480	0	0	0		0	
3271	78504	0	0	0		0	
3272	78528	0	0	0		0	
3273	78552	0	0	0		0	
3274	78576	0	0	0		0	
3275	78600	0	0	0.0155336127112103		1715.34177474986	
3276	78624	0	0	0.0592632313214933		5756.16983548507	
3277	78648	0	0.258333333333333	0.11150564743249		70778.1576831295	
3278	78672	0	0.025	0.109791520614379		49472.4206605591	
3279	78696	0	0.025	0.210565879641491		-85021.6262846064	
3280	78720	0	0.0416666666666667	0.203312896271015		105151.391987081	
3281	78744	0	0	0.250919192201862		88683.8190781491	
3282	78768	0	0	0.0543184308107741		-50879.9929112555	
3283	78792	0	0.15	0.0960719145571059		81854.622005338	
3284	78816	0	0	0.0478886662725802		115990.793614371	
3285	78840	0	0	0.271013167106231		10471.3792398755	
3286	78864	0	0	0.390102938059856	487112.5	120641.203678092	366471.296321908
3287	78888	0	0	0.451578179068379	405562.5	40507.8100817395	365054.68991826
3288	78912	0	0.025	0.130063487142843	374237.5	-63206.7870967486	437444.287096749
3289	78936	0.799506979702789	0.0166666666666667	0.108236439648628	380712.5	21989.3846863242	358723.115313676
3290	78960	0.999600106789265	0.00833333333333333	0.053154385807336	308437.5	128355.003315384	180082.496684616
3291	78984	0.998807608009725	0	0.0698049257443185	298200	121886.774472243	176313.225527757
3292	79008	0.972879054078962	0	0.0906431140181554	326987.5	94462.0461623636	232525.453837636
3293	79032	0.918395909938859	0.00833333333333333	0.160669496986159	321562.5	41946.5566664089	279615.943333591
3294	79056	0.959670732378115	0	0.142358197939306	262850	19383.9575742399	243466.04242576
3295	79080	0.937394504340714	0	0.172096430554157	247800	2377.21214497013	245422.78785503
3296	79104	0.946071895756249	0	0.200628476102688	281137.5	31569.6685997138	249567.831400286
3297	79128	0.944774277208578	0	0.335645791586129	301175	48940.4583537588	252234.541646241
3298	79152	0.958631062661608	0	0.382378282931341	319900	46706.1900782728	273193.809921727
3299	79176	0.998939722373406	0	0.181059174502288	150150	1356.55326504257	148793.446734957
3300	79200	0.952418212827313	0.025	0.088193601606152	0	25459.4867991602	-25459.4867991602
3301	79224	0.840585292549483	0	0.127820244527864	0	108393.910299939	-108393.910299939
3302	79248	0.806692172215033	0	0.0927029926194728	0	102173.329273694	-102173.329273694
3303	79272	0.885419388025377	0	0.109113658693153	0	75047.2046577386	-75047.2046577386
3304	79296	0.91802657505867	0	0.108193411628936	0	47511.7273205348	-47511.7273205348
3305	79320	0.941359443921377	0	0.1496024670522	0	25869.0562291605	-25869.0562291605
3306	79344	0.949374861402793	0.133333333333333	0.136583659949193	0	63475.5102734751	-63475.5102734751
3307	79368	0.92495760074622	0.00833333333333333	0.216632136474176	0	55259.9030434173	-55259.9030434173
3308	79392	0.972214368374698	0	0.27818543054882	0	-8084.34934237602	8084.34934237602
3309	79416	0.90930544458902	0	0.26208048644636	0	64659.2689068805	-64659.2689068805
3310	79440	0.893541711196912	0	0.220617726788306	0	60906.918609233	-60906.918609233
3311	79464	0.906613172206072	0	0.167782880992951	0	13033.0772077083	-13033.0772077083
3312	79488	0.877653300033756	0	0.182022496333992	0	70216.2373200361	-70216.2373200361
3313	79512	0.850802426686434	0	0.226229618087335	0	86521.9664874675	-86521.9664874675
3314	79536	0.885315595807666	0.0833333333333333	0.140420341111258	0	76322.7244367405	-76322.7244367405
3315	79560	0.920620026341005	0.05	0.129231505906338	0	65510.4725759001	-65510.4725759001
3316	79584	0.959962596286809	0.216666666666667	0.124025862931572	0	89998.6181281949	-89998.6181281949
3317	79608	0.86368561132043	0.00833333333333333	0.105168963562505	0	104994.826001744	-104994.826001744
3318	79632	0.98026256044357	0.00833333333333333	0.169494009970388	0	13011.481505354	-13011.481505354
3319	79656	0.878519531684818	0.0583333333333333	0.0639959056846511	0	108814.096980637	-108814.096980637
3320	79680	0.904809086364029	0.0333333333333333	0.0460421621351346	0	81202.5531733296	-81202.5531733296
3321	79704	0.951896184191313	0.0416666666666667	0.0523131910618391	0	-5783.35208843969	5783.35208843969
3322	79728	0.933834411428059	0.0666666666666667	0.0431331710939871	0	71656.9619233316	-71656.9619233316
3323	79752	0.943183428316508	0.0583333333333333	0.0359516941852611	0	63005.6969921252	-63005.6969921252
3324	79776	0.968083539012306	0.00833333333333333	0.111778275028176	0	19643.3830833985	-19643.3830833985
3325	79800	0.252587379215885	0.341666666666667	0.0613084866526634	1038537.5	103302.446269496	935235.053730504
3326	79824	0.403024714918924	0	0.0904421351508038	878762.5	87674.4194344411	791088.080565559
3327	79848	0.990406394030354	0.0166666666666667	0.126334986549015	0	-102362.836614402	102362.836614402
3328	79872	0.899807595180677	0.00833333333333333	0.0985704032704166	0	121014.03424355	-121014.03424355
3329	79896	0.875973660195168	0.00833333333333333	0.0929403593983764	0	102151.432338525	-102151.432338525
3330	79920	0.949506320089295	0	0.0375168645539965	0	-57929.2467553032	57929.2467553032
3331	79944	0.949688350998671	0	0.078641985949977	0	35898.0252683024	-35898.0252683024
3332	79968	0.921733411148864	0	0.0595623507873135	0	39938.2769814891	-39938.2769814891
3333	79992	0.98680688170305	0.333333333333333	0.0572703975629683	0	102191.984007319	-102191.984007319
3334	80016	0.902619365142632	0.0666666666666667	0.0603339343139382	0	95343.0789125682	-95343.0789125682
3335	80040	0.989155525117923	0.00833333333333333	0.0377921036351516	0	-100988.466112733	100988.466112733
3336	80064	0.3637168387516	0.00833333333333333	0.0351319121589295	873600	102527.677376948	771072.322623053
3337	80088	0.188886359074597	0.00833333333333333	0.0200829434837129	1400087.5	129955.316608202	1270132.1833918
3338	80112	0.232441428910081	0	0.0197474834111819	1158675	-43378.7348636098	1202053.73486361
3339	80136	0.668384104758249	0.00833333333333333	0.0403255813224277	507237.5	5701.29171579333	501536.208284207
3340	80160	0.962502768218538	0.0166666666666667	0.0503188596373256	0	20994.921858233	-20994.921858233
3341	80184	0	0.00833333333333333	0.0472891000484648		6398.09864649757	
3342	80208	0	0	0.0558474585877189		105.857516534596	
3343	80232	0	0	0.0923880557913694		17702.2961690674	
3344	80256	0	0	0.0939819580094508		18588.203008987	
3345	80280	0	0	0.0284216181329935		-1643.58551921606	
3346	80304	0	0	0.0759383559423306		12667.5441917906	
3347	80328	0	0	0.0301843828911501		28475.5430795892	
3348	80352	0	0.175	0.0519265004743126		61695.0348512339	
3349	80376	0	0.133333333333333	0.0860846280111609		92816.0911658563	
3350	80400	0	0.00833333333333333	0.044800642017881		-32414.0782582661	
3351	80424	0	0	0.0132010054008056		8710.35740865445	
3352	80448	0	0.166666666666667	0.0349700791021004		147607.271342541	
3353	80472	0	0.00833333333333333	0.0228677820200822		54951.2522159762	
3354	80496	0	0	0		-81678.7167047457	
3355	80520	0	0	0		56812.9773970304	
3356	80544	0	0.075	0.0024804964370091		77574.9195654203	
3357	80568	0	0.0166666666666667	0.00304454604765425		-10785.3178265638	
3358	80592	0	0.0833333333333333	0.00564509927178669		-4482.13066351044	
3359	80616	0	0.0583333333333333	0.00989359545082991		48409.7802231175	
3360	80640	0	0	0.0233255185681322		5767.80784374996	
3361	80664	0	0.00833333333333333	0.0372394424856068		-4046.3973306829	
3362	80688	0	0	0.063104293298716		42004.489230931	
3363	80712	0	0	0.00869014093747112		-11559.1714504398	
3364	80736	0	0	0.032351752515801		-11167.5429826506	
3365	80760	0	0	0.0272908618812391		19756.830479243	
3366	80784	0	0	0.000241396528949167		5352.63889148902	
3367	80808	0	0	0.000724153793349558		7830.97039370707	
3368	80832	0	0	8.25755313336172e-05		10110.5573888427	
3369	80856	0	0.0166666666666667	0		12240.0201543943	
3370	80880	0	0	0		6446.86119571176	
3371	80904	0	0	0		-6327.4284199114	
3372	80928	0	0.00833333333333333	0		7628.4406326084	
3373	80952	0	0.00833333333333333	0		8155.74613560242	
3374	80976	0	0	6.35193503484287e-06		-5611.9980367286	
3375	81000	0	0	0		-523.497251329294	
3376	81024	0	0	0		4980.10069605278	
3377	81048	0	0	0		314.859511302183	
3378	81072	0	0	0		-1948.2679844515	
3379	81096	0	0	0		0.759902929866844	
3380	81120	0	0	0		0	
3381	81144	0	0	0		0	
3382	81168	0	0.00833333333333333	0		2092.17296487984	
3383	81192	0	0	0		1527.3129543785	
3384	81216	0	0.00833333333333333	0		-1149.29643384746	
3385	81240	0	0	0		4245.60738238526	
3386	81264	0	0	0.000806662179812179		-889.200799116394	
3387	81288	0	0	0.00130830253730707		872.567877692681	
3388	81312	0	0	6.35055590869625e-06		2021.69448215906	
3389	81336	0	0.00833333333333333	6.35055178044296e-06		-22.4592907401894	
3390	81360	0	0	0		1846.72314001322	
3391	81384	0	0	0		-2938.71427447614	
3392	81408	0	0	0		2876.75438365266	
3393	81432	0	0	0		2264.95376270707	
3394	81456	0	0	0		-1948.51177366451	
3395	81480	0	0				
3396	81504	0	0	0			
3397	81528	0	0	0			
3398	81552	0	0	0			
3399	81576	0	0	0			
3400	81600	0	0	0			
3401	81624	0	0	0		0	
3402	81648	0	0	0		0	
3403	81672	0	0	0		0	
3404	81696	0	0	0		0	
3405	81720	0	0	0		0	
3406	81744	0	0	0		0	
3407	81768	0	0	0		0	
3408	81792	0	0	0		0	
3409	81816	0	0	0		0	
3410	81840	0	0	0		0	
3411	81864	0	0	0		0	
3412	81888	0	0	0		0	
3413	81912	0	0	0		0	
3414	81936	0	0	0		0	
3415	81960	0	0	0		0	
3416	81984	0	0	0		0	
3417	82008	0	0	0		0	
3418	82032	0	0	0		0	
3419	82056	0	0	0		0	
3420	82080	0	0	0		0	
3421	82104	0	0	0		0	
3422	82128	0	0	0		0	
3423	82152	0	0	0		0	
3424	82176	0	0	0		0	
3425	82200	0	0	0		0	
3426	82224	0	0	0		0	
3427	82248	0	0	0		0	
3428	82272	0	0	0		0	
3429	82296	0	0	0		0	
3430	82320	0	0	0		0	
3431	82344	0	0	0		0	
3432	82368	0	0	0		0	
3433	82392	0	0	0		0	
3434	82416	0	0	0		0	
3435	82440	0	0	0		0	
3436	82464	0	0	0		0	
3437	82488	0	0	0		0	
3438	82512	0	0	0		0	
3439	82536	0	0	0		0	
3440	82560	0	0	0		0	
3441	82584	0	0	0		0	
3442	82608	0	0	0		0	
3443	82632	0	0	0		0	
3444	82656	0	0	0		0	
3445	82680	0	0	0		0	
3446	82704	0	0	0		0	
3447	82728	0	0	0		0	
3448	82752	0	0	0		0	
3449	82776	0	0	0		0	
3450	82800	0	0	0		0	
3451	82824	0	0	0		0	
3452	82848	0	0	0		0	
3453	82872	0	0	0		0	
3454	82896	0	0	0		0	
3455	82920	0	0	0		0	
3456	82944	0	0	0		0	
3457	82968	0	0	0		0	
3458	82992	0	0	0		0	
3459	83016	0	0	0		0	
3460	83040	0	0	0		0	
3461	83064	0	0	0		0	
3462	83088	0	0	0		0	
3463	83112	0	0	0		0	
3464	83136	0	0	0		0	
3465	83160	0	0	0		0	
3466	83184	0	0	0		0	
3467	83208	0	0	0		0	
3468	83232	0	0	0		0	
3469	83256	0	0	0		0	
3470	83280	0	0	0		0	
3471	83304	0	0	0		0	
3472	83328	0	0	0		0	
3473	83352	0	0	0		0	
3474	83376	0	0	0		0	
3475	83400	0	0	0		0	
3476	83424	0	0	0		0	
3477	83448	0	0	0		0	
3478	83472	0	0	0		0	
3479	83496	0	0	0		0	
3480	83520	0	0	0		0	
3481	83544	0	0	0		0	
3482	83568	0	0	0		0	
3483	83592	0	0	0		0	
3484	83616	0	0	0		0	
3485	83640	0	0	0		0	
3486	83664	0	0	0		0	
3487	83688	0	0	0		0	
3488	83712	0	0	0		0	
3489	83736	0	0	0		0	
3490	83760	0	0	0		0	
3491	83784	0	0	0		0	
3492	83808	0	0	0		0	
3493	83832	0	0	0		0	
3494	83856	0	0	0		0	
3495	83880	0	0	0		0	
3496	83904	0	0	0		0	
3497	83928	0	0	0		0	
3498	83952	0	0	0		0	
3499	83976	0	0	0		0	
3500	84000	0	0	0		0	
3501	84024	0	0	0		0	
3502	84048	0	0	0		0	
3503	84072	0	0	0		0	
3504	84096	0	0	0		0	
3505	84120	0	0	0		0	
3506	84144	0	0	0		0	
3507	84168	0	0	0		0	
3508	84192	0	0	0		0	
3509	84216	0	0	0		0	
3510	84240	0	0	0		0	
3511	84264	0	0	0		0	
3512	84288	0	0	0		0	
3513	84312	0	0	0		0	
3514	84336	0	0	0		0	
3515	84360	0	0	0		0	
3516	84384	0	0	0		0	
3517	84408	0	0	0		0	
3518	84432	0	0	0		0	
3519	84456	0	0	0		0	
3520	84480	0	0	0		0	
3521	84504	0	0	0		0	
3522	84528	0	0	0		0	
3523	84552	0	0	0		0	
3524	84576	0	0	0		0	
3525	84600	0	0	0		0	
3526	84624	0	0	0		0	
3527	84648	0	0	0		0	
3528	84672	0	0	0		0	
3529	84696	0	0	0		0	
3530	84720	0	0	0		0	
3531	84744	0	0	0		0	
3532	84768	0	0	0		0	
3533	84792	0	0	0		0	
3534	84816	0	0	0		0	
3535	84840	0	0	0		0	
3536	84864	0	0	0		0	
3537	84888	0	0	0		0	
3538	84912	0	0	0		0	
3539	84936	0	0	0		0	
3540	84960	0	0	0		0	
3541	84984	0	0	0		0	
3542	85008	0	0	0		0	
3543	85032	0	0	0		0	
3544	85056	0	0	0		0	
3545	85080	0	0	0		0	
3546	85104	0	0	0		0	
3547	85128	0	0	0		0	
3548	85152	0	0	0		0	
3549	85176	0	0	0		0	
3550	85200	0	0	0		0	
3551	85224	0	0	0		0	
3552	85248	0	0	0		0	
3553	85272	0	0	0		0	
3554	85296	0	0	0		0	
3555	85320	0	0	0		0	
3556	85344	0	0	0		0	
3557	85368	0	0	0		0	
3558	85392	0	0	0		0	
3559	85416	0	0	0		0	
3560	85440	0	0	0		0	
3561	85464	0	0	0		0	
3562	85488	0	0	0		0	
3563	85512	0	0	0		0	
3564	85536	0	0	0		0	
3565	85560	0	0	0		0	
3566	85584	0	0	0		0	
3567	85608	0	0	0		0	
3568	85632	0	0	0		0	
3569	85656	0	0	0		0	
3570	85680	0	0	0		0	
3571	85704	0	0	0		0	
3572	85728	0	0	0		0	
3573	85752	0	0	0		0	
3574	85776	0	0	0		0	
3575	85800	0	0	0		0	
3576	85824	0	0	0		0	
3577	85848	0	0	0		0	
3578	85872	0	0	0		0	
3579	85896	0	0	0		0	
3580	85920	0	0	0		0	
3581	85944	0	0	0		0	
3582	85968	0	0	0		0	
3583	85992	0	0	0		0	
3584	86016	0	0	0		0	
3585	86040	0	0	0		0	
3586	86064	0	0	0		0	
3587	86088	0	0	0		0	
3588	86112	0	0	0		0	
3589	86136	0	0	0		0	
3590	86160	0	0	0		0	
3591	86184	0	0	0		0	
3592	86208	0	0	0		0	
3593	86232	0	0	0		0	
3594	86256	0	0	0		0	
3595	86280	0	0	0		0	
3596	86304	0	0	0		0	
3597	86328	0	0	0		0	
3598	86352	0	0	0		0	
3599	86376	0	0	0		0	
3600	86400	0	0	0		0	
3601	86424	0	0	0		0	
3602	86448	0	0	0		0	
3603	86472	0	0	0		0	
3604	86496	0	0	0		0	
3605	86520	0	0	0		0	
3606	86544	0	0	0		0	
3607	86568	0	0	0		0	
3608	86592	0	0	0		0	
3609	86616	0	0	0		0	
3610	86640	0	0	0		0	
3611	86664	0	0	0		0	
3612	86688	0	0	0		0	
3613	86712	0	0	0		0	
3614	86736	0	0	0		0	
3615	86760	0	0	0		0	
3616	86784	0	0	0		0	
3617	86808	0	0.00833333333333333	0		2092.17296487984	
3618	86832	0	0	0		1527.3129543785	
3619	86856	0	0	0		-3241.4693987273	
3620	86880	0	0	0		2718.29442800676	
3621	86904	0	0	0		2263.19071664399	
3622	86928	0	0	0		-1949.27151111109	
3623	86952	0	0.00833333333333333	0		2092.17296487984	
3624	86976	0	0.0166666666666667	0		5711.65888413818	
3625	87000	0	0.0166666666666667	0		3997.50243978937	
3626	87024	0	0	0		-710.018460690841	
3627	87048	0	0	0		1216.84077520292	
3628	87072	0	0.00833333333333333	0.334933601312498		47091.8330117014	
3629	87096	0	0.00833333333333333	0.180872998181588		7227.06413846477	
3630	87120	0	0	0.0766969789725759		-79321.3665530589	
3631	87144	0	0	0		5744.62840087096	
3632	87168	0	0	0		67955.6331184562	
3633	87192	0	0	0		80312.6140366974	
3634	87216	0	0	0.0239169551513118		34447.42479885	
3635	87240	0	0	0.104398065901482		19490.4712342454	
3636	87264	0	0	0		-10509.7528379434	
3637	87288	0	0	0		-19213.752090588	
3638	87312	0	0	0		19233.1006394826	
3639	87336	0	0	0		19354.8589463133	
3640	87360	0	0	0.00813156009905491		13387.4346326232	
3641	87384	0	0	0		-412.574140716481	
3642	87408	0	0	0		-1772.33030826912	
3643	87432	0	0	0		1203.75174376392	
3644	87456	0	0	0		1284.6852650033	
3645	87480	0	0	0		972.805343531509	
3646	87504	0	0	0		0	
3647	87528	0	0	0		0	
3648	87552	0	0	0		0	
3649	87576	0	0	0		0	
3650	87600	0	0	0		0	
3651	87624	0	0	0.0257611301612796		2844.74343167581	
3652	87648	0	0	0.0660075888255808		5982.01645755145	
3653	87672	0	0.0166666666666667	0.061291384914939		1988.74413187914	
3654	87696	0	0.00833333333333333	0.0451335349650046		-3552.24963876044	
3655	87720	0	0	0.0713386096475191		1114.63337097496	
3656	87744	0	0	0.0330706437428482		14973.8400339244	
3657	87768	0	0	0.0558120189530564		20442.5080363462	
3658	87792	0	0	0.187148098115369		34014.8608485072	
3659	87816	0	0	0.248006598188136		25343.1949499465	
3660	87840	0	0	0.352630656733501		7588.09414277237	
3661	87864	0	0	0.131052043032957	494391.041666666	-16996.2115477933	511387.25321446
3662	87888	0	0.0416666666666667	0.171749266656145	415937.083333333	18876.7834066734	397060.29992666
3663	87912	0	0.00833333333333333	0.241780330163154	341694.0625	112922.791502106	228771.270997894
3664	87936	0.987212283730331	0.00833333333333333	0.254637495276342	296450	70611.2569295864	225838.743070414
3665	87960	0.958934801447036	0.025	0.12910352849246	310699.375	55108.8750233781	255590.499976622
3666	87984	0.920646398672362	0	0.095853245828819	316887.8125	42513.4520129137	274374.360487086
3667	88008	0.94500866905854	0	0.242570106874645	334967.5	75735.1866086609	259232.313391339
3668	88032	0.988564868473563	0	0.248846545295064	325014.375	91015.4194898822	233998.955510118
3669	88056	0.950413990676485	0	0.279927693947989	296878.75	35305.875014391	261572.874985609
3670	88080	0.965114679688341	0	0.248407741515854	267373.75	19640.1024309343	247733.647569066
3671	88104	0.968168903422885	0	0.313944123335756	277305	47680.564636813	229624.435363187
3672	88128	0.989473499464516	0	0.371701420936045	300912.5	80748.3257474879	220164.174252512
3673	88152	0.994755044558608	0	0.33574132072528	276686.59375	60558.0304173853	216128.563332615
3674	88176	0.988740535613127	0.0166666666666667	0.200273801562634	267573.03125	47459.1476243621	220113.883625638
3675	88200	0.973944808055001	0.0333333333333333	0.195991885753619	300610.625	84069.4720644806	216541.152935519
3676	88224	0.990641188962096	0.00833333333333333	0.17165790703593	338651.25	113062.769590835	225588.480409165
3677	88248	0.967572660786665	0	0.114502930757274	345804.375	82373.305023777	263431.069976223
3678	88272	0.961262160554601	0	0.127041480113216	323817.8125	83783.5508405647	240034.261659435
3679	88296	0.978990072562004	0	0.0564825244473912	294155.3125	63042.2775227451	231113.034977255
3680	88320	0.954751576128292	0.00833333333333333	0.0766884681954174	280560	41988.8146048395	238571.185395161
3681	88344	0.993863000695267	0.00833333333333333	0.0789806581133536	128590	51622.7025293472	76967.2974706528
3682	88368	0.949220282676668	0.0583333333333333	0.0680576563389259	0	41855.1477761654	-41855.1477761654
3683	88392	0.945199641661742	0	0.0629616047042517	0	31927.7384586925	-31927.7384586925
3684	88416	0.974319758367617	0	0.0435199355858806	0	-366.262289125491	366.262289125491
3685	88440	0.948336314987001	0	0.061229426487488	0	41899.7368647585	-41899.7368647585
3686	88464	0.935636342690109	0	0.0733471058012274	0	38921.9946134973	-38921.9946134973
3687	88488	0.957110668836362	0	0.163232668262655	0	11845.25763937	-11845.25763937
3688	88512	0.945910245374627	0.00833333333333333	0.115763365647583	0	14079.128728645	-14079.128728645
3689	88536	0.981824502776411	0.0833333333333333	0.104612505908593	0	18287.7598038517	-18287.7598038517
3690	88560	0.9389287866129	0	0.0638308872847544	0	31618.2417981016	-31618.2417981016
3691	88584	0.975221182635941	0.025	0.0330079786072686	0	5885.93895878452	-5885.93895878452
3692	88608	0.936479708353479	0.141666666666667	0.0533568990398718	0	113203.466688294	-113203.466688294
3693	88632	0.894327887537129	0	0.0560805163675155	0	73039.6858148631	-73039.6858148631
3694	88656	0.994126851399324	0.00833333333333333	0.0617948234160632	0	-44515.7182439116	44515.7182439116
3695	88680	0.941380258248731	0	0.0465029129568997	0	65054.4668876535	-65054.4668876535
3696	88704	0.947715517499678	0.0583333333333333	0.0423110221656717	0	53554.8623367848	-53554.8623367848
3697	88728	0.95092950136502	0.00833333333333333	0.0715685756021199	0	2375.86642255945	-2375.86642255945
3698	88752	0.973067015328903	0.00833333333333333	0.0970315262440043	0	4410.12477209761	-4410.12477209761
3699	88776	0.957085431493957	0.00833333333333333	0.0558558436942693	0	24105.9358253412	-24105.9358253412
3700	88800	0.962695105278166	0	0.0990272926998878	0	26641.6874149553	-26641.6874149553
3701	88824	0.945744788212643	0	0.12126940146819	0	15020.8319458245	-15020.8319458245
3702	88848	0.948196681230283	0.00833333333333333	0.0904358089143278	0	19534.7776668597	-19534.7776668597
3703	88872	0.958581460664456	0	0.0427377031841951	0	10632.8592278159	-10632.8592278159
3704	88896	0.959584749153398	0	0.0622199202151519	0	20079.9067679813	-20079.9067679813
3705	88920	0.92922957401107	0	0.0522365629575958	0	40408.4433181113	-40408.4433181113
3706	88944	0	0.00833333333333333	0.0137596332402028	0	24785.4423305126	-24785.4423305126
3707	88968	0.96812181439876	0.0416666666666667	0.0349725307353497	0	28599.2484887468	-28599.2484887468
