timestep	time	weight	P	Q	Qfitted	Qresidual
16	160	0	0.225	0.483889436619719	0.0153651154661327	0.468524321153586
17	170	0	0	0.328145070422535	0.0267418336694362	0.301403236753099
18	180	0	0	0.542890140845071	0.0247956959169617	0.518094444928109
19	190	0	0	0.623173943661972	0.0221993710514985	0.600974572610473
20	200	0	0	0.44447323943662	0.0162734465257648	0.428199792910855
21	210	0	0	0.879344366197183	0.0138383568308313	0.865506009366352
22	220	0	0	0.68644014084507	0.0138064401379369	0.672633700707134
23	230	0		0.928457746478873		
24	240	0		0.792348591549296		
25	250	0	0.1	0.70084647887324		
26	260	0		0.654040140845071		
27	270	0		0.431220422535211		
28	280	0	0	0.453035915492958		
29	290	0	0	0.404670422535211		
30	300	0	0	0.369880985915493		
31	310	0	0	0.324880985915493		
32	320	0	0	0.229075352112676		
33	330	0	0	0.223985915492958		
34	340	0	0	0.175994366197183		
35	350	0	0	0.146230985915493		
36	360	0	0	0.121411267605634		
37	370	0	0	0.094062676056338		
38	380	0	0	0.0849295774647887		
39	390	0	0	0.0642612676056338		
40	400	0	0	0.0624739436619718	0	0.0624739436619718
41	410	0	0	0.0568014084507042	0	0.0568014084507042
42	420	0	0.5	0.0552042253521127	0.00425444680595644	0.0509497785461562
43	430	0	0	0.106637323943662	0.0295839673235176	0.0770533566201445
44	440	0	0	0.0928267605633803	0.0386313445913139	0.0541954159720664
45	450	0	0.025	0.099424647887324	0.0324078288665632	0.0670168190207608
46	460	0	0.275	0.100983802816901	0.0367872090508999	0.0641965937660015
47	470	0	0	0.110326056338028	0.0609006835728981	0.0494253727651302
48	480	0	0	0.100692253521127	0.0569460682370459	0.0437461852840807
49	490	0	0	0.0857598591549296	0.0450305172526162	0.0407293419023134
50	500	0	0	0.0750042253521127	0.0352710105278292	0.0397332148242835
51	510	0	0	0.0637732394366197	0.0279587345154557	0.035814504921164
52	520	0	0	0.0538161971830986	0.0253732358246286	0.02844296135847
53	530	0	0	0.047243661971831	0.0243602037004471	0.0228834582713839
54	540	0	0	0.0403605633802817	0.0222381595168202	0.0181224038634615
55	550	0	0	0.0389028169014084	0.0103542222159671	0.0285485946854413
56	560	0	0	0.0329514084507042	0.00724402300368397	0.0257073854470203
57	570	0	0	0.0315950704225352	0.00639955458652277	0.0251955158360125
58	580	0	0	0.0262394366197183	0.00783508362567391	0.0184043529940444
59	590	0	0	0.0219676056338028	0	0.0219676056338028
60	600	0	0	0.022037323943662	0	0.022037323943662
61	610	0	0	0.0176070422535211	0	0.0176070422535211
62	620	0	0	0.0190584507042254	0	0.0190584507042254
63	630	0	0	0.0177338028169014	0	0.0177338028169014
64	640	0	0	0.0191091549295775	0	0.0191091549295775
65	650	0	0	0.0204528169014084	0	0.0204528169014084
66	660	0	0.2	0.0197366197183099	0.000330611085912283	0.0194060086323976
67	670	0	0	0.0232795774647887	0.00460977980846108	0.0186697976563277
68	680	0	0	0.0260176056338028	0.00951469994708546	0.0165029056867174
69	690	0	0.25	0.0391056338028169	0.00928675740153476	0.0298188764012821
70	700	0	0.05	0.0705802816901409	0.0133409538867918	0.0572393278033491
71	710	0	0	0.0750232394366197	0.0204759067151702	0.0545473327214496
72	720	0	0	0.0711823943661972	0.0190611679532436	0.0521212264129536
73	730	0	0.075	0.0588042253521127	0.0159202278359764	0.0428839975161363
74	740	0	0	0.0523964788732394	0.0179031398542833	0.0344933390189561
75	750	0	0	0.0437894366197183	0.0165268590679115	0.0272625775518068
76	760	0	0.025	0.0387507042253521	0.0135489970061018	0.0252017072192503
77	770	0	0.05	0.0335471830985915	0.015016530845213	0.0185306522533786
78	780	0	0.025	0.0284514084507042	0.0160981694961794	0.0123532389545249
79	790	0.989633556519131	0	0.0254281690140845	0.0133337890716648	0.0120943799424197
80	800	0.977564143500202	0	0.0227978873239437	0.0128161105694378	0.00998177675450592
81	810	0.980873971372777	0	0.0214859154929577	0.0112349319720411	0.0102509835209167
82	820	0.989478883849639	0	0.0192105633802817	0.00698666848380444	0.0122238948964773
83	830	0.987276634437831	1.45	0.0182028169014084	0.00739245187804678	0.0108103650233617
84	840	0	0.575	0.0389281690140845	0.0389361219075474	-7.95289346287864e-06
85	850	0.886637148916901	0.55	0.111479577464789	0.0910099232488991	0.0204696542158895
86	860	0.918098500061537	0	0.156745774647887	0.126353207212409	0.0303925674354786
87	870	0.996806359442804	0	0.126076056338028	0.122131740549898	0.00394431578813043
88	880	0.831437286421979	0	0.0942464788732394	0.0990603724198855	-0.0048138935466461
89	890	0.917588683394735	0	0.0780274647887324	0.0786441374052928	-0.000616672616560413
90	900	0.940519383914493	0	0.0641852112676057	0.0603209391871428	0.00386427208046285
91	910	0.910963176173795	0	0.0546845070422535	0.054963994933646	-0.000279487891392503
92	920	0.942661329825494	0	0.048130985915493	0.0495981784523204	-0.00146719253682746
93	930	0.835395940294175	1.125	0.0441	0.0535376743853747	-0.00943767438537471
94	940	0.558142934811194	0.875	0.162507042253521	0.11531730973337	0.0471897325201512
95	950	0.0894511479413519	0	0.335021830985915	0.176891353644369	0.158130477341546
96	960	0.368595865658772	0.125	0.267654929577465	0.164952776409757	0.102702153167708
97	970	0.998957908974847	0	0.187364788732394	0.144675390239727	0.0426893984926677
98	980	0.812978007155621	0	0.122552112676056	0.112437222198276	0.0101148904777805
99	990	0.775189540195891	0	0.0942401408450704	0.0909426971390199	0.00329744370605052
100	1000	0.890010490817762	0	0.0761323943661972	0.0700272948760316	0.00610509949016556
101	1010	0.888618457179996	0	0.0651295774647887	0.0590918840405062	0.00603769342428253
102	1020	0.964243095167056	0.25	0.060756338028169	0.0542914999012417	0.0064648381269273
103	1030	0.999450859753367	0.05	0.0802014084507042	0.0637268851221231	0.0164745233285812
104	1040	0.971070630762312	0	0.104983098591549	0.075348888197521	0.0296342103940283
105	1050	0.99996426005081	0	0.0934669014084507	0.0733384301718489	0.0201284712366019
106	1060	0.823274595674557	0.475	0.0845112676056338	0.044679154644644	0.0398321129609899
107	1070	0.743871870677596	0.125	0.0941450704225353	0.044825825392242	0.0493192450302933
108	1080	0.706703141659362	0.375	0.109939436619718	0.0598884402206867	0.0500509963990315
109	1090	0.696400329369678	0.25	0.136128169014085	0.0776849029262441	0.0584432660878405
110	1100	0.894896195953309	0.375	0.151548591549296	0.113807153484539	0.0377414380647565
111	1110	0.802454418612433	0.275	0.191091549295775	0.149643610068939	0.0414479392268355
112	1120	0.549208973746318	0.1	0.220658450704226	0.167533918437879	0.0531245322663469
113	1130	0	0	0.226774647887324	0.148821239039951	0.0779534088473733
114	1140	0	0	0.198469014084507	0.118595266474834	0.0798737476096732
115	1150	0	0	0.178117605633803	0.0879959222001114	0.0901216834336914
116	1160	0.584401734320111	0.025	0.143657746478873	0.0730284779962622	0.070629268482611
117	1170	0	0.05	0.137649295774648	0.0667666067397992	0.0708826890348488
118	1180	0	0	0.126247183098591	0.0688092940039484	0.057437889094643
119	1190	0.792989296115816	0	0.106567605633803	0.0526200153634943	0.0539475902703085
120	1200	0	0	0.101357746478873	0.0419179568141218	0.0594397896647516
121	1210	0.695361935828889	0	0.0951211267605634	0.0280924900149231	0.0670286367456403
122	1220	0.299659632779688	0	0.125987323943662	0.0216284642590113	0.104358859684651
123	1230	0.205034193008665	0	0.130785211267606	0.0116864927154899	0.119098718552116
124	1240	0.216896913386658	0	0.115618309859155	0.00336527320567879	0.112253036653476
125	1250	0.25487278696346	0	0.102733098591549	0.00207566236540857	0.100657436226141
126	1260	0.35598595607986	0	0.0853922535211268	0.00206151994418428	0.0833307335769425
127	1270	0.453323876709145	0	0.0731154929577465	0.00143493360841486	0.0716805593493316
128	1280	0.570976052366542	0	0.0621443661971831	0.00130270951549977	0.0608416566816833
129	1290	0.681686615059911	0	0.0526119718309859	0.00142456065921344	0.0511874111717725
130	1300	0.713189221499964	0.075	0.0484922535211268	0.000638167020893466	0.0478540865002333
131	1310	0.842308254294969	0.175	0.0438401408450704	0.00592665148061239	0.037913489364458
132	1320	0.976153023212367	0	0.0407154929577465	0.0161490902519283	0.0245664027058182
133	1330	0.99999879304278	0.35	0.0387316901408451	0.0213283493500692	0.0174033407907759
134	1340	0.921276190326943	0.025	0.043206338028169	0.0364289746952622	0.00677736333290682
135	1350	0.924313012405034	0	0.0458429577464789	0.0419038113624048	0.00393914638407409
136	1360	0.877397266976107	0.875	0.0483274647887324	0.0427629362500888	0.00556452853864357
137	1370	0		0.0776915492957746		
138	1380	0		0.180880985915493		
139	1390	0		0.401647183098591		
140	1400	0		0.38269014084507		
141	1410	0		0.34232323943662		
142	1420	0		0.30047323943662		
143	1430	0		0.259941549295775		
144	1440	0		0.224505633802817		
145	1450	0		0.184030985915493		
146	1460	0		0.190622535211267		
147	1470	0		0.173782394366197		
148	1480	0		0.14772676056338		
149	1490	0		0.138485915492958		
150	1500	0		0.121969014084507		
151	1510	0		0.1233		
152	1520	0		0.118933098591549		
153	1530	0		0.121075352112676		
154	1540	0		0.121151408450704		
155	1550	0		0.128059859154929		
156	1560	0		0.137072535211268		
157	1570	0		0.116632394366197		
158	1580	0		0.102619014084507		
159	1590	0		0.12972676056338		
160	1600	0		0.168458450704225		
161	1610	0		0.160966901408451		
162	1620	0		0.134410563380282		
163	1630	0		0.108291549295775		
164	1640	0		0.104026056338028		
165	1650	0		0.133707042253521		
166	1660	0		0.146148591549296		
167	1670	0		0.125866901408451		
168	1680	0		0.104374647887324		
169	1690	0		0.0969654929577465		
170	1700	0	0	0.0910838028169014		
171	1710	0	0	0.0884725352112676		
172	1720	0	0	0.0837443661971831		
173	1730	0		0.124123943661972		
174	1740	0		0.311425352112676		
175	1750	0		0.470097887323944		
176	1760	0		0.426428873239437		
177	1770	0		0.483566197183099		
178	1780	0		0.457257042253521		
179	1790	0		0.361464084507042		
180	1800	0		0.28452676056338		
181	1810	0		0.22455		
182	1820	0		0.168889436619718		
183	1830	0		0.131837323943662		
184	1840	0		0.106257042253521		
185	1850	0		0.094474647887324		
186	1860	0		0.0873633802816902		
187	1870	0		0.106928873239437		
188	1880	0		0.24615		
189	1890	0		0.255175352112676		
190	1900	0		0.227915492957746		
191	1910	0		0.194507746478873		
192	1920	0		0.160624647887324		
193	1930	0		0.128909154929578		
194	1940	0		0.104197183098592		
195	1950	0		0.0937457746478873		
196	1960	0		0.0836429577464789		
197	1970	0		0.0761133802816901		
198	1980	0		0.069274647887324		
199	1990	0		0.0635577464788733		
200	2000	0		0.0620176056338028		
201	2010	0		0.0614852112676056		
202	2020	0		0.0631204225352113		
203	2030	0		0.0605345070422535		
204	2040	0		0.0594443661971831		
205	2050	0		0.0605915492957747		
206	2060	0		0.0639		
207	2070	0		0.065230985915493		
208	2080	0		0.063		
209	2090	0		0.0625690140845071		
210	2100	0		0.0619605633802817		
211	2110	0		0.0615739436619718		
212	2120	0		0.0683176056338028		
213	2130	0		0.0759992957746479		
214	2140	0		0.0753718309859155		
215	2150	0		0.0700225352112676		
216	2160	0		0.0647112676056338		
217	2170	0		0.0605028169014085		
218	2180	0		0.0556415492957746		
219	2190	0		0.0530619718309859		
220	2200	0		0.0494239436619718		
221	2210	0		0.0466098591549296		
222	2220	0		0.0455767605633803		
223	2230	0		0.0453549295774648		
224	2240	0		0.050380985915493		
225	2250	0		0.0567887323943662		
226	2260	0		0.0633866197183099		
227	2270	0		0.0635007042253521		
228	2280	0		0.0626577464788733		
229	2290	0		0.0586964788732395		
230	2300	0		0.0528908450704225		
231	2310	0		0.0493922535211268		
232	2320	0		0.0456401408450704		
233	2330	0		0.0441823943661972		
234	2340	0		0.0429464788732394		
235	2350	0		0.0420464788732394		
236	2360	0		0.0396380281690141		
237	2370	0		0.0377112676056338		
238	2380	0		0.0362852112676056		
239	2390	0		0.033737323943662		
240	2400	0		0.0322795774647887		
241	2410	0		0.0309992957746479		
242	2420	0		0.031062676056338		
243	2430	0		0.0284767605633803		
244	2440	0		0.0295225352112676		
245	2450	0		0.0272408450704225		
246	2460	0		0.0273992957746479		
247	2470	0		0.0268542253521127		
248	2480	0		0.0253584507042254		
249	2490	0		0.0235521126760563		
250	2500	0		0.021619014084507		
251	2510	0		0.0330718309859155		
252	2520	0		0.0325521126760564		
253	2530	0		0.0347704225352113		
254	2540	0		0.027906338028169		
255	2550	0		0.0232669014084507		
256	2560	0		0.0245535211267606		
257	2570	0		0.0206619718309859		
258	2580	0		0.019362676056338		
259	2590	0		0.0181647887323944		
260	2600	0				
261	2610	0				
262	2620	0				
263	2630	0				
264	2640	0				
265	2650	0				
266	2660	0				
267	2670	0				
268	2680	0				
269	2690	0				
270	2700	0				
271	2710	0				
272	2720	0				
273	2730	0				
274	2740	0				
275	2750	0				
276	2760	0				
277	2770	0				
278	2780	0				
279	2790	0				
280	2800	0				
281	2810	0				
282	2820	0				
283	2830	0				
284	2840	0				
285	2850	0				
286	2860	0				
287	2870	0				
288	2880	0				
289	2890	0				
290	2900	0				
291	2910	0				
292	2920	0				
293	2930	0				
294	2940	0				
295	2950	0				
296	2960	0				
297	2970	0				
298	2980	0				
299	2990	0				
300	3000	0				
301	3010	0				
302	3020	0				
303	3030	0				
304	3040	0				
305	3050	0				
306	3060	0				
307	3070	0				
308	3080	0				
309	3090	0				
310	3100	0				
311	3110	0				
312	3120	0				
313	3130	0				
314	3140	0				
315	3150	0				
316	3160	0				
317	3170	0				
318	3180	0				
319	3190	0				
320	3200	0				
321	3210	0				
322	3220	0				
323	3230	0				
324	3240	0				
325	3250	0				
326	3260	0				
327	3270	0				
328	3280	0				
329	3290	0				
330	3300	0				
331	3310	0				
332	3320	0				
333	3330	0				
334	3340	0				
335	3350	0				
336	3360	0				
337	3370	0				
338	3380	0				
339	3390	0				
340	3400	0				
341	3410	0				
342	3420	0				
343	3430	0				
344	3440	0				
345	3450	0				
346	3460	0				
347	3470	0				
348	3480	0				
349	3490	0				
350	3500	0				
351	3510	0				
352	3520	0				
353	3530	0				
354	3540	0				
355	3550	0				
356	3560	0				
357	3570	0				
358	3580	0				
359	3590	0				
360	3600	0				
361	3610	0				
362	3620	0				
363	3630	0				
364	3640	0				
365	3650	0				
366	3660	0				
367	3670	0				
368	3680	0				
369	3690	0				
370	3700	0				
371	3710	0				
372	3720	0				
373	3730	0				
374	3740	0				
375	3750	0				
376	3760	0				
377	3770	0				
378	3780	0				
379	3790	0				
380	3800	0				
381	3810	0				
382	3820	0				
383	3830	0				
384	3840	0				
385	3850	0				
386	3860	0				
387	3870	0				
388	3880	0				
389	3890	0				
390	3900	0				
391	3910	0				
392	3920	0				
393	3930	0				
394	3940	0				
395	3950	0				
396	3960	0				
397	3970	0				
398	3980	0				
399	3990	0				
400	4000	0				
401	4010	0				
402	4020	0				
403	4030	0				
404	4040	0				
405	4050	0				
406	4060	0				
407	4070	0				
408	4080	0				
409	4090	0				
410	4100	0				
411	4110	0				
412	4120	0				
413	4130	0				
414	4140	0				
415	4150	0				
416	4160	0				
417	4170	0				
418	4180	0				
419	4190	0				
420	4200	0				
421	4210	0				
422	4220	0				
423	4230	0				
424	4240	0				
425	4250	0				
426	4260	0				
427	4270	0				
428	4280	0				
429	4290	0				
430	4300	0				
431	4310	0				
432	4320	0				
433	4330	0				
434	4340	0				
435	4350	0				
436	4360	0				
437	4370	0				
438	4380	0				
439	4390	0				
440	4400	0				
441	4410	0				
442	4420	0				
443	4430	0				
444	4440	0				
445	4450	0				
446	4460	0				
447	4470	0				
448	4480	0				
449	4490	0				
450	4500	0				
451	4510	0				
452	4520	0				
453	4530	0				
454	4540	0				
455	4550	0				
456	4560	0				
457	4570	0				
458	4580	0				
459	4590	0				
460	4600	0				
461	4610	0				
462	4620	0				
463	4630	0				
464	4640	0				
465	4650	0				
466	4660	0				
467	4670	0				
468	4680	0				
469	4690	0				
470	4700	0				
471	4710	0				
472	4720	0				
473	4730	0				
474	4740	0				
475	4750	0				
476	4760	0				
477	4770	0				
478	4780	0				
479	4790	0				
480	4800	0				
481	4810	0				
482	4820	0				
483	4830	0				
484	4840	0				
485	4850	0				
486	4860	0				
487	4870	0				
488	4880	0				
489	4890	0				
490	4900	0				
491	4910	0				
492	4920	0				
493	4930	0				
494	4940	0				
495	4950	0				
496	4960	0				
497	4970	0				
498	4980	0				
499	4990	0				
500	5000	0				
501	5010	0				
502	5020	0				
503	5030	0				
504	5040	0				
505	5050	0				
506	5060	0				
507	5070	0				
508	5080	0				
509	5090	0				
510	5100	0				
511	5110	0				
512	5120	0				
513	5130	0				
514	5140	0				
515	5150	0				
516	5160	0				
517	5170	0				
518	5180	0				
519	5190	0				
520	5200	0				
521	5210	0				
522	5220	0				
523	5230	0				
524	5240	0				
525	5250	0				
526	5260	0				
527	5270	0				
528	5280	0				
529	5290	0				
530	5300	0				
531	5310	0				
532	5320	0				
533	5330	0				
534	5340	0				
535	5350	0				
536	5360	0				
537	5370	0				
538	5380	0				
539	5390	0				
540	5400	0				
541	5410	0				
542	5420	0				
543	5430	0				
544	5440	0				
545	5450	0				
546	5460	0				
547	5470	0				
548	5480	0				
549	5490	0				
550	5500	0				
551	5510	0				
552	5520	0				
553	5530	0				
554	5540	0				
555	5550	0				
556	5560	0				
557	5570	0				
558	5580	0				
559	5590	0				
560	5600	0				
561	5610	0				
562	5620	0				
563	5630	0				
564	5640	0				
565	5650	0				
566	5660	0				
567	5670	0				
568	5680	0				
569	5690	0				
570	5700	0				
571	5710	0				
572	5720	0				
573	5730	0				
574	5740	0				
575	5750	0				
576	5760	0				
577	5770	0				
578	5780	0				
579	5790	0				
580	5800	0				
581	5810	0				
582	5820	0				
583	5830	0				
584	5840	0				
585	5850	0				
586	5860	0				
587	5870	0				
588	5880	0				
589	5890	0				
590	5900	0				
591	5910	0				
592	5920	0				
593	5930	0				
594	5940	0				
595	5950	0				
596	5960	0				
597	5970	0				
598	5980	0				
599	5990	0				
600	6000	0				
601	6010	0				
602	6020	0				
603	6030	0				
604	6040	0				
605	6050	0				
606	6060	0				
607	6070	0				
608	6080	0				
609	6090	0				
610	6100	0				
611	6110	0				
612	6120	0				
613	6130	0				
614	6140	0				
615	6150	0				
616	6160	0				
617	6170	0				
618	6180	0				
619	6190	0				
620	6200	0				
621	6210	0				
622	6220	0				
623	6230	0				
624	6240	0				
625	6250	0				
626	6260	0				
627	6270	0				
628	6280	0				
629	6290	0				
630	6300	0				
631	6310	0				
632	6320	0				
633	6330	0				
634	6340	0				
635	6350	0				
636	6360	0				
637	6370	0				
638	6380	0				
639	6390	0				
640	6400	0				
641	6410	0				
642	6420	0				
643	6430	0				
644	6440	0				
645	6450	0				
646	6460	0				
647	6470	0				
648	6480	0				
649	6490	0				
650	6500	0				
651	6510	0				
652	6520	0				
653	6530	0				
654	6540	0				
655	6550	0				
656	6560	0				
657	6570	0				
658	6580	0				
659	6590	0				
660	6600	0				
661	6610	0				
662	6620	0				
663	6630	0				
664	6640	0				
665	6650	0				
666	6660	0				
667	6670	0				
668	6680	0				
669	6690	0				
670	6700	0				
671	6710	0				
672	6720	0				
673	6730	0				
674	6740	0				
675	6750	0				
676	6760	0				
677	6770	0				
678	6780	0				
679	6790	0				
680	6800	0				
681	6810	0				
682	6820	0				
683	6830	0				
684	6840	0				
685	6850	0				
686	6860	0				
687	6870	0				
688	6880	0				
689	6890	0				
690	6900	0				
691	6910	0				
692	6920	0				
693	6930	0				
694	6940	0				
695	6950	0				
696	6960	0				
697	6970	0				
698	6980	0				
699	6990	0				
700	7000	0				
701	7010	0				
702	7020	0				
703	7030	0				
704	7040	0				
705	7050	0				
706	7060	0				
707	7070	0				
708	7080	0				
709	7090	0				
710	7100	0				
711	7110	0				
712	7120	0				
713	7130	0				
714	7140	0				
715	7150	0				
716	7160	0				
717	7170	0				
718	7180	0				
719	7190	0				
720	7200	0				
721	7210	0				
722	7220	0				
723	7230	0				
724	7240	0				
725	7250	0				
726	7260	0				
727	7270	0				
728	7280	0				
729	7290	0				
730	7300	0				
731	7310	0				
732	7320	0				
733	7330	0				
734	7340	0				
735	7350	0				
736	7360	0				
737	7370	0				
738	7380	0				
739	7390	0				
740	7400	0				
741	7410	0				
742	7420	0				
743	7430	0				
744	7440	0				
745	7450	0				
746	7460	0				
747	7470	0				
748	7480	0				
749	7490	0				
750	7500	0				
751	7510	0				
752	7520	0				
753	7530	0				
754	7540	0				
755	7550	0				
756	7560	0				
757	7570	0				
758	7580	0				
759	7590	0				
760	7600	0				
761	7610	0				
762	7620	0				
763	7630	0				
764	7640	0				
765	7650	0				
766	7660	0				
767	7670	0				
768	7680	0				
769	7690	0				
770	7700	0				
771	7710	0				
772	7720	0				
773	7730	0				
774	7740	0				
775	7750	0				
776	7760	0				
777	7770	0				
778	7780	0				
779	7790	0				
780	7800	0				
781	7810	0				
782	7820	0				
783	7830	0				
784	7840	0				
785	7850	0				
786	7860	0				
787	7870	0				
788	7880	0				
789	7890	0				
790	7900	0				
791	7910	0				
792	7920	0				
793	7930	0				
794	7940	0				
795	7950	0				
796	7960	0				
797	7970	0				
798	7980	0				
799	7990	0				
800	8000	0				
801	8010	0				
802	8020	0				
803	8030	0				
804	8040	0				
805	8050	0				
806	8060	0				
807	8070	0				
808	8080	0				
809	8090	0				
810	8100	0				
811	8110	0				
812	8120	0				
813	8130	0				
814	8140	0				
815	8150	0				
816	8160	0				
817	8170	0				
818	8180	0				
819	8190	0				
820	8200	0				
821	8210	0				
822	8220	0				
823	8230	0				
824	8240	0				
825	8250	0				
826	8260	0				
827	8270	0				
828	8280	0				
829	8290	0				
830	8300	0				
831	8310	0				
832	8320	0				
833	8330	0				
834	8340	0				
835	8350	0				
836	8360	0				
837	8370	0				
838	8380	0				
839	8390	0				
840	8400	0				
841	8410	0				
842	8420	0				
843	8430	0				
844	8440	0				
845	8450	0				
846	8460	0				
847	8470	0				
848	8480	0				
849	8490	0				
850	8500	0		0.0410197183098592		
851	8510	0	0	0.0654274647887324		
852	8520	0	0	0.107429577464789		
853	8530	0	0	0.177971830985915		
854	8540	0	0	0.217242253521127		
855	8550	0	0	0.18488661971831		
856	8560	0	0	0.14997676056338		
857	8570	0	0	0.119129577464789		
858	8580	0	0	0.118337323943662		
859	8590	0	0	0.115624647887324		
860	8600	0	0	0.110129577464789		
861	8610	0	0	0.109261267605634		
862	8620	0	0	0.0979035211267606		
863	8630	0	0	0.137706338028169	0	0.137706338028169
864	8640	0	0	0.16277323943662	0	0.16277323943662
865	8650	0	0.125	0.292785211267606	0.0036864621056073	0.289098749161998
866	8660	0	0	0.421637323943662	0.0110109173882683	0.410626406555394
867	8670	0	0.55	0.315640140845071	0.026831964095525	0.288808176749546
868	8680	0	0.25	0.425040845070423	0.0654830787966239	0.359557766273799
869	8690	0	0	0.310278169014085	0.0754970659782153	0.234781103035869
870	8700	0	0	0.263091549295775	0.0690584950447593	0.194033054251015
871	8710	0	0	0.220772535211268	0.0544695566142464	0.166302978597021
872	8720	0	0	0.141280985915493	0.0398645607575867	0.101416425157906
873	8730	0	0.325	0.133624647887324	0.0445729027953856	0.0890517450919385
874	8740	0	0	0.118939436619718	0.0674382461754017	0.0515011904443167
875	8750	0	0	0.0995894366197184	0.0614511638785007	0.0381382727412177
876	8760	0	0	0.0888338028169014	0.0495191096469583	0.0393146931699431
877	8770	0	0	0.0833894366197184	0.0366043229921417	0.0467851136275767
878	8780	0	0	0.0829014084507042	0.0273755669873656	0.0555258414633386
879	8790	0	0	0.08235	0.0230307120190244	0.0593192879809756
880	8800	0	0	0.0810950704225352	0.0148297363948309	0.0662653340277043
881	8810	0	0	0.0801760563380282	0.0108883007450877	0.0692877555929405
882	8820	0	0	0.0772288732394366	0.011533325296292	0.0656955479431446
883	8830	0	0	0.0745035211267605	0.00777503058387676	0.0667284905428838
884	8840	0	0	0.0730711267605634	0.00682526771607182	0.0662458590444916
885	8850	0	0	0.0718035211267606	0.00925964428488735	0.0625438768418732
886	8860	0	0	0.0709225352112676	0	0.0709225352112676
887	8870	0	0.5	0.0721838028169014	0.00425444680595644	0.067929356010945
888	8880	0	0	0.0684633802816901	0.0295839673235176	0.0388794129581725
889	8890	0	0	0.0643119718309859	0.0386313445913139	0.025680627239672
890	8900	0	0	0.065680985915493	0.0321951065262653	0.0334858793892276
891	8910	0	0	0.0593619718309859	0.0282612529620613	0.0311007188689247
892	8920	0	0	0.0596852112676056	0.0232748883039181	0.0364103229636875
893	8930	0	0	0.0656746478873239	0.0180220109022819	0.047652636985042
894	8940	0	0	0.0595711267605634	0.0140907912227166	0.0454803355378468
895	8950	0	0	0.0542598591549296	0.0129381713585003	0.0413216877964293
896	8960	0	0	0.0471866197183099	0.0107684162501214	0.0364182034681884
897	8970	0	0	0.0476366197183099	0.0119050931513234	0.0357315265669864
898	8980	0	0	0.0435612676056338	0.0133030194234573	0.0302582481821765
899	8990	0	0	0.0402084507042254	0.0124865611507784	0.027721889553447
900	9000	0	0	0.0397014084507042	0	0.0397014084507042
901	9010	0	0	0.0342316901408451	0	0.0342316901408451
902	9020	0	0	0.0339654929577465	0	0.0339654929577465
903	9030	0	0	0.0293894366197183	0	0.0293894366197183
904	9040	0	0	0.0287049295774648	0	0.0287049295774648
905	9050	0	0	0.0273359154929578	0	0.0273359154929578
906	9060	0		0.0246992957746479		
907	9070	0	0	0.0236598591549296		
908	9080	0	0	0.0189507042253521		
909	9090	0	0	0.0231147887323944		
910	9100	0	0	0.0187859154929577		
911	9110	0	0	0.020719014084507		
912	9120	0	0	0.0253584507042254		
913	9130	0	0	0.01935		
914	9140	0	0	0.0232035211267606		
915	9150	0	0.05	0.0181394366197183		
916	9160	0		0.027887323943662		
917	9170	0		0.0386302816901409		
918	9180	0		0.0411021126760564		
919	9190	0		0.0414443661971831		
920	9200	0		0.0409183098591549		
921	9210	0		0.072893661971831		
922	9220	0		0.0731345070422535		
923	9230	0		0.0678169014084507		
924	9240	0		0.0621633802816902		
925	9250	0		0.0572260563380282		
926	9260	0		0.0498549295774648		
927	9270	0		0.0442901408450704		
928	9280	0		0.0394859154929577		
929	9290	0		0.0351570422535211		
930	9300	0		0.0313161971830986		
931	9310	0		0.0307014084507042		
932	9320	0		0.0263408450704226		
933	9330	0		0.0262077464788732		
934	9340	0		0.0242239436619718		
935	9350	0		0.023387323943662		
936	9360	0		0.0289267605633803		
937	9370	0		0.0287746478873239		
938	9380	0		0.0296429577464789		
939	9390	0		0.0277859154929577		
940	9400	0		0.0279570422535211		
941	9410	0		0.0261950704225352		
942	9420	0		0.023843661971831		
943	9430	0		0.023869014084507		
944	9440	0		0.0227471830985916		
945	9450	0		0.023412676056338		
946	9460	0		0.0266133802816901		
947	9470	0		0.0362471830985916		
948	9480	0		0.0440683098591549		
949	9490	0		0.0410007042253521		
950	9500	0		0.0378253521126761		
951	9510	0		0.0338070422535211		
952	9520	0		0.0308091549295775		
953	9530	0		0.0290028169014085		
954	9540	0		0.0256816901408451		
955	9550	0		0.0250415492957747		
956	9560	0		0.0223922535211268		
957	9570	0		0.0216443661971831		
958	9580	0		0.0208330985915493		
959	9590	0		0.0188302816901409		
960	9600	0		0.0197366197183099		
961	9610	0		0.0170366197183099		
962	9620	0		0.0169795774647887		
963	9630	0		0.0170683098591549		
964	9640	0		0.0159084507042254		
965	9650	0		0.0168211267605634		
966	9660	0		0.0155345070422535		
967	9670	0		0.0159781690140845		
968	9680	0		0.0163964788732394		
969	9690	0		0.0233112676056338		
970	9700	0		0.0484225352112676		
971	9710	0		0.060737323943662		
972	9720	0		0.0560471830985916		
973	9730	0		0.0578535211267606		
974	9740	0		0.0888401408450704		
975	9750	0		0.0966929577464789		
976	9760	0		0.0825654929577465		
977	9770	0		0.0741169014084507		
978	9780	0		0.214903521126761		
979	9790	0		0.553785211267606		
980	9800	0		0.424153521126761		
981	9810	0		0.502504225352113		
982	9820	0		0.40725		
983	9830	0		0.280635211267606		
984	9840	0		0.19864014084507		
985	9850	0		0.128966197183099		
986	9860	0		0.0957676056338028		
987	9870	0		0.0797070422535211		
988	9880	0		0.059843661971831		
989	9890	0		0.0517246478873239		
990	9900	0		0.0426042253521127		
991	9910	0		0.0370647887323944		
992	9920	0		0.0318992957746479		
993	9930	0		0.0278683098591549		
994	9940	0		0.025212676056338		
995	9950	0		0.0370204225352113		
996	9960	0		0.0709985915492958		
997	9970	0		0.0699654929577465		
998	9980	0		0.101611267605634		
999	9990	0		0.100666901408451		
1000	10000	0		0.0834908450704225		
1001	10010	0		0.0785598591549296		
1002	10020	0		0.0715183098591549		
1003	10030	0		0.0692049295774648		
1004	10040	0		0.0647176056338028		
1005	10050	0		0.064330985915493		
1006	10060	0		0.0700288732394366		
1007	10070	0		0.0648950704225352		
1008	10080	0		0.0606802816901409		
1009	10090	0		0.0542598591549296		
1010	10100	0		0.049969014084507		
1011	10110	0		0.0460964788732394		
1012	10120	0		0.039587323943662		
1013	10130	0		0.036462676056338		
1014	10140	0		0.0307204225352113		
1015	10150	0		0.0278366197183099		
1016	10160	0		0.0241098591549296		
1017	10170	0		0.0205542253521127		
1018	10180	0		0.0188176056338028		
1019	10190	0		0.0155535211267606		
1020	10200	0		0.0149514084507042		
1021	10210	0		0.0169352112676056		
1022	10220	0		0.0191408450704225		
1023	10230	0		0.025206338028169		
1024	10240	0		0.0394922535211268		
1025	10250	0		0.0457225352112676		
1026	10260	0		0.0441316901408451		
1027	10270	0		0.0421922535211268		
1028	10280	0		0.0405253521126761		
1029	10290	0		0.0475352112676056		
1030	10300	0		0.107397887323944		
1031	10310	0		0.297342253521127		
1032	10320	0		0.301214788732395		
1033	10330	0		0.244229577464789		
1034	10340	0		0.209427464788732		
1035	10350	0		0.158564788732394		
1036	10360	0		0.113051408450704		
1037	10370	0		0.217907746478873		
1038	10380	0		0.32618661971831		
1039	10390	0		0.258730985915493		
1040	10400	0		0.184810563380282		
1041	10410	0		0.123737323943662		
1042	10420	0		0.0966169014084507		
1043	10430	0		0.0793140845070422		
1044	10440	0		0.0690718309859155		
1045	10450	0		0.0583288732394366		
1046	10460	0		0.0513126760563381		
1047	10470	0		0.0470725352112676		
1048	10480	0		0.0398598591549296		
1049	10490	0		0.0370457746478873		
1050	10500	0		0.0312464788732394		
1051	10510	0		0.0288380281690141		
1052	10520	0		0.0257514084507042		
1053	10530	0		0.0226521126760563		
1054	10540	0		0.022069014084507		
1055	10550	0		0.0210232394366197		
1056	10560	0		0.0218978873239437		
1057	10570	0		0.0201612676056338		
1058	10580	0		0.0191725352112676		
1059	10590	0		0.0191661971830986		
1060	10600	0		0.0169161971830986		
1061	10610	0		0.0177464788732394		
1062	10620	0		0.0339274647887324		
1063	10630	0		0.0886056338028168		
1064	10640	0		0.104304929577465		
1065	10650	0		0.0931880281690141		
1066	10660	0		0.0819823943661972		
1067	10670	0		0.0689894366197183		
1068	10680	0		0.062087323943662		
1069	10690	0		0.0536830985915493		
1070	10700	0		0.0479218309859155		
1071	10710	0		0.0441443661971831		
1072	10720	0		0.038706338028169		
1073	10730	0		0.0368049295774648		
1074	10740	0		0.0332302816901409		
1075	10750	0		0.0322035211267606		
1076	10760	0		0.0301056338028169		
1077	10770	0		0.0279697183098592		
1078	10780	0		0.0275387323943662		
1079	10790	0		0.0249971830985915		
1080	10800	0		0.024737323943662		
1081	10810	0		0.0223415492957747		
1082	10820	0		0.0213781690140845		
1083	10830	0		0.0207823943661972		
1084	10840	0		0.0189697183098592		
1085	10850	0		0.0195464788732394		
1086	10860	0		0.0195274647887324		
1087	10870	0		0.0196098591549296		
1088	10880	0		0.0200408450704225		
1089	10890	0		0.0196542253521127		
1090	10900	0		0.0201169014084507		
1091	10910	0		0.0194767605633803		
1092	10920	0		0.0203640845070422		
1093	10930	0		0.0199014084507042		
1094	10940	0		0.0199014084507042		
1095	10950	0		0.0190647887323944		
1096	10960	0		0.0177401408450704		
1097	10970	0		0.017106338028169		
1098	10980	0		0.0147485915492958		
1099	10990	0		0.0142415492957747		
1100	11000	0		0.014412676056338		
1101	11010	0		0.0151415492957747		
1102	11020	0		0.0158830985915493		
1103	11030	0		0.0142352112676057		
1104	11040	0		0.0140007042253521		
1105	11050	0		0.0136077464788732		
1106	11060	0		0.0125366197183098		
1107	11070	0		0.0122260563380282		
1108	11080	0		0.0150528169014085		
1109	11090	0	0	0.0156485915492958		
1110	11100	0	0			
1111	11110	0				
1112	11120	0				
1113	11130	0				
1114	11140	0				
1115	11150	0				
1116	11160	0				
1117	11170	0				
1118	11180	0				
1119	11190	0				
1120	11200	0				
1121	11210	0				
1122	11220	0				
1123	11230	0				
1124	11240	0				
1125	11250	0				
1126	11260	0				
1127	11270	0				
1128	11280	0				
1129	11290	0				
1130	11300	0				
1131	11310	0				
1132	11320	0				
1133	11330	0				
1134	11340	0				
1135	11350	0				
1136	11360	0				
1137	11370	0				
1138	11380	0				
1139	11390	0				
1140	11400	0				
1141	11410	0				
1142	11420	0				
1143	11430	0				
1144	11440	0				
1145	11450	0				
1146	11460	0				
1147	11470	0				
1148	11480	0				
1149	11490	0				
1150	11500	0				
1151	11510	0				
1152	11520	0				
1153	11530	0				
1154	11540	0				
1155	11550	0				
1156	11560	0				
1157	11570	0				
1158	11580	0				
1159	11590	0				
1160	11600	0				
1161	11610	0				
1162	11620	0				
1163	11630	0				
1164	11640	0				
1165	11650	0				
1166	11660	0				
1167	11670	0				
1168	11680	0				
1169	11690	0				
1170	11700	0				
1171	11710	0				
1172	11720	0				
1173	11730	0				
1174	11740	0				
1175	11750	0				
1176	11760	0				
1177	11770	0				
1178	11780	0				
1179	11790	0				
1180	11800	0				
1181	11810	0				
1182	11820	0				
1183	11830	0				
1184	11840	0				
1185	11850	0				
1186	11860	0				
1187	11870	0				
1188	11880	0				
1189	11890	0				
1190	11900	0				
1191	11910	0				
1192	11920	0				
1193	11930	0				
1194	11940	0				
1195	11950	0				
1196	11960	0				
1197	11970	0				
1198	11980	0				
1199	11990	0				
1200	12000	0				
1201	12010	0				
1202	12020	0				
1203	12030	0				
1204	12040	0				
1205	12050	0				
1206	12060	0				
1207	12070	0				
1208	12080	0				
1209	12090	0				
1210	12100	0				
1211	12110	0				
1212	12120	0				
1213	12130	0				
1214	12140	0				
1215	12150	0				
1216	12160	0				
1217	12170	0				
1218	12180	0				
1219	12190	0				
1220	12200	0				
1221	12210	0				
1222	12220	0				
1223	12230	0				
1224	12240	0				
1225	12250	0				
1226	12260	0				
1227	12270	0				
1228	12280	0				
1229	12290	0				
1230	12300	0				
1231	12310	0				
1232	12320	0				
1233	12330	0				
1234	12340	0				
1235	12350	0				
1236	12360	0				
1237	12370	0				
1238	12380	0				
1239	12390	0				
1240	12400	0				
1241	12410	0				
1242	12420	0				
1243	12430	0				
1244	12440	0				
1245	12450	0				
1246	12460	0				
1247	12470	0				
1248	12480	0				
1249	12490	0				
1250	12500	0				
1251	12510	0				
1252	12520	0				
1253	12530	0				
1254	12540	0				
1255	12550	0				
1256	12560	0				
1257	12570	0				
1258	12580	0				
1259	12590	0				
1260	12600	0				
1261	12610	0				
1262	12620	0				
1263	12630	0				
1264	12640	0				
1265	12650	0				
1266	12660	0				
1267	12670	0				
1268	12680	0				
1269	12690	0				
1270	12700	0				
1271	12710	0				
1272	12720	0				
1273	12730	0				
1274	12740	0				
1275	12750	0				
1276	12760	0				
1277	12770	0				
1278	12780	0				
1279	12790	0				
1280	12800	0				
1281	12810	0				
1282	12820	0				
1283	12830	0				
1284	12840	0				
1285	12850	0				
1286	12860	0				
1287	12870	0				
1288	12880	0				
1289	12890	0				
1290	12900	0				
1291	12910	0				
1292	12920	0				
1293	12930	0				
1294	12940	0				
1295	12950	0				
1296	12960	0				
1297	12970	0				
1298	12980	0				
1299	12990	0				
1300	13000	0				
1301	13010	0				
1302	13020	0				
1303	13030	0				
1304	13040	0				
1305	13050	0				
1306	13060	0				
1307	13070	0				
1308	13080	0				
1309	13090	0				
1310	13100	0				
1311	13110	0				
1312	13120	0				
1313	13130	0				
1314	13140	0				
1315	13150	0				
1316	13160	0				
1317	13170	0				
1318	13180	0				
1319	13190	0				
1320	13200	0				
1321	13210	0				
1322	13220	0				
1323	13230	0				
1324	13240	0				
1325	13250	0				
1326	13260	0				
1327	13270	0				
1328	13280	0				
1329	13290	0				
1330	13300	0				
1331	13310	0				
1332	13320	0				
1333	13330	0				
1334	13340	0				
1335	13350	0				
1336	13360	0				
1337	13370	0				
1338	13380	0				
1339	13390	0				
1340	13400	0				
1341	13410	0				
1342	13420	0				
1343	13430	0				
1344	13440	0				
1345	13450	0				
1346	13460	0				
1347	13470	0				
1348	13480	0				
1349	13490	0				
1350	13500	0				
1351	13510	0				
1352	13520	0				
1353	13530	0				
1354	13540	0				
1355	13550	0				
1356	13560	0				
1357	13570	0				
1358	13580	0				
1359	13590	0				
1360	13600	0				
1361	13610	0				
1362	13620	0				
1363	13630	0				
1364	13640	0				
1365	13650	0				
1366	13660	0				
1367	13670	0				
1368	13680	0				
1369	13690	0				
1370	13700	0				
1371	13710	0				
1372	13720	0				
1373	13730	0				
1374	13740	0				
1375	13750	0				
1376	13760	0				
1377	13770	0				
1378	13780	0				
1379	13790	0				
1380	13800	0				
1381	13810	0				
1382	13820	0				
1383	13830	0				
1384	13840	0				
1385	13850	0				
1386	13860	0				
1387	13870	0				
1388	13880	0				
1389	13890	0				
1390	13900	0				
1391	13910	0				
1392	13920	0				
1393	13930	0				
1394	13940	0				
1395	13950	0				
1396	13960	0				
1397	13970	0				
1398	13980	0				
1399	13990	0				
1400	14000	0				
1401	14010	0				
1402	14020	0				
1403	14030	0				
1404	14040	0				
1405	14050	0				
1406	14060	0				
1407	14070	0				
1408	14080	0				
1409	14090	0				
1410	14100	0				
1411	14110	0				
1412	14120	0				
1413	14130	0				
1414	14140	0				
1415	14150	0				
1416	14160	0				
1417	14170	0				
1418	14180	0				
1419	14190	0				
1420	14200	0				
1421	14210	0				
1422	14220	0				
1423	14230	0				
1424	14240	0				
1425	14250	0				
1426	14260	0				
1427	14270	0				
1428	14280	0				
1429	14290	0				
1430	14300	0				
1431	14310	0				
1432	14320	0				
1433	14330	0				
1434	14340	0				
1435	14350	0				
1436	14360	0				
1437	14370	0				
1438	14380	0				
1439	14390	0				
1440	14400	0				
1441	14410	0				
1442	14420	0				
1443	14430	0				
1444	14440	0				
1445	14450	0				
1446	14460	0				
1447	14470	0				
1448	14480	0				
1449	14490	0				
1450	14500	0				
1451	14510	0				
1452	14520	0				
1453	14530	0				
1454	14540	0				
1455	14550	0				
1456	14560	0				
1457	14570	0				
1458	14580	0				
1459	14590	0				
1460	14600	0				
1461	14610	0				
1462	14620	0				
1463	14630	0				
1464	14640	0				
1465	14650	0				
1466	14660	0				
1467	14670	0				
1468	14680	0				
1469	14690	0				
1470	14700	0				
1471	14710	0				
1472	14720	0				
1473	14730	0				
1474	14740	0				
1475	14750	0				
1476	14760	0				
1477	14770	0				
1478	14780	0				
1479	14790	0				
1480	14800	0				
1481	14810	0				
1482	14820	0				
1483	14830	0				
1484	14840	0				
1485	14850	0				
1486	14860	0				
1487	14870	0				
1488	14880	0				
1489	14890	0				
1490	14900	0				
1491	14910	0				
1492	14920	0				
1493	14930	0				
1494	14940	0				
1495	14950	0				
1496	14960	0				
1497	14970	0				
1498	14980	0				
1499	14990	0				
1500	15000	0				
1501	15010	0				
1502	15020	0				
1503	15030	0				
1504	15040	0				
1505	15050	0				
1506	15060	0				
1507	15070	0				
1508	15080	0				
1509	15090	0				
1510	15100	0				
1511	15110	0				
1512	15120	0				
1513	15130	0				
1514	15140	0				
1515	15150	0				
1516	15160	0				
1517	15170	0				
1518	15180	0				
1519	15190	0				
1520	15200	0				
1521	15210	0				
1522	15220	0				
1523	15230	0				
1524	15240	0				
1525	15250	0				
1526	15260	0				
1527	15270	0				
1528	15280	0				
1529	15290	0				
1530	15300	0				
1531	15310	0				
1532	15320	0				
1533	15330	0				
1534	15340	0				
1535	15350	0				
1536	15360	0				
1537	15370	0				
1538	15380	0				
1539	15390	0				
1540	15400	0				
1541	15410	0				
1542	15420	0				
1543	15430	0				
1544	15440	0				
1545	15450	0				
1546	15460	0				
1547	15470	0				
1548	15480	0				
1549	15490	0				
1550	15500	0				
1551	15510	0				
1552	15520	0				
1553	15530	0				
1554	15540	0				
1555	15550	0				
1556	15560	0				
1557	15570	0				
1558	15580	0				
1559	15590	0				
1560	15600	0				
1561	15610	0				
1562	15620	0				
1563	15630	0				
1564	15640	0				
1565	15650	0				
1566	15660	0				
1567	15670	0				
1568	15680	0				
1569	15690	0				
1570	15700	0				
1571	15710	0				
1572	15720	0				
1573	15730	0				
1574	15740	0				
1575	15750	0				
1576	15760	0				
1577	15770	0				
1578	15780	0				
1579	15790	0				
1580	15800	0				
1581	15810	0				
1582	15820	0				
1583	15830	0				
1584	15840	0				
1585	15850	0				
1586	15860	0				
1587	15870	0				
1588	15880	0				
1589	15890	0				
1590	15900	0				
1591	15910	0				
1592	15920	0				
1593	15930	0				
1594	15940	0				
1595	15950	0				
1596	15960	0				
1597	15970	0				
1598	15980	0				
1599	15990	0				
1600	16000	0				
1601	16010	0				
1602	16020	0				
1603	16030	0				
1604	16040	0				
1605	16050	0				
1606	16060	0				
1607	16070	0				
1608	16080	0				
1609	16090	0				
1610	16100	0				
1611	16110	0				
1612	16120	0				
1613	16130	0				
1614	16140	0				
1615	16150	0				
1616	16160	0				
1617	16170	0				
1618	16180	0				
1619	16190	0				
1620	16200	0				
1621	16210	0				
1622	16220	0				
1623	16230	0				
1624	16240	0				
1625	16250	0				
1626	16260	0				
1627	16270	0				
1628	16280	0				
1629	16290	0				
1630	16300	0				
1631	16310	0				
1632	16320	0				
1633	16330	0				
1634	16340	0				
1635	16350	0				
1636	16360	0				
1637	16370	0				
1638	16380	0				
1639	16390	0				
1640	16400	0				
1641	16410	0				
1642	16420	0				
1643	16430	0				
1644	16440	0				
1645	16450	0				
1646	16460	0				
1647	16470	0				
1648	16480	0				
1649	16490	0				
1650	16500	0				
1651	16510	0				
1652	16520	0				
1653	16530	0				
1654	16540	0				
1655	16550	0				
1656	16560	0				
1657	16570	0				
1658	16580	0				
1659	16590	0				
1660	16600	0				
1661	16610	0				
1662	16620	0				
1663	16630	0				
1664	16640	0				
1665	16650	0				
1666	16660	0				
1667	16670	0				
1668	16680	0				
1669	16690	0				
1670	16700	0				
1671	16710	0				
1672	16720	0				
1673	16730	0				
1674	16740	0				
1675	16750	0				
1676	16760	0				
1677	16770	0				
1678	16780	0				
1679	16790	0				
1680	16800	0				
1681	16810	0				
1682	16820	0				
1683	16830	0				
1684	16840	0				
1685	16850	0				
1686	16860	0				
1687	16870	0				
1688	16880	0				
1689	16890	0				
1690	16900	0				
1691	16910	0				
1692	16920	0				
1693	16930	0				
1694	16940	0				
1695	16950	0				
1696	16960	0				
1697	16970	0				
1698	16980	0				
1699	16990	0				
1700	17000	0				
1701	17010	0				
1702	17020	0				
1703	17030	0				
1704	17040	0				
1705	17050	0				
1706	17060	0				
1707	17070	0				
1708	17080	0				
1709	17090	0				
1710	17100	0				
1711	17110	0				
1712	17120	0				
1713	17130	0				
1714	17140	0				
1715	17150	0				
1716	17160	0				
1717	17170	0				
1718	17180	0		0.22487323943662		
1719	17190	0	0	0.183739436619718		
1720	17200	0	0	0.22487323943662		
1721	17210	0	0	0.190204225352113		
1722	17220	0	0	0.162507042253521		
1723	17230	0	0	0.115478873239437		
1724	17240	0	0	0.110345070422535		
1725	17250	0	0	0.0793521126760563		
1726	17260	0	0	0.0486760563380282		
1727	17270	0	0	0.0478521126760563		
1728	17280	0	0	0.0424647887323944		
1729	17290	0	0	0.109330985915493		
1730	17300	0	0	0.152176056338028		
1731	17310	0	0	0.182091549295775	0	0.182091549295775
1732	17320	0	0	0.163457746478873	0	0.163457746478873
1733	17330	0	0	0.13030985915493	0	0.13030985915493
1734	17340	0	0	0.139056338028169	0	0.139056338028169
1735	17350	0	0	0.124478873239437	0	0.124478873239437
1736	17360	0	0	0.116366197183099	0	0.116366197183099
1737	17370	0	0	0.133035211267606	0	0.133035211267606
1738	17380	0	0	0.164725352112676	0	0.164725352112676
1739	17390	0	0	0.170049295774648	0	0.170049295774648
1740	17400	0	0	0.156422535211268	0	0.156422535211268
1741	17410	0	0	0.135570422535211	0	0.135570422535211
1742	17420	0	0	0.128154929577465	0	0.128154929577465
1743	17430	0	0	0.124415492957746	0	0.124415492957746
1744	17440	0	0	0.124225352112676	0	0.124225352112676
1745	17450	0	0	0.118964788732394	0	0.118964788732394
1746	17460	0	0	0.10330985915493	0	0.10330985915493
1747	17470	0	0	0.0998239436619719	0	0.0998239436619719
1748	17480	0	0	0.092218309859155	0	0.092218309859155
1749	17490	0	0	0.0875281690140845	0	0.0875281690140845
1750	17500	0	0	0.0867676056338028	0	0.0867676056338028
1751	17510	0	0.375	0.111232394366197	0.00319083510446733	0.10804155926173
1752	17520	0	0	0.0927253521126761	0.0221879754926382	0.0705373766200379
1753	17530	0	0	0.0753591549295775	0.0289735084434855	0.046385646486092
1754	17540	0	0	0.0759929577464789	0.024146329894699	0.0518466278517799
1755	17550	0	0	0.067943661971831	0.0211959397215459	0.0467477222502851
1756	17560	0	0	0.063443661971831	0.0174561662279386	0.0459874957438924
1757	17570	0	0	0.0581197183098592	0.0135165081767114	0.0446032101331477
1758	17580	0	0	0.0530492957746479	0.0105680934170375	0.0424812023576104
1759	17590	0	0	0.046330985915493	0.00970362851887522	0.0366273573966177
1760	17600	0	0.05	0.0397394366197183	0.00850175686818672	0.0312376797515316
1761	17610	0	0	0.0378380281690141	0.0118872165958443	0.0259508115731698
1762	17620	0	0	0.0345422535211268	0.0138403990267244	0.0207018544944024
1763	17630	0	0	0.0340352112676056	0.0125844315157103	0.0214507797518953
1764	17640	0	0	0.0317535211267605	0.00282612529620613	0.0289273958305544
1765	17650	0	0	0.0287112676056338	0.00232748883039181	0.026383778775242
1766	17660	0	0	0.0292183098591549	0.00180220109022819	0.0274161087689268
1767	17670	0	0	0.0269366197183099	0.00140907912227166	0.0255275405960382
1768	17680	0	0.025	0.0286478873239437	0.00133514352158907	0.0273127438023546
1769	17690	0	0	0.0299154929577465	0.00165306410106978	0.0282624288566767
1770	17700	0	0	0.0285211267605634	0.00237984680851802	0.0261412799520454
1771	17710	0	0	0.0304225352112676	0.00243948863536378	0.0279830465759038
1772	17720	0	0	0.0294084507042254	0.00214281667078032	0.0272656340334451
1773	17730	0	0	0.0311197183098592	0.000703016881120195	0.030416701428739
1774	17740	0	0.025	0.0338450704225352	0.000554597206230499	0.0332904732163047
1775	17750	0	0	0.0346690140845071	0.000966340551736587	0.0337026735327705
1776	17760	0	0	0.0343521126760563	0.00164049382442913	0.0327116188516272
1777	17770	0	0	0.0329577464788732	0.00151818173600655	0.0314395647428667
1778	17780	0	0	0.0329577464788732	0.00124461391068329	0.0317131325681899
1779	17790	0	0	0.0308028169014084	0.00107202405879846	0.02973079284261
1780	17800	0	0	0.0304225352112676	0.000799755612641483	0.0296227795986261
1781	17810	0	0.025	0.0287112676056338	0.000431444461417987	0.0282798231442158
1782	17820	0	0.4	0.0279507042253522	0.00168860097892565	0.0262621032464265
1783	17830	0	0	0.0303591549295775	0.0108178921532963	0.0195412627762811
1784	17840	0	0.15	0.0294084507042254	0.020736998256604	0.00867145244762136
1785	17850	0	0.175	0.0301056338028169	0.0227567743781886	0.00734885942462829
1786	17860	0	0	0.0304225352112676	0.0264656528572274	0.00395688235404025
1787	17870	0	0	0.0295985915492958	0.0267420235302227	0.00285656801907312
1788	17880	0	0	0.0304859154929577	0.0217317213888836	0.00875419410407417
1789	17890	0	0.025	0.0329577464788732	0.0172115971042842	0.015746149374589
1790	17900	0	0	0.0340985915492958	0.0162044619065315	0.0178941296427643
1791	17910	0	0	0.0375211267605634	0.0140173157336964	0.023503811026867
1792	17920	0	0	0.0380915492957746	0.0125232120664026	0.025568337229372
1793	17930	0	0	0.0340985915492958	0.0126968247659399	0.0214017667833559
1794	17940	0	0	0.0318169014084507	0.0102524589863248	0.0215644424221258
1795	17950	0	0	0.0305492957746479	0.00518048737142672	0.0253688084032212
1796	17960	0	0	0.027	0.00469207707232693	0.0223079229276731
1797	17970	0	0	0.0267464788732395	0.00245654987609359	0.0242899289971459
1798	17980	0	0.025	0.0239577464788732	0.000450321428727532	0.0235074250501457
1799	17990	0	0.15	0.0249718309859155	0.00117463414547266	0.0237971968404428
1800	18000	0	0	0.0230704225352113	0.00501567952740976	0.0180547430078015
1801	18010	0	0	0.0227535211267606	0.00853169644548217	0.0142218246812784
1802	18020	0	0	0.0222464788732394	0.00754928071381078	0.0146971981594287
1803	18030	0	0	0.0181267605633803	0.00606798021533505	0.0120587803480452
1804	18040	0	0	0.0199647887323944	0.00473137210721263	0.0152334166251817
1805	18050	0	0	0.0172394366197183	0.00346974299862773	0.0137696936210906
1806	18060	0	0	0.0152112676056338	0.00279186478511716	0.0124194028205166
1807	18070	0	0	0.0146408450704225	0.00311593302924919	0.0115249120411734
1808	18080	0	0	0.0126760563380282	0.00280442361291179	0.00987163272511641
1809	18090	0	0	0.0126760563380282	0.00247172730756312	0.0102043290304651
1810	18100	0	0	0.0116619718309859	0.00250052785821961	0.00916144397276631
1811	18110	0	0	0.0105845070422535	0.00171890875290012	0.00886559828935338
1812	18120	0	0	0.0115352112676056	0	0.0115352112676056
1813	18130	0	0	0.0101408450704225	0	0.0101408450704225
1814	18140	0	0	0.0101408450704225	0	0.0101408450704225
1815	18150	0	0	0.00899999999999998	0	0.00899999999999998
1816	18160	0	0	0.00868309859154928	0	0.00868309859154928
1817	18170	0	0	0.0082394366197183	0	0.0082394366197183
1818	18180	0	0	0.0076056338028169	0	0.0076056338028169
1819	18190	0	0	0.0076056338028169	0	0.0076056338028169
1820	18200	0	0	0.00646478873239437	0	0.00646478873239437
1821	18210	0	0	0.00722535211267606	0	0.00722535211267606
1822	18220	0	0	0.0076056338028169	0	0.0076056338028169
1823	18230	0	0	0.00785915492957746	0	0.00785915492957746
1824	18240	0	0	0.00906338028169013	0	0.00906338028169013
1825	18250	0		0.0058943661971831		
1826	18260	0		0.00507042253521127		
1827	18270	0		0.00507042253521127		
1828	18280	0		0.00507042253521127		
1829	18290	0		0.00507042253521127		
1830	18300	0		0.00500704225352113		
1831	18310	0		0.00507042253521127		
1832	18320	0		0.00507042253521127		
1833	18330	0		0.00564084507042254		
1834	18340	0		0.00583098591549296		
1835	18350	0		0.00957042253521124		
1836	18360	0		0.0101408450704225		
1837	18370	0		0.0101408450704225		
1838	18380	0		0.0101408450704225		
1839	18390	0		0.00880985915492956		
1840	18400	0		0.0076056338028169		
1841	18410	0		0.00874647887323943		
1842	18420	0		0.00849295774647887		
1843	18430	0		0.0101408450704225		
1844	18440	0		0.0101408450704225		
1845	18450	0		0.0120422535211268		
1846	18460	0		0.0194577464788732		
1847	18470	0		0.0406267605633803		
1848	18480	0		0.0553943661971831		
1849	18490	0		0.0502605633802817		
1850	18500	0		0.0440492957746479		
1851	18510	0		0.0389788732394366		
1852	18520	0		0.044112676056338		
1853	18530	0		0.0588802816901408		
1854	18540	0		0.0596408450704226		
1855	18550	0		0.0565985915492958		
1856	18560	0		0.0600211267605634		
1857	18570	0		0.0668028169014085		
1858	18580	0		0.0856267605633803		
1859	18590	0		0.101598591549296		
1860	18600	0		0.122640845070422		
1861	18610	0		0.207		
1862	18620	0		0.275260563380282		
1863	18630	0		0.287302816901409		
1864	18640	0	0	0.226267605633803		
1865	18650	0	0	0.165612676056338		
1866	18660	0	0	0.112943661971831		
1867	18670	0	0	0.0952605633802816		
1868	18680	0	0	0.0808732394366197		
1869	18690	0	0	0.068830985915493		
1870	18700	0	0	0.0600845070422535		
1871	18710	0	0.475	0.0533661971830986		
1872	18720	0	0	0.0464577464788732		
1873	18730	0	0.1	0.0413239436619718		
1874	18740	0	0.1	0.0507676056338028		
1875	18750	0	0.025	0.0680704225352113		
1876	18760	0	0	0.0628732394366197	0.0377556324784139	0.0251176069582058
1877	18770	0	0	0.0571056338028169	0.0311437494843988	0.0259618843184181
1878	18780	0	0	0.0487394366197183	0.0253032352410899	0.0234362013786284
1879	18790	0	0	0.0441126760563381	0.0219637052799184	0.0221489707764197
1880	18800	0.972147892215232	0	0.0422112676056338	0.017816300277811	0.0243949673278228
1881	18810	0.999727990544373	0	0.036443661971831	0.0176167315551147	0.0188269304167163
1882	18820	0.99800432637569	0	0.0340352112676056	0.0180837255351446	0.015951485732461
1883	18830	0.994233155748725	0	0.0291549295774648	0.0170438435414535	0.0121110860360113
1884	18840	0	0	0.027887323943662	0.00558004332746222	0.0223072806161998
1885	18850	0.998874523912498	0	0.0246549295774648	0.00575317077241332	0.0189017588050515
1886	18860	0	0	0.0228169014084507	0.00316246320132855	0.0196544382071222
1887	18870	0.995323209770493	0	0.0212323943661972	0.00062432805753892	0.0206080663086583
1888	18880	0.999627905151349	0	0.0183169014084507	0	0.0183169014084507
1889	18890	0.999944142358417	0	0.0177464788732394	0	0.0177464788732394
1890	18900	0.999357410070475	0	0.0161619718309859	0	0.0161619718309859
1891	18910	0.997974032502406	0	0.0152112676056338	0	0.0152112676056338
1892	18920	0.996625464234486	0	0.0145774647887324	0	0.0145774647887324
1893	18930	0.990566645797894	0	0.0126760563380282	0	0.0126760563380282
1894	18940	0.990566645797894	0	0.0126760563380282	0	0.0126760563380282
1895	18950	0.990566645797894	0	0.0126760563380282	0	0.0126760563380282
1896	18960	0.990566645797894	0	0.0126760563380282	0	0.0126760563380282
1897	18970	0.990057137193321	0	0.0125492957746479	0	0.0125492957746479
1898	18980	0	0	0.0114718309859155	0	0.0114718309859155
1899	18990	0.985824873270612	0	0.0115985915492958	0	0.0115985915492958
1900	19000	0.977961453695686	0	0.0101408450704225	0	0.0101408450704225
1901	19010	0	0	0.0101408450704225	0	0.0101408450704225
1902	19020	0.977961453695686	0	0.0101408450704225	0	0.0101408450704225
1903	19030	0	0	0.0101408450704225	0	0.0101408450704225
1904	19040	0.977961453695686	0	0.0101408450704225	0	0.0101408450704225
1905	19050	0.977961453695686	0	0.0101408450704225	0	0.0101408450704225
1906	19060	0.977961453695686	0	0.0101408450704225	0	0.0101408450704225
1907	19070	0.966251419668783	0	0.00836619718309859	0	0.00836619718309859
1908	19080	0	0	0.00995070422535209	0	0.00995070422535209
1909	19090	0	0	0.00804929577464788	0	0.00804929577464788
1910	19100	0	0	0.0076056338028169	0	0.0076056338028169
1911	19110	0	0	0.0076056338028169	0	0.0076056338028169
1912	19120	0	0	0.0076056338028169	0	0.0076056338028169
1913	19130	0	0	0.0076056338028169	0	0.0076056338028169
1914	19140	0	0	0.0076056338028169	0	0.0076056338028169
1915	19150	0	0	0.0076056338028169	0	0.0076056338028169
1916	19160	0	0	0.0076056338028169	0	0.0076056338028169
1917	19170	0	0	0.0076056338028169	0	0.0076056338028169
1918	19180	0	0.025	0.0076056338028169	4.13263857390353e-05	0.00756430741707787
1919	19190	0	0	0.0076056338028169	0.000576222476057635	0.00702941132675927
1920	19200	0	0	0.0076056338028169	0.00118933749338568	0.00641629630943122
1921	19210	0	0	0.00754225352112676	0.00110918669301805	0.00643306682810871
1922	19220	0	0	0.0076056338028169	0.000894160555702475	0.00671147324711443
1923	19230	0	0	0.00690845070422535	0.000703016881120195	0.00620543382310516
1924	19240	0	0.25	0.00671830985915493	0.000926534677881817	0.00579177518127311
1925	19250	0	0	0.00747887323943662	0.0061523428362553	0.00132653040318132
1926	19260	0	0	0.00507042253521127	0.0123445312649003	-0.00727410872968901
1927	19270	0	0	0.00507042253521127	0.011500861973169	-0.00643043943795774
1928	19280	0	0	0.00507042253521127	0.00929205891200556	-0.00422163637679429
1929	19290	0	0	0.00507042253521127	0.00739917598888021	-0.00232875345366894
1930	19300	0	0	0.00507042253521127	0.00541919299706465	-0.000348770461853383
1931	19310	0	0	0.00507042253521127	0.00390118075678952	0.00116924177842175
1932	19320	0	0	0.00507042253521127	0.00451156331043449	0.000558859224776785
1933	19330	0	0	0.00507042253521127	0.00408995042988497	0.0009804721053263
1934	19340	0	0	0.00507042253521127	0.0035045335498081	0.00156588898540317
1935	19350	0	0	0.00507042253521127	0.00369007177678265	0.00138035075842862
1936	19360	0	0	0.00507042253521127	0.0028648479215002	0.00220557461371107
1937	19370	0	0	0.00507042253521127	0	0.00507042253521127
1938	19380	0	0	0.00507042253521127	0	0.00507042253521127
1939	19390	0	0	0.00507042253521127	0	0.00507042253521127
1940	19400	0	0	0.00507042253521127	0	0.00507042253521127
1941	19410	0	0	0.00507042253521127	0	0.00507042253521127
1942	19420	0	0	0.00507042253521127	0	0.00507042253521127
1943	19430	0	0	0.00507042253521127	0	0.00507042253521127
1944	19440	0	0	0.00507042253521127	0	0.00507042253521127
1945	19450	0	0	0.00507042253521127	0	0.00507042253521127
1946	19460	0	0	0.00507042253521127	0	0.00507042253521127
1947	19470	0	0	0.00507042253521127	0	0.00507042253521127
1948	19480	0	0	0.00507042253521127	0	0.00507042253521127
1949	19490	0	0	0.00507042253521127	0	0.00507042253521127
1950	19500	0	0	0.00507042253521127	0	0.00507042253521127
1951	19510	0	0	0.00507042253521127	0	0.00507042253521127
1952	19520	0	0	0.00507042253521127	0	0.00507042253521127
1953	19530	0	0	0.00507042253521127	0	0.00507042253521127
1954	19540	0	0.025	0.00507042253521127	4.13263857390353e-05	0.00502909614947224
1955	19550	0	0	0.00507042253521127	0.000576222476057635	0.00449420005915363
1956	19560	0	0	0.00507042253521127	0.00118933749338568	0.00388108504182559
1957	19570	0	0	0.00507042253521127	0.00110918669301805	0.00396123584219322
1958	19580	0	0	0.00507042253521127	0.000894160555702475	0.0041762619795088
1959	19590	0	0	0.00507042253521127	0.000703016881120195	0.00436740565409108
1960	19600	0	0.025	0.00507042253521127	0.000554597206230499	0.00451582532898077
1961	19610	0	0.025	0.00507042253521127	0.00100766693747562	0.00406275559773565
1962	19620	0	0.05	0.00507042253521127	0.00229936907196484	0.00277105346324643
1963	19630	0	0	0.00507042253521127	0.0038599641815075	0.00121045835370377
1964	19640	0	0	0.00507042253521127	0.0047324755904727	0.000337946944738567
1965	19650	0	0	0.00507042253521127	0.00418455800053704	0.000885864534674233
1966	19660	0	0	0.00507042253521127	0.00329109360516663	0.00177932893004464
1967	19670	0	0	0.00507042253521127	0.0023094226584108	0.00276099987680047
1968	19680	0	0	0.00507042253521127	0.00186781604770533	0.00320260648750594
1969	19690	0	0	0.00507042253521127	0.00164038752538985	0.00343003500982142
1970	19700	0	0	0.00507042253521127	0.0016617610600562	0.00340866147515507
1971	19710	0	0	0.00507042253521127	0.00153745061863607	0.0035329719165752
1972	19720	0	0	0.00507042253521127	0.0013563986797899	0.00371402385542137
1973	19730	0	0.025	0.00507042253521127	0.00106582553324559	0.00400459700196569
1974	19740	0	0	0.00507042253521127	0.00114919206035767	0.0039212304748536
1975	19750	0	0	0.00507042253521127	0.00118933749338568	0.00388108504182559
1976	19760	0	0	0.00507042253521127	0.00110918669301805	0.00396123584219322
1977	19770	0	0.125	0.00507042253521127	0.00110079248439765	0.00396963005081362
1978	19780	0	0	0.00507042253521127	0.00358412926140837	0.0014862932738029
1979	19790	0	0	0.00507042253521127	0.00645995828741988	-0.00138953575220861
1980	19800	0	0	0.00507042253521127	0.00593605154076921	-0.000865629005557937
1981	19810	0	0	0.00507042253521127	0.00492195910955582	0.000148463425655446
1982	19820	0	0	0.00507042253521127	0.00392407944858947	0.0011463430866218
1983	19830	0	0.225	0.00507042253521127	0.00328874492908945	0.00178167760612183
1984	19840	0	0	0.00507042253521127	0.00750559984059174	-0.00243517730538047
1985	19850	0	0	0.00507042253521127	0.0132463038878384	-0.00817588135262714
1986	19860	0	0.075	0.00507042253521127	0.012151634609322	-0.00708121207411078
1987	19870	0	0	0.00507042253521127	0.0115283792043992	-0.00645795666918796
1988	19880	0	0	0.00507042253521127	0.0117402002986301	-0.00666977776341886
1989	19890	0	0	0.00507042253521127	0.00937942142422742	-0.00430899888901615
1990	19900	0	0	0.00507042253521127	0.00619354434821799	-0.00112312181300672
1991	19910	0	0	0.00507042253521127	0.00616945762275162	-0.00109903508754035
1992	19920	0	0	0.00507042253521127	0.00522076784837086	-0.000150345313159593
1993	19930	0	0	0.00507042253521127	0.00432443442186414	0.000745988113347127
1994	19940	0	0	0.00507042253521127	0.00467453359223473	0.000395888942976537
1995	19950	0	0	0.00507042253521127	0.00380534825831567	0.0012650742768956
1996	19960	0	0.025	0.00507042253521127	0.00109268645068146	0.00397773608452981
1997	19970	0	0	0.00507042253521127	0.00168324400909243	0.00338717852611884
1998	19980	0	0	0.00507042253521127	0.00204879186983574	0.00302163066537553
1999	19990	0	0	0.00507042253521127	0.00110918669301805	0.00396123584219322
2000	20000	0	0	0.00507042253521127	0.000894160555702475	0.0041762619795088
2001	20010	0	0	0.00507042253521127	0.000703016881120195	0.00436740565409108
2002	20020	0	0	0.00507042253521127	0.000513270820491464	0.00455715171471981
2003	20030	0	0.025	0.00507042253521127	0.000431444461417987	0.00463897807379328
2004	20040	0	0.2	0.00507042253521127	0.00135798989301337	0.0037124326421979
2005	20050	0	0.025	0.00507042253521127	0.0062494387305743	-0.00117901619536303
2006	20060	0	0	0.00507042253521127	0.011550562471142	-0.00648013993593069
2007	20070	0	0		0.0113259987709108	
2008	20080	0				
2009	20090	0				
2010	20100	0				
2011	20110	0				
2012	20120	0				
2013	20130	0				
2014	20140	0				
2015	20150	0				
2016	20160	0				
2017	20170	0				
2018	20180	0				
2019	20190	0				
2020	20200	0				
2021	20210	0				
2022	20220	0				
2023	20230	0				
2024	20240	0				
2025	20250	0				
2026	20260	0				
2027	20270	0				
2028	20280	0				
2029	20290	0				
2030	20300	0				
2031	20310	0				
2032	20320	0				
2033	20330	0				
2034	20340	0				
2035	20350	0				
2036	20360	0				
2037	20370	0				
2038	20380	0				
2039	20390	0				
2040	20400	0				
2041	20410	0				
2042	20420	0				
2043	20430	0				
2044	20440	0				
2045	20450	0				
2046	20460	0				
2047	20470	0				
2048	20480	0				
2049	20490	0				
2050	20500	0				
2051	20510	0				
2052	20520	0				
2053	20530	0				
2054	20540	0				
2055	20550	0				
2056	20560	0				
2057	20570	0				
2058	20580	0				
2059	20590	0				
2060	20600	0				
2061	20610	0				
2062	20620	0				
2063	20630	0				
2064	20640	0				
2065	20650	0				
2066	20660	0				
2067	20670	0				
2068	20680	0				
2069	20690	0				
2070	20700	0				
2071	20710	0				
2072	20720	0				
2073	20730	0				
2074	20740	0				
2075	20750	0				
2076	20760	0				
2077	20770	0				
2078	20780	0				
2079	20790	0				
2080	20800	0				
2081	20810	0				
2082	20820	0				
2083	20830	0				
2084	20840	0				
2085	20850	0				
2086	20860	0				
2087	20870	0				
2088	20880	0				
2089	20890	0				
2090	20900	0				
2091	20910	0				
2092	20920	0				
2093	20930	0				
2094	20940	0				
2095	20950	0				
2096	20960	0				
2097	20970	0				
2098	20980	0				
2099	20990	0				
2100	21000	0				
2101	21010	0				
2102	21020	0				
2103	21030	0				
2104	21040	0				
2105	21050	0				
2106	21060	0				
2107	21070	0				
2108	21080	0				
2109	21090	0				
2110	21100	0				
2111	21110	0				
2112	21120	0				
2113	21130	0				
2114	21140	0				
2115	21150	0				
2116	21160	0				
2117	21170	0				
2118	21180	0				
2119	21190	0				
2120	21200	0				
2121	21210	0				
2122	21220	0				
2123	21230	0				
2124	21240	0				
2125	21250	0				
2126	21260	0				
2127	21270	0				
2128	21280	0				
2129	21290	0				
2130	21300	0				
2131	21310	0				
2132	21320	0				
2133	21330	0				
2134	21340	0				
2135	21350	0				
2136	21360	0				
2137	21370	0				
2138	21380	0				
2139	21390	0				
2140	21400	0				
2141	21410	0				
2142	21420	0				
2143	21430	0				
2144	21440	0				
2145	21450	0				
2146	21460	0				
2147	21470	0				
2148	21480	0				
2149	21490	0				
2150	21500	0				
2151	21510	0				
2152	21520	0				
2153	21530	0				
2154	21540	0				
2155	21550	0				
2156	21560	0				
2157	21570	0				
2158	21580	0				
2159	21590	0				
2160	21600	0				
2161	21610	0				
2162	21620	0				
2163	21630	0				
2164	21640	0				
2165	21650	0				
2166	21660	0				
2167	21670	0				
2168	21680	0				
2169	21690	0				
2170	21700	0				
2171	21710	0				
2172	21720	0				
2173	21730	0				
2174	21740	0				
2175	21750	0				
2176	21760	0				
2177	21770	0				
2178	21780	0				
2179	21790	0				
2180	21800	0				
2181	21810	0				
2182	21820	0				
2183	21830	0				
2184	21840	0				
2185	21850	0				
2186	21860	0				
2187	21870	0				
2188	21880	0				
2189	21890	0				
2190	21900	0				
2191	21910	0				
2192	21920	0				
2193	21930	0				
2194	21940	0				
2195	21950	0				
2196	21960	0				
2197	21970	0				
2198	21980	0				
2199	21990	0				
2200	22000	0				
2201	22010	0				
2202	22020	0				
2203	22030	0				
2204	22040	0				
2205	22050	0				
2206	22060	0				
2207	22070	0				
2208	22080	0				
2209	22090	0				
2210	22100	0				
2211	22110	0				
2212	22120	0				
2213	22130	0				
2214	22140	0				
2215	22150	0				
2216	22160	0				
2217	22170	0				
2218	22180	0				
2219	22190	0				
2220	22200	0				
2221	22210	0				
2222	22220	0				
2223	22230	0				
2224	22240	0				
2225	22250	0				
2226	22260	0				
2227	22270	0				
2228	22280	0				
2229	22290	0				
2230	22300	0				
2231	22310	0				
2232	22320	0				
2233	22330	0				
2234	22340	0				
2235	22350	0				
2236	22360	0				
2237	22370	0				
2238	22380	0				
2239	22390	0				
2240	22400	0				
2241	22410	0				
2242	22420	0				
2243	22430	0				
2244	22440	0				
2245	22450	0				
2246	22460	0				
2247	22470	0				
2248	22480	0				
2249	22490	0				
2250	22500	0				
2251	22510	0				
2252	22520	0				
2253	22530	0				
2254	22540	0				
2255	22550	0				
2256	22560	0				
2257	22570	0				
2258	22580	0				
2259	22590	0				
2260	22600	0				
2261	22610	0				
2262	22620	0				
2263	22630	0				
2264	22640	0				
2265	22650	0				
2266	22660	0				
2267	22670	0				
2268	22680	0				
2269	22690	0				
2270	22700	0				
2271	22710	0				
2272	22720	0				
2273	22730	0				
2274	22740	0				
2275	22750	0				
2276	22760	0				
2277	22770	0				
2278	22780	0				
2279	22790	0				
2280	22800	0				
2281	22810	0				
2282	22820	0				
2283	22830	0				
2284	22840	0				
2285	22850	0				
2286	22860	0				
2287	22870	0				
2288	22880	0				
2289	22890	0				
2290	22900	0				
2291	22910	0				
2292	22920	0				
2293	22930	0				
2294	22940	0				
2295	22950	0				
2296	22960	0				
2297	22970	0				
2298	22980	0				
2299	22990	0				
2300	23000	0				
2301	23010	0				
2302	23020	0				
2303	23030	0				
2304	23040	0				
2305	23050	0				
2306	23060	0				
2307	23070	0				
2308	23080	0				
2309	23090	0				
2310	23100	0				
2311	23110	0				
2312	23120	0				
2313	23130	0				
2314	23140	0				
2315	23150	0				
2316	23160	0				
2317	23170	0				
2318	23180	0				
2319	23190	0				
2320	23200	0				
2321	23210	0				
2322	23220	0				
2323	23230	0				
2324	23240	0				
2325	23250	0				
2326	23260	0				
2327	23270	0				
2328	23280	0				
2329	23290	0				
2330	23300	0				
2331	23310	0				
2332	23320	0				
2333	23330	0				
2334	23340	0				
2335	23350	0				
2336	23360	0				
2337	23370	0				
2338	23380	0				
2339	23390	0				
2340	23400	0				
2341	23410	0				
2342	23420	0				
2343	23430	0				
2344	23440	0				
2345	23450	0				
2346	23460	0				
2347	23470	0				
2348	23480	0				
2349	23490	0				
2350	23500	0				
2351	23510	0				
2352	23520	0				
2353	23530	0				
2354	23540	0				
2355	23550	0				
2356	23560	0				
2357	23570	0				
2358	23580	0				
2359	23590	0				
2360	23600	0				
2361	23610	0				
2362	23620	0				
2363	23630	0				
2364	23640	0				
2365	23650	0				
2366	23660	0				
2367	23670	0				
2368	23680	0				
2369	23690	0				
2370	23700	0				
2371	23710	0				
2372	23720	0				
2373	23730	0				
2374	23740	0				
2375	23750	0				
2376	23760	0				
2377	23770	0				
2378	23780	0				
2379	23790	0				
2380	23800	0				
2381	23810	0				
2382	23820	0				
2383	23830	0				
2384	23840	0				
2385	23850	0				
2386	23860	0				
2387	23870	0				
2388	23880	0				
2389	23890	0				
2390	23900	0				
2391	23910	0				
2392	23920	0				
2393	23930	0				
2394	23940	0				
2395	23950	0				
2396	23960	0				
2397	23970	0				
2398	23980	0				
2399	23990	0				
2400	24000	0				
2401	24010	0				
2402	24020	0				
2403	24030	0				
2404	24040	0				
2405	24050	0				
2406	24060	0				
2407	24070	0				
2408	24080	0				
2409	24090	0				
2410	24100	0				
2411	24110	0				
2412	24120	0				
2413	24130	0				
2414	24140	0				
2415	24150	0				
2416	24160	0				
2417	24170	0				
2418	24180	0				
2419	24190	0				
2420	24200	0				
2421	24210	0				
2422	24220	0				
2423	24230	0				
2424	24240	0				
2425	24250	0				
2426	24260	0				
2427	24270	0				
2428	24280	0				
2429	24290	0				
2430	24300	0				
2431	24310	0				
2432	24320	0				
2433	24330	0				
2434	24340	0				
2435	24350	0				
2436	24360	0				
2437	24370	0				
2438	24380	0				
2439	24390	0				
2440	24400	0				
2441	24410	0				
2442	24420	0				
2443	24430	0				
2444	24440	0				
2445	24450	0				
2446	24460	0				
2447	24470	0				
2448	24480	0				
2449	24490	0				
2450	24500	0				
2451	24510	0				
2452	24520	0				
2453	24530	0				
2454	24540	0				
2455	24550	0				
2456	24560	0				
2457	24570	0				
2458	24580	0				
2459	24590	0				
2460	24600	0				
2461	24610	0				
2462	24620	0				
2463	24630	0				
2464	24640	0				
2465	24650	0				
2466	24660	0				
2467	24670	0				
2468	24680	0				
2469	24690	0				
2470	24700	0				
2471	24710	0				
2472	24720	0				
2473	24730	0				
2474	24740	0				
2475	24750	0				
2476	24760	0				
2477	24770	0				
2478	24780	0				
2479	24790	0				
2480	24800	0				
2481	24810	0				
2482	24820	0				
2483	24830	0				
2484	24840	0				
2485	24850	0				
2486	24860	0				
2487	24870	0				
2488	24880	0				
2489	24890	0				
2490	24900	0				
2491	24910	0				
2492	24920	0				
2493	24930	0				
2494	24940	0				
2495	24950	0				
2496	24960	0				
2497	24970	0				
2498	24980	0				
2499	24990	0				
2500	25000	0				
2501	25010	0				
2502	25020	0				
2503	25030	0				
2504	25040	0				
2505	25050	0				
2506	25060	0				
2507	25070	0				
2508	25080	0				
2509	25090	0				
2510	25100	0				
2511	25110	0				
2512	25120	0				
2513	25130	0				
2514	25140	0				
2515	25150	0				
2516	25160	0				
2517	25170	0				
2518	25180	0				
2519	25190	0				
2520	25200	0				
2521	25210	0				
2522	25220	0				
2523	25230	0				
2524	25240	0				
2525	25250	0				
2526	25260	0				
2527	25270	0				
2528	25280	0				
2529	25290	0				
2530	25300	0				
2531	25310	0				
2532	25320	0				
2533	25330	0				
2534	25340	0				
2535	25350	0				
2536	25360	0				
2537	25370	0				
2538	25380	0				
2539	25390	0				
2540	25400	0				
2541	25410	0				
2542	25420	0				
2543	25430	0				
2544	25440	0				
2545	25450	0				
2546	25460	0				
2547	25470	0				
2548	25480	0				
2549	25490	0				
2550	25500	0				
2551	25510	0				
2552	25520	0				
2553	25530	0				
2554	25540	0				
2555	25550	0				
2556	25560	0				
2557	25570	0				
2558	25580	0				
2559	25590	0				
2560	25600	0				
2561	25610	0				
2562	25620	0				
2563	25630	0				
2564	25640	0				
2565	25650	0				
2566	25660	0				
2567	25670	0				
2568	25680	0				
2569	25690	0				
2570	25700	0				
2571	25710	0				
2572	25720	0				
2573	25730	0				
2574	25740	0				
2575	25750	0				
2576	25760	0				
2577	25770	0				
2578	25780	0				
2579	25790	0				
2580	25800	0				
2581	25810	0				
2582	25820	0				
2583	25830	0				
2584	25840	0				
2585	25850	0				
2586	25860	0				
2587	25870	0				
2588	25880	0				
2589	25890	0				
2590	25900	0				
2591	25910	0				
2592	25920	0				
2593	25930	0				
2594	25940	0				
2595	25950	0				
2596	25960	0				
2597	25970	0				
2598	25980	0				
2599	25990	0				
2600	26000	0				
2601	26010	0		0.0447338028169014		
2602	26020	0	0	0.0422366197183099		
2603	26030	0	0	0.0441316901408451		
2604	26040	0	0	0.0473197183098591		
2605	26050	0	0	0.0633866197183099		
2606	26060	0	0	0.0662957746478873		
2607	26070	0	0	0.0682859154929578		
2608	26080	0	0	0.112126056338028		
2609	26090	0	0	0.117633802816901		
2610	26100	0	0	0.147821830985916		
2611	26110	0	0	0.16180985915493		
2612	26120	0	0	0.114864084507042		
2613	26130	0	0	0.0714422535211268		
2614	26140	0	0	0.04815	0	0.04815
2615	26150	0	0	0.0546021126760564	0	0.0546021126760564
2616	26160	0	0	0.0509070422535211	0	0.0509070422535211
2617	26170	0	0	0.0540253521126761	0	0.0540253521126761
2618	26180	0	0	0.0605725352112676	0	0.0605725352112676
2619	26190	0	0	0.0601985915492958	0	0.0601985915492958
2620	26200	0	0	0.0834464788732394	0	0.0834464788732394
2621	26210	0	0	0.0774253521126761	0	0.0774253521126761
2622	26220	0	0	0.0856014084507042	0	0.0856014084507042
2623	26230	0	0	0.090874647887324	0	0.090874647887324
2624	26240	0	0.775	0.0763352112676057	0.00659439254923248	0.0697408187183732
2625	26250	0	0	0.0906718309859155	0.0458551493514523	0.0448166816344633
2626	26260	0	0	0.109755633802817	0.0598785841165366	0.0498770496862802
2627	26270	0	0	0.11732323943662	0.0499024151157113	0.0674208243209084
2628	26280	0	0	0.11410985915493	0.0438049420911949	0.0703049170637348
2629	26290	0	0	0.103189436619719	0.0360760768710731	0.0671133597486454
2630	26300	0	0.1	0.089524647887324	0.0304965742522325	0.0590280736350914
2631	26310	0	0	0.0789718309859155	0.0348204456822705	0.044151385303645
2632	26320	0	0	0.0718542253521127	0.0336230026996576	0.0382312226524551
2633	26330	0	0	0.0643943661971831	0.0274280136901597	0.0369663525070234
2634	26340	0	0	0.0487204225352113	0.0261507470224178	0.0225696755127934
2635	26350	0	0	0.0383260563380282	0.0265430320046207	0.0117830243334074
2636	26360	0	0	0.0380091549295775	0.0239954800063135	0.0140136749232639
2637	26370	0	0	0.0358352112676056	0.00378555480329628	0.0320496564643093
2638	26380	0	0	0.0334647887323944	0.00335024638310391	0.0301145423492905
2639	26390	0	0	0.029237323943662	0.00354871547578216	0.0256886084678798
2640	26400	0	0	0.0221133802816901	0.00239231710273131	0.0197210631789588
2641	26410	0	0	0.0186971830985916	0.00210008237417594	0.0165971007244156
2642	26420	0	0	0.0153316901408451	0.00284912131842688	0.0124825688224182
2643	26430	0	0	0.0114845070422535	0	0.0114845070422535
2644	26440	0	0	0.0125112676056338	0	0.0125112676056338
2645	26450	0	0	0.00835352112676057	0	0.00835352112676057
2646	26460	0	0	0.0124478873239437	0	0.0124478873239437
2647	26470	0	0	0.014419014084507	0	0.014419014084507
2648	26480	0	0	0.0136077464788732	0	0.0136077464788732
2649	26490	0	0	0.0137978873239437	0	0.0137978873239437
2650	26500	0	0	0.0144316901408451	0	0.0144316901408451
2651	26510	0	0	0.0200028169014085	0	0.0200028169014085
2652	26520	0	0	0.0241985915492958	0	0.0241985915492958
2653	26530	0	0	0.031962676056338	0	0.031962676056338
2654	26540	0	0	0.0411591549295775	0	0.0411591549295775
2655	26550	0	0	0.0416154929577465	0	0.0416154929577465
2656	26560	0	0	0.0522570422535211	0	0.0522570422535211
2657	26570	0	0	0.0542661971830986	0	0.0542661971830986
2658	26580	0	0	0.0561612676056338	0	0.0561612676056338
2659	26590	0	0	0.0568077464788733	0	0.0568077464788733
2660	26600	0	0	0.0518894366197183	0	0.0518894366197183
2661	26610	0	0	0.0598880281690141	0	0.0598880281690141
2662	26620	0	0	0.0479535211267606	0	0.0479535211267606
2663	26630	0	0	0.0479408450704226	0	0.0479408450704226
2664	26640	0	0	0.0411591549295775	0	0.0411591549295775
2665	26650	0	0	0.0320007042253521	0	0.0320007042253521
2666	26660	0	0	0.0402654929577465	0	0.0402654929577465
2667	26670	0	0.075	0.0356070422535211	0.000638167020893466	0.0349688752326277
2668	26680	0	0.4	0.0383514084507042	0.00784115254329279	0.0305102559074115
2669	26690	0	0	0.0410387323943662	0.0294618755475112	0.011576856846855
2670	26700	0	0.65	0.0431683098591549	0.0412651224997343	0.00190318735942061
2671	26710	0	0.25	0.1557	0.0705816540888726	0.0851183459111275
2672	26720	0	0.05	0.221051408450704	0.0923941959225514	0.128657212528153
2673	26730	0	0	0.166880281690141	0.0889823827018086	0.0778978989883323
2674	26740	0	0.025	0.11500985915493	0.0768901204871578	0.0381197386677717
2675	26750	0	0	0.0819443661971831	0.0651720076869619	0.0167723585102212
2676	26760	0	0.025	0.0700415492957747	0.0532158126746457	0.016825736621129
2677	26770	0	0	0.0606169014084507	0.0441028289441808	0.0165140724642699
2678	26780	0	0	0.0543929577464789	0.0409936672620404	0.0133992904844385
2679	26790	0	0.025	0.0440239436619718	0.0377631043528752	0.00626083930909666
2680	26800	0	0.2	0.0494366197183098	0.0381779490822403	0.0112586706360695
2681	26810	0	0	0.0548176056338028	0.0405253818885316	0.0142922237452712
2682	26820	0	0.4	0.0621380281690141	0.0459089714022078	0.0162290567668063
2683	26830	0	0	0.0638619718309859	0.0463566796148929	0.017505292216093
2684	26840	0	0.025	0.0614852112676057	0.045944675046801	0.0155405362208046
2685	26850	0	0.025	0.0567887323943662	0.0384362576637226	0.0183524747306436
2686	26860	0	0.05	0.0492274647887324	0.0352064795540128	0.0140209852347196
2687	26870	0	0.1	0.0489739436619718	0.032918895320741	0.0160550483412308
2688	26880	0	0	0.0449049295774648	0.0335583720335219	0.0113465575439429
2689	26890	0	0.15	0.0394732394366197	0.0309741748117633	0.00849906462485648
2690	26900	0	0.025	0.0429908450704226	0.0361956294176248	0.00679521565279779
2691	26910	0	0	0.0639443661971831	0.0372142500996431	0.0267301160975401
2692	26920	0	0.4	0.0791112676056338	0.0373209824936532	0.0417902851119806
2693	26930	0	0	0.110110563380281	0.0505965312956707	0.0595140320846108
2694	26940	0	0	0.111707746478873	0.054535504583418	0.0571722418954553
2695	26950	0	0	0.0975359154929577	0.037251314432344	0.0602846010606137
2696	26960	0	0	0.0799859154929578	0.0323710118754465	0.0476149036175113
2697	26970	0	0	0.0698704225352113	0.0275415502419698	0.0423288722932415
2698	26980	0	0.55	0.0674239436619718	0.0268841936511084	0.0405397500108635
2699	26990	0	0.3	0.130316197183099	0.0529749261056753	0.0773412710774233
2700	27000	0	0.025	0.174302112676056	0.0758221713543834	0.098479941321673
2701	27010	0	0	0.162101408450704	0.0748642060719487	0.0872372023787555
2702	27020	0	0	0.122342957746479	0.0639450540261198	0.0583979037203592
2703	27030	0	0	0.10208661971831	0.0558857865759304	0.0462008331423794
2704	27040	0	0.025	0.0838711267605634	0.0463434713933742	0.0375276553671891
2705	27050	0	0	0.0741549295774648	0.0310388446826878	0.043116084894777
2706	27060	0	0	0.0664669014084507	0.0272390000571276	0.0392279013513231
2707	27070	0	0	0.0605852112676057	0.0232387915166757	0.0373464197509299
2708	27080	0	0.45	0.054012676056338	0.026147679097132	0.027864996959206
2709	27090	0	0.725	0.0596725352112676	0.0569389125599108	0.00273362265135681
2710	27100	0.554284618548773	0	0.0724943661971831	0.101140398502548	-0.0286460323053652
2711	27110	0.571895151491267	0.675	0.0796119718309859	0.0996978947039203	-0.0200859228729344
2712	27120	0	0.45	0.1215	0.117435232066432	0.00406476793356789
2713	27130	0.947892423922603	0	0.175880281690141	0.1415912809269	0.0342890007632404
2714	27140	0.996100814316597	0	0.167216197183099	0.128798081071059	0.0384181161120399
2715	27150	0.945330860159608	0	0.129454225352113	0.106466935874719	0.0229872894773934
2716	27160	0.870408609306053	0	0.098968309859155	0.0896445087013407	0.00932380115781432
2717	27170	0.888110868109445	0	0.0809239436619718	0.0737290372865416	0.00719490637543019
2718	27180	0.926235489806006	0.05	0.0671957746478873	0.0619966100421839	0.0051991646057034
2719	27190	0.812650319026182	0.375	0.065243661971831	0.06553257782177	-0.000288915849938967
2720	27200	0.795306919884416	0.025	0.0739647887323944	0.0829728316520953	-0.00900804291970093
2721	27210	0.878344944589058	0	0.0744781690140845	0.0775411815103125	-0.00306301249622797
2722	27220	0.879324785839336	0	0.0667647887323944	0.0575776824783293	0.00918710625406507
2723	27230	0.908113241136864	0	0.0577077464788732	0.0539627589129135	0.00374498756595978
2724	27240	0	0	0.050393661971831	0.0319093350019704	0.0184843269698606
2725	27250	0.964691124672069	0	0.0446450704225352	0.016089331714179	0.0285557387083562
2726	27260	0.967220136579346	0	0.0397964788732394	0.0127630110980016	0.0270334677752379
2727	27270	0.987721462246729	0	0.0354485915492958	0.0114850097050232	0.0239635818442726
2728	27280	0.991263599758037	0	0.030587323943662	0.00991373007064843	0.0206735938730135
2729	27290	0.996856767714303	0	0.0267401408450704	0.0107975426183444	0.0159425982267261
2730	27300	0.998077681915215	0.675	0.0271330985915493	0.012936987755191	0.0141961108363583
2731	27310	0.865603967806724	0.025	0.0536070422535211	0.0256294050735519	0.0279776371799693
2732	27320	0.909178972037354	0.15	0.0633485915492958	0.0345889968967969	0.0287595946524989
2733	27330	0.850037561852753	0	0.0783190140845071	0.0400125684019283	0.0383064456825787
2734	27340	0.784919503200978	0.15	0.0755556338028169	0.038117259116166	0.0374383746866509
2735	27350	0.785636139777045	0	0.0803915492957746	0.0384093385008826	0.041982210794892
2736	27360	0.733987987959527	0.1	0.0800683098591549	0.0354799976615936	0.0445883121975614
2737	27370	0		0.0795676056338028		
2738	27380	0		0.0814056338028169		
2739	27390	0		0.0734197183098592		
2740	27400	0		0.0631964788732394		
2741	27410	0		0.0544119718309859		
2742	27420	0		0.0473767605633803		
2743	27430	0		0.0424077464788733		
2744	27440	0		0.0371725352112676		
2745	27450	0		0.0317471830985916		
2746	27460	0		0.028324647887324		
2747	27470	0		0.0264549295774648		
2748	27480	0		0.0294845070422535		
2749	27490	0		0.0306823943661972		
2750	27500	0		0.0283880281690141		
2751	27510	0		0.0255929577464789		
2752	27520	0		0.0219929577464789		
2753	27530	0	0.6	0.0215049295774648		
2754	27540	0	0.375	0.0272471830985916		
2755	27550	0	0.55	0.046337323943662		
2756	27560	0	0.025	0.0659852112676056		
2757	27570	0	0.1	0.0655732394366197		
2758	27580	0	0.75	0.0702950704225352		
2759	27590	0	0.1	0.100996478873239		
2760	27600	0	0.3	0.119414788732395		
2761	27610	0	0.05	0.141122535211268		
2762	27620	0	0.4	0.149552112676056		
2763	27630	0	0.575	0.194292253521127		
2764	27640	0	0	0.291238732394366		
2765	27650	0	0	0.267198591549296	0.190575029899091	0.0766235616502045
2766	27660	0	0	0.197664084507042	0.146804369038685	0.0508597154683568
2767	27670	0	0	0.137769718309859	0.109722473457593	0.0280472448522664
2768	27680	0.96085498951543	0	0.10472323943662	0.0878642857756336	0.0168589536609862
2769	27690	0.634007695300658	0.125	0.0836239436619718	0.0821869542997998	0.00143698936217207
2770	27700	0.524527698687352	0	0.0717274647887324	0.081734329417138	-0.0100068646284056
2771	27710	0.665039501287442	0	0.0590133802816902	0.0604135428775029	-0.00140016259581275
2772	27720	0.608436241607603	0.425	0.0532267605633803	0.0566092779521936	-0.00338251738881331
2773	27730	0.582683929782865	0	0.053087323943662	0.0583494015189454	-0.00526207757528343
2774	27740	0.513106373417336	0	0.0513760563380282	0.0637127917006634	-0.0123367353626352
2775	27750	0.606709667954796	0	0.0465908450704225	0.0495499259065389	-0.00295908083611632
2776	27760	0.940504746166274	0	0.0394605633802817	0.0287540085218724	0.0107065548584093
2777	27770	0.958322223377154	0.05	0.0357845070422535	0.0243969077178059	0.0113875993244476
2778	27780	0.947164180856731	0.075	0.0330147887323944	0.0233511673649126	0.0096636213674818
2779	27790	0.934288723324341	0	0.0303845070422535	0.0232682984753823	0.00711620856687124
2780	27800	0.877171067311867	0	0.0268795774647887	0.0226367609637688	0.00424281650101993
2781	27810	0.904466255582787	0.075	0.0236091549295775	0.0204939258929999	0.00311522903657761
2782	27820	0.927704135742025	0.075	0.0233429577464789	0.0185386525387159	0.00480430520776296
2783	27830	0.87480818032947	0	0.0212767605633803	0.0218976807540846	-0.0006209201907043
2784	27840	0	0	0.0194894366197183	0.0216215302949868	-0.00213209367526849
2785	27850	0	0.05	0.0184119718309859	0.00950013033689717	0.00891184149408874
2786	27860	0	0	0.0175753521126761	0.00896154459137047	0.00861380752130559
2787	27870	0	0	0.0165739436619718	0.0088333098442569	0.00774063381771493
2788	27880	0	0.025	0.0145330985915493	0.00808593237533063	0.00644716621621867
2789	27890	0	0.325	0.0153697183098592	0.00866971885083368	0.00669999945902548
2790	27900	0	0.15	0.0173218309859155	0.0147876600535221	0.00253417093239336
2791	27910	0	0	0.0228802816901409	0.0233327957982686	-0.000452514108127737
2792	27920	0	0	0.0253964788732394	0.0253882302745864	8.24859865307045e-06
2793	27930	0	0.15	0.0257957746478873	0.0220989711493666	0.0036968034985207
2794	27940	0	0	0.0279950704225352	0.0201522329280417	0.00784283749449352
2795	27950	0		0.0334711267605634		
2796	27960	0		0.040962676056338		
2797	27970	0		0.0495633802816902		
2798	27980	0		0.0496774647887324		
2799	27990	0		0.047687323943662		
2800	28000	0		0.0559014084507042		
2801	28010	0		0.133212676056338		
2802	28020	0		0.20976338028169		
2803	28030	0		0.202702816901408		
2804	28040	0		0.156796478873239		
2805	28050	0		0.114198591549296		
2806	28060	0		0.0930295774647887		
2807	28070	0		0.0766014084507042		
2808	28080	0		0.0664605633802817		
2809	28090	0		0.0595964788732394		
2810	28100	0		0.0663401408450704		
2811	28110	0		0.0723866197183098		
2812	28120	0		0.0728429577464789		
2813	28130	0		0.0717718309859155		
2814	28140	0		0.0663591549295775		
2815	28150	0		0.0614345070422535		
2816	28160	0		0.0557683098591549		
2817	28170	0		0.0796880281690141		
2818	28180	0		0.100267605633803		
2819	28190	0		0.106643661971831		
2820	28200	0		0.151529577464789		
2821	28210	0		0.200528873239437		
2822	28220	0		0.183910563380282		
2823	28230	0		0.158425352112676		
2824	28240	0		0.147619014084507		
2825	28250	0		0.129016901408451		
2826	28260	0		0.11127676056338		
2827	28270	0		0.104507746478873		
2828	28280	0		0.0958880281690141		
2829	28290	0		0.0978464788732394		
2830	28300	0		0.0927380281690141		
2831	28310	0		0.0899176056338028		
2832	28320	0		0.102092957746479		
2833	28330	0		0.102802816901408		
2834	28340	0		0.107074647887324		
2835	28350	0		0.102099295774648		
2836	28360	0	0	0.090906338028169		
2837	28370	0	0.025	0.0826415492957747		
2838	28380	0	0	0.0790098591549296		
2839	28390	0	0	0.0852401408450704		
2840	28400	0	0	0.0900950704225352		
2841	28410	0	0	0.0874267605633803		
2842	28420	0	0	0.0819760563380282		
2843	28430	0	0	0.0747507042253521		
2844	28440	0	0	0.069756338028169		
2845	28450	0	0	0.0630633802816902		
2846	28460	0	0	0.0586584507042254		
2847	28470	0	0	0.0531697183098592		
2848	28480	0	0	0.0478014084507042	0.000665150971172866	0.0471362574795313
2849	28490	0	0	0.0446577464788732	0.00062432805753892	0.0440334184213343
2850	28500	0	0	0.0394732394366197	0	0.0394732394366197
2851	28510	0	0	0.0367605633802817	0	0.0367605633802817
2852	28520	0	0	0.0340161971830986	0	0.0340161971830986
2853	28530	0	0	0.0321211267605634	0	0.0321211267605634
2854	28540	0	0	0.031480985915493	0	0.031480985915493
2855	28550	0	0	0.0304098591549296	0	0.0304098591549296
2856	28560	0	0	0.03015	0	0.03015
2857	28570	0	0	0.0281788732394366	0	0.0281788732394366
2858	28580	0	0	0.0276211267605634	0	0.0276211267605634
2859	28590	0	0	0.0260619718309859	0	0.0260619718309859
2860	28600	0	0		0	
2861	28610	0				
2862	28620	0				
2863	28630	0				
2864	28640	0				
2865	28650	0				
2866	28660	0				
2867	28670	0				
2868	28680	0				
2869	28690	0				
2870	28700	0				
2871	28710	0				
2872	28720	0				
2873	28730	0				
2874	28740	0				
2875	28750	0				
2876	28760	0				
2877	28770	0				
2878	28780	0				
2879	28790	0				
2880	28800	0				
2881	28810	0				
2882	28820	0				
2883	28830	0				
2884	28840	0				
2885	28850	0				
2886	28860	0				
2887	28870	0				
2888	28880	0				
2889	28890	0				
2890	28900	0				
2891	28910	0				
2892	28920	0				
2893	28930	0				
2894	28940	0				
2895	28950	0				
2896	28960	0				
2897	28970	0				
2898	28980	0				
2899	28990	0				
2900	29000	0				
2901	29010	0				
2902	29020	0				
2903	29030	0				
2904	29040	0				
2905	29050	0				
2906	29060	0				
2907	29070	0				
2908	29080	0				
2909	29090	0				
2910	29100	0				
2911	29110	0				
2912	29120	0				
2913	29130	0				
2914	29140	0				
2915	29150	0				
2916	29160	0				
2917	29170	0				
2918	29180	0				
2919	29190	0				
2920	29200	0				
2921	29210	0				
2922	29220	0				
2923	29230	0				
2924	29240	0				
2925	29250	0				
2926	29260	0				
2927	29270	0				
2928	29280	0				
2929	29290	0				
2930	29300	0				
2931	29310	0				
2932	29320	0				
2933	29330	0				
2934	29340	0				
2935	29350	0				
2936	29360	0				
2937	29370	0				
2938	29380	0				
2939	29390	0				
2940	29400	0				
2941	29410	0				
2942	29420	0				
2943	29430	0				
2944	29440	0				
2945	29450	0				
2946	29460	0				
2947	29470	0				
2948	29480	0				
2949	29490	0				
2950	29500	0				
2951	29510	0				
2952	29520	0				
2953	29530	0				
2954	29540	0				
2955	29550	0				
2956	29560	0				
2957	29570	0				
2958	29580	0				
2959	29590	0				
2960	29600	0				
2961	29610	0				
2962	29620	0				
2963	29630	0				
2964	29640	0				
2965	29650	0				
2966	29660	0				
2967	29670	0				
2968	29680	0				
2969	29690	0				
2970	29700	0				
2971	29710	0				
2972	29720	0				
2973	29730	0				
2974	29740	0				
2975	29750	0				
2976	29760	0				
2977	29770	0				
2978	29780	0				
2979	29790	0				
2980	29800	0				
2981	29810	0				
2982	29820	0				
2983	29830	0				
2984	29840	0				
2985	29850	0				
2986	29860	0				
2987	29870	0				
2988	29880	0				
2989	29890	0				
2990	29900	0				
2991	29910	0				
2992	29920	0				
2993	29930	0				
2994	29940	0				
2995	29950	0				
2996	29960	0				
2997	29970	0				
2998	29980	0				
2999	29990	0				
3000	30000	0				
3001	30010	0				
3002	30020	0				
3003	30030	0				
3004	30040	0				
3005	30050	0				
3006	30060	0				
3007	30070	0				
3008	30080	0				
3009	30090	0				
3010	30100	0				
3011	30110	0				
3012	30120	0				
3013	30130	0				
3014	30140	0				
3015	30150	0				
3016	30160	0				
3017	30170	0				
3018	30180	0				
3019	30190	0				
3020	30200	0				
3021	30210	0				
3022	30220	0				
3023	30230	0				
3024	30240	0				
3025	30250	0				
3026	30260	0				
3027	30270	0				
3028	30280	0				
3029	30290	0				
3030	30300	0				
3031	30310	0				
3032	30320	0				
3033	30330	0				
3034	30340	0				
3035	30350	0				
3036	30360	0				
3037	30370	0				
3038	30380	0				
3039	30390	0				
3040	30400	0				
3041	30410	0				
3042	30420	0				
3043	30430	0				
3044	30440	0				
3045	30450	0				
3046	30460	0				
3047	30470	0				
3048	30480	0				
3049	30490	0				
3050	30500	0				
3051	30510	0				
3052	30520	0				
3053	30530	0				
3054	30540	0				
3055	30550	0				
3056	30560	0				
3057	30570	0				
3058	30580	0				
3059	30590	0				
3060	30600	0				
3061	30610	0				
3062	30620	0				
3063	30630	0				
3064	30640	0				
3065	30650	0				
3066	30660	0				
3067	30670	0				
3068	30680	0				
3069	30690	0				
3070	30700	0				
3071	30710	0				
3072	30720	0				
3073	30730	0				
3074	30740	0				
3075	30750	0				
3076	30760	0				
3077	30770	0				
3078	30780	0				
3079	30790	0				
3080	30800	0				
3081	30810	0				
3082	30820	0				
3083	30830	0				
3084	30840	0				
3085	30850	0				
3086	30860	0				
3087	30870	0				
3088	30880	0				
3089	30890	0				
3090	30900	0				
3091	30910	0				
3092	30920	0				
3093	30930	0				
3094	30940	0				
3095	30950	0				
3096	30960	0				
3097	30970	0				
3098	30980	0				
3099	30990	0				
3100	31000	0				
3101	31010	0				
3102	31020	0				
3103	31030	0				
3104	31040	0				
3105	31050	0				
3106	31060	0				
3107	31070	0				
3108	31080	0				
3109	31090	0				
3110	31100	0				
3111	31110	0				
3112	31120	0				
3113	31130	0				
3114	31140	0				
3115	31150	0				
3116	31160	0				
3117	31170	0				
3118	31180	0				
3119	31190	0				
3120	31200	0				
3121	31210	0				
3122	31220	0				
3123	31230	0				
3124	31240	0				
3125	31250	0				
3126	31260	0				
3127	31270	0				
3128	31280	0				
3129	31290	0				
3130	31300	0				
3131	31310	0				
3132	31320	0				
3133	31330	0				
3134	31340	0				
3135	31350	0				
3136	31360	0				
3137	31370	0				
3138	31380	0				
3139	31390	0				
3140	31400	0				
3141	31410	0				
3142	31420	0				
3143	31430	0				
3144	31440	0				
3145	31450	0				
3146	31460	0				
3147	31470	0				
3148	31480	0				
3149	31490	0				
3150	31500	0				
3151	31510	0				
3152	31520	0				
3153	31530	0				
3154	31540	0				
3155	31550	0				
3156	31560	0				
3157	31570	0				
3158	31580	0				
3159	31590	0				
3160	31600	0				
3161	31610	0				
3162	31620	0				
3163	31630	0				
3164	31640	0				
3165	31650	0				
3166	31660	0				
3167	31670	0				
3168	31680	0				
3169	31690	0				
3170	31700	0				
3171	31710	0				
3172	31720	0				
3173	31730	0				
3174	31740	0				
3175	31750	0				
3176	31760	0				
3177	31770	0				
3178	31780	0				
3179	31790	0				
3180	31800	0				
3181	31810	0				
3182	31820	0				
3183	31830	0				
3184	31840	0				
3185	31850	0				
3186	31860	0				
3187	31870	0				
3188	31880	0				
3189	31890	0				
3190	31900	0				
3191	31910	0				
3192	31920	0				
3193	31930	0				
3194	31940	0				
3195	31950	0				
3196	31960	0				
3197	31970	0				
3198	31980	0				
3199	31990	0				
3200	32000	0				
3201	32010	0				
3202	32020	0				
3203	32030	0				
3204	32040	0				
3205	32050	0				
3206	32060	0				
3207	32070	0				
3208	32080	0				
3209	32090	0				
3210	32100	0				
3211	32110	0				
3212	32120	0				
3213	32130	0				
3214	32140	0				
3215	32150	0				
3216	32160	0				
3217	32170	0				
3218	32180	0				
3219	32190	0				
3220	32200	0				
3221	32210	0				
3222	32220	0				
3223	32230	0				
3224	32240	0				
3225	32250	0				
3226	32260	0				
3227	32270	0				
3228	32280	0				
3229	32290	0				
3230	32300	0				
3231	32310	0				
3232	32320	0				
3233	32330	0				
3234	32340	0				
3235	32350	0				
3236	32360	0				
3237	32370	0				
3238	32380	0				
3239	32390	0				
3240	32400	0				
3241	32410	0				
3242	32420	0				
3243	32430	0				
3244	32440	0				
3245	32450	0				
3246	32460	0				
3247	32470	0				
3248	32480	0				
3249	32490	0				
3250	32500	0				
3251	32510	0				
3252	32520	0				
3253	32530	0				
3254	32540	0				
3255	32550	0				
3256	32560	0				
3257	32570	0				
3258	32580	0				
3259	32590	0				
3260	32600	0				
3261	32610	0				
3262	32620	0				
3263	32630	0				
3264	32640	0				
3265	32650	0				
3266	32660	0				
3267	32670	0				
3268	32680	0				
3269	32690	0				
3270	32700	0				
3271	32710	0				
3272	32720	0				
3273	32730	0				
3274	32740	0				
3275	32750	0				
3276	32760	0				
3277	32770	0				
3278	32780	0				
3279	32790	0				
3280	32800	0				
3281	32810	0				
3282	32820	0				
3283	32830	0				
3284	32840	0				
3285	32850	0				
3286	32860	0				
3287	32870	0				
3288	32880	0				
3289	32890	0				
3290	32900	0				
3291	32910	0				
3292	32920	0				
3293	32930	0				
3294	32940	0				
3295	32950	0				
3296	32960	0				
3297	32970	0				
3298	32980	0				
3299	32990	0				
3300	33000	0				
3301	33010	0				
3302	33020	0				
3303	33030	0				
3304	33040	0				
3305	33050	0				
3306	33060	0				
3307	33070	0				
3308	33080	0				
3309	33090	0				
3310	33100	0				
3311	33110	0				
3312	33120	0				
3313	33130	0				
3314	33140	0				
3315	33150	0				
3316	33160	0				
3317	33170	0				
3318	33180	0				
3319	33190	0				
3320	33200	0				
3321	33210	0				
3322	33220	0				
3323	33230	0				
3324	33240	0				
3325	33250	0				
3326	33260	0				
3327	33270	0				
3328	33280	0				
3329	33290	0				
3330	33300	0				
3331	33310	0				
3332	33320	0				
3333	33330	0				
3334	33340	0				
3335	33350	0				
3336	33360	0				
3337	33370	0				
3338	33380	0				
3339	33390	0				
3340	33400	0				
3341	33410	0				
3342	33420	0				
3343	33430	0				
3344	33440	0				
3345	33450	0				
3346	33460	0				
3347	33470	0				
3348	33480	0				
3349	33490	0				
3350	33500	0				
3351	33510	0				
3352	33520	0				
3353	33530	0				
3354	33540	0				
3355	33550	0				
3356	33560	0				
3357	33570	0				
3358	33580	0				
3359	33590	0				
3360	33600	0				
3361	33610	0				
3362	33620	0				
3363	33630	0				
3364	33640	0				
3365	33650	0				
3366	33660	0				
3367	33670	0				
3368	33680	0				
3369	33690	0				
3370	33700	0				
3371	33710	0				
3372	33720	0				
3373	33730	0				
3374	33740	0				
3375	33750	0				
3376	33760	0				
3377	33770	0				
3378	33780	0				
3379	33790	0				
3380	33800	0				
3381	33810	0				
3382	33820	0				
3383	33830	0				
3384	33840	0				
3385	33850	0				
3386	33860	0				
3387	33870	0				
3388	33880	0				
3389	33890	0				
3390	33900	0				
3391	33910	0				
3392	33920	0				
3393	33930	0				
3394	33940	0				
3395	33950	0				
3396	33960	0				
3397	33970	0				
3398	33980	0				
3399	33990	0				
3400	34000	0				
3401	34010	0				
3402	34020	0				
3403	34030	0				
3404	34040	0				
3405	34050	0				
3406	34060	0				
3407	34070	0				
3408	34080	0				
3409	34090	0				
3410	34100	0				
3411	34110	0				
3412	34120	0				
3413	34130	0				
3414	34140	0				
3415	34150	0				
3416	34160	0				
3417	34170	0				
3418	34180	0				
3419	34190	0				
3420	34200	0				
3421	34210	0				
3422	34220	0				
3423	34230	0				
3424	34240	0				
3425	34250	0				
3426	34260	0				
3427	34270	0				
3428	34280	0				
3429	34290	0				
3430	34300	0				
3431	34310	0				
3432	34320	0				
3433	34330	0				
3434	34340	0				
3435	34350	0				
3436	34360	0				
3437	34370	0				
3438	34380	0				
3439	34390	0				
3440	34400	0				
3441	34410	0				
3442	34420	0				
3443	34430	0				
3444	34440	0				
3445	34450	0				
3446	34460	0				
3447	34470	0				
3448	34480	0				
3449	34490	0				
3450	34500	0				
3451	34510	0				
3452	34520	0				
3453	34530	0				
3454	34540	0				
3455	34550	0				
3456	34560	0				
3457	34570	0				
3458	34580	0				
3459	34590	0				
3460	34600	0				
3461	34610	0				
3462	34620	0				
3463	34630	0				
3464	34640	0				
3465	34650	0				
3466	34660	0				
3467	34670	0				
3468	34680	0				
3469	34690	0				
3470	34700	0				
3471	34710	0				
3472	34720	0				
3473	34730	0				
3474	34740	0				
3475	34750	0				
3476	34760	0				
3477	34770	0				
3478	34780	0				
3479	34790	0				
3480	34800	0				
3481	34810	0				
3482	34820	0				
3483	34830	0				
3484	34840	0				
3485	34850	0		0.000944366197183098		
3486	34860	0		0.00371408450704225		
3487	34870	0	0	0.000703521126760562		
3488	34880	0		0.00834718309859155		
3489	34890	0		0.0189633802816902		
3490	34900	0		0.0181140845070423		
3491	34910	0		0.018006338028169		
3492	34920	0		0.019787323943662		
3493	34930	0		0.0311514084507042		
3494	34940	0		0.0663718309859155		
3495	34950	0		0.140159154929577		
3496	34960	0		0.196028873239437		
3497	34970	0		0.137579577464789		
3498	34980	0		0.276838732394366		
3499	34990	0	0	0.307850704225352		
3500	35000	0		0.252678169014084		
3501	35010	0		0.347159154929578		
3502	35020	0		0.276540845070422		
3503	35030	0		0.371459154929578		
3504	35040	0	0	0.207494366197183		
3505	35050	0		0.165771126760563		
3506	35060	0		0.158285915492958		
3507	35070	0	0	0.144367605633803		
3508	35080	0	0	0.130601408450705		
3509	35090	0	0	0.117373943661972		
3510	35100	0	0	0.104653521126761		
3511	35110	0	0	0.0924274647887324		
3512	35120	0	0	0.0806387323943662		
3513	35130	0	0	0.069319014084507		
3514	35140	0	0	0.0585760563380282		
3515	35150	0	0.1	0.0532267605633803		
3516	35160	0	0	0.0505394366197183		
3517	35170	0	0	0.0480359154929578		
3518	35180	0	0	0.0456845070422535		
3519	35190	0	0	0.0461218309859155	0.00565225059241225	0.0404695803935032
3520	35200	0	0	0.0442014084507042	0.00465497766078362	0.0395464307899206
3521	35210	0	0	0.0374767605633803	0.00360440218045639	0.0338723583829239
3522	35220	0	0	0.0389091549295775	0.00281815824454332	0.0360909966850341
3523	35230	0	0	0.0359683098591549	0.00258763427170006	0.0333806755874549
3524	35240	0	0	0.0364943661971831	0.00215368325002429	0.0343406829471588
3525	35250	0	0	0.0358478873239436	0.00238101863026468	0.033466868693679
3526	35260	0	0	0.0263598591549296	0.00266060388469147	0.0236992552702381
3527	35270	0	0	0.0327929577464789	0.00249731223015568	0.0302956455163232
3528	35280	0	0	0.0249654929577465	0	0.0249654929577465
3529	35290	0	0	0.0224619718309859	0	0.0224619718309859
3530	35300	0	0	0.0200915492957747	0	0.0200915492957747
3531	35310	0	0	0.0133922535211268	0	0.0133922535211268
3532	35320	0	0	0.0158260563380282	0	0.0158260563380282
3533	35330	0	0	0.0108570422535211	0	0.0108570422535211
3534	35340	0	0	0.0101028169014085	0	0.0101028169014085
3535	35350	0	0	0.0104640845070423	0	0.0104640845070423
3536	35360	0	0	0.00695915492957747	0	0.00695915492957747
3537	35370	0	0	0.0144443661971831	0	0.0144443661971831
3538	35380	0	0	0.00875281690140845	0	0.00875281690140845
3539	35390	0	0	0.00894929577464789	0	0.00894929577464789
3540	35400	0	0	0.00809366197183099	0	0.00809366197183099
3541	35410	0	0	0.00501971830985915	0	0.00501971830985915
3542	35420	0	0	0.00605915492957747	0	0.00605915492957747
3543	35430	0	0	0.00434154929577465	0	0.00434154929577465
3544	35440	0	0	0.0045443661971831	0	0.0045443661971831
3545	35450	0	0	0.00500070422535211	0	0.00500070422535211
3546	35460	0	0.025	0.00448098591549296	4.13263857390353e-05	0.00443965952975392
3547	35470	0	0.025	0.00591338028169014	0.000617548861796671	0.00529583141989347
3548	35480	0	0.05	0.00375211267605634	0.00184821274092139	0.00190389993513495
3549	35490	0	0.05	0.0138485915492958	0.00353362190999708	0.0103149696392987
3550	35500	0	0	0.0145267605633803	0.00553446718760716	0.00899229337577314
3551	35510	0	0	0.0190838028169014	0.00619422580963014	0.0128895770072713
3552	35520	0	0	0.0158197183098592	0.00522298219905271	0.0105967361108065
3553	35530	0	0	0.0125302816901409	0.00409774376981575	0.0084325379203251
3554	35540	0	0	0.0136711267605634	0.00327384980994572	0.0103972769506177
3555	35550	0	0.025	0.00902535211267605	0.00270825555211181	0.00631709656056424
3556	35560	0	0	0.0100774647887324	0.00301821968747174	0.00705924510126066
3557	35570	0	0	0.00835352112676056	0.00362910077410865	0.00472442035265191
3558	35580	0	0	0.00692746478873239	0.00328357545878495	0.00364388932994744
3559	35590	0	0	0.00835352112676056	0.00261956641317065	0.00573395471358992
3560	35600	0	0	0.00576760563380282	0.00201400082077676	0.00375360481302605
3561	35610	0	0	0.00745352112676057	0.0010862404047915	0.00636728072196906
3562	35620	0	0	0.00590704225352113	0.000390118075678952	0.00551692417784218
3563	35630	0	0	0.00563450704225352	0.000451156331043449	0.00518335071121007
3564	35640	0	0.05	0.0062556338028169	0.000491647814466568	0.00576398598835034
3565	35650	0	0	0.00507042253521127	0.00150289830709608	0.00356752422811519
3566	35660	0	0.15	0.00592605633802817	0.00299564047888384	0.00293041585914433
3567	35670	0	0.15	0.00578661971830986	0.00621015134896615	-0.000423531630656285
3568	35680	0	0.05	0.00518450704225352	0.0124643336995429	-0.00727982665728941
3569	35690	0	0.025	0.00527323943661972	0.0163909502185171	-0.0111177107818974
3570	35700	0	0	0.00465211267605634	0.0160015225961351	-0.0113494099200787
3571	35710	0	0.075	0.00567253521126761	0.0138949908089328	-0.00822245559766521
3572	35720	0	0.375	0.00479154929577465	0.0134461098904383	-0.00865456059466363
3573	35730	0	0.2	0.00691478873239437	0.0210804784878762	-0.0141656897554818
3574	35740	0	0.05	0.00725704225352113	0.0333381667321777	-0.0260811244786566
3575	35750	0	0	0.00772605633802817	0.0371798565329765	-0.0294538001949483
3576	35760	0	0.05	0.00784647887323944	0.0332783709911733	-0.0254318921179339
3577	35770	0	0	0.00617957746478873	0.0281950780750234	-0.0220155006102346
3578	35780	0	0.05	0.00777676056338028	0.0237860540249446	-0.0160092934615643
3579	35790	0	0	0.00744718309859155	0.0188956352558755	-0.011448452157284
3580	35800	0	0.025	0.00785915492957747	0.0172921155869254	-0.00943296065734795
3581	35810	0	0	0.00774507042253521	0.0160628869259595	-0.00831781650342431
3582	35820	0	0	0.00631267605633803	0.0145422951095154	-0.00822961905317735
3583	35830	0	0	0.00683239436619719	0.0133116355740639	-0.00647924120786667
3584	35840	0	0	0.00512112676056338	0.0107732508724103	-0.00565212411184696
3585	35850	0	0	0.00560915492957747	0.00533113581101178	0.000278019118565686
3586	35860	0.917212819860897	0	0.00501338028169014	0.00268945977684002	0.00232392050485012
3587	35870	0.935147791378536	0	0.00609084507042254	0.00194612251701248	0.00414472255341006
3588	35880	0.947326167934959	0	0.00730774647887324	0.00172503262530511	0.00558271385356813
3589	35890	0.936685556246471	0	0.00561549295774648	0.00114700939834503	0.00446848355940145
3590	35900	0.941022267857211	0	0.00591971830985916	0.000923422939280849	0.00499629537057831
3591	35910	0.942518365282403	0	0.00570422535211268	0.000369007177678265	0.00533521817443441
3592	35920	0.93546477097824	0	0.00486760563380282	0.00028648479215002	0.0045811208416528
3593	35930	0.937738371920629	0	0.00495	0	0.00495
3594	35940	0.928874671523713	0	0.00403098591549296	0	0.00403098591549296
3595	35950	0.933456125587523	0	0.0045	0	0.0045
3596	35960	0.925649057501843	0	0.00370774647887324	0	0.00370774647887324
3597	35970	0.923726319870627	0	0.00351760563380282	0	0.00351760563380282
3598	35980	0.922693315425947	0	0.00341619718309859	0	0.00341619718309859
3599	35990	0.917119438070919	0	0.0028774647887324	0	0.0028774647887324
3600	36000	0.918443783699518	0	0.00300422535211268	0	0.00300422535211268
3601	36010	0.909972908267875	0	0.0022056338028169	0	0.0022056338028169
3602	36020	0.911881143671535	0	0.00238309859154929	0	0.00238309859154929
3603	36030	0.910792491511589	0	0.00228169014084507	0	0.00228169014084507
3604	36040	0.909219311194487	0	0.00213591549295775	0	0.00213591549295775
3605	36050	0.91343774045863	0	0.00252887323943662	0	0.00252887323943662
3606	36060	0.9122449032825	0.025	0.00224366197183099	4.13263857390353e-05	0.00220233558609195
3607	36070	0.912474788011725	0	0.00275704225352113	0.000576222476057635	0.00218081977746349
3608	36080	0.947951324381991	0.65	0.00263661971830986	0.0022638235226006	0.000372796195709256
3609	36090	0.804389212339008	0.025	0.0028330985915493	0.0161322974562556	-0.0132991988647063
3610	36100	0.549688548299306	0	0.00253521126760563	0.0323931578597879	-0.0298579465921822
3611	36110	0.514968891326859	0	0.00185070422535211	0.0307312083929752	-0.0288805041676231
3612	36120	0.643035328377793	0	0.00201549295774648	0.0248706319617739	-0.0228551390040274
3613	36130	0.703587337317365	0.1	0.00170492957746479	0.0197280230834626	-0.0180230935059978
3614	36140	0.73311819711603	0	0.00192676056338028	0.0168041044491722	-0.014877343885792
3615	36150	0.729001673003532	0	0.00166056338028169	0.0158226858046754	-0.0141621224243937
3616	36160	0.705682987591937	0	0.00144507042253521	0.0169073828098616	-0.0154623123873264
3617	36170	0.758147086539998	0	0.00155915492957746	0.0150306768492325	-0.0134715219196551
3618	36180	0		0.00350492957746479		
3619	36190	0		0.00470915492957746		
3620	36200	0		0.00461408450704225		
3621	36210	0	1.375	0.0258401408450704		
3622	36220	0	0.3	0.0753401408450704		
3623	36230	0	0.075	0.0704598591549296		
3624	36240	0	0.025	0.0572007042253521		
3625	36250	0	0	0.0462612676056338		
3626	36260	0	0.075	0.0379521126760563		
3627	36270	0	0	0.0327232394366197		
3628	36280	0	0	0.0276401408450704		
3629	36290	0	0	0.0238056338028169		
3630	36300	0	0	0.0195971830985916		
3631	36310	0	0	0.0169352112676056		
3632	36320	0	0	0.0143049295774648		
3633	36330	0	0	0.0123401408450704	0.0246225531690023	-0.0122824123239319
3634	36340	0	0	0.0109204225352113	0.00796925078066005	0.00295117175455122
3635	36350	0	0	0.00928521126760563	0.00415339758130784	0.00513181368629779
3636	36360	0.949313227524401	0	0.00881619718309859	0.00241009203023743	0.00640610515286116
3637	36370	0.94442792049653	0	0.00778943661971831	0.0019954529135186	0.00579398370619971
3638	36380	0	0	0.00744084507042254	0.00187298417261676	0.00556786089780578
3639	36390	0.957101952015892	0	0.00716830985915493	0	0.00716830985915493
3640	36400	0.950641536680848	0	0.0063887323943662	0	0.0063887323943662
3641	36410	0.95171824536652	0	0.00651549295774648	0	0.00651549295774648
3642	36420	0.945617314687098	0	0.00581197183098592	0	0.00581197183098592
3643	36430	0.945109433159722	0	0.00575492957746479	0	0.00575492957746479
3644	36440	0.941384014114426	0	0.00534295774647887	0	0.00534295774647887
3645	36450	0.936783251361827	0	0.00484859154929577	0	0.00484859154929577
3646	36460	0.938569320534457	0	0.0050387323943662	0	0.0050387323943662
3647	36470	0.938235212607589	0.025	0.00482957746478873	4.13263857390353e-05	0.00478825107904969
3648	36480	0.935143521490077	0	0.0049943661971831	0.000576222476057635	0.00441814372112546
3649	36490	0.943024619734589	0	0.00659154929577465	0.00118933749338568	0.00540221180238896
3650	36500	0.947321288880354	0.025	0.00697183098591549	0.00115051307875709	0.00582131790715841
3651	36510	0.968614525857238	0	0.00974788732394366	0.00147038303176011	0.00827750429218355
3652	36520	0.991832415540376	0.025	0.0144887323943662	0.00193368076024491	0.0125550516341213
3653	36530	0.994572708783475	0	0.0157183098591549	0.00219867998956715	0.0135196298695878
3654	36540	0.992556362516707	0.425	0.0207507042253521	0.00317616468233071	0.0175745395430214
3655	36550	0.984610191510627	0.05	0.0306	0.0121417947696396	0.0184582052303605
3656	36560	0.968302340737547	0.025	0.0287556338028169	0.0232289351445934	0.00552669865822356
3657	36570	0.987817866453299	0.075	0.0345676056338028	0.0233786387131329	0.0111889669206699
3658	36580	0.917354238804504	0.05	0.0500007042253521	0.0220959867643456	0.0279047174610065
3659	36590	0.894389627617486	0.05	0.0538288732394366	0.0228862465873882	0.0309426266520484
3660	36600	0	0.2	0.0614788732394366	0.0236782779452419	0.0378005952941948
3661	36610	0	0.625	0.0901838028169015	0.03605634024503	0.0541274625718715
3662	36620	0	0	0.116588028169014	0.0701872863298346	0.0464007418391794
3663	36630	0	0.025	0.110383098591549	0.0771156179223934	0.0332674806691561
3664	36640	0	0.025	0.0939485915492958	0.0682473108943461	0.0257012806549497
3665	36650	0	0	0.0813042253521127	0.0632214335985151	0.0180827917535976
3666	36660	0	0.325	0.0751183098591549	0.0550328471277704	0.0200854627313846
3667	36670	0	0.05	0.0711507042253521	0.0567915544306885	0.0143591497946636
3668	36680	0	0.325	0.0650471830985916	0.0606890771117348	0.00435810598685678
3669	36690	0	0	0.0693950704225352	0.0705210443238096	-0.00112597390127438
3670	36700	0	0.15	0.0676267605633803	0.0708842649911879	-0.00325750442780765
3671	36710	0	0.075	0.0655288732394366	0.0716301597739892	-0.00610128653455257
3672	36720	0	0.7	0.0774633802816902	0.0777429735508303	-0.000279593269140094
3673	36730	0	0.575	0.113932394366197	0.104946754091993	0.00898564027420389
3674	36740	0	0.025	0.160567605633803	0.124709998516874	0.0358576071169292
3675	36750	0	0	0.162304225352113	0.122655382590378	0.0396488427617352
3676	36760	0	0	0.133440845070423	0.106817416327863	0.0266234287425596
3677	36770	0	0.125	0.115535915492958	0.0947400798547089	0.020795835638249
3678	36780	0	0	0.0961478873239437	0.0933259964106613	0.00282189091328235
3679	36790	0	0	0.0833387323943662	0.0739611739106071	0.0093775584837591
3680	36800	0	0	0.0712838028169014	0.0622024431226868	0.00908135969421464
3681	36810	0	0	0.0617197183098592	0.0463000541103383	0.0154196641995209
3682	36820	0	0	0.0554957746478873	0.0430339818268479	0.0124617928210394
3683	36830	0	0	0.0480929577464789	0.0408768851366833	0.00721607260979562
3684	36840	0	0	0.0442140845070422	0.0381096807278689	0.00610440377917337
3685	36850	0	0	0.0388964788732395	0.019072373895819	0.0198241049774204
3686	36860	0	0	0.0356323943661972	0.00514817467433442	0.0304842196918628
3687	36870	0	0	0.0327866197183099	0.00299039637841414	0.0297962233398957
3688	36880	0	0	0.0289964788732394	0.00262510296771993	0.0263713759055195
3689	36890	0	0	0.0272725352112676	0.0035614016480336	0.023711133563234
3690	36900	0	0.025	0.0253140845070423	4.13263857390353e-05	0.0252727581213032
3691	36910	0	0.1	0.0253077464788732	0.000741528019013777	0.0245662184598595
3692	36920	0	0.125	0.0233302816901409	0.0037008593263114	0.0196294223638295
3693	36930	0	0.25	0.0259288732394366	0.00916091290423931	0.0167679603351973
3694	36940	0	0.2	0.0294591549295775	0.0173704306411917	0.0120887242883857
3695	36950	0	0.3	0.0367669014084507	0.0268246639402067	0.00994223746824404
3696	36960	0	0.025	0.0522316901408451	0.03553010005374	0.016701590087105
3697	36970	0	0.025	0.0551408450704225	0.0397373554915168	0.0154034895789057
3698	36980	0	0	0.0533218309859155	0.0354824419049965	0.017839389080919
3699	36990	0	0.025	0.0508183098591549	0.0294050255640397	0.0214132842951152
3700	37000	0	0	0.046825352112676	0.0251877814169078	0.0216375706957682
3701	37010	0	0	0.0450316901408451	0.0221159278671723	0.0229157622736728
3702	37020	0	0.025	0.0415267605633803	0.0197827208910682	0.0217440396723121
3703	37030	0	0	0.0399549295774648	0.0196792460437577	0.0202756835337071
3704	37040	0	0	0.0372992957746479	0.0172808228670636	0.0200184729075843
3705	37050	0	0	0.0353915492957746	0.0137185308545545	0.0216730184412202
3706	37060	0	0.05	0.0341239436619718	0.0103966868292461	0.0237272568327257
3707	37070	0	0	0.0315823943661972	0.00946727285001195	0.0221151215161852
3708	37080	0	0	0.0303971830985916	0.00659213484546335	0.0238050482531282
3709	37090	0	0	0.0277669014084507	0.00514363292886745	0.0226232684795833
3710	37100	0	0	0.0260619718309859	0.00413818483530401	0.0219237869956819
3711	37110	0	0	0.0249021126760563	0.0034902377004368	0.0214118749756195
3712	37120	0	0	0.0236915492957747	0.00239745574779436	0.0212940935479803
3713	37130	0	0	0.0232352112676056	0.00207423009344453	0.0211609811741611
3714	37140	0	0	0.0219992957746479	0.00191814519338895	0.0200811505812589
3715	37150	0	0	0.021619014084507	0.00107684162501214	0.0205421724594949
3716	37160	0	0	0.0206429577464789	0.00119050931513234	0.0194524484313465
3717	37170	0	0	0.0198	0.00133030194234573	0.0184696980576543
3718	37180	0	0	0.0192042253521127	0.00124865611507784	0.0179555692370348
3719	37190	0	0	0.0179239436619718	0	0.0179239436619718
3720	37200	0	0	0.0176197183098591	0	0.0176197183098591
3721	37210	0	0	0.0164091549295775	0	0.0164091549295775
3722	37220	0	0	0.0161239436619719	0	0.0161239436619719
3723	37230	0	0	0.0155788732394366	0	0.0155788732394366
3724	37240	0	0	0.0147739436619718	0	0.0147739436619718
3725	37250	0	0	0.0148816901408451	0	0.0148816901408451
3726	37260	0	0	0.013924647887324	0	0.013924647887324
3727	37270	0	0	0.0137661971830986	0	0.0137661971830986
3728	37280	0	0	0.0133478873239437	0	0.0133478873239437
3729	37290	0	0	0.0129422535211268	0	0.0129422535211268
3730	37300	0	0	0.0130246478873239	0	0.0130246478873239
3731	37310	0	0	0.0122957746478873	0	0.0122957746478873
3732	37320	0	0	0.0124161971830986	0	0.0124161971830986
3733	37330	0	0	0.0118964788732394	0	0.0118964788732394
3734	37340	0	0	0.0119218309859155	0	0.0119218309859155
3735	37350	0	0	0.0117633802816902	0	0.0117633802816902
3736	37360	0	0	0.0113957746478874	0	0.0113957746478874
3737	37370	0	0	0.0114147887323944	0	0.0114147887323944
3738	37380	0	0	0.0107176056338028	0	0.0107176056338028
3739	37390	0	0	0.0108507042253521	0	0.0108507042253521
3740	37400	0	0	0.0104577464788732	0	0.0104577464788732
3741	37410	0	0	0.0101408450704225	0	0.0101408450704225
3742	37420	0	0	0.0101408450704225	0	0.0101408450704225
3743	37430	0	0	0.0101408450704225	0	0.0101408450704225
3744	37440	0	0	0.0101408450704225	0	0.0101408450704225
3745	37450	0	0	0.0101408450704225	0	0.0101408450704225
3746	37460	0	0	0.0101408450704225	0	0.0101408450704225
3747	37470	0	0.025	0.0101408450704225	4.13263857390353e-05	0.0100995186846835
3748	37480	0	0.425	0.0101408450704225	0.00127877103362124	0.00886207403680127
3749	37490	0	0.05	0.0101408450704225	0.0110677723578436	-0.000926927287421053
3750	37500	0	0.025	0.0101408450704225	0.022521695418429	-0.0123808503480065
3751	37510	0	0	0.0101408450704225	0.0227052317998383	-0.0125643867294158
3752	37520	0	0.05	0.00989366197183098	0.0193941099789621	-0.00950044800713115
3753	37530	0	0	0.00988732394366197	0.016514510556073	-0.00662718661241108
3754	37540	0	0	0.00988732394366197	0.0137945913287481	-0.00390726738508609
3755	37550	0	0	0.00988732394366197	0.0110310955257249	-0.00114377158206288
3756	37560	0	0	0.00988732394366197	0.0111604807539814	-0.00127315681031947
3757	37570	0	0	0.00988732394366197	0.0100018335857915	-0.000114509642129527
3758	37580	0	0	0.00988732394366197	0.0086224022703554	0.00126492167330657
3759	37590	0	0	0.00988732394366197	0.00844974471698855	0.00143757922667342
3760	37600	0	0	0.00988732394366197	0.00686102183897457	0.0030263021046874
3761	37610	0	0	0.00988732394366197	0.0017599668479553	0.00812735709570667
3762	37620	0	0	0.00988732394366197	0.000987391502111639	0.00889993244155033
3763	37630	0	0	0.00988732394366197	0.000738014355356531	0.00914930958830544
3764	37640	0	0	0.00988732394366197	0.000572969584300039	0.00931435435936193
3765	37650	0	0	0.00972887323943662	0	0.00972887323943662
3766	37660	0	0	0.00963380281690141	0	0.00963380281690141
3767	37670	0	0	0.00963380281690141	0	0.00963380281690141
3768	37680	0	0	0.00963380281690141	0	0.00963380281690141
3769	37690	0	0	0.00963380281690141	0	0.00963380281690141
3770	37700	0	0	0.00963380281690141	0	0.00963380281690141
3771	37710	0	0	0.00963380281690141	0	0.00963380281690141
3772	37720	0	0	0.00963380281690141	0	0.00963380281690141
3773	37730	0	0.025	0.00963380281690141	4.13263857390353e-05	0.00959247643116238
3774	37740	0	0.05	0.00963380281690141	0.000658875247535706	0.00897492756936571
3775	37750	0	0	0.00963380281690141	0.00234178244550095	0.00729202037140046
3776	37760	0	0	0.00963380281690141	0.00348786167978942	0.006145941137112
3777	37770	0	0	0.00963380281690141	0.00311253394173858	0.00652126887516284
3778	37780	0	0		0.00249133799252515	
3779	37790	0				
3780	37800	0				
3781	37810	0				
3782	37820	0				
3783	37830	0				
3784	37840	0				
3785	37850	0				
3786	37860	0				
3787	37870	0				
3788	37880	0				
3789	37890	0				
3790	37900	0				
3791	37910	0				
3792	37920	0				
3793	37930	0				
3794	37940	0				
3795	37950	0				
3796	37960	0				
3797	37970	0				
3798	37980	0				
3799	37990	0				
3800	38000	0				
3801	38010	0				
3802	38020	0				
3803	38030	0				
3804	38040	0				
3805	38050	0				
3806	38060	0				
3807	38070	0				
3808	38080	0				
3809	38090	0				
3810	38100	0				
3811	38110	0				
3812	38120	0				
3813	38130	0				
3814	38140	0				
3815	38150	0				
3816	38160	0				
3817	38170	0				
3818	38180	0				
3819	38190	0				
3820	38200	0				
3821	38210	0				
3822	38220	0				
3823	38230	0				
3824	38240	0				
3825	38250	0				
3826	38260	0				
3827	38270	0				
3828	38280	0				
3829	38290	0				
3830	38300	0				
3831	38310	0				
3832	38320	0				
3833	38330	0				
3834	38340	0				
3835	38350	0				
3836	38360	0				
3837	38370	0				
3838	38380	0				
3839	38390	0				
3840	38400	0				
3841	38410	0				
3842	38420	0				
3843	38430	0				
3844	38440	0				
3845	38450	0				
3846	38460	0				
3847	38470	0				
3848	38480	0				
3849	38490	0				
3850	38500	0				
3851	38510	0				
3852	38520	0				
3853	38530	0				
3854	38540	0				
3855	38550	0				
3856	38560	0				
3857	38570	0				
3858	38580	0				
3859	38590	0				
3860	38600	0				
3861	38610	0				
3862	38620	0				
3863	38630	0				
3864	38640	0				
3865	38650	0				
3866	38660	0				
3867	38670	0				
3868	38680	0				
3869	38690	0				
3870	38700	0				
3871	38710	0				
3872	38720	0				
3873	38730	0				
3874	38740	0				
3875	38750	0				
3876	38760	0				
3877	38770	0				
3878	38780	0				
3879	38790	0				
3880	38800	0				
3881	38810	0				
3882	38820	0				
3883	38830	0				
3884	38840	0				
3885	38850	0				
3886	38860	0				
3887	38870	0				
3888	38880	0				
3889	38890	0				
3890	38900	0				
3891	38910	0				
3892	38920	0				
3893	38930	0				
3894	38940	0				
3895	38950	0				
3896	38960	0				
3897	38970	0				
3898	38980	0				
3899	38990	0				
3900	39000	0				
3901	39010	0				
3902	39020	0				
3903	39030	0				
3904	39040	0				
3905	39050	0				
3906	39060	0				
3907	39070	0				
3908	39080	0				
3909	39090	0				
3910	39100	0				
3911	39110	0				
3912	39120	0				
3913	39130	0				
3914	39140	0				
3915	39150	0				
3916	39160	0				
3917	39170	0				
3918	39180	0				
3919	39190	0				
3920	39200	0				
3921	39210	0				
3922	39220	0				
3923	39230	0				
3924	39240	0				
3925	39250	0				
3926	39260	0				
3927	39270	0				
3928	39280	0				
3929	39290	0				
3930	39300	0				
3931	39310	0				
3932	39320	0				
3933	39330	0				
3934	39340	0				
3935	39350	0				
3936	39360	0				
3937	39370	0				
3938	39380	0				
3939	39390	0				
3940	39400	0				
3941	39410	0				
3942	39420	0				
3943	39430	0				
3944	39440	0				
3945	39450	0				
3946	39460	0				
3947	39470	0				
3948	39480	0				
3949	39490	0				
3950	39500	0				
3951	39510	0				
3952	39520	0				
3953	39530	0				
3954	39540	0				
3955	39550	0				
3956	39560	0				
3957	39570	0				
3958	39580	0				
3959	39590	0				
3960	39600	0				
3961	39610	0				
3962	39620	0				
3963	39630	0				
3964	39640	0				
3965	39650	0				
3966	39660	0				
3967	39670	0				
3968	39680	0				
3969	39690	0				
3970	39700	0				
3971	39710	0				
3972	39720	0				
3973	39730	0				
3974	39740	0				
3975	39750	0				
3976	39760	0				
3977	39770	0				
3978	39780	0				
3979	39790	0				
3980	39800	0				
3981	39810	0				
3982	39820	0				
3983	39830	0				
3984	39840	0				
3985	39850	0				
3986	39860	0				
3987	39870	0				
3988	39880	0				
3989	39890	0				
3990	39900	0				
3991	39910	0				
3992	39920	0				
3993	39930	0				
3994	39940	0				
3995	39950	0				
3996	39960	0				
3997	39970	0				
3998	39980	0				
3999	39990	0				
4000	40000	0				
4001	40010	0				
4002	40020	0				
4003	40030	0				
4004	40040	0				
4005	40050	0				
4006	40060	0				
4007	40070	0				
4008	40080	0				
4009	40090	0				
4010	40100	0				
4011	40110	0				
4012	40120	0				
4013	40130	0				
4014	40140	0				
4015	40150	0				
4016	40160	0				
4017	40170	0				
4018	40180	0				
4019	40190	0				
4020	40200	0				
4021	40210	0				
4022	40220	0				
4023	40230	0				
4024	40240	0				
4025	40250	0				
4026	40260	0				
4027	40270	0				
4028	40280	0				
4029	40290	0				
4030	40300	0				
4031	40310	0				
4032	40320	0				
4033	40330	0				
4034	40340	0				
4035	40350	0				
4036	40360	0				
4037	40370	0				
4038	40380	0				
4039	40390	0				
4040	40400	0				
4041	40410	0				
4042	40420	0				
4043	40430	0				
4044	40440	0				
4045	40450	0				
4046	40460	0				
4047	40470	0				
4048	40480	0				
4049	40490	0				
4050	40500	0				
4051	40510	0				
4052	40520	0				
4053	40530	0				
4054	40540	0				
4055	40550	0				
4056	40560	0				
4057	40570	0				
4058	40580	0				
4059	40590	0				
4060	40600	0				
4061	40610	0				
4062	40620	0				
4063	40630	0				
4064	40640	0				
4065	40650	0				
4066	40660	0				
4067	40670	0				
4068	40680	0				
4069	40690	0				
4070	40700	0				
4071	40710	0				
4072	40720	0				
4073	40730	0				
4074	40740	0				
4075	40750	0				
4076	40760	0				
4077	40770	0				
4078	40780	0				
4079	40790	0				
4080	40800	0				
4081	40810	0				
4082	40820	0				
4083	40830	0				
4084	40840	0				
4085	40850	0				
4086	40860	0				
4087	40870	0				
4088	40880	0				
4089	40890	0				
4090	40900	0				
4091	40910	0				
4092	40920	0				
4093	40930	0				
4094	40940	0				
4095	40950	0				
4096	40960	0				
4097	40970	0				
4098	40980	0				
4099	40990	0				
4100	41000	0				
4101	41010	0				
4102	41020	0				
4103	41030	0				
4104	41040	0				
4105	41050	0				
4106	41060	0				
4107	41070	0				
4108	41080	0				
4109	41090	0				
4110	41100	0				
4111	41110	0				
4112	41120	0				
4113	41130	0				
4114	41140	0				
4115	41150	0				
4116	41160	0				
4117	41170	0				
4118	41180	0				
4119	41190	0				
4120	41200	0				
4121	41210	0				
4122	41220	0				
4123	41230	0				
4124	41240	0				
4125	41250	0				
4126	41260	0				
4127	41270	0				
4128	41280	0				
4129	41290	0				
4130	41300	0				
4131	41310	0				
4132	41320	0				
4133	41330	0				
4134	41340	0				
4135	41350	0				
4136	41360	0				
4137	41370	0				
4138	41380	0				
4139	41390	0				
4140	41400	0				
4141	41410	0				
4142	41420	0				
4143	41430	0				
4144	41440	0				
4145	41450	0				
4146	41460	0				
4147	41470	0				
4148	41480	0				
4149	41490	0				
4150	41500	0				
4151	41510	0				
4152	41520	0				
4153	41530	0				
4154	41540	0				
4155	41550	0				
4156	41560	0				
4157	41570	0				
4158	41580	0				
4159	41590	0				
4160	41600	0				
4161	41610	0				
4162	41620	0				
4163	41630	0				
4164	41640	0				
4165	41650	0				
4166	41660	0				
4167	41670	0				
4168	41680	0				
4169	41690	0				
4170	41700	0				
4171	41710	0				
4172	41720	0				
4173	41730	0				
4174	41740	0				
4175	41750	0				
4176	41760	0				
4177	41770	0				
4178	41780	0				
4179	41790	0				
4180	41800	0				
4181	41810	0				
4182	41820	0				
4183	41830	0				
4184	41840	0				
4185	41850	0				
4186	41860	0				
4187	41870	0				
4188	41880	0				
4189	41890	0				
4190	41900	0				
4191	41910	0				
4192	41920	0				
4193	41930	0				
4194	41940	0				
4195	41950	0				
4196	41960	0				
4197	41970	0				
4198	41980	0				
4199	41990	0				
4200	42000	0				
4201	42010	0				
4202	42020	0				
4203	42030	0				
4204	42040	0				
4205	42050	0				
4206	42060	0				
4207	42070	0				
4208	42080	0				
4209	42090	0				
4210	42100	0				
4211	42110	0				
4212	42120	0				
4213	42130	0				
4214	42140	0				
4215	42150	0				
4216	42160	0				
4217	42170	0				
4218	42180	0				
4219	42190	0				
4220	42200	0				
4221	42210	0				
4222	42220	0				
4223	42230	0				
4224	42240	0				
4225	42250	0				
4226	42260	0				
4227	42270	0				
4228	42280	0				
4229	42290	0				
4230	42300	0				
4231	42310	0				
4232	42320	0				
4233	42330	0				
4234	42340	0				
4235	42350	0				
4236	42360	0				
4237	42370	0				
4238	42380	0				
4239	42390	0				
4240	42400	0				
4241	42410	0				
4242	42420	0				
4243	42430	0				
4244	42440	0				
4245	42450	0				
4246	42460	0				
4247	42470	0				
4248	42480	0				
4249	42490	0				
4250	42500	0				
4251	42510	0				
4252	42520	0				
4253	42530	0				
4254	42540	0				
4255	42550	0				
4256	42560	0				
4257	42570	0				
4258	42580	0				
4259	42590	0				
4260	42600	0				
4261	42610	0				
4262	42620	0				
4263	42630	0				
4264	42640	0				
4265	42650	0				
4266	42660	0				
4267	42670	0				
4268	42680	0				
4269	42690	0				
4270	42700	0				
4271	42710	0				
4272	42720	0				
4273	42730	0				
4274	42740	0				
4275	42750	0				
4276	42760	0				
4277	42770	0				
4278	42780	0				
4279	42790	0				
4280	42800	0				
4281	42810	0				
4282	42820	0				
4283	42830	0				
4284	42840	0				
4285	42850	0				
4286	42860	0				
4287	42870	0				
4288	42880	0				
4289	42890	0				
4290	42900	0				
4291	42910	0				
4292	42920	0				
4293	42930	0				
4294	42940	0				
4295	42950	0				
4296	42960	0				
4297	42970	0				
4298	42980	0				
4299	42990	0				
4300	43000	0				
4301	43010	0				
4302	43020	0				
4303	43030	0				
4304	43040	0				
4305	43050	0				
4306	43060	0				
4307	43070	0				
4308	43080	0				
4309	43090	0				
4310	43100	0				
4311	43110	0				
4312	43120	0				
4313	43130	0				
4314	43140	0				
4315	43150	0				
4316	43160	0				
4317	43170	0				
4318	43180	0				
4319	43190	0				
4320	43200	0				
4321	43210	0				
4322	43220	0				
4323	43230	0				
4324	43240	0				
4325	43250	0				
4326	43260	0				
4327	43270	0				
4328	43280	0				
4329	43290	0				
4330	43300	0				
4331	43310	0				
4332	43320	0				
4333	43330	0				
4334	43340	0				
4335	43350	0				
4336	43360	0				
4337	43370	0				
4338	43380	0				
4339	43390	0				
4340	43400	0				
4341	43410	0				
4342	43420	0				
4343	43430	0				
4344	43440	0				
4345	43450	0				
4346	43460	0				
4347	43470	0				
4348	43480	0				
4349	43490	0				
4350	43500	0				
4351	43510	0				
4352	43520	0				
4353	43530	0				
4354	43540	0				
4355	43550	0				
4356	43560	0				
4357	43570	0				
4358	43580	0		0.00906338028169014		
4359	43590	0	0	0.0128767605633803		
4360	43600	0	0	0.0158070422535211		
4361	43610	0	0	0.0131133802816901		
4362	43620	0	0	0.0123908450704225		
4363	43630	0	0	0.0125683098591549		
4364	43640	0	0.025	0.0154330985915493		
4365	43650	0	0	0.0263408450704226		
4366	43660	0	0.025	0.0334140845070423		
4367	43670	0	0	0.0391943661971831		
4368	43680	0	0	0.0480422535211268		
4369	43690	0	0	0.0695535211267606		
4370	43700	0	0	0.0802647887323944		
4371	43710	0	0	0.0797133802816901	0.00109313495679915	0.078620245324891
4372	43720	0	0	0.102954929577465	0.000964427151534912	0.10199050242593
4373	43730	0	0	0.0772035211267606	0.000799113118667449	0.0764044080080931
4374	43740	0	0	0.0644577464788732	0.000801609686024258	0.063656136792849
4375	43750	0	0	0.0449302816901409	0.000778002220666762	0.0441522794694741
4376	43760	0	0.05	0.027456338028169	0.00106238282772647	0.0263939552004425
4377	43770	0	0.025	0.0315570422535211	0.00336873029576906	0.0281883119577521
4378	43780	0	0.025	0.0353661971830986	0.00476716811307809	0.0305990290700205
4379	43790	0	0.025	0.0381549295774648	0.00519779296236767	0.0329571366150971
4380	43800	0	0	0.0394922535211268	0.00660384784878574	0.032888405672341
4381	43810	0	0	0.0408295774647887	0.00626240330867804	0.0345671741561107
4382	43820	0	0	0.0420021126760563	0.00500913385336413	0.0369929788226922
4383	43830	0	0	0.040069014084507	0.00403842947198638	0.0360305846125207
4384	43840	0	0	0.0369	0.00336095044721635	0.0335390495527837
4385	43850	0	0.025	0.033737323943662	0.00303193891714646	0.0307053850265155
4386	43860	0	0	0.0305746478873239	0.004234398616476	0.0263402492708479
4387	43870	0	0	0.0274119718309859	0.00466822613780575	0.0227437456931802
4388	43880	0	0.025	0.0249781690140845	0.00415761917229529	0.0208205498417892
4389	43890	0	0	0.0249147887323944	0.00324003175155515	0.0216747569808392
4390	43900	0	0	0.0250985915492958	0.00330471767190448	0.0217938738773913
4391	43910	0	0	0.0253521126760563	0.00263461529567107	0.0227174973803852
4392	43920	0	0	0.0255295774647887	0.00159870011683831	0.0239308773479504
4393	43930	0	0	0.0257133802816902	0.00134992544904521	0.0243634548326449
4394	43940	0	0	0.0258908450704226	0.00105169163299754	0.024839153437425
4395	43950	0	0	0.026112676056338	0.000985372733245122	0.0251273033230929
4396	43960	0	0	0.0263281690140845	0.00111630730221631	0.0252118617118682
4397	43970	0	0	0.0265056338028169	0.00103332310052742	0.0254723107022895
4398	43980	0	0	0.0266894366197183	0.00035045335498081	0.0263389832647375
4399	43990	0	0	0.0268732394366197	0.000369007177678265	0.0265042322589414
4400	44000	0	0	0.0271204225352113	0.00028648479215002	0.0268339377430613
4401	44010	0	0	0.0272978873239437	0	0.0272978873239437
4402	44020	0	0.05	0.0273676056338029	8.26527714780707e-05	0.0272849528623248
4403	44030	0	0	0.0250542253521127	0.00115244495211527	0.0239017803999974
4404	44040	0	0	0.0216760563380282	0.00237867498677137	0.0192973813512568
4405	44050	0	0.3	0.0182978873239437	0.00271429001490453	0.0155835973090391
4406	44060	0	0	0.0149133802816902	0.00870299082409657	0.00621038945759358
4407	44070	0	0	0.0115352112676057	0.0156780836828686	-0.00414287241526294
4408	44080	0	0	0.00831549295774648	0.0143367819571995	-0.00602128899945306
4409	44090	0	0	0.0100901408450704	0.0115101628197876	-0.00142002197471719
4410	44100	0	0	0.0152366197183099	0.00933851523552923	0.00589810448278065
4411	44110	0	0.1	0.0424584507042253	0.0071425454748307	0.0353159052293946
4412	44120	0	0.25	0.0581070422535211	0.0098144369253178	0.0482926053282033
4413	44130	0	0.825	0.0553183098591549	0.0327210611930076	0.0225972486661474
4414	44140	0	0.075	0.0464387323943662	0.0786850422725887	-0.0322463098782225
4415	44150	0	0	0.0639443661971831	0.0920589494199079	-0.0281145832227248
4416	44160	0	0	0.100679577464789	0.0802874075946855	0.0203921698701032
4417	44170	0	0.6	0.11320985915493	0.0839634224282393	0.0292464367266903
4418	44180	0	0.1	0.174479577464789	0.133655004475685	0.0408245729891041
4419	44190	0	0	0.186185915492958	0.136470314020837	0.0497156014721205
4420	44200	0	0	0.131691549295775	0.11204882111284	0.019642728182935
4421	44210	0	0	0.0964014084507043	0.0871717072995877	0.00922970115111664
4422	44220	0	0.25	0.0781161971830986	0.0725023752332663	0.00561382194983234
4423	44230	0	0	0.0625753521126761	0.0776193119131934	-0.0150439598005173
4424	44240	0	0	0.0499943661971831	0.076649337934834	-0.0266549717376509
4425	44250	0	0	0.043212676056338	0.0625828651773554	-0.0193701891210173
4426	44260	0	0	0.0337816901408451	0.0406461498914443	-0.00686445975059918
4427	44270	0	0.13	0.0340288732394366	0.0306462184136778	0.00338265482575886
4428	44280	0	0.08	0.0450190140845071	0.0323763597919955	0.0126426542925115
4429	44290	0	0.34	0.0524408450704225	0.0439108140896503	0.00853003098077219
4430	44300	0	0.91	0.108817605633803	0.0517301407959489	0.0570874648378539
4431	44310	0	0.02	0.13095	0.0985079772610337	0.0324420227389664
4432	44320	0	0.77	0.126158450704225	0.13105440308353	-0.00489595237930443
4433	44330	0	0.16	0.208584507042254	0.199631498262023	0.00895300878023092
4434	44340	0	0.08	0.235622535211268	0.209807138406317	0.0258153968049506
4435	44350	0	0.02	0.216088732394366	0.173794903687891	0.0422938287064749
4436	44360	0	0.01	0.166005633802817	0.133737022293489	0.0322686115093286
4437	44370	0	0	0.124307746478873	0.106878577143509	0.0174291693353646
4438	44380	0	0	0.101560563380282	0.0889430960970015	0.0126174672832801
4439	44390	0	0.01	0.0844098591549296	0.0758347748723709	0.00857508428255872
4440	44400	0	0	0.0731218309859155	0.0713548358824484	0.00176699510346709
4441	44410	0	0	0.0735654929577465	0.0703380349574937	0.00322745800025279
4442	44420	0	0.01	0.0687232394366197	0.0507649681820295	0.0179582712545902
4443	44430	0	0	0.0606105633802817	0.0238110753682415	0.0367994880120402
4444	44440	0	0.06	0.0562753521126761	0.0285979410443126	0.0276774110683635
4445	44450	0	0	0.0511985915492958	0.0103707289582258	0.04082786259107
4446	44460	0	0	0.0479788732394366	0.00669396546960292	0.0412849077698337
4447	44470	0	0	0.0458683098591549	0.00496157987308971	0.0409067299860652
4448	44480	0	0	0.0405633802816901	0.00420772945243592	0.0363556508292542
4449	44490	0	0	0.0389091549295775	0.00331403413119764	0.0355951207983799
4450	44500	0	0.36	0.0321528169014085	0.00569461467315007	0.0264582022282584
4451	44510	0	2.75	0.0769183098591549	0.0280375343077977	0.0488807755513572
4452	44520	0	0	0.169529577464789	0.0929897228981324	0.0765398545666564
4453	44530	0	0	0.13133661971831	0.15556587130982	-0.0242292515915101
4454	44540	0	0	0.0996401408450705	0.144036980765844	-0.0443968399207736
4455	44550	0	0.07	0.0787943661971831	0.118505663184495	-0.039711296987312
4456	44560	0	0.01	0.0671640845070423	0.100976984548019	-0.0338129000409765
4457	44570	0	0	0.0558823943661972	0.0766950252466747	-0.0208126308804775
4458	44580	0	0	0.0493035211267606	0.0605169765463612	-0.0112134554196006
4459	44590	0	0	0.0433394366197183	0.0634128550918987	-0.0200734184721804
4460	44600	0	0	0.0380788732394366	0.0582726931857121	-0.0201938199462754
4461	44610	0	0	0.0352647887323944	0.0518424579546816	-0.0165776692222873
4462	44620	0	0.04	0.0311387323943662	0.0529317978979992	-0.021793065503633
4463	44630	0	0.36	0.0396443661971831	0.0371021327696527	0.00254223342753039
4464	44640	0.26839522046265	0	0.108437323943662	0.0141309754827526	0.0943063484609093
4465	44650	0.278440039467546	0.3	0.125296478873239	0.0292794307848561	0.0960170480883833
4466	44660	0.376650816699973	0.07	0.139988028169014	0.0606742261501405	0.0793138020188736
4467	44670	0.279465435699924	0.02	0.151865492957746	0.0673031546314242	0.0845623383263222
4468	44680	0.302506604622871	0	0.135418309859155	0.0561199705139427	0.0792983393452123
4469	44690	0.359417353643137	0	0.116866901408451	0.0418415663970205	0.0750253350114301
4470	44700	0.497165567830592	0	0.0952415492957746	0.0319587002402434	0.0632828490555311
4471	44710	0.683574566918652	0	0.0788007042253521	0.0269679719912131	0.0518327322341391
4472	44720	0.853876555637745	0	0.0654528169014084	0.0226321880165064	0.0428206288849021
4473	44730	0.922338818871756	0	0.0552169014084507	0.0197396594217408	0.0354772419867099
4474	44740	0.980900976785491	0	0.0478457746478873	0.0200610581068078	0.0277847165410796
4475	44750	0.987854064815059	0	0.0419514084507042	0.0144564824248225	0.0274949260258817
4476	44760	0.996031407456802	0	0.0372359154929577	0.00868461218959618	0.0285513033033616
4477	44770	0.998336890889827	0	0.0327359154929578	0.0104958850377501	0.0222400304552077
4478	44780	0.971204068134689	0	0.0297	0.002414401397734	0.027285598602266
4479	44790	0.973550836586341	0	0.0262394366197183	0.000569824263685376	0.025669612356033
4480	44800	0.972339799939222	0.11	0.024762676056338	0.000181836097251756	0.0245808399590863
4481	44810	0.955938560003391	0.73	0.0240845070422535	0.00374210935823343	0.0203423976840201
4482	44820	0.99883749376078	0.13	0.0288380281690141	0.0222736784776229	0.00656434969139114
4483	44830	0.867686208734769	0.13	0.0355119718309859	0.0428203303374841	-0.00730835850649816
4484	44840	0.742443042440134	0	0.0326852112676057	0.0455034697223232	-0.0128182584547176
4485	44850	0.811799086350639	0	0.0295669014084507	0.0411550882727406	-0.0115881868642898
4486	44860	0.886983328202518	0.11	0.0282105633802817	0.0333857263294706	-0.00517516294918892
4487	44870	0.859716303821918	1.8	0.0469394366197183	0.0305202288306801	0.0164192077890381
4488	44880	0.255873835213684	0.3	0.146110563380282	0.0689750030454178	0.0771355603348638
4489	44890	0.31686642957092	0	0.204433098591549	0.127934066682863	0.0764990319086859
4490	44900	0.693849484688441	0	0.170727464788732	0.124833832029315	0.0458936327594172
4491	44910	0.849136703762882	0	0.131140140845071	0.103119554895456	0.0280205859496141
4492	44920	0.909311120069794	0	0.106599295774648	0.085817033171159	0.0207822626034889
4493	44930	0.908169792342601	0	0.0892014084507042	0.0647435022913314	0.0244579061593728
4494	44940	0.927344668070786	0	0.0708718309859155	0.0442953540899519	0.0265764768959636
4495	44950	0.840693074177473	0.74	0.0821028169014084	0.0505236109499033	0.0315792059515051
4496	44960	0.942747760007812	0	0.104735915492958	0.0825368123109936	0.0221991031819643
4497	44970	0.984302318685799	0.13	0.109432394366197	0.0938229074454244	0.0156094869207727
4498	44980	0.90130146865133	0.01	0.104533098591549	0.0997507442365091	0.00478235435504024
4499	44990	0.985067591042115	0	0.093130985915493	0.0893728312236092	0.00375815469188383
4500	45000	0.974238417776085	0	0.0828507042253521	0.057253714142877	0.0255969900824752
4501	45010	0.908895361146038	0.02	0.0721901408450705	0.0379236592870892	0.0342664815579813
4502	45020	0.914683918992968	0.11	0.063874647887324	0.0314438507313988	0.0324307971559252
4503	45030	0.999940310622261	0.72	0.060287323943662	0.0399546620851995	0.0203326618584625
4504	45040	0.894947503932687	0	0.0739901408450704	0.0737102213337306	0.000279919511339807
4505	45050	0.793525990302879	0.01	0.0825591549295774	0.0862810123441954	-0.00372185741461796
4506	45060	0.684022506482216	0	0.080569014084507	0.0787379274316467	0.00183108665286037
4507	45070	0.931080216697319	0.01	0.079180985915493	0.0693402702405478	0.00984071567494516
4508	45080	0.994334486282954	0	0.0718605633802817	0.0422492334787503	0.0296113299015314
4509	45090	0.990910818552553	0	0.0627021126760563	0.0348209145250637	0.0278811981509927
4510	45100	0.937566700417934	0	0.0564338028169014	0.0249621857380332	0.0314716170788682
4511	45110	0.919896122504148	1.82	0.0685521126760564	0.0378880737082884	0.030664038967768
4512	45120	0.993975621864663	0.04	0.137750704225352	0.127431071063018	0.0103196331623346
4513	45130	0.49757354994987	0.05	0.130252816901408	0.165454704877425	-0.0352018879760166
4514	45140	0	0.16	0.128243661971831	0.15327106230476	-0.0250274003329291
4515	45150	0	0	0.125784507042254	0.151476052057608	-0.0256915450153546
4516	45160	0	0.06	0.131089436619718	0.116079020390523	0.0150104162291956
4517	45170	0	0.01	0.129238732394366	0.0970220970651547	0.0322166353292114
4518	45180	0.768408729375053	0	0.12027676056338	0.0777158156661528	0.0425609448972274
4519	45190	0.641363109651199	0.01	0.126811267605634	0.0683252669605471	0.0584860006450868
4520	45200	0.479439189846149	0	0.118711267605634	0.0565413429786145	0.0621699246270193
4521	45210	0.841715966809592	0	0.105293661971831	0.057608703359795	0.0476849586120359
4522	45220	0.962961896123974	0	0.0935049295774648	0.0609609682779854	0.0325439612994794
4523	45230	0.983557310351035	0	0.0788767605633803	0.0568946766233522	0.0219820839400281
4524	45240	0.606029205814779	0	0.069762676056338	0.0088577119435385	0.0609049641127995
4525	45250	0.71719464911327	0	0.0608514084507042	0.00771307740393534	0.0531383310467689
4526	45260	0.790139872634593	0	0.0530429577464789	0.00672741139902964	0.0463155463474492
4527	45270	0.764452489534736	0	0.0476049295774648	0.00183430577308909	0.0457706238043757
4528	45280	0.819326561925248	0	0.0436816901408451	0.00227435257605194	0.0414073375647931
4529	45290	0.797907577976341	0	0.0425408450704225	0.000524143842115819	0.0420167012283067
4530	45300	0.849725839530713	0	0.0381105633802817	0.000210008237417594	0.0379005551428641
4531	45310	0.885865155093639	0.07	0.0356260563380282	0.000880534684676589	0.0347455216533516
4532	45320	0.976229822433379	0.69	0.0336359154929578	0.0100128920175123	0.0236230234754454
4533	45330	0	0.7	0.0615549295774648	0.0521904886775773	0.00936444089988755
4534	45340	0	0	0.120245070422535	0.099236124702615	0.0210089457199202
4535	45350	0.856504051368962	0	0.110541549295775	0.102469704848774	0.00807184444700042
4536	45360	0	0	0.120631690140845	0.0873321625869645	0.0332995275538805
4537	45370	0	0.01	0.108164788732395	0.0744644272679818	0.0337003614644127
4538	45380	0	0.11	0.102264084507042	0.0635446044595858	0.0387194800474562
4539	45390	0	0	0.0983852112676055	0.0621220260658976	0.036263185201708
4540	45400	0	0	0.0945887323943662	0.0550887801151781	0.0394999522791881
4541	45410	0	0.1	0.091337323943662	0.0480719073459498	0.0432654165977122
4542	45420	0	0.02	0.0893281690140845	0.0485141784467015	0.040813990567383
4543	45430	0	0	0.094493661971831	0.0526628614988851	0.0418308004729458
4544	45440	0	0	0.0911661971830986	0.0493239533950174	0.0418422437880811
4545	45450	0	0.01	0.0954760563380282	0.0290054643226081	0.0664705920154201
4546	45460	0	0.12	0.0956915492957747	0.0114383169281585	0.0842532323676162
4547	45470	0	0.2	0.0949943661971831	0.0182527742180997	0.0767415919790834
4548	45480	0	0.01	0.106681690140845	0.0282146964290235	0.0784669937118216
4549	45490	0	0.01	0.115871830985916	0.0303387822079554	0.0855330487779601
4550	45500	0	0	0.126221830985915	0.0280020834626453	0.0982197475232701
4551	45510	0	0	0.119294366197183	0.0220634557160035	0.0972309104811797
4552	45520	0	0	0.10787323943662	0.018692783282802	0.0891804561538176
4553	45530	0	0	0.100235915492958	0.0151140737184938	0.085121841774464
4554	45540	0	0	0.0893661971830986	0.0104090837940321	0.0789571133890665
4555	45550	0	0	0.0824197183098592	0.00874373715317077	0.0736759811566884
4556	45560	0	0	0.0757394366197183	0.00806796815233498	0.0676714684673833
4557	45570	0	0	0.0702443661971831	0.00875488610848751	0.0614894800886956
4558	45580	0	0	0.0655922535211268	0.00891095585617443	0.0566812976649523
4559	45590	0	0	0.0640077464788733	0.00549991655905364	0.0585078299198196
4560	45600	0	0	0.058930985915493	0.000459739460433163	0.0584712464550598
4561	45610	0	0	0.0571816901408451	0.000284912131842688	0.0568967780090024
4562	45620	0	0	0.0548239436619718	0	0.0548239436619718
4563	45630	0	0.04	0.0601922535211268	0.000340355744476515	0.0598518977766503
4564	45640	0	0	0.069737323943662	0.00236671738588141	0.0673706065577806
4565	45650	0	0	0.0702253521126761	0.00309050756730512	0.067134844545371
4566	45660	0	0	0.065224647887324	0.00257560852210123	0.0626490393652227
4567	45670	0	0	0.0609908450704226	0.0022609002369649	0.0587299448334577
4568	45680	0	0	0.0560725352112676	0.00186199106431345	0.0542105441469542
4569	45690	0	0	0.0494302816901408	0.00144176087218255	0.0479885208179583
4570	45700	0	0	0.0458049295774648	0.00112726329781733	0.0446776662796475
4571	45710	0	0	0.043656338028169	0.00103505370868002	0.042621284319489
4572	45720	0	0	0.0406140845070423	0.000861473300009715	0.0397526112070326
4573	45730	0	0	0.0380852112676056	0.000952407452105873	0.0371328038154998
4574	45740	0	0	0.0361394366197183	0.00106424155387659	0.0350751950658417
4575	45750	0	0	0.0343711267605634	0.000998924892062272	0.0333722018685011
4576	45760	0	0	0.0322669014084507	0	0.0322669014084507
4577	45770	0	0	0.0312654929577465	0	0.0312654929577465
4578	45780	0	0	0.029712676056338	0	0.029712676056338
4579	45790	0	0	0.0284450704225352	0	0.0284450704225352
4580	45800	0	0	0.0272661971830986	0	0.0272661971830986
4581	45810	0	0	0.0264992957746479	0	0.0264992957746479
4582	45820	0	0	0.0252570422535211	0	0.0252570422535211
4583	45830	0	0	0.0240401408450704	0	0.0240401408450704
4584	45840	0	0	0.0232352112676056	0	0.0232352112676056
4585	45850	0	0	0.0224429577464789	0	0.0224429577464789
4586	45860	0	0	0.02115	0	0.02115
4587	45870	0	0	0.0206302816901408	0	0.0206302816901408
4588	45880	0	0	0.0194767605633803	0	0.0194767605633803
4589	45890	0	0.01	0.0186654929577465	1.65305542956141e-05	0.0186489624034509
4590	45900	0	0	0.0178985915492958	0.000230488990423054	0.0176681025588727
4591	45910	0	0	0.0174739436619718	0.000475734997354273	0.0169982086646176
4592	45920	0	0	0.0162950704225352	0.00044367467720722	0.015851395745328
4593	45930	0	0	0.0156549295774648	0.00035766422228099	0.0152972653551838
4594	45940	0	0	0.015312676056338	0.000281206752448078	0.0150314693038899
4595	45950	0	0	0.0142478873239437	0.000205308328196585	0.0140425789957471
4596	45960	0	0	0.0139119718309859	0.000156047230271581	0.0137559246007143
4597	45970	0	0.01	0.0133035211267606	0.000196993086712994	0.0131065280400476
4598	45980	0	0	0.0122387323943662	0.000394087007618453	0.0118446453867478
4599	45990	0	0	0.0123338028169014	0.000615916339346597	0.0117178864775548
4600	46000	0	0	0.0118774647887324	0.000591277548278527	0.0112861872404539
4601	46010	0	0	0.0118838028169014	0.000472258139140998	0.0114115446777604
4602	46020	0	0	0.0113007042253521	0.000281206752448078	0.011019497472904
4603	46030	0	0.02	0.0110345070422535	0.000238369436787814	0.0107961376054657
4604	46040	0	0.01	0.0107556338028169	0.000633555765413303	0.0101220780374036
4605	46050	0	0	0.0106478873239437	0.00136242151754898	0.00928546580639472
4606	46060	0	0	0.0104514084507042	0.00152668236896411	0.00892472608174012
4607	46070	0	0	0.00986830985915493	0.00129918446376152	0.00856912539539341
4608	46080	0	0	0.00972887323943662	0.00106768059824845	0.00866119264118817
4609	46090	0	0	0.00979859154929578	0.000806417325701257	0.00899217422359452
4610	46100	0	0.04	0.00995704225352113	0.000583525005922203	0.00937351724759892
4611	46110	0	0	0.0095387323943662	0.00143892825679856	0.00809980413756765
4612	46120	0	0	0.00916478873239436	0.00241059855622527	0.00675419017616909
4613	46130	0	0.01	0.00924718309859155	0.00223518996430454	0.007011993134287
4614	46140	0	0	0.00867042253521126	0.00209653296368195	0.00657388957152932
4615	46150	0	0	0.00877183098591549	0.00197735271193791	0.00679447827397759
4616	46160	0	0	0.00831549295774648	0.00137950190685357	0.00693599105089291
4617	46170	0	0	0.00821408450704225	0.000981853143367313	0.00723223136367494
4618	46180	0	0	0.00818239436619719	0.0010030568821176	0.00717933748407959
4619	46190	0	0	0.00777042253521127	0.00085970039697818	0.00691072213823309
4620	46200	0	0	0.00787816901408451	0.000716772598240876	0.00716139641584364
4621	46210	0	0	0.00772605633802817	0.000770874016702604	0.00695518232132557
4622	46220	0	0	0.0077387323943662	0.00062197368463543	0.00711675870973077
4623	46230	0	0	0.00763098591549296	0.000140181341992324	0.00749080457350064
4624	46240	0	0	0.00744718309859155	0.000147602871071306	0.00729958022752025
4625	46250	0	0	0.00751056338028169	0.000114593916860008	0.00739596946342168
4626	46260	0	0	0.00709859154929578	0	0.00709859154929578
4627	46270	0	0	0.0073330985915493	0	0.0073330985915493
4628	46280	0	0	0.00714295774647888	0	0.00714295774647888
4629	46290	0	0	0.00706056338028169	0	0.00706056338028169
4630	46300	0	0	0.00733943661971831	0	0.00733943661971831
4631	46310	0	0		0	
4632	46320	0				
4633	46330	0				
4634	46340	0				
4635	46350	0				
4636	46360	0				
4637	46370	0				
4638	46380	0				
4639	46390	0				
4640	46400	0				
4641	46410	0				
4642	46420	0				
4643	46430	0				
4644	46440	0				
4645	46450	0				
4646	46460	0				
4647	46470	0				
4648	46480	0				
4649	46490	0				
4650	46500	0				
4651	46510	0				
4652	46520	0				
4653	46530	0				
4654	46540	0				
4655	46550	0				
4656	46560	0				
4657	46570	0				
4658	46580	0				
4659	46590	0				
4660	46600	0				
4661	46610	0				
4662	46620	0				
4663	46630	0				
4664	46640	0				
4665	46650	0				
4666	46660	0				
4667	46670	0				
4668	46680	0				
4669	46690	0				
4670	46700	0				
4671	46710	0				
4672	46720	0				
4673	46730	0				
4674	46740	0				
4675	46750	0				
4676	46760	0				
4677	46770	0				
4678	46780	0				
4679	46790	0				
4680	46800	0				
4681	46810	0				
4682	46820	0				
4683	46830	0				
4684	46840	0				
4685	46850	0				
4686	46860	0				
4687	46870	0				
4688	46880	0				
4689	46890	0				
4690	46900	0				
4691	46910	0				
4692	46920	0				
4693	46930	0				
4694	46940	0				
4695	46950	0				
4696	46960	0				
4697	46970	0				
4698	46980	0				
4699	46990	0				
4700	47000	0				
4701	47010	0				
4702	47020	0				
4703	47030	0				
4704	47040	0				
4705	47050	0				
4706	47060	0				
4707	47070	0				
4708	47080	0				
4709	47090	0				
4710	47100	0				
4711	47110	0				
4712	47120	0				
4713	47130	0				
4714	47140	0				
4715	47150	0				
4716	47160	0				
4717	47170	0				
4718	47180	0				
4719	47190	0				
4720	47200	0				
4721	47210	0				
4722	47220	0				
4723	47230	0				
4724	47240	0				
4725	47250	0				
4726	47260	0				
4727	47270	0				
4728	47280	0				
4729	47290	0				
4730	47300	0				
4731	47310	0				
4732	47320	0				
4733	47330	0				
4734	47340	0				
4735	47350	0				
4736	47360	0				
4737	47370	0				
4738	47380	0				
4739	47390	0				
4740	47400	0				
4741	47410	0				
4742	47420	0				
4743	47430	0				
4744	47440	0				
4745	47450	0				
4746	47460	0				
4747	47470	0				
4748	47480	0				
4749	47490	0				
4750	47500	0				
4751	47510	0				
4752	47520	0				
4753	47530	0				
4754	47540	0				
4755	47550	0				
4756	47560	0				
4757	47570	0				
4758	47580	0				
4759	47590	0				
4760	47600	0				
4761	47610	0				
4762	47620	0				
4763	47630	0				
4764	47640	0				
4765	47650	0				
4766	47660	0				
4767	47670	0				
4768	47680	0				
4769	47690	0				
4770	47700	0				
4771	47710	0				
4772	47720	0				
4773	47730	0				
4774	47740	0				
4775	47750	0				
4776	47760	0				
4777	47770	0				
4778	47780	0				
4779	47790	0				
4780	47800	0				
4781	47810	0				
4782	47820	0				
4783	47830	0				
4784	47840	0				
4785	47850	0				
4786	47860	0				
4787	47870	0				
4788	47880	0				
4789	47890	0				
4790	47900	0				
4791	47910	0				
4792	47920	0				
4793	47930	0				
4794	47940	0				
4795	47950	0				
4796	47960	0				
4797	47970	0				
4798	47980	0				
4799	47990	0				
4800	48000	0				
4801	48010	0				
4802	48020	0				
4803	48030	0				
4804	48040	0				
4805	48050	0				
4806	48060	0				
4807	48070	0				
4808	48080	0				
4809	48090	0				
4810	48100	0				
4811	48110	0				
4812	48120	0				
4813	48130	0				
4814	48140	0				
4815	48150	0				
4816	48160	0				
4817	48170	0				
4818	48180	0				
4819	48190	0				
4820	48200	0				
4821	48210	0				
4822	48220	0				
4823	48230	0				
4824	48240	0				
4825	48250	0				
4826	48260	0				
4827	48270	0				
4828	48280	0				
4829	48290	0				
4830	48300	0				
4831	48310	0				
4832	48320	0				
4833	48330	0				
4834	48340	0				
4835	48350	0				
4836	48360	0				
4837	48370	0				
4838	48380	0				
4839	48390	0				
4840	48400	0				
4841	48410	0				
4842	48420	0				
4843	48430	0				
4844	48440	0				
4845	48450	0				
4846	48460	0				
4847	48470	0				
4848	48480	0				
4849	48490	0				
4850	48500	0				
4851	48510	0				
4852	48520	0				
4853	48530	0				
4854	48540	0				
4855	48550	0				
4856	48560	0				
4857	48570	0				
4858	48580	0				
4859	48590	0				
4860	48600	0				
4861	48610	0				
4862	48620	0				
4863	48630	0				
4864	48640	0				
4865	48650	0				
4866	48660	0				
4867	48670	0				
4868	48680	0				
4869	48690	0				
4870	48700	0				
4871	48710	0				
4872	48720	0				
4873	48730	0				
4874	48740	0				
4875	48750	0				
4876	48760	0				
4877	48770	0				
4878	48780	0				
4879	48790	0				
4880	48800	0				
4881	48810	0				
4882	48820	0				
4883	48830	0				
4884	48840	0				
4885	48850	0				
4886	48860	0				
4887	48870	0				
4888	48880	0				
4889	48890	0				
4890	48900	0				
4891	48910	0				
4892	48920	0				
4893	48930	0				
4894	48940	0				
4895	48950	0				
4896	48960	0				
4897	48970	0				
4898	48980	0				
4899	48990	0				
4900	49000	0				
4901	49010	0				
4902	49020	0				
4903	49030	0				
4904	49040	0				
4905	49050	0				
4906	49060	0				
4907	49070	0				
4908	49080	0				
4909	49090	0				
4910	49100	0				
4911	49110	0				
4912	49120	0				
4913	49130	0				
4914	49140	0				
4915	49150	0				
4916	49160	0				
4917	49170	0				
4918	49180	0				
4919	49190	0				
4920	49200	0				
4921	49210	0				
4922	49220	0				
4923	49230	0				
4924	49240	0				
4925	49250	0				
4926	49260	0				
4927	49270	0				
4928	49280	0				
4929	49290	0				
4930	49300	0				
4931	49310	0				
4932	49320	0				
4933	49330	0				
4934	49340	0				
4935	49350	0				
4936	49360	0				
4937	49370	0				
4938	49380	0				
4939	49390	0				
4940	49400	0				
4941	49410	0				
4942	49420	0				
4943	49430	0				
4944	49440	0				
4945	49450	0				
4946	49460	0				
4947	49470	0				
4948	49480	0				
4949	49490	0				
4950	49500	0				
4951	49510	0				
4952	49520	0				
4953	49530	0				
4954	49540	0				
4955	49550	0				
4956	49560	0				
4957	49570	0				
4958	49580	0				
4959	49590	0				
4960	49600	0				
4961	49610	0				
4962	49620	0				
4963	49630	0				
4964	49640	0				
4965	49650	0				
4966	49660	0				
4967	49670	0				
4968	49680	0				
4969	49690	0				
4970	49700	0				
4971	49710	0				
4972	49720	0				
4973	49730	0				
4974	49740	0				
4975	49750	0				
4976	49760	0				
4977	49770	0				
4978	49780	0				
4979	49790	0				
4980	49800	0				
4981	49810	0				
4982	49820	0				
4983	49830	0				
4984	49840	0				
4985	49850	0				
4986	49860	0				
4987	49870	0				
4988	49880	0				
4989	49890	0				
4990	49900	0				
4991	49910	0				
4992	49920	0				
4993	49930	0				
4994	49940	0				
4995	49950	0				
4996	49960	0				
4997	49970	0				
4998	49980	0				
4999	49990	0				
5000	50000	0				
5001	50010	0				
5002	50020	0				
5003	50030	0				
5004	50040	0				
5005	50050	0				
5006	50060	0				
5007	50070	0				
5008	50080	0				
5009	50090	0				
5010	50100	0				
5011	50110	0				
5012	50120	0				
5013	50130	0				
5014	50140	0				
5015	50150	0				
5016	50160	0				
5017	50170	0				
5018	50180	0				
5019	50190	0				
5020	50200	0				
5021	50210	0				
5022	50220	0				
5023	50230	0				
5024	50240	0				
5025	50250	0				
5026	50260	0				
5027	50270	0				
5028	50280	0				
5029	50290	0				
5030	50300	0				
5031	50310	0				
5032	50320	0				
5033	50330	0				
5034	50340	0				
5035	50350	0				
5036	50360	0				
5037	50370	0				
5038	50380	0				
5039	50390	0				
5040	50400	0				
5041	50410	0				
5042	50420	0				
5043	50430	0				
5044	50440	0				
5045	50450	0				
5046	50460	0				
5047	50470	0				
5048	50480	0				
5049	50490	0				
5050	50500	0				
5051	50510	0				
5052	50520	0				
5053	50530	0				
5054	50540	0				
5055	50550	0				
5056	50560	0				
5057	50570	0				
5058	50580	0				
5059	50590	0				
5060	50600	0				
5061	50610	0				
5062	50620	0				
5063	50630	0				
5064	50640	0				
5065	50650	0				
5066	50660	0				
5067	50670	0				
5068	50680	0				
5069	50690	0				
5070	50700	0				
5071	50710	0				
5072	50720	0				
5073	50730	0				
5074	50740	0				
5075	50750	0				
5076	50760	0				
5077	50770	0				
5078	50780	0				
5079	50790	0				
5080	50800	0				
5081	50810	0				
5082	50820	0				
5083	50830	0				
5084	50840	0				
5085	50850	0				
5086	50860	0				
5087	50870	0				
5088	50880	0				
5089	50890	0				
5090	50900	0				
5091	50910	0				
5092	50920	0				
5093	50930	0				
5094	50940	0				
5095	50950	0				
5096	50960	0				
5097	50970	0				
5098	50980	0				
5099	50990	0				
5100	51000	0				
5101	51010	0				
5102	51020	0				
5103	51030	0				
5104	51040	0				
5105	51050	0				
5106	51060	0				
5107	51070	0				
5108	51080	0				
5109	51090	0				
5110	51100	0				
5111	51110	0				
5112	51120	0				
5113	51130	0				
5114	51140	0				
5115	51150	0				
5116	51160	0				
5117	51170	0				
5118	51180	0				
5119	51190	0				
5120	51200	0				
5121	51210	0				
5122	51220	0				
5123	51230	0				
5124	51240	0				
5125	51250	0				
5126	51260	0				
5127	51270	0				
5128	51280	0				
5129	51290	0				
5130	51300	0				
5131	51310	0				
5132	51320	0				
5133	51330	0				
5134	51340	0				
5135	51350	0				
5136	51360	0				
5137	51370	0				
5138	51380	0				
5139	51390	0				
5140	51400	0				
5141	51410	0				
5142	51420	0				
5143	51430	0				
5144	51440	0				
5145	51450	0				
5146	51460	0				
5147	51470	0				
5148	51480	0				
5149	51490	0				
5150	51500	0				
5151	51510	0				
5152	51520	0				
5153	51530	0				
5154	51540	0				
5155	51550	0				
5156	51560	0				
5157	51570	0				
5158	51580	0				
5159	51590	0				
5160	51600	0				
5161	51610	0				
5162	51620	0				
5163	51630	0				
5164	51640	0				
5165	51650	0				
5166	51660	0				
5167	51670	0				
5168	51680	0				
5169	51690	0				
5170	51700	0				
5171	51710	0				
5172	51720	0				
5173	51730	0				
5174	51740	0				
5175	51750	0				
5176	51760	0				
5177	51770	0				
5178	51780	0				
5179	51790	0				
5180	51800	0				
5181	51810	0				
5182	51820	0				
5183	51830	0				
5184	51840	0				
5185	51850	0				
5186	51860	0				
5187	51870	0				
5188	51880	0				
5189	51890	0				
5190	51900	0				
5191	51910	0				
5192	51920	0				
5193	51930	0				
5194	51940	0				
5195	51950	0				
5196	51960	0				
5197	51970	0				
5198	51980	0				
5199	51990	0				
5200	52000	0				
5201	52010	0				
5202	52020	0				
5203	52030	0				
5204	52040	0				
5205	52050	0				
5206	52060	0				
5207	52070	0				
5208	52080	0				
5209	52090	0				
5210	52100	0				
5211	52110	0				
5212	52120	0				
5213	52130	0				
5214	52140	0				
5215	52150	0				
5216	52160	0				
5217	52170	0				
5218	52180	0				
5219	52190	0				
5220	52200	0				
5221	52210	0				
5222	52220	0				
5223	52230	0				
5224	52240	0				
5225	52250	0				
5226	52260	0				
5227	52270	0				
5228	52280	0				
5229	52290	0				
5230	52300	0				
5231	52310	0				
5232	52320	0				
5233	52330	0				
5234	52340	0				
5235	52350	0				
5236	52360	0				
5237	52370	0				
5238	52380	0				
5239	52390	0				
5240	52400	0				
5241	52410	0				
5242	52420	0		0.064774647887324		
5243	52430	0	0	0.134397887323944		
5244	52440	0	0	0.101167605633803		
5245	52450	0	0	0.15891338028169		
5246	52460	0	0	0.254490845070423		
5247	52470	0	0	0.251169718309859		
5248	52480	0	0	0.337069014084507		
5249	52490	0	0	0.310398591549296		
5250	52500	0	0	0.503473943661972		
5251	52510	0	0	0.571392253521127		
5252	52520	0	0	0.459760563380282		
5253	52530	0	0	0.621221830985916		
5254	52540	0	0	0.466428169014085		
5255	52550	0	0	0.306335915492958	0	0.306335915492958
5256	52560	0	0	0.187054225352113	0	0.187054225352113
5257	52570	0	0	0.138771126760564	0	0.138771126760564
5258	52580	0	0	0.127419718309859	0	0.127419718309859
5259	52590	0	0	0.110566901408451	0	0.110566901408451
5260	52600	0	0	0.137833098591549	0	0.137833098591549
5261	52610	0	0	0.118850704225352	0	0.118850704225352
5262	52620	0	0	0.115054225352113	0	0.115054225352113
5263	52630	0	0	0.112183098591549	0	0.112183098591549
5264	52640	0	0	0.122469718309859	0	0.122469718309859
5265	52650	0	0.02	0.121880281690141	0.000512491470739111	0.121367790219402
5266	52660	0	0	0.120137323943662	0.00259594385741195	0.11754138008625
5267	52670	0	0	0.129631690140845	0.00271376741879642	0.126917922722049
5268	52680	0	0	0.12105	0.00214739370049429	0.118902606299506
5269	52690	0	0	0.157227464788732	0.00153957052757331	0.155687894261159
5270	52700	0	0	0.27687676056338	0.00118467037965238	0.275692090183728
5271	52710	0	0	0.260372535211268	0.000928262044521404	0.259444273166746
5272	52720	0	0	0.382398591549296	0.000757110960659257	0.381641480588637
5273	52730	0	0.02	0.445011971830986	0.00125988321351795	0.443752088617468
5274	52740	0	0	0.431860563380282	0.00247148987727936	0.429389073503002
5275	52750	0	0	0.357800704225352	0.00217630835348273	0.355624395871869
5276	52760	0	0	0.303135211267606	0.00196595536715981	0.301169255900446
5277	52770	0	0	0.372067605633803	0.00165534355103352	0.370412262082769
5278	52780	0	0	0.264054929577465	0.000851538215060236	0.263203391362405
5279	52790	0	0	0.278201408450704	0.000846966409298357	0.277354442041406
5280	52800	0	0.25	0.20982676056338	0.00783344721146714	0.201993313351913
5281	52810	0	0.49	0.183257746478873	0.036842224222824	0.146415522256049
5282	52820	0	0.93	0.219733098591549	0.0921335672285212	0.127599531363028
5283	52830	0	0.34	0.448123943661972	0.153099569072004	0.295024374589968
5284	52840	0	0.37	0.435200704225352	0.171446926509677	0.263753777715675
5285	52850	0	0	0.394269718309859	0.170783422713301	0.223486295596558
5286	52860	0	0	0.28986338028169	0.139617505675737	0.150245874605953
5287	52870	0	0	0.223903521126761	0.113157438924191	0.110746082202569
5288	52880	0	0.03	0.168464788732395	0.090727983819706	0.0777368049126886
5289	52890	0	0.91	0.197182394366197	0.0941033823005173	0.10307901206568
5290	52900	0	0.1	0.328969014084507	0.137055171759583	0.191913842324924
5291	52910	0	0.8	0.385757746478873	0.149689592628789	0.236068153850084
5292	52920	0	0.42	0.499664788732395	0.193485521254747	0.306179267477648
5293	52930	0	0.06	0.462771126760563	0.188746228049053	0.274024898711511
5294	52940	0	0	0.35543661971831	0.165117177712876	0.190319442005434
5295	52950	0	0	0.265183098591549	0.131434630341036	0.133748468250513
5296	52960	0	0	0.204921126760564	0.0909775571206317	0.113943569639932
5297	52970	0	0	0.153697183098592	0.0746111174100922	0.0790860656884994
5298	52980	0	0	0.131349295774648	0.0555333397880145	0.0758159559866336
5299	52990	0	0.43	0.121398591549296	0.0503501596193178	0.0710484319299781
5300	53000	0	1.25	0.146845774647887	0.119944213154021	0.0269015614938666
5301	53010	0	0.8	0.380066197183099	0.268270999503414	0.111795197679685
5302	53020	0	0.01	0.43180985915493	0.334349193722533	0.0974606654323966
5303	53030	0	0	0.335319718309859	0.289530439529345	0.0457892787805139
5304	53040	0	0	0.249990845070423	0.213256129676334	0.0367347153940885
5305	53050	0	0	0.203862676056338	0.156961727222767	0.0469009488335714
5306	53060	0	0	0.160916197183099	0.122223838266531	0.0386923589165676
5307	53070	0	0	0.129542957746479	0.0992817453769366	0.0302612123695422
5308	53080	0	0.06	0.116397887323944	0.0893829523778989	0.0270149349460449
5309	53090	0	0	0.103899295774648	0.089465971126215	0.0144333246484328
5310	53100	0	0	0.094487323943662	0.0756500730518979	0.0188372508917641
5311	53110	0	0	0.0867802816901408	0.0642431849393109	0.02253709675083
5312	53120	0	0	0.0781542253521127	0.0571482519389807	0.021005973413132
5313	53130	0	0	0.0732802816901408	0.0264424917091918	0.046837789980949
5314	53140	0	0	0.0685964788732394	0.00288585346492893	0.0657106254083105
5315	53150	0	0	0.0627908450704226	0.00227133288197777	0.0605195121884448
5316	53160	0	0	0.0565161971830986	0.00201014782986234	0.0545060493532362
5317	53170	0	0	0.0541014084507043	0.0021292292854693	0.051972179165235
5318	53180	0	0	0.0510021126760563	0.00143539026163879	0.0495667224144176
5319	53190	0	0	0.0473197183098591	0.00126004942450557	0.0460596688853536
5320	53200	0	0	0.0436943661971831	0.00170947279105613	0.041984893406127
5321	53210	0	0	0.0413556338028169	0	0.0413556338028169
5322	53220	0	0	0.040512676056338	0	0.040512676056338
5323	53230	0	0.04	0.0383007042253521	0.000340355744476515	0.0379603484808756
5324	53240	0	0.09	0.0343267605633803	0.00313251781095357	0.0311942427524267
5325	53250	0	0.08	0.0302387323943662	0.00909633317449132	0.0211423992198749
5326	53260	0	0	0.032843661971831	0.0142626853203006	0.0185809766515304
5327	53270	0	1.17	0.0405760563380282	0.0161711093988898	0.0244049469391384
5328	53280	0	0.98	0.085461971830986	0.0474061612608589	0.0380558105701271
5329	53290	0	0.06	0.170841549295775	0.124309145502077	0.0465324037936978
5330	53300	0	0.04	0.173890140845071	0.140452323973692	0.033437816871379
5331	53310	0	0	0.138156338028169	0.119563295586694	0.0185930424414755
5332	53320	0	0	0.116093661971831	0.100997219231264	0.0150964427405666
5333	53330	0	0	0.0988922535211268	0.0810839134092644	0.0178083401118624
5334	53340	0	0	0.0858992957746479	0.0634747974025482	0.0224244983720997
5335	53350	0	0	0.0735021126760564	0.0578960681202486	0.0156060445558078
5336	53360	0	0	0.0637669014084507	0.0522606757547382	0.0115062256537125
5337	53370	0	0.56	0.0628669014084507	0.0467437696336608	0.0161231317747899
5338	53380	0	0	0.0590830985915493	0.0757686878289045	-0.0166855892373552
5339	53390	0	0.12	0.0541774647887324	0.0858390533746279	-0.0316615885858955
5340	53400	0.544063196847126	0	0.0502225352112676	0.069688153183471	-0.0194656179722034
5341	53410	0.862151275273837	0.34	0.0469584507042254	0.0456975772768465	0.00126087342737888
5342	53420	0.681483340916049	0	0.0453612676056338	0.0543160675721428	-0.00895479996650902
5343	53430	0.733823786044397	0	0.043637323943662	0.0532366672435439	-0.00959934329988196
5344	53440	0.74132175381264	0	0.0398535211267606	0.0432603318002434	-0.00340681067348281
5345	53450	0.778196684330817	0	0.0345485915492958	0.0380336865522697	-0.00348509500297388
5346	53460	0.889408446310227	0	0.0318295774647887	0.0312693401402523	0.000560237324536417
5347	53470	0.832757971723938	0	0.028362676056338	0.028693832869074	-0.000331156812735989
5348	53480	0.866877847601892	0	0.0263408450704226	0.0270655396857486	-0.000724694615326073
5349	53490	0.867225929767036	0	0.0238690140845071	0.0256401273689696	-0.00177111328446258
5350	53500	0.991094642065986	0	0.0221450704225352	0.0105152477117123	0.0116298227108229
5351	53510	0.971393731141789	0	0.0209535211267606	0.0110922380190867	0.00986128310767382
5352	53520	0.980997471977394	0	0.020237323943662	0.00904605320795098	0.011191270735711
5353	53530	0.988470741707943	0	0.0194957746478873	0.00849086158252931	0.011004913065358
5354	53540	0.99962282427511	0	0.0183232394366197	0	0.0183232394366197
5355	53550	0.999927459934426	0.01	0.0177274647887324	1.65305542956141e-05	0.0177109342344368
5356	53560	0.999929774079139	0	0.0179176056338028	0.000230488990423054	0.0176871166433798
5357	53570	0.99006956858385	0.7	0.0177908450704225	0.00163287379804726	0.0161579712723753
5358	53580	0.999007713506588	0.01	0.0251683098591549	0.0165944345611166	0.00857387529803831
5359	53590	0.946459303667042	2	0.0453295774647887	0.037195713886626	0.00813386357816273
5360	53600	0.169199245461857	0.39	0.185000704225352	0.0812304357475646	0.103770268477787
5361	53610	0.122431357671117	0	0.276078169014084	0.143907972548271	0.132170196465813
5362	53620	0.326059639908862	0.09	0.231230281690141	0.141719821062624	0.0895104606275167
5363	53630	0.631342917251779	0.38	0.199565492957747	0.130612985125911	0.0689525078318358
5364	53640	0.476082704897212	0.05	0.20256338028169	0.132165416165219	0.0703979641164715
5365	53650	0.610938019520514	0.01	0.175924647887324	0.116059747022863	0.0598649008644608
5366	53660	0.773637153890119	0.05	0.142453521126761	0.0979042874781426	0.0445492336486181
5367	53670	0.843688722966558	0	0.125334507042254	0.0907491345906858	0.0345853724515679
5368	53680	0.908702355987214	0	0.105851408450704	0.0810057143405547	0.0248456941101495
5369	53690	0.939993904367928	0	0.0907795774647887	0.0693059778147728	0.0214735996500159
5370	53700	0.911620778674125	0	0.078274647887324	0.0545906221084787	0.0236840257788453
5371	53710	0.929997921027577	0	0.06795	0.0454604176449418	0.0224895823550582
5372	53720	0.853049913722169	0	0.0608830985915493	0.0201328195870223	0.0407502790045271
5373	53730	0.822640865357102	0	0.0532394366197183	0.00736157058553167	0.0458778660341867
5374	53740	0.906337826484204	0	0.0478711267605634	0.00619717191232634	0.0416739548482371
5375	53750	0.949612855009262	0	0.0431302816901409	0.00523405193618824	0.0378962297539526
5376	53760	0.870849495591892	0	0.0389028169014085	0.00117517109222967	0.0377276458091788
5377	53770	0.88407631283938	0.03	0.0366654929577465	0.000833884253820515	0.035831608703926
5378	53780	0.919885173283432	0	0.0349478873239437	0.00228037469623465	0.032667512627709
5379	53790	0.919895046333436	0	0.0338323943661972	0.00231788067547884	0.0315145136907183
5380	53800	0.941175141377937	0	0.0319309859154929	0.00193170639157592	0.029999279523917
5381	53810	0.955035863748267	0	0.0297570422535211	0.00169567517772368	0.0280613670757975
5382	53820	0.964556672814142	0	0.0282359154929578	0.00139649329823509	0.0268394221947227
5383	53830	0.975578488581466	0	0.0262394366197183	0.00108132065413692	0.0251581159655814
5384	53840	0.97931645452073	0	0.0252823943661972	0.000845447473362996	0.0244369468928342
5385	53850	0.988392719736732	0	0.0235014084507042	0.000776290281510018	0.0227251181691942
5386	53860	0.990719618372351	0	0.0225823943661972	0.000646104975007286	0.0219362893911899
5387	53870	0.995359569061937	0	0.0214985915492958	0.000714305589079405	0.0207842859602164
5388	53880	0.997333884701532	0	0.0207253521126761	0.000798181165407439	0.0199271709472686
5389	53890	0.997707910280041	0	0.0203450704225352	0.000749193669046704	0.0195958767534885
5390	53900	0.998215978273059	0	0.0194260563380282	0	0.0194260563380282
5391	53910	0.998763630595461	0	0.0190838028169014	0	0.0190838028169014
5392	53920	0.998836280929706	0	0.0190330985915493	0	0.0190330985915493
5393	53930	0.998464830274032	0.06	0.0188619718309859	9.91833257736848e-05	0.0187627885052122
5394	53940	0.999829893247574	0	0.0187795774647887	0.00138293394253832	0.0173966435222504
5395	53950	0.99929882051542	0	0.0186718309859155	0.00285440998412564	0.0158174210017899
5396	53960	0.996004971834095	0.52	0.0195718309859155	0.00352163688661526	0.0160501940993002
5397	53970	0.992087314456042	0	0.0214542253521127	0.0141314128356848	0.00732281251642793
5398	53980	0.843397245612881	0	0.020224647887324	0.0264254603771107	-0.00620081248978673
5399	53990	0.815457302186871	0	0.0191978873239437	0.024302933183955	-0.00510504586001132
5400	54000	0.914863777947894	0	0.0186718309859155	0.019534822940241	-0.00086299195432547
5401	54010	0.942201875026548	0	0.0185767605633803	0.0157055263218043	0.00287123424157596
5402	54020	0.96479922559321	0	0.0180253521126761	0.0116576211693948	0.00636773094328122
5403	54030	0.977705712417004	0	0.0177654929577465	0.00895554402607614	0.00880994893167036
5404	54040	0.969388962569033	0.01	0.0173345070422535	0.0102861994664272	0.00704830757582634
5405	54050	0.978852386850129	0	0.017106338028169	0.00942514938574384	0.00768118864242517
5406	54060	0.977561808075931	0	0.0167450704225352	0.00776516478095512	0.00897990564158008
5407	54070	0.981416933726827	0	0.0161302816901408	0.00811902397291514	0.00801125771722569
5408	54080	0.990871413722839	0.02	0.016193661971831	0.00634960900759263	0.00984405296423837
5409	54090	0.998211046819538	0	0.0158323943661972	0.000742184733294186	0.015090209632903
5410	54100	0.996855598067134	0	0.0157056338028169	0.00115677832290513	0.0145488554799117
5411	54110	0.995653816634768	0	0.0152429577464789	0.00104339658468602	0.0141995611617929
5412	54120	0.995625783337833	0	0.0149260563380282	0.00089579097697936	0.0140302653610488
5413	54130	0.999687693993865	0.22	0.0155978873239437	0.00108968371659507	0.0145082036073486
5414	54140	0	0	0.0149070422535211	0.00562155578769269	0.00928548646582846
5415	54150	0	0	0.0146788732394366	0.0109258672734085	0.00375300596602816
5416	54160	0	0.36	0.0150781690140845	0.0108314618348957	0.00424670717918879
5417	54170	0	0.01	0.0159528169014085	0.0165099431340981	-0.000557126232689689
5418	54180	0	0	0.0156422535211268	0.0238238601330193	-0.0081816066118925
5419	54190	0	0	0.0153760563380282	0.0212600123392817	-0.00588395600125354
5420	54200	0	0	0.0156232394366197	0.0169818135790177	-0.00135857414239794
5421	54210	0	0	0.0153380281690141	0.0144512830235941	0.000886745145419941
5422	54220	0	0	0.0154964788732394	0.0112714629458239	0.00422501592741551
5423	54230	0	0	0.0153190140845071	0.00890699814180461	0.00641201594270244
5424	54240	0	0	0.0153760563380282	0.00989996156086597	0.00547609477716219
5425	54250	0	0	0.0151985915492958	0.00859105732237191	0.00660753422692387
5426	54260	0	0	0.0146852112676056	0.00521012632891906	0.00947508493868658
5427	54270	0	0	0.0147169014084507	0.00545388470055934	0.00926301670789136
5428	54280	0	0	0.0144950704225352	0.00427298387803159	0.0102220865445036
5429	54290	0	0	0.014387323943662	0.000114593916860008	0.014272730026802
5430	54300	0	0	0.0142225352112676	0	0.0142225352112676
5431	54310	0	0.02	0.0136838028169014	3.30611085912283e-05	0.0136507417083102
5432	54320	0	0	0.0140197183098592	0.000460977980846108	0.013558740329013
5433	54330	0	1.04	0.0177591549295775	0.00267064764145242	0.0150885072881251
5434	54340	0	0	0.0227028169014085	0.0248582043584121	-0.00215538745700361
5435	54350	0	0	0.0317408450704225	0.0501917681694064	-0.0184509230989839
5436	54360	0	0	0.0484415492957747	0.0467045799344471	0.00173696936132758
5437	54370	0	0	0.0518514084507042	0.0376076957736161	0.0142437126770881
5438	54380	0	0	0.0535056338028169	0.0295575967151433	0.0239480370876736
5439	54390	0	0.06	0.0509323943661972	0.0222235248139944	0.0287088695522028
5440	54400	0	0	0.0609654929577465	0.0201061840614573	0.0408593088962892
5441	54410	0	0	0.0747253521126761	0.0236842274063498	0.0510411247063263
5442	54420	0	0	0.0750042253521127	0.0211728123136159	0.0538314130384967
5443	54430	0	0	0.0871669014084507	0.0181993977563691	0.0689675036520817
5444	54440	0	0	0.0891443661971831	0.018143685187886	0.0710006810092971
5445	54450	0	0	0.0894992957746479	0.0140804086617147	0.0754188871129332
5446	54460	0	0	0.0934732394366197	0.00169089494672599	0.0917823444898937
5447	54470	0	0.03	0.0904753521126761	0.00180784737137742	0.0886675047412987
5448	54480	0	0.71	0.0970605633802817	0.00910856245388377	0.0879520009263979
5449	54490	0	0.18	0.133269718309859	0.0472873263031769	0.0859823920066822
5450	54500	0	0	0.152898591549296	0.0690348062785229	0.0838637852707731
5451	54510	0	0	0.133364788732394	0.0628183978359869	0.0705463908964073
5452	54520	0	0	0.119116901408451	0.0531177108538176	0.0659991905546331
5453	54530	0	0	0.104482394366197	0.0443057131120427	0.0601766812541544
5454	54540	0	0	0.0922943661971831	0.0348156627440138	0.0574787034531692
5455	54550	0	0.01	0.0816591549295775	0.0273582266787082	0.0543009282508693
5456	54560	0	0	0.0764429577464789	0.024682672490726	0.0517602852557528
5457	54570	0	0	0.0735654929577465	0.0214358252451382	0.0521296677126082
5458	54580	0	0	0.0691669014084507	0.0222239454208557	0.046942955987595
5459	54590	0	0	0.0653957746478874	0.0244905398440738	0.0409052348038136
5460	54600	0	0	0.0636147887323944	0.0229855015926283	0.040629287139766
5461	54610	0	0	0.0602556338028169	0.00485560223232586	0.0554000315704911
5462	54620	0	0	0.0557492957746479	0.000281815824454332	0.0554674799501936
5463	54630	0	0	0.0519971830985916	0.000258763427170006	0.0517384196714216
5464	54640	0	0	0.0479408450704225	0.000215368325002429	0.0477254767454201
5465	54650	0	0	0.0444866197183099	0.000238101863026468	0.0442485178552834
5466	54660	0	0	0.0413619718309859	0.000266060388469147	0.0410959114425168
5467	54670	0	0	0.0381485915492958	0.000249731223015568	0.0378988603262802
5468	54680	0	0	0.0364183098591549	0	0.0364183098591549
5469	54690	0	0	0.0344218309859155	0	0.0344218309859155
5470	54700	0	0	0.0332239436619718	0	0.0332239436619718
5471	54710	0	0	0.0319056338028169	0	0.0319056338028169
5472	54720	0	0.09	0.0307838028169014	0.000148774988660527	0.0306350278282409
5473	54730	0	0	0.0354485915492958	0.00207440091380749	0.0333741906354883
5474	54740	0	0	0.0421732394366197	0.00428161497618846	0.0378916244604313
5475	54750	0	0.06	0.0429845070422535	0.00450360571157976	0.0384809013306738
5476	54760	0	0	0.0452725352112676	0.00676905407935102	0.0385034811319166
5477	54770	0	0	0.0495570422535211	0.00716662212299038	0.0423904201305308
5478	54780	0	0	0.0488978873239437	0.00571118773692111	0.0431866995870226
5479	54790	0	0	0.049030985915493	0.00479577542789158	0.0442352104876014
5480	54800	0	0.01	0.0492908450704225	0.00450223832434572	0.0447886067460768
5481	54810	0	0	0.0504697183098592	0.00422670280950277	0.0462430155003564
5482	54820	0	0	0.050824647887324	0.00372515391648319	0.0470994939708408
5483	54830	0	0.46	0.0504887323943662	0.00743899959466702	0.0430497327996992
5484	54840	0	0.19	0.0645908450704225	0.0317227199848955	0.032868125085527
5485	54850	0	0	0.0808478873239437	0.0486768535511827	0.032171033772761
5486	54860	0	0	0.0829647887323944	0.0462562114977239	0.0367085772346704
5487	54870	0	0.15	0.0814943661971831	0.0412910304094119	0.0402033357877713
5488	54880	0	0	0.0988161971830986	0.0412861269894132	0.0575300701936854
5489	54890	0	0	0.104659859154929	0.0372294792879849	0.0674303798669445
5490	54900	0	0	0.0970225352112677	0.0297085258886725	0.0673140093225952
5491	54910	0	0	0.0885232394366197	0.0260020545915401	0.0625211848450796
5492	54920	0	0	0.0804169014084507	0.0220556457805328	0.0583612556279179
5493	54930	0	0	0.072893661971831	0.0204512871449483	0.0524423748268827
5494	54940	0	0	0.0678422535211268	0.0209899506338986	0.0468523028872281
5495	54950	0	0.04	0.0629492957746479	0.0207645907916565	0.0421847049829914
5496	54960	0	0	0.0589246478873239	0.0103421354982136	0.0485825123891103
5497	54970	0	0	0.0560345070422535	0.00666203551270214	0.0493724715295514
5498	54980	0	0	0.0544056338028169	0.00656651434913843	0.0478391194536785
5499	54990	0	0	0.0524725352112676	0.00600686858219842	0.0464656666290692
5500	55000	0	0	0.0491450704225352	0.00186199106431345	0.0472830793582218
5501	55010	0	0	0.0466922535211268	0.00144176087218255	0.0452504926489442
5502	55020	0	0	0.0441316901408451	0.00112726329781733	0.0430044268430278
5503	55030	0	0	0.0430035211267606	0.00103505370868002	0.0419684674180805
5504	55040	0	0	0.041837323943662	0.000861473300009715	0.0409758506436523
5505	55050	0	0	0.0402338028169014	0.000952407452105873	0.0392813953647955
5506	55060	0	0	0.0389661971830986	0.00106424155387659	0.037901955629222
5507	55070	0	0	0.0369316901408451	0.000998924892062272	0.0359327652487828
5508	55080	0	0.01	0.036006338028169	8.50889361191288e-05	0.0359212490920499
5509	55090	0	0	0.0338514084507042	0.000591679346470352	0.0332597291042339
5510	55100	0	0	0.0324380281690141	0.000772626891826279	0.0316654012771878
5511	55110	0	0	0.0308345070422535	0.000643902130525307	0.0301906049117282
5512	55120	0	0	0.029224647887324	0.000565225059241225	0.0286594228280827
5513	55130	0	0	0.0284387323943662	0.000465497766078363	0.0279732346282878
5514	55140	0	0	0.0275197183098592	0.000360440218045639	0.0271592780918135
5515	55150	0	0.05	0.0282929577464789	0.000364468595932403	0.0279284891505465
5516	55160	0	0.5	0.0283880281690141	0.00223773609406598	0.0261502920749481
5517	55170	0	0	0.0284894366197183	0.0141184928329265	0.0143709437867918
5518	55180	0	0.04	0.0276845070422535	0.0263093473339587	0.00137515970829483
5519	55190	0	0.04	0.027462676056338	0.0252261935391098	0.00223648251722825
5520	55200	0	0	0.0268859154929578	0.0223638720504148	0.00452204344254299
5521	55210	0	0		0.0187645179616328	
5522	55220	0				
5523	55230	0				
5524	55240	0				
5525	55250	0				
5526	55260	0				
5527	55270	0				
5528	55280	0				
5529	55290	0				
5530	55300	0				
5531	55310	0				
5532	55320	0				
5533	55330	0				
5534	55340	0				
5535	55350	0				
5536	55360	0				
5537	55370	0				
5538	55380	0				
5539	55390	0				
5540	55400	0				
5541	55410	0				
5542	55420	0				
5543	55430	0				
5544	55440	0				
5545	55450	0				
5546	55460	0				
5547	55470	0				
5548	55480	0				
5549	55490	0				
5550	55500	0				
5551	55510	0				
5552	55520	0				
5553	55530	0				
5554	55540	0				
5555	55550	0				
5556	55560	0				
5557	55570	0				
5558	55580	0				
5559	55590	0				
5560	55600	0				
5561	55610	0				
5562	55620	0				
5563	55630	0				
5564	55640	0				
5565	55650	0				
5566	55660	0				
5567	55670	0				
5568	55680	0				
5569	55690	0				
5570	55700	0				
5571	55710	0				
5572	55720	0				
5573	55730	0				
5574	55740	0				
5575	55750	0				
5576	55760	0				
5577	55770	0				
5578	55780	0				
5579	55790	0				
5580	55800	0				
5581	55810	0				
5582	55820	0				
5583	55830	0				
5584	55840	0				
5585	55850	0				
5586	55860	0				
5587	55870	0				
5588	55880	0				
5589	55890	0				
5590	55900	0				
5591	55910	0				
5592	55920	0				
5593	55930	0				
5594	55940	0				
5595	55950	0				
5596	55960	0				
5597	55970	0				
5598	55980	0				
5599	55990	0				
5600	56000	0				
5601	56010	0				
5602	56020	0				
5603	56030	0				
5604	56040	0				
5605	56050	0				
5606	56060	0				
5607	56070	0				
5608	56080	0				
5609	56090	0				
5610	56100	0				
5611	56110	0				
5612	56120	0				
5613	56130	0				
5614	56140	0				
5615	56150	0				
5616	56160	0				
5617	56170	0				
5618	56180	0				
5619	56190	0				
5620	56200	0				
5621	56210	0				
5622	56220	0				
5623	56230	0				
5624	56240	0				
5625	56250	0				
5626	56260	0				
5627	56270	0				
5628	56280	0				
5629	56290	0				
5630	56300	0				
5631	56310	0				
5632	56320	0				
5633	56330	0				
5634	56340	0				
5635	56350	0				
5636	56360	0				
5637	56370	0				
5638	56380	0				
5639	56390	0				
5640	56400	0				
5641	56410	0				
5642	56420	0				
5643	56430	0				
5644	56440	0				
5645	56450	0				
5646	56460	0				
5647	56470	0				
5648	56480	0				
5649	56490	0				
5650	56500	0				
5651	56510	0				
5652	56520	0				
5653	56530	0				
5654	56540	0				
5655	56550	0				
5656	56560	0				
5657	56570	0				
5658	56580	0				
5659	56590	0				
5660	56600	0				
5661	56610	0				
5662	56620	0				
5663	56630	0				
5664	56640	0				
5665	56650	0				
5666	56660	0				
5667	56670	0				
5668	56680	0				
5669	56690	0				
5670	56700	0				
5671	56710	0				
5672	56720	0				
5673	56730	0				
5674	56740	0				
5675	56750	0				
5676	56760	0				
5677	56770	0				
5678	56780	0				
5679	56790	0				
5680	56800	0				
5681	56810	0				
5682	56820	0				
5683	56830	0				
5684	56840	0				
5685	56850	0				
5686	56860	0				
5687	56870	0				
5688	56880	0				
5689	56890	0				
5690	56900	0				
5691	56910	0				
5692	56920	0				
5693	56930	0				
5694	56940	0				
5695	56950	0				
5696	56960	0				
5697	56970	0				
5698	56980	0				
5699	56990	0				
5700	57000	0				
5701	57010	0				
5702	57020	0				
5703	57030	0				
5704	57040	0				
5705	57050	0				
5706	57060	0				
5707	57070	0				
5708	57080	0				
5709	57090	0				
5710	57100	0				
5711	57110	0				
5712	57120	0				
5713	57130	0				
5714	57140	0				
5715	57150	0				
5716	57160	0				
5717	57170	0				
5718	57180	0				
5719	57190	0				
5720	57200	0				
5721	57210	0				
5722	57220	0				
5723	57230	0				
5724	57240	0				
5725	57250	0				
5726	57260	0				
5727	57270	0				
5728	57280	0				
5729	57290	0				
5730	57300	0				
5731	57310	0				
5732	57320	0				
5733	57330	0				
5734	57340	0				
5735	57350	0				
5736	57360	0				
5737	57370	0				
5738	57380	0				
5739	57390	0				
5740	57400	0				
5741	57410	0				
5742	57420	0				
5743	57430	0				
5744	57440	0				
5745	57450	0				
5746	57460	0				
5747	57470	0				
5748	57480	0				
5749	57490	0				
5750	57500	0				
5751	57510	0				
5752	57520	0				
5753	57530	0				
5754	57540	0				
5755	57550	0				
5756	57560	0				
5757	57570	0				
5758	57580	0				
5759	57590	0				
5760	57600	0				
5761	57610	0				
5762	57620	0				
5763	57630	0				
5764	57640	0				
5765	57650	0				
5766	57660	0				
5767	57670	0				
5768	57680	0				
5769	57690	0				
5770	57700	0				
5771	57710	0				
5772	57720	0				
5773	57730	0				
5774	57740	0				
5775	57750	0				
5776	57760	0				
5777	57770	0				
5778	57780	0				
5779	57790	0				
5780	57800	0				
5781	57810	0				
5782	57820	0				
5783	57830	0				
5784	57840	0				
5785	57850	0				
5786	57860	0				
5787	57870	0				
5788	57880	0				
5789	57890	0				
5790	57900	0				
5791	57910	0				
5792	57920	0				
5793	57930	0				
5794	57940	0				
5795	57950	0				
5796	57960	0				
5797	57970	0				
5798	57980	0				
5799	57990	0				
5800	58000	0				
5801	58010	0				
5802	58020	0				
5803	58030	0				
5804	58040	0				
5805	58050	0				
5806	58060	0				
5807	58070	0				
5808	58080	0				
5809	58090	0				
5810	58100	0				
5811	58110	0				
5812	58120	0				
5813	58130	0				
5814	58140	0				
5815	58150	0				
5816	58160	0				
5817	58170	0				
5818	58180	0				
5819	58190	0				
5820	58200	0				
5821	58210	0				
5822	58220	0				
5823	58230	0				
5824	58240	0				
5825	58250	0				
5826	58260	0				
5827	58270	0				
5828	58280	0				
5829	58290	0				
5830	58300	0				
5831	58310	0				
5832	58320	0				
5833	58330	0				
5834	58340	0				
5835	58350	0				
5836	58360	0				
5837	58370	0				
5838	58380	0				
5839	58390	0				
5840	58400	0				
5841	58410	0				
5842	58420	0				
5843	58430	0				
5844	58440	0				
5845	58450	0				
5846	58460	0				
5847	58470	0				
5848	58480	0				
5849	58490	0				
5850	58500	0				
5851	58510	0				
5852	58520	0				
5853	58530	0				
5854	58540	0				
5855	58550	0				
5856	58560	0				
5857	58570	0				
5858	58580	0				
5859	58590	0				
5860	58600	0				
5861	58610	0				
5862	58620	0				
5863	58630	0				
5864	58640	0				
5865	58650	0				
5866	58660	0				
5867	58670	0				
5868	58680	0				
5869	58690	0				
5870	58700	0				
5871	58710	0				
5872	58720	0				
5873	58730	0				
5874	58740	0				
5875	58750	0				
5876	58760	0				
5877	58770	0				
5878	58780	0				
5879	58790	0				
5880	58800	0				
5881	58810	0				
5882	58820	0				
5883	58830	0				
5884	58840	0				
5885	58850	0				
5886	58860	0				
5887	58870	0				
5888	58880	0				
5889	58890	0				
5890	58900	0				
5891	58910	0				
5892	58920	0				
5893	58930	0				
5894	58940	0				
5895	58950	0				
5896	58960	0				
5897	58970	0				
5898	58980	0				
5899	58990	0				
5900	59000	0				
5901	59010	0				
5902	59020	0				
5903	59030	0				
5904	59040	0				
5905	59050	0				
5906	59060	0				
5907	59070	0				
5908	59080	0				
5909	59090	0				
5910	59100	0				
5911	59110	0				
5912	59120	0				
5913	59130	0				
5914	59140	0				
5915	59150	0				
5916	59160	0				
5917	59170	0				
5918	59180	0				
5919	59190	0				
5920	59200	0				
5921	59210	0				
5922	59220	0				
5923	59230	0				
5924	59240	0				
5925	59250	0				
5926	59260	0				
5927	59270	0				
5928	59280	0				
5929	59290	0				
5930	59300	0				
5931	59310	0				
5932	59320	0				
5933	59330	0				
5934	59340	0				
5935	59350	0				
5936	59360	0				
5937	59370	0				
5938	59380	0				
5939	59390	0				
5940	59400	0				
5941	59410	0				
5942	59420	0				
5943	59430	0				
5944	59440	0				
5945	59450	0				
5946	59460	0				
5947	59470	0				
5948	59480	0				
5949	59490	0				
5950	59500	0				
5951	59510	0				
5952	59520	0				
5953	59530	0				
5954	59540	0				
5955	59550	0				
5956	59560	0				
5957	59570	0				
5958	59580	0				
5959	59590	0				
5960	59600	0				
5961	59610	0				
5962	59620	0				
5963	59630	0				
5964	59640	0				
5965	59650	0				
5966	59660	0				
5967	59670	0				
5968	59680	0				
5969	59690	0				
5970	59700	0				
5971	59710	0				
5972	59720	0				
5973	59730	0				
5974	59740	0				
5975	59750	0				
5976	59760	0				
5977	59770	0				
5978	59780	0				
5979	59790	0				
5980	59800	0				
5981	59810	0				
5982	59820	0				
5983	59830	0				
5984	59840	0				
5985	59850	0				
5986	59860	0				
5987	59870	0				
5988	59880	0				
5989	59890	0				
5990	59900	0				
5991	59910	0				
5992	59920	0				
5993	59930	0				
5994	59940	0				
5995	59950	0				
5996	59960	0				
5997	59970	0				
5998	59980	0				
5999	59990	0				
6000	60000	0				
6001	60010	0				
6002	60020	0				
6003	60030	0				
6004	60040	0				
6005	60050	0				
6006	60060	0				
6007	60070	0				
6008	60080	0				
6009	60090	0				
6010	60100	0				
6011	60110	0				
6012	60120	0				
6013	60130	0				
6014	60140	0				
6015	60150	0				
6016	60160	0				
6017	60170	0				
6018	60180	0				
6019	60190	0				
6020	60200	0				
6021	60210	0				
6022	60220	0				
6023	60230	0				
6024	60240	0				
6025	60250	0				
6026	60260	0				
6027	60270	0				
6028	60280	0				
6029	60290	0				
6030	60300	0				
6031	60310	0				
6032	60320	0				
6033	60330	0				
6034	60340	0				
6035	60350	0				
6036	60360	0				
6037	60370	0				
6038	60380	0				
6039	60390	0				
6040	60400	0				
6041	60410	0				
6042	60420	0				
6043	60430	0				
6044	60440	0				
6045	60450	0				
6046	60460	0				
6047	60470	0				
6048	60480	0				
6049	60490	0				
6050	60500	0				
6051	60510	0				
6052	60520	0				
6053	60530	0				
6054	60540	0				
6055	60550	0				
6056	60560	0				
6057	60570	0				
6058	60580	0				
6059	60590	0				
6060	60600	0				
6061	60610	0				
6062	60620	0				
6063	60630	0				
6064	60640	0				
6065	60650	0				
6066	60660	0				
6067	60670	0				
6068	60680	0				
6069	60690	0				
6070	60700	0				
6071	60710	0				
6072	60720	0				
6073	60730	0				
6074	60740	0				
6075	60750	0				
6076	60760	0				
6077	60770	0				
6078	60780	0				
6079	60790	0				
6080	60800	0				
6081	60810	0				
6082	60820	0				
6083	60830	0				
6084	60840	0				
6085	60850	0				
6086	60860	0				
6087	60870	0				
6088	60880	0				
6089	60890	0				
6090	60900	0				
6091	60910	0				
6092	60920	0				
6093	60930	0				
6094	60940	0				
6095	60950	0				
6096	60960	0				
6097	60970	0				
6098	60980	0				
6099	60990	0				
6100	61000	0				
6101	61010	0				
6102	61020	0				
6103	61030	0				
6104	61040	0				
6105	61050	0				
6106	61060	0				
6107	61070	0				
6108	61080	0				
6109	61090	0				
6110	61100	0		0.100825352112676		
6111	61110	0	0	0.137661971830986		
6112	61120	0	0	0.181825352112676		
6113	61130	0	0	0.160985915492958		
6114	61140	0	0	0.1926		
6115	61150	0	0	0.206847887323944		
6116	61160	0	0	0.199952112676057		
6117	61170	0	0	0.200218309859155		
6118	61180	0	0	0.173104225352113		
6119	61190	0	0	0.211538028169014		
6120	61200	0	0	0.208191549295775		
6121	61210	0	0	0.246067605633803		
6122	61220	0	0	0.314822535211268		
6123	61230	0	0	0.302754929577465	0	0.302754929577465
6124	61240	0	0	0.358453521126761	0	0.358453521126761
6125	61250	0	0	0.219828169014084	0	0.219828169014084
6126	61260	0	0	0.226292957746479	0	0.226292957746479
6127	61270	0	0	0.203729577464789	0	0.203729577464789
6128	61280	0	0	0.165929577464789	0	0.165929577464789
6129	61290	0	0.01	0.162152112676056	0.000294916968448584	0.161857195707608
6130	61300	0	0	0.110611267605634	0.000880873391061464	0.109730394214572
6131	61310	0	0	0.134264788732394	0.000848922466468234	0.133415866265926
6132	61320	0	0	0.104197183098592	0.000772969446162309	0.103424213652429
6133	61330	0	0	0.0786169014084507	0.000542759643674072	0.0780741417647767
6134	61340	0	0	0.0744845070422535	0.000425769107530118	0.0740587379347234
6135	61350	0	0	0.0684760563380282	0.000423483204649178	0.068052573133379
6136	61360	0	0	0.0653577464788732	0.000230261500126274	0.065127484978747
6137	61370	0	0	0.0619859154929578	0.000184728996153383	0.0618011864968044
6138	61380	0	0	0.0588422535211268	0.000160215669542645	0.0586820378515841
6139	61390	0	0	0.0558	0.000114864882517278	0.0556851351174827
6140	61400	0	0	0.0529352112676056	9.5510022819682e-05	0.052839701244786
6141	61410	0	0.01	0.0502732394366197	0.000186156267483848	0.0500870831691359
6142	61420	0	0	0.0475859154929577	0.000591679346470352	0.0469942361464874
6143	61430	0	0.02	0.0452535211267606	0.000942804764064537	0.044310716362696
6144	61440	0	0	0.043630985915493	0.00182726082346601	0.041803725092027
6145	61450	0	0	0.0518450704225352	0.00211047884289378	0.0497345915796414
6146	61460	0	0.15	0.0717211267605634	0.00302963606891591	0.0686914906916475
6147	61470	0	0	0.0666760563380282	0.0103660805335834	0.0563099758044448
6148	61480	0	0	0.0522507042253521	0.0128022147340052	0.0394484894913469
6149	61490	0	0	0.0465718309859155	0.0106381758211409	0.0359336551647746
6150	61500	0	0	0.0435295774647887	0.00925737586252947	0.0342722016022593
6151	61510	0	0	0.0406394366197183	0.00773809520854192	0.0329013414111764
6152	61520	0	0	0.0379014084507042	0.00610340030915858	0.0317980081415457
6153	61530	0	0	0.0354169014084507	0.00495317231588349	0.0304637290925672
6154	61540	0	0	0.0331352112676056	0.00441357218448838	0.0287216390831173
6155	61550	0	0	0.0309295774647887	0.00372998732106757	0.0271995901437212
6156	61560	0	0	0.0288760563380282	0.00357152794539703	0.0253045283926311
6157	61570	0	0	0.027	0.0039909058270372	0.0230090941729628
6158	61580	0	0	0.0252	0.00374596834523352	0.0214540316547665
6159	61590	0	0	0.0235521126760564	0	0.0235521126760564
6160	61600	0	0	0.0219802816901408	0	0.0219802816901408
6161	61610	0	0	0.0205605633802817	0	0.0205605633802817
6162	61620	0	0.31	0.0191408450704225	0.000512447183164038	0.0186283978872585
6163	61630	0	0.06	0.0192422535211268	0.00724434202888836	0.0119979114922384
6164	61640	0	0.01	0.0259605633802817	0.0161472494148164	0.00981331396546529
6165	61650	0	0	0.0213718309859155	0.0168388139679725	0.00453301701794295
6166	61660	0	0	0.0184056338028169	0.0142253739513083	0.00418025985150863
6167	61670	0	0	0.0168591549295775	0.0113070693367836	0.00555208559279389
6168	61680	0	0	0.015312676056338	0.00840946291106361	0.00690321314527443
6169	61690	0	0	0.0137661971830986	0.00635052086004659	0.00741567632305202
6170	61700	0	0	0.0122197183098592	0.00673593021476483	0.00548378809509433
6171	61710	0	0	0.0106732394366197	0.00631036095783322	0.00436287847878651
6172	61720	0	0	0.0124225352112676	0.00550767223735181	0.00691486297391577
6173	61730	0	0	0.0100394366197183	0.00558037507235983	0.00445906154735848
6174	61740	0	0	0.00960845070422536	0.00457820999108041	0.00503024071314495
6175	61750	0	0	0.0105464788732395	0.000835166372231353	0.0097113125010081
6176	61760	0	0	0.00882253521126761	0.000114593916860008	0.0087079412944076
6177	61770	0	0	0.0106225352112676	0	0.0106225352112676
6178	61780	0	0	0.00938028169014084	0	0.00938028169014084
6179	61790	0	0.07	0.0102676056338028	0.000115713880069299	0.0101518917537335
6180	61800	0	0.5	0.0101661971830986	0.00243995064774209	0.0077262465353565
6181	61810	0	0.61	0.0115859154929577	0.0158629583146651	-0.00427704282170733
6182	61820	0	0.01	0.017543661971831	0.0409688315782661	-0.0234251696064351
6183	61830	0	0.04	0.0279633802816902	0.0540038294625441	-0.026040449180854
6184	61840	0	0.08	0.0307774647887324	0.0484457490842379	-0.0176682842955055
6185	61850	0	0.03	0.0333380281690141	0.041555131731816	-0.00821710356280189
6186	61860	0	0	0.0434281690140845	0.0351410688022763	0.0082871002118082
6187	61870	0	0	0.0550140845070423	0.028277873311785	0.0267362111952573
6188	61880	0	0	0.0533154929577465	0.0252096669356617	0.0281058260220848
6189	61890	0	0	0.0496647887323944	0.0244693119606619	0.0251954767717325
6190	61900	0	0	0.0427183098591549	0.0213125045824553	0.0214058052766996
6191	61910	0	0	0.0388394366197183	0.0194831138067444	0.0193563228129739
6192	61920	0	0	0.0347323943661972	0.0174398863392778	0.0172925080269194
6193	61930	0	0	0.0324507042253521	0.00954872890231641	0.0229019753230357
6194	61940	0	0	0.0288	0.00231725018867002	0.02648274981133
6195	61950	0	0	0.0246169014084507	0.00205974266198745	0.0225571587464632
6196	61960	0	0	0.0240084507042254	0.00135955994809398	0.0226488907561314
6197	61970	0	0	0.0211183098591549	0.000343781750580024	0.0207745281085749
6198	61980	0	0	0.0212704225352113	0	0.0212704225352113
6199	61990	0	0	0.0196225352112676	0	0.0196225352112676
6200	62000	0	0	0.0179239436619718	0	0.0179239436619718
6201	62010	0	0	0.0184816901408451	0	0.0184816901408451
6202	62020	0	0	0.0163774647887324	0	0.0163774647887324
6203	62030	0	0	0.0162760563380282	0	0.0162760563380282
6204	62040	0	0	0.0156169014084507	0	0.0156169014084507
6205	62050	0	0	0.0127521126760564	0	0.0127521126760564
6206	62060	0	0	0.0127521126760563	0	0.0127521126760563
6207	62070	0	0	0.0118140845070423	0	0.0118140845070423
6208	62080	0	0.06	0.0122450704225352	9.91833257736848e-05	0.0121458870967615
6209	62090	0	0	0.0116619718309859	0.00138293394253832	0.0102790378884476
6210	62100	0	0	0.0117887323943662	0.00285440998412564	0.00893432241024056
6211	62110	0	0	0.0115859154929577	0.00266204806324332	0.00892386742971442
6212	62120	0	0	0.010774647887324	0.00214598533368594	0.00862866255363801
6213	62130	0	0	0.0114338028169014	0.00168724051468847	0.00974656230221296
6214	62140	0	0	0.0101661971830986	0.00123184996917951	0.00893434721391906
6215	62150	0	0	0.0110028169014085	0.000936283381629484	0.010066533519779
6216	62160	0.973299969521071	0	0.0103183098591549	0.00108277519450428	0.00923553466465065
6217	62170	0.971766787807817	0	0.00988732394366196	0.000981588103172393	0.00890573584048957
6218	62180	0.978498840944138	0	0.0109521126760563	0.000841088051953944	0.0101110246241024
6219	62190	0.969577280355307	0	0.0094056338028169	0.000885617226427837	0.00852001657638906
6220	62200	0.975334743626527	0	0.0100901408450704	0.000687563501160047	0.00940257734391037
6221	62210	0.97120761614706	0	0.00907605633802817	0	0.00907605633802817
6222	62220	0.96877393617386	0	0.00872112676056338	0	0.00872112676056338
6223	62230	0.967703650179145	0	0.00856901408450704	0	0.00856901408450704
6224	62240	0.969127077750976	0	0.00877183098591549	0	0.00877183098591549
6225	62250	0.975901211602436	0.09	0.00917746478873239	0.000148774988660527	0.00902868980007186
6226	62260	0.970262654391279	0.2	0.00869577464788732	0.00240501199971977	0.00629076264816755
6227	62270	0.973831754961594	0.95	0.00927887323943662	0.0104617974427329	-0.00118292420329626
6228	62280	0	0.39	0.0138422535211268	0.0360489177496695	-0.0222066642285428
6229	62290	0.395500041998974	0.02	0.0149070422535211	0.0663094280284196	-0.0514023857748985
6230	62300	0.351614634740786	0.36	0.017569014084507	0.0714429823846433	-0.0538739683001363
6231	62310	0.687142070080637	0.15	0.0410704225352113	0.0682503554948792	-0.0271799329596679
6232	62320	0.848635457894576	0.01	0.0537211267605634	0.0677303708395352	-0.0140092440789718
6233	62330	0.945025393058676	0	0.0596535211267606	0.059631783052145	2.17380746155293e-05
6234	62340	0.99617435414129	0	0.056687323943662	0.0487792170355195	0.00790810690814243
6235	62350	0.981815099687302	0	0.0482197183098592	0.0443063001913457	0.00391341811851344
6236	62360	0.982915452412009	0	0.0425661971830986	0.0391984236989115	0.00336777348418705
6237	62370	0.972786152841455	0.08	0.0367352112676056	0.0338854123656494	0.00284979890195627
6238	62380	0.931157793189955	0	0.0321211267605634	0.0360396540719735	-0.0039185273114101
6239	62390	0.956083670305075	0	0.0298394366197183	0.0319825943218259	-0.00214315770210764
6240	62400	0.975258142462089	0	0.0254028169014085	0.01767484754071	0.00772796936069843
6241	62410	0.992300361771938	0.06	0.0232985915492958	0.0124819634468778	0.010816628102418
6242	62420	0.999773470130618	0.67	0.0224619718309859	0.0127919891450277	0.0096699826859582
6243	62430	0.972492848063422	0	0.0248450704225352	0.0231656632282046	0.00167940719433059
6244	62440	0.820423484294712	0	0.0287492957746479	0.0370405507046298	-0.00829125492998196
6245	62450	0.810399223469807	0.01	0.0286478873239437	0.0339588266782254	-0.0053109393542817
6246	62460	0.943204669706837	0.06	0.0276591549295775	0.027703362323731	-4.42073941534747e-05
6247	62470	0.963030417590373	0.14	0.0271267605633803	0.0240676139874437	0.00305914657593663
6248	62480	0.959180577075416	0	0.0270507042253521	0.0233453550058095	0.00370534921954264
6249	62490	0.949183415551511	0.1	0.0261380281690141	0.023381097198265	0.00275693097074912
6250	62500	0.950247062874277	0.1	0.0263661971830986	0.0241814107893586	0.00218478639374
6251	62510	0.963098676529916	0	0.0280140845070423	0.0257642430366379	0.00224984147040441
6252	62520	0.956982956044889	0	0.0290788732394366	0.0247966556192527	0.00428221762018397
6253	62530	0.980823234935156	0	0.0282676056338028	0.0225814073666187	0.00568619826718411
6254	62540	0.998686308737156	0.27	0.0261887323943662	0.0179438615783946	0.00824487081597164
6255	62550	0.999892485516111	0.14	0.0264676056338028	0.0149680262070157	0.0114995794267871
6256	62560	0.990691299973118	0.27	0.0297633802816902	0.0234106345089122	0.00635274577277794
6257	62570	0.952068901305526	0.08	0.0329323943661972	0.0313228009814121	0.00160959338478505
6258	62580	0.931583892431661	0.09	0.0349859154929577	0.0369005205153843	-0.00191460502242653
6259	62590	0.942486562519679	0.17	0.0372169014084507	0.0365479989472111	0.000668902461239594
6260	62600	0.903441222406574	0.65	0.0415014084507042	0.0454353376593895	-0.00393392920868527
6261	62610	0.819722290806584	0.25	0.067512676056338	0.0778775659652069	-0.0103648899088688
6262	62620	0.996305428697032	0.34	0.109140845070422	0.0980671373265403	0.0110737077438822
6263	62630	0.996243458683343	0	0.135735211267606	0.106225459099952	0.0295097521676538
6264	62640	0.989070118620824	0.01	0.130360563380282	0.101320113840347	0.0290404495399348
6265	62650	0.98083457346049	0.4	0.132008450704225	0.0971690268671255	0.0348394238370998
6266	62660	0.630488083131543	0.06	0.180380281690141	0.125766133738036	0.0546141479521049
6267	62670	0.686507307149139	0	0.158476056338028	0.118875238393301	0.0396008179447272
6268	62680	0.799047383299318	0	0.128281690140845	0.097176699647785	0.0311049904930601
6269	62690	0.8053441411204	0	0.107619718309859	0.0741686005246023	0.0334511177852566
6270	62700	0.998095002019461	0.32	0.0932704225352113	0.0721892713311309	0.0210811512040804
6271	62710	0.999729888972513	0.01	0.116822535211268	0.0989324238319286	0.017890111379339
6272	62720	0.993633669107081	0	0.105616901408451	0.0932534905829133	0.0123634108255375
6273	62730	0.958810855612321	0	0.0908619718309859	0.0664474498450467	0.0244145219859392
6274	62740	0.971160309320119	0	0.0781859154929578	0.0502121335974917	0.0279737818954661
6275	62750	0.951671095654771	0	0.0672845070422535	0.0314284570674914	0.0358560499747621
6276	62760	0.998580535003419	0	0.0580056338028169	0.0254383223686061	0.0325673114342108
6277	62770	0.990122287599192	0	0.0522253521126761	0.0251307502868068	0.0270946018258692
6278	62780	0.939783643337141	0	0.0466225352112676	0.012712077041443	0.0339104581698247
6279	62790	0.968484651211333	0.08	0.0431492957746479	0.012295364438626	0.0308539313360219
6280	62800	0.999745742132236	0.87	0.0421859154929577	0.0200069552678696	0.0221789602250881
6281	62810	0.888117441527736	0	0.0712140845070423	0.0646154837379203	0.00659860076912193
6282	62820	0.794396085963733	1.99	0.091343661971831	0.0986857035282305	-0.00734204155639946
6283	62830	0.334134042615587	0.07	0.14374647887324	0.179130829553081	-0.0353843506798415
6284	62840	0.244332858560523	0.37	0.152619718309859	0.220274161390009	-0.0676544430801498
6285	62850	0.0985391611747743	0.63	0.153152112676056	0.241095182300906	-0.0879430696248493
6286	62860	0.28175885765561	0.04	0.226470422535211	0.283601838965974	-0.057131416430763
6287	62870	0.794727960079437	0	0.233391549295775	0.253581059875225	-0.0201895105794506
6288	62880	0.866461698595871	0	0.190216901408451	0.20077394368071	-0.010557042272259
6289	62890	0.918010592642071	0	0.147498591549296	0.153953950815271	-0.00645535926597557
6290	62900	0	0	0.122552112676056	0.13387908380691	-0.0113269711308535
6291	62910	0	0	0.105135211267606	0.115430892180539	-0.0102956809129332
6292	62920	0	0	0.0922816901408451	0.108717896386932	-0.0164362062460874
6293	62930	0	0	0.081456338028169	0.0903637517418126	-0.00890741371364354
6294	62940	0	0	0.0725070422535211	0.0841075154301571	-0.011600473176636
6295	62950	0	0	0.0643183098591549	0.0260095072830801	0.0383088025760748
6296	62960	0	0	0.0589690140845071	0.0247291946765804	0.0342398194079266
6297	62970	0	0	0.0537971830985916	0.0187894972557597	0.0350076858428318
6298	62980	0	0	0.0496394366197183	0.00113964852737075	0.0484997880923476
6299	62990	0	0.05	0.0468253521126761	0.000425444680595644	0.0463999074320804
6300	63000	0	0.31	0.0442140845070423	0.00559615375204475	0.0386179307549975
6301	63010	0	0.13	0.0437577464788733	0.023311350369261	0.0204463961096123
6302	63020	0	0.04	0.0446450704225352	0.0352031315478323	0.00944193887470294
6303	63030	0	0.94	0.0486507042253521	0.0431963183173118	0.00545438590804034
6304	63040	0	1.33	0.124377464788732	0.0982453880030611	0.0261320767856713
6305	63050	0	0.53	0.281585915492958	0.191057471017708	0.0905284444752497
6306	63060	0	0.01	0.312287323943662	0.253268703149809	0.0590186207938528
6307	63070	0	0.01	0.256005633802817	0.228438587478997	0.0275670463238196
6308	63080	0	0.17	0.209535211267606	0.196784914732075	0.0127502965355313
6309	63090	0	0.01	0.188822535211268	0.165840974135764	0.0229815610755037
6310	63100	0	0	0.157842253521127	0.134997587600301	0.022844665920826
6311	63110	0	0.34	0.134518309859155	0.123527823468196	0.0109904863909591
6312	63120	0	0.1	0.12227323943662	0.144419097867496	-0.0221458584308765
6313	63130	0	0.2	0.117456338028169	0.145765874923792	-0.0283095368956231
6314	63140	0	0.02	0.123160563380282	0.161070775342417	-0.0379102119621355
6315	63150	0	0.02	0.12252676056338	0.143378697634161	-0.0208519370707803
6316	63160	0	0.35	0.121461971830986	0.111579922342039	0.00988204948894639
6317	63170	0	0.04	0.124276056338028	0.106633786767715	0.0176422695703135
6318	63180	0	0.02	0.11603661971831	0.0885506696194269	0.027485950098883
6319	63190	0	0.18	0.10536338028169	0.0792381481504128	0.0261252321312776
6320	63200	0	0.3	0.0996845070422535	0.0919154815176616	0.00776902552459194
6321	63210	0	0.06	0.111194366197183	0.111028332169944	0.000166034027239456
6322	63220	0	0	0.112588732394366	0.106031571588407	0.00655716080595895
6323	63230	0	0	0.105921126760563	0.0884505002262628	0.0174706265343004
6324	63240	0	0	0.0965154929577465	0.0626036113211389	0.0339118816366076
6325	63250	0	0	0.089087323943662	0.0518575618895718	0.0372297620540901
6326	63260	0	0	0.0798338028169014	0.0357444265177253	0.0440893762991761
6327	63270	0	0	0.0734450704225352	0.0297586765425902	0.043686393879945
6328	63280	0	0	0.0688056338028169	0.0300001808724081	0.0388054529304088
6329	63290	0	0.26	0.0667267605633803	0.0207344423834285	0.0459923181799518
6330	63300	0	0.02	0.0729887323943662	0.0292099940113327	0.0437787383830335
6331	63310	0	2.97	0.0982140845070422	0.0594071276651402	0.038806956841902
6332	63320	0	0.14	0.159616901408451	0.205014133564459	-0.0453972321560084
6333	63330	0	0.1	0.172850704225352	0.258009283669064	-0.0851585794437119
6334	63340	0	0.61	0.183954929577465	0.246258755650527	-0.0623038260730625
6335	63350	0	0.09	0.225811267605634	0.25714528028811	-0.0313340126824763
6336	63360	0	0.02	0.223935211267606	0.225253012640039	-0.00131780137243315
6337	63370	0	0	0.198050704225352	0.185110232074085	0.0129404721512672
6338	63380	0	0	0.167323943661972	0.142548826330756	0.0247751173312155
6339	63390	0	0	0.139208450704225	0.124463545967881	0.0147449047363445
6340	63400	0	0	0.127647887323944	0.109516325874368	0.018131561449576
6341	63410	0	0.01	0.115047887323944	0.103071873127317	0.0119760141966265
6342	63420	0	0	0.106529577464789	0.101887299984018	0.0046422774807711
6343	63430	0	0	0.0988225352112676	0.0935404592940557	0.00528207591721193
6344	63440	0	0	0.0924591549295775	0.0154881731983856	0.0769709817311919
6345	63450	0	0	0.0865267605633803	0.0107992332559549	0.0757275273074254
6346	63460	0	0	0.0815830985915493	0.00784676237348574	0.0737363362180636
6347	63470	0	0	0.0765126760563381	0.00156475705018254	0.0749479190061555
6348	63480	0	0	0.0718225352112676	0.000580690143059066	0.0712418450682086
6349	63490	0	0	0.0683239436619718	0.000335024638310391	0.0679889190236614
6350	63500	0	0	0.0642422535211268	0.000354871547578216	0.0638873819735486
6351	63510	0	0	0.0609211267605634	0.000239231710273131	0.0606818950502902
6352	63520	0	0	0.0579549295774648	0.000210008237417594	0.0577449213400472
6353	63530	0	0	0.0555971830985915	0.000284912131842688	0.0553122709667489
6354	63540	0	0	0.0534169014084507	0	0.0534169014084507
6355	63550	0	0	0.0514901408450704	0	0.0514901408450704
6356	63560	0	0	0.0497915492957747	0	0.0497915492957747
6357	63570	0	0	0.050374647887324	0	0.050374647887324
6358	63580	0	0	0.0496394366197183	0	0.0496394366197183
6359	63590	0	0	0.0479915492957746	0	0.0479915492957746
6360	63600	0	0	0.045912676056338	0	0.045912676056338
6361	63610	0	0	0.0444422535211268	0	0.0444422535211268
6362	63620	0	0	0.0428450704225352	0	0.0428450704225352
6363	63630	0	0		0	
6364	63640	0				
6365	63650	0				
6366	63660	0				
6367	63670	0				
6368	63680	0				
6369	63690	0				
6370	63700	0				
6371	63710	0				
6372	63720	0				
6373	63730	0				
6374	63740	0				
6375	63750	0				
6376	63760	0				
6377	63770	0				
6378	63780	0				
6379	63790	0				
6380	63800	0				
6381	63810	0				
6382	63820	0				
6383	63830	0				
6384	63840	0				
6385	63850	0				
6386	63860	0				
6387	63870	0				
6388	63880	0				
6389	63890	0				
6390	63900	0				
6391	63910	0				
6392	63920	0				
6393	63930	0				
6394	63940	0				
6395	63950	0				
6396	63960	0				
6397	63970	0				
6398	63980	0				
6399	63990	0				
6400	64000	0				
6401	64010	0				
6402	64020	0				
6403	64030	0				
6404	64040	0				
6405	64050	0				
6406	64060	0				
6407	64070	0				
6408	64080	0				
6409	64090	0				
6410	64100	0				
6411	64110	0				
6412	64120	0				
6413	64130	0				
6414	64140	0				
6415	64150	0				
6416	64160	0				
6417	64170	0				
6418	64180	0				
6419	64190	0				
6420	64200	0				
6421	64210	0				
6422	64220	0				
6423	64230	0				
6424	64240	0				
6425	64250	0				
6426	64260	0				
6427	64270	0				
6428	64280	0				
6429	64290	0				
6430	64300	0				
6431	64310	0				
6432	64320	0				
6433	64330	0				
6434	64340	0				
6435	64350	0				
6436	64360	0				
6437	64370	0				
6438	64380	0				
6439	64390	0				
6440	64400	0				
6441	64410	0				
6442	64420	0				
6443	64430	0				
6444	64440	0				
6445	64450	0				
6446	64460	0				
6447	64470	0				
6448	64480	0				
6449	64490	0				
6450	64500	0				
6451	64510	0				
6452	64520	0				
6453	64530	0				
6454	64540	0				
6455	64550	0				
6456	64560	0				
6457	64570	0				
6458	64580	0				
6459	64590	0				
6460	64600	0				
6461	64610	0				
6462	64620	0				
6463	64630	0				
6464	64640	0				
6465	64650	0				
6466	64660	0				
6467	64670	0				
6468	64680	0				
6469	64690	0				
6470	64700	0				
6471	64710	0				
6472	64720	0				
6473	64730	0				
6474	64740	0				
6475	64750	0				
6476	64760	0				
6477	64770	0				
6478	64780	0				
6479	64790	0				
6480	64800	0				
6481	64810	0				
6482	64820	0				
6483	64830	0				
6484	64840	0				
6485	64850	0				
6486	64860	0				
6487	64870	0				
6488	64880	0				
6489	64890	0				
6490	64900	0				
6491	64910	0				
6492	64920	0				
6493	64930	0				
6494	64940	0				
6495	64950	0				
6496	64960	0				
6497	64970	0				
6498	64980	0				
6499	64990	0				
6500	65000	0				
6501	65010	0				
6502	65020	0				
6503	65030	0				
6504	65040	0				
6505	65050	0				
6506	65060	0				
6507	65070	0				
6508	65080	0				
6509	65090	0				
6510	65100	0				
6511	65110	0				
6512	65120	0				
6513	65130	0				
6514	65140	0				
6515	65150	0				
6516	65160	0				
6517	65170	0				
6518	65180	0				
6519	65190	0				
6520	65200	0				
6521	65210	0				
6522	65220	0				
6523	65230	0				
6524	65240	0				
6525	65250	0				
6526	65260	0				
6527	65270	0				
6528	65280	0				
6529	65290	0				
6530	65300	0				
6531	65310	0				
6532	65320	0				
6533	65330	0				
6534	65340	0				
6535	65350	0				
6536	65360	0				
6537	65370	0				
6538	65380	0				
6539	65390	0				
6540	65400	0				
6541	65410	0				
6542	65420	0				
6543	65430	0				
6544	65440	0				
6545	65450	0				
6546	65460	0				
6547	65470	0				
6548	65480	0				
6549	65490	0				
6550	65500	0				
6551	65510	0				
6552	65520	0				
6553	65530	0				
6554	65540	0				
6555	65550	0				
6556	65560	0				
6557	65570	0				
6558	65580	0				
6559	65590	0				
6560	65600	0				
6561	65610	0				
6562	65620	0				
6563	65630	0				
6564	65640	0				
6565	65650	0				
6566	65660	0				
6567	65670	0				
6568	65680	0				
6569	65690	0				
6570	65700	0				
6571	65710	0				
6572	65720	0				
6573	65730	0				
6574	65740	0				
6575	65750	0				
6576	65760	0				
6577	65770	0				
6578	65780	0				
6579	65790	0				
6580	65800	0				
6581	65810	0				
6582	65820	0				
6583	65830	0				
6584	65840	0				
6585	65850	0				
6586	65860	0				
6587	65870	0				
6588	65880	0				
6589	65890	0				
6590	65900	0				
6591	65910	0				
6592	65920	0				
6593	65930	0				
6594	65940	0				
6595	65950	0				
6596	65960	0				
6597	65970	0				
6598	65980	0				
6599	65990	0				
6600	66000	0				
6601	66010	0				
6602	66020	0				
6603	66030	0				
6604	66040	0				
6605	66050	0				
6606	66060	0				
6607	66070	0				
6608	66080	0				
6609	66090	0				
6610	66100	0				
6611	66110	0				
6612	66120	0				
6613	66130	0				
6614	66140	0				
6615	66150	0				
6616	66160	0				
6617	66170	0				
6618	66180	0				
6619	66190	0				
6620	66200	0				
6621	66210	0				
6622	66220	0				
6623	66230	0				
6624	66240	0				
6625	66250	0				
6626	66260	0				
6627	66270	0				
6628	66280	0				
6629	66290	0				
6630	66300	0				
6631	66310	0				
6632	66320	0				
6633	66330	0				
6634	66340	0				
6635	66350	0				
6636	66360	0				
6637	66370	0				
6638	66380	0				
6639	66390	0				
6640	66400	0				
6641	66410	0				
6642	66420	0				
6643	66430	0				
6644	66440	0				
6645	66450	0				
6646	66460	0				
6647	66470	0				
6648	66480	0				
6649	66490	0				
6650	66500	0				
6651	66510	0				
6652	66520	0				
6653	66530	0				
6654	66540	0				
6655	66550	0				
6656	66560	0				
6657	66570	0				
6658	66580	0				
6659	66590	0				
6660	66600	0				
6661	66610	0				
6662	66620	0				
6663	66630	0				
6664	66640	0				
6665	66650	0				
6666	66660	0				
6667	66670	0				
6668	66680	0				
6669	66690	0				
6670	66700	0				
6671	66710	0				
6672	66720	0				
6673	66730	0				
6674	66740	0				
6675	66750	0				
6676	66760	0				
6677	66770	0				
6678	66780	0				
6679	66790	0				
6680	66800	0				
6681	66810	0				
6682	66820	0				
6683	66830	0				
6684	66840	0				
6685	66850	0				
6686	66860	0				
6687	66870	0				
6688	66880	0				
6689	66890	0				
6690	66900	0				
6691	66910	0				
6692	66920	0				
6693	66930	0				
6694	66940	0				
6695	66950	0				
6696	66960	0				
6697	66970	0				
6698	66980	0				
6699	66990	0				
6700	67000	0				
6701	67010	0				
6702	67020	0				
6703	67030	0				
6704	67040	0				
6705	67050	0				
6706	67060	0				
6707	67070	0				
6708	67080	0				
6709	67090	0				
6710	67100	0				
6711	67110	0				
6712	67120	0				
6713	67130	0				
6714	67140	0				
6715	67150	0				
6716	67160	0				
6717	67170	0				
6718	67180	0				
6719	67190	0				
6720	67200	0				
6721	67210	0				
6722	67220	0				
6723	67230	0				
6724	67240	0				
6725	67250	0				
6726	67260	0				
6727	67270	0				
6728	67280	0				
6729	67290	0				
6730	67300	0				
6731	67310	0				
6732	67320	0				
6733	67330	0				
6734	67340	0				
6735	67350	0				
6736	67360	0				
6737	67370	0				
6738	67380	0				
6739	67390	0				
6740	67400	0				
6741	67410	0				
6742	67420	0				
6743	67430	0				
6744	67440	0				
6745	67450	0				
6746	67460	0				
6747	67470	0				
6748	67480	0				
6749	67490	0				
6750	67500	0				
6751	67510	0				
6752	67520	0				
6753	67530	0				
6754	67540	0				
6755	67550	0				
6756	67560	0				
6757	67570	0				
6758	67580	0				
6759	67590	0				
6760	67600	0				
6761	67610	0				
6762	67620	0				
6763	67630	0				
6764	67640	0				
6765	67650	0				
6766	67660	0				
6767	67670	0				
6768	67680	0				
6769	67690	0				
6770	67700	0				
6771	67710	0				
6772	67720	0				
6773	67730	0				
6774	67740	0				
6775	67750	0				
6776	67760	0				
6777	67770	0				
6778	67780	0				
6779	67790	0				
6780	67800	0				
6781	67810	0				
6782	67820	0				
6783	67830	0				
6784	67840	0				
6785	67850	0				
6786	67860	0				
6787	67870	0				
6788	67880	0				
6789	67890	0				
6790	67900	0				
6791	67910	0				
6792	67920	0				
6793	67930	0				
6794	67940	0				
6795	67950	0				
6796	67960	0				
6797	67970	0				
6798	67980	0				
6799	67990	0				
6800	68000	0				
6801	68010	0				
6802	68020	0				
6803	68030	0				
6804	68040	0				
6805	68050	0				
6806	68060	0				
6807	68070	0				
6808	68080	0				
6809	68090	0				
6810	68100	0				
6811	68110	0				
6812	68120	0				
6813	68130	0				
6814	68140	0				
6815	68150	0				
6816	68160	0				
6817	68170	0				
6818	68180	0				
6819	68190	0				
6820	68200	0				
6821	68210	0				
6822	68220	0				
6823	68230	0				
6824	68240	0				
6825	68250	0				
6826	68260	0				
6827	68270	0				
6828	68280	0				
6829	68290	0				
6830	68300	0				
6831	68310	0				
6832	68320	0				
6833	68330	0				
6834	68340	0				
6835	68350	0				
6836	68360	0				
6837	68370	0				
6838	68380	0				
6839	68390	0				
6840	68400	0				
6841	68410	0				
6842	68420	0				
6843	68430	0				
6844	68440	0				
6845	68450	0				
6846	68460	0				
6847	68470	0				
6848	68480	0				
6849	68490	0				
6850	68500	0				
6851	68510	0				
6852	68520	0				
6853	68530	0				
6854	68540	0				
6855	68550	0				
6856	68560	0				
6857	68570	0				
6858	68580	0				
6859	68590	0				
6860	68600	0				
6861	68610	0				
6862	68620	0				
6863	68630	0				
6864	68640	0				
6865	68650	0				
6866	68660	0				
6867	68670	0				
6868	68680	0				
6869	68690	0				
6870	68700	0				
6871	68710	0				
6872	68720	0				
6873	68730	0				
6874	68740	0				
6875	68750	0				
6876	68760	0				
6877	68770	0				
6878	68780	0				
6879	68790	0				
6880	68800	0				
6881	68810	0				
6882	68820	0				
6883	68830	0				
6884	68840	0				
6885	68850	0				
6886	68860	0				
6887	68870	0				
6888	68880	0				
6889	68890	0				
6890	68900	0				
6891	68910	0				
6892	68920	0				
6893	68930	0				
6894	68940	0				
6895	68950	0				
6896	68960	0				
6897	68970	0				
6898	68980	0				
6899	68990	0				
6900	69000	0				
6901	69010	0				
6902	69020	0				
6903	69030	0				
6904	69040	0				
6905	69050	0				
6906	69060	0				
6907	69070	0				
6908	69080	0				
6909	69090	0				
6910	69100	0				
6911	69110	0				
6912	69120	0				
6913	69130	0				
6914	69140	0				
6915	69150	0				
6916	69160	0				
6917	69170	0				
6918	69180	0				
6919	69190	0				
6920	69200	0				
6921	69210	0				
6922	69220	0				
6923	69230	0				
6924	69240	0				
6925	69250	0				
6926	69260	0				
6927	69270	0				
6928	69280	0				
6929	69290	0				
6930	69300	0				
6931	69310	0				
6932	69320	0				
6933	69330	0				
6934	69340	0				
6935	69350	0				
6936	69360	0				
6937	69370	0				
6938	69380	0				
6939	69390	0				
6940	69400	0				
6941	69410	0				
6942	69420	0				
6943	69430	0				
6944	69440	0				
6945	69450	0				
6946	69460	0				
6947	69470	0				
6948	69480	0				
6949	69490	0				
6950	69500	0				
6951	69510	0				
6952	69520	0				
6953	69530	0				
6954	69540	0				
6955	69550	0				
6956	69560	0				
6957	69570	0				
6958	69580	0				
6959	69590	0				
6960	69600	0				
6961	69610	0				
6962	69620	0				
6963	69630	0				
6964	69640	0				
6965	69650	0				
6966	69660	0				
6967	69670	0				
6968	69680	0				
6969	69690	0				
6970	69700	0				
6971	69710	0				
6972	69720	0				
6973	69730	0				
6974	69740	0				
6975	69750	0				
6976	69760	0				
6977	69770	0				
6978	69780	0				
6979	69790	0				
6980	69800	0				
6981	69810	0				
6982	69820	0				
6983	69830	0				
6984	69840	0				
6985	69850	0				
6986	69860	0				
6987	69870	0				
6988	69880	0				
6989	69890	0				
6990	69900	0				
6991	69910	0				
6992	69920	0				
6993	69930	0				
6994	69940	0				
6995	69950	0		0.13750985915493		
6996	69960	0	0	0.20950985915493		
6997	69970	0	0	0.406140845070423		
6998	69980	0	0	0.756329577464789		
6999	69990	0	0.01	0.771743661971831		
7000	70000	0	0	1.07949295774648		
7001	70010	0	0	0.631901408450704		
7002	70020	0	0	0.645921126760563		
7003	70030	0	0	0.544816901408451		
7004	70040	0	0	0.528040140845071		
7005	70050	0	0	0.532134507042254		
7006	70060	0	0	0.376193661971831		
7007	70070	0	0	0.331364788732394		
7008	70080	0	0	0.261228169014084	0.000160215669542645	0.261067953344542
7009	70090	0	0	0.229493661971831	0.000114864882517278	0.229378797089314
7010	70100	0	0	0.1971	9.5510022819682e-05	0.19700448997718
7011	70110	0	0	0.168312676056338	0.000101067331364719	0.168211608724973
7012	70120	0	0	0.143721126760564	0	0.143721126760564
7013	70130	0	0	0.122476056338028	0	0.122476056338028
7014	70140	0	0	0.112544366197183	0	0.112544366197183
7015	70150	0	0	0.102137323943662	0	0.102137323943662
7016	70160	0	0	0.0838140845070423	0	0.0838140845070423
7017	70170	0	0	0.0862542253521127	0	0.0862542253521127
7018	70180	0	0.08	0.0729380281690141	0.00068071148895303	0.0722573166800611
7019	70190	0	0	0.0677408450704226	0.00473343477176282	0.0630074102986597
7020	70200	0	0	0.0647239436619718	0.00618101513461023	0.0585429285273616
7021	70210	0	0	0.0524598591549296	0.00515121704420245	0.0473086421107271
7022	70220	0	0	0.0498802816901409	0.0045218004739298	0.0453584812162111
7023	70230	0	0	0.0421478873239437	0.0037239821286269	0.0384239051953168
7024	70240	0	0	0.0412161971830986	0.00288352174436511	0.0383326754387335
7025	70250	0	0	0.0383830985915493	0.00225452659563466	0.0361285719959146
7026	70260	0	0	0.0363676056338028	0.00207010741736005	0.0342974982164428
7027	70270	0	0	0.0389408450704225	0.00172294660001943	0.0372178984704031
7028	70280	0	0	0.0325964788732394	0.00190481490421175	0.0306916639690277
7029	70290	0	0	0.0339654929577465	0.00212848310775317	0.0318370098499933
7030	70300	0	0	0.0350112676056338	0.00199784978412454	0.0330134178215093
7031	70310	0	0	0.0333823943661972	0	0.0333823943661972
7032	70320	0	0	0.0375338028169014	0	0.0375338028169014
7033	70330	0	0	0.0341619718309859	0	0.0341619718309859
7034	70340	0	0	0.0338323943661972	0	0.0338323943661972
7035	70350	0	0	0.0325267605633803	0	0.0325267605633803
7036	70360	0	0	0.0349478873239437	0	0.0349478873239437
7037	70370	0	0	0.0359176056338028	0	0.0359176056338028
7038	70380	0	0	0.0307838028169014	0	0.0307838028169014
7039	70390	0	0	0.0307647887323944	0	0.0307647887323944
7040	70400	0	0	0.0264295774647887	0	0.0264295774647887
7041	70410	0	0	0.0266007042253521	0	0.0266007042253521
7042	70420	0	0	0.0234887323943662	0	0.0234887323943662
7043	70430	0	0	0.0245978873239437	0	0.0245978873239437
7044	70440	0	0	0.0232098591549296	0	0.0232098591549296
7045	70450	0	0	0.0217457746478873	0	0.0217457746478873
7046	70460	0	0	0.0231464788732394	0	0.0231464788732394
7047	70470	0	0	0.0201739436619718	0	0.0201739436619718
7048	70480	0	0	0.0210295774647887	0	0.0210295774647887
7049	70490	0	0	0.0205478873239437	0	0.0205478873239437
7050	70500	0	0.01	0.0211880281690141	1.65305542956141e-05	0.0211714976147185
7051	70510	0	0	0.0241922535211268	0.000230488990423054	0.0239617645307037
7052	70520	0	0.03	0.0223161971830986	0.000525326660241116	0.0217908705228575
7053	70530	0	0	0.0232035211267606	0.00113514164847638	0.0220683794782842
7054	70540	0	0	0.0228866197183099	0.00178486921434381	0.021101750503966
7055	70550	0	0	0.0270633802816902	0.00161223078406974	0.0254511494976204
7056	70560	0	0	0.0260429577464789	0.00127830099503956	0.0247646567514393
7057	70570	0	0.03	0.0223732394366197	0.00104925915050266	0.0213239802861171
7058	70580	0	0	0.0244521126760564	0.0014878544882763	0.0229642581877801
7059	70590	0	0.09	0.0224556338028169	0.00220771968873349	0.0202479141140834
7060	70600	0	0	0.0290471830985915	0.00408699388467361	0.0249601892139179
7061	70610	0	0	0.0297253521126761	0.00599300456568893	0.0237323475469871
7062	70620	0	0.04	0.0267338028169014	0.00543795251222865	0.0212958503046727
7063	70630	0	0	0.0254535211267606	0.0051996675600248	0.0202538535667358
7064	70640	0	0	0.0191218309859155	0.00524572420284456	0.013876106783071
7065	70650	0	0	0.0236598591549296	0.00416386125985029	0.0194959978950793
7066	70660	0	0	0.0195021126760563	0.00332587601315438	0.0161762366629019
7067	70670	0	0	0.0272091549295775	0.0031695338275257	0.0240396211020518
7068	70680	0	0.11	0.0322542253521127	0.0029182601780106	0.0293359651741021
7069	70690	0	0	0.0344345070422535	0.00476498164425086	0.0296695253980027
7070	70700	0	0	0.0351	0.00728336094020828	0.0278166390597917
7071	70710	0	0	0.0352394366197183	0.00656615876980109	0.0286732778499172
7072	70720	0	0.46	0.0389408450704225	0.00840912287454011	0.0305317221958824
7073	70730	0	0	0.0470218309859155	0.0309009356988503	0.0161208952870652
7074	70740	0	0.08	0.0532077464788732	0.0389383157905643	0.0142694306883089
7075	70750	0	0.18	0.0721711267605634	0.0376010531590586	0.0345700736015047
7076	70760	0	0	0.0912295774647887	0.0448166839527641	0.0464128935120246
7077	70770	0	0	0.070212676056338	0.0422709765258295	0.0279416995305085
7078	70780	0	0	0.0543549295774648	0.0342342836154003	0.0201206459620645
7079	70790	0	0	0.0490183098591549	0.0284851927016526	0.0205331171575023
7080	70800	0	0	0.0355880281690141	0.024426132269056	0.0111618958999581
7081	70810	0	0	0.0298014084507042	0.0186493934705679	0.0111520149801364
7082	70820	0	0	0.029687323943662	0.0180954779567556	0.0115918459869064
7083	70830	0	0	0.0277605633802817	0.0186194661586603	0.00914109722162143
7084	70840	0	0	0.0256056338028169	0.0172690810129716	0.00833655278984531
7085	70850	0	0	0.0233049295774648	0.0064143166422296	0.0168906129352352
7086	70860	0	0	0.020256338028169	0.00678693677656918	0.0134694012515998
7087	70870	0	0	0.0167387323943662	0.00449516201428022	0.012243570380086
7088	70880	0	0.03	0.0155725352112676	4.95916628868424e-05	0.0155229435483808
7089	70890	0	0	0.0153887323943662	0.000691466971269163	0.014697265423097
7090	70900	0	0.02	0.0152619718309859	0.00146026610065405	0.0138017057303319
7091	70910	0	0.18	0.0167767605633803	0.00208955198978882	0.0146872085735914
7092	70920	0	0	0.0190330985915493	0.00617326448916649	0.0128598341023828
7093	70930	0.999997438108548	0.2	0.0252316901408451	0.0106248106500479	0.0146068794907972
7094	70940	0.997466169574447	0	0.0268225352112676	0.0139271774273428	0.0128953577839248
7095	70950	0.976481987297804	0	0.0245788732394366	0.0169832111438542	0.00759566209558246
7096	70960	0.954677404300655	0	0.0210359154929577	0.0148872193418551	0.00614869615110262
7097	70970	0.976698926710016	0	0.0195718309859155	0.0116517228652877	0.00792010812062782
7098	70980	0.977908455837871	0	0.0179049295774648	0.00921445428466174	0.00869047529280307
7099	70990	0.989453130390248	0.1	0.0185260563380282	0.00828980233800539	0.0102362540000228
7100	71000	0.998336455467689	0.16	0.0208647887323944	0.00925923212247383	0.0116055566099205
7101	71010	0.995254944945813	0.33	0.0235140845070423	0.0154184026584189	0.00809568184862335
7102	71020	0.940755575702469	0	0.0251366197183099	0.0258126432706129	-0.000676023552303003
7103	71030	0.816928460007405	0	0.0224049295774648	0.0312410093141431	-0.00883607973667829
7104	71040	0.843655021753725	0	0.0205859154929577	0.026128016850241	-0.00554210135728328
7105	71050	0.890704971898806	0	0.0169098591549296	0.0206471889936079	-0.00373732983867836
7106	71060	0.934222449407273	0	0.0164788732394366	0.0141252283846477	0.00235364485478886
7107	71070	0.945619133200199	0	0.015287323943662	0.0110765558390064	0.00421076810465558
7108	71080	0.943654102525068	0	0.0136838028169014	0.00967293928959422	0.00401086352730719
7109	71090	0.949705130285205	0	0.0145140845070423	0.00997464526482314	0.00453943924221912
7110	71100	0.950897535590325	0	0.0132908450704226	0.00911766475003841	0.00417318032038414
7111	71110	0.947895203116815	0	0.0121816901408451	0.00813356939148767	0.00404812074935742
7112	71120	0.962394584711167	0	0.0119852112676056	0.00670439741511323	0.00528081385249241
7113	71130	0.973507114802069	0	0.0115098591549296	0.00378159925638026	0.00772825989854933
7114	71140	0.986639760716112	0	0.0117697183098592	0	0.0117697183098592
7115	71150	0.987832839118858	0	0.0120295774647887	0	0.0120295774647887
7116	71160	0.987542021784449	0.03	0.0117570422535212	4.95916628868424e-05	0.0117074505906343
7117	71170	0.984946174447338	0	0.0118014084507042	0.000691466971269163	0.0111099414794351
7118	71180	0.977108497016352	0.02	0.0111422535211268	0.00146026610065405	0.00968198742047271
7119	71190	0.97692474429976	0.02	0.0114528169014085	0.001825063121059	0.00962775378034945
7120	71200	0.979932198069088	0.2	0.0110788732394366	0.00281605172830991	0.00826282151112671
7121	71210	0.972779013636974	0.49	0.0109330985915493	0.0081022165754134	0.00283088201613589
7122	71220	0.849660252422853	0.2	0.0125112676056338	0.0233578743472936	-0.0108466067416598
7123	71230	0.637709238520918	0.37	0.0125112676056338	0.0391518023721755	-0.0266405347665417
7124	71240	0.53731010289874	0.01	0.015274647887324	0.0484670845343492	-0.0331924366470252
7125	71250	0.647209565956327	0	0.0268288732394366	0.0510693645459282	-0.0242404913064916
7126	71260	0.748209964393492	0	0.0285021126760564	0.0430238434848836	-0.0145217308088273
7127	71270	0.874046912362352	0	0.0271521126760563	0.0336133683500692	-0.00646125567401286
7128	71280	0.904593117183808	0	0.0245154929577465	0.0270753860274021	-0.00255989306965561
7129	71290	0.941659430740516	0.33	0.0229056338028169	0.0242342606513955	-0.00132862684857856
7130	71300	0.933403630439588	0.44	0.022512676056338	0.0292661108278441	-0.00675343477150608
7131	71310	0.749258719394777	0	0.0253521126760564	0.045996022777698	-0.0206439101016417
7132	71320	0.614835914825647	0.02	0.0258591549295775	0.0541683003682053	-0.0283091454386278
7133	71330	0.681536175206379	0	0.0239260563380282	0.0457030501317144	-0.0217769937936862
7134	71340	0.897694161501037	0.41	0.0246169014084507	0.0345396372408097	-0.00992273583235896
7135	71350	0.867081024521928	0	0.0231908450704225	0.033873247694854	-0.0106824026244315
7136	71360	0.807341862780546	0	0.0241161971830986	0.0345181822925591	-0.0104019851094605
7137	71370	0.789169574025587	0	0.0225823943661972	0.0315744169721153	-0.00899202260591808
7138	71380	0.855041420252572	0	0.0206492957746479	0.0284139357637266	-0.00776463998907874
7139	71390	0.886214224305373	0	0.0192929577464789	0.0236658683532586	-0.00437291060677971
7140	71400	0.905303062010186	0	0.0176957746478873	0.0198174403139101	-0.00212166566602279
7141	71410	0.949472573246695	0.15	0.0171887323943662	0.0172492163734775	-6.04839791113442e-05
7142	71420	0.95288778625074	0.1	0.0172204225352113	0.0163440992542395	0.000876323280971762
7143	71430	0.962804913154248	0.08	0.0201929577464789	0.0165758837460635	0.00361707400041536
7144	71440	0.934232249141697	0	0.0217647887323944	0.0192330049104408	0.00253178382195363
7145	71450	0.935130184716622	0	0.0209281690140845	0.0196593077990448	0.00126886121503973
7146	71460	0.964877468397293	0.12	0.0200345070422535	0.0162408581699965	0.003793648872257
7147	71470	0.979746073371374	0.03	0.0190901408450704	0.011568465773641	0.00752167507142946
7148	71480	0.958702470717461	0	0.0185197183098591	0.0130437326951446	0.00547598561471451
7149	71490	0.966501053968403	0	0.0202119718309859	0.0126611780330986	0.00755079379788728
7150	71500	0.995501201556371	0	0.0234507042253521	0.011129968123271	0.0123207361020812
7151	71510	0.995468683060065	0	0.0220753521126761	0.00962987425739779	0.0124454778552783
7152	71520	0.994237556085588	0.01	0.0200471830985915	0.00824849137355489	0.0117986917250366
7153	71530	0.994678851326171	0	0.0189697183098592	0.00703536893782355	0.0119343493720356
7154	71540	0.994343062911201	0	0.0178161971830986	0.0054361892143481	0.0123800079687505
7155	71550	0.995168948199175	0	0.0169035211267606	0.00386498981568421	0.0130385313110763
7156	71560	0.99488520090034	0	0.0160225352112676	0.00253063437777507	0.0134919008334925
7157	71570	0.993425143242469	0	0.0151922535211268	0.00247298523128072	0.012719268289846
7158	71580	0.992602107000031	0.01	0.0143683098591549	0.00203977449802621	0.0123285353611287
7159	71590	0.992915974183278	0	0.0137598591549296	0.000730317971274658	0.0130295411836549
7160	71600	0.992586065821843	0.04	0.0135190140845071	0.000722319746954109	0.012796694337553
7161	71610	0.999938850114432	0.7	0.0139943661971831	0.00268636745678783	0.0113079987403953
7162	71620	0.943139300012431	0.16	0.0154647887323944	0.018799503752034	-0.00333471501963965
7163	71630	0.765878961624444	0	0.0248133802816901	0.0391927819939163	-0.0143794017122261
7164	71640	0.788811278131647	0.23	0.0309929577464789	0.0407997492451535	-0.00980679149867458
7165	71650	0.94456728608289	0.12	0.0366338028169014	0.0389157780663263	-0.00228197524942493
7166	71660	0	0.14	0.0433711267605634	0.0413078140029578	0.00206331275760564
7167	71670	0	0	0.0453866197183099	0.0438555263458142	0.00153109337249564
7168	71680	0	0	0.0419387323943662	0.0394374205663352	0.00250131182803103
7169	71690	0	0	0.0381802816901408	0.0357054836944467	0.00247479799569413
7170	71700	0	0.16	0.0354232394366197	0.0323857273923669	0.00303751204425282
7171	71710	0	0.07	0.0326598591549296	0.0356529207549363	-0.0029930616000067
7172	71720	0	0	0.0307838028169014	0.0406066318703192	-0.00982282905341779
7173	71730	0	0.02	0.0282422535211268	0.0360008298839849	-0.00775857636285813
7174	71740	0	0.01	0.026093661971831	0.0246719621189869	0.00142169985284406
7175	71750	0	0.1	0.0245154929577465	0.020844002888612	0.00367149006913444
7176	71760	0	0	0.0230767605633803	0.0204338227302844	0.00264293783309586
7177	71770	0	0	0.0223352112676056	0.0180484602537889	0.00428675101381677
7178	71780	0	0	0.0203133802816901	0.0149659872273677	0.00534739305432242
7179	71790	0	0	0.0190838028169014	0.00952570282188005	0.00955809999502138
7180	71800	0	0	0.0179366197183099	0.00864667839666102	0.00928994132164884
7181	71810	0	0	0.0173661971830986	0.00849373483376382	0.00887246234933479
7182	71820	0	0.03	0.0168781690140845	0.00797584481994394	0.00890232419414057
7183	71830	0	0.27	0.0168401408450704	0.00513449652371356	0.0117056443213569
7184	71840	0	0	0.016637323943662	0.00972177498957421	0.00691554895408777
7185	71850	0	0	0.0163014084507043	0.0159544730849016	0.000346935365802659
7186	71860	0	0	0.0159971830985916	0.014642831579011	0.00135435151958058
7187	71870	0	0	0.0155852112676056	0.011646493427531	0.00393871784007459
7188	71880	0	0	0.0152492957746479	0.00820850730068786	0.00704078847396003
7189	71890	0	0	0.0150338028169014	0.00601146655212255	0.00902233626477887
7190	71900	0	0	0.014387323943662	0.00475466281458482	0.00963266112907717
7191	71910	0	0	0.0141084507042254	0.00536328242685544	0.00874516827736994
7192	71920	0	0	0.0137281690140845	0.00483769049025274	0.00889047852383176
7193	71930	0	0	0.0137725352112676	0.00422770484700667	0.00954483036426093
7194	71940	0	0	0.0135316901408451	0.00432905926950529	0.0092026308713398
7195	71950	0	0	0.0131197183098592	0.00309403575522021	0.010025682554639
7196	71960	0	0	0.0129359154929577	0	0.0129359154929577
7197	71970	0	0	0.0125746478873239	0	0.0125746478873239
7198	71980	0	0.1	0.0126633802816902	0.000165305542956141	0.012498074738734
7199	71990	0	0.03	0.0127647887323944	0.00235448156711738	0.010410307165277
7200	72000	0	0	0.0124035211267606	0.0054488169448119	0.00695470418194866
7201	72010	0	0.01	0.0123654929577465	0.00588048231843064	0.00648501063931583
7202	72020	0	0	0.0124922535211268	0.00513815524485462	0.00735409827627215
7203	72030	0	0	0.0122450704225352	0.00436079518867802	0.00788427523385717
7204	72040	0	0	0.012181690140845	0.00334037821651731	0.00884131192432772
7205	72050	0	0	0.0126	0.00253406150958655	0.0100659384904134
7206	72060	0	0	0.0130056338028169	0.00255397376743661	0.0104516600353803
7207	72070	0	0.01	0.0129676056338028	0.00239920665169833	0.0105683989821045
7208	72080	0	0	0.0128598591549296	0.00227914369220407	0.0105807154627255
7209	72090	0	0	0.0124922535211268	0.00255277026646169	0.00993948325466507
7210	72100	0	0	0.0123781690140845	0.00219602047621662	0.0101821485378679
7211	72110	0	0	0.01215	0.000841627314853338	0.0113083726851466
7212	72120	0	0	0.0122640845070423	0.000428809623519384	0.0118352748835229
7213	72130	0	0	0.0122007042253521	0.000319902245056593	0.0118808019802955
7214	72140	0	0	0.0119345070422535	0.000156047230271581	0.0117784598119819
7215	72150	0	0	0.0118394366197183	0.000180462532417379	0.0116589740873009
7216	72160	0	0	0.0115795774647888	0.000163598017195399	0.0114159794475934
7217	72170	0	0	0.0113957746478874	0.000140181341992324	0.011255593305895
7218	72180	0	0	0.0113070422535211	0.000147602871071306	0.0111594393824498
7219	72190	0	0	0.0109964788732394	0.000114593916860008	0.0108818849563794
7220	72200	0	0	0.0108633802816901	0	0.0108633802816901
7221	72210	0	0	0.0104007042253521	0	0.0104007042253521
7222	72220	0	0	0.01035	0	0.01035
7223	72230	0	0	0.0101471830985915	0	0.0101471830985915
7224	72240	0	0	0.00982394366197183	0	0.00982394366197183
7225	72250	0	0	0.00992535211267605	0	0.00992535211267605
7226	72260	0	0	0.00972253521126761	0	0.00972253521126761
7227	72270	0	0	0.00969084507042254	0	0.00969084507042254
7228	72280	0	0	0.00972253521126761	0	0.00972253521126761
7229	72290	0	0	0.00983028169014084	0	0.00983028169014084
7230	72300	0	0	0.00959577464788732	0	0.00959577464788732
7231	72310	0	0	0.0093612676056338	0	0.0093612676056338
7232	72320	0	0	0.00939929577464789	0	0.00939929577464789
7233	72330	0	0	0.00926619718309859	0	0.00926619718309859
7234	72340	0	0	0.00915211267605634	0	0.00915211267605634
7235	72350	0	0	0.00912676056338028	0	0.00912676056338028
7236	72360	0	0	0.00919647887323944	0	0.00919647887323944
7237	72370	0	0	0.00924084507042253	0	0.00924084507042253
7238	72380	0	0	0.00912042253521127	0	0.00912042253521127
7239	72390	0	0	0.00916478873239437	0	0.00916478873239437
7240	72400	0	0.87	0.0117697183098592	0.00143815822371843	0.0103315600861407
7241	72410	0	0	0.0135697183098592	0.0200525421668057	-0.00648282385694656
7242	72420	0	0.07	0.0131323943661972	0.0415046586498911	-0.0283722642836939
7243	72430	0	0.07	0.0136711267605634	0.0403288337300589	-0.0266577069694955
7244	72440	0	0.35	0.0147676056338028	0.0366389246532339	-0.0218713190194311
7245	72450	0	0.01	0.0167767605633803	0.0389845004040157	-0.0222077398406354
7246	72460	0	0	0.0181140845070423	0.040352410747343	-0.0222383262403007
7247	72470	0	0	0.0190077464788733	0.034052554556338	-0.0150448080774647
7248	72480	0	0.08	0.0194894366197183	0.0322000127762314	-0.0127105761565131
7249	72490	0	0.01	0.0197683098591549	0.0288228594409206	-0.0090545495817657
7250	72500	0	0	0.0201485915492958	0.0260547123007407	-0.00590612075144491
7251	72510	0	0	0.0207697183098592	0.024941967433207	-0.00417224912334787
7252	72520	0	0	0.0215176056338028	0.0218733506014697	-0.000355744967666931
7253	72530	0	0	0.0222591549295775	0.0105282008675674	0.0117309540620101
7254	72540	0	0	0.0235838028169014	0.00882899588046669	0.0147548069364347
7255	72550	0	0	0.0252	0.00756212541787732	0.0176378745821227
7256	72560	0	0	0.0259922535211268	0.0057581374507822	0.0202341160703446
7257	72570	0	0	0.027912676056338	0.00160384058684058	0.0263088354694975
7258	72580	0	0		0.00128504875313399	
7259	72590	0				
7260	72600	0				
7261	72610	0				
7262	72620	0				
7263	72630	0				
7264	72640	0				
7265	72650	0				
7266	72660	0				
7267	72670	0				
7268	72680	0				
7269	72690	0				
7270	72700	0				
7271	72710	0				
7272	72720	0				
7273	72730	0				
7274	72740	0				
7275	72750	0				
7276	72760	0				
7277	72770	0				
7278	72780	0				
7279	72790	0				
7280	72800	0				
7281	72810	0				
7282	72820	0				
7283	72830	0				
7284	72840	0				
7285	72850	0				
7286	72860	0				
7287	72870	0				
7288	72880	0				
7289	72890	0				
7290	72900	0				
7291	72910	0				
7292	72920	0				
7293	72930	0				
7294	72940	0				
7295	72950	0				
7296	72960	0				
7297	72970	0				
7298	72980	0				
7299	72990	0				
7300	73000	0				
7301	73010	0				
7302	73020	0				
7303	73030	0				
7304	73040	0				
7305	73050	0				
7306	73060	0				
7307	73070	0				
7308	73080	0				
7309	73090	0				
7310	73100	0				
7311	73110	0				
7312	73120	0				
7313	73130	0				
7314	73140	0				
7315	73150	0				
7316	73160	0				
7317	73170	0				
7318	73180	0				
7319	73190	0				
7320	73200	0				
7321	73210	0				
7322	73220	0				
7323	73230	0				
7324	73240	0				
7325	73250	0				
7326	73260	0				
7327	73270	0				
7328	73280	0				
7329	73290	0				
7330	73300	0				
7331	73310	0				
7332	73320	0				
7333	73330	0				
7334	73340	0				
7335	73350	0				
7336	73360	0				
7337	73370	0				
7338	73380	0				
7339	73390	0				
7340	73400	0				
7341	73410	0				
7342	73420	0				
7343	73430	0				
7344	73440	0				
7345	73450	0				
7346	73460	0				
7347	73470	0				
7348	73480	0				
7349	73490	0				
7350	73500	0				
7351	73510	0				
7352	73520	0				
7353	73530	0				
7354	73540	0				
7355	73550	0				
7356	73560	0				
7357	73570	0				
7358	73580	0				
7359	73590	0				
7360	73600	0				
7361	73610	0				
7362	73620	0				
7363	73630	0				
7364	73640	0				
7365	73650	0				
7366	73660	0				
7367	73670	0				
7368	73680	0				
7369	73690	0				
7370	73700	0				
7371	73710	0				
7372	73720	0				
7373	73730	0				
7374	73740	0				
7375	73750	0				
7376	73760	0				
7377	73770	0				
7378	73780	0				
7379	73790	0				
7380	73800	0				
7381	73810	0				
7382	73820	0				
7383	73830	0				
7384	73840	0				
7385	73850	0				
7386	73860	0				
7387	73870	0				
7388	73880	0				
7389	73890	0				
7390	73900	0				
7391	73910	0				
7392	73920	0				
7393	73930	0				
7394	73940	0				
7395	73950	0				
7396	73960	0				
7397	73970	0				
7398	73980	0				
7399	73990	0				
7400	74000	0				
7401	74010	0				
7402	74020	0				
7403	74030	0				
7404	74040	0				
7405	74050	0				
7406	74060	0				
7407	74070	0				
7408	74080	0				
7409	74090	0				
7410	74100	0				
7411	74110	0				
7412	74120	0				
7413	74130	0				
7414	74140	0				
7415	74150	0				
7416	74160	0				
7417	74170	0				
7418	74180	0				
7419	74190	0				
7420	74200	0				
7421	74210	0				
7422	74220	0				
7423	74230	0				
7424	74240	0				
7425	74250	0				
7426	74260	0				
7427	74270	0				
7428	74280	0				
7429	74290	0				
7430	74300	0				
7431	74310	0				
7432	74320	0				
7433	74330	0				
7434	74340	0				
7435	74350	0				
7436	74360	0				
7437	74370	0				
7438	74380	0				
7439	74390	0				
7440	74400	0				
7441	74410	0				
7442	74420	0				
7443	74430	0				
7444	74440	0				
7445	74450	0				
7446	74460	0				
7447	74470	0				
7448	74480	0				
7449	74490	0				
7450	74500	0				
7451	74510	0				
7452	74520	0				
7453	74530	0				
7454	74540	0				
7455	74550	0				
7456	74560	0				
7457	74570	0				
7458	74580	0				
7459	74590	0				
7460	74600	0				
7461	74610	0				
7462	74620	0				
7463	74630	0				
7464	74640	0				
7465	74650	0				
7466	74660	0				
7467	74670	0				
7468	74680	0				
7469	74690	0				
7470	74700	0				
7471	74710	0				
7472	74720	0				
7473	74730	0				
7474	74740	0				
7475	74750	0				
7476	74760	0				
7477	74770	0				
7478	74780	0				
7479	74790	0				
7480	74800	0				
7481	74810	0				
7482	74820	0				
7483	74830	0				
7484	74840	0				
7485	74850	0				
7486	74860	0				
7487	74870	0				
7488	74880	0				
7489	74890	0				
7490	74900	0				
7491	74910	0				
7492	74920	0				
7493	74930	0				
7494	74940	0				
7495	74950	0				
7496	74960	0				
7497	74970	0				
7498	74980	0				
7499	74990	0				
7500	75000	0				
7501	75010	0				
7502	75020	0				
7503	75030	0				
7504	75040	0				
7505	75050	0				
7506	75060	0				
7507	75070	0				
7508	75080	0				
7509	75090	0				
7510	75100	0				
7511	75110	0				
7512	75120	0				
7513	75130	0				
7514	75140	0				
7515	75150	0				
7516	75160	0				
7517	75170	0				
7518	75180	0				
7519	75190	0				
7520	75200	0				
7521	75210	0				
7522	75220	0				
7523	75230	0				
7524	75240	0				
7525	75250	0				
7526	75260	0				
7527	75270	0				
7528	75280	0				
7529	75290	0				
7530	75300	0				
7531	75310	0				
7532	75320	0				
7533	75330	0				
7534	75340	0				
7535	75350	0				
7536	75360	0				
7537	75370	0				
7538	75380	0				
7539	75390	0				
7540	75400	0				
7541	75410	0				
7542	75420	0				
7543	75430	0				
7544	75440	0				
7545	75450	0				
7546	75460	0				
7547	75470	0				
7548	75480	0				
7549	75490	0				
7550	75500	0				
7551	75510	0				
7552	75520	0				
7553	75530	0				
7554	75540	0				
7555	75550	0				
7556	75560	0				
7557	75570	0				
7558	75580	0				
7559	75590	0				
7560	75600	0				
7561	75610	0				
7562	75620	0				
7563	75630	0				
7564	75640	0				
7565	75650	0				
7566	75660	0				
7567	75670	0				
7568	75680	0				
7569	75690	0				
7570	75700	0				
7571	75710	0				
7572	75720	0				
7573	75730	0				
7574	75740	0				
7575	75750	0				
7576	75760	0				
7577	75770	0				
7578	75780	0				
7579	75790	0				
7580	75800	0				
7581	75810	0				
7582	75820	0				
7583	75830	0				
7584	75840	0				
7585	75850	0				
7586	75860	0				
7587	75870	0				
7588	75880	0				
7589	75890	0				
7590	75900	0				
7591	75910	0				
7592	75920	0				
7593	75930	0				
7594	75940	0				
7595	75950	0				
7596	75960	0				
7597	75970	0				
7598	75980	0				
7599	75990	0				
7600	76000	0				
7601	76010	0				
7602	76020	0				
7603	76030	0				
7604	76040	0				
7605	76050	0				
7606	76060	0				
7607	76070	0				
7608	76080	0				
7609	76090	0				
7610	76100	0				
7611	76110	0				
7612	76120	0				
7613	76130	0				
7614	76140	0				
7615	76150	0				
7616	76160	0				
7617	76170	0				
7618	76180	0				
7619	76190	0				
7620	76200	0				
7621	76210	0				
7622	76220	0				
7623	76230	0				
7624	76240	0				
7625	76250	0				
7626	76260	0				
7627	76270	0				
7628	76280	0				
7629	76290	0				
7630	76300	0				
7631	76310	0				
7632	76320	0				
7633	76330	0				
7634	76340	0				
7635	76350	0				
7636	76360	0				
7637	76370	0				
7638	76380	0				
7639	76390	0				
7640	76400	0				
7641	76410	0				
7642	76420	0				
7643	76430	0				
7644	76440	0				
7645	76450	0				
7646	76460	0				
7647	76470	0				
7648	76480	0				
7649	76490	0				
7650	76500	0				
7651	76510	0				
7652	76520	0				
7653	76530	0				
7654	76540	0				
7655	76550	0				
7656	76560	0				
7657	76570	0				
7658	76580	0				
7659	76590	0				
7660	76600	0				
7661	76610	0				
7662	76620	0				
7663	76630	0				
7664	76640	0				
7665	76650	0				
7666	76660	0				
7667	76670	0				
7668	76680	0				
7669	76690	0				
7670	76700	0				
7671	76710	0				
7672	76720	0				
7673	76730	0				
7674	76740	0				
7675	76750	0				
7676	76760	0				
7677	76770	0				
7678	76780	0				
7679	76790	0				
7680	76800	0				
7681	76810	0				
7682	76820	0				
7683	76830	0				
7684	76840	0				
7685	76850	0				
7686	76860	0				
7687	76870	0				
7688	76880	0				
7689	76890	0				
7690	76900	0				
7691	76910	0				
7692	76920	0				
7693	76930	0				
7694	76940	0				
7695	76950	0				
7696	76960	0				
7697	76970	0				
7698	76980	0				
7699	76990	0				
7700	77000	0				
7701	77010	0				
7702	77020	0				
7703	77030	0				
7704	77040	0				
7705	77050	0				
7706	77060	0				
7707	77070	0				
7708	77080	0				
7709	77090	0				
7710	77100	0				
7711	77110	0				
7712	77120	0				
7713	77130	0				
7714	77140	0				
7715	77150	0				
7716	77160	0				
7717	77170	0				
7718	77180	0				
7719	77190	0				
7720	77200	0				
7721	77210	0				
7722	77220	0				
7723	77230	0				
7724	77240	0				
7725	77250	0				
7726	77260	0				
7727	77270	0				
7728	77280	0				
7729	77290	0				
7730	77300	0				
7731	77310	0				
7732	77320	0				
7733	77330	0				
7734	77340	0				
7735	77350	0				
7736	77360	0				
7737	77370	0				
7738	77380	0				
7739	77390	0				
7740	77400	0				
7741	77410	0				
7742	77420	0				
7743	77430	0				
7744	77440	0				
7745	77450	0				
7746	77460	0				
7747	77470	0				
7748	77480	0				
7749	77490	0				
7750	77500	0				
7751	77510	0				
7752	77520	0				
7753	77530	0				
7754	77540	0				
7755	77550	0				
7756	77560	0				
7757	77570	0				
7758	77580	0				
7759	77590	0				
7760	77600	0				
7761	77610	0				
7762	77620	0				
7763	77630	0				
7764	77640	0				
7765	77650	0				
7766	77660	0				
7767	77670	0				
7768	77680	0				
7769	77690	0				
7770	77700	0				
7771	77710	0				
7772	77720	0				
7773	77730	0				
7774	77740	0				
7775	77750	0				
7776	77760	0				
7777	77770	0				
7778	77780	0				
7779	77790	0				
7780	77800	0				
7781	77810	0				
7782	77820	0				
7783	77830	0				
7784	77840	0				
7785	77850	0				
7786	77860	0				
7787	77870	0				
7788	77880	0				
7789	77890	0				
7790	77900	0				
7791	77910	0				
7792	77920	0				
7793	77930	0				
7794	77940	0				
7795	77950	0				
7796	77960	0				
7797	77970	0				
7798	77980	0				
7799	77990	0				
7800	78000	0				
7801	78010	0				
7802	78020	0				
7803	78030	0				
7804	78040	0				
7805	78050	0				
7806	78060	0				
7807	78070	0				
7808	78080	0				
7809	78090	0				
7810	78100	0				
7811	78110	0				
7812	78120	0				
7813	78130	0				
7814	78140	0				
7815	78150	0				
7816	78160	0				
7817	78170	0				
7818	78180	0				
7819	78190	0				
7820	78200	0				
7821	78210	0				
7822	78220	0				
7823	78230	0				
7824	78240	0				
7825	78250	0				
7826	78260	0				
7827	78270	0				
7828	78280	0				
7829	78290	0				
7830	78300	0				
7831	78310	0				
7832	78320	0				
7833	78330	0				
7834	78340	0				
7835	78350	0				
7836	78360	0				
7837	78370	0				
7838	78380	0				
7839	78390	0				
7840	78400	0				
7841	78410	0				
7842	78420	0				
7843	78430	0				
7844	78440	0				
7845	78450	0				
7846	78460	0				
7847	78470	0				
7848	78480	0				
7849	78490	0				
7850	78500	0				
7851	78510	0				
7852	78520	0				
7853	78530	0				
7854	78540	0				
7855	78550	0				
7856	78560	0				
7857	78570	0				
7858	78580	0				
7859	78590	0				
7860	78600	0				
7861	78610	0				
7862	78620	0				
7863	78630	0				
7864	78640	0				
7865	78650	0				
7866	78660	0				
7867	78670	0		0.00932957746478873		
7868	78680	0	0	0.00773239436619719		
7869	78690	0	0	0.00930422535211267		
7870	78700	0	0	0.0112816901408451		
7871	78710	0	0	0.0142985915492958		
7872	78720	0	0	0.0189380281690141		
7873	78730	0	0	0.0258084507042254		
7874	78740	0	0	0.0433014084507042		
7875	78750	0	0	0.0756253521126761		
7876	78760	0	0	0.106352112676056		
7877	78770	0	0	0.114895774647887		
7878	78780	0	0	0.173687323943662		
7879	78790	0	0	0.212754929577465		
7880	78800	0	0	0.211157746478873	0	0.211157746478873
7881	78810	0	0	0.317357746478873	0	0.317357746478873
7882	78820	0	0	0.284070422535211	0	0.284070422535211
7883	78830	0	0	0.251264788732394	0	0.251264788732394
7884	78840	0	0	0.210447887323944	0	0.210447887323944
7885	78850	0	0	0.16103661971831	0	0.16103661971831
7886	78860	0	0	0.126988732394366	0	0.126988732394366
7887	78870	0	0	0.0991267605633803	0	0.0991267605633803
7888	78880	0	0	0.0749028169014084	0	0.0749028169014084
7889	78890	0	0	0.0752070422535211	0	0.0752070422535211
7890	78900	0	0	0.10060985915493	0	0.10060985915493
7891	78910	0	0	0.125619718309859	0	0.125619718309859
7892	78920	0	0	0.180697183098592	0	0.180697183098592
7893	78930	0	0	0.441101408450704	0	0.441101408450704
7894	78940	0	0	0.310873943661972	0	0.310873943661972
7895	78950	0	0	0.318479577464789	0	0.318479577464789
7896	78960	0	0	0.27752323943662	0	0.27752323943662
7897	78970	0	0	0.203228873239437	0	0.203228873239437
7898	78980	0	0	0.192650704225352	0	0.192650704225352
7899	78990	0	0	0.18623661971831	0	0.18623661971831
7900	79000	0	0	0.163983802816901	0	0.163983802816901
7901	79010	0	0	0.132198591549296	0	0.132198591549296
7902	79020	0	0.04	0.126411971830986	0.00102498294147822	0.125386988889508
7903	79030	0	0	0.131222535211268	0.00519188771482389	0.126030647496444
7904	79040	0	0	0.126697183098591	0.00542753483759284	0.121269648260999
7905	79050	0	0	0.13275	0.00429478740098858	0.128455212599011
7906	79060	0	0	0.111447887323944	0.00307914105514662	0.108368746268797
7907	79070	0	0	0.130937323943662	0.00236934075930475	0.128567983184357
7908	79080	0	0	0.124022535211268	0.00185652408904281	0.122166011122225
7909	79090	0	0	0.108392957746479	0.00151422192131851	0.10687873582516
7910	79100	0	0	0.113152816901408	0.00134009855324156	0.111812718348167
7911	79110	0	0	0.0924084507042254	0.00141948619031287	0.0909889645139125
7912	79120	0	0	0.0991204225352113	0.000956926841092525	0.0981634956941188
7913	79130	0	0	0.0810887323943662	0.000840032949670378	0.0802486994446958
7914	79140	0	0	0.0785408450704226	0.00113964852737075	0.0774011965430518
7915	79150	0	0	0.0762084507042254	0	0.0762084507042254
7916	79160	0	0	0.062562676056338	0	0.062562676056338
7917	79170	0	0	0.0644767605633803	0	0.0644767605633803
7918	79180	0	0	0.0588042253521127	0	0.0588042253521127
7919	79190	0	0	0.0690971830985916	0	0.0690971830985916
7920	79200	0	0	0.0589753521126761	0	0.0589753521126761
7921	79210	0	0	0.053968309859155	0	0.053968309859155
7922	79220	0	0.24	0.0536323943661972	0.00204213446685909	0.0515902598993381
7923	79230	0	0.34	0.0542725352112676	0.0170933281433388	0.0371792070679288
7924	79240	0	0.04	0.0876866197183099	0.0390004989282992	0.0486861207900107
7925	79250	0	0	0.0874014084507043	0.0440896828405823	0.043311725610122
7926	79260	0	0	0.0770323943661972	0.0385485814269549	0.0384838129392423
7927	79270	0	0	0.0715943661971831	0.0329652069221836	0.0386291592749995
7928	79280	0	0	0.066143661971831	0.0267383895167245	0.0394052724551065
7929	79290	0	0	0.0629112676056338	0.0208805382647691	0.0420307293408647
7930	79300	0	0	0.0519781690140845	0.01723382115571	0.0347443478583745
7931	79310	0	0	0.045893661971831	0.0150940596216558	0.0307996023501752
7932	79320	0	0	0.0400753521126761	0.0140720214713978	0.0260033306412782
7933	79330	0	0	0.0348971830985916	0.0153423859661692	0.0195547971324224
7934	79340	0	0	0.0325267605633803	0.0159920100124305	0.0165347505509498
7935	79350	0	0	0.0289711267605634	0.0095551031364059	0.0194160236241575
7936	79360	0	0	0.0263852112676057	0.000998924892062272	0.0253862863755434
7937	79370	0	0	0.0238943661971831	0	0.0238943661971831
7938	79380	0	0.05	0.0228992957746479	8.26527714780707e-05	0.0228166430031698
7939	79390	0	0	0.0212450704225352	0.00115244495211527	0.0200926254704199
7940	79400	0	0	0.0201676056338028	0.00237867498677137	0.0177889306470314
7941	79410	0	0	0.0198887323943662	0.0022183733860361	0.0176703590083301
7942	79420	0	0	0.0176323943661972	0.00178832111140495	0.0158440732547922
7943	79430	0	0	0.0182978873239437	0.00140603376224039	0.0168918535617033
7944	79440	0	0	0.0166309859154929	0.00102654164098293	0.01560444427451
7945	79450	0	0	0.0164471830985915	0.000780236151357903	0.0156669469472336
7946	79460	0	0	0.0169985915492958	0.000902312662086897	0.0160962788872089
7947	79470	0	0	0.0143239436619718	0.000817990085976994	0.0135059535759948
7948	79480	0	0	0.0154394366197183	0.00070090670996162	0.0147385299097567
7949	79490	0	0	0.0135760563380282	0.000738014355356531	0.0128380419826717
7950	79500	0	0	0.0133288732394366	0.000572969584300039	0.0127559036551366
7951	79510	0	0	0.0132971830985916	0	0.0132971830985916
7952	79520	0	0	0.0125746478873239	0	0.0125746478873239
7953	79530	0	0	0.0135760563380282	0	0.0135760563380282
7954	79540	0	0	0.012130985915493	0	0.012130985915493
7955	79550	0	0.13	0.0128154929577465	0.000214897205842984	0.0126005957519035
7956	79560	0	0	0.0122767605633803	0.0029963568754997	0.00928040368788058
7957	79570	0	0.24	0.0115605633802817	0.00658128826870029	0.0049792751115814
7958	79580	0	0.06	0.0139943661971831	0.0113986898996208	0.00259567629756224
7959	79590	0	0	0.0165295774647887	0.0174502087686938	-0.00092063130390501
7960	79600	0	0	0.0214542253521127	0.0171582900189239	0.00429593533318873
7961	79610	0	0	0.0199964788732394	0.0139149976645427	0.00608148120869674
7962	79620	0	0	0.0193880281690141	0.0109235613859704	0.00846446678304374
7963	79630	0	0	0.0180760563380282	0.00896065331283245	0.00911540302519573
7964	79640	0	0.01	0.0171697183098591	0.00712028827353325	0.0100494300363259
7965	79650	0	0.09	0.0172140845070423	0.00746900558463038	0.00974507892241187
7966	79660	0	0.06	0.0174866197183099	0.00957728416805627	0.00790933555025358
7967	79670	0	0.36	0.0197176056338028	0.0125389847807444	0.00717862085305845
7968	79680	0	0	0.0226457746478873	0.0198863069141669	0.00275946773372049
7969	79690	0	0.02	0.0634753521126761	0.0269576250606334	0.0365177270520427
7970	79700	0.120539767641726	0	0.168845070422535	0.0220029842953813	0.146842086127154
7971	79710	0.193995114063832	0.02	0.13197676056338	0.0181082786324507	0.113868481930929
7972	79720	0.345639352499995	0	0.097656338028169	0.0155892767987093	0.0820670612294597
7973	79730	0.499561957839204	0	0.0769816901408451	0.0125283173831568	0.0644533727576883
7974	79740	0.61726191676735	0.95	0.0708401408450704	0.0185048403095701	0.0523353005355003
7975	79750	0.983497685353278	0	0.0758535211267606	0.066593148077625	0.00926037304913554
7976	79760	0.86042846570358	0	0.0749788732394366	0.08273682382659	-0.00775795058715333
7977	79770	0.647049355186391	0	0.0669042253521127	0.0693420846639288	-0.0024378593118161
7978	79780	0.794998482570145	0	0.0575302816901408	0.0604853665222868	-0.00295508483214594
7979	79790	0.846003825693747	0	0.0503302816901408	0.0489974894606961	0.00133279222944471
7980	79800	0.928646831122343	0	0.0432697183098592	0.0348574577955636	0.0084122605142956
7981	79810	0.979149538798849	0	0.0388711267605634	0.0272314209219161	0.0116397058386473
7982	79820	0.960293622125598	1.11	0.0435485915492958	0.0342184175360132	0.00933017401328257
7983	79830	0.776967264923228	0.02	0.0740978873239437	0.0865087108684075	-0.0124108235444638
7984	79840	0.988282200823048	0.16	0.121842253521127	0.110926043651078	0.0109162098700486
7985	79850	0.976777598397095	0.32	0.163166197183099	0.115960860251882	0.0472053369312168
7986	79860	0.941669686150868	0.88	0.247588732394366	0.167602077234593	0.0799866551597739
7987	79870	0.368767319862929	0.13	0.290997887323944	0.187874193945569	0.103123693378375
7988	79880	0.797878763321508	0.01	0.229829577464789	0.170793207992443	0.0590363694723458
7989	79890	0.968818097779996	0.01	0.178675352112676	0.144316623334829	0.0343587287778468
7990	79900	0.999074998512846	0	0.136952112676056	0.113549388928906	0.0234027237471507
7991	79910	0.999412014364874	0	0.112043661971831	0.0899301055762653	0.0221135563955658
7992	79920	0.999267352603272	0.52	0.13062676056338	0.100556061387284	0.0300706991760968
7993	79930	0.999739671730815	0.01	0.155915492957746	0.138663196922935	0.0172522960348112
7994	79940	0.978940462009577	0	0.147194366197183	0.135372534155324	0.011821832041859
7995	79950	0.825673733829411	0	0.127134507042254	0.0867551638870497	0.0403793431552039
7996	79960	0.926701971373545	0	0.106440845070423	0.0644243975946198	0.0420164474758028
7997	79970	0.999976445806339	0	0.0883711267605634	0.0509314735002671	0.0374396532602963
7998	79980	0.996615731748785	0.02	0.076037323943662	0.035307962228432	0.04072936171523
7999	79990	0.946811657734682	0	0.0654908450704225	0.0228566249054204	0.0426342201650021
8000	80000	0.909283022932166	0.05	0.0583859154929578	0.0199671124909025	0.0384188030020552
8001	80010	0.9988378753782	0.67	0.0552169014084507	0.0288365721571264	0.0263803292513243
8002	80020	0.838387979014741	0.58	0.0665429577464789	0.0623661795678179	0.00417677817866095
8003	80030	0.979947606597347	0.01	0.121766197183099	0.101478659024532	0.020287538158567
8004	80040	0.508341974707506	0	0.191218309859155	0.107117926643125	0.0841003832160302
8005	80050	0.668026370056976	0.3	0.171874647887324	0.0880125710960568	0.0838620767912672
8006	80060	0.947259964791599	0	0.135912676056338	0.0933612355701787	0.0425514404861592
8007	80070	0.999262906360752	0.15	0.114585211267606	0.0828647658977109	0.0317204453698946
8008	80080	0.97447376835118	0.35	0.108697183098592	0.0936499745664619	0.0150472085321297
8009	80090	0.775756382242289	0.03	0.106288732394366	0.118485669720751	-0.0121969373263844
8010	80100	0.901007744223426	1.09	0.130164084507042	0.139603900886588	-0.00943981637954625
8011	80110	0.954316396358803	0	0.223726056338028	0.237413509254501	-0.0136874529164725
8012	80120	0.975139677988242	0.09	0.210111971830986	0.229611003197946	-0.0194990313669598
8013	80130	0.58021094645224	0.52	0.186908450704226	0.208243018545887	-0.0213345678416615
8014	80140	0.702149558759672	0.02	0.173465492957747	0.181199011186252	-0.00773351822850507
8015	80150	0.656935042064569	0.1	0.15242323943662	0.143739027580981	0.00868421185563867
8016	80160	0.639615855138286	0.02	0.137490845070423	0.12773850241433	0.00975234265609282
8017	80170	0.519828069176849	0.23	0.124035211267606	0.111888803797878	0.0121464074697274
8018	80180	0.953588969250803	0.37	0.155370422535211	0.125920303809478	0.0294501187257333
8019	80190	0.940594372746746	0.01	0.210359154929578	0.163032205012939	0.0473269499166382
8020	80200	0.600551730598836	0	0.199495774647887	0.133156289462762	0.0663394851851255
8021	80210	0.72372233701114	0	0.160269718309859	0.0994622367619379	0.0608074815479212
8022	80220	0.99770400168832	0	0.126012676056338	0.0872002171441726	0.0388124589121654
8023	80230	0.663613737798504	0	0.104095774647887	0.0431185971569057	0.0609771774909816
8024	80240	0.88889025481092	0	0.089556338028169	0.0348500219670413	0.0547063160611277
8025	80250	0.928779577076013	0.57	0.0867992957746479	0.0343312330313202	0.0524680627433276
8026	80260	0.0977705016872025	0	0.229969014084507	0.0562979337523956	0.173671080332111
8027	80270	0.14446034335831	0.18	0.224898591549296	0.0697465292896412	0.155152062259655
8028	80280	0.231411190077567	0	0.197917605633803	0.0671646010310229	0.13075300460278
8029	80290	0.379789991774638	0.01	0.161296478873239	0.0623558652687326	0.0989406136045069
8030	80300	0.501340835623889	0	0.129181690140845	0.0520794532040467	0.0771022369367984
8031	80310	0.418913092172954	0	0.109058450704225	0.0314486006130456	0.0776098500911798
8032	80320	0.487566668709965	0	0.0929345070422536	0.0245003153756014	0.0684341916666522
8033	80330	0.618875285399601	0	0.0805056338028169	0.0229149726760496	0.0575906611267673
8034	80340	0.605949958586171	0	0.0710049295774648	0.0168464706349415	0.0541584589425233
8035	80350	0.78279278383404	0	0.0623091549295775	0.0173204113279188	0.0449887436016587
8036	80360	0.885985757591079	0	0.0555528169014085	0.0182795856946352	0.0372732312067732
8037	80370	0.903546763187675	0	0.0496394366197183	0.0164869765933518	0.0331524600263666
8038	80380	0.804963244725918	0	0.0460457746478873	0.00187939608029692	0.0441663785675904
8039	80390	0.867978162775253	0	0.0420401408450704	0.00193407684708222	0.0401060639979882
8040	80400	0.843400884077986	0	0.0384401408450704	9.5510022819682e-05	0.0383446308222507
8041	80410	0.871561746019218	0.03	0.036424647887324	0.000356334139722105	0.0360683137476019
8042	80420	0.918822709418855	0.29	0.0354295774647887	0.00424261718686579	0.0311869602779229
8043	80430	0.9938050282102	0.35	0.0351443661971831	0.0224546944872886	0.0126896717098946
8044	80440	0.758890066094265	0.7	0.0392007042253521	0.0510028889093394	-0.0118021846839872
8045	80450	0	0	0.0431302816901408	0.088828332429802	-0.0456980507396611
8046	80460	0	0	0.0413429577464789	0.0944084770124559	-0.053065519265977
8047	80470	0	0	0.0373880281690141	0.0794367820806238	-0.0420487539116097
8048	80480	0	0.89	0.0361838028169014	0.0747293050709174	-0.038545502254016
8049	80490	0	0.66	0.0553816901408451	0.112424532067492	-0.0570428419266471
8050	80500	0	0.3	0.0909253521126761	0.15361191180519	-0.0626865596925137
8051	80510	0	0.41	0.183954929577465	0.165283505929185	0.01867142364828
8052	80520	0	0.05	0.267344366197183	0.175069282159615	0.0922750840375675
8053	80530	0	0.1	0.25418661971831	0.168956751102073	0.0852298686162366
8054	80540	0	0	0.220588732394366	0.152433566814688	0.068155165579678
8055	80550	0	0	0.173528873239437	0.125728715072568	0.0478001581668689
8056	80560	0	0	0.135247183098592	0.0994530826737816	0.0357941004248099
8057	80570	0	0	0.111612676056338	0.067035132766329	0.0445775432900089
8058	80580	0	0.78	0.0996654929577466	0.0810850013346162	0.0185804916231304
8059	80590	0	0.24	0.13165985915493	0.169242295432602	-0.0375824362776729
8060	80600	0	0.05	0.164465492957747	0.197254965984124	-0.0327894730263774
8061	80610	0	0	0.186769014084507	0.159678040054798	0.0270909740297087
8062	80620	0	0	0.168851408450704	0.113173287253996	0.0556781211967078
8063	80630	0	0	0.142827464788732	0.0819106544714676	0.0609168103172648
8064	80640	0	0	0.122742253521127	0.055727627496117	0.0670146260250099
8065	80650	0	0	0.107144366197183	0.044638821262746	0.062505544934437
8066	80660	0	0	0.0933591549295775	0.0375379084274251	0.0558212465021524
8067	80670	0	0.06	0.0837633802816901	0.0381238830489132	0.045639497232777
8068	80680	0	0	0.0768359154929578	0.0324021898135555	0.0444337256794023
8069	80690	0	0	0.0703521126760563	0.0285323226539763	0.0418197900220801
8070	80700	0	0	0.0651549295774648	0.0323229153162694	0.0328320142611954
8071	80710	0	0	0.0600654929577465	0.0112792827067598	0.0487862102509866
8072	80720	0	0	0.0561866197183099	0.00421754725568361	0.0519690724626263
8073	80730	0	0	0.0516866197183099	0.00216264130827383	0.049523978410036
8074	80740	0	0	0.0483401408450704	0.00169089494672599	0.0466492458983444
8075	80750	0	0	0.0460838028169014	0.00155258056302004	0.0445312222538814
8076	80760	0	0	0.043193661971831	0.00129220995001457	0.0419014520218164
8077	80770	0	0	0.0408232394366197	0.00142861117815881	0.0393946282584609
8078	80780	0	0.49	0.0393021126760564	0.00576572020065219	0.0335363924754042
8079	80790	0	0.24	0.0421669014084507	0.0325328097819997	0.00963409162645096
8080	80800	0	0.03	0.0447084507042254	0.0523142888231335	-0.00760583811890813
8081	80810	0	0.02	0.0448605633802817	0.05203946571122	-0.00717890233093835
8082	80820	0	0	0.0449429577464789	0.0466509184038469	-0.00170796065736806
8083	80830	0	0	0.0425661971830986	0.0398517521348576	0.00271444504824094
8084	80840	0	0	0.0406838028169014	0.0318169965088913	0.00886680630801013
8085	80850	0	0	0.0383514084507042	0.0249864840480751	0.0133649244026291
8086	80860	0	0	0.0366971830985916	0.0214553039045279	0.0152418791940636
8087	80870	0	0	0.0350556338028169	0.0183296980866534	0.0167259357161635
8088	80880	0	0	0.0333507042253521	0.0181757530187739	0.0151749512065782
8089	80890	0	0	0.0324380281690141	0.0199150355769707	0.0125229925920434
8090	80900	0	0	0.0307774647887324	0.0197673214901066	0.0110101432986258
8091	80910	0	0	0.0296366197183099	0.00726793424383401	0.0223686854744759
8092	80920	0	0	0.0279316901408451	0.001281314445985	0.0266503756948601
8093	80930	0	0.44	0.0287683098591549	0.00122680683503816	0.0275415030241168
8094	80940	0	0.01	0.0297253521126761	0.01015804613291	0.0195673059797661
8095	80950	0	0	0.0288443661971831	0.0211628288740111	0.00768153732317203
8096	80960	0	0	0.0283943661971831	0.019997420794472	0.00839694540271113
8097	80970	0	0	0.0275197183098592	0.0161809004575708	0.0113388178522884
8098	80980	0	0	0.027006338028169	0.0127307613299964	0.0142755766981726
8099	80990	0	0	0.0263978873239437	0.00931477319309783	0.0170831141308458
8100	81000	0	0	0.0255866197183099	0.00707138646014613	0.0185152332581637
8101	81010	0	0	0.0252760563380282	0.00809639865663628	0.0171796576813919
8102	81020	0	0	0.0244140845070423	0.00737877528901493	0.0170353092180273
8103	81030	0	0.07	0.023843661971831	0.00644729094492695	0.017396371026904
8104	81040	0	0.07	0.0232922535211267	0.00836384448216047	0.0149284090389663
8105	81050	0	0	0.0231211267605634	0.0101333031273529	0.0129878236332104
8106	81060	0	0	0.0226584507042254	0.00655046163879046	0.0161079890654349
8107	81070	0	0.33	0.0237802816901409	0.00615488058817274	0.0176254011019681
8108	81080	0	0	0.0275767605633803	0.0120782335070643	0.015498527056316
8109	81090	0	0	0.0281725352112676	0.0191048604772037	0.00906767473406396
8110	81100	0	0	0.0281725352112676	0.0171707532571154	0.0110017819541522
8111	81110	0	0	0.0329894366197183	0.0141584876740954	0.0188309489456229
8112	81120	0	0	0.042743661971831	0.011688246678076	0.031055415293755
8113	81130	0	0	0.0465845070422535	0.00890163034480138	0.0376828766974521
8114	81140	0	0.02	0.0544183098591549	0.00733422596264583	0.0470840838965091
8115	81150	0	0.23	0.0674302816901408	0.0109310453089734	0.0564992363811675
8116	81160	0	0	0.0823183098591549	0.0213547707379389	0.0609635391212161
8117	81170	0	0.13	0.0903676056338028	0.0247903632283504	0.0655772424054524
8118	81180	0	0.03	0.091330985915493	0.0287581921783896	0.0625727937371034
8119	81190	0	0	0.0875915492957747	0.0295319587842378	0.0580595905115368
8120	81200	0	0.01	0.0807781690140845	0.0222010263643206	0.0585771426497639
8121	81210	0	0.08	0.0813739436619719	0.0194057796610936	0.0619681640008783
8122	81220	0	0	0.0871859154929578	0.0202524986171211	0.0669334168758366
8123	81230	0	0.04	0.0982077464788733	0.0196297846173554	0.0785779618615178
8124	81240	0	0.01	0.107150704225352	0.0183428499985962	0.088807854226756
8125	81250	0	0.02	0.102929577464789	0.0193998122776429	0.0835297651871459
8126	81260	0	0	0.120961267605634	0.0202235315053751	0.100737736100259
8127	81270	0	0	0.128680985915493	0.0182691546788155	0.110411831236677
8128	81280	0	0	0.124485211267606	0.0112609904860319	0.113224220781574
8129	81290	0	0	0.113957746478873	0.00977699197280653	0.104180754506067
8130	81300	0	0	0.101674647887324	0.00538261602760795	0.0962920318597161
8131	81310	0	0	0.0892204225352113	0.00441600687033665	0.0848044156648746
8132	81320	0	0.02	0.0807401408450704	0.00442573989084598	0.0763144009542244
8133	81330	0	0.1	0.0753781690140845	0.00586992289198562	0.0695082461220989
8134	81340	0	0	0.0726781690140845	0.00947413376041556	0.063204035253669
8135	81350	0	0	0.0701683098591549	0.0107575218803911	0.0594107879787639
8136	81360	0	0	0.0674619718309859	0.00823921912158627	0.0592227527093996
8137	81370	0	0	0.0626894366197183	0.00715307038825435	0.055536366231464
8138	81380	0	0	0.0586774647887324	0.0053758580968749	0.0533016066918575
8139	81390	0	0	0.0543802816901409	0.00416803382936505	0.0502122478607758
8140	81400	0	0	0.0521112676056338	0.00333568509888333	0.0487755825067505
8141	81410	0	0	0.0475542253521127	0.00301837092170492	0.0445358544304078
8142	81420	0	0	0.0452218309859155	0.00262988697607722	0.0425919440098383
8143	81430	0	0	0.0441316901408451	0.00291313940720298	0.0412185507336421
8144	81440	0	0	0.0415584507042254	0.0031600663307226	0.0383983843735028
8145	81450	0	0		0.00249731223015568	
8146	81460	0				
8147	81470	0				
8148	81480	0				
8149	81490	0				
8150	81500	0				
8151	81510	0				
8152	81520	0				
8153	81530	0				
8154	81540	0				
8155	81550	0				
8156	81560	0				
8157	81570	0				
8158	81580	0				
8159	81590	0				
8160	81600	0				
8161	81610	0				
8162	81620	0				
8163	81630	0				
8164	81640	0				
8165	81650	0				
8166	81660	0				
8167	81670	0				
8168	81680	0				
8169	81690	0				
8170	81700	0				
8171	81710	0				
8172	81720	0				
8173	81730	0				
8174	81740	0				
8175	81750	0				
8176	81760	0				
8177	81770	0				
8178	81780	0				
8179	81790	0				
8180	81800	0				
8181	81810	0				
8182	81820	0				
8183	81830	0				
8184	81840	0				
8185	81850	0				
8186	81860	0				
8187	81870	0				
8188	81880	0				
8189	81890	0				
8190	81900	0				
8191	81910	0				
8192	81920	0				
8193	81930	0				
8194	81940	0				
8195	81950	0				
8196	81960	0				
8197	81970	0				
8198	81980	0				
8199	81990	0				
8200	82000	0				
8201	82010	0				
8202	82020	0				
8203	82030	0				
8204	82040	0				
8205	82050	0				
8206	82060	0				
8207	82070	0				
8208	82080	0				
8209	82090	0				
8210	82100	0				
8211	82110	0				
8212	82120	0				
8213	82130	0				
8214	82140	0				
8215	82150	0				
8216	82160	0				
8217	82170	0				
8218	82180	0				
8219	82190	0				
8220	82200	0				
8221	82210	0				
8222	82220	0				
8223	82230	0				
8224	82240	0				
8225	82250	0				
8226	82260	0				
8227	82270	0				
8228	82280	0				
8229	82290	0				
8230	82300	0				
8231	82310	0				
8232	82320	0				
8233	82330	0				
8234	82340	0				
8235	82350	0				
8236	82360	0				
8237	82370	0				
8238	82380	0				
8239	82390	0				
8240	82400	0				
8241	82410	0				
8242	82420	0				
8243	82430	0				
8244	82440	0				
8245	82450	0				
8246	82460	0				
8247	82470	0				
8248	82480	0				
8249	82490	0				
8250	82500	0				
8251	82510	0				
8252	82520	0				
8253	82530	0				
8254	82540	0				
8255	82550	0				
8256	82560	0				
8257	82570	0				
8258	82580	0				
8259	82590	0				
8260	82600	0				
8261	82610	0				
8262	82620	0				
8263	82630	0				
8264	82640	0				
8265	82650	0				
8266	82660	0				
8267	82670	0				
8268	82680	0				
8269	82690	0				
8270	82700	0				
8271	82710	0				
8272	82720	0				
8273	82730	0				
8274	82740	0				
8275	82750	0				
8276	82760	0				
8277	82770	0				
8278	82780	0				
8279	82790	0				
8280	82800	0				
8281	82810	0				
8282	82820	0				
8283	82830	0				
8284	82840	0				
8285	82850	0				
8286	82860	0				
8287	82870	0				
8288	82880	0				
8289	82890	0				
8290	82900	0				
8291	82910	0				
8292	82920	0				
8293	82930	0				
8294	82940	0				
8295	82950	0				
8296	82960	0				
8297	82970	0				
8298	82980	0				
8299	82990	0				
8300	83000	0				
8301	83010	0				
8302	83020	0				
8303	83030	0				
8304	83040	0				
8305	83050	0				
8306	83060	0				
8307	83070	0				
8308	83080	0				
8309	83090	0				
8310	83100	0				
8311	83110	0				
8312	83120	0				
8313	83130	0				
8314	83140	0				
8315	83150	0				
8316	83160	0				
8317	83170	0				
8318	83180	0				
8319	83190	0				
8320	83200	0				
8321	83210	0				
8322	83220	0				
8323	83230	0				
8324	83240	0				
8325	83250	0				
8326	83260	0				
8327	83270	0				
8328	83280	0				
8329	83290	0				
8330	83300	0				
8331	83310	0				
8332	83320	0				
8333	83330	0				
8334	83340	0				
8335	83350	0				
8336	83360	0				
8337	83370	0				
8338	83380	0				
8339	83390	0				
8340	83400	0				
8341	83410	0				
8342	83420	0				
8343	83430	0				
8344	83440	0				
8345	83450	0				
8346	83460	0				
8347	83470	0				
8348	83480	0				
8349	83490	0				
8350	83500	0				
8351	83510	0				
8352	83520	0				
8353	83530	0				
8354	83540	0				
8355	83550	0				
8356	83560	0				
8357	83570	0				
8358	83580	0				
8359	83590	0				
8360	83600	0				
8361	83610	0				
8362	83620	0				
8363	83630	0				
8364	83640	0				
8365	83650	0				
8366	83660	0				
8367	83670	0				
8368	83680	0				
8369	83690	0				
8370	83700	0				
8371	83710	0				
8372	83720	0				
8373	83730	0				
8374	83740	0				
8375	83750	0				
8376	83760	0				
8377	83770	0				
8378	83780	0				
8379	83790	0				
8380	83800	0				
8381	83810	0				
8382	83820	0				
8383	83830	0				
8384	83840	0				
8385	83850	0				
8386	83860	0				
8387	83870	0				
8388	83880	0				
8389	83890	0				
8390	83900	0				
8391	83910	0				
8392	83920	0				
8393	83930	0				
8394	83940	0				
8395	83950	0				
8396	83960	0				
8397	83970	0				
8398	83980	0				
8399	83990	0				
8400	84000	0				
8401	84010	0				
8402	84020	0				
8403	84030	0				
8404	84040	0				
8405	84050	0				
8406	84060	0				
8407	84070	0				
8408	84080	0				
8409	84090	0				
8410	84100	0				
8411	84110	0				
8412	84120	0				
8413	84130	0				
8414	84140	0				
8415	84150	0				
8416	84160	0				
8417	84170	0				
8418	84180	0				
8419	84190	0				
8420	84200	0				
8421	84210	0				
8422	84220	0				
8423	84230	0				
8424	84240	0				
8425	84250	0				
8426	84260	0				
8427	84270	0				
8428	84280	0				
8429	84290	0				
8430	84300	0				
8431	84310	0				
8432	84320	0				
8433	84330	0				
8434	84340	0				
8435	84350	0				
8436	84360	0				
8437	84370	0				
8438	84380	0				
8439	84390	0				
8440	84400	0				
8441	84410	0				
8442	84420	0				
8443	84430	0				
8444	84440	0				
8445	84450	0				
8446	84460	0				
8447	84470	0				
8448	84480	0				
8449	84490	0				
8450	84500	0				
8451	84510	0				
8452	84520	0				
8453	84530	0				
8454	84540	0				
8455	84550	0				
8456	84560	0				
8457	84570	0				
8458	84580	0				
8459	84590	0				
8460	84600	0				
8461	84610	0				
8462	84620	0				
8463	84630	0				
8464	84640	0				
8465	84650	0				
8466	84660	0				
8467	84670	0				
8468	84680	0				
8469	84690	0				
8470	84700	0				
8471	84710	0				
8472	84720	0				
8473	84730	0				
8474	84740	0				
8475	84750	0				
8476	84760	0				
8477	84770	0				
8478	84780	0				
8479	84790	0				
8480	84800	0				
8481	84810	0				
8482	84820	0				
8483	84830	0				
8484	84840	0				
8485	84850	0				
8486	84860	0				
8487	84870	0				
8488	84880	0				
8489	84890	0				
8490	84900	0				
8491	84910	0				
8492	84920	0				
8493	84930	0				
8494	84940	0				
8495	84950	0				
8496	84960	0				
8497	84970	0				
8498	84980	0				
8499	84990	0				
8500	85000	0				
8501	85010	0				
8502	85020	0				
8503	85030	0				
8504	85040	0				
8505	85050	0				
8506	85060	0				
8507	85070	0				
8508	85080	0				
8509	85090	0				
8510	85100	0				
8511	85110	0				
8512	85120	0				
8513	85130	0				
8514	85140	0				
8515	85150	0				
8516	85160	0				
8517	85170	0				
8518	85180	0				
8519	85190	0				
8520	85200	0				
8521	85210	0				
8522	85220	0				
8523	85230	0				
8524	85240	0				
8525	85250	0				
8526	85260	0				
8527	85270	0				
8528	85280	0				
8529	85290	0				
8530	85300	0				
8531	85310	0				
8532	85320	0				
8533	85330	0				
8534	85340	0				
8535	85350	0				
8536	85360	0				
8537	85370	0				
8538	85380	0				
8539	85390	0				
8540	85400	0				
8541	85410	0				
8542	85420	0				
8543	85430	0				
8544	85440	0				
8545	85450	0				
8546	85460	0				
8547	85470	0				
8548	85480	0				
8549	85490	0				
8550	85500	0				
8551	85510	0				
8552	85520	0				
8553	85530	0				
8554	85540	0				
8555	85550	0				
8556	85560	0				
8557	85570	0				
8558	85580	0				
8559	85590	0				
8560	85600	0				
8561	85610	0				
8562	85620	0				
8563	85630	0				
8564	85640	0				
8565	85650	0				
8566	85660	0				
8567	85670	0				
8568	85680	0				
8569	85690	0				
8570	85700	0				
8571	85710	0				
8572	85720	0				
8573	85730	0				
8574	85740	0				
8575	85750	0				
8576	85760	0				
8577	85770	0				
8578	85780	0				
8579	85790	0				
8580	85800	0				
8581	85810	0				
8582	85820	0				
8583	85830	0				
8584	85840	0				
8585	85850	0				
8586	85860	0				
8587	85870	0				
8588	85880	0				
8589	85890	0				
8590	85900	0				
8591	85910	0				
8592	85920	0				
8593	85930	0				
8594	85940	0				
8595	85950	0				
8596	85960	0				
8597	85970	0				
8598	85980	0				
8599	85990	0				
8600	86000	0				
8601	86010	0				
8602	86020	0				
8603	86030	0				
8604	86040	0				
8605	86050	0				
8606	86060	0				
8607	86070	0				
8608	86080	0				
8609	86090	0				
8610	86100	0				
8611	86110	0				
8612	86120	0				
8613	86130	0				
8614	86140	0				
8615	86150	0				
8616	86160	0				
8617	86170	0				
8618	86180	0				
8619	86190	0				
8620	86200	0				
8621	86210	0				
8622	86220	0				
8623	86230	0				
8624	86240	0				
8625	86250	0				
8626	86260	0				
8627	86270	0				
8628	86280	0				
8629	86290	0				
8630	86300	0				
8631	86310	0				
8632	86320	0				
8633	86330	0				
8634	86340	0				
8635	86350	0				
8636	86360	0				
8637	86370	0				
8638	86380	0				
8639	86390	0				
8640	86400	0				
8641	86410	0				
8642	86420	0				
8643	86430	0				
8644	86440	0				
8645	86450	0				
8646	86460	0				
8647	86470	0				
8648	86480	0				
8649	86490	0				
8650	86500	0				
8651	86510	0				
8652	86520	0				
8653	86530	0				
8654	86540	0				
8655	86550	0				
8656	86560	0				
8657	86570	0				
8658	86580	0				
8659	86590	0				
8660	86600	0				
8661	86610	0				
8662	86620	0				
8663	86630	0				
8664	86640	0				
8665	86650	0				
8666	86660	0				
8667	86670	0				
8668	86680	0				
8669	86690	0				
8670	86700	0				
8671	86710	0				
8672	86720	0				
8673	86730	0				
8674	86740	0				
8675	86750	0				
8676	86760	0				
8677	86770	0				
8678	86780	0				
8679	86790	0				
8680	86800	0				
8681	86810	0				
8682	86820	0				
8683	86830	0				
8684	86840	0				
8685	86850	0				
8686	86860	0				
8687	86870	0				
8688	86880	0				
8689	86890	0				
8690	86900	0				
8691	86910	0				
8692	86920	0				
8693	86930	0				
8694	86940	0				
8695	86950	0				
8696	86960	0				
8697	86970	0				
8698	86980	0				
8699	86990	0				
8700	87000	0				
8701	87010	0				
8702	87020	0				
8703	87030	0				
8704	87040	0				
8705	87050	0				
8706	87060	0				
8707	87070	0				
8708	87080	0				
8709	87090	0				
8710	87100	0				
8711	87110	0				
8712	87120	0				
8713	87130	0				
8714	87140	0				
8715	87150	0				
8716	87160	0				
8717	87170	0				
8718	87180	0				
8719	87190	0				
8720	87200	0				
8721	87210	0				
8722	87220	0				
8723	87230	0				
8724	87240	0				
8725	87250	0				
8726	87260	0				
8727	87270	0				
8728	87280	0				
8729	87290	0				
8730	87300	0				
8731	87310	0				
8732	87320	0				
8733	87330	0				
8734	87340	0				
8735	87350	0				
8736	87360	0				
8737	87370	0				
8738	87380	0				
8739	87390	0				
8740	87400	0				
8741	87410	0				
8742	87420	0				
8743	87430	0				
8744	87440	0				
8745	87450	0				
8746	87460	0				
8747	87470	0				
8748	87480	0				
8749	87490	0				
8750	87500	0				
8751	87510	0				
8752	87520	0				
8753	87530	0				
8754	87540	0				
8755	87550	0				
8756	87560	0				
8757	87570	0				
8758	87580	0				
8759	87590	0				
8760	87600	0				
8761	87610	0				
8762	87620	0				
8763	87630	0				
8764	87640	0				
8765	87650	0				
8766	87660	0				
8767	87670	0		0.0705549295774648		
8768	87680	0	0	0.197670422535211		
8769	87690	0	0	0.314366197183099		
8770	87700	0	0	0.231667605633803		
8771	87710	0	0	0.429338028169014		
8772	87720	0	0	0.322250704225352		
8773	87730	0	0	0.275146478873239		
8774	87740	0	0	0.253318309859155		
8775	87750	0	0	0.270785915492958		
8776	87760	0	0	0.298064788732394		
8777	87770	0	0	0.318295774647887		
8778	87780	0	0	0.576861971830986		
8779	87790	0	0	0.610402816901409		
8780	87800	0	0	0.579878873239437	0	0.579878873239437
8781	87810	0	0	0.766039436619718	0	0.766039436619718
8782	87820	0	0	0.417498591549296	0	0.417498591549296
8783	87830	0	0	0.325014084507042	0	0.325014084507042
8784	87840	0	0	0.230856338028169	0	0.230856338028169
8785	87850	0	0	0.163850704225352	0	0.163850704225352
8786	87860	0	0	0.116391549295775	0	0.116391549295775
8787	87870	0	0	0.0941830985915493	0	0.0941830985915493
8788	87880	0	0	0.0903802816901409	0	0.0903802816901409
8789	87890	0	0	0.103385915492958	0	0.103385915492958
8790	87900	0	0.01	0.218535211267606	0.000256245735369555	0.218278965532236
8791	87910	0	0.02	0.294414084507042	0.00188780586560314	0.292526278641439
8792	87920	0	0	0.223428169014085	0.00311863049152114	0.220309538522563
8793	87930	0	0	0.204845070422535	0.00277154178318361	0.202073528639352
8794	87940	0	0.04	0.322402816901408	0.00349539202990561	0.318907424871503
8795	87950	0	0.25	0.472208450704225	0.0125742722526348	0.459634178451591
8796	87960	0	0	0.408194366197183	0.0267331938797305	0.381461172317453
8797	87970	0	0.02	0.362002816901409	0.0261302952728802	0.335872521628528
8798	87980	0	0	0.379470422535211	0.0240525691494399	0.355417853385771
8799	87990	0	0.02	0.345346478873239	0.0182840759316909	0.327062402941549
8800	88000	0	0	0.301892957746479	0.0162055092306556	0.285687448515823
8801	88010	0	0	0.262876056338028	0.0147312283394713	0.248144827998557
8802	88020	0	0	0.231338028169014	0.00936886277263728	0.221969165396377
8803	88030	0	0	0.221704225352113	0.00739370794138109	0.214310517410732
8804	88040	0	0	0.212476056338028	0.00577691248394803	0.20669914385408
8805	88050	0	0	0.203628169014085	0.00447008655581579	0.199158082458269
8806	88060	0	0.04	0.195160563380282	0.0047526421090831	0.190407921271199
8807	88070	0	0.01	0.191230985915493	0.00694428157415373	0.184286704341339
8808	88080	0	0	0.18970985915493	0.00478801464165905	0.184921844513271
8809	88090	0	0.01	0.189101408450704	0.00466758164733005	0.184433826803374
8810	88100	0	0.12	0.190901408450704	0.00755490507894243	0.183346503371762
8811	88110	0	0.6	0.192853521126761	0.0315623920026448	0.161291129124116
8812	88120	0	0	0.202715492957747	0.0659321444335958	0.136783348524151
8813	88130	0	0	0.243988732394366	0.0620982701908701	0.181890462203496
8814	88140	0	0	0.275907042253521	0.0542862290860973	0.221620813167424
8815	88150	0	0	0.188087323943662	0.0389238827897789	0.149163441153883
8816	88160	0	0	0.147980281690141	0.0314778816073353	0.116502400082806
8817	88170	0	0	0.130969014084507	0.0288537642504154	0.102115249834092
8818	88180	0	0	0.123921126760563	0.0166924329792382	0.107228693781325
8819	88190	0	0	0.122805633802817	0.0132222600175967	0.10958337378522
8820	88200	0	0	0.118495774647887	0.0110868287855857	0.107408945862302
8821	88210	0	0	0.103208450704225	0.00813908055623757	0.0950693701479879
8822	88220	0	0	0.100470422535211	0.00694340934555755	0.0935270131896538
8823	88230	0	0	0.0894929577464789	0.00606403988188314	0.0834289178645957
8824	88240	0	0.12	0.0860704225352113	0.00102106723342955	0.0850493553017817
8825	88250	0	0.36	0.0918760563380281	0.0101633538579329	0.0817127024800953
8826	88260	0	0.44	0.115047887323944	0.0343158923640897	0.080731994959854
8827	88270	0	0	0.159946478873239	0.0615752849167452	0.0983711939564941
8828	88280	0	0.02	0.157233802816901	0.0644712521209011	0.0927625506960003
8829	88290	0	0.08	0.160656338028169	0.0589116788091063	0.101744659219063
8830	88300	0	0.01	0.151377464788732	0.0593068933857964	0.0920705714029359
8831	88310	0	0	0.131678873239437	0.0511399747549289	0.0805388984845077
8832	88320	0	0.01	0.113577464788732	0.0408521751747224	0.07272528961401
8833	88330	0	0	0.0997098591549297	0.0340144208230387	0.065695438331891
8834	88340	0	0	0.0904056338028169	0.0297896853882011	0.0606159484146158
8835	88350	0	0	0.0777802816901408	0.0273767892095077	0.0504034924806332
8836	88360	0	0	0.0709098591549296	0.0279838400395459	0.0429260191153837
8837	88370	0	0	0.0620112676056338	0.0250578119929983	0.0369534556126355
8838	88380	0	0.2	0.0568901408450704	0.0168065439968107	0.0400835968482598
8839	88390	0	0	0.0606169014084507	0.0149008841143351	0.0457160172941156
8840	88400	0	0	0.0597295774647888	0.0182766843481352	0.0414528931166535
8841	88410	0	0.17	0.0567633802816902	0.0171687313642686	0.0395946489174215
8842	88420	0	0.38	0.051743661971831	0.0251205734894632	0.0266230884823678
8843	88430	0	0	0.054	0.045138435885905	0.00886156411409504
8844	88440	0	0	0.058030985915493	0.0477998746010843	0.0102311113144087
8845	88450	0	0	0.0549633802816901	0.0397134234561491	0.015249956825541
8846	88460	0.986345937939174	0	0.0507295774647888	0.0345672828178988	0.0161622946468899
8847	88470	0.999717892073895	0	0.047230985915493	0.0281237653178022	0.0191072205976908
8848	88480	0.999872138331518	0	0.0427183098591549	0.0232496345619873	0.0194686752971677
8849	88490	0.999930126469939	0.02	0.0397521126760563	0.0205993652327759	0.0191527474432804
8850	88500	0.982040859566108	0.86	0.0493352112676056	0.0269899034169987	0.022345307850607
8851	88510	0.281826603515782	0.07	0.15814647887324	0.065257028154479	0.0928894507187606
8852	88520	0.170115444712214	0	0.208090140845071	0.0854463697823844	0.122643771062686
8853	88530	0.488093006749831	0.01	0.159515492957747	0.0765650641079836	0.0829504288497629
8854	88540	0.572684839138837	0	0.1296	0.0644183254062323	0.0651816745937679
8855	88550	0.69505412289781	0.09	0.103994366197183	0.0478653978183132	0.05612896837887
8856	88560	0.889066077279923	0.04	0.0865267605633803	0.0482996745093764	0.0382270860540039
8857	88570	0.860898383809489	0	0.0804929577464789	0.0452233700268139	0.035269587719665
8858	88580	0.609229409901569	0	0.0959323943661972	0.040173677755153	0.0557587166110443
8859	88590	0.490202714057533	0	0.0939042253521127	0.0324555616461695	0.0614486637059432
8860	88600	0.727841648115639	0	0.0801126760563381	0.0311568785359402	0.0489557975203979
8861	88610	0.889409924044703	0	0.0685267605633803	0.0317786178513675	0.0367481427120128
8862	88620	0.932064393285914	0	0.0586901408450704	0.028763046980175	0.0299270938648954
8863	88630	0.785141605492278	0.02	0.0507802816901408	0.00656260498197654	0.0442176767081643
8864	88640	0.836619076777081	0.02	0.0465971830985916	0.00598298906944415	0.0406141940291474
8865	88650	0.871862915732682	0.39	0.047230985915493	0.00972071989937505	0.0375102660161179
8866	88660	0.995011928966354	0	0.0523521126760563	0.0287555535348978	0.0235965591411586
8867	88670	0.998521248406206	0	0.0528718309859155	0.0359549452970125	0.016916885688903
8868	88680	0.990925958720115	0	0.0491323943661972	0.0283132772684969	0.0208191170977003
8869	88690	0.997398604339292	0	0.0464197183098592	0.0236956532786558	0.0227240650312034
8870	88700	0.993937034600552	0	0.0433394366197183	0.0194389249620561	0.0239005116576622
8871	88710	0.980527990707001	0	0.0411971830985916	0.0151383270070286	0.026058856091563
8872	88720	0.969537861143992	0	0.0383577464788732	0.0119390806580638	0.0264186658208094
8873	88730	0.991829078657357	0	0.034174647887324	0.010998714035688	0.0231759338516359
8874	88740	0.974891846897425	0	0.0330718309859155	0.00940768917808595	0.0236641418078295
8875	88750	0.999754675326809	0	0.0297633802816902	0.0103175558810017	0.0194458244006885
8876	88760	0.999993926608226	0	0.0286732394366197	0.0108758175963279	0.0177974218402919
8877	88770	0.999479708832892	0	0.0268859154929577	0.00973951769760716	0.0171463977953506
8878	88780	0.974048470479871	0	0.0252633802816901	0	0.0252633802816901
8879	88790	0.977437294396048	0	0.0247183098591549	0	0.0247183098591549
8880	88800	0.987059967832721	0.01	0.0228422535211267	1.65305542956141e-05	0.0228257229668311
8881	88810	0.989006641934564	0	0.0226014084507042	0.000230488990423054	0.0223709194602812
8882	88820	0.981551716600699	0.28	0.022487323943662	0.000938590517631469	0.0215487334260305
8883	88830	0.999048211732685	0.03	0.0226901408450704	0.00694695807193958	0.0157431827731308
8884	88840	0.995218503487542	1.35	0.0240084507042254	0.0166013359493777	0.00740711475484765
8885	88850	0.974636963955898	0.3	0.0390042253521127	0.0457432330422938	-0.00673900769018114
8886	88860	0.725190651045272	0.02	0.118483098591549	0.0828600028114427	0.0356230957801067
8887	88870	0.45463141725666	0	0.153405633802817	0.0844543190022044	0.0689513148006126
8888	88880	0.335804073214886	0.02	0.146230985915493	0.0704253715578079	0.075805614357685
8889	88890	0.410136333009131	0.02	0.124783098591549	0.0582379232875113	0.0665451753040381
8890	88900	0.559546628619047	0	0.101611267605634	0.0482542622151659	0.053357005390468
8891	88910	0.646445126017202	0.61	0.102308450704225	0.0539185073913459	0.0483899433128795
8892	88920	0.166080389773571	0.83	0.255105633802817	0.138426852679621	0.116678781123196
8893	88930	0.0555260419496088	0.12	0.419032394366197	0.229381485243278	0.18965090912292
8894	88940	0.0543518776023606	0.03	0.396697183098592	0.219686406591844	0.177010776506747
8895	88950	0.094805857175447	0	0.30940985915493	0.175495148692464	0.133914710462466
8896	88960	0.159380614882858	0	0.244660563380282	0.133648653098615	0.111011910281666
8897	88970	0.261977187377802	0	0.193981690140845	0.091657567830568	0.102324122310277
8898	88980	0.56322822965322	0.01	0.153101408450704	0.0703348532993117	0.0827665551513925
8899	88990	0.836888447028766	0	0.123325352112676	0.0599950668691164	0.0633302852435597
8900	89000	0.962274041677077	0.04	0.102321126760564	0.0563515431439635	0.0459695836166001
8901	89010	0.925233594026475	0.3	0.0892774647887324	0.0611770587156306	0.0281004060731018
8902	89020	0.657258782182367	0.34	0.0903676056338028	0.0829459856286115	0.00742162000519131
8903	89030	0.559301181949021	0	0.0965788732394366	0.102213514917357	-0.00563464167791988
8904	89040	0.891281188723952	0	0.0942464788732394	0.0871212659536347	0.0071252129196047
8905	89050	0.898501256879543	0	0.0884281690140845	0.0490851706557268	0.0393429983583578
8906	89060	0.859018831052185	0	0.0789591549295775	0.0393321627882777	0.0396269921412998
8907	89070	0.910211093745236	0	0.0702760563380282	0.0314252923053466	0.0388507640326816
8908	89080	0.953492718815484	0.43	0.0642295774647887	0.0287254195123219	0.0355041579524668
8909	89090	0.888192860482624	0.99	0.091812676056338	0.0550134899679104	0.0367991860884276
8910	89100	0.0806625498464235	0.2	0.29860985915493	0.114003087495061	0.184606771659868
8911	89110	0.108829837743886	0	0.295719718309859	0.131350948140744	0.164368770169115
8912	89120	0.268463805191008	0	0.24473661971831	0.119038885298702	0.125697734419608
8913	89130	0.517078350891589	0.04	0.192625352112676	0.107624812453783	0.0850005396588933
8914	89140	0.813619887066422	0.25	0.156245070422535	0.0922749887605346	0.0639700816620008
8915	89150	0.499514473705586	0.02	0.159959154929577	0.0830416334727704	0.076917521456807
8916	89160	0.413344547990083	0	0.156549295774648	0.0731462816539689	0.083403014120679
8917	89170	0.442855576559814	0.02	0.14020985915493	0.0652362673723112	0.0749735917826184
8918	89180	0.468171958242401	0.12	0.127280281690141	0.0598254667330919	0.0674548149570491
8919	89190	0.707232578882537	0.01	0.122754929577465	0.0717434549769029	0.0510114746005619
8920	89200	0.748760819377921	0.15	0.120714084507042	0.0781049109775533	0.042609173529489
8921	89210	0	0.01	0.124618309859155	0.0729749554861124	0.0516433543730426
8922	89220	0	0	0.119243661971831	0.0441578409679943	0.0750858210038367
8923	89230	0	0	0.106402816901409	0.0314033065945837	0.0749995103068248
8924	89240	0	0	0.098594366197183	0.0235028994740279	0.0750914667231551
8925	89250	0	0	0.0844225352112676	0.0186021424905137	0.0658203927207539
8926	89260	0	0	0.0754985915492958	0.0156095945179006	0.0598889970313952
8927	89270	0	0	0.0659408450704225	0.0117842341206858	0.0541566109497368
8928	89280	0	0	0.0596915492957746	0.00904959360067647	0.0506419556950982
8929	89290	0	0	0.0542154929577465	0.00898725267495328	0.0452282402827932
8930	89300	0	0	0.0484859154929578	0.00757230102120503	0.0409136144717527
8931	89310	0	0.05	0.0458239436619719	0.00409971208397538	0.0417242315779965
8932	89320	0	0.22	0.0436816901408451	0.00931404354203051	0.0343676465988146
8933	89330	0	0	0.0409183098591549	0.0171649922133218	0.0237533176458331
8934	89340	0	0	0.0388521126760563	0.0202173022728047	0.0186348104032517
8935	89350	0	0	0.0365197183098591	0.0169919721677629	0.0195277461420963
8936	89360	0	0	0.0353408450704225	0.0147624401336988	0.0205784049367238
8937	89370	0	0.12	0.0330211267605634	0.0130642191773817	0.0199569075831817
8938	89380	0	0.01	0.0333507042253521	0.0164554466312155	0.0168952575941366
8939	89390	0	0	0.0319183098591549	0.0169957769661837	0.0149225328929712
8940	89400	0	0	0.0303211267605634	0.0149721975864102	0.0153489291741531
8941	89410	0	0	0.0295859154929578	0.0131549878532877	0.0164309276396701
8942	89420	0	0.08	0.028330985915493	0.0126444247785143	0.0156865611369787
8943	89430	0	0	0.0277352112676057	0.0135523859537792	0.0141828253138264
8944	89440	0	0.16	0.0268732394366197	0.0131515539755551	0.0137216854610646
8945	89450	0	0	0.0269492957746479	0.0104984296207383	0.0164508661539096
8946	89460	0	0	0.0266197183098592	0.0132379561683628	0.0133817621414963
8947	89470	0	0.01	0.0258084507042254	0.0123857997827088	0.0134226509215166
8948	89480	0	0.03	0.0257323943661972	0.0109780808390005	0.0147543135271967
8949	89490	0	0.25	0.0264422535211268	0.0104725292546138	0.015969724266513
8950	89500	0	0.23	0.031043661971831	0.0128565346059899	0.0181871273658411
8951	89510	0	0	0.0374957746478873	0.0226888497893982	0.0148069248584891
8952	89520	0	0	0.039118309859155	0.0273968225432365	0.0117214873159184
8953	89530	0	0.79	0.0406521126760564	0.0307154689154396	0.00993664376061671
8954	89540	0	0.14	0.0521492957746479	0.0671219844221089	-0.014972688647461
8955	89550	0	0	0.0634943661971831	0.0839317489764544	-0.0204373827792713
8956	89560	0	0.02	0.0650915492957746	0.073016983258824	-0.0079254339630494
8957	89570	0	0.11	0.0639	0.0645183714979216	-0.000618371497921544
8958	89580	0	0.03	0.065218309859155	0.0618052033252846	0.00341310653387036
8959	89590	0	0.03	0.0649014084507042	0.0546334413449868	0.0102679671057174
8960	89600	0	0	0.0632028169014085	0.046873929846868	0.0163288870545404
8961	89610	0	0.26	0.0629112676056338	0.0442578168348937	0.0186534507707401
8962	89620	0	0.19	0.0741802816901409	0.0497415359700976	0.0244387457200433
8963	89630	0	0.09	0.0939169014084507	0.0615418534479866	0.0323750479604642
8964	89640	0	0	0.105857746478873	0.0671939921037332	0.03866375437514
8965	89650	0	0.02	0.105287323943662	0.0630536400506011	0.0422336838930607
8966	89660	0	0	0.10806338028169	0.039196511253931	0.0688668690277592
8967	89670	0	0	0.108012676056338	0.0305903327033897	0.0774223433529482
8968	89680	0	0	0.100064788732394	0.0252989864571578	0.0747658022752367
8969	89690	0	0	0.103385915492958	0.0211254124686946	0.082260503024263
8970	89700	0	0.12	0.108735211267606	0.0188594180249234	0.0898757932426823
8971	89710	0	0	0.0955014084507042	0.0298646363163042	0.0656367721344001
8972	89720	0	0	0.0885422535211268	0.0304195358961603	0.0581227176249664
8973	89730	0	0	0.098518309859155	0.0272454874261433	0.0712728224330117
8974	89740	0	0	0.101015492957747	0.0170866029941144	0.0839288899636321
8975	89750	0	0	0.0937394366197183	0.00983406670560063	0.0839053699141177
8976	89760	0	0	0.086856338028169	0.00598958874196362	0.0808667492862054
8977	89770	0	0	0.0791366197183099	0.00511249002764092	0.074024129690669
8978	89780	0	0	0.0754859154929577	0.00402029565972469	0.0714656198332331
8979	89790	0	0	0.0715816901408451	0.0042584585709386	0.0673232315699065
8980	89800	0	0	0.0677915492957747	0.00287078052327758	0.0649207687724971
8981	89810	0	0	0.0663211267605634	0.00252009884901113	0.0638010279115523
8982	89820	0	0	0.0630507042253521	0.00341894558211225	0.0596317586432399
8983	89830	0	0	0.057574647887324	0	0.057574647887324
8984	89840	0	0	0.0542408450704226	0	0.0542408450704226
8985	89850	0	0	0.0504380281690141	0	0.0504380281690141
8986	89860	0	0	0.0477760563380282	0	0.0477760563380282
8987	89870	0	0.01	0.0451774647887324	8.50889361191288e-05	0.0450923758526133
8988	89880	0	0.01	0.0429211267605634	0.000676768282589481	0.0422443584779739
8989	89890	0	0	0.0416915492957746	0.00136430623829663	0.040327243057478
8990	89900	0	0	0.0402338028169014	0.00141652902235159	0.0388172737945498
8991	89910	0	0		0.00120912718976653	
8992	89920	0				
8993	89930	0				
8994	89940	0				
8995	89950	0				
8996	89960	0				
8997	89970	0				
8998	89980	0				
8999	89990	0				
9000	90000	0				
9001	90010	0				
9002	90020	0				
9003	90030	0				
9004	90040	0				
9005	90050	0				
9006	90060	0				
9007	90070	0				
9008	90080	0				
9009	90090	0				
9010	90100	0				
9011	90110	0				
9012	90120	0				
9013	90130	0				
9014	90140	0				
9015	90150	0				
9016	90160	0				
9017	90170	0				
9018	90180	0				
9019	90190	0				
9020	90200	0				
9021	90210	0				
9022	90220	0				
9023	90230	0				
9024	90240	0				
9025	90250	0				
9026	90260	0				
9027	90270	0				
9028	90280	0				
9029	90290	0				
9030	90300	0				
9031	90310	0				
9032	90320	0				
9033	90330	0				
9034	90340	0				
9035	90350	0				
9036	90360	0				
9037	90370	0				
9038	90380	0				
9039	90390	0				
9040	90400	0				
9041	90410	0				
9042	90420	0				
9043	90430	0				
9044	90440	0				
9045	90450	0				
9046	90460	0				
9047	90470	0				
9048	90480	0				
9049	90490	0				
9050	90500	0				
9051	90510	0				
9052	90520	0				
9053	90530	0				
9054	90540	0				
9055	90550	0				
9056	90560	0				
9057	90570	0				
9058	90580	0				
9059	90590	0				
9060	90600	0				
9061	90610	0				
9062	90620	0				
9063	90630	0				
9064	90640	0				
9065	90650	0				
9066	90660	0				
9067	90670	0				
9068	90680	0				
9069	90690	0				
9070	90700	0				
9071	90710	0				
9072	90720	0				
9073	90730	0				
9074	90740	0				
9075	90750	0				
9076	90760	0				
9077	90770	0				
9078	90780	0				
9079	90790	0				
9080	90800	0				
9081	90810	0				
9082	90820	0				
9083	90830	0				
9084	90840	0				
9085	90850	0				
9086	90860	0				
9087	90870	0				
9088	90880	0				
9089	90890	0				
9090	90900	0				
9091	90910	0				
9092	90920	0				
9093	90930	0				
9094	90940	0				
9095	90950	0				
9096	90960	0				
9097	90970	0				
9098	90980	0				
9099	90990	0				
9100	91000	0				
9101	91010	0				
9102	91020	0				
9103	91030	0				
9104	91040	0				
9105	91050	0				
9106	91060	0				
9107	91070	0				
9108	91080	0				
9109	91090	0				
9110	91100	0				
9111	91110	0				
9112	91120	0				
9113	91130	0				
9114	91140	0				
9115	91150	0				
9116	91160	0				
9117	91170	0				
9118	91180	0				
9119	91190	0				
9120	91200	0				
9121	91210	0				
9122	91220	0				
9123	91230	0				
9124	91240	0				
9125	91250	0				
9126	91260	0				
9127	91270	0				
9128	91280	0				
9129	91290	0				
9130	91300	0				
9131	91310	0				
9132	91320	0				
9133	91330	0				
9134	91340	0				
9135	91350	0				
9136	91360	0				
9137	91370	0				
9138	91380	0				
9139	91390	0				
9140	91400	0				
9141	91410	0				
9142	91420	0				
9143	91430	0				
9144	91440	0				
9145	91450	0				
9146	91460	0				
9147	91470	0				
9148	91480	0				
9149	91490	0				
9150	91500	0				
9151	91510	0				
9152	91520	0				
9153	91530	0				
9154	91540	0				
9155	91550	0				
9156	91560	0				
9157	91570	0				
9158	91580	0				
9159	91590	0				
9160	91600	0				
9161	91610	0				
9162	91620	0				
9163	91630	0				
9164	91640	0				
9165	91650	0				
9166	91660	0				
9167	91670	0				
9168	91680	0				
9169	91690	0				
9170	91700	0				
9171	91710	0				
9172	91720	0				
9173	91730	0				
9174	91740	0				
9175	91750	0				
9176	91760	0				
9177	91770	0				
9178	91780	0				
9179	91790	0				
9180	91800	0				
9181	91810	0				
9182	91820	0				
9183	91830	0				
9184	91840	0				
9185	91850	0				
9186	91860	0				
9187	91870	0				
9188	91880	0				
9189	91890	0				
9190	91900	0				
9191	91910	0				
9192	91920	0				
9193	91930	0				
9194	91940	0				
9195	91950	0				
9196	91960	0				
9197	91970	0				
9198	91980	0				
9199	91990	0				
9200	92000	0				
9201	92010	0				
9202	92020	0				
9203	92030	0				
9204	92040	0				
9205	92050	0				
9206	92060	0				
9207	92070	0				
9208	92080	0				
9209	92090	0				
9210	92100	0				
9211	92110	0				
9212	92120	0				
9213	92130	0				
9214	92140	0				
9215	92150	0				
9216	92160	0				
9217	92170	0				
9218	92180	0				
9219	92190	0				
9220	92200	0				
9221	92210	0				
9222	92220	0				
9223	92230	0				
9224	92240	0				
9225	92250	0				
9226	92260	0				
9227	92270	0				
9228	92280	0				
9229	92290	0				
9230	92300	0				
9231	92310	0				
9232	92320	0				
9233	92330	0				
9234	92340	0				
9235	92350	0				
9236	92360	0				
9237	92370	0				
9238	92380	0				
9239	92390	0				
9240	92400	0				
9241	92410	0				
9242	92420	0				
9243	92430	0				
9244	92440	0				
9245	92450	0				
9246	92460	0				
9247	92470	0				
9248	92480	0				
9249	92490	0				
9250	92500	0				
9251	92510	0				
9252	92520	0				
9253	92530	0				
9254	92540	0				
9255	92550	0				
9256	92560	0				
9257	92570	0				
9258	92580	0				
9259	92590	0				
9260	92600	0				
9261	92610	0				
9262	92620	0				
9263	92630	0				
9264	92640	0				
9265	92650	0				
9266	92660	0				
9267	92670	0				
9268	92680	0				
9269	92690	0				
9270	92700	0				
9271	92710	0				
9272	92720	0				
9273	92730	0				
9274	92740	0				
9275	92750	0				
9276	92760	0				
9277	92770	0				
9278	92780	0				
9279	92790	0				
9280	92800	0				
9281	92810	0				
9282	92820	0				
9283	92830	0				
9284	92840	0				
9285	92850	0				
9286	92860	0				
9287	92870	0				
9288	92880	0				
9289	92890	0				
9290	92900	0				
9291	92910	0				
9292	92920	0				
9293	92930	0				
9294	92940	0				
9295	92950	0				
9296	92960	0				
9297	92970	0				
9298	92980	0				
9299	92990	0				
9300	93000	0				
9301	93010	0				
9302	93020	0				
9303	93030	0				
9304	93040	0				
9305	93050	0				
9306	93060	0				
9307	93070	0				
9308	93080	0				
9309	93090	0				
9310	93100	0				
9311	93110	0				
9312	93120	0				
9313	93130	0				
9314	93140	0				
9315	93150	0				
9316	93160	0				
9317	93170	0				
9318	93180	0				
9319	93190	0				
9320	93200	0				
9321	93210	0				
9322	93220	0				
9323	93230	0				
9324	93240	0				
9325	93250	0				
9326	93260	0				
9327	93270	0				
9328	93280	0				
9329	93290	0				
9330	93300	0				
9331	93310	0				
9332	93320	0				
9333	93330	0				
9334	93340	0				
9335	93350	0				
9336	93360	0				
9337	93370	0				
9338	93380	0				
9339	93390	0				
9340	93400	0				
9341	93410	0				
9342	93420	0				
9343	93430	0				
9344	93440	0				
9345	93450	0				
9346	93460	0				
9347	93470	0				
9348	93480	0				
9349	93490	0				
9350	93500	0				
9351	93510	0				
9352	93520	0				
9353	93530	0				
9354	93540	0				
9355	93550	0				
9356	93560	0				
9357	93570	0				
9358	93580	0				
9359	93590	0				
9360	93600	0				
9361	93610	0				
9362	93620	0				
9363	93630	0				
9364	93640	0				
9365	93650	0				
9366	93660	0				
9367	93670	0				
9368	93680	0				
9369	93690	0				
9370	93700	0				
9371	93710	0				
9372	93720	0				
9373	93730	0				
9374	93740	0				
9375	93750	0				
9376	93760	0				
9377	93770	0				
9378	93780	0				
9379	93790	0				
9380	93800	0				
9381	93810	0				
9382	93820	0				
9383	93830	0				
9384	93840	0				
9385	93850	0				
9386	93860	0				
9387	93870	0				
9388	93880	0				
9389	93890	0				
9390	93900	0				
9391	93910	0				
9392	93920	0				
9393	93930	0				
9394	93940	0				
9395	93950	0				
9396	93960	0				
9397	93970	0				
9398	93980	0				
9399	93990	0				
9400	94000	0				
9401	94010	0				
9402	94020	0				
9403	94030	0				
9404	94040	0				
9405	94050	0				
9406	94060	0				
9407	94070	0				
9408	94080	0				
9409	94090	0				
9410	94100	0				
9411	94110	0				
9412	94120	0				
9413	94130	0				
9414	94140	0				
9415	94150	0				
9416	94160	0				
9417	94170	0				
9418	94180	0				
9419	94190	0				
9420	94200	0				
9421	94210	0				
9422	94220	0				
9423	94230	0				
9424	94240	0				
9425	94250	0				
9426	94260	0				
9427	94270	0				
9428	94280	0				
9429	94290	0				
9430	94300	0				
9431	94310	0				
9432	94320	0				
9433	94330	0				
9434	94340	0				
9435	94350	0				
9436	94360	0				
9437	94370	0				
9438	94380	0				
9439	94390	0				
9440	94400	0				
9441	94410	0				
9442	94420	0				
9443	94430	0				
9444	94440	0				
9445	94450	0				
9446	94460	0				
9447	94470	0				
9448	94480	0				
9449	94490	0				
9450	94500	0				
9451	94510	0				
9452	94520	0				
9453	94530	0				
9454	94540	0				
9455	94550	0				
9456	94560	0				
9457	94570	0				
9458	94580	0				
9459	94590	0				
9460	94600	0				
9461	94610	0				
9462	94620	0				
9463	94630	0				
9464	94640	0				
9465	94650	0				
9466	94660	0				
9467	94670	0				
9468	94680	0				
9469	94690	0				
9470	94700	0				
9471	94710	0				
9472	94720	0				
9473	94730	0				
9474	94740	0				
9475	94750	0				
9476	94760	0				
9477	94770	0				
9478	94780	0				
9479	94790	0				
9480	94800	0				
9481	94810	0				
9482	94820	0				
9483	94830	0				
9484	94840	0				
9485	94850	0				
9486	94860	0				
9487	94870	0				
9488	94880	0				
9489	94890	0				
9490	94900	0				
9491	94910	0				
9492	94920	0				
9493	94930	0				
9494	94940	0				
9495	94950	0				
9496	94960	0				
9497	94970	0				
9498	94980	0				
9499	94990	0				
9500	95000	0				
9501	95010	0				
9502	95020	0				
9503	95030	0				
9504	95040	0				
9505	95050	0				
9506	95060	0				
9507	95070	0				
9508	95080	0				
9509	95090	0				
9510	95100	0				
9511	95110	0				
9512	95120	0				
9513	95130	0				
9514	95140	0				
9515	95150	0				
9516	95160	0				
9517	95170	0				
9518	95180	0				
9519	95190	0				
9520	95200	0				
9521	95210	0				
9522	95220	0				
9523	95230	0				
9524	95240	0				
9525	95250	0				
9526	95260	0				
9527	95270	0				
9528	95280	0				
9529	95290	0				
9530	95300	0				
9531	95310	0				
9532	95320	0				
9533	95330	0				
9534	95340	0				
9535	95350	0				
9536	95360	0				
9537	95370	0				
9538	95380	0				
9539	95390	0				
9540	95400	0				
9541	95410	0				
9542	95420	0				
9543	95430	0				
9544	95440	0				
9545	95450	0				
9546	95460	0				
9547	95470	0				
9548	95480	0				
9549	95490	0				
9550	95500	0				
9551	95510	0				
9552	95520	0				
9553	95530	0				
9554	95540	0				
9555	95550	0				
9556	95560	0				
9557	95570	0				
9558	95580	0				
9559	95590	0				
9560	95600	0				
9561	95610	0				
9562	95620	0				
9563	95630	0				
9564	95640	0				
9565	95650	0				
9566	95660	0				
9567	95670	0				
9568	95680	0				
9569	95690	0				
9570	95700	0				
9571	95710	0				
9572	95720	0				
9573	95730	0				
9574	95740	0				
9575	95750	0				
9576	95760	0				
9577	95770	0				
9578	95780	0				
9579	95790	0				
9580	95800	0				
9581	95810	0				
9582	95820	0				
9583	95830	0				
9584	95840	0				
9585	95850	0				
9586	95860	0				
9587	95870	0				
9588	95880	0				
9589	95890	0				
9590	95900	0				
9591	95910	0				
9592	95920	0				
9593	95930	0				
9594	95940	0				
9595	95950	0				
9596	95960	0				
9597	95970	0				
9598	95980	0				
9599	95990	0				
9600	96000	0				
9601	96010	0				
9602	96020	0		0.00363802816901409		
9603	96030	0		0.00410070422535211		
9604	96040	0		0.00590704225352113		
9605	96050	0		0.0059387323943662		
9606	96060	0	0	0.00572323943661972		
9607	96070	0	0	0.00550140845070422		
9608	96080	0		0.00594507042253521		
9609	96090	0		0.00741549295774648		
9610	96100	0		0.00823943661971831		
9611	96110	0		0.00992535211267606		
9612	96120	0		0.017106338028169		
9613	96130	0	0	0.0268288732394366		
9614	96140	0	0	0.0312781690140845		
9615	96150	0		0.0342507042253521		
9616	96160	0	0	0.0523838028169014		
9617	96170	0	0	0.0212260563380282		
9618	96180	0	0	0.00515281690140845		
9619	96190	0	0	0.00472183098591549		
9620	96200	0	0	0.0086830985915493		
9621	96210	0	0	0.0321211267605634		
9622	96220	0	0	0.0259352112676056		
9623	96230	0	0	0.0322922535211268		
9624	96240	0	0	0.0294338028169014		
9625	96250	0	0	0.0246612676056338		
9626	96260	0	0	0.0209408450704225		
9627	96270	0	0	0.0181330985915493		
9628	96280	0	0	0.0164091549295775	0	0.0164091549295775
9629	96290	0	0	0.0144	0	0.0144
9630	96300	0	0	0.015306338028169	0	0.015306338028169
9631	96310	0	0	0.0143366197183099	0	0.0143366197183099
9632	96320	0	0	0.0131323943661972	0	0.0131323943661972
9633	96330	0	0	0.0128978873239437	0	0.0128978873239437
9634	96340	0	0	0.0106225352112676	0	0.0106225352112676
9635	96350	0	0	0.00998873239436619	0	0.00998873239436619
9636	96360	0		0.0090887323943662		
9637	96370	0		0.0119471830985916		
9638	96380	0	0	0.0162887323943662		
9639	96390	0	0	0.0224049295774648		
9640	96400	0	0	0.029680985915493		
9641	96410	0	0	0.0473070422535211		
9642	96420	0	0	0.214979577464789		
9643	96430	0	0.03	0.282314788732394		
9644	96440	0	0	0.428907042253521		
9645	96450	0	0	0.669714084507042		
9646	96460	0	0	0.638759154929578		
9647	96470	0	0	0.963868309859155		
9648	96480	0	0	0.75902323943662		
9649	96490	0	0.01	0.553297183098592		
9650	96500	0	0	0.581279577464789	0.00157165789144028	0.579707919573349
9651	96510	0	0.06	0.672997183098592	0.00317261126561989	0.669824571832972
9652	96520	0	0	0.875332394366197	0.00653885680115902	0.868793537565038
9653	96530	0	0	0.652943661971831	0.00598088909003531	0.646962772881796
9654	96540	0	0.01	0.445747183098591	0.0056450328214116	0.44010215027718
9655	96550	0	0	0.36964014084507	0.00486411645184923	0.364776024393221
9656	96560	0	0	0.281104225352113	0.00363379861177522	0.277470426740337
9657	96570	0	0	0.452383098591549	0.00349859767021076	0.448884500921339
9658	96580	0	0	0.377619718309859	0.00208454431397436	0.375535173995885
9659	96590	0	0	0.385916197183099	0.00164900796696769	0.384267189216131
9660	96600	0	0.14	0.430219014084507	0.00560912480300491	0.424609889281502
9661	96610	0	0.02	0.476892253521127	0.0139425795383523	0.462949673982774
9662	96620	0	0.01	0.512429577464789	0.0146993674141983	0.497730210050591
9663	96630	0	0	0.427531690140845	0.0141669102280012	0.413364779912844
9664	96640	0	0	0.362452816901408	0.0101083612527471	0.352344455648661
9665	96650	0	0.87	0.328354225352113	0.0335725425167786	0.294781682835334
9666	96660	0	0	0.333171126760563	0.0840601150775348	0.249111011683029
9667	96670	0	0	0.31519014084507	0.0783526511013326	0.236837489743738
9668	96680	0	0	0.266590140845071	0.07071855396717	0.195871586877901
9669	96690	0	0	0.218395774647887	0.0500628278656743	0.168332946782213
9670	96700	0	0.01	0.193911971830986	0.0394500980140494	0.154461873816936
9671	96710	0	0.19	0.201485915492958	0.0450544203501158	0.156431495142842
9672	96720	0	0.39	0.205726056338028	0.0508408567443793	0.154885199593649
9673	96730	0	0	0.224714788732394	0.0676256259113493	0.157089162821045
9674	96740	0	0.26	0.294642253521127	0.0700448270742571	0.224597426446869
9675	96750	0	0.14	0.368721126760563	0.0779088012425489	0.290812325518014
9676	96760	0	0	0.401989436619718	0.0723943059393571	0.329595130680361
9677	96770	0	0	0.415609859154929	0.0656564155416411	0.349953443613288
9678	96780	0	0	0.383609154929577	0.0460088654616687	0.337600289467909
9679	96790	0	0	0.331117605633803	0.0313188969086017	0.299798708725201
9680	96800	0	0	0.280793661971831	0.0273347242801098	0.253458937691721
9681	96810	0	0	0.240819718309859	0.0204419177711827	0.220377800538676
9682	96820	0	0	0.204705633802817	0.0144221030848683	0.190283530717949
9683	96830	0	0	0.175385915492958	0.0123969835401534	0.162988931952804
9684	96840	0	0	0.149666197183099	0.0091711322422703	0.140495064940828
9685	96850	0	0	0.128326056338028	0.00409136894855362	0.124234687389475
9686	96860	0	0	0.109755633802817	0.00396489093495824	0.105790742867859
9687	96870	0	0	0.0920788732394366	0.00141494263910607	0.0906639306003306
9688	96880	0	0	0.0837	0	0.0837
9689	96890	0	0	0.0751880281690141	0	0.0751880281690141
9690	96900	0	0.34	0.0717084507042254	0.00289302382805038	0.068815426876175
9691	96910	0	0.02	0.106611971830986	0.0202872756522302	0.0863246961787558
9692	96920	0	0.13	0.198038028169014	0.0307838675748384	0.167254160594176
9693	96930	0	0.32	0.208311971830986	0.0497489042850453	0.158563067545941
9694	96940	0	0.09	0.19240985915493	0.0689871457274331	0.123422713427496
9695	96950	0	0.04	0.168433098591549	0.0671884805386907	0.101244618052859
9696	96960	0	0	0.146142253521127	0.0590919894145888	0.087050264106538
9697	96970	0	0	0.12612676056338	0.045723699414183	0.0804030611491972
9698	96980	0	0	0.106884507042254	0.0369966174807577	0.0698878895614959
9699	96990	0	0	0.0925985915492958	0.0323156942399488	0.060282897309347
9700	97000	0	0	0.0840802816901409	0.0257643135669437	0.0583159681231972
9701	97010	0	0.12	0.081424647887324	0.0248342684825917	0.0565903794047322
9702	97020	0	0.02	0.0893598591549296	0.027113833014151	0.0622460261407786
9703	97030	0	0	0.0834401408450704	0.0195409841783661	0.0638991566667043
9704	97040	0	0	0.0784521126760563	0.0177069044149671	0.0607452082610893
9705	97050	0	0	0.0738507042253521	0.0126237093110626	0.0612269949142895
9706	97060	0	0	0.0695852112676056	0.008008069384984	0.0615771418826216
9707	97070	0	0	0.0669169014084507	0.00566054747416326	0.0612563539342874
9708	97080	0	0	0.0649711267605634	0.00410267032954326	0.0608684564310201
9709	97090	0	0.38	0.0667901408450704	0.00690217234747563	0.0598879684975948
9710	97100	0	0.04	0.0971366197183099	0.0259261176647191	0.0712105020535909
9711	97110	0	0.07	0.106282394366197	0.0356101208344364	0.0706722735317609
9712	97120	0	0.26	0.111035915492958	0.0420318614598504	0.0690040540331073
9713	97130	0	0.09	0.120644366197183	0.0690449262338581	0.0515994399633251
9714	97140	0	0.05	0.110788732394366	0.0731985451872059	0.0375901872071603
9715	97150	0	0.05	0.104247887323944	0.0674144545761236	0.0368334327478202
9716	97160	0	0	0.0948485915492958	0.0583612132651939	0.0364873782841018
9717	97170	0	0	0.0839661971830986	0.0479650401643846	0.036001157018714
9718	97180	0	0	0.0721521126760564	0.0378075946873356	0.0343445179887208
9719	97190	0	0	0.0632598591549296	0.0325509120421864	0.0307089471127432
9720	97200	0	0	0.0578091549295775	0.0299702514684217	0.0278389034611558
9721	97210	0	0.81	0.0538098591549296	0.0355682593900817	0.0182415997648479
9722	97220	0.732797929832325	0.15	0.0601542253521127	0.0650454777057372	-0.00489125235362451
9723	97230	0.537482660481521	0.01	0.0621633802816901	0.0843539564269707	-0.0221905761452805
9724	97240	0.468436533430351	0.56	0.0684443661971831	0.0813704415730106	-0.0129260753758274
9725	97250	0.898729672011904	0.12	0.139956338028169	0.0951799082090522	0.0447764298191169
9726	97260	0.728626651604603	0.38	0.163603521126761	0.109406794961751	0.0541967261650091
9727	97270	0.61877029983792	0.28	0.224093661971831	0.141078560290047	0.0830151016817843
9728	97280	0.871890522741751	1.17	0.244375352112676	0.178809932916713	0.0655654191959626
9729	97290	0.922319017472415	0.25	0.273073943661972	0.233403511132822	0.0396704325291498
9730	97300	0.969485283083621	0	0.252817605633803	0.219619474830455	0.0331981308033482
9731	97310	0.920886947044215	0	0.21175985915493	0.192249002092306	0.0195108570626238
9732	97320	0.901269310812349	0	0.170683098591549	0.155595957872047	0.0150871407195026
9733	97330	0.846937165051662	0	0.135716197183099	0.129249638736079	0.00646655844701952
9734	97340	0.827069568721315	0	0.102238732394366	0.0993001738547514	0.00293855853961479
9735	97350	0.885440620769903	0	0.0825274647887324	0.0741915416648758	0.00833592312385662
9736	97360	0.919809012431134	0	0.0703901408450704	0.0581243469411773	0.0122657939038932
9737	97370	0.905645189097201	0	0.0615929577464789	0.0375567626488633	0.0240361950976156
9738	97380	0.859707078109881	0	0.0546464788732394	0.0309455246420609	0.0237009542311786
9739	97390	0.931196571760515	0	0.0487901408450704	0.0168761800110469	0.0319139608340236
9740	97400	0.906294506401567	0	0.0447845070422535	0.0142126283401642	0.0305718787020894
9741	97410	0.914035935084912	0.01	0.040043661971831	0.0026117722202371	0.0374318897515939
9742	97420	0.857724091353892	0	0.0376288732394366	0.000591679346470352	0.0370371938929663
9743	97430	0.890880989810692	0	0.0350112676056338	0.000772626891826279	0.0342386407138075
9744	97440	0.917887606218988	0	0.0326471830985915	0.000643902130525307	0.0320032809680662
9745	97450	0.922981454121956	0.07	0.0314746478873239	0.000680938939310524	0.0307937089480134
9746	97460	0.947014873787132	0	0.0302260563380282	0.00207892069903974	0.0281471356389884
9747	97470	0.97083438890015	0	0.0291485915492958	0.00369058519952555	0.0254580063497702
9748	97480	0.947983029642244	0.55	0.028362676056338	0.00429671905116365	0.0240659570051744
9749	97490	0.788790921569588	1.21	0.0433140845070423	0.0174395045261742	0.025874579980868
9750	97500	0.21925120564051	0.16	0.150268309859155	0.0575998312657196	0.0926684785934353
9751	97510	0.237051157435683	0.01	0.191947183098592	0.0933644173655619	0.0985827657330298
9752	97520	0.377789661869538	0.05	0.169060563380282	0.0898491462080677	0.0792114171722141
9753	97530	0.702622047797901	0.23	0.137566901408451	0.0831034862580092	0.0544634151504416
9754	97540	0.999972421916956	0.72	0.116410563380282	0.099534852288867	0.0168757110914148
9755	97550	0.423900649490151	0.17	0.119757042253521	0.163824144619404	-0.0440671023658828
9756	97560	0.559865798766456	0.02	0.126830281690141	0.176965489737388	-0.0501352080472469
9757	97570	0.881575984575384	0	0.125657746478873	0.15419065647693	-0.0285329099980569
9758	97580	0.898624289493333	0.08	0.106314084507042	0.122375328450303	-0.0160612439432607
9759	97590	0.761652539930164	0.04	0.0892204225352113	0.109043074559384	-0.0198226520241725
9760	97600	0.704657258124924	0.05	0.0778816901408451	0.0960458780945957	-0.0181641879537506
9761	97610	0.647697425033402	0	0.0667521126760564	0.0767183058388208	-0.00996619316276444
9762	97620	0.796120723775959	0.01	0.0587091549295775	0.0543517646927395	0.004357390236838
9763	97630	0.72670805390768	0.06	0.0520985915492958	0.0475471819709737	0.00455140957832205
9764	97640	0.706902880039768	0.08	0.0481119718309859	0.0405415445999901	0.0075704272309958
9765	97650	0	0.1	0.0464197183098592	0.0402982682617637	0.00612145004809542
9766	97660	0.663747133191131	0.02	0.0488725352112676	0.0472555213812938	0.00161701382997383
9767	97670	0.985150245228046	0.73	0.0515852112676056	0.0349808578859279	0.0166043533816777
9768	97680	0.805658702441532	0.44	0.0656239436619718	0.0677929891309619	-0.00216904546899008
9769	97690	0.966578042274874	0	0.108849295774648	0.0992579828282772	0.00959131294637067
9770	97700	0.986956674287672	0	0.123090845070423	0.0959288859857751	0.0271619590846474
9771	97710	0.926941592948722	0.05	0.100457746478873	0.0819021754105575	0.0185555710683158
9772	97720	0.859082748314207	0.11	0.0822612676056338	0.0765479162890429	0.00571335131659093
9773	97730	0.793758313205641	0.26	0.0730901408450704	0.0766373438138898	-0.00354720296881937
9774	97740	0.854520833962968	0.48	0.0774950704225352	0.0826161803381442	-0.00512110991560899
9775	97750	0.973474406303469	0.03	0.110326056338028	0.102132018483587	0.00819403785444149
9776	97760	0.984065235492336	0.13	0.114357042253521	0.102605228566845	0.0117518136866759
9777	97770	0.671682179859799	0.42	0.108950704225352	0.114280407947189	-0.00532970372183678
9778	97780	0	0	0.136787323943662	0.150716331804979	-0.0139290078613169
9779	97790	0	0	0.141737323943662	0.140134458314566	0.00160286562909578
9780	97800	0	0	0.130474647887324	0.0975751139118354	0.0328995339754887
9781	97810	0	0	0.123762676056338	0.066467413455871	0.0572952626004671
9782	97820	0	0	0.128408450704225	0.0534590396897679	0.0749494110144574
9783	97830	0	0	0.111175352112676	0.0454539937703564	0.0657213583423198
9784	97840	0.615743867074526	0	0.111625352112676	0.0423812484226246	0.0692441036900513
9785	97850	0	0	0.122830985915493	0.0386625809615564	0.0841684049539366
9786	97860	0.403271552690269	0	0.113995774647888	0.0307998971019905	0.083195877545897
9787	97870	0.314796907556839	0	0.112328873239437	0.0135270325869469	0.0988018406524898
9788	97880	0.372445338458307	0	0.103892957746479	0.0125242036854939	0.0913687540609851
9789	97890	0.441192640295009	0	0.0905767605633803	0.0119663095373929	0.0786104510259874
9790	97900	0.359045514231334	0	0.0818683098591549	0	0.0818683098591549
9791	97910	0.441123415981179	0	0.0717084507042254	0	0.0717084507042254
9792	97920	0	0	0.0630633802816902	0	0.0630633802816902
9793	97930	0.59910587469094	0	0.0568647887323944	0	0.0568647887323944
9794	97940	0.68305936267031	0	0.0502605633802817	0	0.0502605633802817
9795	97950	0.742358024264283	0	0.0458176056338028	0	0.0458176056338028
9796	97960	0.810101166235597	0.17	0.0418880281690141	0.00144651191402519	0.0404415162549889
9797	97970	0	0.38	0.0411908450704225	0.0132919284625229	0.0278989166078997
9798	97980	0	0.92	0.0497788732394366	0.04344665444988	0.00633221878955666
9799	97990	0	1.36	0.11507323943662	0.106312753295803	0.00876048614081708
9800	98000	0	0.21	0.26537323943662	0.191008332577809	0.0743649068588111
9801	98010	0	0	0.28382323943662	0.220965678074026	0.0628575613625934
9802	98020	0	0	0.247576056338028	0.19188235191675	0.0556937044212779
9803	98030	0	0	0.207716197183099	0.160731633692664	0.0469845634904347
9804	98040	0	0.01	0.17022676056338	0.128036583345979	0.0421901772174012
9805	98050	0	0	0.139652112676056	0.101761109638918	0.037891003037138
9806	98060	0	0.01	0.110680985915493	0.0852168351162845	0.0254641507992085
9807	98070	0	0	0.0896070422535211	0.078597215856116	0.0110098263974051
9808	98080	0	0	0.0778943661971831	0.0744863499094481	0.003408016287735
9809	98090	0	0	0.0680070422535211	0.0753009640422726	-0.00729392178875145
9810	98100	0	0	0.0613330985915493	0.0653766197334078	-0.00404352114185848
9811	98110	0	0	0.0554640845070423	0.0391962160058392	0.0162678685012031
9812	98120	0	0	0.0513633802816902	0.00663201478711053	0.0447313654945796
9813	98130	0	0	0.0471612676056338	0.000538771149872274	0.0466224964557615
9814	98140	0	0	0.043656338028169	0.000449889520827668	0.0432064485073413
9815	98150	0	0	0.0402464788732394	0.000450381570397898	0.0397960973028415
9816	98160	0	0	0.0376542253521127	0.00034029904163785	0.0373139263104748
9817	98170	0	0	0.0360633802816901	0.000210008237417594	0.0358533720442725
9818	98180	0	0	0.0336169014084507	0.000284912131842688	0.033331989276608
9819	98190	0	0	0.0321971830985916	0	0.0321971830985916
9820	98200	0	0	0.0303845070422535	0	0.0303845070422535
9821	98210	0	0	0.0289140845070423	0	0.0289140845070423
9822	98220	0	0	0.0278683098591549	0	0.0278683098591549
9823	98230	0	0	0.0264612676056338	0	0.0264612676056338
9824	98240	0	0	0.0257704225352113	0	0.0257704225352113
9825	98250	0	0	0.0247943661971831	0	0.0247943661971831
9826	98260	0	0	0.0241732394366197	0	0.0241732394366197
9827	98270	0	0	0.0235267605633803	0	0.0235267605633803
9828	98280	0	0	0.0226204225352113	0	0.0226204225352113
9829	98290	0	0	0.0221070422535211	0	0.0221070422535211
9830	98300	0	0.01	0.0214859154929577	1.65305542956141e-05	0.0214693849386621
9831	98310	0	0	0.021156338028169	0.000230488990423054	0.020925849037746
9832	98320	0	0	0.0207823943661972	0.000475734997354273	0.0203066593688429
9833	98330	0	0	0.0204654929577465	0.00044367467720722	0.0200218182805392
9834	98340	0	0	0.0200915492957747	0.00035766422228099	0.0197338850734937
9835	98350	0	0	0.0194577464788732	0.000281206752448078	0.0191765397264252
9836	98360	0	0	0.0192169014084507	0.000205308328196585	0.0190115930802541
9837	98370	0	0	0.018868309859155	0.000156047230271581	0.0187122626288834
9838	98380	0	0.16	0.0189697183098592	0.000444951401147206	0.018524766908712
9839	98390	0	0.06	0.0193183098591549	0.00395060518973795	0.015367704669417
9840	98400	0	0	0.0190711267605634	0.00913487524219902	0.00993625151836439
9841	98410	0	0	0.0188366197183099	0.0101008076905125	0.0087358120277974
9842	98420	0	0	0.0243507042253521	0.00849926953659917	0.0158514346887529
9843	98430	0	0	0.0349985915492958	0.00664529337285519	0.0283532981764406
9844	98440	0	0.01	0.0276591549295775	0.00505726270195296	0.0226018922276245
9845	98450	0	0.35	0.0250669014084507	0.00489885440034165	0.0201680470081091
9846	98460	0	0.36	0.0254471830985916	0.0132585254115828	0.0121886576870087
9847	98470	0	0.12	0.043662676056338	0.0294909408143328	0.0141717352420052
9848	98480	0	0.01	0.050869014084507	0.0392957450624931	0.0115732690220139
9849	98490	0	0	0.0489169014084507	0.0384592672291894	0.0104576341792613
9850	98500	0	0.17	0.0465908450704225	0.0333409433843701	0.0132499016860524
9851	98510	0	0.08	0.0548176056338028	0.0339537470774719	0.020863858556331
9852	98520	0	0	0.0601288732394366	0.0349193143231801	0.0252095589162565
9853	98530	0	0	0.0598943661971831	0.0322058063073654	0.0276885598898177
9854	98540	0	0	0.0569788732394366	0.029453733664499	0.0275251395749376
9855	98550	0	0	0.0532711267605634	0.0259445646879597	0.0273265620726037
9856	98560	0	0	0.0493225352112676	0.0225357654911525	0.0267867697201151
9857	98570	0	0	0.0455577464788732	0.0188964256376664	0.0266613208412069
9858	98580	0	0.74	0.0431683098591549	0.0190848034531827	0.0240835064059722
9859	98590	0	0.18	0.0504316901408451	0.0526884288221409	-0.00225673868129585
9860	98600	0	0.12	0.0615042253521127	0.0748660949595255	-0.0133618696074128
9861	98610	0	0	0.0649838028169014	0.0750840353775772	-0.0101002325606758
9862	98620	0	0.06	0.06345	0.0695728629509541	-0.00612286295095409
9863	98630	0	0.05	0.0624612676056338	0.0583210818659869	0.00414018573964696
9864	98640	0	0	0.0620049295774648	0.0494283947189919	0.0125765348584729
9865	98650	0	0	0.0607119718309859	0.0406548153696656	0.0200571564613203
9866	98660	0	0	0.0580880281690141	0.03515732207538	0.0229307060936341
9867	98670	0	0	0.0541267605633803	0.0295958995253681	0.0245308610380122
9868	98680	0	0	0.0541774647887324	0.0290914589787081	0.0250860058100243
9869	98690	0	0	0.0548429577464789	0.0300518182181766	0.0247911395283023
9870	98700	0	0	0.0518704225352113	0.029088079537206	0.0227823429980053
9871	98710	0	0	0.051762676056338	0.0102739137617746	0.0414887622945634
9872	98720	0	0.06	0.0493352112676056	0.00601276109607254	0.0433224501715331
9873	98730	0	0	0.0488788732394366	0.00633694772476933	0.0425419255146673
9874	98740	0	0	0.0476112676056338	0.00746445063139682	0.040146816974237
9875	98750	0	0	0.045462676056338	0.00511206889822968	0.0403506071581084
9876	98760	0	0	0.0429654929577465	0.00339135035544735	0.0395741426022991
9877	98770	0	0		0.00279298659647018	
9878	98780	0				
9879	98790	0				
9880	98800	0				
9881	98810	0				
9882	98820	0				
9883	98830	0				
9884	98840	0				
9885	98850	0				
9886	98860	0				
9887	98870	0				
9888	98880	0				
9889	98890	0				
9890	98900	0				
9891	98910	0				
9892	98920	0				
9893	98930	0				
9894	98940	0				
9895	98950	0				
9896	98960	0				
9897	98970	0				
9898	98980	0				
9899	98990	0				
9900	99000	0				
9901	99010	0				
9902	99020	0				
9903	99030	0				
9904	99040	0				
9905	99050	0				
9906	99060	0				
9907	99070	0				
9908	99080	0				
9909	99090	0				
9910	99100	0				
9911	99110	0				
9912	99120	0				
9913	99130	0				
9914	99140	0				
9915	99150	0				
9916	99160	0				
9917	99170	0				
9918	99180	0				
9919	99190	0				
9920	99200	0				
9921	99210	0				
9922	99220	0				
9923	99230	0				
9924	99240	0				
9925	99250	0				
9926	99260	0				
9927	99270	0				
9928	99280	0				
9929	99290	0				
9930	99300	0				
9931	99310	0				
9932	99320	0				
9933	99330	0				
9934	99340	0				
9935	99350	0				
9936	99360	0				
9937	99370	0				
9938	99380	0				
9939	99390	0				
9940	99400	0				
9941	99410	0				
9942	99420	0				
9943	99430	0				
9944	99440	0				
9945	99450	0				
9946	99460	0				
9947	99470	0				
9948	99480	0				
9949	99490	0				
9950	99500	0				
9951	99510	0				
9952	99520	0				
9953	99530	0				
9954	99540	0				
9955	99550	0				
9956	99560	0				
9957	99570	0				
9958	99580	0				
9959	99590	0				
9960	99600	0				
9961	99610	0				
9962	99620	0				
9963	99630	0				
9964	99640	0				
9965	99650	0				
9966	99660	0				
9967	99670	0				
9968	99680	0				
9969	99690	0				
9970	99700	0				
9971	99710	0				
9972	99720	0				
9973	99730	0				
9974	99740	0				
9975	99750	0				
9976	99760	0				
9977	99770	0				
9978	99780	0				
9979	99790	0				
9980	99800	0				
9981	99810	0				
9982	99820	0				
9983	99830	0				
9984	99840	0				
9985	99850	0				
9986	99860	0				
9987	99870	0				
9988	99880	0				
9989	99890	0				
9990	99900	0				
9991	99910	0				
9992	99920	0				
9993	99930	0				
9994	99940	0				
9995	99950	0				
9996	99960	0				
9997	99970	0				
9998	99980	0				
9999	99990	0				
10000	1e+05	0				
10001	100010	0				
10002	100020	0				
10003	100030	0				
10004	100040	0				
10005	100050	0				
10006	100060	0				
10007	100070	0				
10008	100080	0				
10009	100090	0				
10010	100100	0				
10011	100110	0				
10012	100120	0				
10013	100130	0				
10014	100140	0				
10015	100150	0				
10016	100160	0				
10017	100170	0				
10018	100180	0				
10019	100190	0				
10020	100200	0				
10021	100210	0				
10022	100220	0				
10023	100230	0				
10024	100240	0				
10025	100250	0				
10026	100260	0				
10027	100270	0				
10028	100280	0				
10029	100290	0				
10030	100300	0				
10031	100310	0				
10032	100320	0				
10033	100330	0				
10034	100340	0				
10035	100350	0				
10036	100360	0				
10037	100370	0				
10038	100380	0				
10039	100390	0				
10040	100400	0				
10041	100410	0				
10042	100420	0				
10043	100430	0				
10044	100440	0				
10045	100450	0				
10046	100460	0				
10047	100470	0				
10048	100480	0				
10049	100490	0				
10050	100500	0				
10051	100510	0				
10052	100520	0				
10053	100530	0				
10054	100540	0				
10055	100550	0				
10056	100560	0				
10057	100570	0				
10058	100580	0				
10059	100590	0				
10060	100600	0				
10061	100610	0				
10062	100620	0				
10063	100630	0				
10064	100640	0				
10065	100650	0				
10066	100660	0				
10067	100670	0				
10068	100680	0				
10069	100690	0				
10070	100700	0				
10071	100710	0				
10072	100720	0				
10073	100730	0				
10074	100740	0				
10075	100750	0				
10076	100760	0				
10077	100770	0				
10078	100780	0				
10079	100790	0				
10080	100800	0				
10081	100810	0				
10082	100820	0				
10083	100830	0				
10084	100840	0				
10085	100850	0				
10086	100860	0				
10087	100870	0				
10088	100880	0				
10089	100890	0				
10090	100900	0				
10091	100910	0				
10092	100920	0				
10093	100930	0				
10094	100940	0				
10095	100950	0				
10096	100960	0				
10097	100970	0				
10098	100980	0				
10099	100990	0				
10100	101000	0				
10101	101010	0				
10102	101020	0				
10103	101030	0				
10104	101040	0				
10105	101050	0				
10106	101060	0				
10107	101070	0				
10108	101080	0				
10109	101090	0				
10110	101100	0				
10111	101110	0				
10112	101120	0				
10113	101130	0				
10114	101140	0				
10115	101150	0				
10116	101160	0				
10117	101170	0				
10118	101180	0				
10119	101190	0				
10120	101200	0				
10121	101210	0				
10122	101220	0				
10123	101230	0				
10124	101240	0				
10125	101250	0				
10126	101260	0				
10127	101270	0				
10128	101280	0				
10129	101290	0				
10130	101300	0				
10131	101310	0				
10132	101320	0				
10133	101330	0				
10134	101340	0				
10135	101350	0				
10136	101360	0				
10137	101370	0				
10138	101380	0				
10139	101390	0				
10140	101400	0				
10141	101410	0				
10142	101420	0				
10143	101430	0				
10144	101440	0				
10145	101450	0				
10146	101460	0				
10147	101470	0				
10148	101480	0				
10149	101490	0				
10150	101500	0				
10151	101510	0				
10152	101520	0				
10153	101530	0				
10154	101540	0				
10155	101550	0				
10156	101560	0				
10157	101570	0				
10158	101580	0				
10159	101590	0				
10160	101600	0				
10161	101610	0				
10162	101620	0				
10163	101630	0				
10164	101640	0				
10165	101650	0				
10166	101660	0				
10167	101670	0				
10168	101680	0				
10169	101690	0				
10170	101700	0				
10171	101710	0				
10172	101720	0				
10173	101730	0				
10174	101740	0				
10175	101750	0				
10176	101760	0				
10177	101770	0				
10178	101780	0				
10179	101790	0				
10180	101800	0				
10181	101810	0				
10182	101820	0				
10183	101830	0				
10184	101840	0				
10185	101850	0				
10186	101860	0				
10187	101870	0				
10188	101880	0				
10189	101890	0				
10190	101900	0				
10191	101910	0				
10192	101920	0				
10193	101930	0				
10194	101940	0				
10195	101950	0				
10196	101960	0				
10197	101970	0				
10198	101980	0				
10199	101990	0				
10200	102000	0				
10201	102010	0				
10202	102020	0				
10203	102030	0				
10204	102040	0				
10205	102050	0				
10206	102060	0				
10207	102070	0				
10208	102080	0				
10209	102090	0				
10210	102100	0				
10211	102110	0				
10212	102120	0				
10213	102130	0				
10214	102140	0				
10215	102150	0				
10216	102160	0				
10217	102170	0				
10218	102180	0				
10219	102190	0				
10220	102200	0				
10221	102210	0				
10222	102220	0				
10223	102230	0				
10224	102240	0				
10225	102250	0				
10226	102260	0				
10227	102270	0				
10228	102280	0				
10229	102290	0				
10230	102300	0				
10231	102310	0				
10232	102320	0				
10233	102330	0				
10234	102340	0				
10235	102350	0				
10236	102360	0				
10237	102370	0				
10238	102380	0				
10239	102390	0				
10240	102400	0				
10241	102410	0				
10242	102420	0				
10243	102430	0				
10244	102440	0				
10245	102450	0				
10246	102460	0				
10247	102470	0				
10248	102480	0				
10249	102490	0				
10250	102500	0				
10251	102510	0				
10252	102520	0				
10253	102530	0				
10254	102540	0				
10255	102550	0				
10256	102560	0				
10257	102570	0				
10258	102580	0				
10259	102590	0				
10260	102600	0				
10261	102610	0				
10262	102620	0				
10263	102630	0				
10264	102640	0				
10265	102650	0				
10266	102660	0				
10267	102670	0				
10268	102680	0				
10269	102690	0				
10270	102700	0				
10271	102710	0				
10272	102720	0				
10273	102730	0				
10274	102740	0				
10275	102750	0				
10276	102760	0				
10277	102770	0				
10278	102780	0				
10279	102790	0				
10280	102800	0				
10281	102810	0				
10282	102820	0				
10283	102830	0				
10284	102840	0				
10285	102850	0				
10286	102860	0				
10287	102870	0				
10288	102880	0				
10289	102890	0				
10290	102900	0				
10291	102910	0				
10292	102920	0				
10293	102930	0				
10294	102940	0				
10295	102950	0				
10296	102960	0				
10297	102970	0				
10298	102980	0				
10299	102990	0				
10300	103000	0				
10301	103010	0				
10302	103020	0				
10303	103030	0				
10304	103040	0				
10305	103050	0				
10306	103060	0				
10307	103070	0				
10308	103080	0				
10309	103090	0				
10310	103100	0				
10311	103110	0				
10312	103120	0				
10313	103130	0				
10314	103140	0				
10315	103150	0				
10316	103160	0				
10317	103170	0				
10318	103180	0				
10319	103190	0				
10320	103200	0				
10321	103210	0				
10322	103220	0				
10323	103230	0				
10324	103240	0				
10325	103250	0				
10326	103260	0				
10327	103270	0				
10328	103280	0				
10329	103290	0				
10330	103300	0				
10331	103310	0				
10332	103320	0				
10333	103330	0				
10334	103340	0				
10335	103350	0				
10336	103360	0				
10337	103370	0				
10338	103380	0				
10339	103390	0				
10340	103400	0				
10341	103410	0				
10342	103420	0				
10343	103430	0				
10344	103440	0				
10345	103450	0				
10346	103460	0				
10347	103470	0				
10348	103480	0				
10349	103490	0				
10350	103500	0				
10351	103510	0				
10352	103520	0				
10353	103530	0				
10354	103540	0				
10355	103550	0				
10356	103560	0				
10357	103570	0				
10358	103580	0				
10359	103590	0				
10360	103600	0				
10361	103610	0				
10362	103620	0				
10363	103630	0				
10364	103640	0				
10365	103650	0				
10366	103660	0				
10367	103670	0				
10368	103680	0				
10369	103690	0				
10370	103700	0				
10371	103710	0				
10372	103720	0				
10373	103730	0				
10374	103740	0				
10375	103750	0				
10376	103760	0				
10377	103770	0				
10378	103780	0				
10379	103790	0				
10380	103800	0				
10381	103810	0				
10382	103820	0				
10383	103830	0				
10384	103840	0				
10385	103850	0				
10386	103860	0				
10387	103870	0				
10388	103880	0				
10389	103890	0				
10390	103900	0				
10391	103910	0				
10392	103920	0				
10393	103930	0				
10394	103940	0				
10395	103950	0				
10396	103960	0				
10397	103970	0				
10398	103980	0				
10399	103990	0				
10400	104000	0				
10401	104010	0				
10402	104020	0				
10403	104030	0				
10404	104040	0				
10405	104050	0				
10406	104060	0				
10407	104070	0				
10408	104080	0				
10409	104090	0				
10410	104100	0				
10411	104110	0				
10412	104120	0				
10413	104130	0				
10414	104140	0				
10415	104150	0				
10416	104160	0				
10417	104170	0				
10418	104180	0				
10419	104190	0				
10420	104200	0				
10421	104210	0				
10422	104220	0				
10423	104230	0				
10424	104240	0				
10425	104250	0				
10426	104260	0				
10427	104270	0				
10428	104280	0				
10429	104290	0				
10430	104300	0				
10431	104310	0				
10432	104320	0				
10433	104330	0				
10434	104340	0				
10435	104350	0				
10436	104360	0				
10437	104370	0				
10438	104380	0				
10439	104390	0				
10440	104400	0				
10441	104410	0				
10442	104420	0				
10443	104430	0				
10444	104440	0				
10445	104450	0				
10446	104460	0				
10447	104470	0				
10448	104480	0				
10449	104490	0				
10450	104500	0				
10451	104510	0				
10452	104520	0				
10453	104530	0				
10454	104540	0				
10455	104550	0				
10456	104560	0				
10457	104570	0				
10458	104580	0				
10459	104590	0				
10460	104600	0				
10461	104610	0				
10462	104620	0				
10463	104630	0				
10464	104640	0				
10465	104650	0				
10466	104660	0				
10467	104670	0				
10468	104680	0				
10469	104690	0				
10470	104700	0				
10471	104710	0				
10472	104720	0				
10473	104730	0				
10474	104740	0				
10475	104750	0				
10476	104760	0				
10477	104770	0				
10478	104780	0				
10479	104790	0				
10480	104800	0				
10481	104810	0		0.000126760563380282		
10482	104820	0	0	0.0117760563380282		
10483	104830	0	0	0.0379647887323944		
10484	104840	0	0	0.0576950704225352		
10485	104850	0	0	0.0690274647887324		
10486	104860	0	0	0.0780845070422535		
10487	104870	0	0	0.222319014084507		
10488	104880	0	0	0.246897887323944		
10489	104890	0	0	0.455387323943662		
10490	104900	0	0	0.708845070422535		
10491	104910	0	0	0.662938732394366		
10492	104920	0	0	0.871561267605634		
10493	104930	0	0	0.713243661971831		
10494	104940	0	0	0.957891549295774	0	0.957891549295774
10495	104950	0	0	0.844732394366197	0	0.844732394366197
10496	104960	0	0	0.824190845070422	0	0.824190845070422
10497	104970	0	0	0.77232676056338	0	0.77232676056338
10498	104980	0	0	0.464203521126761	0	0.464203521126761
10499	104990	0	0	0.279640140845071	0	0.279640140845071
10500	105000	0	0	0.156238732394366	0	0.156238732394366
10501	105010	0	0	0.143530985915493	0	0.143530985915493
10502	105020	0	0	0.206366197183098	0	0.206366197183098
10503	105030	0	0	0.160726056338028	0	0.160726056338028
10504	105040	0	0	0.137319718309859	0	0.137319718309859
10505	105050	0	0	0.120504929577465	0	0.120504929577465
10506	105060	0	0	0.0979859154929577	0	0.0979859154929577
10507	105070	0	0	0.0842007042253521	0	0.0842007042253521
10508	105080	0	0	0.0720633802816902	0	0.0720633802816902
10509	105090	0	0	0.0614281690140845	0	0.0614281690140845
10510	105100	0	0.43	0.0502415492957746	0.00365882425312254	0.0465827250426521
10511	105110	0	0.48	0.0501274647887324	0.0295264808319433	0.0206009839567891
10512	105120	0	0.01	0.0593176056338028	0.061708653915226	-0.00239104828142321
10513	105130	0	0	0.0635323943661972	0.0653655617667199	-0.00183316740052275
10514	105140	0	0	0.0537528169014085	0.0559846067044137	-0.00223178980300521
10515	105150	0	0	0.0471169014084507	0.0477911089154737	-0.000674207507022989
10516	105160	0	0.16	0.0579676056338028	0.0397694701848711	0.0181981354489317
10517	105170	0	0	0.0591274647887324	0.0393515782273309	0.0197758865614015
10518	105180	0	0.75	0.0538732394366197	0.043758127638319	0.0101151117983008
10519	105190	0	2.15	0.236864788732394	0.094935804643013	0.141928984089381
10520	105200	0	0	0.403548591549296	0.215036500463381	0.188512091085915
10521	105210	0	0	0.279177464788732	0.244940260243748	0.0342372045449844
10522	105220	0	0	0.1899	0.210345324093978	-0.0204453240939781
10523	105230	0	0	0.149393661971831	0.173197932477226	-0.0238042705053953
10524	105240	0	0	0.126133098591549	0.131504982118007	-0.00537188352645718
10525	105250	0	0	0.0884408450704225	0.102076726913926	-0.0136358818435035
10526	105260	0	0	0.0675570422535211	0.0838072891038553	-0.0162502468503342
10527	105270	0	0	0.0503429577464789	0.0760437274322398	-0.0257007696857609
10528	105280	0	0	0.0444992957746479	0.0681575291707564	-0.0236582333961085
10529	105290	0	0	0.042756338028169	0.0711464296858767	-0.0283900916577077
10530	105300	0	0	0.0421985915492958	0.0759328252470341	-0.0337342336977383
10531	105310	0	0	0.0373943661971831	0.0536922129483471	-0.016297846751164
10532	105320	0	0	0.0350176056338028	0	0.0350176056338028
10533	105330	0	0	0.0323492957746479	0	0.0323492957746479
10534	105340	0	0	0.0287176056338028	0	0.0287176056338028
10535	105350	0	0	0.0264929577464789	0	0.0264929577464789
10536	105360	0	0	0.0262711267605634	0	0.0262711267605634
10537	105370	0	0	0.0289204225352113	0	0.0289204225352113
10538	105380	0	0.29	0.0383133802816901	0.00047938607457281	0.0378339942071173
10539	105390	0	0.27	0.0780401408450704	0.00898158199748505	0.0690585588475854
10540	105400	0	0	0.160295070422535	0.0297716572779734	0.130523413144562
10541	105410	0	0	0.159864084507042	0.0337274917183189	0.126136592788723
10542	105420	0	0.01	0.133485211267606	0.0280138657057015	0.105471345561904
10543	105430	0	0.03	0.111802816901408	0.025482781555322	0.0863200353460865
10544	105440	0	0.05	0.0830408450704225	0.0250544093741807	0.0579864356962418
10545	105450	0	0.01	0.071980985915493	0.0259765521231988	0.0460044337922941
10546	105460	0	0	0.0602302816901409	0.0242094144083605	0.0360208672817804
10547	105470	0	0	0.0494049295774648	0.0207737571565049	0.0286311724209599
10548	105480	0	0	0.0445056338028169	0.0166141687340408	0.0278914650687761
10549	105490	0	0	0.0385732394366197	0.0160070831182664	0.0225661563183533
10550	105500	0	0	0.0389471830985916	0.0147636980342883	0.0241834850643032
10551	105510	0	0	0.0356640845070423	0.0103559061036235	0.0253081784034188
10552	105520	0	0	0.0353788732394366	0.00326078536901407	0.0321180878704225
10553	105530	0	0	0.0373753521126761	0.00296082453329808	0.034414527579378
10554	105540	0	0	0.0365514084507042	0.00232646372046356	0.0342249447302407
10555	105550	0	0	0.0467429577464789	0.0021428794456425	0.0446000783008364
10556	105560	0	0	0.0477190140845071	0.00169062104768259	0.0460283930368245
10557	105570	0	0	0.0481183098591549	0.000249731223015568	0.0478685786361394
10558	105580	0	0	0.0445056338028169	0	0.0445056338028169
10559	105590	0	0.01	0.039574647887324	8.50889361191288e-05	0.0394895589512048
10560	105600	0	0	0.0389154929577465	0.000591679346470352	0.0383238136112761
10561	105610	0	0.1	0.0350492957746479	0.00162351625301757	0.0334257795216303
10562	105620	0	0.14	0.044537323943662	0.00775194070089663	0.0367853832427653
10563	105630	0	0	0.0479598591549296	0.0165750048280889	0.0313848543268407
10564	105640	0	0	0.0430732394366197	0.0177212955568993	0.0253519438797204
10565	105650	0	0	0.0389345070422535	0.0150273206378122	0.0239071864044413
10566	105660	0	0	0.0380535211267606	0.0128499443146151	0.0252035768121455
10567	105670	0	0	0.0410514084507042	0.0103801343327235	0.0306712741179808
10568	105680	0	0	0.0374197183098592	0.00807968962218469	0.0293400286876745
10569	105690	0	0	0.0364056338028169	0.00677115767708718	0.0296344761257297
10570	105700	0	0	0.0348591549295775	0.00604243161887352	0.028816723310704
10571	105710	0	0	0.0316521126760564	0.00564590640331425	0.0260062062727421
10572	105720	0	0	0.0325330985915493	0.00599402996706202	0.0265390686244873
10573	105730	0	0	0.0295542253521127	0.00622215766872373	0.0233320676833889
10574	105740	0	0	0.0302514084507042	0.00349623712221795	0.0267551713284863
10575	105750	0	0	0.0278619718309859	0	0.0278619718309859
10576	105760	0	0	0.0262521126760563	0	0.0262521126760563
10577	105770	0	0	0.0263471830985916	0	0.0263471830985916
10578	105780	0	0	0.0250985915492958	0	0.0250985915492958
10579	105790	0	0	0.0259605633802817	0	0.0259605633802817
10580	105800	0	0	0.0235774647887324	0	0.0235774647887324
10581	105810	0	0	0.02205	0	0.02205
10582	105820	0	0	0.0213654929577465	0	0.0213654929577465
10583	105830	0	0	0.019806338028169	0	0.019806338028169
10584	105840	0	0	0.0200154929577465	0	0.0200154929577465
10585	105850	0	0	0.0187542253521127	0	0.0187542253521127
10586	105860	0	0	0.0180633802816901	0	0.0180633802816901
10587	105870	0	0	0.017543661971831	0	0.017543661971831
10588	105880	0	0	0.0167767605633803	0	0.0167767605633803
10589	105890	0	0	0.0164915492957746	0	0.0164915492957746
10590	105900	0	0	0.0160288732394366	0	0.0160288732394366
10591	105910	0	0	0.0156802816901408	0	0.0156802816901408
10592	105920	0	0	0.014830985915493	0	0.014830985915493
10593	105930	0	0	0.0144507042253521	0	0.0144507042253521
10594	105940	0	0	0.0139880281690141	0	0.0139880281690141
10595	105950	0	0	0.0133415492957747	0	0.0133415492957747
10596	105960	0	0	0.0133352112676057	0	0.0133352112676057
10597	105970	0	0	0.0127774647887324	0	0.0127774647887324
10598	105980	0.991830301369357	0	0.0130056338028169	0	0.0130056338028169
10599	105990	0.99021135521481	0	0.012587323943662	0	0.012587323943662
10600	106000	0.997738265261403	0.79	0.0142035211267606	0.00130591378935352	0.0128976073374071
10601	106010	0.919118692291411	0	0.0131323943661972	0.0182086302434213	-0.00507623587722409
10602	106020	0		0.0139943661971831		
10603	106030	0	0.5	0.0200661971830986		
10604	106040	0	0	0.0247119718309859		
10605	106050	0	0	0.0244964788732394		
10606	106060	0	0	0.0220943661971831		
10607	106070	0	0	0.0197049295774648		
10608	106080	0	0	0.0182028169014085		
10609	106090	0	0	0.016187323943662		
10610	106100	0	0	0.0154838028169014		
10611	106110	0	0	0.0143049295774648		
10612	106120	0	0	0.0135697183098592		
10613	106130	0	0	0.0133542253521127		
10614	106140	0	0	0.0126633802816901		
10615	106150	0	0	0.0128725352112676	0.00572969584300039	0.00714283936826722
10616	106160	0	0	0.012612676056338	0	0.012612676056338
10617	106170	0	0	0.0136267605633803	0	0.0136267605633803
10618	106180	0.993496400580658	0	0.013480985915493	0	0.013480985915493
10619	106190	0.991759804157536	0	0.0129866197183098	0	0.0129866197183098
10620	106200	0	0	0.013043661971831	0	0.013043661971831
10621	106210	0.989107324476136	0	0.0123211267605634	0	0.0123211267605634
10622	106220	0.988917773451387	0	0.0122767605633803	0	0.0122767605633803
10623	106230	0		0.011706338028169		
10624	106240	0		0.0111802816901408		
10625	106250	0		0.011256338028169		
10626	106260	0		0.0112056338028169		
10627	106270	0	0	0.0113514084507042		
10628	106280	0	0	0.0107112676056338		
10629	106290	0	0	0.0107556338028169		
10630	106300	0	0	0.0108316901408451		
10631	106310	0	0	0.0107556338028169		
10632	106320	0	0	0.011243661971831		
10633	106330	0	0	0.0114147887323944		
10634	106340	0	0	0.0111549295774648		
10635	106350	0	0	0.0111549295774648		
10636	106360	0	0	0.0107556338028169		
10637	106370	0	0.02	0.0108950704225352		
10638	106380	0	0.36	0.0111866197183099		
10639	106390	0	0.02	0.0112119718309859	0.00928213475852972	0.0019298370724562
10640	106400	0	0	0.0109584507042254	0.0184747872400144	-0.00751633653578903
10641	106410	0	0.03	0.0104957746478873	0.0176886784816173	-0.00719290383372997
10642	106420	0.894624841197757	0.33	0.010825352112676	0.0155626501244507	-0.00473729801177462
10643	106430	0.844517776428975	0.06	0.0111422535211268	0.0203819131908832	-0.00923965966975648
10644	106440	0.756911068612594	0.31	0.0111802816901409	0.0271912678505314	-0.0160109861603906
10645	106450	0.686253562180715	0.14	0.011693661971831	0.032334495473065	-0.020640833501234
10646	106460	0.662353795873076	0	0.017119014084507	0.0404191601017251	-0.023300146017218
10647	106470	0.702778200051448	0	0.0210739436619719	0.0389867544732997	-0.0179128108113278
10648	106480	0.788388898399243	0	0.0201929577464789	0.0318985234958594	-0.0117055657493805
10649	106490	0.856922502928239	0	0.0187478873239437	0.0264707584794898	-0.00772287115554612
10650	106500	0.888442322203418	0	0.0177401408450704	0.0221043804604593	-0.00436423961538892
10651	106510	0.933715825387736	0	0.0165422535211268	0.0148430223548206	0.00169923116630616
10652	106520	0.929822061325044	0	0.015756338028169	0.0138293807308739	0.00192695729729514
10653	106530	0.937298982135613	0	0.014862676056338	0.0136537785347877	0.00120889752155028
10654	106540	0.950040154065658	0.01	0.0143239436619719	0.0113197408796013	0.00300420278237052
10655	106550	0.968914769316043	0	0.0138676056338028	0.00745628028268613	0.00641132535111669
10656	106560	0	0	0.0135507042253521	0.0060945866150128	0.00745611761033932
10657	106570	0.987472798978297	0	0.0132908450704226	0.00204798951324733	0.0112428555571752
10658	106580	0	0	0.0129295774647887	0.00035766422228099	0.0125719132425077
10659	106590	0.990286174497559	0	0.0128408450704225	0.000281206752448078	0.0125596383179745
10660	106600	0.989007249035021	0	0.0124732394366197	0.000205308328196585	0.0122679311084231
10661	106610	0.988969955179176	0	0.0124225352112676	0.000156047230271581	0.012266487980996
10662	106620	0.988105814283965	0	0.0122450704225352	0.000180462532417379	0.0120646078901178
10663	106630	0.98690215658483	0	0.0119471830985916	0.000163598017195399	0.0117835850813962
10664	106640	0.98676015926789	0	0.0119154929577465	0.000140181341992324	0.0117753116157542
10665	106650	0.986607985172695	0.02	0.011719014084507	0.000180663979662534	0.0115383501048445
10666	106660	0.989565521288163	0.12	0.0119154929577465	0.000773938549253486	0.011141554408493
10667	106670	0.974075387043619	0.02	0.0117570422535211	0.00375039898837643	0.00800664326514471
10668	106680	0	0	0.0116619718309859	0.00705714730351183	0.00460482452747407
10669	106690	0.934994076750744	0	0.0115732394366197	0.00699089456575717	0.00458234487086255
10670	106700	0.951730961805547	0	0.0114084507042254	0.00574173352668248	0.00566671717754293
10671	106710	0.961016290711451	0	0.0114211267605634	0.00450042613033209	0.00692070063023134
10672	106720	0.966446463359668	0	0.011237323943662	0.00333820790379834	0.00789911603986365
10673	106730	0	0.32	0.011680985915493	0.00317308622194655	0.00850789969354641
10674	106740	0	0.03	0.0120359154929577	0.0102300802403671	0.00180583525259065
10675	106750	0	0	0.011687323943662	0.0185194508417701	-0.00683212689810814
10676	106760	0	0	0.0116619718309859	0.0179293725431352	-0.00626740071214927
10677	106770	0	0.02	0.0119471830985916	0.0150901252237649	-0.00314294212517335
10678	106780	0	0	0.0123528169014084	0.0122029194704903	0.000149897430918164
10679	106790	0	0.03	0.0128661971830986	0.00864373625095037	0.00422246093214822
10680	106800	0	0.06	0.0136394366197183	0.00728743600473763	0.00635200061498068
10681	106810	0	0	0.0136901408450704	0.00976841010733401	0.00392173073773639
10682	106820	0	0.03	0.0138105633802817	0.0105739633310352	0.00323660004924648
10683	106830	0	0.12	0.014374647887324	0.0100120880046366	0.00436255988268741
10684	106840	0	0	0.0150211267605634	0.0126386088289716	0.00238251793159181
10685	106850	0	0	0.0166119718309859	0.0138137485167201	0.00279822331426583
10686	106860	0	0	0.0177845070422535	0.00876805823829469	0.00901644880395882
10687	106870	0	0	0.018006338028169	0.00689362458758238	0.0111127134405866
10688	106880	0	0	0.0176894366197183	0.00585918100219978	0.0118302556175185
10689	106890	0	0	0.0171380281690141	0.00456316159204315	0.0125748665769709
10690	106900	0	0	0.0166246478873239	0.00369785102567897	0.012926796861645
10691	106910	0	0.01	0.0163077464788733	0.00390227397189822	0.012405472506975
10692	106920	0	0	0.0159718309859155	0.00330177272390486	0.0126700582620106
10693	106930	0	0	0.0159718309859155	0.00260071971447608	0.0133711112714394
10694	106940	0	0.08	0.0157943661971831	0.00269093531500783	0.0131034308821753
10695	106950	0	0	0.0162443661971831	0.00357670314798552	0.0126676630491976
10696	106960	0	0	0.0174232394366197	0.00408708673128226	0.0133361527053375
10697	106970	0	0	0.0190077464788732	0.00375470574585435	0.0152530407330189
10698	106980	0	0.02	0.020262676056338	0.00305042211711073	0.0172122539392273
10699	106990	0	0	0.0217711267605634	0.00289109453284811	0.0188800322277153
10700	107000	0	0	0.0228739436619718	0.00275753463747663	0.0201164090244952
10701	107010	0	0	0.0226140845070422	0.00227590853857941	0.0203381759684628
10702	107020	0	0.05	0.0227154929577465	0.00238928434645039	0.0203262086112961
10703	107030	0	0.05	0.0232415492957746	0.0032208892829127	0.0200206600128619
10704	107040	0	0.06	0.025656338028169	0.00516237065699208	0.0204939673711769
10705	107050	0	0.06	0.0296176056338028	0.00757208307023309	0.0220455225635697
10706	107060	0	0.06	0.0314049295774648	0.00962089814959352	0.0217840314278713
10707	107070	0	0	0.0335218309859155	0.0104209428979434	0.0231008880879721
10708	107080	0	0.02	0.0336866197183099	0.0104084425768541	0.0232781771414558
10709	107090	0	0	0.0326345070422535	0.00905823542694728	0.0235762716153062
10710	107100	0	0	0.0315887323943662	0.00792828245942728	0.0236604499349389
10711	107110	0	0.06	0.0306823943661972	0.00656220929374948	0.0241201850724477
10712	107120	0	0.08	0.0312908450704226	0.0070003121627171	0.0242905329077055
10713	107130	0	0.02	0.0321464788732394	0.00973336426562176	0.0224131146076177
10714	107140	0	0	0.0339845070422535	0.011555957968604	0.0224285490736496
10715	107150	0	0	0.0349098591549296	0.0102402101724496	0.0246696489824799
10716	107160	0	0	0.0355816901408451	0.00821109749172742	0.0273705926491177
10717	107170	0	0.25	0.0378	0.00822443259828302	0.029575567401717
10718	107180	0	0	0.0408992957746479	0.0189010733590018	0.0219982224156461
10719	107190	0	0.15	0.0437387323943662	0.0236289817726566	0.0201097506217096
10720	107200	0	0	0.0531887323943662	0.0279393141169626	0.0252494182774037
10721	107210	0	0	0.0628098591549296	0.0282308271127767	0.0345790320421529
10722	107220	0	0	0.0637605633802817	0.0236302401065959	0.0401303232736858
10723	107230	0	0	0.0610352112676056	0.0196381304934745	0.0413970807741312
10724	107240	0	0.12	0.0578852112676056	0.016260886412986	0.0416243248546197
10725	107250	0	0.04	0.0546781690140845	0.0195453846857755	0.035132784328309
10726	107260	0	0.47	0.058962676056338	0.0252488655772715	0.0337138104790665
10727	107270	0	0.02	0.0809492957746479	0.0486304382731654	0.0323188575014825
10728	107280	0	0	0.0874964788732394	0.0567371664285368	0.0307593124447026
10729	107290	0	0.01	0.0840676056338028	0.0495554248051526	0.0345121808286503
10730	107300	0	0	0.0760119718309859	0.0386232408997569	0.0373887309312291
10731	107310	0	0.04	0.0676204225352113	0.0326913468713363	0.0349290756638749
10732	107320	0	0.7	0.0707197183098591	0.0310709552489049	0.0396487630609543
10733	107330	0	0.03	0.0873950704225352	0.0629142514819824	0.0244808189405528
10734	107340	0	0.8	0.106180985915493	0.0821513500271867	0.0240296358883063
10735	107350	0	0.18	0.186185915492958	0.116744111464731	0.069441804028227
10736	107360	0	0	0.206626056338028	0.144497453932352	0.0621286024056766
10737	107370	0	0	0.183752112676056	0.125897087189919	0.0578550254861373
10738	107380	0	0.14	0.155110563380282	0.108912814044946	0.0461977493353355
10739	107390	0	0	0.134410563380282	0.086009229892967	0.0484013334873148
10740	107400	0	0	0.111853521126761	0.07146858645482	0.0403849346719405
10741	107410	0	0	0.092230985915493	0.058775408310113	0.03345557760538
10742	107420	0	0	0.0862795774647887	0.0534911847717075	0.0327883926930813
10743	107430	0	0	0.0775457746478873	0.0495581346691849	0.0279876399787024
10744	107440	0	0	0.0717654929577465	0.0496439685401111	0.0221215244176354
10745	107450	0	0	0.0655035211267606	0.0295638565332626	0.035939664593498
10746	107460	0	0	0.0603443661971831	0.0263448520609095	0.0339995141362736
10747	107470	0	0	0.0556605633802817	0.00737143774676542	0.0482891256335163
10748	107480	0	0.16	0.0518197183098592	0.00296953133314795	0.0488501869767112
10749	107490	0	0	0.049069014084507	0.0108040098630012	0.0382650042215059
10750	107500	0	0	0.0433838028169014	0.0137769729083265	0.0296068299085749
10751	107510	0	0	0.0460330985915493	0.0103024340884049	0.0357306645031444
10752	107520	0	0	0.0429781690140845	0.0090436009478596	0.0339345680662249
10753	107530	0	0	0.0414823943661972	0.0074479642572538	0.0340344301089434
10754	107540	0	0	0.0446514084507042	0.00576704348873022	0.038884364961974
10755	107550	0	0	0.0444105633802817	0.00450905319126931	0.0399015101890124
10756	107560	0	0	0.0453612676056338	0.0041402148347201	0.0412210527709137
10757	107570	0	0	0.0460774647887324	0.00344589320003886	0.0426315715886935
10758	107580	0	0	0.0453866197183098	0.00380962980842349	0.0415769899098863
10759	107590	0	0	0.0477570422535211	0.00425696621550634	0.0435000760380148
10760	107600	0	0	0.0470345070422535	0.00399569956824909	0.0430388074740044
10761	107610	0	0	0.0492464788732394	0	0.0492464788732394
10762	107620	0	0	0.0514964788732394	0	0.0514964788732394
10763	107630	0	0	0.0506345070422536	0	0.0506345070422536
10764	107640	0	0	0.0516676056338028	0	0.0516676056338028
10765	107650	0	0	0.0501338028169014	0	0.0501338028169014
10766	107660	0	0	0.0496584507042254	0	0.0496584507042254
10767	107670	0	0	0.0478774647887324	0	0.0478774647887324
10768	107680	0	0	0.0451584507042253	0	0.0451584507042253
10769	107690	0	0	0.0415394366197183	0	0.0415394366197183
10770	107700	0	0	0.0401323943661972	0	0.0401323943661972
10771	107710	0	0	0.0380154929577465	0	0.0380154929577465
10772	107720	0	0	0.0358478873239437	0	0.0358478873239437
10773	107730	0	0	0.0347133802816901	0	0.0347133802816901
10774	107740	0	0.06	0.0330908450704226	0.000510533616714773	0.0325803114537078
10775	107750	0	0	0.0325204225352113	0.00355007607882211	0.0289703464563892
10776	107760	0	0	0.0314302816901408	0.00463576135095767	0.0267945203391832
10777	107770	0	0.01	0.0303781690140845	0.00387994333744745	0.026498225676637
10778	107780	0	0	0.0304352112676056	0.0036218393458704	0.0268133719217352
10779	107790	0	0	0.0286669014084507	0.00326872159382445	0.0253981798146263
10780	107800	0	0	0.0286478873239437	0.00260631598548105	0.0260415713384626
10781	107810	0	0	0.027012676056338	0.00204855916900698	0.0249641168873311
10782	107820	0	0	0.0261950704225352	0.00183378731546811	0.0243612831070671
10783	107830	0	0	0.0253964788732394	0.00149751827821116	0.0238989605950283
10784	107840	0	0	0.024293661971831	0.00158465840843039	0.0227090035634006
10785	107850	0	0	0.0239704225352113	0.00177682486323226	0.022193597671979
10786	107860	0	0	0.0225823943661972	0.00166198535528881	0.0209204090109084
10787	107870	0	0	0.0226964788732394	0.000140181341992324	0.0225562975312471
10788	107880	0	0	0.0221894366197183	0.000147602871071306	0.022041833748647
10789	107890	0	0	0.022037323943662	0.000114593916860008	0.021922730026802
10790	107900	0	0	0.0205098591549296	0	0.0205098591549296
10791	107910	0	0	0.0215683098591549	0	0.0215683098591549
10792	107920	0	0	0.0200978873239437	0	0.0200978873239437
10793	107930	0	0	0.0183232394366197	0	0.0183232394366197
10794	107940	0	0	0.0211943661971831	0	0.0211943661971831
10795	107950	0	0	0.0163964788732394	0	0.0163964788732394
10796	107960	0	0	0.0209028169014084	0	0.0209028169014084
10797	107970	0	0	0.017987323943662	0	0.017987323943662
10798	107980	0	0		0	
10799	107990	0				
10800	108000	0				
10801	108010	0				
10802	108020	0				
10803	108030	0				
10804	108040	0				
10805	108050	0				
10806	108060	0				
10807	108070	0				
10808	108080	0				
10809	108090	0				
10810	108100	0				
10811	108110	0				
10812	108120	0				
10813	108130	0				
10814	108140	0				
10815	108150	0				
10816	108160	0				
10817	108170	0				
10818	108180	0				
10819	108190	0				
10820	108200	0				
10821	108210	0				
10822	108220	0				
10823	108230	0				
10824	108240	0				
10825	108250	0				
10826	108260	0				
10827	108270	0				
10828	108280	0				
10829	108290	0				
10830	108300	0				
10831	108310	0				
10832	108320	0				
10833	108330	0				
10834	108340	0				
10835	108350	0				
10836	108360	0				
10837	108370	0				
10838	108380	0				
10839	108390	0				
10840	108400	0				
10841	108410	0				
10842	108420	0				
10843	108430	0				
10844	108440	0				
10845	108450	0				
10846	108460	0				
10847	108470	0				
10848	108480	0				
10849	108490	0				
10850	108500	0				
10851	108510	0				
10852	108520	0				
10853	108530	0				
10854	108540	0				
10855	108550	0				
10856	108560	0				
10857	108570	0				
10858	108580	0				
10859	108590	0				
10860	108600	0				
10861	108610	0				
10862	108620	0				
10863	108630	0				
10864	108640	0				
10865	108650	0				
10866	108660	0				
10867	108670	0				
10868	108680	0				
10869	108690	0				
10870	108700	0				
10871	108710	0				
10872	108720	0				
10873	108730	0				
10874	108740	0				
10875	108750	0				
10876	108760	0				
10877	108770	0				
10878	108780	0				
10879	108790	0				
10880	108800	0				
10881	108810	0				
10882	108820	0				
10883	108830	0				
10884	108840	0				
10885	108850	0				
10886	108860	0				
10887	108870	0				
10888	108880	0				
10889	108890	0				
10890	108900	0				
10891	108910	0				
10892	108920	0				
10893	108930	0				
10894	108940	0				
10895	108950	0				
10896	108960	0				
10897	108970	0				
10898	108980	0				
10899	108990	0				
10900	109000	0				
10901	109010	0				
10902	109020	0				
10903	109030	0				
10904	109040	0				
10905	109050	0				
10906	109060	0				
10907	109070	0				
10908	109080	0				
10909	109090	0				
10910	109100	0				
10911	109110	0				
10912	109120	0				
10913	109130	0				
10914	109140	0				
10915	109150	0				
10916	109160	0				
10917	109170	0				
10918	109180	0				
10919	109190	0				
10920	109200	0				
10921	109210	0				
10922	109220	0				
10923	109230	0				
10924	109240	0				
10925	109250	0				
10926	109260	0				
10927	109270	0				
10928	109280	0				
10929	109290	0				
10930	109300	0				
10931	109310	0				
10932	109320	0				
10933	109330	0				
10934	109340	0				
10935	109350	0				
10936	109360	0				
10937	109370	0				
10938	109380	0				
10939	109390	0				
10940	109400	0				
10941	109410	0				
10942	109420	0				
10943	109430	0				
10944	109440	0				
10945	109450	0				
10946	109460	0				
10947	109470	0				
10948	109480	0				
10949	109490	0				
10950	109500	0				
10951	109510	0				
10952	109520	0				
10953	109530	0				
10954	109540	0				
10955	109550	0				
10956	109560	0				
10957	109570	0				
10958	109580	0				
10959	109590	0				
10960	109600	0				
10961	109610	0				
10962	109620	0				
10963	109630	0				
10964	109640	0				
10965	109650	0				
10966	109660	0				
10967	109670	0				
10968	109680	0				
10969	109690	0				
10970	109700	0				
10971	109710	0				
10972	109720	0				
10973	109730	0				
10974	109740	0				
10975	109750	0				
10976	109760	0				
10977	109770	0				
10978	109780	0				
10979	109790	0				
10980	109800	0				
10981	109810	0				
10982	109820	0				
10983	109830	0				
10984	109840	0				
10985	109850	0				
10986	109860	0				
10987	109870	0				
10988	109880	0				
10989	109890	0				
10990	109900	0				
10991	109910	0				
10992	109920	0				
10993	109930	0				
10994	109940	0				
10995	109950	0				
10996	109960	0				
10997	109970	0				
10998	109980	0				
10999	109990	0				
11000	110000	0				
11001	110010	0				
11002	110020	0				
11003	110030	0				
11004	110040	0				
11005	110050	0				
11006	110060	0				
11007	110070	0				
11008	110080	0				
11009	110090	0				
11010	110100	0				
11011	110110	0				
11012	110120	0				
11013	110130	0				
11014	110140	0				
11015	110150	0				
11016	110160	0				
11017	110170	0				
11018	110180	0				
11019	110190	0				
11020	110200	0				
11021	110210	0				
11022	110220	0				
11023	110230	0				
11024	110240	0				
11025	110250	0				
11026	110260	0				
11027	110270	0				
11028	110280	0				
11029	110290	0				
11030	110300	0				
11031	110310	0				
11032	110320	0				
11033	110330	0				
11034	110340	0				
11035	110350	0				
11036	110360	0				
11037	110370	0				
11038	110380	0				
11039	110390	0				
11040	110400	0				
11041	110410	0				
11042	110420	0				
11043	110430	0				
11044	110440	0				
11045	110450	0				
11046	110460	0				
11047	110470	0				
11048	110480	0				
11049	110490	0				
11050	110500	0				
11051	110510	0				
11052	110520	0				
11053	110530	0				
11054	110540	0				
11055	110550	0				
11056	110560	0				
11057	110570	0				
11058	110580	0				
11059	110590	0				
11060	110600	0				
11061	110610	0				
11062	110620	0				
11063	110630	0				
11064	110640	0				
11065	110650	0				
11066	110660	0				
11067	110670	0				
11068	110680	0				
11069	110690	0				
11070	110700	0				
11071	110710	0				
11072	110720	0				
11073	110730	0				
11074	110740	0				
11075	110750	0				
11076	110760	0				
11077	110770	0				
11078	110780	0				
11079	110790	0				
11080	110800	0				
11081	110810	0				
11082	110820	0				
11083	110830	0				
11084	110840	0				
11085	110850	0				
11086	110860	0				
11087	110870	0				
11088	110880	0				
11089	110890	0				
11090	110900	0				
11091	110910	0				
11092	110920	0				
11093	110930	0				
11094	110940	0				
11095	110950	0				
11096	110960	0				
11097	110970	0				
11098	110980	0				
11099	110990	0				
11100	111000	0				
11101	111010	0				
11102	111020	0				
11103	111030	0				
11104	111040	0				
11105	111050	0				
11106	111060	0				
11107	111070	0				
11108	111080	0				
11109	111090	0				
11110	111100	0				
11111	111110	0				
11112	111120	0				
11113	111130	0				
11114	111140	0				
11115	111150	0				
11116	111160	0				
11117	111170	0				
11118	111180	0				
11119	111190	0				
11120	111200	0				
11121	111210	0				
11122	111220	0				
11123	111230	0				
11124	111240	0				
11125	111250	0				
11126	111260	0				
11127	111270	0				
11128	111280	0				
11129	111290	0				
11130	111300	0				
11131	111310	0				
11132	111320	0				
11133	111330	0				
11134	111340	0				
11135	111350	0				
11136	111360	0				
11137	111370	0				
11138	111380	0				
11139	111390	0				
11140	111400	0				
11141	111410	0				
11142	111420	0				
11143	111430	0				
11144	111440	0				
11145	111450	0				
11146	111460	0				
11147	111470	0				
11148	111480	0				
11149	111490	0				
11150	111500	0				
11151	111510	0				
11152	111520	0				
11153	111530	0				
11154	111540	0				
11155	111550	0				
11156	111560	0				
11157	111570	0				
11158	111580	0				
11159	111590	0				
11160	111600	0				
11161	111610	0				
11162	111620	0				
11163	111630	0				
11164	111640	0				
11165	111650	0				
11166	111660	0				
11167	111670	0				
11168	111680	0				
11169	111690	0				
11170	111700	0				
11171	111710	0				
11172	111720	0				
11173	111730	0				
11174	111740	0				
11175	111750	0				
11176	111760	0				
11177	111770	0				
11178	111780	0				
11179	111790	0				
11180	111800	0				
11181	111810	0				
11182	111820	0				
11183	111830	0				
11184	111840	0				
11185	111850	0				
11186	111860	0				
11187	111870	0				
11188	111880	0				
11189	111890	0				
11190	111900	0				
11191	111910	0				
11192	111920	0				
11193	111930	0				
11194	111940	0				
11195	111950	0				
11196	111960	0				
11197	111970	0				
11198	111980	0				
11199	111990	0				
11200	112000	0				
11201	112010	0				
11202	112020	0				
11203	112030	0				
11204	112040	0				
11205	112050	0				
11206	112060	0				
11207	112070	0				
11208	112080	0				
11209	112090	0				
11210	112100	0				
11211	112110	0				
11212	112120	0				
11213	112130	0				
11214	112140	0				
11215	112150	0				
11216	112160	0				
11217	112170	0				
11218	112180	0				
11219	112190	0				
11220	112200	0				
11221	112210	0				
11222	112220	0				
11223	112230	0				
11224	112240	0				
11225	112250	0				
11226	112260	0				
11227	112270	0				
11228	112280	0				
11229	112290	0				
11230	112300	0				
11231	112310	0				
11232	112320	0				
11233	112330	0				
11234	112340	0				
11235	112350	0				
11236	112360	0				
11237	112370	0				
11238	112380	0				
11239	112390	0				
11240	112400	0				
11241	112410	0				
11242	112420	0				
11243	112430	0				
11244	112440	0				
11245	112450	0				
11246	112460	0				
11247	112470	0				
11248	112480	0				
11249	112490	0				
11250	112500	0				
11251	112510	0				
11252	112520	0				
11253	112530	0				
11254	112540	0				
11255	112550	0				
11256	112560	0				
11257	112570	0				
11258	112580	0				
11259	112590	0				
11260	112600	0				
11261	112610	0				
11262	112620	0				
11263	112630	0				
11264	112640	0				
11265	112650	0				
11266	112660	0				
11267	112670	0				
11268	112680	0				
11269	112690	0				
11270	112700	0				
11271	112710	0				
11272	112720	0				
11273	112730	0				
11274	112740	0				
11275	112750	0				
11276	112760	0				
11277	112770	0				
11278	112780	0				
11279	112790	0				
11280	112800	0				
11281	112810	0				
11282	112820	0				
11283	112830	0				
11284	112840	0				
11285	112850	0				
11286	112860	0				
11287	112870	0				
11288	112880	0				
11289	112890	0				
11290	112900	0				
11291	112910	0				
11292	112920	0				
11293	112930	0				
11294	112940	0				
11295	112950	0				
11296	112960	0				
11297	112970	0				
11298	112980	0				
11299	112990	0				
11300	113000	0				
11301	113010	0				
11302	113020	0				
11303	113030	0				
11304	113040	0				
11305	113050	0				
11306	113060	0				
11307	113070	0				
11308	113080	0				
11309	113090	0				
11310	113100	0				
11311	113110	0				
11312	113120	0				
11313	113130	0				
11314	113140	0				
11315	113150	0				
11316	113160	0				
11317	113170	0				
11318	113180	0				
11319	113190	0				
11320	113200	0				
11321	113210	0				
11322	113220	0				
11323	113230	0				
11324	113240	0				
11325	113250	0				
11326	113260	0				
11327	113270	0				
11328	113280	0				
11329	113290	0				
11330	113300	0				
11331	113310	0				
11332	113320	0				
11333	113330	0				
11334	113340	0				
11335	113350	0				
11336	113360	0				
11337	113370	0				
11338	113380	0				
11339	113390	0				
11340	113400	0				
11341	113410	0				
11342	113420	0				
11343	113430	0				
11344	113440	0				
11345	113450	0				
11346	113460	0				
11347	113470	0				
11348	113480	0				
11349	113490	0				
11350	113500	0				
11351	113510	0				
11352	113520	0				
11353	113530	0				
11354	113540	0				
11355	113550	0		0.048124647887324		
11356	113560	0		0.0867929577464789		
11357	113570	0		0.156498591549296		
11358	113580	0		0.279931690140845		
11359	113590	0		0.377264788732394		
11360	113600	0		0.389199295774648		
11361	113610	0		0.364322535211268		
11362	113620	0		0.393762676056338		
11363	113630	0	0	0.347178169014085		
11364	113640	0	0	0.276635915492958		
11365	113650	0	0	0.216050704225352		
11366	113660	0	0	0.16341338028169		
11367	113670	0	0	0.11674647887324		
11368	113680	0	0	0.0873316901408451		
11369	113690	0	0	0.0736035211267606		
11370	113700	0	0	0.0657887323943662		
11371	113710	0	0	0.0572514084507042		
11372	113720	0		0.0464957746478873		
11373	113730	0		0.0462739436619718		
11374	113740	0		0.0527007042253521		
11375	113750	0		0.0872683098591549		
11376	113760	0		0.10857676056338		
11377	113770	0		0.197860563380282		
11378	113780	0		0.212203521126761		
11379	113790	0		0.210479577464789		
11380	113800	0		0.271426056338028		
11381	113810	0		0.316508450704225		
11382	113820	0	0	0.360957042253521		
11383	113830	0	0	0.327340140845071		
11384	113840	0	0.01	0.265721830985916		
11385	113850	0	0.01	0.225044366197183		
11386	113860	0	0	0.203431690140845		
11387	113870	0	0	0.202385915492958		
11388	113880	0	0	0.190723943661972		
11389	113890	0	0.11	0.189221830985916		
11390	113900	0	0	0.19838661971831		
11391	113910	0	0	0.196282394366197		
11392	113920	0	0	0.190400704225352		
11393	113930	0	0	0.182218309859155		
11394	113940	0	0	0.194254225352113	0.00495854073489122	0.189295684617221
11395	113950	0	0	0.193569718309859	0.00486869015647792	0.188701028153381
11396	113960	0	0	0.145102816901408	0.00272945385557341	0.142373363045835
11397	113970	0	0	0.132090845070422	0.00213308628905193	0.12995775878137
11398	113980	0	0	0.127838028169014	0.0017623723649691	0.126075655804045
11399	113990	0	0	0.122995774647887	0.00126351370769006	0.121732260940197
11400	114000	0	0	0.0984359154929577	0.0010506102510165	0.0973853052419412
11401	114010	0	0	0.0871415492957747	0.00111174064501191	0.0860298086507627
11402	114020	0	0	0.0855316901408451	0	0.0855316901408451
11403	114030	0	0	0.0766457746478873	0	0.0766457746478873
11404	114040	0	0	0.0789781690140845	0	0.0789781690140845
11405	114050	0	0	0.0717401408450704	0	0.0717401408450704
11406	114060	0	0	0.0586014084507042	0	0.0586014084507042
11407	114070	0	0	0.0487204225352113	0	0.0487204225352113
11408	114080	0	0	0.0397204225352113	0	0.0397204225352113
11409	114090	0	0	0.0378950704225352	0	0.0378950704225352
11410	114100	0	0	0.0327929577464789	0	0.0327929577464789
11411	114110	0	0	0.0314049295774648	0	0.0314049295774648
11412	114120	0	0	0.0296619718309859	0	0.0296619718309859
11413	114130	0	0.07	0.0279950704225352	0.000115713880069299	0.0278793565424659
11414	114140	0	0.65	0.0304985915492958	0.0026879089621763	0.0278106825871195
11415	114150	0	0	0.0392070422535211	0.0183119293589784	0.0208951128945427
11416	114160	0	0	0.0455830985915493	0.0340284975684783	0.011554601023071
11417	114170	0	0	0.044537323943662	0.0313425035744363	0.0131948203692257
11418	114180	0	0	0.044524647887324	0.0252166217154009	0.0193080261719231
11419	114190	0	0	0.0642169014084507	0.0197155972065012	0.0445013042019495
11420	114200	0	0.06	0.0714169014084507	0.0149479055613939	0.0564689958470568
11421	114210	0	0	0.106852816901408	0.0149563837733965	0.091896433128012
11422	114220	0	0	0.120105633802817	0.0175110120784551	0.102594621724362
11423	114230	0	0	0.114344366197183	0.015478553294799	0.0988658129023841
11424	114240	0	0	0.0934478873239437	0.0135363576824475	0.0799115296414962
11425	114250	0	0	0.0814119718309859	0.0131893306341251	0.0682226411968608
11426	114260	0	0	0.089537323943662	0.00961124590417434	0.0799260780394876
11427	114270	0	0	0.073780985915493	0.00169089494672599	0.072090090968767
11428	114280	0	0	0.0971492957746479	0.00155258056302004	0.0955967152116278
11429	114290	0	0	0.117830281690141	0.00129220995001457	0.116538071740126
11430	114300	0	0	0.165682394366197	0.00142861117815881	0.164253783188038
11431	114310	0	0	0.278201408450704	0.00159636233081488	0.276605046119889
11432	114320	0	0.04	0.278752816901409	0.00267805521188774	0.276074761689521
11433	114330	0	0.53	0.299598591549296	0.0191540928920208	0.280444498657275
11434	114340	0	0.71	0.299199295774648	0.0710210843519799	0.228178211422668
11435	114350	0	0.02	0.30741338028169	0.111216613209727	0.196196767071963
11436	114360	0	0	0.2916	0.105173661122666	0.186426338877334
11437	114370	0	0	0.247924647887324	0.0870480131553067	0.160876634732017
11438	114380	0	0	0.211037323943662	0.0643415691108767	0.146695754832785
11439	114390	0	0.44	0.181400704225352	0.0676571283806358	0.113743575844717
11440	114400	0	0.06	0.219283098591549	0.0843895522538538	0.134893546337695
11441	114410	0	0	0.231997183098592	0.0702648612635347	0.161732321835057
11442	114420	0	0	0.201162676056338	0.0616313621729231	0.139531313883415
11443	114430	0	0	0.171785915492958	0.046733890393162	0.125052025099796
11444	114440	0	0	0.138194366197183	0.0359325371260837	0.1022618290711
11445	114450	0	0	0.130512676056338	0.0335553855973066	0.0969572904590315
11446	114460	0	0	0.119300704225352	0.0200392058059855	0.0992614984193666
11447	114470	0	0.13	0.109831690140845	0.0130429740540401	0.0967887160868049
11448	114480	0	0.24	0.0925859154929578	0.0311813961588437	0.0614045193341141
11449	114490	0	0.04	0.0792950704225352	0.0551465191036127	0.0241485513189225
11450	114500	0	0.28	0.0771464788732395	0.0561641059751566	0.0209823728980829
11451	114510	0	0.52	0.0836619718309859	0.0648781094987934	0.0187838623321925
11452	114520	0	0.46	0.14631338028169	0.0856721863579837	0.0606411939237063
11453	114530	0	0.57	0.211804225352113	0.122539762965558	0.0892644623865544
11454	114540	0	0.19	0.257495070422535	0.182360228649698	0.0751348417728371
11455	114550	0	0	0.246568309859155	0.181006517098896	0.0655617927602586
11456	114560	0	0.03	0.218788732394366	0.152294745634562	0.0664939867598042
11457	114570	0	0	0.293666197183099	0.121915414432915	0.171750782750184
11458	114580	0	0	0.293184507042254	0.0944354967447832	0.19874901029747
11459	114590	0	0	0.257431690140845	0.0790099917523099	0.178421698388535
11460	114600	0	0	0.212773943661972	0.0689233776309342	0.143850566031038
11461	114610	0	0	0.170328169014084	0.0554855358053683	0.114842633208716
11462	114620	0	0	0.139525352112676	0.0567882788968692	0.082737073215807
11463	114630	0	0	0.102809154929577	0.0425958911736478	0.0602132637559295
11464	114640	0	0.03	0.0887957746478873	0.0269634627539161	0.0618323118939712
11465	114650	0	0	0.0900887323943662	0.022429244743353	0.0676594876510132
11466	114660	0	0.27	0.0808225352112676	0.0086329263468926	0.072189608864375
11467	114670	0	0.58	0.105978169014085	0.0244181212688095	0.0815600477452751
11468	114680	0	0.45	0.176818309859155	0.0693219440516741	0.107496365807481
11469	114690	0	0	0.200332394366197	0.122383459611355	0.0779489347548425
11470	114700	0	0.01	0.176564788732394	0.115354477128131	0.0612103116042634
11471	114710	0	0	0.157791549295775	0.0956843912132788	0.062107158082496
11472	114720	0	0.02	0.122045070422535	0.0737375810423152	0.0483074893802201
11473	114730	0	0	0.0956281690140845	0.0596031713954014	0.0360249976186831
11474	114740	0	0	0.291802816901408	0.0481920485469629	0.243610768354446
11475	114750	0	0	0.270583098591549	0.0410614076860364	0.229521690905513
11476	114760	0	0	0.212983098591549	0.0368140120035736	0.176169086587976
11477	114770	0.17996075447802	0	0.168008450704225	0.0383776900650005	0.129630760639225
11478	114780	0.317319070646826	0	0.130411267605634	0.0340526635555965	0.0963586040500373
11479	114790	0.496268056815226	0	0.0992281690140844	0.0248521082488966	0.0743760607651878
11480	114800	0.577846869977674	0	0.0799605633802817	0.013605960092059	0.0663546032882227
11481	114810	0.465217254192289	0	0.0704028169014084	0.000805253117976115	0.0695975637834323
11482	114820	0.572196443962159	0	0.0602619718309859	0.000579530751910981	0.0596824410790749
11483	114830	0.660640214416477	0	0.0528338028169014	0.000420016474835189	0.0524137863420662
11484	114840	0		0.0477887323943662		
11485	114850	0	0	0.043656338028169		
11486	114860	0	0	0.0422619718309859		
11487	114870	0	0	0.0394478873239437		
11488	114880	0	0	0.0362535211267606		
11489	114890	0	0	0.0338957746478873		
11490	114900	0	0	0.031487323943662		
11491	114910	0	0	0.0302197183098592		
11492	114920	0	1.08	0.0298140845070423		
11493	114930	0	1.15	0.0737239436619718		
11494	114940	0	0.08	0.112614084507042		
11495	114950	0	0.12	0.111549295774648		
11496	114960	0	0	0.106935211267606		
11497	114970	0	0	0.0871352112676056	0.0929355363836872	-0.0058003251160816
11498	114980	0	0.01	0.0771971830985915	0.0720033275897749	0.0051938555088167
11499	114990	0	0	0.0662704225352113	0.0540166432524751	0.0122537792827361
11500	115000	0.987345470155337	0.81	0.0601859154929578	0.0550917597220638	0.00509415577089393
11501	115010	0.962176781197678	0.52	0.0996845070422535	0.0992404298206833	0.000444077221570194
11502	115020	0.767648305630643	0	0.170923943661972	0.134481459407586	0.0364424842543861
11503	115030	0.974225496988381	0	0.161645070422535	0.130603375378157	0.0310416950443781
11504	115040	0.962222741241926	0	0.128484507042254	0.115140327473132	0.0133441795691215
11505	115050	0.956172654079725	0	0.0979605633802817	0.085556402027277	0.0124041613530046
11506	115060	0.984550248942413	0	0.0790985915492958	0.0581782535580773	0.0209203379912185
11507	115070	0		0.0659408450704225		
11508	115080	0	0	0.0575492957746479		
11509	115090	0	0	0.0495380281690141		
11510	115100	0	0	0.0438338028169014		
11511	115110	0	0	0.0400309859154929		
11512	115120	0	0.12	0.0374197183098592		
11513	115130	0	0.02	0.0349605633802817		
11514	115140	0	0	0.0326281690140845		
11515	115150	0	0.49	0.0317408450704225		
11516	115160	0	0.55	0.0376478873239437		
11517	115170	0	0.1	0.0858169014084507		
11518	115180	0	0.64	0.152594366197183		
11519	115190	0	0.07	0.208622535211267		
11520	115200	0	0.19	0.205985915492958	0.107695824153959	0.0982900913389988
11521	115210	0	0.15	0.199495774647887	0.106148948089362	0.0933468265585252
11522	115220	0	0.3	0.204211267605634	0.10876162752667	0.0954496400789639
11523	115230	0.308245490508558	0.05	0.218408450704225	0.115199989245244	0.103208461458982
11524	115240	0.260577913309888	0	0.20892676056338	0.103282331978499	0.105644428584881
11525	115250	0.25075568285365	0	0.187478873239437	0.0839037067573979	0.103575166482039
11526	115260	0.360850401013594	0	0.154166197183099	0.0708872994856037	0.0832788976974949
11527	115270	0	0	0.121842253521127	0.0584571117500659	0.0633851417710608
11528	115280	0.784500905613459	0	0.0926619718309859	0.0484830044846677	0.0441789673463182
11529	115290	0.850225540713254	0	0.0777549295774648	0.0360400927547381	0.0417148368227267
11530	115300	0.885985906456373	0	0.0666	0.0287317011311203	0.0378682988688797
11531	115310	0.844451661408425	0	0.0581070422535211	0.0112621636612782	0.0468448785922429
11532	115320	0	0	0.0520225352112676	0.00759995446145645	0.0444225807498112
11533	115330	0.908758051850142	0	0.0462169014084507	0.00495563506764764	0.0412612663408031
11534	115340	0	0	0.0421098591549296	0.00350957005503998	0.0386002890998896
11535	115350	0.86539805304518	0	0.0379774647887324	0.000505336656823595	0.0374721281319088
11536	115360	0.890299829285776	0	0.0343267605633803	0	0.0343267605633803
11537	115370	0.912571078621499	0	0.0323239436619718	0	0.0323239436619718
11538	115380	0.943183365380431	0	0.029230985915493	0	0.029230985915493
11539	115390	0.955415953404701	0	0.0278112676056338	0	0.0278112676056338
11540	115400	0.967079819565368	0	0.0262901408450705	0	0.0262901408450705
11541	115410	0.9738038896714	0	0.0253014084507042	0	0.0253014084507042
11542	115420	0.974514197398787	0.09	0.0245661971830986	0.000148774988660527	0.0244174221944381
11543	115430	0.963951185437501	0.45	0.024743661971831	0.00281827585711012	0.0219253861147209
11544	115440	0.999700901594487	0.05	0.0257830985915493	0.014736272316704	0.0110468262748453
11545	115450	0.944495332309748	0.19	0.028343661971831	0.0268676724595392	0.00147598951229179
11546	115460	0.957852073031099	0.28	0.0330338028169014	0.0304051597999404	0.00262864301696098
11547	115470	0.965096402935546	0.03	0.0372422535211268	0.0363863725051769	0.000855881015949883
11548	115480	0.937289134775792	0.23	0.0410704225352113	0.0406893112202037	0.000381111315007586
11549	115490	0	0	0.0480422535211268	0.0463036747495529	0.00173857877157389
11550	115500	0.998049997598894	0	0.054456338028169	0.0441317988589678	0.0103245391692013
11551	115510	0	0	0.0555718309859155	0.0380308212381049	0.0175410097478106
11552	115520	0	0	0.0500704225352113	0.0320831826983676	0.0179872398368437
11553	115530	0	0.06	0.0458619718309859	0.0280855940999147	0.0177763777310713
11554	115540	0	0.36	0.0447211267605634	0.0319072388792848	0.0128138878812785
11555	115550	0	0	0.0522253521126761	0.0460982999769743	0.00612705213570174
11556	115560	0	0	0.0558253521126761	0.0454228354758341	0.0104025166368419
11557	115570	0	0	0.0541774647887324	0.038256007365728	0.0159214574230044
11558	115580	0	0	0.0588676056338028	0.0322688698640572	0.0265987357697456
11559	115590	0	0	0.0590704225352113	0.0253837315724653	0.033686690962746
11560	115600	0	0	0.058943661971831	0.020410560925727	0.0385331010461039
11561	115610	0	0	0.057143661971831	0.011697950243376	0.045445711728455
11562	115620	0	0	0.0525042253521127	0.0106076933281348	0.0418965320239779
11563	115630	0	0	0.0486760563380282	0.00918187087824625	0.0394941854597819
11564	115640	0	0	0.0433014084507042	0.0101680293997677	0.0331333790509365
11565	115650	0	0	0.0397521126760564	0.0110765613229827	0.0286755513530737
11566	115660	0	0	0.0370394366197183	0.00899032402856045	0.0280491125911579
11567	115670	0	0	0.0332366197183099	0	0.0332366197183099
11568	115680	0	0	0.0318422535211268	0	0.0318422535211268
11569	115690	0	0.41	0.0308281690140845	0.00067775272612018	0.0301504162879643
11570	115700	0	1.05	0.0407154929577465	0.0111857568083847	0.0295297361493618
11571	115710	0	0.27	0.11687323943662	0.0460038801611624	0.0708693592754573
11572	115720	0	0	0.181647887323944	0.0841181788423942	0.0975297084815494
11573	115730	0	0.01	0.173535211267606	0.0824059172680368	0.091129293999569
11574	115740	0	0	0.150845070422535	0.0673504511051199	0.0834946193174153
11575	115750	0	0	0.128611267605634	0.0540543495290895	0.0745569180765442
11576	115760	0	0	0.106554929577465	0.0412967200320544	0.0652582095454105
11577	115770	0	0	0.0890366197183099	0.0340585685385348	0.054978051179775
11578	115780	0	0	0.0782619718309859	0.0336908809766333	0.0445710908543527
11579	115790	0	0	0.0706816901408451	0.0303353225654415	0.0403463675754036
11580	115800	0	0.03	0.0652816901408451	0.0270712317066668	0.0382104584341783
11581	115810	0	0.05	0.0614535211267606	0.0290106140716222	0.0324429070551384
11582	115820	0	0	0.0646225352112676	0.024652484836341	0.0399700503749266
11583	115830	0	0	0.0608957746478873	0.0126524487546449	0.0482433258932424
11584	115840	0	0	0.0585380281690141	0.00501069585316989	0.0535273323158442
11585	115850	0	0.1	0.0552929577464789	0.00517457528699722	0.0501183824594817
11586	115860	0	0	0.0536957746478873	0.00932560294923224	0.0443701716986551
11587	115870	0	0.08	0.0541014084507042	0.011054628970807	0.0430467794798972
11588	115880	0	0.01	0.053543661971831	0.0134429144169167	0.0401007475549143
11589	115890	0	0	0.0527830985915493	0.0143648671843502	0.0384182314071992
11590	115900	0	0	0.0501971830985915	0.0123699688109039	0.0378272142876876
11591	115910	0	0	0.0481183098591549	0.0107587952654513	0.0373595145937036
11592	115920	0	0	0.0462676056338028	0.00918686104380388	0.0370807445899989
11593	115930	0	0.08	0.0433014084507042	0.0078660213861744	0.0354353870645298
11594	115940	0	0.21	0.0424140845070422	0.0112889524939691	0.0311251320130731
11595	115950	0	0.33	0.0431239436619718	0.0261471581744979	0.0169767854874739
11596	115960	0	0.22	0.0445943661971831	0.0474160707125777	-0.00282170451539453
11597	115970	0	0.21	0.0465718309859155	0.0629617413854477	-0.0163899103995323
11598	115980	0	0.41	0.051743661971831	0.0721207679277472	-0.0203771059559162
11599	115990	0	0.06	0.0566366197183099	0.0887357103814727	-0.0320990906631628
11600	116000	0	0.02	0.0597549295774648	0.0867897812384708	-0.027034851661006
11601	116010	0	0.08	0.0610478873239437	0.0748932629085858	-0.0138453755846421
11602	116020	0	0.1	0.0636084507042254	0.0683292567908809	-0.00472080608665554
11603	116030	0	0.17	0.0826478873239437	0.0660448190818764	0.0166030682420672
11604	116040	0	0	0.111194366197183	0.0674842251749553	0.0437101410222277
11605	116050	0	0	0.116898591549296	0.0643581791257614	0.0525404124235344
11606	116060	0	0	0.107442253521127	0.057128969151199	0.0503132843699279
11607	116070	0	0	0.0902028169014084	0.0471882369786686	0.0430145799227398
11608	116080	0	0	0.0786422535211268	0.0364256590520576	0.0422165944690692
11609	116090	0	0.07	0.0698197183098592	0.0296235513602387	0.0401961669496204
11610	116100	0	0.07	0.0673605633802817	0.0261503740660756	0.0412101893142061
11611	116110	0	0.02	0.0646478873239436	0.0202083060714725	0.0444395812524711
11612	116120	0	0	0.0628732394366197	0.0197692875584921	0.0431039518781276
11613	116130	0	0	0.0613267605633803	0.0187153294522843	0.042611431111096
11614	116140	0	0	0.058943661971831	0.0155232028724189	0.0434204590994121
11615	116150	0	0	0.054481690140845	0.0111574467986151	0.0433242433422299
11616	116160	0	0	0.052630985915493	0.00542678782965652	0.0472041980858364
11617	116170	0	0.22	0.050856338028169	0.00637689179208248	0.0444794462360865
11618	116180	0	0.19	0.0545070422535211	0.0185161893227269	0.0359908529307942
11619	116190	0	0	0.0623661971830986	0.0319315173736571	0.0304346798094415
11620	116200	0	0	0.0646985915492958	0.0328056302267302	0.0318929613225656
11621	116210	0	0	0.0620366197183099	0.0287558367897337	0.0332807829285761
11622	116220	0	0	0.0583605633802817	0.0232604663173545	0.0351000970629272
11623	116230	0	0.42	0.0567887323943662	0.0208473401155275	0.0359413922788387
11624	116240	0	0.41	0.0672591549295775	0.0413874912135015	0.025871663716076
11625	116250	0	0.03	0.0908619718309859	0.068011745532718	0.0228502262982679
11626	116260	0	0	0.0952732394366197	0.0701512383526349	0.0251220010839848
11627	116270	0	0.02	0.0907859154929577	0.0619577375490146	0.0288281779439432
11628	116280	0	0	0.0842957746478873	0.0562174626325222	0.0280783120153651
11629	116290	0	0	0.0759549295774648	0.0480140608157622	0.0279408687617026
11630	116300	0	0	0.0713408450704225	0.0340435043635346	0.0372973407068879
11631	116310	0	0.01	0.0644957746478873	0.0247193724525064	0.039776402195381
11632	116320	0	0	0.0601605633802817	0.0220228925160623	0.0381376708642194
11633	116330	0	0	0.0571183098591549	0.0211001771816388	0.0360181326775161
11634	116340	0	0	0.0530619718309859	0.0227903514542306	0.0302716203767553
11635	116350	0	0.01	0.050830985915493	0.0232793337326686	0.0275516521828243
11636	116360	0	0	0.0494366197183099	0.0125250750715993	0.0369115446467106
11637	116370	0	0	0.0494366197183099	0.00235846450497156	0.0470781552133383
11638	116380	0	0	0.0493669014084507	0.00145783873191793	0.0479090626765328
11639	116390	0	0	0.0478964788732394	0.00132345093244237	0.0465730279407971
11640	116400	0	0	0.0473323943661972	0.000680866091080791	0.0466515282751164
11641	116410	0	0	0.0461704225352113	0.000598542081072107	0.0455718804541392
11642	116420	0	0	0.0445056338028169	0.000547876212923479	0.0439577575898934
11643	116430	0	0.07	0.0425535211267605	0.00110411720301948	0.0414494039237411
11644	116440	0	0	0.044537323943662	0.00435712375029489	0.0401802001933671
11645	116450	0	0	0.0438845070422535	0.00564649010581042	0.0382380169364431
11646	116460	0	0	0.0432380281690141	0.00477337530214629	0.0384646528668678
11647	116470	0	0.08	0.0461471830985915	0.00488701812665717	0.0412601649719344
11648	116480	0	0.33	0.0493669014084507	0.0107998540262426	0.0385670473822081
11649	116490	0	0	0.0692112676056338	0.0282295150944513	0.0409817525111825
11650	116500	0	0	0.0888464788732395	0.03262061524565	0.0562258636275895
11651	116510	0	0	0.094480985915493	0.027581914771455	0.066899071144038
11652	116520	0	0	0.0950197183098592	0.0238839873586043	0.0711357309512548
11653	116530	0	0	0.0888718309859155	0.0199116610661363	0.0689601699197791
11654	116540	0	0	0.0867232394366197	0.0160114765104248	0.070711762926195
11655	116550	0	0	0.0771654929577465	0.013118148185462	0.0640473447722845
11656	116560	0	0	0.0696232394366197	0.0102621396966296	0.0593610997399901
11657	116570	0	0	0.0617387323943662	0.0090119696292919	0.0527267627650743
11658	116580	0	0	0.0583922535211267	0.00998584458762663	0.0484064089335001
11659	116590	0	0	0.0533725352112676	0.0107778426036064	0.0425946926076612
11660	116600	0	0	0.0487330985915493	0.00824113035951375	0.0404919682320356
11661	116610	0	0	0.0473260563380282	0	0.0473260563380282
11662	116620	0	0	0.044074647887324	0	0.044074647887324
11663	116630	0	0	0.0458176056338028	0	0.0458176056338028
11664	116640	0	0	0.0411211267605634	0	0.0411211267605634
11665	116650	0		0.0394922535211268		
11666	116660	0	0	0.0405570422535211		
11667	116670	0	0	0.036893661971831		
11668	116680	0	0	0.0361774647887324		
11669	116690	0	0	0.0308978873239437		
11670	116700	0		0.0389598591549296		
11671	116710	0		0.0333253521126761		
11672	116720	0		0.0341429577464789		
11673	116730	0		0.0431239436619718		
11674	116740	0		0.0550140845070423		
11675	116750	0		0.0718352112676057		
11676	116760	0		0.0855570422535211		
11677	116770	0		0.0885992957746479		
11678	116780	0	0	0.081012676056338		
11679	116790	0	0	0.0747823943661972		
11680	116800	0	0	0.0663274647887324		
11681	116810	0	0			
11682	116820	0				
11683	116830	0				
11684	116840	0				
11685	116850	0				
11686	116860	0				
11687	116870	0				
11688	116880	0				
11689	116890	0				
11690	116900	0				
11691	116910	0				
11692	116920	0				
11693	116930	0				
11694	116940	0				
11695	116950	0				
11696	116960	0				
11697	116970	0				
11698	116980	0				
11699	116990	0				
11700	117000	0				
11701	117010	0				
11702	117020	0				
11703	117030	0				
11704	117040	0				
11705	117050	0				
11706	117060	0				
11707	117070	0				
11708	117080	0				
11709	117090	0				
11710	117100	0				
11711	117110	0				
11712	117120	0				
11713	117130	0				
11714	117140	0				
11715	117150	0				
11716	117160	0				
11717	117170	0				
11718	117180	0				
11719	117190	0				
11720	117200	0				
11721	117210	0				
11722	117220	0				
11723	117230	0				
11724	117240	0				
11725	117250	0				
11726	117260	0				
11727	117270	0				
11728	117280	0				
11729	117290	0				
11730	117300	0				
11731	117310	0				
11732	117320	0				
11733	117330	0				
11734	117340	0				
11735	117350	0				
11736	117360	0				
11737	117370	0				
11738	117380	0				
11739	117390	0				
11740	117400	0				
11741	117410	0				
11742	117420	0				
11743	117430	0				
11744	117440	0				
11745	117450	0				
11746	117460	0				
11747	117470	0				
11748	117480	0				
11749	117490	0				
11750	117500	0				
11751	117510	0				
11752	117520	0				
11753	117530	0				
11754	117540	0				
11755	117550	0				
11756	117560	0				
11757	117570	0				
11758	117580	0				
11759	117590	0				
11760	117600	0				
11761	117610	0				
11762	117620	0				
11763	117630	0				
11764	117640	0				
11765	117650	0				
11766	117660	0				
11767	117670	0				
11768	117680	0				
11769	117690	0				
11770	117700	0				
11771	117710	0				
11772	117720	0				
11773	117730	0				
11774	117740	0				
11775	117750	0				
11776	117760	0				
11777	117770	0				
11778	117780	0				
11779	117790	0				
11780	117800	0				
11781	117810	0				
11782	117820	0				
11783	117830	0				
11784	117840	0				
11785	117850	0				
11786	117860	0				
11787	117870	0				
11788	117880	0				
11789	117890	0				
11790	117900	0				
11791	117910	0				
11792	117920	0				
11793	117930	0				
11794	117940	0				
11795	117950	0				
11796	117960	0				
11797	117970	0				
11798	117980	0				
11799	117990	0				
11800	118000	0				
11801	118010	0				
11802	118020	0				
11803	118030	0				
11804	118040	0				
11805	118050	0				
11806	118060	0				
11807	118070	0				
11808	118080	0				
11809	118090	0				
11810	118100	0				
11811	118110	0				
11812	118120	0				
11813	118130	0				
11814	118140	0				
11815	118150	0				
11816	118160	0				
11817	118170	0				
11818	118180	0				
11819	118190	0				
11820	118200	0				
11821	118210	0				
11822	118220	0				
11823	118230	0				
11824	118240	0				
11825	118250	0				
11826	118260	0				
11827	118270	0				
11828	118280	0				
11829	118290	0				
11830	118300	0				
11831	118310	0				
11832	118320	0				
11833	118330	0				
11834	118340	0				
11835	118350	0				
11836	118360	0				
11837	118370	0				
11838	118380	0				
11839	118390	0				
11840	118400	0				
11841	118410	0				
11842	118420	0				
11843	118430	0				
11844	118440	0				
11845	118450	0				
11846	118460	0				
11847	118470	0				
11848	118480	0				
11849	118490	0				
11850	118500	0				
11851	118510	0				
11852	118520	0				
11853	118530	0				
11854	118540	0				
11855	118550	0				
11856	118560	0				
11857	118570	0				
11858	118580	0				
11859	118590	0				
11860	118600	0				
11861	118610	0				
11862	118620	0				
11863	118630	0				
11864	118640	0				
11865	118650	0				
11866	118660	0				
11867	118670	0				
11868	118680	0				
11869	118690	0				
11870	118700	0				
11871	118710	0				
11872	118720	0				
11873	118730	0				
11874	118740	0				
11875	118750	0				
11876	118760	0				
11877	118770	0				
11878	118780	0				
11879	118790	0				
11880	118800	0				
11881	118810	0				
11882	118820	0				
11883	118830	0				
11884	118840	0				
11885	118850	0				
11886	118860	0				
11887	118870	0				
11888	118880	0				
11889	118890	0				
11890	118900	0				
11891	118910	0				
11892	118920	0				
11893	118930	0				
11894	118940	0				
11895	118950	0				
11896	118960	0				
11897	118970	0				
11898	118980	0				
11899	118990	0				
11900	119000	0				
11901	119010	0				
11902	119020	0				
11903	119030	0				
11904	119040	0				
11905	119050	0				
11906	119060	0				
11907	119070	0				
11908	119080	0				
11909	119090	0				
11910	119100	0				
11911	119110	0				
11912	119120	0				
11913	119130	0				
11914	119140	0				
11915	119150	0				
11916	119160	0				
11917	119170	0				
11918	119180	0				
11919	119190	0				
11920	119200	0				
11921	119210	0				
11922	119220	0				
11923	119230	0				
11924	119240	0				
11925	119250	0				
11926	119260	0				
11927	119270	0				
11928	119280	0				
11929	119290	0				
11930	119300	0				
11931	119310	0				
11932	119320	0				
11933	119330	0				
11934	119340	0				
11935	119350	0				
11936	119360	0				
11937	119370	0				
11938	119380	0				
11939	119390	0				
11940	119400	0				
11941	119410	0				
11942	119420	0				
11943	119430	0				
11944	119440	0				
11945	119450	0				
11946	119460	0				
11947	119470	0				
11948	119480	0				
11949	119490	0				
11950	119500	0				
11951	119510	0				
11952	119520	0				
11953	119530	0				
11954	119540	0				
11955	119550	0				
11956	119560	0				
11957	119570	0				
11958	119580	0				
11959	119590	0				
11960	119600	0				
11961	119610	0				
11962	119620	0				
11963	119630	0				
11964	119640	0				
11965	119650	0				
11966	119660	0				
11967	119670	0				
11968	119680	0				
11969	119690	0				
11970	119700	0				
11971	119710	0				
11972	119720	0				
11973	119730	0				
11974	119740	0				
11975	119750	0				
11976	119760	0				
11977	119770	0				
11978	119780	0				
11979	119790	0				
11980	119800	0				
11981	119810	0				
11982	119820	0				
11983	119830	0				
11984	119840	0				
11985	119850	0				
11986	119860	0				
11987	119870	0				
11988	119880	0				
11989	119890	0				
11990	119900	0				
11991	119910	0				
11992	119920	0				
11993	119930	0				
11994	119940	0				
11995	119950	0				
11996	119960	0				
11997	119970	0				
11998	119980	0				
11999	119990	0				
12000	120000	0				
12001	120010	0				
12002	120020	0				
12003	120030	0				
12004	120040	0				
12005	120050	0				
12006	120060	0				
12007	120070	0				
12008	120080	0				
12009	120090	0				
12010	120100	0				
12011	120110	0				
12012	120120	0				
12013	120130	0				
12014	120140	0				
12015	120150	0				
12016	120160	0				
12017	120170	0				
12018	120180	0				
12019	120190	0				
12020	120200	0				
12021	120210	0				
12022	120220	0				
12023	120230	0				
12024	120240	0				
12025	120250	0				
12026	120260	0				
12027	120270	0				
12028	120280	0				
12029	120290	0				
12030	120300	0				
12031	120310	0				
12032	120320	0				
12033	120330	0				
12034	120340	0				
12035	120350	0				
12036	120360	0				
12037	120370	0				
12038	120380	0				
12039	120390	0				
12040	120400	0				
12041	120410	0				
12042	120420	0				
12043	120430	0				
12044	120440	0				
12045	120450	0				
12046	120460	0				
12047	120470	0				
12048	120480	0				
12049	120490	0				
12050	120500	0				
12051	120510	0				
12052	120520	0				
12053	120530	0				
12054	120540	0				
12055	120550	0				
12056	120560	0				
12057	120570	0				
12058	120580	0				
12059	120590	0				
12060	120600	0				
12061	120610	0				
12062	120620	0				
12063	120630	0				
12064	120640	0				
12065	120650	0				
12066	120660	0				
12067	120670	0				
12068	120680	0				
12069	120690	0				
12070	120700	0				
12071	120710	0				
12072	120720	0				
12073	120730	0				
12074	120740	0				
12075	120750	0				
12076	120760	0				
12077	120770	0				
12078	120780	0				
12079	120790	0				
12080	120800	0				
12081	120810	0				
12082	120820	0				
12083	120830	0				
12084	120840	0				
12085	120850	0				
12086	120860	0				
12087	120870	0				
12088	120880	0				
12089	120890	0				
12090	120900	0				
12091	120910	0				
12092	120920	0				
12093	120930	0				
12094	120940	0				
12095	120950	0				
12096	120960	0				
12097	120970	0				
12098	120980	0				
12099	120990	0				
12100	121000	0				
12101	121010	0				
12102	121020	0				
12103	121030	0				
12104	121040	0				
12105	121050	0				
12106	121060	0				
12107	121070	0				
12108	121080	0				
12109	121090	0				
12110	121100	0				
12111	121110	0				
12112	121120	0				
12113	121130	0				
12114	121140	0				
12115	121150	0				
12116	121160	0				
12117	121170	0				
12118	121180	0				
12119	121190	0				
12120	121200	0				
12121	121210	0				
12122	121220	0				
12123	121230	0				
12124	121240	0				
12125	121250	0				
12126	121260	0				
12127	121270	0				
12128	121280	0				
12129	121290	0				
12130	121300	0				
12131	121310	0				
12132	121320	0				
12133	121330	0				
12134	121340	0				
12135	121350	0				
12136	121360	0				
12137	121370	0				
12138	121380	0				
12139	121390	0				
12140	121400	0				
12141	121410	0				
12142	121420	0				
12143	121430	0				
12144	121440	0				
12145	121450	0				
12146	121460	0				
12147	121470	0				
12148	121480	0				
12149	121490	0				
12150	121500	0				
12151	121510	0				
12152	121520	0				
12153	121530	0				
12154	121540	0				
12155	121550	0				
12156	121560	0				
12157	121570	0				
12158	121580	0				
12159	121590	0				
12160	121600	0				
12161	121610	0				
12162	121620	0				
12163	121630	0				
12164	121640	0				
12165	121650	0				
12166	121660	0				
12167	121670	0				
12168	121680	0				
12169	121690	0				
12170	121700	0				
12171	121710	0				
12172	121720	0				
12173	121730	0				
12174	121740	0				
12175	121750	0				
12176	121760	0				
12177	121770	0				
12178	121780	0				
12179	121790	0				
12180	121800	0				
12181	121810	0				
12182	121820	0				
12183	121830	0				
12184	121840	0				
12185	121850	0				
12186	121860	0				
12187	121870	0				
12188	121880	0				
12189	121890	0				
12190	121900	0				
12191	121910	0				
12192	121920	0				
12193	121930	0				
12194	121940	0				
12195	121950	0				
12196	121960	0				
12197	121970	0				
12198	121980	0				
12199	121990	0				
12200	122000	0				
12201	122010	0				
12202	122020	0				
12203	122030	0				
12204	122040	0				
12205	122050	0				
12206	122060	0				
12207	122070	0				
12208	122080	0				
12209	122090	0				
12210	122100	0				
12211	122110	0				
12212	122120	0				
12213	122130	0				
12214	122140	0				
12215	122150	0				
12216	122160	0				
12217	122170	0				
12218	122180	0				
12219	122190	0				
12220	122200	0				
12221	122210	0				
12222	122220	0				
12223	122230	0				
12224	122240	0				
12225	122250	0				
12226	122260	0				
12227	122270	0				
12228	122280	0				
12229	122290	0				
12230	122300	0				
12231	122310	0				
12232	122320	0				
12233	122330	0				
12234	122340	0				
12235	122350	0				
12236	122360	0				
12237	122370	0				
12238	122380	0				
12239	122390	0				
12240	122400	0				
12241	122410	0				
12242	122420	0				
12243	122430	0				
12244	122440	0				
12245	122450	0		0		
12246	122460	0	0	0.0109267605633803		
12247	122470	0	0	0.023856338028169		
12248	122480	0	0.12	0.0283183098591549		
12249	122490	0	0	0.0503683098591549		
12250	122500	0	0	0.0746176056338028		
12251	122510	0	0	0.0824387323943662		
12252	122520	0	0	0.0800049295774648		
12253	122530	0		0.0792633802816901		
12254	122540	0	0	0.0824197183098592		
12255	122550	0		0.0870338028169014		
12256	122560	0	0	0.0904816901408451		
12257	122570	0	0	0.0979795774647888		
12258	122580	0	0	0.108247183098591		
12259	122590	0	0	0.132711971830986		
12260	122600	0	0	0.198602112676056		
12261	122610	0	0.05	0.259624647887324		
12262	122620	0	0	0.27237676056338		
12263	122630	0	0	0.314131690140845		
12264	122640	0	0.04	0.280806338028169		
12265	122650	0	0	0.230235211267606		
12266	122660	0	0	0.22165985915493		
12267	122670	0	0	0.207133098591549		
12268	122680	0	0	0.176209859154929	0.00332234607532765	0.172887513079602
12269	122690	0	0		0.00262672141088739	
12270	122700	0				
12271	122710	0				
12272	122720	0				
12273	122730	0				
12274	122740	0				
12275	122750	0				
12276	122760	0				
12277	122770	0				
12278	122780	0				
12279	122790	0				
12280	122800	0				
12281	122810	0				
12282	122820	0				
12283	122830	0				
12284	122840	0				
12285	122850	0				
12286	122860	0				
12287	122870	0				
12288	122880	0				
12289	122890	0				
12290	122900	0				
12291	122910	0		0.212045070422535		
12292	122920	0	0	0.212444366197183		
12293	122930	0	0	0.175005633802817		
12294	122940	0	0	0.15383661971831		
12295	122950	0	0	0.144500704225352		
12296	122960	0	0	0.113767605633803		
12297	122970	0	0	0.142669014084507		
12298	122980	0	0	0.128192957746479		
12299	122990	0	0	0.145216901408451		
12300	123000	0	0	0.142599295774648		
12301	123010	0	0	0.110199295774648		
12302	123020	0	0	0.10009014084507		
12303	123030	0	0	0.086387323943662		
12304	123040	0	0	0.0887197183098592	0	0.0887197183098592
12305	123050	0	0	0.0796943661971831	0	0.0796943661971831
12306	123060	0	0	0.0846633802816901	0	0.0846633802816901
12307	123070	0	0	0.0862288732394366	0	0.0862288732394366
12308	123080	0	0	0.0664098591549296	0	0.0664098591549296
12309	123090	0	0	0.0614661971830986	0	0.0614661971830986
12310	123100	0	0	0.050393661971831	0	0.050393661971831
12311	123110	0	0	0.0484478873239437	0	0.0484478873239437
12312	123120	0	0	0.048606338028169	0	0.048606338028169
12313	123130	0	0	0.0441887323943662	0	0.0441887323943662
12314	123140	0	0	0.0460964788732395	0	0.0460964788732395
12315	123150	0	0	0.0429211267605634	0	0.0429211267605634
12316	123160	0	0	0.0466669014084507	0	0.0466669014084507
12317	123170	0	0	0.0394795774647887	0	0.0394795774647887
12318	123180	0	0	0.0334330985915493	0	0.0334330985915493
12319	123190	0	0.02	0.0322732394366197	3.30611085912283e-05	0.0322401783280285
12320	123200	0	0.09	0.0298774647887324	0.000609752969506636	0.0292677118192258
12321	123210	0	0	0.0297	0.00302587090851603	0.026674129091484
12322	123220	0	0	0.0327676056338028	0.0051689643306029	0.0275986413031999
12323	123230	0	0	0.0368619718309859	0.00470840053942697	0.032153571291559
12324	123240	0	0	0.0388521126760563	0.00378139150542507	0.0350707211706313
12325	123250	0	0	0.0338830985915493	0.00294147742842587	0.0309416211631234
12326	123260	0	0.02	0.0335218309859155	0.00233004728655069	0.0311917836993648
12327	123270	0	0.17	0.0315	0.00322972825324513	0.0282702717467549
12328	123280	0	0.01	0.0333633802816901	0.00743145600128731	0.0259319242804028
12329	123290	0	0.01	0.0340859154929577	0.0113750635995352	0.0227108518934226
12330	123300	0	0.06	0.0320704225352113	0.0114465150555708	0.0206239074796404
12331	123310	0	0	0.0330464788732394	0.0130383867376789	0.0200080921355605
12332	123320	0	0.06	0.0303845070422535	0.0120690240556682	0.0183154829865853
12333	123330	0	0	0.0326091549295775	0.00993909092866985	0.0226700640009076
12334	123340	0	0	0.0313922535211268	0.00990260518917454	0.0214896483319522
12335	123350	0	0	0.028812676056338	0.00931498991928197	0.019497686137056
12336	123360	0	0	0.0271838028169014	0.00790250642302345	0.019281296393878
12337	123370	0	0	0.0250732394366197	0.00663739960183504	0.0184358398347847
12338	123380	0	0	0.0237612676056338	0.00609692114563061	0.0176643464600032
12339	123390	0	0	0.0224239436619718	0.00446437413132782	0.017959569530644
12340	123400	0	0	0.0208394366197183	0.0027735831605944	0.0180658534591239
12341	123410	0	0	0.0199838028169014	0.00269254435084728	0.0172912584660541
12342	123420	0	0	0.0192612676056338	0.00233947539004735	0.0169217922155865
12343	123430	0	0	0.0186401408450704	0.000885617226427837	0.0177545236186426
12344	123440	0	0	0.0180316901408451	0.000687563501160047	0.017344126639685
12345	123450	0	0	0.0176577464788732	0	0.0176577464788732
12346	123460	0	0	0.0179619718309859	0	0.0179619718309859
12347	123470	0	0	0.0175943661971831	0	0.0175943661971831
12348	123480	0	0	0.0166943661971831	0	0.0166943661971831
12349	123490	0	0.08	0.0165549295774648	0.000132244434364913	0.0164226851430999
12350	123500	0	0	0.0164028169014084	0.00184391192338443	0.014558904978024
12351	123510	0	0	0.0172457746478873	0.00380587997883419	0.0134398946690531
12352	123520	0	0	0.0167577464788733	0.00354939741765776	0.0132083490612155
12353	123530	0.992694832327621	0	0.0155852112676056	0.00286131377824792	0.0127238974893577
12354	123540	0.994432116352424	0.02	0.0155154929577465	0.00228271512817585	0.0132327778295706
12355	123550	0.993810972429989	0	0.0152366197183099	0.00210344460641879	0.0131331751118911
12356	123560	0.99323157014883	0	0.0153253521126761	0.00219984783688119	0.0131255042757949
12357	123570	0.993304890364056	0.06	0.0151542253521127	0.00243023293952716	0.0127239924125855
12358	123580	0.99743239960319	0.23	0.0156612676056338	0.00378724927346262	0.0118740183321712
12359	123590	0.984556870735656	0	0.0182661971830986	0.00983952100469063	0.00842667617840795
12360	123600	0.95505030683547	0	0.0205922535211268	0.0151953926273552	0.00539686089377153
12361	123610	0.957863492539774	0.01	0.0202119718309859	0.0135958792591709	0.00661609257181506
12362	123620	0.998202787504335	0.64	0.0194704225352113	0.0115628871573284	0.00790753537788291
12363	123630	0.95766071044287	0.02	0.0223795774647887	0.0232868928028971	-0.000907315338108335
12364	123640	0.811522075802563	0	0.0272725352112676	0.0372904301028624	-0.0100178948915948
12365	123650	0.770772653557629	0	0.0255929577464789	0.0346713807911449	-0.00907842304466604
12366	123660	0.874476095726337	0	0.0233683098591549	0.029420480515338	-0.00605217065618309
12367	123670	0.901953324931929	0	0.0207823943661972	0.0235217113768837	-0.00273931701068649
12368	123680	0.931076095825798	0	0.0194260563380282	0.0179679818320005	0.0014580745060277
12369	123690	0.949847252620819	0	0.0179112676056338	0.0146605314619918	0.00325073614364201
12370	123700	0.933449864337449	0	0.0162190140845071	0.014660954640231	0.00155805944427603
12371	123710	0.959091999009428	0	0.0156105633802817	0.0109713795073326	0.00463918387294908
12372	123720	0.951788598435586	0	0.0145457746478873	0.00944640479297084	0.00509936985491649
12373	123730	0		0.0140767605633803		
12374	123740	0	0	0.0137091549295775		
12375	123750	0	0	0.0128598591549296		
12376	123760	0	0.01	0.0125302816901409		
12377	123770	0	0.03	0.0119281690140845		
12378	123780	0	0	0.011712676056338		
12379	123790	0	0	0.0113894366197183		
12380	123800	0	0.42	0.0114274647887324		
12381	123810	0	0	0.0116366197183099		
12382	123820	0	0	0.0109077464788732		
12383	123830	0	0	0.0109901408450704		
12384	123840	0	0	0.0107112676056338		
12385	123850	0	0	0.0106732394366197		
12386	123860	0	0.24	0.0426295774647887	0.00965065848092985	0.0329789189838589
12387	123870	0	0	0.0518514084507042	0.012653866338608	0.0391975421120963
12388	123880	0	0	0.0486380281690141	0.0195544688281064	0.0290835593409077
12389	123890	0.986340302687449	0.11	0.040030985915493	0.0187990690230705	0.0212319168924225
12390	123900	0.998745793789286	0.68	0.0387380281690141	0.026766078165696	0.0119719500033181
12391	123910	0.507418623326943	0	0.122564788732395	0.0616813740138217	0.0608834147185728
12392	123920	0.418845974226102	0	0.140171830985916	0.0693618964648037	0.0708099345211118
12393	123930	0.78760022806305	0	0.108823943661972	0.0537479540538923	0.0550759896080796
12394	123940	0.924570370805559	0	0.0837887323943662	0.0478868802332824	0.0359018521610838
12395	123950	0.993207570443284	0.05	0.0653260563380282	0.0399704875851159	0.0253555687529123
12396	123960	0.999215333539417	0.01	0.0527577464788732	0.0340177467723877	0.0187399997064855
12397	123970	0.998852247921144	0.15	0.0465464788732394	0.0312834905148647	0.0152629883583748
12398	123980	0.999438999465773	0.1	0.0563894366197183	0.0364334357299267	0.0199560008897916
12399	123990	0.996221007518206	1.14	0.0578281690140845	0.0479405295798661	0.00988763943421837
12400	124000	0.976940528318725	0.44	0.139341549295775	0.110590464411598	0.028751084884177
12401	124010	0	0	0.200243661971831	0.152137602832142	0.0481060591396884
12402	124020	0.838482471403383	0	0.195978169014085	0.138786385709205	0.0571917833048798
12403	124030	0.7764922863603	0.05	0.169288732394366	0.105879149230629	0.0634095831637378
12404	124040	0.948677456204717	0.36	0.140431690140845	0.102125270358457	0.0383064197823881
12405	124050	0.951936776756504	0.83	0.151206338028169	0.126902024303106	0.0243043137250629
12406	124060	0.9992672759976	0.21	0.22268661971831	0.202911823082935	0.019774796635375
12407	124070	0.808868601759217	0.54	0.240718309859155	0.235483827631653	0.00523448222750164
12408	124080	0.779844388161222	0.61	0.253457746478873	0.24739592289655	0.00606182358232327
12409	124090	0.483525457225807	0.49	0.264612676056338	0.260937327056876	0.00367534899946204
12410	124100	0.913877352753683	0.08	0.293495070422535	0.264077445108825	0.0294176253137097
12411	124110	0.996187659539393	0	0.267071830985915	0.225455334295454	0.0416164966904614
12412	124120	0.851348175357975	0	0.225380281690141	0.160373105021198	0.0650071766689433
12413	124130	0.902401586490373	0.18	0.19433661971831	0.129026290734602	0.0653103289837084
12414	124140	0.991583166354837	0	0.168103521126761	0.120429622686124	0.0476738984406367
12415	124150	0.997027386497551	0	0.139652112676056	0.0947109835146088	0.0449411291614475
12416	124160	0.886676491560483	0	0.111644366197183	0.0745972176454876	0.0370471485516955
12417	124170	0.828628673182552	0	0.0910077464788733	0.0646972258254062	0.0263105206534671
12418	124180	0.999914231525623	0	0.0764112676056338	0.035139697546872	0.0412715700587618
12419	124190	0.97995495498538	0	0.063880985915493	0.0258165495690684	0.0380644363464246
12420	124200	0.999843169167749	0	0.0544753521126761	0.0159087243938234	0.0385666277188526
12421	124210	0.959895755995774	0.02	0.0482514084507043	0.00921167922242783	0.0390397292282764
12422	124220	0.380613559219181	0.84	0.0928077464788732	0.0120232500296329	0.0807844964492403
12423	124230	0.328539973203405	0.31	0.143252112676056	0.0559516437921661	0.0873004688838902
12424	124240	0.706719836959466	0	0.134714788732395	0.0862497033257932	0.0484650854066013
12425	124250	0.983933050432221	0	0.110307042253521	0.0809888746937878	0.0293181675597334
12426	124260	0.987754078181042	0	0.0918823943661972	0.0683708665547041	0.0235115278114931
12427	124270	0	0	0.0762084507042254	0.0573446696231517	0.0188637810810737
12428	124280	0	0	0.0645464788732394	0.0452710407131715	0.0192754381600679
12429	124290	0	0	0.0552169014084507	0.0353637028679187	0.019853198540532
12430	124300	0	0	0.0491894366197183	0.0309031550903697	0.0182862815293487
12431	124310	0	0.36	0.0451774647887324	0.0296520109688158	0.0155254538199166
12432	124320	0	0.02	0.045906338028169	0.0486797296914079	-0.00277339166323883
12433	124330	0	0.53	0.0454753521126761	0.0637373332442605	-0.0182619811315845
12434	124340	0	0.91	0.065668309859155	0.0930531238081842	-0.0273848139490293
12435	124350	0	0	0.123997183098592	0.124169620102812	-0.000172437004220496
12436	124360	0	0	0.128465492957747	0.122324229771336	0.00614126318641048
12437	124370	0	0	0.106542253521127	0.102458865399388	0.00408338812173932
12438	124380	0	0.59	0.0935429577464789	0.102091610496356	-0.00854865274987682
12439	124390	0	0.13	0.175474647887324	0.14902924325978	0.0264454046275443
12440	124400	0	0	0.258369718309859	0.143755055451269	0.11461466285859
12441	124410	0	0	0.232035211267606	0.121754369142636	0.11028084212497
12442	124420	0	0	0.196111267605634	0.0988044290687831	0.097306838536851
12443	124430	0	0.06	0.164604929577465	0.0858055649016951	0.0787993646757697
12444	124440	0	0.01	0.145907746478873	0.075283291157522	0.0706244553213511
12445	124450	0	0	0.129162676056338	0.0704421545344297	0.0587205215219083
12446	124460	0	0	0.104742253521127	0.0516423398160781	0.0530999137050486
12447	124470	0	0	0.0917683098591549	0.0283308731685316	0.0634374366906234
12448	124480	0	0	0.0776978873239437	0.0200118334200011	0.0576860539039426
12449	124490	0	0.01	0.0682478873239437	0.0185375674985265	0.0497103198254172
12450	124500	0	0	0.0618147887323944	0.0226653323806947	0.0391494563516997
12451	124510	0	0.07	0.0561422535211268	0.00595339082090914	0.0501888627002176
12452	124520	0	0	0.0520288732394366	0.00593168056922703	0.0460971926702096
12453	124530	0	0	0.0464640845070423	0.00682301826667149	0.0396410662403708
12454	124540	0	0	0.0430035211267606	0.00566073769919088	0.0373427834275697
12455	124550	0	0.54	0.0418119718309859	0.00961373219417516	0.0321982396368108
12456	124560	0	0	0.0485049295774648	0.0355920522277666	0.0129128773496982
12457	124570	0	0	0.058487323943662	0.0445036971121085	0.0139836268315534
12458	124580	0	0	0.0761704225352113	0.0369587941445493	0.039211628390662
12459	124590	0	0	0.0861591549295775	0.0325715990522427	0.0535875558773348
12460	124600	0	0	0.0965598591549296	0.0269105180317177	0.0696493411232119
12461	124610	0	0.03	0.110085211267606	0.0216354828470227	0.0884497284205828
12462	124620	0	0.2	0.111878873239437	0.0239804299866201	0.0878984432528165
12463	124630	0	0.21	0.114851408450704	0.0493798233206482	0.065471585130056
12464	124640	0	0	0.107524647887324	0.0679566806324967	0.0395679672548273
12465	124650	0	0	0.0948612676056338	0.0645216706834583	0.0303395969221755
12466	124660	0	0.04	0.0847267605633803	0.0540474491509687	0.0306793114124116
12467	124670	0	0.37	0.0788007042253521	0.0480940090553103	0.0307066951700418
12468	124680	0	0.16	0.0948929577464788	0.0489111732695412	0.0459817844769377
12469	124690	0	0.18	0.120669718309859	0.0602554252689208	0.0604142930409383
12470	124700	0	0.08	0.132274647887324	0.0664437662831818	0.0658308816041421
12471	124710	0	0.12	0.127343661971831	0.0752910145967611	0.0520526473750698
12472	124720	0	0.31	0.132902112676056	0.0867084860005233	0.0461936266755331
12473	124730	0	0.16	0.150084507042254	0.11126803189279	0.0388164751494637
12474	124740	0	0	0.154704929577465	0.117590248278153	0.0371146812993114
12475	124750	0	0.01	0.144006338028169	0.096642944117539	0.0473633939106301
12476	124760	0	0	0.128224647887324	0.0712954703181403	0.0569291775691836
12477	124770	0	0	0.109527464788732	0.0586115002993169	0.0509159644894154
12478	124780	0	0.01	0.0952669014084507	0.0509476491072441	0.0443192523012067
12479	124790	0	0	0.0845112676056338	0.0458711964807916	0.0386400711248422
12480	124800	0	0.07	0.0741802816901409	0.0339445917387718	0.040235689951369
12481	124810	0	0.56	0.0684760563380282	0.035851984345261	0.0326240719927671
12482	124820	0	0.04	0.0679753521126761	0.0579246518171876	0.0100507002954884
12483	124830	0	0.04	0.0684823943661972	0.0651657621208711	0.00331663224532613
12484	124840	0	0.04	0.0721077464788733	0.0588240858774126	0.0132836606014607
12485	124850	0	0	0.0774633802816902	0.0481203024554307	0.0293430778262595
12486	124860	0	0	0.0821725352112676	0.037063005628807	0.0451095295824606
12487	124870	0	0	0.0901267605633803	0.0294956464845366	0.0606311140788437
12488	124880	0	0.02	0.089080985915493	0.0235670919156049	0.065513893999888
12489	124890	0	0	0.0949183098591549	0.021822712361209	0.073095597497946
12490	124900	0	0	0.0966676056338028	0.0191615830354964	0.0775060225983064
12491	124910	0	0	0.0973077464788732	0.0195077216163239	0.0778000248625493
12492	124920	0	0	0.0987845070422534	0.0206268848946592	0.0781576221475942
12493	124930	0	0	0.096756338028169	0.0177940663270207	0.0789622717011483
12494	124940	0	0	0.0889605633802817	0.00373645433413601	0.0852241090461457
12495	124950	0	0	0.0806387323943662	0.00262679809484752	0.0780119342995187
12496	124960	0	0	0.0747443661971831	0.00151645174640228	0.0732279144507808
12497	124970	0	0	0.0684950704225352	0.000430736650004858	0.0680643337725304
12498	124980	0	0	0.0644197183098592	0.000476203726052937	0.0639435145838062
12499	124990	0	0	0.0597232394366197	0.000532120776938293	0.0591911186596814
12500	125000	0	0	0.0555845070422535	0.000499462446031136	0.0550850445962224
12501	125010	0	0	0.0522190140845071	0	0.0522190140845071
12502	125020	0	0.11	0.0484352112676056	0.000935978297310416	0.0474992329702952
12503	125030	0		0.0498929577464789		
12504	125040	0	0	0.0606739436619718		
12505	125050	0	0.01	0.0676457746478873		
12506	125060	0	0	0.110028169014085		
12507	125070	0	0	0.120980281690141		
12508	125080	0	0	0.132407746478873		
12509	125090	0	0	0.12844647887324		
12510	125100	0	0	0.118711267605634		
12511	125110	0	0	0.133314084507042		
12512	125120	0	0	0.122621830985916		
12513	125130	0	0	0.131444366197183		
12514	125140	0	0.3	0.131824647887324		
12515	125150	0	0	0.156181690140845		
12516	125160	0	0	0.195997183098592	0.0409725716704154	0.155024611428176
12517	125170	0	0.05	0.212824647887324	0.0339352215726729	0.178889426314651
12518	125180	0	0.08	0.218097887323944	0.0298572606164956	0.188240626707448
12519	125190	0	0.13	0.20423661971831	0.0328955757454501	0.17134104397286
12520	125200	0	0	0.192390845070423	0.0360315117141775	0.156359333356245
12521	125210	0	0	0.178250704225352	0.0312902102616447	0.146960493963707
12522	125220	0	0	0.156745774647887	0.0265702646364649	0.130175510011422
12523	125230	0	0	0.132800704225352	0.0232255906785963	0.109575113546756
12524	125240	0	0	0.108012676056338	0.0172511228439103	0.0907615532124278
12525	125250	0	0	0.0943415492957746	0.0145712657647443	0.0797702835310304
12526	125260	0	0.04	0.0837760563380282	0.014160029518339	0.0696160268196892
12527	125270	0	0.02	0.0802647887323943	0.0067944219770412	0.0734703667553532
12528	125280	0	0	0.0757394366197184	0.00775313913853684	0.0679862974811815
12529	125290	0	0	0.0687359154929578	0.00688352261785945	0.0618523928750983
12530	125300	0	0	0.0617957746478873	0.00559887344558913	0.0561969012022982
12531	125310	0	0	0.0564654929577465	0.00430631649053725	0.0521591764672092
12532	125320	0	0	0.0522633802816902	0.00237275640433928	0.0498906238773509
12533	125330	0	0	0.0510147887323944	0.00184814373390861	0.0491666449984858
12534	125340	0	0	0.0489802816901408	0.00159868535758869	0.0473815963325522
12535	125350	0	0	0.0460457746478873	0.00137900015434973	0.0446667744935376
12536	125360	0	0	0.0435929577464789	0.00138314410211073	0.0422098136443682
12537	125370	0	0	0.0409119718309859	0.00154044527992952	0.0393715265510564
12538	125380	0	0	0.0384084507042254	0.00153104566900057	0.0368774050352248
12539	125390	0	0	0.0366654929577465	0.000499462446031136	0.0361660305117153
12540	125400	0	0	0.0345232394366197	0	0.0345232394366197
12541	125410	0	0	0.0330464788732394	0	0.0330464788732394
12542	125420	0	0	0.0313732394366197	0	0.0313732394366197
12543	125430	0	0	0.0300992957746479	0	0.0300992957746479
12544	125440	0	0	0.0288950704225352	0	0.0288950704225352
12545	125450	0	0	0.0284197183098592	0	0.0284197183098592
12546	125460	0	0	0.0279316901408451	0	0.0279316901408451
12547	125470	0	0	0.0275387323943662	0	0.0275387323943662
12548	125480	0	0	0.0267528169014085	0	0.0267528169014085
12549	125490	0	0	0.0260112676056338	0	0.0260112676056338
12550	125500	0	0	0.0247943661971831	0	0.0247943661971831
12551	125510	0	0	0.0245028169014085	0	0.0245028169014085
12552	125520	0	0	0.0235711267605634	0	0.0235711267605634
12553	125530	0	0	0.0217774647887324	0	0.0217774647887324
12554	125540	0	0	0.0229119718309859	0	0.0229119718309859
12555	125550	0	0	0.0205288732394366	0	0.0205288732394366
12556	125560	0	0	0.0208964788732394	0	0.0208964788732394
12557	125570	0	0	0.0179556338028169	0	0.0179556338028169
12558	125580	0	0	0.0196669014084507	0	0.0196669014084507
12559	125590	0	0	0.0191281690140845	0	0.0191281690140845
