timestep	time	weight	P.V1	P.V2	Q	Qfitted	Qresidual
6	144	0	0	0.035488645134256	225000	28649.9452090015	196350.054790999
7	168	0.797934176475063	0.025	0.0800697338916531	73800	-6561.91060907212	80361.9106090721
8	192	0.980948272285036	0	0.119847813275561	432000	-7532.60692809089	439532.606928091
9	216	0.9430474038901	0	0.129664999994184	124200	-100781.952550145	224981.952550145
10	240	0.848636131335043	0	0.109828328430654	127800	2790.97795396975	125009.02204603
11	264	0.90423857652823	0.108333333333333	0.0721653115818517	180000	1855.94826657435	178144.051733426
12	288	0.692191380293748	0.0833333333333333	0.0447645445491394	147600	161654.092605607	-14054.0926056074
13	312	0.930155817566738	0.00833333333333333	0.128336363649202	522000	7685.03732523414	514314.962674766
14	336	0.92491886919115	0	0.164555566926647	181800	-20120.0129929221	201920.012992922
15	360	0.943585034901358	0.0166666666666667	0.194939691629291	108000	-115180.24920153	223180.24920153
16	384	0.925944006559583	0	0.282623902269241	36000	-164349.747625694	200349.747625694
17	408	0.993492478332951	0.0416666666666667	0.208156502350553	291600	-111299.330898537	402899.330898537
18	432	0.879789207770824	0.00833333333333333	0.104859031623355	235800	84783.721641129	151016.278358871
19	456	0.926954614242492	0.383333333333333	0.227549888473444	194400	-6514.48418378434	200914.484183784
20	480	0.925532317409003	0	0.19987075288214	684000	488897.970030977	195102.029969023
21	504	0.995139160859474	0	0.190024587567091	0	-324211.555342135	324211.555342135
22	528	0.979066418669105	0	0.202626961749913	741600	304730.618844184	436869.381155816
23	552	0	0	0.22396727458381		-298097.717042111	
24	576	0	0	0.141908170691328		-166785.003533874	
25	600	0	0.0666666666666667	0.171992806716615		590.461276673712	
26	624	0	0	0.37162237102511		-24621.4586101415	
27	648	0	0	0.322797012354446		-159107.411023455	
28	672	0	0	0.246092539831806		-2326.46244363679	
29	696	0	0	0.330921647443462		2730.09450854678	
30	720	0	0	0.340872844278876		-148334.45430879	
31	744	0	0	0.364619341239247		-97404.1039458806	
32	768	0	0	0.374091110262211		28884.6689995292	
33	792	0	0	0.253432159578377		21467.7115189937	
34	816	0	0	0.252014675218219		43867.0724452864	
35	840	0	0	0.235206226362647		103527.181778623	
36	864	0	0	0.255120510054802		-47926.4292515252	
37	888	0	0	0.276176716768317		49184.4390293193	
38	912	0	0	0.23370273291059		-1561.11828414621	
39	936	0	0.0166666666666667	0.0857471366154065		131656.513052389	
40	960	0	0.175	0.124006774884938		88593.9746058823	
41	984	0	0.3	0.118630637465973		307160.838646873	
42	1008	0	0	0.173959884783841		198479.580055864	
43	1032	0	0	0.154472692369296		-2398.27994811755	
44	1056	0	0	0.118091448251592		44564.2052157512	
45	1080	0	0	0.103886511918603		-197345.76328565	
46	1104	0	0	0.064785002279061		-140503.431322156	
47	1128	0	0	0.10348334101243		-995.211032694788	
48	1152	0	0.0333333333333333	0.043643457224249		79506.0564616903	
49	1176	0	0.075	0.0241425162463322		50104.6233062914	
50	1200	0	0.05	0.0282483357305949		165331.226948803	
51	1224	0	0.0416666666666667	0.0413623175420241		6510.57191943963	
52	1248	0	0	0.0353192881762059		73747.2200983557	
53	1272	0	0	0.0210214092437333		-39349.8660130603	
54	1296	0	0	0.0243709576718576		-34501.3213436248	
55	1320	0	0.0166666666666667	0.0339960406910524		-56731.9421700528	
56	1344	0	0.0416666666666667	0.0583040346786827		-30621.4614611929	
57	1368	0	0	0.0286637282613213		55794.3248675027	
58	1392	0	0	0.0399294672764494		-31918.7720579135	
59	1416	0	0.025	0.090947104311077		-4592.60871998503	
60	1440	0	0.0333333333333333	0.10013796293812		-62643.3420101253	
61	1464	0	0	0.104951618432766		-31652.8701525602	
62	1488	0	0	0.0793901212885686		10020.8698444511	
63	1512	0	0	0.0792237225202291		-12700.9182849943	
64	1536	0	0	0.0751029476320841		-11579.9169473289	
65	1560	0	0	0.0476493497018389		-5439.89166037144	
66	1584	0	0	0.067419488973103		13185.8709016773	
67	1608	0	0	0.0763486138510672		5138.91389076143	
68	1632	0	0	0.0318252464506639		8775.10677549932	
69	1656	0	0.00833333333333333	0.0465202299280083		20290.0778270327	
70	1680	0	0	0.0205567020986255		54335.7709481177	
71	1704	0	0	0.0119600121556669		-15466.238800192	
72	1728	0	0	0.0531916201528162		25951.7286660208	
73	1752	0	0	0.0264132769185466		-9795.60746998026	
74	1776	0	0	0.00235073604655511		2908.25011936205	
75	1800	0	0	0.0202862133935415		34907.8976884132	
76	1824	0	0.00833333333333333	0.00754851865770689		-6848.47254896925	
77	1848	0	0	0.00412352034504693		12338.3309382025	
78	1872	0	0	0.0181052307763547		13935.9114458352	
79	1896	0	0	0.0160145097219484		-10247.3110057883	
80	1920	0	0.025	0.000585446848626604		2955.24209910514	
81	1944	0	0.0333333333333333	0		42378.6054329773	
82	1968	0	0.0166666666666667	0.00142330715640248		32198.3301270981	
83	1992	0	0.0416666666666667	0.0203248144600305		-1907.15857073102	
84	2016	0	0	0.0132693676490234		54428.104612284	
85	2040	0	0	0		-48964.3976411089	
86	2064	0	0	0		13424.8370742798	
87	2088	0	0	0		-31982.9101639277	
88	2112	0	0	0		-23502.2850076314	
89	2136	0	0	0		7322.89331262733	
90	2160	0	0	0		0	
91	2184	0	0	0.00547932236178284		-4476.14530299692	
92	2208	0	0	0		1833.55052722249	
93	2232	0	0	0		-2242.52757734202	
94	2256	0	0	0		6158.75309593352	
95	2280	0	0	0		-4411.06044804034	
96	2304	0	0	0		3023.84364817731	
97	2328	0	0	0		0	
98	2352	0	0	0		0	
99	2376	0	0	0		0	
100	2400	0	0	0		0	
101	2424	0	0.0166666666666667	0		48.3507743016956	
102	2448	0	0	0		21500.7561303303	
103	2472	0	0	0		-10099.82084742	
104	2496	0	0	0		10027.2243882379	
105	2520	0	0	0		-8682.52163907234	
106	2544	0	0	0		-9614.59577645201	
107	2568	0	0	0		0	
108	2592	0	0	0		0	
109	2616	0	0	0		0	
110	2640	0	0	0		0	
111	2664	0	0				
112	2688	0	0	0			
113	2712	0	0	0			
114	2736	0	0	0			
115	2760	0	0	0			
116	2784	0	0	0			
117	2808	0	0	0		0	
118	2832	0	0	0		0	
119	2856	0	0	0		0	
120	2880	0	0	0		0	
121	2904	0	0	0		0	
122	2928	0	0	0		0	
123	2952	0	0	0		0	
124	2976	0	0	0		0	
125	3000	0	0	0		0	
126	3024	0	0	0		0	
127	3048	0	0	0		0	
128	3072	0	0	0		0	
129	3096	0	0	0		0	
130	3120	0	0	0		0	
131	3144	0	0	0		0	
132	3168	0	0	0		0	
133	3192	0	0	0		0	
134	3216	0	0	0		0	
135	3240	0	0	0		0	
136	3264	0	0	0		0	
137	3288	0	0	0		0	
138	3312	0	0	0		0	
139	3336	0	0	0		0	
140	3360	0	0	0		0	
141	3384	0	0	0		0	
142	3408	0	0	0		0	
143	3432	0	0	0		0	
144	3456	0	0	0		0	
145	3480	0	0	0		0	
146	3504	0	0	0		0	
147	3528	0	0	0		0	
148	3552	0	0	0		0	
149	3576	0	0	0		0	
150	3600	0	0	0		0	
151	3624	0	0	0		0	
152	3648	0	0	0		0	
153	3672	0	0	0		0	
154	3696	0	0	0		0	
155	3720	0	0	0		0	
156	3744	0	0	0		0	
157	3768	0	0	0		0	
158	3792	0	0	0		0	
159	3816	0	0	0		0	
160	3840	0	0	0		0	
161	3864	0	0	0		0	
162	3888	0	0	0		0	
163	3912	0	0	0		0	
164	3936	0	0	0		0	
165	3960	0	0	0		0	
166	3984	0	0	0		0	
167	4008	0	0	0		0	
168	4032	0	0	0		0	
169	4056	0	0	0		0	
170	4080	0	0	0		0	
171	4104	0	0	0		0	
172	4128	0	0	0		0	
173	4152	0	0	0		0	
174	4176	0	0	0		0	
175	4200	0	0	0		0	
176	4224	0	0	0		0	
177	4248	0	0	0		0	
178	4272	0	0	0		0	
179	4296	0	0	0		0	
180	4320	0	0	0		0	
181	4344	0	0	0		0	
182	4368	0	0	0		0	
183	4392	0	0	0		0	
184	4416	0	0	0		0	
185	4440	0	0	0		0	
186	4464	0	0	0		0	
187	4488	0	0	0		0	
188	4512	0	0	0		0	
189	4536	0	0	0		0	
190	4560	0	0	0		0	
191	4584	0	0	0		0	
192	4608	0	0	0		0	
193	4632	0	0	0		0	
194	4656	0	0	0		0	
195	4680	0	0	0		0	
196	4704	0	0	0		0	
197	4728	0	0	0		0	
198	4752	0	0	0		0	
199	4776	0	0	0		0	
200	4800	0	0	0		0	
201	4824	0	0	0		0	
202	4848	0	0	0		0	
203	4872	0	0	0		0	
204	4896	0	0	0		0	
205	4920	0	0	0		0	
206	4944	0	0	0		0	
207	4968	0	0	0		0	
208	4992	0	0	0		0	
209	5016	0	0	0		0	
210	5040	0	0	0		0	
211	5064	0	0	0		0	
212	5088	0	0	0		0	
213	5112	0	0	0		0	
214	5136	0	0	0		0	
215	5160	0	0	0		0	
216	5184	0	0	0		0	
217	5208	0	0	0		0	
218	5232	0	0	0		0	
219	5256	0	0	0		0	
220	5280	0	0	0		0	
221	5304	0	0	0		0	
222	5328	0	0	0		0	
223	5352	0	0	0		0	
224	5376	0	0	0		0	
225	5400	0	0	0		0	
226	5424	0	0	0		0	
227	5448	0	0	0		0	
228	5472	0	0	0		0	
229	5496	0	0	0		0	
230	5520	0	0	0		0	
231	5544	0	0	0		0	
232	5568	0	0	0		0	
233	5592	0	0	0		0	
234	5616	0	0	0		0	
235	5640	0	0	0		0	
236	5664	0	0	0		0	
237	5688	0	0	0		0	
238	5712	0	0	0		0	
239	5736	0	0	0		0	
240	5760	0	0	0		0	
241	5784	0	0	0		0	
242	5808	0	0	0		0	
243	5832	0	0	0		0	
244	5856	0	0	0		0	
245	5880	0	0	0		0	
246	5904	0	0	0		0	
247	5928	0	0	0		0	
248	5952	0	0	0		0	
249	5976	0	0	0		0	
250	6000	0	0	0		0	
251	6024	0	0	0		0	
252	6048	0	0	0		0	
253	6072	0	0	0		0	
254	6096	0	0	0		0	
255	6120	0	0	0		0	
256	6144	0	0	0		0	
257	6168	0	0	0		0	
258	6192	0	0	0		0	
259	6216	0	0	0		0	
260	6240	0	0	0		0	
261	6264	0	0	0		0	
262	6288	0	0	0		0	
263	6312	0	0	0		0	
264	6336	0	0	0		0	
265	6360	0	0	0		0	
266	6384	0	0	0		0	
267	6408	0	0	0		0	
268	6432	0	0	0		0	
269	6456	0	0	0		0	
270	6480	0	0	0		0	
271	6504	0	0	0		0	
272	6528	0	0	0		0	
273	6552	0	0	0		0	
274	6576	0	0	0		0	
275	6600	0	0	0		0	
276	6624	0	0	0		0	
277	6648	0	0	0		0	
278	6672	0	0	0		0	
279	6696	0	0	0		0	
280	6720	0	0	0		0	
281	6744	0	0	0		0	
282	6768	0	0	0		0	
283	6792	0	0	0		0	
284	6816	0	0	0		0	
285	6840	0	0	0		0	
286	6864	0	0	0		0	
287	6888	0	0	0		0	
288	6912	0	0	0		0	
289	6936	0	0	0		0	
290	6960	0	0	0		0	
291	6984	0	0	0		0	
292	7008	0	0	0		0	
293	7032	0	0	0		0	
294	7056	0	0	0		0	
295	7080	0	0	0		0	
296	7104	0	0	0		0	
297	7128	0	0	0		0	
298	7152	0	0	0		0	
299	7176	0	0	0		0	
300	7200	0	0	0		0	
301	7224	0	0	0		0	
302	7248	0	0	0		0	
303	7272	0	0	0		0	
304	7296	0	0	0		0	
305	7320	0	0	0		0	
306	7344	0	0	0		0	
307	7368	0	0	0		0	
308	7392	0	0	0		0	
309	7416	0	0	0		0	
310	7440	0	0	0		0	
311	7464	0	0	0		0	
312	7488	0	0	0		0	
313	7512	0	0	0		0	
314	7536	0	0	0		0	
315	7560	0	0	0		0	
316	7584	0	0	0		0	
317	7608	0	0	0		0	
318	7632	0	0	0		0	
319	7656	0	0	0		0	
320	7680	0	0	0		0	
321	7704	0	0	0		0	
322	7728	0	0	0		0	
323	7752	0	0	0		0	
324	7776	0	0	0		0	
325	7800	0	0	0		0	
326	7824	0	0	0		0	
327	7848	0	0	0		0	
328	7872	0	0	0		0	
329	7896	0	0	0		0	
330	7920	0	0	0		0	
331	7944	0	0	0		0	
332	7968	0	0	0		0	
333	7992	0	0	0		0	
334	8016	0	0	0		0	
335	8040	0	0	0		0	
336	8064	0	0	0		0	
337	8088	0	0	0		0	
338	8112	0	0	0		0	
339	8136	0	0	0		0	
340	8160	0	0	0		0	
341	8184	0	0	0		0	
342	8208	0	0	0		0	
343	8232	0	0	0		0	
344	8256	0	0	0		0	
345	8280	0	0	0		0	
346	8304	0	0	0		0	
347	8328	0	0	0		0	
348	8352	0	0	0		0	
349	8376	0	0	0		0	
350	8400	0	0	0		0	
351	8424	0	0	0		0	
352	8448	0	0	0		0	
353	8472	0	0	0		0	
354	8496	0	0	0.429277109189932		-350683.275980755	
355	8520	0	0	0		143649.381786627	
356	8544	0	0	0		-175690.658829363	
357	8568	0	0	0		482507.060303102	
358	8592	0	0	0		-345584.207785264	
359	8616	0	0	0		236902.809184151	
360	8640	0	0	0.125253029397534		-102321.185395904	
361	8664	0	0	0		41913.5329014183	
362	8688	0	0	0		-51262.4288230796	
363	8712	0	0	0		140784.285290001	
364	8736	0	0	0		-100833.39644812	
365	8760	0	0	0.0892650658073996		-3799.3434775811	
366	8784	0	0.00833333333333333	0.0617109959463631		-20517.6669691081	
367	8808	0	0.00833333333333333	0.143016306091249		-121940.928748145	
368	8832	0.868580740384328	0.0166666666666667	0.071567601301194	648000	70219.1138035349	577780.886196465
369	8856	0.954957542302846	0	0.121340218840781	126000	-114742.615257162	240742.615257162
370	8880	0.864827177733515	0.0416666666666667	0.117957749773024	205200	65978.2391551236	139221.760844876
371	8904	0.996059530366981	0	0.234369267229685	248400	-147653.612769594	396053.612769594
372	8928	0.933808678479783	0.025	0.146911448208469	239400	29166.6848349759	210233.315165024
373	8952	0.970843506815132	0.00833333333333333	0.211776857658576	165600	-97637.9444447346	263237.944444735
374	8976	0.842893633040337	0.0166666666666667	0.125449148463183	716400	117635.555821804	598764.444178196
375	9000	0.70634315512671	0	0.197863918611209	561600	-157328.982561553	718928.982561553
376	9024	0.981534142566376	0	0.186593179467579	374400	93435.6001748145	280964.399825186
377	9048	0.931666962027205	0	0.297846978678147	291600	-219000.355082881	510600.355082882
378	9072	0.918967453544683	0	0.284861816025419	207000	15383.3866817274	191616.613318273
379	9096	0.979498363518584	0	0.252243884344203	154800	-122579.583197796	277379.583197796
380	9120	0.994835830877202	0	0.369173357976156	358200	-40001.3700864096	398201.37008641
381	9144	0.766337696653767	0	0.21271905146926	77400	29907.6982616285	47492.3017383715
382	9168	0.665098037079426	0.075	0.0512641976501782	847800	96998.0686191173	750801.931380883
383	9192	0.977442596528146	0.00833333333333333	0.0756263159154171	604800	334181.918456723	270618.081543277
384	9216	0.950081273564305	0.00833333333333333	0.211154667413558	109800	-121742.248427266	231542.248427266
385	9240	0.941699760216692	0	0.275687915018548	451800	-44575.8736993909	496375.873699391
386	9264	0.869973622657253	0	0.331733523004784	0	-143145.402608774	143145.402608774
387	9288	0.980602758242716	0	0.357820854767205	147600	-131979.124627772	279579.124627772
388	9312	0.823593993802821	0	0.304274995304878	523800	-92125.6249379165	615925.624937917
389	9336	0.873645169554913	0	0.252843769824305	579600	11472.5426921533	568127.457307847
390	9360	0	0	0.178223939139146		101759.177450266	
391	9384	0	0	0.154890097619517		66642.975126936	
392	9408	0	0	0.242961808882304		17121.7584599607	
393	9432	0	0	0.28714426718734		-51968.8221390268	
394	9456	0	0	0.217867291092664		-11174.2575176643	
395	9480	0	0	0.255164736825318		-6310.84498770876	
396	9504	0	0	0.236098453657832		15981.5203264623	
397	9528	0	0	0.122043845544286		22677.467590715	
398	9552	0	0	0.100164700039019		132263.563862548	
399	9576	0	0	0.0530803086302072		120397.516326813	
400	9600	0	0.025	0.0496236384163069		24227.3997948678	
401	9624	0	0	0.0411844588185222		138117.775755393	
402	9648	0	0.075	0.0319588305323331		-1190.21354301996	
403	9672	0	0	0.0202143839802558		157442.220476874	
404	9696	0	0	0.0553895075801956		-74401.4696494626	
405	9720	0	0	0.0406740847996323		37887.3745904026	
406	9744	0	0.416666666666667	0.0262419578441246		-48637.4312330772	
407	9768	0	0	0.0333323863154513		522779.474667998	
408	9792	0	0	0.0811796383866242		-306115.881724611	
409	9816	0	0.00833333333333333	0.0793594059425251		226717.33789078	
410	9840	0	0.0666666666666667	0.05515980181206		-219062.144399589	
411	9864	0	0	0.0369224121182876		-124701.593710593	
412	9888	0	0	0.0975377938529167		-83043.5692878746	
413	9912	0	0	0.137980139603407		-16510.2165463799	
414	9936	0	0	0.138891970283174		-105856.7239204	
415	9960	0	0	0.0479888232096784		22694.2602117925	
416	9984	0	0.508333333333333	0.0655089452095509		4117.61844655762	
417	10008	0	0.166666666666667	0.0445265502811498		721025.901252962	
418	10032	0	0.133333333333333	0.063479525935156		-138146.070265362	
419	10056	0	0.00833333333333333	0.0780737699314749		427750.182337035	
420	10080	0	0	0.0963871704716137		-289393.528264716	
421	10104	0	0.05	0.101517453219527		-315730.427226617	
422	10128	0	0.225	0.0983901812549668		-120067.546507007	
423	10152	0	0.258333333333333	0.0583747862254373		203659.981195639	
424	10176	0	0.05	0.024026378142743		261568.168312212	
425	10200	0	0.075	0.0851604121855463		14130.3247253833	
426	10224	0	0.05	0.0352605112426758		108251.567143682	
427	10248	0	0.0583333333333333	0.0439050047647758		-239683.495557124	
428	10272	0	0.00833333333333333	0.0249460258266154		3501.19112467952	
429	10296	0	0	0.0302354159110969		-112418.825960541	
430	10320	0	0	0.0470748915967594		-9855.91903428904	
431	10344	0	0	0.0296697532043098		-62925.3021678422	
432	10368	0	0.075	0.00750610846677979		-15112.8922442725	
433	10392	0	0	0		124653.22546613	
434	10416	0	0	0		-36383.655445301	
435	10440	0	0	0		55653.0648101359	
436	10464	0	0.025	0.00369740076826552		-31688.3016160837	
437	10488	0	0.00833333333333333	0.000974160502325459		-6406.55904872419	
438	10512	0	0.116666666666667	0.00611619690457488		-10244.5706005102	
439	10536	0	0.00833333333333333	0.0139448333621424		154932.486750332	
440	10560	0	0	0.0172605426225711		-81777.349971741	
441	10584	0	0	0.00919922734890655		47062.0344248658	
442	10608	0	0	0.0350401437565555		-81894.2638769607	
443	10632	0	0	0		-52132.8628747206	
444	10656	0	0	0.00202365829410844		-16661.1739954302	
445	10680	0	0	0.0230033122260291		23390.2536482946	
446	10704	0	0	0.0286637627539861		-39678.3934153398	
447	10728	0	0	0.0481278375440386		-17527.198518175	
448	10752	0	0	0.0418024468083935		-5548.68634179755	
449	10776	0	0.00833333333333333	0.0237473930831538		-10268.0869918193	
450	10800	0	0	0.00492424810147618		41280.7141440716	
451	10824	0	0	0		10938.482489579	
452	10848	0	0	0.000565021780460029		22136.2377366323	
453	10872	0	0	0.000188333168024357		5180.55429553644	
454	10896	0	0	0		4165.61626197408	
455	10920	0	0	0		3275.52249627332	
456	10944	0	0	0		-243.177469485121	
457	10968	0	0	0		160.20019911986	
458	10992	0	0	0		103.934394852115	
459	11016	0	0	0		0	
460	11040	0	0	0		0	
461	11064	0	0	0		0	
462	11088	0	0	0		0	
463	11112	0	0	0		0	
464	11136	0	0	0		0	
465	11160	0	0	0		0	
466	11184	0	0	0		0	
467	11208	0	0	0		0	
468	11232	0	0	0		0	
469	11256	0	0	0		0	
470	11280	0	0	0		0	
471	11304	0	0	0		0	
472	11328	0	0	0		0	
473	11352	0	0	0		0	
474	11376	0	0	0		0	
475	11400	0	0	0		0	
476	11424	0	0	0		0	
477	11448	0	0				
478	11472	0	0	0			
479	11496	0	0	0			
480	11520	0	0	0			
481	11544	0	0	0			
482	11568	0	0	0			
483	11592	0	0	0		0	
484	11616	0	0	0		0	
485	11640	0	0	0		0	
486	11664	0	0	0		0	
487	11688	0	0	0		0	
488	11712	0	0	0		0	
489	11736	0	0	0		0	
490	11760	0	0	0		0	
491	11784	0	0	0		0	
492	11808	0	0	0		0	
493	11832	0	0	0		0	
494	11856	0	0	0		0	
495	11880	0	0	0		0	
496	11904	0	0	0		0	
497	11928	0	0	0		0	
498	11952	0	0	0		0	
499	11976	0	0	0		0	
500	12000	0	0	0		0	
501	12024	0	0	0		0	
502	12048	0	0	0		0	
503	12072	0	0	0		0	
504	12096	0	0	0		0	
505	12120	0	0	0		0	
506	12144	0	0	0		0	
507	12168	0	0	0		0	
508	12192	0	0	0		0	
509	12216	0	0	0		0	
510	12240	0	0	0		0	
511	12264	0	0	0		0	
512	12288	0	0	0		0	
513	12312	0	0	0		0	
514	12336	0	0	0		0	
515	12360	0	0	0		0	
516	12384	0	0	0		0	
517	12408	0	0	0		0	
518	12432	0	0	0		0	
519	12456	0	0	0		0	
520	12480	0	0	0		0	
521	12504	0	0	0		0	
522	12528	0	0	0		0	
523	12552	0	0	0		0	
524	12576	0	0	0		0	
525	12600	0	0	0		0	
526	12624	0	0	0		0	
527	12648	0	0	0		0	
528	12672	0	0	0		0	
529	12696	0	0	0		0	
530	12720	0	0	0		0	
531	12744	0	0	0		0	
532	12768	0	0	0		0	
533	12792	0	0	0		0	
534	12816	0	0	0		0	
535	12840	0	0	0		0	
536	12864	0	0	0		0	
537	12888	0	0	0		0	
538	12912	0	0	0		0	
539	12936	0	0	0		0	
540	12960	0	0	0		0	
541	12984	0	0	0		0	
542	13008	0	0	0		0	
543	13032	0	0	0		0	
544	13056	0	0	0		0	
545	13080	0	0	0		0	
546	13104	0	0	0		0	
547	13128	0	0	0		0	
548	13152	0	0	0		0	
549	13176	0	0	0		0	
550	13200	0	0	0		0	
551	13224	0	0	0		0	
552	13248	0	0	0		0	
553	13272	0	0	0		0	
554	13296	0	0	0		0	
555	13320	0	0	0		0	
556	13344	0	0	0		0	
557	13368	0	0	0		0	
558	13392	0	0	0		0	
559	13416	0	0	0		0	
560	13440	0	0	0		0	
561	13464	0	0	0		0	
562	13488	0	0	0		0	
563	13512	0	0	0		0	
564	13536	0	0	0		0	
565	13560	0	0	0		0	
566	13584	0	0	0		0	
567	13608	0	0	0		0	
568	13632	0	0	0		0	
569	13656	0	0	0		0	
570	13680	0	0	0		0	
571	13704	0	0	0		0	
572	13728	0	0	0		0	
573	13752	0	0	0		0	
574	13776	0	0	0		0	
575	13800	0	0	0		0	
576	13824	0	0	0		0	
577	13848	0	0	0		0	
578	13872	0	0	0		0	
579	13896	0	0	0		0	
580	13920	0	0	0		0	
581	13944	0	0	0		0	
582	13968	0	0	0		0	
583	13992	0	0	0		0	
584	14016	0	0	0		0	
585	14040	0	0	0		0	
586	14064	0	0	0		0	
587	14088	0	0	0		0	
588	14112	0	0	0		0	
589	14136	0	0	0		0	
590	14160	0	0	0		0	
591	14184	0	0	0		0	
592	14208	0	0	0		0	
593	14232	0	0	0		0	
594	14256	0	0	0		0	
595	14280	0	0	0		0	
596	14304	0	0	0		0	
597	14328	0	0	0		0	
598	14352	0	0	0		0	
599	14376	0	0	0		0	
600	14400	0	0	0		0	
601	14424	0	0	0		0	
602	14448	0	0	0		0	
603	14472	0	0	0		0	
604	14496	0	0	0		0	
605	14520	0	0	0		0	
606	14544	0	0	0		0	
607	14568	0	0	0		0	
608	14592	0	0	0		0	
609	14616	0	0	0		0	
610	14640	0	0	0		0	
611	14664	0	0	0		0	
612	14688	0	0	0		0	
613	14712	0	0	0		0	
614	14736	0	0	0		0	
615	14760	0	0	0		0	
616	14784	0	0	0		0	
617	14808	0	0	0		0	
618	14832	0	0	0		0	
619	14856	0	0	0		0	
620	14880	0	0	0		0	
621	14904	0	0	0		0	
622	14928	0	0	0		0	
623	14952	0	0	0		0	
624	14976	0	0	0		0	
625	15000	0	0	0		0	
626	15024	0	0	0		0	
627	15048	0	0	0		0	
628	15072	0	0	0		0	
629	15096	0	0	0		0	
630	15120	0	0	0		0	
631	15144	0	0	0		0	
632	15168	0	0	0		0	
633	15192	0	0	0		0	
634	15216	0	0	0		0	
635	15240	0	0	0		0	
636	15264	0	0	0		0	
637	15288	0	0	0		0	
638	15312	0	0	0		0	
639	15336	0	0	0		0	
640	15360	0	0	0		0	
641	15384	0	0	0		0	
642	15408	0	0	0		0	
643	15432	0	0	0		0	
644	15456	0	0	0		0	
645	15480	0	0	0		0	
646	15504	0	0	0		0	
647	15528	0	0	0		0	
648	15552	0	0	0		0	
649	15576	0	0	0		0	
650	15600	0	0	0		0	
651	15624	0	0	0		0	
652	15648	0	0	0		0	
653	15672	0	0	0		0	
654	15696	0	0	0		0	
655	15720	0	0	0		0	
656	15744	0	0	0		0	
657	15768	0	0	0		0	
658	15792	0	0	0		0	
659	15816	0	0	0		0	
660	15840	0	0	0		0	
661	15864	0	0	0		0	
662	15888	0	0	0		0	
663	15912	0	0	0		0	
664	15936	0	0	0		0	
665	15960	0	0	0		0	
666	15984	0	0	0		0	
667	16008	0	0	0		0	
668	16032	0	0	0		0	
669	16056	0	0	0		0	
670	16080	0	0	0		0	
671	16104	0	0	0		0	
672	16128	0	0	0		0	
673	16152	0	0	0		0	
674	16176	0	0	0		0	
675	16200	0	0	0		0	
676	16224	0	0	0		0	
677	16248	0	0	0		0	
678	16272	0	0	0		0	
679	16296	0	0	0		0	
680	16320	0	0	0		0	
681	16344	0	0	0		0	
682	16368	0	0	0		0	
683	16392	0	0	0		0	
684	16416	0	0	0		0	
685	16440	0	0	0		0	
686	16464	0	0	0		0	
687	16488	0	0	0		0	
688	16512	0	0	0		0	
689	16536	0	0	0		0	
690	16560	0	0	0		0	
691	16584	0	0	0		0	
692	16608	0	0	0		0	
693	16632	0	0	0		0	
694	16656	0	0	0		0	
695	16680	0	0	0		0	
696	16704	0	0	0		0	
697	16728	0	0	0		0	
698	16752	0	0	0		0	
699	16776	0	0	0		0	
700	16800	0	0	0		0	
701	16824	0	0	0		0	
702	16848	0	0	0		0	
703	16872	0	0	0		0	
704	16896	0	0	0		0	
705	16920	0	0	0		0	
706	16944	0	0	0		0	
707	16968	0	0	0		0	
708	16992	0	0	0		0	
709	17016	0	0	0		0	
710	17040	0	0	0		0	
711	17064	0	0	0		0	
712	17088	0	0	0		0	
713	17112	0	0	0		0	
714	17136	0	0	0		0	
715	17160	0	0	0.357514051965317		-292058.896848561	
716	17184	0	0	0		119635.24596446	
717	17208	0	0	0		-146320.122796836	
718	17232	0	0	0		401845.45259438	
719	17256	0	0	0		-287812.24942015	
720	17280	0	0	0.0244989677979724		177285.728306048	
721	17304	0	0	0.0361349576785905		-21321.1083508188	
722	17328	0	0	0		2065.15679352959	
723	17352	0	0	0		12747.8272057504	
724	17376	0	0	0.122214852543594		-78946.1825760739	
725	17400	0	0	0.0962605647709928		-53309.8041520568	
726	17424	0	0	0.0963163908732229		-76548.0179052593	
727	17448	0	0	0.24291546082011		-68238.3285121045	
728	17472	0	0	0.276856335323305		-174491.582020332	
729	17496	0	0	0.0902145992205672		17740.9002159332	
730	17520	0	0	0.0419886254999768		131199.379086099	
731	17544	0	0	0.126807972083335		42320.8114936503	
732	17568	0	0	0.0364185959754901		8076.00432514002	
733	17592	0	0	0.267155486938691		-130599.364573693	
734	17616	0	0	0.217695480775815		55170.3701075474	
735	17640	0	0	0.140653359386275		-189371.995244937	
736	17664	0	0	0.0226890489900558		280380.469622657	
737	17688	0	0	0.0259777425753316		-21477.0746763983	
738	17712	0	0	0.00810989365230563	280800	123056.71915128	157743.280848721
739	17736	0.964829308828917	0	0.0272073481718223	255600	2265.41315386891	253334.586846131
740	17760	0	0	0.0242745227989656	228600	74510.0529841312	154089.947015869
741	17784	0	0	0.00640802552433373	115200	-7523.25536422426	122723.255364224
742	17808	0.893313226684266	0	0.0263930187048764	178200	9037.04917071157	169162.950829288
743	17832	0	0	0.0352488492047236	167400	-12728.878018197	180128.878018197
744	17856	0.969583626667452	0	0.130980598317657	358200	-103331.188098671	461531.188098671
745	17880	0.98924836902135	0	0.247797893045296	169200	-135122.929109574	304322.929109574
746	17904	0.872773641040065	0	0.277053580705341	399600	-175106.526218956	574706.526218956
747	17928	0.145372162439882	0	0.315907440865436	1580400	-133364.80432351	1713764.80432351
748	17952	0.95847988605835	0	0.318918051079729	399600	-75673.9312551042	475273.931255104
749	17976	0.989700815359862	0	0.351002491923051	289800	-125106.524965043	414906.524965043
750	18000	0.993255667711099	0	0.349063995350212	372600	-29431.5520027868	402031.552002787
751	18024	0.989509647493788	0	0.300458343719935	282600	-15254.4542189787	297854.454218979
752	18048	0.792186615278598	0	0.182622019330193	189000	120617.618752917	68382.3812470832
753	18072	0.666923882042281	0	0.226777423056721	0	38660.9772096024	-38660.9772096024
754	18096	0.974979523015113	0.025	0.0522002459045901	473400	208985.237347926	264414.762652074
755	18120	0.956357146420245	0	0.0519725567873861	307800	70471.079896113	237328.920103887
756	18144	0.734613745061749	0	0.0447276817604623	910800	218031.413231	692768.586769
757	18168	0.840152303726206	0.108333333333333	0.0583961330946439	54000	-61761.9132771071	115761.913277107
758	18192	0.836531542600483	0	0.080967457717315	315000	203367.300643055	111632.699356945
759	18216	0.101920109802014	0	0.0584747207699117	1931400	-87403.8111226537	2018803.81112265
760	18240	0.994940932781859	0.00833333333333333	0.0268337940606314	408600	88021.5434538006	320578.456546199
761	18264	0.527220955527314	0.00833333333333333	0.104911191092984	811800	-77638.15764197	889438.15764197
762	18288	0.959712297413765	0.0416666666666667	0.0836225274683535	405000	-68091.4259268727	473091.425926873
763	18312	0.712715372556198	0.025	0.031462271650649	46800	40901.5443890043	5898.45561099573
764	18336	0.797666180634672	0	0.171003059158993	54000	-27129.2116007785	81129.2116007785
765	18360	0.664601423955967	0	0.183694229315565	676800	-80603.8374161484	757403.837416149
766	18384	0.859243748432995	0.00833333333333333	0.171329299478883	0	-133985.984515005	133985.984515005
767	18408	0.987666206193319	0.383333333333333	0.107605987342391	376200	82075.7682581603	294124.23174184
768	18432	0.948340230866007	0.291666666666667	0.0339572189314819	984600	500210.873732738	484389.126267263
769	18456	0.978133398793925	0.2	0.0514785339018635	491400	213894.40381541	277505.59618459
770	18480	0.899014592261058	0.3	0.0668714150491834	513000	341514.537791049	171485.462208951
771	18504	0.977574489985597	0	0.0833049194818667	657000	216133.934007548	440866.065992453
772	18528	0.945174248444568	0.05	0.0549528180373011	100800	-388879.906745156	489679.906745156
773	18552	0.873913227709176	0.0166666666666667	0.0607989707317245	100800	-40317.008858637	141117.008858637
774	18576	0.98399414430541	0.108333333333333	0.0865647441427644	0	-284796.63228265	284796.63228265
775	18600	0.970144837196029	0.0166666666666667	0.121667121195087	180000	-76978.1368501279	256978.136850128
776	18624	0.755733078374217	0.408333333333333	0.121849216658227	594000	-83167.3112498468	677167.311249847
777	18648	0.832800169321527	0.108333333333333	0.104300143479707	1134000	529088.628525796	604911.371474204
778	18672	0.923901588560813	0.00833333333333333	0.0881957385758856	54000	-150087.426184442	204087.426184442
779	18696	0	0	0.0807241616763932		127256.105329188	
780	18720	0	0	0.0888219807153963		-157568.738590581	
781	18744	0	0	0.123338910199746		-308642.712891938	
782	18768	0	0	0.145891190950737		-103803.663339116	
783	18792	0	0	0.158464323638683		-52396.7153915784	
784	18816	0	0	0.174786551943368		-37791.2909936049	
785	18840	0	0	0.136538988407715		-4199.93090013028	
786	18864	0	0	0.105357341840735		16819.2444728333	
787	18888	0	0	0.119891233909195		30835.6812513106	
788	18912	0	0.00833333333333333	0.0375302422596828		66575.5222225011	
789	18936	0	0.0166666666666667	0.00900057168894541		71897.8277983774	
790	18960	0	0.025	0.087339770771429		58117.9956731279	
791	18984	0	0.00833333333333333	0.0973196314602642		-22959.9496151823	
792	19008	0	0	0.0336935165579533		16649.4624135786	
793	19032	0	0	0.0518581199609578		37217.8076004857	
794	19056	0	0.00833333333333333	0.0323825106884712		3551.64443263243	
795	19080	0	0.0416666666666667	0.046896609341573		-48865.0771941321	
796	19104	0	0	0.0407779032532147		97893.581501936	
797	19128	0	0.00833333333333333	0.0255004869580855		-33346.9593254492	
798	19152	0	0.0166666666666667	0.044331446416189		42415.7689945844	
799	19176	0	0	0.0479140643376361		-18854.9025688829	
800	19200	0	0.00833333333333333	0.0471880080506804		-48041.8492464696	
801	19224	0	0	0.0378850033341678		33471.7426749809	
802	19248	0	0	0.0153366849676857		-5464.00433159484	
803	19272	0	0	0.0363956434901915		-5774.65925629671	
804	19296	0	0	0.000815563287343226		31931.3992229925	
805	19320	0	0	0.0231849153002361		-25589.2350093334	
806	19344	0	0	0.0362759917412419		27259.6198681407	
807	19368	0	0	0.0387223501430949		-48902.1432422806	
808	19392	0	0.00833333333333333	0.0449682998489074		6888.57071250101	
809	19416	0	0	0.0433665845883979		-2917.09168534901	
810	19440	0	0.125	0.0289796349096942		-5138.34357935099	
811	19464	0	0.00833333333333333	0.050010766214756		156778.479532821	
812	19488	0	0.0333333333333333	0.0515108113371987		-72535.892431746	
813	19512	0	0.00833333333333333	0.0563706592947639		81569.4918543681	
814	19536	0	0	0.0300625387409959		-39516.8061514471	
815	19560	0	0	0.0043906740406694		-44413.6335669102	
816	19584	0	0.0833333333333333	0.0102809515810893		13341.4791620177	
817	19608	0	0	0		102413.431740705	
818	19632	0	0.0166666666666667	0.00071317042575636		-48205.7395247878	
819	19656	0	0	0.00306997685957988		93979.1850257289	
820	19680	0	0	0		-58630.495089	
821	19704	0	0	0		-32826.9115339346	
822	19728	0	0	0.00193390068455912		-7385.83371019271	
823	19752	0	0	0		-11045.3261665108	
824	19776	0	0	0		902.721921314024	
825	19800	0	0	0		2173.70252046661	
826	19824	0	0	0		-1556.86273901236	
827	19848	0	0.0583333333333333	0.00207866461125583		-461.615176480162	
828	19872	0	0.00833333333333333	0		75972.4072354843	
829	19896	0	0	0.000178149872466449		-25595.2654374191	
830	19920	0	0	0		32441.4064214492	
831	19944	0	0	0		-27121.5282548507	
832	19968	0	0	0		-36644.964486523	
833	19992	0	0	0		-4950.71523153495	
834	20016	0	0	0		98.3145952569926	
835	20040	0	0	0		0	
836	20064	0	0	0		0	
837	20088	0	0	0		0	
838	20112	0	0	0		0	
839	20136	0	0	0		0	
840	20160	0	0	0		0	
841	20184	0	0	0		0	
842	20208	0	0				
843	20232	0	0	0			
844	20256	0	0	0			
845	20280	0	0	0			
846	20304	0	0	0			
847	20328	0	0	0			
848	20352	0	0	0		0	
849	20376	0	0	0		0	
850	20400	0	0	0		0	
851	20424	0	0	0		0	
852	20448	0	0	0		0	
853	20472	0	0	0		0	
854	20496	0	0	0		0	
855	20520	0	0	0		0	
856	20544	0	0	0		0	
857	20568	0	0	0		0	
858	20592	0	0	0		0	
859	20616	0	0	0		0	
860	20640	0	0	0		0	
861	20664	0	0	0		0	
862	20688	0	0	0		0	
863	20712	0	0	0		0	
864	20736	0	0	0		0	
865	20760	0	0	0		0	
866	20784	0	0	0		0	
867	20808	0	0	0		0	
868	20832	0	0	0		0	
869	20856	0	0	0		0	
870	20880	0	0	0		0	
871	20904	0	0	0		0	
872	20928	0	0	0		0	
873	20952	0	0	0		0	
874	20976	0	0	0		0	
875	21000	0	0	0		0	
876	21024	0	0	0		0	
877	21048	0	0	0		0	
878	21072	0	0	0		0	
879	21096	0	0	0		0	
880	21120	0	0	0		0	
881	21144	0	0	0		0	
882	21168	0	0	0		0	
883	21192	0	0	0		0	
884	21216	0	0	0		0	
885	21240	0	0	0		0	
886	21264	0	0	0		0	
887	21288	0	0	0		0	
888	21312	0	0	0		0	
889	21336	0	0	0		0	
890	21360	0	0	0		0	
891	21384	0	0	0		0	
892	21408	0	0	0		0	
893	21432	0	0	0		0	
894	21456	0	0	0		0	
895	21480	0	0	0		0	
896	21504	0	0	0		0	
897	21528	0	0	0		0	
898	21552	0	0	0		0	
899	21576	0	0	0		0	
900	21600	0	0	0		0	
901	21624	0	0	0		0	
902	21648	0	0	0		0	
903	21672	0	0	0		0	
904	21696	0	0	0		0	
905	21720	0	0	0		0	
906	21744	0	0	0		0	
907	21768	0	0	0		0	
908	21792	0	0	0		0	
909	21816	0	0	0		0	
910	21840	0	0	0		0	
911	21864	0	0	0		0	
912	21888	0	0	0		0	
913	21912	0	0	0		0	
914	21936	0	0	0		0	
915	21960	0	0	0		0	
916	21984	0	0	0		0	
917	22008	0	0	0		0	
918	22032	0	0	0		0	
919	22056	0	0	0		0	
920	22080	0	0	0		0	
921	22104	0	0	0		0	
922	22128	0	0	0		0	
923	22152	0	0	0		0	
924	22176	0	0	0		0	
925	22200	0	0	0		0	
926	22224	0	0	0		0	
927	22248	0	0	0		0	
928	22272	0	0	0		0	
929	22296	0	0	0		0	
930	22320	0	0	0		0	
931	22344	0	0	0		0	
932	22368	0	0	0		0	
933	22392	0	0	0		0	
934	22416	0	0	0		0	
935	22440	0	0	0		0	
936	22464	0	0	0		0	
937	22488	0	0	0		0	
938	22512	0	0	0		0	
939	22536	0	0	0		0	
940	22560	0	0	0		0	
941	22584	0	0	0		0	
942	22608	0	0	0		0	
943	22632	0	0	0		0	
944	22656	0	0	0		0	
945	22680	0	0	0		0	
946	22704	0	0	0		0	
947	22728	0	0	0		0	
948	22752	0	0	0		0	
949	22776	0	0	0		0	
950	22800	0	0	0		0	
951	22824	0	0	0		0	
952	22848	0	0	0		0	
953	22872	0	0	0		0	
954	22896	0	0	0		0	
955	22920	0	0	0		0	
956	22944	0	0	0		0	
957	22968	0	0	0		0	
958	22992	0	0	0		0	
959	23016	0	0	0		0	
960	23040	0	0	0		0	
961	23064	0	0	0		0	
962	23088	0	0	0		0	
963	23112	0	0	0		0	
964	23136	0	0	0		0	
965	23160	0	0	0		0	
966	23184	0	0	0		0	
967	23208	0	0	0		0	
968	23232	0	0	0		0	
969	23256	0	0	0		0	
970	23280	0	0	0		0	
971	23304	0	0	0		0	
972	23328	0	0	0		0	
973	23352	0	0	0		0	
974	23376	0	0	0		0	
975	23400	0	0	0		0	
976	23424	0	0	0		0	
977	23448	0	0	0		0	
978	23472	0	0	0		0	
979	23496	0	0	0		0	
980	23520	0	0	0		0	
981	23544	0	0	0		0	
982	23568	0	0	0		0	
983	23592	0	0	0		0	
984	23616	0	0	0		0	
985	23640	0	0	0		0	
986	23664	0	0	0		0	
987	23688	0	0	0		0	
988	23712	0	0	0		0	
989	23736	0	0	0		0	
990	23760	0	0	0		0	
991	23784	0	0	0		0	
992	23808	0	0	0		0	
993	23832	0	0	0		0	
994	23856	0	0	0		0	
995	23880	0	0	0		0	
996	23904	0	0	0		0	
997	23928	0	0	0		0	
998	23952	0	0	0		0	
999	23976	0	0	0		0	
1000	24000	0	0	0		0	
1001	24024	0	0	0		0	
1002	24048	0	0	0		0	
1003	24072	0	0	0		0	
1004	24096	0	0	0		0	
1005	24120	0	0	0		0	
1006	24144	0	0	0		0	
1007	24168	0	0	0		0	
1008	24192	0	0	0		0	
1009	24216	0	0	0		0	
1010	24240	0	0	0		0	
1011	24264	0	0	0		0	
1012	24288	0	0	0		0	
1013	24312	0	0	0		0	
1014	24336	0	0	0		0	
1015	24360	0	0	0		0	
1016	24384	0	0	0		0	
1017	24408	0	0	0		0	
1018	24432	0	0	0		0	
1019	24456	0	0	0		0	
1020	24480	0	0	0		0	
1021	24504	0	0	0		0	
1022	24528	0	0	0		0	
1023	24552	0	0	0		0	
1024	24576	0	0	0		0	
1025	24600	0	0	0		0	
1026	24624	0	0	0		0	
1027	24648	0	0	0		0	
1028	24672	0	0	0		0	
1029	24696	0	0	0		0	
1030	24720	0	0	0		0	
1031	24744	0	0	0		0	
1032	24768	0	0	0		0	
1033	24792	0	0	0		0	
1034	24816	0	0	0		0	
1035	24840	0	0	0		0	
1036	24864	0	0	0		0	
1037	24888	0	0	0		0	
1038	24912	0	0	0		0	
1039	24936	0	0	0		0	
1040	24960	0	0	0		0	
1041	24984	0	0	0		0	
1042	25008	0	0	0		0	
1043	25032	0	0	0		0	
1044	25056	0	0	0		0	
1045	25080	0	0	0		0	
1046	25104	0	0	0		0	
1047	25128	0	0	0		0	
1048	25152	0	0	0		0	
1049	25176	0	0	0		0	
1050	25200	0	0	0		0	
1051	25224	0	0	0		0	
1052	25248	0	0	0		0	
1053	25272	0	0	0		0	
1054	25296	0	0	0		0	
1055	25320	0	0	0		0	
1056	25344	0	0	0		0	
1057	25368	0	0	0		0	
1058	25392	0	0	0		0	
1059	25416	0	0	0		0	
1060	25440	0	0	0		0	
1061	25464	0	0	0		0	
1062	25488	0	0	0		0	
1063	25512	0	0	0		0	
1064	25536	0	0	0		0	
1065	25560	0	0	0		0	
1066	25584	0	0	0		0	
1067	25608	0	0	0		0	
1068	25632	0	0	0		0	
1069	25656	0	0	0		0	
1070	25680	0	0	0		0	
1071	25704	0	0	0		0	
1072	25728	0	0	0		0	
1073	25752	0	0	0		0	
1074	25776	0	0	0		0	
1075	25800	0	0	0		0	
1076	25824	0	0	0		0	
1077	25848	0	0	0		0	
1078	25872	0	0	0		0	
1079	25896	0	0	0		0	
1080	25920	0	0	0		0	
1081	25944	0	0	0		0	
1082	25968	0	0	0		0	
1083	25992	0	0	0		0	
1084	26016	0	0	0		0	
1085	26040	0	0	0.106266212054261		-86810.5533033807	
1086	26064	0	0	0		35559.9572854168	
1087	26088	0	0	0		-43491.6756738907	
1088	26112	0	0	0		119443.120749216	
1089	26136	0	0	0		-85548.2948448209	
1090	26160	0	0	0		58644.5529427814	
1091	26184	0	0	0		0	
1092	26208	0	0	0		0	
1093	26232	0	0	0.231250937412569		-188912.556876122	
1094	26256	0	0	0.521615025369186		-348731.876206615	
1095	26280	0	0	0.270932483532439		-141424.835424708	
1096	26304	0	0	0.102524741878273		53352.2367369735	
1097	26328	0.89190064577888	0	0.149185717768161	365400	201680.060884085	163719.939115915
1098	26352	0.954121818222186	0	0.0707528716524024	196200	-37610.0524121339	233810.052412134
1099	26376	0.986209698262592	0.141666666666667	0.10631734313883	482400	61165.080590912	421234.919409088
1100	26400	0.987288099513981	0.05	0.0733431056435041	657000	364272.665136077	292727.334863924
1101	26424	0.133011661175739	0.00833333333333333	0.264380562612678	1548000	-240262.621414801	1788262.6214148
1102	26448	0.533906739348628	0	0.172483271565445	1008000	128102.879974893	879897.120025107
1103	26472	0.977099009988225	0	0.0875422669724313	138600	-134875.271811729	273475.271811729
1104	26496	0.985951578620377	0	0.147444418161367	455400	32286.5647474342	423113.435252566
1105	26520	0.939187725269417	0	0.159100288303065	372600	-128135.446599289	500735.446599289
1106	26544	0.971091747647866	0	0.15075891715996	232200	-29625.3339072713	261825.333907271
1107	26568	0.887162572020061	0	0.111148384855725	642600	84974.5528744312	557625.447125569
1108	26592	0.949536151400073	0	0.0589044522587905	523800	35814.199270653	487985.800729347
1109	26616	0.995949973344352	0	0.274649353545262	198000	-127403.458012148	325403.458012148
1110	26640	0.931086419553513	0	0.309909817409359	113400	-94006.0781774034	207406.078177403
1111	26664	0.962138670608356	0	0.151978086173968	174600	-72925.4975437207	247525.497543721
1112	26688	0.809580625790486	0	0.208974843545768	705600	75928.7719486701	629671.22805133
1113	26712	0.786670349353158	0	0.288782871168353	0	-68439.5225731055	68439.5225731055
1114	26736	0.991559027094006	0	0.358787502471768	97200	-209087.45796639	306287.45796639
1115	26760	0.71086214739709	0	0.349913329166093	0	-411.122059486341	411.122059486341
1116	26784	0.817414350496453	0	0.372480972867862	0	-93804.7293707881	93804.7293707881
1117	26808	0.757582717875248	0	0.358651408209426	646200	-25432.2011716972	671632.201171697
1118	26832	0.743293328507241	0	0.361657347161312	619200	-64039.5835673436	683239.583567344
1119	26856	0.874822649665562	0	0.246455377888895	250200	107879.776645508	142320.223354492
1120	26880	0.999750839938221	0	0.236195993896777	401400	37870.8885069696	363529.11149303
1121	26904	0.952056346277344	0	0.200273813336308	617400	137898.276073756	479501.723926244
1122	26928	0.589559308572043	0	0.173706019779162	833400	12241.2812196665	821158.718780334
1123	26952	0.974130177683182	0.0833333333333333	0.118700688335443	592200	146098.512148304	446101.487851696
1124	26976	0.696765657955534	0.00833333333333333	0.0723173431270991	912600	188049.760620331	724550.23937967
1125	27000	0.734300654812182	0	0.0699718725340954	738000	43074.6565764664	694925.343423534
1126	27024	0.775950171535183	0	0.0778753316202314	738000	79389.5782343166	658610.421765683
1127	27048	0.665608850952466	0.116666666666667	0.0697990773961754	738000	-16070.1784306245	754070.178430625
1128	27072	0.80979120424336	0.00833333333333333	0.0804532041496255	738000	109813.383476775	628186.616523225
1129	27096	0	0.0916666666666667	0.060660097814103		-44577.3533934939	
1130	27120	0	0.00833333333333333	0.0563221073744256		179156.675379754	
1131	27144	0	0	0.0703760916085665		-86818.243990824	
1132	27168	0	0	0.09906689359385		-60040.2391228557	
1133	27192	0	0	0.124552814491772		-86077.1661460494	
1134	27216	0	0	0.180530298677779		-136328.182300041	
1135	27240	0	0.00833333333333333	0.103052088440565		6245.02430968041	
1136	27264	0	0.0916666666666667	0.0531360785684871		27289.9442409145	
1137	27288	0	0	0.0644176779011136		193502.861581149	
1138	27312	0	0	0.0846074083897595		-80610.391950193	
1139	27336	0	0	0.0961195678632212		50627.2065255698	
1140	27360	0	0	0.105923852281833		-55055.1604049713	
1141	27384	0	0	0.160616261334685		-115419.891472376	
1142	27408	0	0	0.158478436412704		-43591.9521875232	
1143	27432	0	0	0.186265858905468		-76497.0543818912	
1144	27456	0	0.025	0.180595710155206		-1684.46369792974	
1145	27480	0	0.0166666666666667	0.0817002339947486		57040.0637821254	
1146	27504	0	0	0.0355769513889914		101134.456586892	
1147	27528	0	0	0.0471949642480727		85351.3297928959	
1148	27552	0	0.25	0.0541481439140288		3964.6765157624	
1149	27576	0	0.125	0.0359038259086546		343124.332260878	
1150	27600	0	0	0.0246112631328224		39385.4700452079	
1151	27624	0	0	0.0409784318350877		77227.4735007887	
1152	27648	0	0.00833333333333333	0.032011148982539		-54710.1061433812	
1153	27672	0	0	0.0452527431291543		-212972.970599479	
1154	27696	0	0	0.045999134840848		-66634.295178752	
1155	27720	0	0	0.0632172698687654		-33184.0742244653	
1156	27744	0	0.00833333333333333	0.0492242704918073		5507.57332338301	
1157	27768	0	0.00833333333333333	0.0209419677089269		12397.0404163228	
1158	27792	0	0	0.0135499081537152		40491.5993928122	
1159	27816	0	0	0.0287671327584782		2247.69883602356	
1160	27840	0	0	0.0222206291312741		5399.48697002012	
1161	27864	0	0	0.0106225654710403		3371.9972382756	
1162	27888	0	0	0.019965500768981		6326.12161753087	
1163	27912	0	0	0.0522318390178835		-31040.3952462071	
1164	27936	0	0	0.0646123805965608		-33548.9191049873	
1165	27960	0	0	0.0907651361235384		-47750.7392047625	
1166	27984	0	0	0.0941558530194317		-24490.7866151597	
1167	28008	0	0	0.109356335570018		-53381.090375458	
1168	28032	0	0.166666666666667	0.0808165449998591		11351.3721950824	
1169	28056	0	0.00833333333333333	0.0840522216051749		197074.506927499	
1170	28080	0	0	0.0757886085288941		-59902.6671398471	
1171	28104	0	0	0.0333430903850172		113707.943972816	
1172	28128	0	0.00833333333333333	0.0420883630010689		-46266.386131648	
1173	28152	0	0	0.0795689521486		-92179.3610872346	
1174	28176	0	0	0.0792321589625562		-42332.1679750555	
1175	28200	0	0	0.0421867534559315		26788.7337080803	
1176	28224	0	0.0833333333333333	0.0190608950509148		35972.4948990164	
1177	28248	0	0.0166666666666667	0.0482388629096384		100678.240805205	
1178	28272	0	0.00833333333333333	0.0469502224355232		-31443.1242847809	
1179	28296	0	0	0.0319745698718794		51822.2983503326	
1180	28320	0	0.00833333333333333	0.0208562079741892		-1807.49840152083	
1181	28344	0	0	0.000173679459797071		-22783.5842999006	
1182	28368	0	0	0		-2719.47944356505	
1183	28392	0	0	0		23747.0219560097	
1184	28416	0	0	0.00881343199619345		-10490.278011531	
1185	28440	0	0	0.00990429575555395		1420.95537309698	
1186	28464	0	0	0.000109803769946737		-286.65144924785	
1187	28488	0	0	0.000127139804355636		5785.62961903307	
1188	28512	0	0	0.00242114803566018		2057.00613668853	
1189	28536	0	0	0.0062958963760007		-7371.15179388849	
1190	28560	0	0	0		6636.23417039888	
1191	28584	0	0	0		102.884945578823	
1192	28608	0	0	0.00558235561509158		637.315483837338	
1193	28632	0	0	0.0015696956570217		-3146.56813433352	
1194	28656	0	0	0		1715.05444137304	
1195	28680	0	0	0		5632.13151016374	
1196	28704	0	0	0		-2729.6696718541	
1197	28728	0	0	0		1817.04004309996	
1198	28752	0	0	0		866.259352645966	
1199	28776	0	0	0		0	
1200	28800	0	0	0		0	
1201	28824	0	0	0		0	
1202	28848	0	0	0		0	
1203	28872	0	0	0		0	
1204	28896	0	0	0		0	
1205	28920	0	0	0		0	
1206	28944	0	0	0		0	
1207	28968	0	0				
1208	28992	0	0	0			
1209	29016	0	0	0			
1210	29040	0	0	0			
1211	29064	0	0	0			
1212	29088	0	0	0			
1213	29112	0	0	0		0	
1214	29136	0	0	0		0	
1215	29160	0	0	0		0	
1216	29184	0	0	0		0	
1217	29208	0	0	0		0	
1218	29232	0	0	0		0	
1219	29256	0	0	0		0	
1220	29280	0	0	0		0	
1221	29304	0	0	0		0	
1222	29328	0	0	0		0	
1223	29352	0	0	0		0	
1224	29376	0	0	0		0	
1225	29400	0	0	0		0	
1226	29424	0	0	0		0	
1227	29448	0	0	0		0	
1228	29472	0	0	0		0	
1229	29496	0	0	0		0	
1230	29520	0	0	0		0	
1231	29544	0	0	0		0	
1232	29568	0	0	0		0	
1233	29592	0	0	0		0	
1234	29616	0	0	0		0	
1235	29640	0	0	0		0	
1236	29664	0	0	0		0	
1237	29688	0	0	0		0	
1238	29712	0	0	0		0	
1239	29736	0	0	0		0	
1240	29760	0	0	0		0	
1241	29784	0	0	0		0	
1242	29808	0	0	0		0	
1243	29832	0	0	0		0	
1244	29856	0	0	0		0	
1245	29880	0	0	0		0	
1246	29904	0	0	0		0	
1247	29928	0	0	0		0	
1248	29952	0	0	0		0	
1249	29976	0	0	0		0	
1250	30000	0	0	0		0	
1251	30024	0	0	0		0	
1252	30048	0	0	0		0	
1253	30072	0	0	0		0	
1254	30096	0	0	0		0	
1255	30120	0	0	0		0	
1256	30144	0	0	0		0	
1257	30168	0	0	0		0	
1258	30192	0	0	0		0	
1259	30216	0	0	0		0	
1260	30240	0	0	0		0	
1261	30264	0	0	0		0	
1262	30288	0	0	0		0	
1263	30312	0	0	0		0	
1264	30336	0	0	0		0	
1265	30360	0	0	0		0	
1266	30384	0	0	0		0	
1267	30408	0	0	0		0	
1268	30432	0	0	0		0	
1269	30456	0	0	0		0	
1270	30480	0	0	0		0	
1271	30504	0	0	0		0	
1272	30528	0	0	0		0	
1273	30552	0	0	0		0	
1274	30576	0	0	0		0	
1275	30600	0	0	0		0	
1276	30624	0	0	0		0	
1277	30648	0	0	0		0	
1278	30672	0	0	0		0	
1279	30696	0	0	0		0	
1280	30720	0	0	0		0	
1281	30744	0	0	0		0	
1282	30768	0	0	0		0	
1283	30792	0	0	0		0	
1284	30816	0	0	0		0	
1285	30840	0	0	0		0	
1286	30864	0	0	0		0	
1287	30888	0	0	0		0	
1288	30912	0	0	0		0	
1289	30936	0	0	0		0	
1290	30960	0	0	0		0	
1291	30984	0	0	0		0	
1292	31008	0	0	0		0	
1293	31032	0	0	0		0	
1294	31056	0	0	0		0	
1295	31080	0	0	0		0	
1296	31104	0	0	0		0	
1297	31128	0	0	0		0	
1298	31152	0	0	0		0	
1299	31176	0	0	0		0	
1300	31200	0	0	0		0	
1301	31224	0	0	0		0	
1302	31248	0	0	0		0	
1303	31272	0	0	0		0	
1304	31296	0	0	0		0	
1305	31320	0	0	0		0	
1306	31344	0	0	0		0	
1307	31368	0	0	0		0	
1308	31392	0	0	0		0	
1309	31416	0	0	0		0	
1310	31440	0	0	0		0	
1311	31464	0	0	0		0	
1312	31488	0	0	0		0	
1313	31512	0	0	0		0	
1314	31536	0	0	0		0	
1315	31560	0	0	0		0	
1316	31584	0	0	0		0	
1317	31608	0	0	0		0	
1318	31632	0	0	0		0	
1319	31656	0	0	0		0	
1320	31680	0	0	0		0	
1321	31704	0	0	0		0	
1322	31728	0	0	0		0	
1323	31752	0	0	0		0	
1324	31776	0	0	0		0	
1325	31800	0	0	0		0	
1326	31824	0	0	0		0	
1327	31848	0	0	0		0	
1328	31872	0	0	0		0	
1329	31896	0	0	0		0	
1330	31920	0	0	0		0	
1331	31944	0	0	0		0	
1332	31968	0	0	0		0	
1333	31992	0	0	0		0	
1334	32016	0	0	0		0	
1335	32040	0	0	0		0	
1336	32064	0	0	0		0	
1337	32088	0	0	0		0	
1338	32112	0	0	0		0	
1339	32136	0	0	0		0	
1340	32160	0	0	0		0	
1341	32184	0	0	0		0	
1342	32208	0	0	0		0	
1343	32232	0	0	0		0	
1344	32256	0	0	0		0	
1345	32280	0	0	0		0	
1346	32304	0	0	0		0	
1347	32328	0	0	0		0	
1348	32352	0	0	0		0	
1349	32376	0	0	0		0	
1350	32400	0	0	0		0	
1351	32424	0	0	0		0	
1352	32448	0	0	0		0	
1353	32472	0	0	0		0	
1354	32496	0	0	0		0	
1355	32520	0	0	0		0	
1356	32544	0	0	0		0	
1357	32568	0	0	0		0	
1358	32592	0	0	0		0	
1359	32616	0	0	0		0	
1360	32640	0	0	0		0	
1361	32664	0	0	0		0	
1362	32688	0	0	0		0	
1363	32712	0	0	0		0	
1364	32736	0	0	0		0	
1365	32760	0	0	0		0	
1366	32784	0	0	0		0	
1367	32808	0	0	0		0	
1368	32832	0	0	0		0	
1369	32856	0	0	0		0	
1370	32880	0	0	0		0	
1371	32904	0	0	0		0	
1372	32928	0	0	0		0	
1373	32952	0	0	0		0	
1374	32976	0	0	0		0	
1375	33000	0	0	0		0	
1376	33024	0	0	0		0	
1377	33048	0	0	0		0	
1378	33072	0	0	0		0	
1379	33096	0	0	0		0	
1380	33120	0	0	0		0	
1381	33144	0	0	0		0	
1382	33168	0	0	0		0	
1383	33192	0	0	0		0	
1384	33216	0	0	0		0	
1385	33240	0	0	0		0	
1386	33264	0	0	0		0	
1387	33288	0	0	0		0	
1388	33312	0	0	0		0	
1389	33336	0	0	0		0	
1390	33360	0	0	0		0	
1391	33384	0	0	0		0	
1392	33408	0	0	0		0	
1393	33432	0	0	0		0	
1394	33456	0	0	0		0	
1395	33480	0	0	0		0	
1396	33504	0	0	0		0	
1397	33528	0	0	0		0	
1398	33552	0	0	0		0	
1399	33576	0	0	0		0	
1400	33600	0	0	0		0	
1401	33624	0	0	0		0	
1402	33648	0	0	0		0	
1403	33672	0	0	0		0	
1404	33696	0	0	0		0	
1405	33720	0	0	0		0	
1406	33744	0	0	0		0	
1407	33768	0	0	0		0	
1408	33792	0	0	0		0	
1409	33816	0	0	0		0	
1410	33840	0	0	0		0	
1411	33864	0	0	0		0	
1412	33888	0	0	0		0	
1413	33912	0	0	0		0	
1414	33936	0	0	0		0	
1415	33960	0	0	0		0	
1416	33984	0	0	0		0	
1417	34008	0	0	0		0	
1418	34032	0	0	0		0	
1419	34056	0	0	0		0	
1420	34080	0	0	0		0	
1421	34104	0	0	0		0	
1422	34128	0	0	0		0	
1423	34152	0	0.075	0		217.57848435763	
1424	34176	0	0	0		96753.4025864864	
1425	34200	0	0	0		-45449.1938133899	
1426	34224	0	0	0		45122.5097470705	
1427	34248	0	0	0		-39071.3473758255	
1428	34272	0	0	0		-43265.680994034	
1429	34296	0	0	0		0	
1430	34320	0	0	0		0	
1431	34344	0	0	0		0	
1432	34368	0	0	0		0	
1433	34392	0	0	0		0	
1434	34416	0	0.025	0		72.5261614525434	
1435	34440	0	0	0		32251.1341954955	
1436	34464	0	0.025	0		-15077.2051096774	
1437	34488	0	0.0166666666666667	0		47340.321552154	
1438	34512	0	0.00833333333333333	0		-6648.5822122573	
1439	34536	0	0	0		1269.50013542401	
1440	34560	0	0	0		-8046.46849408061	
1441	34584	0	0	0.105091963723257		-103942.094335636	
1442	34608	0	0	0.275130232959601		-203547.088119174	
1443	34632	0	0	0.0240439652968436		24606.7909207707	
1444	34656	0	0	0		13566.3030032535	
1445	34680	0	0	0.0584014019282954		167093.609904674	
1446	34704	0	0	0.039979778553404		-149585.459396579	
1447	34728	0	0	0		121954.790860167	
1448	34752	0	0	0.0137603603708949		51308.5122075874	
1449	34776	0	0.0666666666666667	0.0051408909969568		-1479.72136720888	
1450	34800	0	0	0		82136.0471029778	
1451	34824	0	0	0		-4973.24731800182	
1452	34848	0	0	0		34809.6468204168	
1453	34872	0	0	0.0208771346315819		-48329.7045092556	
1454	34896	0	0	0.00216902661416562		-30407.0857748869	
1455	34920	0	0	0.0131707744143372		-18577.9962494646	
1456	34944	0	0	0.00365897223953171		23996.4352951484	
1457	34968	0	0	0.0332741226514821		-45717.0630061478	
1458	34992	0	0	0.224506849141248		-149187.026092429	
1459	35016	0	0.00833333333333333	0.263241179619746		-158806.201150134	
1460	35040	0	0.025	0.188654158490711		-105364.21883078	
1461	35064	0	0	0.189180865447961		55626.7333876651	
1462	35088	0	0	0.121245570977919		10420.7333830695	
1463	35112	0	0	0.158553560077047		-31653.6475875965	
1464	35136	0	0.075	0.168586963253202		54138.654750485	
1465	35160	0	0.00833333333333333	0.247207380590457		-39975.1707607762	
1466	35184	0	0	0.22208453432298		-17388.6992784806	
1467	35208	0	0	0.0850536059972393		72493.6415200872	
1468	35232	0	0	0.0898074722848112		59788.0312519937	
1469	35256	0	0	0.155919890315853		-36089.253194391	
1470	35280	0	0.0333333333333333	0.153453609272182		-61410.5031259467	
1471	35304	0	0	0.237813518403025		-8702.54771648654	
1472	35328	0	0	0.296823259241387		-96010.1405700612	
1473	35352	0	0	0.173133926426349		-22863.4416606762	
1474	35376	0	0	0.102192907475584		65419.6682415052	
1475	35400	0	0	0.121307264890645		71877.0367950507	
1476	35424	0	0	0.114705703489296		-8047.00712075774	
1477	35448	0	0.00833333333333333	0.128454507553765		23115.8215036141	
1478	35472	0	0.216666666666667	0.1114681365681		65984.5728582757	
1479	35496	0	0.0666666666666667	0.100277250561783		265132.061657154	
1480	35520	0	0.283333333333333	0.110352185000984		-22686.8096380196	
1481	35544	0	0.1	0.202855403402232		366768.600314134	
1482	35568	0	0	0.215623985786991		-179827.532580343	
1483	35592	0	0	0.272338478025349		-178377.838146618	
1484	35616	0	0	0.242872513267995		-126909.000783086	
1485	35640	0	0	0.275566701410479		-330891.266411933	
1486	35664	0	0	0.301048822725244		-66335.1913544604	
1487	35688	0	0	0.167654301984204		23740.3184738393	
1488	35712	0	0	0.193312516988926		39480.8577921035	
1489	35736	0	0	0.302064526350189		-119.237532906904	
1490	35760	0	0	0.197228693323005		-40993.180726233	
1491	35784	0	0	0.0618520314050617		140297.902913479	
1492	35808	0	0	0.0893060765690805		143440.931029203	
1493	35832	0	0	0.112400042022772		-2057.15862198906	
1494	35856	0	0	0.137856756237365		-34111.4177782265	
1495	35880	0	0	0.188943849789908		5208.08308674884	
1496	35904	0	0	0.212545390259295		-78249.2847112638	
1497	35928	0	0	0.223008603106599		-74634.7830537728	
1498	35952	0	0	0.197400235194224		-10200.0395549341	
1499	35976	0	0	0.139502357791118		23695.7501293954	
1500	36000	0	0.0166666666666667	0.117866203142379		53479.0307083462	
1501	36024	0	0.0166666666666667	0.15171293080374		39603.4454704119	
1502	36048	0	0	0.16685906695262		-1423.81837358343	
1503	36072	0	0	0.152799700540031		-2037.548355714	
1504	36096	0	0	0.140286921432171		22207.8887923336	
1505	36120	0	0	0.0944115948968296		19445.4065946527	
1506	36144	0	0	0.150642416162922		-37355.2201954009	
1507	36168	0	0	0.15614889953498		10965.6331790856	
1508	36192	0	0	0.10222320546446		-15402.0470311116	
1509	36216	0	0	0.126560792989711		37646.737556588	
1510	36240	0	0	0.117538267096094		10836.1037288864	
1511	36264	0	0	0.0871570280079439		-11338.4233813364	
1512	36288	0	0	0.13191430175277		19431.2754866697	
1513	36312	0	0.025	0.117809754355395		-1056.30526285715	
1514	36336	0	0	0.106006756573421		4272.72869781828	
1515	36360	0	0.0333333333333333	0.0453723324128852		78110.6815433902	
1516	36384	0	0	0.0171174522917568		90177.2789723982	
1517	36408	0	0.0583333333333333	0.0771939305135803		-11847.655616901	
1518	36432	0	0.0416666666666667	0.0716480349994662		71975.5196282021	
1519	36456	0	0	0.10131933730904		-48134.5520847509	
1520	36480	0	0	0.0988525945910173		12468.5018479504	
1521	36504	0	0	0.07505344514062		-47186.2234595689	
1522	36528	0	0	0.114139966042861		-65138.3639463866	
1523	36552	0	0	0.090241999928292		-21194.6914298179	
1524	36576	0	0	0.0408960972233388		10769.4108172382	
1525	36600	0	0	0.0195366568111179		83217.4708058152	
1526	36624	0	0	0.055932673563964		-4928.01128602786	
1527	36648	0	0	0.0475116912744369		8216.73097473656	
1528	36672	0	0	0.0357525662321781		2638.06876831169	
1529	36696	0	0	0.0211556814379694		44945.979544186	
1530	36720	0	0.2	0.0486203241354435		-27534.868266575	
1531	36744	0	0.00833333333333333	0.0344064582698866		270341.935378262	
1532	36768	0	0	0.00176991713348507		-99061.9457140986	
1533	36792	0	0.0833333333333333	0.0442344075408432		123242.103932125	
1534	36816	0	0.05	0.0405293589004856		647.641186737361	
1535	36840	0	0.00833333333333333	0.0365749001577598		-138986.44446751	
1536	36864	0	0	0.02843407682135		65485.378683788	
1537	36888	0	0	0.0618622735610916		-63449.8873691929	
1538	36912	0	0	0.0327335899650478		-53889.8386437861	
1539	36936	0	0	0.00893988014861513		-29970.5189364372	
1540	36960	0	0	0.00446177262039882		47969.4870504256	
1541	36984	0	0	0.00026434588420976		301.092008696245	
1542	37008	0	0	0.029820256307552		-8262.01495933088	
1543	37032	0	0	0.0170252266351838		11845.0081089911	
1544	37056	0	0.00833333333333333	0.0362373138497851		-34447.2266347067	
1545	37080	0	0	0.0169454489037886		37832.9910851048	
1546	37104	0	0.00833333333333333	0.00383680274897635		-22044.6955190672	
1547	37128	0	0	0		53594.1231103307	
1548	37152	0	0	0		-11691.5758716646	
1549	37176	0	0	0		10875.2417437766	
1550	37200	0	0	0		1921.56091543592	
1551	37224	0	0	0.0134813055438006		-13702.9947733584	
1552	37248	0	0.266666666666667	0.00735018082731109		-719.605560153238	
1553	37272	0	0	0		340954.18865358	
1554	37296	0	0.0666666666666667	0.00206417161392736		-150945.226071108	
1555	37320	0	0.00833333333333333	0.00163364379843145		243227.614739086	
1556	37344	0	0.316666666666667	0.00813206120796295		-173069.251909194	
1557	37368	0	0	0		298168.888085393	
1558	37392	0	0	0		-224766.80870694	
1559	37416	0	0	0		156682.046906938	
1560	37440	0	0	0		-175420.273892627	
1561	37464	0	0	0		-178189.523633528	
1562	37488	0	0	0		0	
1563	37512	0	0.00833333333333333	0.000136029334990795		-86.9491331248171	
1564	37536	0	0	0.000680122336023104		10240.2949642954	
1565	37560	0	0	0		-4877.99333788259	
1566	37584	0	0	0		4888.15470848525	
1567	37608	0	0	0		-3686.31269159339	
1568	37632	0	0	0		-5279.75216719643	
1569	37656	0	0	0		375.335391856341	
1570	37680	0	0	0		0	
1571	37704	0	0	0		0	
1572	37728	0	0				
1573	37752	0	0	0			
1574	37776	0	0	0			
1575	37800	0	0	0			
1576	37824	0	0	0			
1577	37848	0	0	0			
1578	37872	0	0	0		0	
1579	37896	0	0	0		0	
1580	37920	0	0	0		0	
1581	37944	0	0	0		0	
1582	37968	0	0	0		0	
1583	37992	0	0	0		0	
1584	38016	0	0	0		0	
1585	38040	0	0	0		0	
1586	38064	0	0	0		0	
1587	38088	0	0	0		0	
1588	38112	0	0	0		0	
1589	38136	0	0	0		0	
1590	38160	0	0	0		0	
1591	38184	0	0	0		0	
1592	38208	0	0	0		0	
1593	38232	0	0	0		0	
1594	38256	0	0	0		0	
1595	38280	0	0	0		0	
1596	38304	0	0	0		0	
1597	38328	0	0	0		0	
1598	38352	0	0	0		0	
1599	38376	0	0	0		0	
1600	38400	0	0	0		0	
1601	38424	0	0	0		0	
1602	38448	0	0	0		0	
1603	38472	0	0	0		0	
1604	38496	0	0	0		0	
1605	38520	0	0	0		0	
1606	38544	0	0	0		0	
1607	38568	0	0	0		0	
1608	38592	0	0	0		0	
1609	38616	0	0	0		0	
1610	38640	0	0	0		0	
1611	38664	0	0	0		0	
1612	38688	0	0	0		0	
1613	38712	0	0	0		0	
1614	38736	0	0	0		0	
1615	38760	0	0	0		0	
1616	38784	0	0	0		0	
1617	38808	0	0	0		0	
1618	38832	0	0	0		0	
1619	38856	0	0	0		0	
1620	38880	0	0	0		0	
1621	38904	0	0	0		0	
1622	38928	0	0	0		0	
1623	38952	0	0	0		0	
1624	38976	0	0	0		0	
1625	39000	0	0	0		0	
1626	39024	0	0	0		0	
1627	39048	0	0	0		0	
1628	39072	0	0	0		0	
1629	39096	0	0	0		0	
1630	39120	0	0	0		0	
1631	39144	0	0	0		0	
1632	39168	0	0	0		0	
1633	39192	0	0	0		0	
1634	39216	0	0	0		0	
1635	39240	0	0	0		0	
1636	39264	0	0	0		0	
1637	39288	0	0	0		0	
1638	39312	0	0	0		0	
1639	39336	0	0	0		0	
1640	39360	0	0	0		0	
1641	39384	0	0	0		0	
1642	39408	0	0	0		0	
1643	39432	0	0	0		0	
1644	39456	0	0	0		0	
1645	39480	0	0	0		0	
1646	39504	0	0	0		0	
1647	39528	0	0	0		0	
1648	39552	0	0	0		0	
1649	39576	0	0	0		0	
1650	39600	0	0	0		0	
1651	39624	0	0	0		0	
1652	39648	0	0	0		0	
1653	39672	0	0	0		0	
1654	39696	0	0	0		0	
1655	39720	0	0	0		0	
1656	39744	0	0	0		0	
1657	39768	0	0	0		0	
1658	39792	0	0	0		0	
1659	39816	0	0	0		0	
1660	39840	0	0	0		0	
1661	39864	0	0	0		0	
1662	39888	0	0	0		0	
1663	39912	0	0	0		0	
1664	39936	0	0	0		0	
1665	39960	0	0	0		0	
1666	39984	0	0	0		0	
1667	40008	0	0	0		0	
1668	40032	0	0	0		0	
1669	40056	0	0	0		0	
1670	40080	0	0	0		0	
1671	40104	0	0	0		0	
1672	40128	0	0	0		0	
1673	40152	0	0	0		0	
1674	40176	0	0	0		0	
1675	40200	0	0	0		0	
1676	40224	0	0	0		0	
1677	40248	0	0	0		0	
1678	40272	0	0	0		0	
1679	40296	0	0	0		0	
1680	40320	0	0	0		0	
1681	40344	0	0	0		0	
1682	40368	0	0	0		0	
1683	40392	0	0	0		0	
1684	40416	0	0	0		0	
1685	40440	0	0	0		0	
1686	40464	0	0	0		0	
1687	40488	0	0	0		0	
1688	40512	0	0	0		0	
1689	40536	0	0	0		0	
1690	40560	0	0	0		0	
1691	40584	0	0	0		0	
1692	40608	0	0	0		0	
1693	40632	0	0	0		0	
1694	40656	0	0	0		0	
1695	40680	0	0	0		0	
1696	40704	0	0	0		0	
1697	40728	0	0	0		0	
1698	40752	0	0	0		0	
1699	40776	0	0	0		0	
1700	40800	0	0	0		0	
1701	40824	0	0	0		0	
1702	40848	0	0	0		0	
1703	40872	0	0	0		0	
1704	40896	0	0	0		0	
1705	40920	0	0	0		0	
1706	40944	0	0	0		0	
1707	40968	0	0	0		0	
1708	40992	0	0	0		0	
1709	41016	0	0	0		0	
1710	41040	0	0	0		0	
1711	41064	0	0	0		0	
1712	41088	0	0	0		0	
1713	41112	0	0	0		0	
1714	41136	0	0	0		0	
1715	41160	0	0	0		0	
1716	41184	0	0	0		0	
1717	41208	0	0	0		0	
1718	41232	0	0	0		0	
1719	41256	0	0	0		0	
1720	41280	0	0	0		0	
1721	41304	0	0	0		0	
1722	41328	0	0	0		0	
1723	41352	0	0	0		0	
1724	41376	0	0	0		0	
1725	41400	0	0	0		0	
1726	41424	0	0	0		0	
1727	41448	0	0	0		0	
1728	41472	0	0	0		0	
1729	41496	0	0	0		0	
1730	41520	0	0	0		0	
1731	41544	0	0	0		0	
1732	41568	0	0	0		0	
1733	41592	0	0	0		0	
1734	41616	0	0	0		0	
1735	41640	0	0	0		0	
1736	41664	0	0	0		0	
1737	41688	0	0	0		0	
1738	41712	0	0	0		0	
1739	41736	0	0	0		0	
1740	41760	0	0	0		0	
1741	41784	0	0	0		0	
1742	41808	0	0	0		0	
1743	41832	0	0	0		0	
1744	41856	0	0	0		0	
1745	41880	0	0	0		0	
1746	41904	0	0	0		0	
1747	41928	0	0	0		0	
1748	41952	0	0	0		0	
1749	41976	0	0	0		0	
1750	42000	0	0	0		0	
1751	42024	0	0	0		0	
1752	42048	0	0	0		0	
1753	42072	0	0	0		0	
1754	42096	0	0	0		0	
1755	42120	0	0	0		0	
1756	42144	0	0	0		0	
1757	42168	0	0	0		0	
1758	42192	0	0	0		0	
1759	42216	0	0	0		0	
1760	42240	0	0	0		0	
1761	42264	0	0	0		0	
1762	42288	0	0	0		0	
1763	42312	0	0	0		0	
1764	42336	0	0	0		0	
1765	42360	0	0	0		0	
1766	42384	0	0	0		0	
1767	42408	0	0	0		0	
1768	42432	0	0	0		0	
1769	42456	0	0	0		0	
1770	42480	0	0	0		0	
1771	42504	0	0	0		0	
1772	42528	0	0	0		0	
1773	42552	0	0.0416666666666667	0		120.876935754239	
1774	42576	0	0	0		53751.8903258258	
1775	42600	0	0	0		-25249.5521185499	
1776	42624	0	0	0		25068.0609705947	
1777	42648	0	0	0		-21706.3040976809	
1778	42672	0	0	0		-24036.48944113	
1779	42696	0	0	0		0	
1780	42720	0	0	0		0	
1781	42744	0	0	0		0	
1782	42768	0	0	0		0	
1783	42792	0	0	0		0	
1784	42816	0	0	0		0	
1785	42840	0	0	0		0	
1786	42864	0	0	0		0	
1787	42888	0	0	0		0	
1788	42912	0	0	0		0	
1789	42936	0	0	0		0	
1790	42960	0	0.0166666666666667	0		48.3507743016956	
1791	42984	0	0	0		21500.7561303303	
1792	43008	0	0	0		-10099.82084742	
1793	43032	0	0	0		10027.2243882379	
1794	43056	0	0	0		-8682.52163907234	
1795	43080	0	0	0		-9614.59577645201	
1796	43104	0	0	0		0	
1797	43128	0	0	0		0	
1798	43152	0	0	0		0	
1799	43176	0	0	0		0	
1800	43200	0	0	0		0	
1801	43224	0	0	0		0	
1802	43248	0	0	0		0	
1803	43272	0	0	0		0	
1804	43296	0	0	0		0	
1805	43320	0	0	0		0	
1806	43344	0	0	0		0	
1807	43368	0	0	0		0	
1808	43392	0	0	0		0	
1809	43416	0	0	0		0	
1810	43440	0	0	0		0	
1811	43464	0	0	0		0	
1812	43488	0	0	0		0	
1813	43512	0	0	0		0	
1814	43536	0	0	0		0	
1815	43560	0	0	0.0157539514138769		-12869.6526630206	
1816	43584	0	0	0		5271.75880766262	
1817	43608	0	0	0		-6447.63497474353	
1818	43632	0	0	0.568630589421602		-446815.916875508	
1819	43656	0	0.025	0.473068276833898		-208785.610801278	
1820	43680	0	0.116666666666667	0.198227044661384		-195071.912355733	
1821	43704	0	0	0.181085688826328		499283.810680537	
1822	43728	0	0	0.0754086410862662		-63832.8393243342	
1823	43752	0	0	0.111591319383697		72903.3324120251	
1824	43776	0	0	0.08301354209005		168494.232105946	
1825	43800	0	0	0.0914501389971349		-111528.501615502	
1826	43824	0	0	0.151413792828754		37591.1949497798	
1827	43848	0	0	0.340458164344063	864000	-219798.536793309	1083798.53679331
1828	43872	0	0	0.314999426953673	52200	-107825.338400828	160025.338400828
1829	43896	0	0	0.280712010063505	664200	-120868.806853233	785068.806853233
1830	43920	0	0	0.184894828878253	140400	125220.217010665	15179.7829893352
1831	43944	0	0	0.100653394067253	1132200	28296.2287121207	1103903.77128788
1832	43968	0	0	0.177864050899454	273600	62530.1228580687	211069.877141931
1833	43992	0	0	0.0849378106873275	196200	104612.151543255	91587.8484567446
1834	44016	0	0	0.113888110938383	48600	-18206.747775836	66806.747775836
1835	44040	0	0	0.146259221798373	253800	104792.578156692	149007.421843308
1836	44064	0	0	0.139147909742525	0	-103510.567665	103510.567665
1837	44088	0	0	0.118931897244188	0	47335.0413998236	-47335.0413998236
1838	44112	0	0	0.175626467932614	111600	-41037.7787560244	152637.778756024
1839	44136	0	0.00833333333333333	0.193106218689063	0	-46123.9322154233	46123.9322154233
1840	44160	0	0	0.172289991960688	0	-34880.2386854307	34880.2386854307
1841	44184	0	0	0.179592975210346	336600	5308.65525965969	331291.34474034
1842	44208	0	0	0.219211600910618	0	-43180.1618377951	43180.1618377951
1843	44232	0	0	0.209217935773688	0	-40283.8871754407	40283.8871754407
1844	44256	0	0	0.227477331472702	624600	-40612.4109969523	665212.410996952
1845	44280	0	0	0.378857536664018	1666800	-122105.343462335	1788905.34346234
1846	44304	0	0	0.420679222442395	0	-152183.784601812	152183.784601812
1847	44328	0	0	0.345303666425967	1350000	-88136.0598036824	1438136.05980368
1848	44352	0	0	0.3094622346018	0	48740.5394171675	-48740.5394171675
1849	44376	0	0	0.327656930310193	0	-12050.1266911083	12050.1266911083
1850	44400	0	0	0.280678269514211	0	12236.1344939152	-12236.1344939152
1851	44424	0	0.0416666666666667	0.252615417212247	0	55589.253904505	-55589.253904505
1852	44448	0	0	0.223383593288416	0	150643.937170614	-150643.937170614
1853	44472	0	0	0.272732592927165	0	-54199.0445337339	54199.0445337339
1854	44496	0	0	0.161557338806075	0	131734.808514051	-131734.808514051
1855	44520	0	0.358333333333333	0.105163712520728	0	38478.2973564594	-38478.2973564594
1856	44544	0	0.0333333333333333	0.162487868069196	754200	540786.324553707	213413.675446293
1857	44568	0	0	0.174910276890131	0	-220390.821208075	220390.821208075
1858	44592	0	0	0.183191054174094	0	176418.44674096	-176418.44674096
1859	44616	0	0.00833333333333333	0.17112983519886	0	-129545.347731859	129545.347731859
1860	44640	0	0	0.186458484117718	0	-259532.551703341	259532.551703341
1861	44664	0	0	0.188106966833868	0	-30821.8569204841	30821.8569204841
1862	44688	0	0	0.181860815573666	0	-15516.1493059869	15516.1493059869
1863	44712	0	0	0.146728236132668	0	32573.4960953992	-32573.4960953992
1864	44736	0	0.0666666666666667	0.104240333293063	1398600	40666.4210883221	1357933.57891168
1865	44760	0	0	0.112386937942752	739800	124900.808971954	614899.191028046
1866	44784	0	0.00833333333333333	0.0975512719726214	684000	-2793.52207731661	686793.522077317
1867	44808	0	0	0.0991344394428957	0	55928.561484959	-55928.561484959
1868	44832	0	0.0333333333333333	0.0641281192670906	0	24557.5027130214	-24557.5027130214
1869	44856	0	0.00833333333333333	0.0552926521333905	0	21996.2436868411	-21996.2436868411
1870	44880	0	0.241666666666667	0.0404344205684701	529200	41052.8335867692	488147.166413231
1871	44904	0	0	0.043672529963704		323290.432666911	
1872	44928	0	0	0.0308326878851073		-120688.879379887	
1873	44952	0	0	0.0176676642725511		136160.598477218	
1874	44976	0	0	0.0391032684378185		-122304.012431872	
1875	45000	0	0	0.0343384421657014		-139796.751038456	
1876	45024	0	0	0.0866802017533067		-56185.2748173622	
1877	45048	0	0	0.0821036557824648		-5375.26308029652	
1878	45072	0	0	0.0881985247055948		-63185.1112485051	
1879	45096	0	0	0.10814440811561		-1069.13923936502	
1880	45120	0	0	0.117297879086857		-54277.3546470809	
1881	45144	0	0	0.105613835967267		-10412.2326816961	
1882	45168	0	0	0.0887961133168283		10657.2617955546	
1883	45192	0	0	0.0728423500526602		20439.2028076866	
1884	45216	0	0	0.0750452921749254		10689.6521586605	
1885	45240	0	0	0.0676031422566439		19590.3126867469	
1886	45264	0	0	0.0610102981019107		10743.0133261458	
1887	45288	0	0	0.0259629528045195		46251.8112529524	
1888	45312	0	0	0.0121498445882597		29563.5570230508	
1889	45336	0	0	0.00257151938460609		46906.3965082564	
1890	45360	0	0	0.00377554398219715		10178.1566082197	
1891	45384	0	0	0.00388182106370572		23464.5244511248	
1892	45408	0	0	0.00441788076940242		3582.05631851321	
1893	45432	0	0	0.0107527856222447		-15.872018141833	
1894	45456	0	0	0.00337094101410606		1779.16741868744	
1895	45480	0	0	0.0184261831585974		-14401.1524437488	
1896	45504	0	0	0.0346332427822844		-12834.3032446602	
1897	45528	0	0	0.0528553463236108		-41559.7097084799	
1898	45552	0	0	0.0461984484764404		-10296.2351626984	
1899	45576	0	0	0.0526476740098296		-23227.1858575162	
1900	45600	0	0	0.017121323218662		26420.2273422473	
1901	45624	0	0	0.0366357818256731		-17256.8622511982	
1902	45648	0	0	0.0186160630391576		41197.8853012965	
1903	45672	0	0	0.0122792729473904		-16439.3054445532	
1904	45696	0	0	0.0272998664088764		30637.9750041531	
1905	45720	0	0	0.0260905905064064		-16324.0816771934	
1906	45744	0	0	0.0418705404766442		-17613.7845042377	
1907	45768	0	0	0.0417449953070612		304.198873371759	
1908	45792	0	0	0.0215440280083126		-6642.01434186881	
1909	45816	0	0	0.0115215042555974		21836.5524494607	
1910	45840	0	0	0.000252925687977523		22443.9343862228	
1911	45864	0	0	0.000485189484551895		8688.90322298628	
1912	45888	0	0	0		18702.833837108	
1913	45912	0	0	0		2699.85513044558	
1914	45936	0	0	0.000103229278698436		6615.71770337141	
1915	45960	0	0	0.00585680967473578		-5000.99202392565	
1916	45984	0	0	0.00221813462936815		373.350218507889	
1917	46008	0	0	0.00073241044174921		-2137.05389781571	
1918	46032	0	0	0.000190832017537446		5681.3203730055	
1919	46056	0	0	0.000134096363542113		-2510.24363237906	
1920	46080	0	0	0.000314604832063026		1979.47750027091	
1921	46104	0	0	6.18885067620313e-05		848.823935477134	
1922	46128	0	0	0		293.239761731171	
1923	46152	0	0	0		325.647169698858	
1924	46176	0	0	0		-109.703065821473	
1925	46200	0	0	0		123.796673012808	
1926	46224	0	0	0		34.1540715641807	
1927	46248	0	0	0.00141303428767436		-1154.33011093898	
1928	46272	0	0	0.00166551711751062		-887.742413803636	
1929	46296	0	0	0		-20.9804354151077	
1930	46320	0	0	0		906.601382311375	
1931	46344	0	0	0		734.493935561049	
1932	46368	0	0	0		-561.000380007611	
1933	46392	0	0	0.000665111155349507		375.79997064756	
1934	46416	0	0	0		222.566738919855	
1935	46440	0	0	0		-272.210687633968	
1936	46464	0	0	0		747.584302708533	
1937	46488	0	0	0		-535.439479045001	
1938	46512	0	0				
1939	46536	0	0	0			
1940	46560	0	0	0			
1941	46584	0	0	0			
1942	46608	0	0	0			
1943	46632	0	0	0			
1944	46656	0	0	0		0	
1945	46680	0	0	0		0	
1946	46704	0	0	0		0	
1947	46728	0	0	0		0	
1948	46752	0	0	0		0	
1949	46776	0	0	0		0	
1950	46800	0	0	0		0	
1951	46824	0	0	0		0	
1952	46848	0	0	0		0	
1953	46872	0	0	0		0	
1954	46896	0	0	0		0	
1955	46920	0	0	0		0	
1956	46944	0	0	0		0	
1957	46968	0	0	0		0	
1958	46992	0	0	0		0	
1959	47016	0	0	0		0	
1960	47040	0	0	0		0	
1961	47064	0	0	0		0	
1962	47088	0	0	0		0	
1963	47112	0	0	0		0	
1964	47136	0	0	0		0	
1965	47160	0	0	0		0	
1966	47184	0	0	0		0	
1967	47208	0	0	0		0	
1968	47232	0	0	0		0	
1969	47256	0	0	0		0	
1970	47280	0	0	0		0	
1971	47304	0	0	0		0	
1972	47328	0	0	0		0	
1973	47352	0	0	0		0	
1974	47376	0	0	0		0	
1975	47400	0	0	0		0	
1976	47424	0	0	0		0	
1977	47448	0	0	0		0	
1978	47472	0	0	0		0	
1979	47496	0	0	0		0	
1980	47520	0	0	0		0	
1981	47544	0	0	0		0	
1982	47568	0	0	0		0	
1983	47592	0	0	0		0	
1984	47616	0	0	0		0	
1985	47640	0	0	0		0	
1986	47664	0	0	0		0	
1987	47688	0	0	0		0	
1988	47712	0	0	0		0	
1989	47736	0	0	0		0	
1990	47760	0	0	0		0	
1991	47784	0	0	0		0	
1992	47808	0	0	0		0	
1993	47832	0	0	0		0	
1994	47856	0	0	0		0	
1995	47880	0	0	0		0	
1996	47904	0	0	0		0	
1997	47928	0	0	0		0	
1998	47952	0	0	0		0	
1999	47976	0	0	0		0	
2000	48000	0	0	0		0	
2001	48024	0	0	0		0	
2002	48048	0	0	0		0	
2003	48072	0	0	0		0	
2004	48096	0	0	0		0	
2005	48120	0	0	0		0	
2006	48144	0	0	0		0	
2007	48168	0	0	0		0	
2008	48192	0	0	0		0	
2009	48216	0	0	0		0	
2010	48240	0	0	0		0	
2011	48264	0	0	0		0	
2012	48288	0	0	0		0	
2013	48312	0	0	0		0	
2014	48336	0	0	0		0	
2015	48360	0	0	0		0	
2016	48384	0	0	0		0	
2017	48408	0	0	0		0	
2018	48432	0	0	0		0	
2019	48456	0	0	0		0	
2020	48480	0	0	0		0	
2021	48504	0	0	0		0	
2022	48528	0	0	0		0	
2023	48552	0	0	0		0	
2024	48576	0	0	0		0	
2025	48600	0	0	0		0	
2026	48624	0	0	0		0	
2027	48648	0	0	0		0	
2028	48672	0	0	0		0	
2029	48696	0	0	0		0	
2030	48720	0	0	0		0	
2031	48744	0	0	0		0	
2032	48768	0	0	0		0	
2033	48792	0	0	0		0	
2034	48816	0	0	0		0	
2035	48840	0	0	0		0	
2036	48864	0	0	0		0	
2037	48888	0	0	0		0	
2038	48912	0	0	0		0	
2039	48936	0	0	0		0	
2040	48960	0	0	0		0	
2041	48984	0	0	0		0	
2042	49008	0	0	0		0	
2043	49032	0	0	0		0	
2044	49056	0	0	0		0	
2045	49080	0	0	0		0	
2046	49104	0	0	0		0	
2047	49128	0	0	0		0	
2048	49152	0	0	0		0	
2049	49176	0	0	0		0	
2050	49200	0	0	0		0	
2051	49224	0	0	0		0	
2052	49248	0	0	0		0	
2053	49272	0	0	0		0	
2054	49296	0	0	0		0	
2055	49320	0	0	0		0	
2056	49344	0	0	0		0	
2057	49368	0	0	0		0	
2058	49392	0	0	0		0	
2059	49416	0	0	0		0	
2060	49440	0	0	0		0	
2061	49464	0	0	0		0	
2062	49488	0	0	0		0	
2063	49512	0	0	0		0	
2064	49536	0	0	0		0	
2065	49560	0	0	0		0	
2066	49584	0	0	0		0	
2067	49608	0	0	0		0	
2068	49632	0	0	0		0	
2069	49656	0	0	0		0	
2070	49680	0	0	0		0	
2071	49704	0	0	0		0	
2072	49728	0	0	0		0	
2073	49752	0	0	0		0	
2074	49776	0	0	0		0	
2075	49800	0	0	0		0	
2076	49824	0	0	0		0	
2077	49848	0	0	0		0	
2078	49872	0	0	0		0	
2079	49896	0	0	0		0	
2080	49920	0	0	0		0	
2081	49944	0	0	0		0	
2082	49968	0	0	0		0	
2083	49992	0	0	0		0	
2084	50016	0	0	0		0	
2085	50040	0	0	0		0	
2086	50064	0	0	0		0	
2087	50088	0	0	0		0	
2088	50112	0	0	0		0	
2089	50136	0	0	0		0	
2090	50160	0	0	0		0	
2091	50184	0	0	0		0	
2092	50208	0	0	0		0	
2093	50232	0	0	0		0	
2094	50256	0	0	0		0	
2095	50280	0	0	0		0	
2096	50304	0	0	0		0	
2097	50328	0	0	0		0	
2098	50352	0	0	0		0	
2099	50376	0	0	0		0	
2100	50400	0	0	0		0	
2101	50424	0	0	0		0	
2102	50448	0	0	0		0	
2103	50472	0	0	0		0	
2104	50496	0	0	0		0	
2105	50520	0	0	0		0	
2106	50544	0	0	0		0	
2107	50568	0	0	0		0	
2108	50592	0	0	0		0	
2109	50616	0	0	0		0	
2110	50640	0	0	0		0	
2111	50664	0	0	0		0	
2112	50688	0	0	0		0	
2113	50712	0	0	0		0	
2114	50736	0	0	0		0	
2115	50760	0	0	0		0	
2116	50784	0	0	0		0	
2117	50808	0	0	0		0	
2118	50832	0	0	0		0	
2119	50856	0	0	0		0	
2120	50880	0	0	0		0	
2121	50904	0	0	0		0	
2122	50928	0	0	0		0	
2123	50952	0	0	0		0	
2124	50976	0	0	0		0	
2125	51000	0	0	0		0	
2126	51024	0	0	0		0	
2127	51048	0	0	0		0	
2128	51072	0	0	0		0	
2129	51096	0	0	0		0	
2130	51120	0	0	0		0	
2131	51144	0	0	0		0	
2132	51168	0	0	0		0	
2133	51192	0	0	0		0	
2134	51216	0	0	0		0	
2135	51240	0	0	0		0	
2136	51264	0	0	0		0	
2137	51288	0	0	0		0	
2138	51312	0	0	0		0	
2139	51336	0	0	0		0	
2140	51360	0	0	0		0	
2141	51384	0	0	0		0	
2142	51408	0	0	0		0	
2143	51432	0	0	0		0	
2144	51456	0	0	0		0	
2145	51480	0	0	0		0	
2146	51504	0	0	0		0	
2147	51528	0	0	0		0	
2148	51552	0	0	0		0	
2149	51576	0	0	0		0	
2150	51600	0	0	0		0	
2151	51624	0	0	0		0	
2152	51648	0	0	0		0	
2153	51672	0	0	0		0	
2154	51696	0	0	0		0	
2155	51720	0	0	0		0	
2156	51744	0	0	0		0	
2157	51768	0	0	0		0	
2158	51792	0	0	0		0	
2159	51816	0	0	0		0	
2160	51840	0	0	0		0	
2161	51864	0	0	0		0	
2162	51888	0	0	0		0	
2163	51912	0	0	0		0	
2164	51936	0	0	0		0	
2165	51960	0	0	0		0	
2166	51984	0	0	0		0	
2167	52008	0	0.0416666666666667	0		120.876935754239	
2168	52032	0	0	0		53751.8903258258	
2169	52056	0	0.00833333333333333	0		-25225.3767313991	
2170	52080	0	0	0		35818.4390357599	
2171	52104	0	0	0		-26756.2145213908	
2172	52128	0	0	0		-19022.8772470111	
2173	52152	0	0	0		-4341.26081953617	
2174	52176	0	0	0		-4807.297888226	
2175	52200	0	0	0		0	
2176	52224	0	0	0		0	
2177	52248	0	0	0		0	
2178	52272	0	0	0		0	
2179	52296	0	0	0.0763701129437667		-62387.9559864695	
2180	52320	0	0	0		25555.7989850632	
2181	52344	0	0	0.0600631084002652		-80322.5756491468	
2182	52368	0	0	0.0662363275340779		51829.399417068	
2183	52392	0	0	0		-63898.1766719401	
2184	52416	0	0	0.248179806049343		-120193.791318035	
2185	52440	0	0	0		109145.138787958	
2186	52464	0	0	0		-121748.824205167	
2187	52488	0	0	0		315507.344339673	
2188	52512	0	0.0166666666666667	0		-199745.721226671	
2189	52536	0	0	0.110022291421898		68583.4335348323	
2190	52560	0	0	0		26717.0366256653	
2191	52584	0	0	0.000110614663603736		-35092.0684037379	
2192	52608	0	0	0.116803921727679		19600.4684180577	
2193	52632	0	0	0.0146712205061899		-71130.8992104398	
2194	52656	0	0	0.238759717577785		-177099.878480391	
2195	52680	0	0	0.330083229931146		-64559.9035504608	
2196	52704	0	0.0333333333333333	0.221706381836435		-245760.197290565	
2197	52728	0	0	0.118210195278696		206544.801731754	
2198	52752	0	0.00833333333333333	0.0734881284588986		55508.9279525736	
2199	52776	0	0	0.00709843286597267		116448.774538025	
2200	52800	0	0	0.18073069436846		-61210.5239709069	
2201	52824	0	0	0.104439865963567		67827.552896368	
2202	52848	0	0	0.0749714322452581		-90551.6936650038	
2203	52872	0	0	0.0116653248733551		205988.778997051	
2204	52896	0	0	0.0284453828298483		-74204.8560662401	
2205	52920	0	0	0.161623982318774		-27360.1085606199	
2206	52944	0	0	0.0108693506996267		43956.8134605146	
2207	52968	0	0	0.161769749802048		-130707.424506905	
2208	52992	0	0.0333333333333333	0.154014062354972		89168.0965480688	
2209	53016	0	0	0.182711933052357		-223126.804880094	
2210	53040	0	0.2	0.226576324514391		55667.6994441151	
2211	53064	0	0.00833333333333333	0.141649289186988		212292.234238541	
2212	53088	0	0	0.107424496575651		-90244.258165517	
2213	53112	0	0	0.103013943727824		182444.976413661	
2214	53136	0	0	0.204956280823701		-198459.319680104	
2215	53160	0	0	0.167741325636237		-98571.4060406006	
2216	53184	0	0.00833333333333333	0.281498447958787		-155016.858879313	
2217	53208	0	0	0.270300932270645		22208.0190748231	
2218	53232	0	0.566666666666667	0.122683766239983		-47993.0770729798	
2219	53256	0	0.116666666666667	0.12386098415306		860095.243470487	
2220	53280	0	0	0.198120868558887		-198069.501707631	
2221	53304	0	0.0666666666666667	0.0766031277817305		294282.370723429	
2222	53328	0	0	0.091247882687096		-79381.2484279482	
2223	53352	0	0.0583333333333333	0.059066729072633		-286293.849135766	
2224	53376	0	0.00833333333333333	0.0529012403784046		-17750.2900707722	
2225	53400	0	0	0.0766955661666318		21775.2017997949	
2226	53424	0	0.00833333333333333	0.103962413398841		-54096.0919852184	
2227	53448	0	0	0.0810846982627025		-15197.9683087052	
2228	53472	0	0	0.139506824223154		-96207.8569749452	
2229	53496	0	0	0.258700240053161		-113327.175339478	
2230	53520	0	0	0.203024259514024		-90950.9629071037	
2231	53544	0	0	0.213314548315373		-68105.1678747727	
2232	53568	0	0	0.234697875915501		19779.6404791506	
2233	53592	0	0	0.196808982277987		-72618.1458440835	
2234	53616	0	0.05	0.103182326938116		104747.785944085	
2235	53640	0	0.266666666666667	0.0618724385714966		172826.942009471	
2236	53664	0	0.00833333333333333	0.037948623076506		411204.106285066	
2237	53688	0	0	0.0190186591933967		-61865.896625424	
2238	53712	0	0	0.0413051289522679		181519.067782489	
2239	53736	0	0	0.0431088332956993		-142141.380068791	
2240	53760	0	0	0.0514701837400047		-177728.954252575	
2241	53784	0	0.00833333333333333	0.0896681510447284		-26395.4482507397	
2242	53808	0	0.0416666666666667	0.0750495294808102		-15799.584631262	
2243	53832	0	0.00833333333333333	0.0574650319205396		36140.4212186159	
2244	53856	0	0.00833333333333333	0.0378277816664871		31292.1996322062	
2245	53880	0	0.00833333333333333	0.0294153293264055		32135.1054348784	
2246	53904	0	0.00833333333333333	0.106828457556737		-55026.1216233832	
2247	53928	0	0	0.120080004824513		-54375.615408966	
2248	53952	0	0.158333333333333	0.134987334339443		-88215.1966603717	
2249	53976	0	0.0416666666666667	0.101399930188117		230704.02447267	
2250	54000	0	0	0.0389046039573149		-39239.4385364037	
2251	54024	0	0	0.112012801975049		59226.9363002194	
2252	54048	0	0	0.139427233789215		-78184.35152291	
2253	54072	0	0	0.103781721821655		-160420.122222092	
2254	54096	0	0	0.0897035293881814		30889.9646644907	
2255	54120	0	0	0.103595044893302		-9074.07578603772	
2256	54144	0	0.175	0.0771856696191566		1628.82216958088	
2257	54168	0	0	0.00987505792347676		295344.551929991	
2258	54192	0	0	0.0362549898070892		-62451.2797066628	
2259	54216	0	0	0.021074020412593		149023.529604677	
2260	54240	0	0	0.0171494323448727		-106829.595925302	
2261	54264	0	0	0		-28442.6963826365	
2262	54288	0	0	0		-7068.52131649026	
2263	54312	0	0	0		22318.4098676415	
2264	54336	0	0	0		-2175.93329419552	
2265	54360	0	0	0.000334453942320678		9190.94265636822	
2266	54384	0	0	0		111.918620913953	
2267	54408	0	0	0		-136.882289356825	
2268	54432	0	0	0		375.925911401284	
2269	54456	0	0	0		-269.247994414748	
2270	54480	0	0	0		184.573266969673	
2271	54504	0	0	0		0	
2272	54528	0	0	0		0	
2273	54552	0	0	0		0	
2274	54576	0	0	0		0	
2275	54600	0	0	0		0	
2276	54624	0	0	0		0	
2277	54648	0	0.00833333333333333	0		24.1753871508478	
2278	54672	0	0	0		10750.3780651652	
2279	54696	0	0	0		-5049.91042370998	
2280	54720	0	0	0		5013.61219411894	
2281	54744	0	0	0		-4341.26081953617	
2282	54768	0	0	0		-4807.297888226	
2283	54792	0	0	0		0	
2284	54816	0	0	0		0	
2285	54840	0	0	0		0	
2286	54864	0	0	0		0	
2287	54888	0	0	0		0	
2288	54912	0	0	0		0	
2289	54936	0	0	0		0	
2290	54960	0	0	0		0	
2291	54984	0	0	0		0	
2292	55008	0	0	0		0	
2293	55032	0	0	0		0	
2294	55056	0	0	0		0	
2295	55080	0	0	0		0	
2296	55104	0	0	0		0	
2297	55128	0	0	0		0	
2298	55152	0	0	0		0	
2299	55176	0	0	0		0	
2300	55200	0	0	0		0	
2301	55224	0	0	0		0	
2302	55248	0	0	0		0	
2303	55272	0	0				
2304	55296	0	0	0			
2305	55320	0	0	0			
2306	55344	0	0	0			
2307	55368	0	0	0			
2308	55392	0	0	0			
2309	55416	0	0	0		0	
2310	55440	0	0	0		0	
2311	55464	0	0	0		0	
2312	55488	0	0	0		0	
2313	55512	0	0	0		0	
2314	55536	0	0	0		0	
2315	55560	0	0	0		0	
2316	55584	0	0	0		0	
2317	55608	0	0	0		0	
2318	55632	0	0	0		0	
2319	55656	0	0	0		0	
2320	55680	0	0	0		0	
2321	55704	0	0	0		0	
2322	55728	0	0	0		0	
2323	55752	0	0	0		0	
2324	55776	0	0	0		0	
2325	55800	0	0	0		0	
2326	55824	0	0	0		0	
2327	55848	0	0	0		0	
2328	55872	0	0	0		0	
2329	55896	0	0	0		0	
2330	55920	0	0	0		0	
2331	55944	0	0	0		0	
2332	55968	0	0	0		0	
2333	55992	0	0	0		0	
2334	56016	0	0	0		0	
2335	56040	0	0	0		0	
2336	56064	0	0	0		0	
2337	56088	0	0	0		0	
2338	56112	0	0	0		0	
2339	56136	0	0	0		0	
2340	56160	0	0	0		0	
2341	56184	0	0	0		0	
2342	56208	0	0	0		0	
2343	56232	0	0	0		0	
2344	56256	0	0	0		0	
2345	56280	0	0	0		0	
2346	56304	0	0	0		0	
2347	56328	0	0	0		0	
2348	56352	0	0	0		0	
2349	56376	0	0	0		0	
2350	56400	0	0	0		0	
2351	56424	0	0	0		0	
2352	56448	0	0	0		0	
2353	56472	0	0	0		0	
2354	56496	0	0	0		0	
2355	56520	0	0	0		0	
2356	56544	0	0	0		0	
2357	56568	0	0	0		0	
2358	56592	0	0	0		0	
2359	56616	0	0	0		0	
2360	56640	0	0	0		0	
2361	56664	0	0	0		0	
2362	56688	0	0	0		0	
2363	56712	0	0	0		0	
2364	56736	0	0	0		0	
2365	56760	0	0	0		0	
2366	56784	0	0	0		0	
2367	56808	0	0	0		0	
2368	56832	0	0	0		0	
2369	56856	0	0	0		0	
2370	56880	0	0	0		0	
2371	56904	0	0	0		0	
2372	56928	0	0	0		0	
2373	56952	0	0	0		0	
2374	56976	0	0	0		0	
2375	57000	0	0	0		0	
2376	57024	0	0	0		0	
2377	57048	0	0	0		0	
2378	57072	0	0	0		0	
2379	57096	0	0	0		0	
2380	57120	0	0	0		0	
2381	57144	0	0	0		0	
2382	57168	0	0	0		0	
2383	57192	0	0	0		0	
2384	57216	0	0	0		0	
2385	57240	0	0	0		0	
2386	57264	0	0	0		0	
2387	57288	0	0	0		0	
2388	57312	0	0	0		0	
2389	57336	0	0	0		0	
2390	57360	0	0	0		0	
2391	57384	0	0	0		0	
2392	57408	0	0	0		0	
2393	57432	0	0	0		0	
2394	57456	0	0	0		0	
2395	57480	0	0	0		0	
2396	57504	0	0	0		0	
2397	57528	0	0	0		0	
2398	57552	0	0	0		0	
2399	57576	0	0	0		0	
2400	57600	0	0	0		0	
2401	57624	0	0	0		0	
2402	57648	0	0	0		0	
2403	57672	0	0	0		0	
2404	57696	0	0	0		0	
2405	57720	0	0	0		0	
2406	57744	0	0	0		0	
2407	57768	0	0	0		0	
2408	57792	0	0	0		0	
2409	57816	0	0	0		0	
2410	57840	0	0	0		0	
2411	57864	0	0	0		0	
2412	57888	0	0	0		0	
2413	57912	0	0	0		0	
2414	57936	0	0	0		0	
2415	57960	0	0	0		0	
2416	57984	0	0	0		0	
2417	58008	0	0	0		0	
2418	58032	0	0	0		0	
2419	58056	0	0	0		0	
2420	58080	0	0	0		0	
2421	58104	0	0	0		0	
2422	58128	0	0	0		0	
2423	58152	0	0	0		0	
2424	58176	0	0	0		0	
2425	58200	0	0	0		0	
2426	58224	0	0	0		0	
2427	58248	0	0	0		0	
2428	58272	0	0	0		0	
2429	58296	0	0	0		0	
2430	58320	0	0	0		0	
2431	58344	0	0	0		0	
2432	58368	0	0	0		0	
2433	58392	0	0	0		0	
2434	58416	0	0	0		0	
2435	58440	0	0	0		0	
2436	58464	0	0	0		0	
2437	58488	0	0	0		0	
2438	58512	0	0	0		0	
2439	58536	0	0	0		0	
2440	58560	0	0	0		0	
2441	58584	0	0	0		0	
2442	58608	0	0	0		0	
2443	58632	0	0	0		0	
2444	58656	0	0	0		0	
2445	58680	0	0	0		0	
2446	58704	0	0	0		0	
2447	58728	0	0	0		0	
2448	58752	0	0	0		0	
2449	58776	0	0	0		0	
2450	58800	0	0	0		0	
2451	58824	0	0	0		0	
2452	58848	0	0	0		0	
2453	58872	0	0	0		0	
2454	58896	0	0	0		0	
2455	58920	0	0	0		0	
2456	58944	0	0	0		0	
2457	58968	0	0	0		0	
2458	58992	0	0	0		0	
2459	59016	0	0	0		0	
2460	59040	0	0	0		0	
2461	59064	0	0	0		0	
2462	59088	0	0	0		0	
2463	59112	0	0	0		0	
2464	59136	0	0	0		0	
2465	59160	0	0	0		0	
2466	59184	0	0	0		0	
2467	59208	0	0	0		0	
2468	59232	0	0	0		0	
2469	59256	0	0	0		0	
2470	59280	0	0	0		0	
2471	59304	0	0	0		0	
2472	59328	0	0	0		0	
2473	59352	0	0	0		0	
2474	59376	0	0	0		0	
2475	59400	0	0	0		0	
2476	59424	0	0	0		0	
2477	59448	0	0	0		0	
2478	59472	0	0	0		0	
2479	59496	0	0	0		0	
2480	59520	0	0	0		0	
2481	59544	0	0	0		0	
2482	59568	0	0	0		0	
2483	59592	0	0	0		0	
2484	59616	0	0	0		0	
2485	59640	0	0	0		0	
2486	59664	0	0	0		0	
2487	59688	0	0	0		0	
2488	59712	0	0	0		0	
2489	59736	0	0	0		0	
2490	59760	0	0	0		0	
2491	59784	0	0	0		0	
2492	59808	0	0	0		0	
2493	59832	0	0	0		0	
2494	59856	0	0	0		0	
2495	59880	0	0	0		0	
2496	59904	0	0	0		0	
2497	59928	0	0	0		0	
2498	59952	0	0	0		0	
2499	59976	0	0	0		0	
2500	60000	0	0	0		0	
2501	60024	0	0	0		0	
2502	60048	0	0	0		0	
2503	60072	0	0	0		0	
2504	60096	0	0	0		0	
2505	60120	0	0	0		0	
2506	60144	0	0	0		0	
2507	60168	0	0	0		0	
2508	60192	0	0	0		0	
2509	60216	0	0	0		0	
2510	60240	0	0	0		0	
2511	60264	0	0	0		0	
2512	60288	0	0	0		0	
2513	60312	0	0	0		0	
2514	60336	0	0	0		0	
2515	60360	0	0	0		0	
2516	60384	0	0	0		0	
2517	60408	0	0	0		0	
2518	60432	0	0	0		0	
2519	60456	0	0	0		0	
2520	60480	0	0	0		0	
2521	60504	0	0	0		0	
2522	60528	0	0	0		0	
2523	60552	0	0	0		0	
2524	60576	0	0	0		0	
2525	60600	0	0	0		0	
2526	60624	0	0	0		0	
2527	60648	0	0	0		0	
2528	60672	0	0.00833333333333333	0		24.1753871508478	
2529	60696	0	0	0		10750.3780651652	
2530	60720	0	0	0		-5049.91042370998	
2531	60744	0	0	0		5013.61219411894	
2532	60768	0	0	0		-4341.26081953617	
2533	60792	0	0	0		-4807.297888226	
2534	60816	0	0	0		0	
2535	60840	0	0	0		0	
2536	60864	0	0	0		0	
2537	60888	0	0	0		0	
2538	60912	0	0	0		0	
2539	60936	0	0	0		0	
2540	60960	0	0	0		0	
2541	60984	0	0	0		0	
2542	61008	0	0	0		0	
2543	61032	0	0	0		0	
2544	61056	0	0	0		0	
2545	61080	0	0	0		0	
2546	61104	0	0	0		0	
2547	61128	0	0	0		0	
2548	61152	0	0	0		0	
2549	61176	0	0	0		0	
2550	61200	0	0	0		0	
2551	61224	0	0	0		0	
2552	61248	0	0	0.139580365146167		-114025.413105339	
2553	61272	0	0	0		46707.9020370668	
2554	61296	0	0	0		-57126.1914208499	
2555	61320	0	0	0		156888.196973281	
2556	61344	0	0	0		-112367.440235612	
2557	61368	0	0	0		77029.4523098978	
2558	61392	0	0	0.461758505512222		-377217.843575623	
2559	61416	0	0	0		154518.660397984	
2560	61440	0	0	0.0205931323431547		-205807.207686953	
2561	61464	0	0	0.0421675924003514	0	491459.842221124	-491459.842221124
2562	61488	0	0	0.236152924733382	0	-558967.6129139	558967.6129139
2563	61512	0	0	0.141058642833707	0	224507.851425809	-224507.851425809
2564	61536	0	0	0.128625255434439	432000	-123705.879448033	555705.879448033
2565	61560	0	0	0.152926549669328	1062000	103236.437593004	958763.562406996
2566	61584	0	0	0.0345847367218277	486000	-38012.8574381528	524012.857438153
2567	61608	0	0	0.164501418012212	468000	-24057.5151892099	492057.51518921
2568	61632	0	0	0.335848581196398		-87280.9110832849	
2569	61656	0	0	0.47176376058779		-353586.333335739	
2570	61680	0	0	0.431630323449073	558000	-90739.8390237894	648739.839023789
2571	61704	0	0.0166666666666667	0.177162996431324	648000	70828.4675655312	577171.532434469
2572	61728	0	0	0.158268610741328	216000	125512.851375639	90487.1486243611
2573	61752	0	0	0.142202813134394	0	144893.772159257	-144893.772159257
2574	61776	0	0	0.0432743096127783	0	69488.551038347	-69488.551038347
2575	61800	0	0	0.084235434078372	0	152258.01521107	-152258.01521107
2576	61824	0	0	0.0649708663708984	0	77980.1522463076	-77980.1522463076
2577	61848	0	0	0.0686418858714135	0	-47303.9982974474	47303.9982974474
2578	61872	0	0	0.0886513540983316	0	62278.0993348268	-62278.0993348268
2579	61896	0	0	0.107120474928663	0	-56840.0061270218	56840.0061270218
2580	61920	0	0	0.0823384776122676	0	3635.75936934712	-3635.75936934712
2581	61944	0	0	0.132936768716868	0	-44646.6007229235	44646.6007229235
2582	61968	0	0	0.100527624717932	0	15580.0517426394	-15580.0517426394
2583	61992	0	0	0.102701767078566	0	-49430.3140525511	49430.3140525511
2584	62016	0	0	0.104540652730761	0	50074.4508725136	-50074.4508725136
2585	62040	0	0	0.100187929172145	0	-37481.8839074926	37481.8839074926
2586	62064	0	0	0.20050868050769	0	-65186.9393531313	65186.9393531313
2587	62088	0	0	0.208599963482389	0	-54013.7883868637	54013.7883868637
2588	62112	0	0	0.173049869426359	0	-68496.1280649852	68496.1280649852
2589	62136	0	0.0416666666666667	0.149178012329614	0	53197.7108964098	-53197.7108964098
2590	62160	0	0.108333333333333	0.146591827586891	0	41747.5653822165	-41747.5653822165
2591	62184	0	0.025	0.115062040464992	0	145812.513092406	-145812.513092406
2592	62208	0	0.0166666666666667	0.120085921319004	0	15609.3656941212	-15609.3656941212
2593	62232	0	0.00833333333333333	0.117242014446453	0	87337.1519940498	-87337.1519940498
2594	62256	0	0	0.0880896293369054	0	-53014.4368989926	53014.4368989926
2595	62280	0	0	0.0938405028542179	0	-42461.3541170162	42461.3541170162
2596	62304	0	0	0.208423991306764	0	-94401.3721798995	94401.3721798995
2597	62328	0	0	0.117445444691419	0	-7660.39873211284	7660.39873211284
2598	62352	0	0.00833333333333333	0.117964876583756	0	-47888.6336546818	47888.6336546818
2599	62376	0	0	0.0490803257999186	0	169400.339357469	-169400.339357469
2600	62400	0	0.116666666666667	0.0940229887298232	0	-97369.4658645575	97369.4658645575
2601	62424	0	0	0.174829779867209	0	177139.749049938	-177139.749049938
2602	62448	0	0	0.10887592666277	0	-118945.857308722	118945.857308722
2603	62472	0	0.0666666666666667	0.0376179784296742	0	130997.32116319	-130997.32116319
2604	62496	0	0.00833333333333333	0.0715995854769176	0	82689.2498742229	-82689.2498742229
2605	62520	0	0.0416666666666667	0.0324286254532895	0	-81238.3246705359	81238.3246705359
2606	62544	0	0.00833333333333333	0.0755129118506721	0	59811.0585920971	-59811.0585920971
2607	62568	0	0.00833333333333333	0.0906791585579843	0	4006.88373563012	-4006.88373563012
2608	62592	0	0.00833333333333333	0.0545339047596291	0	-57548.3318192291	57548.3318192291
2609	62616	0	0	0.00301961954755914	0	61153.5345692024	-61153.5345692024
2610	62640	0	0.025	0.000765831085873358		8752.93531989585	
2611	62664	0	0.0166666666666667	0.0194736940839144		41245.4204876657	
2612	62688	0	0	0.0330343395482728		-14045.9248921914	
2613	62712	0	0.00833333333333333	0.027291491299521		9472.54793962554	
2614	62736	0	0	0.0504058139556189		-14872.5970082754	
2615	62760	0	0	0.0411913175725136		-34230.2933219904	
2616	62784	0	0	0.0213906565465152		-14092.5329217151	
2617	62808	0	0	0.069869923395407		-18203.6543235512	
2618	62832	0	0	0.0260908427047806		9286.37182169058	
2619	62856	0	0	0.0193404526471443		-16964.7523793485	
2620	62880	0	0	0.0225203403037488		61441.9370026119	
2621	62904	0	0	0.0275851764977206		-38031.3399031562	
2622	62928	0	0	0.00984302241617296		31266.2831689175	
2623	62952	0	0	0.0477243597728503		-22841.1584164922	
2624	62976	0	0	0.0199892024803408		19161.3867083892	
2625	63000	0	0	0.000854755977964139		-12256.8332207454	
2626	63024	0	0	0.026039525434542		31774.3384804023	
2627	63048	0	0	0.0206045602627123		-18988.4331241963	
2628	63072	0	0	0.0517145431190631		-34802.6627206579	
2629	63096	0	0.00833333333333333	0.0441292733555478		12458.3304872041	
2630	63120	0	0	0.0342952242046115		-20995.7585750314	
2631	63144	0	0.00833333333333333	0.0861553600617561		-26082.0616030445	
2632	63168	0	0.00833333333333333	0.0935008571520859		-26459.9255655551	
2633	63192	0	0.0583333333333333	0.0459053424717588		-8383.48263102207	
2634	63216	0	0	0.0567070013872373		94761.3395279164	
2635	63240	0	0.00833333333333333	0.0187880634420265		4849.96596985054	
2636	63264	0	0.00833333333333333	0.0142895757350443		31998.3799154361	
2637	63288	0	0	0.0171102964089185		32001.8917786002	
2638	63312	0	0	0.0283545207568441		-56173.2877666699	
2639	63336	0	0	0.0269379469838604		13382.8211502418	
2640	63360	0	0	0.020365189336184		-10278.8407190251	
2641	63384	0	0.0666666666666667	0.00791742814884611		10690.0668801397	
2642	63408	0	0	0.00518089443718761		92979.542326605	
2643	63432	0	0	0.000186077502958071		-25205.7314879978	
2644	63456	0	0	0		45421.3113404508	
2645	63480	0	0	0		-24117.923930311	
2646	63504	0	0	0.000186073176465129		-38202.7053028761	
2647	63528	0	0	7.75295513300021e-06		2765.28479962896	
2648	63552	0	0	0		29.1296022016649	
2649	63576	0	0	0		205.973012977819	
2650	63600	0	0	0		-141.081586677634	
2651	63624	0	0	0		96.44576539127	
2652	63648	0	0	0		4.27858092399191	
2653	63672	0	0	0		0	
2654	63696	0	0	0		0	
2655	63720	0	0	0		0	
2656	63744	0	0	0		0	
2657	63768	0	0	0		0	
2658	63792	0	0	0		0	
2659	63816	0	0	0		0	
2660	63840	0	0	0		0	
2661	63864	0	0	0		0	
2662	63888	0	0	0		0	
2663	63912	0	0	0		0	
2664	63936	0	0	0		0	
2665	63960	0	0	0		0	
2666	63984	0	0	0		0	
2667	64008	0	0	0		0	
2668	64032	0	0				
2669	64056	0	0	0			
2670	64080	0	0	0			
2671	64104	0	0	0			
2672	64128	0	0	0			
2673	64152	0	0	0			
2674	64176	0	0	0		0	
2675	64200	0	0	0		0	
2676	64224	0	0	0		0	
2677	64248	0	0	0		0	
2678	64272	0	0	0		0	
2679	64296	0	0	0		0	
2680	64320	0	0	0		0	
2681	64344	0	0	0		0	
2682	64368	0	0	0		0	
2683	64392	0	0	0		0	
2684	64416	0	0	0		0	
2685	64440	0	0	0		0	
2686	64464	0	0	0		0	
2687	64488	0	0	0		0	
2688	64512	0	0	0		0	
2689	64536	0	0	0		0	
2690	64560	0	0	0		0	
2691	64584	0	0	0		0	
2692	64608	0	0	0		0	
2693	64632	0	0	0		0	
2694	64656	0	0	0		0	
2695	64680	0	0	0		0	
2696	64704	0	0	0		0	
2697	64728	0	0	0		0	
2698	64752	0	0	0		0	
2699	64776	0	0	0		0	
2700	64800	0	0	0		0	
2701	64824	0	0	0		0	
2702	64848	0	0	0		0	
2703	64872	0	0	0		0	
2704	64896	0	0	0		0	
2705	64920	0	0	0		0	
2706	64944	0	0	0		0	
2707	64968	0	0	0		0	
2708	64992	0	0	0		0	
2709	65016	0	0	0		0	
2710	65040	0	0	0		0	
2711	65064	0	0	0		0	
2712	65088	0	0	0		0	
2713	65112	0	0	0		0	
2714	65136	0	0	0		0	
2715	65160	0	0	0		0	
2716	65184	0	0	0		0	
2717	65208	0	0	0		0	
2718	65232	0	0	0		0	
2719	65256	0	0	0		0	
2720	65280	0	0	0		0	
2721	65304	0	0	0		0	
2722	65328	0	0	0		0	
2723	65352	0	0	0		0	
2724	65376	0	0	0		0	
2725	65400	0	0	0		0	
2726	65424	0	0	0		0	
2727	65448	0	0	0		0	
2728	65472	0	0	0		0	
2729	65496	0	0	0		0	
2730	65520	0	0	0		0	
2731	65544	0	0	0		0	
2732	65568	0	0	0		0	
2733	65592	0	0	0		0	
2734	65616	0	0	0		0	
2735	65640	0	0	0		0	
2736	65664	0	0	0		0	
2737	65688	0	0	0		0	
2738	65712	0	0	0		0	
2739	65736	0	0	0		0	
2740	65760	0	0	0		0	
2741	65784	0	0	0		0	
2742	65808	0	0	0		0	
2743	65832	0	0	0		0	
2744	65856	0	0	0		0	
2745	65880	0	0	0		0	
2746	65904	0	0	0		0	
2747	65928	0	0	0		0	
2748	65952	0	0	0		0	
2749	65976	0	0	0		0	
2750	66000	0	0	0		0	
2751	66024	0	0	0		0	
2752	66048	0	0	0		0	
2753	66072	0	0	0		0	
2754	66096	0	0	0		0	
2755	66120	0	0	0		0	
2756	66144	0	0	0		0	
2757	66168	0	0	0		0	
2758	66192	0	0	0		0	
2759	66216	0	0	0		0	
2760	66240	0	0	0		0	
2761	66264	0	0	0		0	
2762	66288	0	0	0		0	
2763	66312	0	0	0		0	
2764	66336	0	0	0		0	
2765	66360	0	0	0		0	
2766	66384	0	0	0		0	
2767	66408	0	0	0		0	
2768	66432	0	0	0		0	
2769	66456	0	0	0		0	
2770	66480	0	0	0		0	
2771	66504	0	0	0		0	
2772	66528	0	0	0		0	
2773	66552	0	0	0		0	
2774	66576	0	0	0		0	
2775	66600	0	0	0		0	
2776	66624	0	0	0		0	
2777	66648	0	0	0		0	
2778	66672	0	0	0		0	
2779	66696	0	0	0		0	
2780	66720	0	0	0		0	
2781	66744	0	0	0		0	
2782	66768	0	0	0		0	
2783	66792	0	0	0		0	
2784	66816	0	0	0		0	
2785	66840	0	0	0		0	
2786	66864	0	0	0		0	
2787	66888	0	0	0		0	
2788	66912	0	0	0		0	
2789	66936	0	0	0		0	
2790	66960	0	0	0		0	
2791	66984	0	0	0		0	
2792	67008	0	0	0		0	
2793	67032	0	0	0		0	
2794	67056	0	0	0		0	
2795	67080	0	0	0		0	
2796	67104	0	0	0		0	
2797	67128	0	0	0		0	
2798	67152	0	0	0		0	
2799	67176	0	0	0		0	
2800	67200	0	0	0		0	
2801	67224	0	0	0		0	
2802	67248	0	0	0		0	
2803	67272	0	0	0		0	
2804	67296	0	0	0		0	
2805	67320	0	0	0		0	
2806	67344	0	0	0		0	
2807	67368	0	0	0		0	
2808	67392	0	0	0		0	
2809	67416	0	0	0		0	
2810	67440	0	0	0		0	
2811	67464	0	0	0		0	
2812	67488	0	0	0		0	
2813	67512	0	0	0		0	
2814	67536	0	0	0		0	
2815	67560	0	0	0		0	
2816	67584	0	0	0		0	
2817	67608	0	0	0		0	
2818	67632	0	0	0		0	
2819	67656	0	0	0		0	
2820	67680	0	0	0		0	
2821	67704	0	0	0		0	
2822	67728	0	0	0		0	
2823	67752	0	0	0		0	
2824	67776	0	0	0		0	
2825	67800	0	0	0		0	
2826	67824	0	0	0		0	
2827	67848	0	0	0		0	
2828	67872	0	0	0		0	
2829	67896	0	0	0		0	
2830	67920	0	0	0		0	
2831	67944	0	0	0		0	
2832	67968	0	0	0		0	
2833	67992	0	0	0		0	
2834	68016	0	0	0		0	
2835	68040	0	0	0		0	
2836	68064	0	0	0		0	
2837	68088	0	0	0		0	
2838	68112	0	0	0		0	
2839	68136	0	0	0		0	
2840	68160	0	0	0		0	
2841	68184	0	0	0		0	
2842	68208	0	0	0		0	
2843	68232	0	0	0		0	
2844	68256	0	0	0		0	
2845	68280	0	0	0		0	
2846	68304	0	0	0		0	
2847	68328	0	0	0		0	
2848	68352	0	0	0		0	
2849	68376	0	0	0		0	
2850	68400	0	0	0		0	
2851	68424	0	0	0		0	
2852	68448	0	0	0		0	
2853	68472	0	0	0		0	
2854	68496	0	0	0		0	
2855	68520	0	0	0		0	
2856	68544	0	0	0		0	
2857	68568	0	0	0		0	
2858	68592	0	0	0		0	
2859	68616	0	0	0		0	
2860	68640	0	0	0		0	
2861	68664	0	0	0		0	
2862	68688	0	0	0		0	
2863	68712	0	0	0		0	
2864	68736	0	0	0		0	
2865	68760	0	0	0		0	
2866	68784	0	0	0		0	
2867	68808	0	0	0		0	
2868	68832	0	0	0		0	
2869	68856	0	0	0		0	
2870	68880	0	0	0		0	
2871	68904	0	0	0		0	
2872	68928	0	0	0		0	
2873	68952	0	0	0		0	
2874	68976	0	0	0		0	
2875	69000	0	0	0		0	
2876	69024	0	0	0		0	
2877	69048	0	0	0		0	
2878	69072	0	0	0		0	
2879	69096	0	0	0		0	
2880	69120	0	0	0		0	
2881	69144	0	0	0		0	
2882	69168	0	0	0		0	
2883	69192	0	0	0		0	
2884	69216	0	0	0		0	
2885	69240	0	0	0		0	
2886	69264	0	0	0		0	
2887	69288	0	0.00833333333333333	0		24.1753871508478	
2888	69312	0	0	0		10750.3780651652	
2889	69336	0	0	0		-5049.91042370998	
2890	69360	0	0	0		5013.61219411894	
2891	69384	0	0	0		-4341.26081953617	
2892	69408	0	0	0		-4807.297888226	
2893	69432	0	0	0		0	
2894	69456	0	0	0		0	
2895	69480	0	0	0		0	
2896	69504	0	0	0		0	
2897	69528	0	0	0		0	
2898	69552	0	0	0		0	
2899	69576	0	0	0		0	
2900	69600	0	0.0333333333333333	0.48480209873494		-395945.81864898	
2901	69624	0	0	0		205231.270804158	
2902	69648	0	0	0		-218615.066848371	
2903	69672	0	0	0		564971.54424143	
2904	69696	0	0	0		-407648.954619479	
2905	69720	0	0	0		248315.889770927	
2906	69744	0	0	0		0	
2907	69768	0	0	0		0	
2908	69792	0	0.00833333333333333	0		24.1753871508478	
2909	69816	0	0	0.0531440181632364		-32663.8128835041	
2910	69840	0	0	0.0705725614059374		-44918.1244677266	
2911	69864	0	0	0		6879.06748157694	
2912	69888	0	0	0		26509.2641314543	
2913	69912	0	0	0		31733.2615563984	
2914	69936	0	0.0166666666666667	0		-27436.9152183538	
2915	69960	0	0	0		60447.2494104796	
2916	69984	0	0	0		-10099.82084742	
2917	70008	0	0	0.0386409136374457		-21539.1505504114	
2918	70032	0	0	0.339445372449668		-273050.384359783	
2919	70056	0	0	0.391663218635639		-231796.184830431	
2920	70080	0	0	0.228905126842636		-151426.401800674	
2921	70104	0	0	0.0937428214852473		190151.230565276	
2922	70128	0	0	0.0821709033337562		58845.6566055235	
2923	70152	0	0	0.0788140928116346		54059.6170824129	
2924	70176	0	0.025	0.0801208668015385		64598.6329072785	
2925	70200	0	0	0.064489723360639		117341.195494184	
2926	70224	0	0	0.0760808154566086		-14342.6095796123	
2927	70248	0	0	0.170277602138262		-53041.7391744655	
2928	70272	0	0	0.138645070487379		-48961.8815354135	
2929	70296	0	0	0.0304723019712756		15204.0208753833	
2930	70320	0	0.0833333333333333	0.0494504943496805		79031.968897041	
2931	70344	0	0.00833333333333333	0.23443787256982		-19168.4640937191	
2932	70368	0	0	0.274182983199229		-188915.135422621	
2933	70392	0	0.075	0.0659585834939062		94786.9144318483	
2934	70416	0	0.3	0.034111727127653		181729.974546945	
2935	70440	0	0.025	0.0485873375291988		380690.926562097	
2936	70464	0	0	0.183324640600859		-273905.626309536	
2937	70488	0	0	0.0966603642991744		225320.549937716	
2938	70512	0	0	0.110746749127254		-254113.817561537	
2939	70536	0	0	0.111743562736329		-94105.4519670173	
2940	70560	0	0	0.187151331380002		-187364.805660526	
2941	70584	0	0	0.1859350915927		12834.2765749897	
2942	70608	0	0	0.223449525741972		-107127.653045679	
2943	70632	0	0	0.208835011237265		9591.99927626336	
2944	70656	0	0.05	0.181884809110381		-50013.9722347428	
2945	70680	0	0.0333333333333333	0.0597598346040415		195928.879005464	
2946	70704	0	0.00833333333333333	0.188374057387492		-38146.1465697232	
2947	70728	0	0.00833333333333333	0.174867581875635		76014.4835663088	
2948	70752	0	0.00833333333333333	0.115606388239897		-77294.5786036558	
2949	70776	0	0	0.246882862466347		-6060.9094035395	
2950	70800	0	0.00833333333333333	0.138117290277578		-23230.3542309517	
2951	70824	0	0.00833333333333333	0.102664547705173		-38928.9121622647	
2952	70848	0	0	0.179982487837886		108280.522219498	
2953	70872	0	0	0.304627207765121		-215195.526728354	
2954	70896	0	0	0.285575866671485		-63891.8968486519	
2955	70920	0	0	0.246277780247302		-43575.9898496438	
2956	70944	0	0	0.104088596132125		129860.263891754	
2957	70968	0	0	0.107740167858064		21098.8623297787	
2958	70992	0	0	0.120171917769193		110312.036327342	
2959	71016	0	0	0.15225316081541		-51927.9041791084	
2960	71040	0	0	0.157942296065562		45956.7524430781	
2961	71064	0	0	0.248163219053548		-106407.855338258	
2962	71088	0	0	0.186406145545049		-28.779456985365	
2963	71112	0	0	0.180116120459552		-65052.3695588306	
2964	71136	0	0.0666666666666667	0.149988530535931		97456.0435573383	
2965	71160	0	0.0833333333333333	0.100328379269328		77661.7923876404	
2966	71184	0	0.00833333333333333	0.161034670492718		97102.7924712017	
2967	71208	0	0	0.159953440799468		8975.00963998094	
2968	71232	0	0	0.202650372396477		-76151.3346334744	
2969	71256	0	0	0.133975228172858		-947.043029308537	
2970	71280	0	0	0.117539264432235		-81024.3668527935	
2971	71304	0	0	0.0901508096822301		93926.7891075883	
2972	71328	0	0.0333333333333333	0.0438033258388248		22094.3991359936	
2973	71352	0	0.15	0.0431099711707805		122075.765638059	
2974	71376	0	0.0666666666666667	0.0660552978915767		196679.519179483	
2975	71400	0	0.00833333333333333	0.0298178366280499		36810.9379335449	
2976	71424	0	0.0333333333333333	0.03008403912267		64638.3740699408	
2977	71448	0	0.00833333333333333	0.0195263541450981		26339.3204070844	
2978	71472	0	0	0.0198594807930945		-143569.941073569	
2979	71496	0	0	0.020443828566096		421.560403653195	
2980	71520	0	0	0.0338540387290305		-31917.1748104858	
2981	71544	0	0	0.0163273860495661		-10742.1087992609	
2982	71568	0	0.0166666666666667	0.0487329336653382		-35194.3632271596	
2983	71592	0	0.0166666666666667	0.0536192889488518		19925.479388714	
2984	71616	0	0.00833333333333333	0.0883973946121817		-60410.0104559425	
2985	71640	0	0	0.038279574665598		47356.7252744088	
2986	71664	0	0.0166666666666667	0.0505625111344479		-38284.4416384454	
2987	71688	0	0.00833333333333333	0.0708960347994392		34665.4125685115	
2988	71712	0	0	0.0567033216525132		-55143.3426891074	
2989	71736	0	0	0.0232182571600745		45960.7520976274	
2990	71760	0	0.025	0.0246052437482867		20973.2184850627	
2991	71784	0	0.0333333333333333	0.0301562543503344		27052.1358515721	
2992	71808	0	0.025	0.00719075052609419		36837.7738968013	
2993	71832	0	0.0583333333333333	0.031361107317176		31963.5914210454	
2994	71856	0	0.00833333333333333	0.0349108119305921		73090.7785796625	
2995	71880	0	0.00833333333333333	0.0129700691163439		-55685.0899106008	
2996	71904	0	0.0166666666666667	0.0304760982413619		19850.1231583976	
2997	71928	0	0.15	0.0258663440663618		-21190.5906666844	
2998	71952	0	0.0416666666666667	0.0433809907149527		115074.116061047	
2999	71976	0	0	0.0492361385795128		-29479.5870120612	
3000	72000	0	0	0.0484942825929853		22308.3149122952	
3001	72024	0	0	0.0164028107659124		-35256.6924167704	
3002	72048	0	0	0.0285360295797297		-111214.853527429	
3003	72072	0	0	0.0216828936445879		-102.731182682866	
3004	72096	0	0	0.0234591246896159		-17018.6315482899	
3005	72120	0	0	0.0207932791670693		27621.4746501524	
3006	72144	0	0.00833333333333333	0.0259580487416482		-13373.3265472683	
3007	72168	0	0	0.00883543880873106		28369.3593454675	
3008	72192	0	0	0.0192098789384687		-11957.8614350676	
3009	72216	0	0.00833333333333333	0.0380482588790674		2151.40148497931	
3010	72240	0	0	0.0203806974690117		-4861.22754901369	
3011	72264	0	0.00833333333333333	0.0105646279260974		1588.86973083357	
3012	72288	0	0.0166666666666667	0.00262899528600613		41036.193445859	
3013	72312	0	0	0		11544.3891594411	
3014	72336	0	0	0		5495.410623199	
3015	72360	0	0	0.000407165123949227		11050.7935335944	
3016	72384	0	0	0		-9639.76611552579	
3017	72408	0	0	0		-8330.38739937814	
3018	72432	0	0	0		457.653210033537	
3019	72456	0	0	0		-327.783228561405	
3020	72480	0	0	0		224.699988889245	
3021	72504	0	0	0		0	
3022	72528	0	0	0		0	
3023	72552	0	0	0		0	
3024	72576	0	0	0		0	
3025	72600	0	0	0		0	
3026	72624	0	0	0		0	
3027	72648	0	0	0		0	
3028	72672	0	0	0		0	
3029	72696	0	0	0		0	
3030	72720	0	0	0		0	
3031	72744	0	0	0		0	
3032	72768	0	0	0		0	
3033	72792	0	0				
3034	72816	0	0	0			
3035	72840	0	0	0			
3036	72864	0	0	0			
3037	72888	0	0	0			
3038	72912	0	0	0			
3039	72936	0	0	0		0	
3040	72960	0	0	0		0	
3041	72984	0	0	0		0	
3042	73008	0	0	0		0	
3043	73032	0	0	0		0	
3044	73056	0	0	0		0	
3045	73080	0	0	0		0	
3046	73104	0	0	0		0	
3047	73128	0	0	0		0	
3048	73152	0	0	0		0	
3049	73176	0	0	0		0	
3050	73200	0	0	0		0	
3051	73224	0	0	0		0	
3052	73248	0	0	0		0	
3053	73272	0	0	0		0	
3054	73296	0	0	0		0	
3055	73320	0	0	0		0	
3056	73344	0	0	0		0	
3057	73368	0	0	0		0	
3058	73392	0	0	0		0	
3059	73416	0	0	0		0	
3060	73440	0	0	0		0	
3061	73464	0	0	0		0	
3062	73488	0	0	0		0	
3063	73512	0	0	0		0	
3064	73536	0	0	0		0	
3065	73560	0	0	0		0	
3066	73584	0	0	0		0	
3067	73608	0	0	0		0	
3068	73632	0	0	0		0	
3069	73656	0	0	0		0	
3070	73680	0	0	0		0	
3071	73704	0	0	0		0	
3072	73728	0	0	0		0	
3073	73752	0	0	0		0	
3074	73776	0	0	0		0	
3075	73800	0	0	0		0	
3076	73824	0	0	0		0	
3077	73848	0	0	0		0	
3078	73872	0	0	0		0	
3079	73896	0	0	0		0	
3080	73920	0	0	0		0	
3081	73944	0	0	0		0	
3082	73968	0	0	0		0	
3083	73992	0	0	0		0	
3084	74016	0	0	0		0	
3085	74040	0	0	0		0	
3086	74064	0	0	0		0	
3087	74088	0	0	0		0	
3088	74112	0	0	0		0	
3089	74136	0	0	0		0	
3090	74160	0	0	0		0	
3091	74184	0	0	0		0	
3092	74208	0	0	0		0	
3093	74232	0	0	0		0	
3094	74256	0	0	0		0	
3095	74280	0	0	0		0	
3096	74304	0	0	0		0	
3097	74328	0	0	0		0	
3098	74352	0	0	0		0	
3099	74376	0	0	0		0	
3100	74400	0	0	0		0	
3101	74424	0	0	0		0	
3102	74448	0	0	0		0	
3103	74472	0	0	0		0	
3104	74496	0	0	0		0	
3105	74520	0	0	0		0	
3106	74544	0	0	0		0	
3107	74568	0	0	0		0	
3108	74592	0	0	0		0	
3109	74616	0	0	0		0	
3110	74640	0	0	0		0	
3111	74664	0	0	0		0	
3112	74688	0	0	0		0	
3113	74712	0	0	0		0	
3114	74736	0	0	0		0	
3115	74760	0	0	0		0	
3116	74784	0	0	0		0	
3117	74808	0	0	0		0	
3118	74832	0	0	0		0	
3119	74856	0	0	0		0	
3120	74880	0	0	0		0	
3121	74904	0	0	0		0	
3122	74928	0	0	0		0	
3123	74952	0	0	0		0	
3124	74976	0	0	0		0	
3125	75000	0	0	0		0	
3126	75024	0	0	0		0	
3127	75048	0	0	0		0	
3128	75072	0	0	0		0	
3129	75096	0	0	0		0	
3130	75120	0	0	0		0	
3131	75144	0	0	0		0	
3132	75168	0	0	0		0	
3133	75192	0	0	0		0	
3134	75216	0	0	0		0	
3135	75240	0	0	0		0	
3136	75264	0	0	0		0	
3137	75288	0	0	0		0	
3138	75312	0	0	0		0	
3139	75336	0	0	0		0	
3140	75360	0	0	0		0	
3141	75384	0	0	0		0	
3142	75408	0	0	0		0	
3143	75432	0	0	0		0	
3144	75456	0	0	0		0	
3145	75480	0	0	0		0	
3146	75504	0	0	0		0	
3147	75528	0	0	0		0	
3148	75552	0	0	0		0	
3149	75576	0	0	0		0	
3150	75600	0	0	0		0	
3151	75624	0	0	0		0	
3152	75648	0	0	0		0	
3153	75672	0	0	0		0	
3154	75696	0	0	0		0	
3155	75720	0	0	0		0	
3156	75744	0	0	0		0	
3157	75768	0	0	0		0	
3158	75792	0	0	0		0	
3159	75816	0	0	0		0	
3160	75840	0	0	0		0	
3161	75864	0	0	0		0	
3162	75888	0	0	0		0	
3163	75912	0	0	0		0	
3164	75936	0	0	0		0	
3165	75960	0	0	0		0	
3166	75984	0	0	0		0	
3167	76008	0	0	0		0	
3168	76032	0	0	0		0	
3169	76056	0	0	0		0	
3170	76080	0	0	0		0	
3171	76104	0	0	0		0	
3172	76128	0	0	0		0	
3173	76152	0	0	0		0	
3174	76176	0	0	0		0	
3175	76200	0	0	0		0	
3176	76224	0	0	0		0	
3177	76248	0	0	0		0	
3178	76272	0	0	0		0	
3179	76296	0	0	0		0	
3180	76320	0	0	0		0	
3181	76344	0	0	0		0	
3182	76368	0	0	0		0	
3183	76392	0	0	0		0	
3184	76416	0	0	0		0	
3185	76440	0	0	0		0	
3186	76464	0	0	0		0	
3187	76488	0	0	0		0	
3188	76512	0	0	0		0	
3189	76536	0	0	0		0	
3190	76560	0	0	0		0	
3191	76584	0	0	0		0	
3192	76608	0	0	0		0	
3193	76632	0	0	0		0	
3194	76656	0	0	0		0	
3195	76680	0	0	0		0	
3196	76704	0	0	0		0	
3197	76728	0	0	0		0	
3198	76752	0	0	0		0	
3199	76776	0	0	0		0	
3200	76800	0	0	0		0	
3201	76824	0	0	0		0	
3202	76848	0	0	0		0	
3203	76872	0	0	0		0	
3204	76896	0	0	0		0	
3205	76920	0	0	0		0	
3206	76944	0	0	0		0	
3207	76968	0	0	0		0	
3208	76992	0	0	0		0	
3209	77016	0	0	0		0	
3210	77040	0	0	0		0	
3211	77064	0	0	0		0	
3212	77088	0	0	0		0	
3213	77112	0	0	0		0	
3214	77136	0	0	0		0	
3215	77160	0	0	0		0	
3216	77184	0	0	0		0	
3217	77208	0	0	0		0	
3218	77232	0	0	0		0	
3219	77256	0	0	0		0	
3220	77280	0	0	0		0	
3221	77304	0	0	0		0	
3222	77328	0	0	0		0	
3223	77352	0	0	0		0	
3224	77376	0	0	0		0	
3225	77400	0	0	0		0	
3226	77424	0	0	0		0	
3227	77448	0	0	0		0	
3228	77472	0	0	0		0	
3229	77496	0	0	0		0	
3230	77520	0	0	0		0	
3231	77544	0	0	0		0	
3232	77568	0	0	0		0	
3233	77592	0	0	0		0	
3234	77616	0	0	0		0	
3235	77640	0	0	0		0	
3236	77664	0	0	0		0	
3237	77688	0	0	0		0	
3238	77712	0	0	0		0	
3239	77736	0	0	0		0	
3240	77760	0	0	0		0	
3241	77784	0	0	0		0	
3242	77808	0	0	0		0	
3243	77832	0	0	0		0	
3244	77856	0	0	0		0	
3245	77880	0	0	0		0	
3246	77904	0	0	0		0	
3247	77928	0	0	0		0	
3248	77952	0	0	0		0	
3249	77976	0	0	0		0	
3250	78000	0	0	0		0	
3251	78024	0	0	0		0	
3252	78048	0	0	0		0	
3253	78072	0	0	0		0	
3254	78096	0	0	0		0	
3255	78120	0	0	0		0	
3256	78144	0	0	0		0	
3257	78168	0	0	0		0	
3258	78192	0	0	0		0	
3259	78216	0	0.0333333333333333	0		96.7015486033912	
3260	78240	0	0	0		43001.5122606606	
3261	78264	0	0.00833333333333333	0		-20175.4663076891	
3262	78288	0	0	0		30804.8268416409	
3263	78312	0	0	0		-22414.9537018547	
3264	78336	0	0	0		-14215.5793587851	
3265	78360	0	0	0.223905718999003		-187253.392327242	
3266	78384	0	0	0		70118.4724921045	
3267	78408	0	0	0		-91638.1107784434	
3268	78432	0	0	0		251669.81408147	
3269	78456	0	0	0		-180252.519555206	
3270	78480	0	0	0		123565.623900509	
3271	78504	0	0	0		0	
3272	78528	0	0	0		0	
3273	78552	0	0	0		0	
3274	78576	0	0	0		0	
3275	78600	0	0	0		0	
3276	78624	0	0	0		0	
3277	78648	0	0	0		0	
3278	78672	0	0	0		0	
3279	78696	0	0	0		0	
3280	78720	0	0	0.0670096672156504		-54741.2594766784	
3281	78744	0	0	0.078883246581748		-42017.4700115417	
3282	78768	0	0.275	0.0950096831509003		-77845.4689707454	
3283	78792	0	0.00833333333333333	0.17395564952657		287506.877687319	
3284	78816	0	0.0583333333333333	0.183239116681565		-251372.755661262	
3285	78840	0	0.00833333333333333	0.282179223695041		75548.9770562085	
3286	78864	0	0	0.129664916018978		-86768.3976704178	
3287	78888	0	0	0.0581208770523671		-134162.230485925	
3288	78912	0	0.15	0.0824682355350597		134918.745351511	
3289	78936	0	0	0.118702536381857		82055.2359277793	
3290	78960	0	0	0.39135245854506		-292770.649019952	
3291	78984	0	0	0.395699266141933	495000	-33168.6692599048	528168.669259905
3292	79008	0	0	0.299852646113729	97200	-251746.718575799	348946.718575799
3293	79032	0	0.025	0.120323735405603	387000	143469.612803193	243530.387196807
3294	79056	0	0.025	0.072015165289387	419400	86256.2631524005	333143.7368476
3295	79080	0	0	0.0413194479777128	207000	192655.223137495	14344.7768625049
3296	79104	0	0	0.0779103355399679	268200	32821.466042489	235378.533957511
3297	79128	0	0	0.142874757192005	268200	44018.6408218394	224181.359178161
3298	79152	0	0.00833333333333333	0.143694874884801	331200	-74013.7466631181	405213.746663118
3299	79176	0	0	0.152838637917459	995400	-44867.5190824608	1040267.51908246
3300	79200	0	0	0.181934351203437	705600	-40667.4976578381	746267.497657838
3301	79224	0	0	0.265810583276902	169200	-124313.52783057	293513.52783057
3302	79248	0	0	0.413147908209076	169200	-192402.13462561	361602.13462561
3303	79272	0	0	0.285965790866611	0	-48200.4953604433	48200.4953604433
3304	79296	0	0	0.0668153294757845	522000	108674.113846808	413325.886153192
3305	79320	0	0.025	0.152269243528363	73800	131795.802142692	-57995.8021426919
3306	79344	0	0	0.108069256650817	444600	103093.176007698	341506.823992302
3307	79368	0	0	0.0837334827767444	39600	-36820.178345264	76420.178345264
3308	79392	0	0	0.119082726545616	460800	176726.478661649	284073.521338351
3309	79416	0	0	0.126126785049038	588600	-74719.3903026414	663319.390302641
3310	79440	0	0	0.137151472207304	383400	-41845.7548211135	425245.754821114
3311	79464	0	0.141666666666667	0.146709217434075	0	916.843031732533	-916.843031732533
3312	79488	0	0	0.29464940851596	0	27123.8283022124	-27123.8283022124
3313	79512	0	0	0.234876079488299	0	-120828.645839943	120828.645839943
3314	79536	0	0	0.252783830399919	0	-39172.5398511557	39172.5398511557
3315	79560	0	0	0.200002529835003	0	40042.8980665708	-40042.8980665708
3316	79584	0	0	0.160403245257243	0	-141529.823448717	141529.823448717
3317	79608	0	0	0.234745263486572	0	37704.7926833501	-37704.7926833501
3318	79632	0	0	0.1724393230219	0	22958.1527141627	-22958.1527141627
3319	79656	0	0.0916666666666667	0.125566980436112	0	18103.3447011392	-18103.3447011392
3320	79680	0	0.0916666666666667	0.131889192522991	0	227319.009396635	-227319.009396635
3321	79704	0	0.175	0.099497350562169	0	68038.8774964098	-68038.8774964098
3322	79728	0	0	0.157649635962381	820800	207753.254926976	613046.745073024
3323	79752	0	0.0583333333333333	0.107183116585016	0	-31689.2190955227	31689.2190955227
3324	79776	0	0.00833333333333333	0.0552601688426177	820800	81086.1186854725	739713.881314528
3325	79800	0	0.0583333333333333	0.0512203242311076	34200	-65810.4944329749	100010.494432975
3326	79824	0	0.0833333333333333	0.0523232077305256	0	4835.2781417771	-4835.2781417771
3327	79848	0	0.025	0.0305055744358071	0	81304.3842178277	-81304.3842178277
3328	79872	0	0.0333333333333333	0.0621032865936968	0	-10752.108382646	10752.108382646
3329	79896	0	0.216666666666667	0.10855335569634	0	11111.0905640975	-11111.0905640975
3330	79920	0	0.133333333333333	0.0485168991812266	0	189380.914826265	-189380.914826265
3331	79944	0	0.0166666666666667	0.134177889786856	207000	-63968.8899647153	270968.889964715
3332	79968	0	0	0.111981844149142	0	61686.2667044587	-61686.2667044587
3333	79992	0	0.00833333333333333	0.085907347035361	0	-148165.409883516	148165.409883516
3334	80016	0	0.00833333333333333	0.0678922260793211	0	-74529.4031845575	74529.4031845575
3335	80040	0	0	0.057160900308185	0	-94411.0160539691	94411.0160539691
3336	80064	0	0	0.0789226271160092	0	-2324.35324774555	2324.35324774555
3337	80088	0	0	0.0483282730733574	0	33158.832364908	-33158.832364908
3338	80112	0	0.341666666666667	0.0690177548162527	0	-23665.4519420663	23665.4519420663
3339	80136	0	0.0583333333333333	0.0400554485337636	0	486881.208712829	-486881.208712829
3340	80160	0	0.0166666666666667	0.0475430484253341	0	-163096.848354204	163096.848354204
3341	80184	0	0	0.0247793291177221	0	253207.109222047	-253207.109222047
3342	80208	0	0.00833333333333333	0.0125366398402456	622800	-158248.435364242	781048.435364242
3343	80232	0	0.00833333333333333	0.0325455729521788	421200	-179938.918859305	601138.918859305
3344	80256	0	0.0166666666666667	0.0405276712589107	0	-52249.4317579218	52249.4317579218
3345	80280	0	0.00833333333333333	0.0572802301945998		-14297.0361924229	
3346	80304	0	0	0.0479178789414494		4922.5281729617	
3347	80328	0	0	0.07497031015372		-46552.8313698717	
3348	80352	0	0	0.0980057442796802		-33345.2960341897	
3349	80376	0	0	0.0508482096654017		-23269.2911176431	
3350	80400	0	0	0.0630174550038092		-2080.98967043313	
3351	80424	0	0	0.0475937217991742		37645.4481935751	
3352	80448	0	0	0.037323998629617		-20726.9655026907	
3353	80472	0	0.275	0.0630091974520859		26318.342725583	
3354	80496	0	0.0333333333333333	0.0839323489841473		322927.907161194	
3355	80520	0	0.00833333333333333	0.0193475806875334		-98713.67838918	
3356	80544	0	0	0.0139643560096054		183755.802012021	
3357	80568	0	0.175	0.0474547265707468		-105548.503556155	
3358	80592	0	0	0		53880.7974762884	
3359	80616	0	0	0		-102600.733946968	
3360	80640	0	0	0		153253.037509734	
3361	80664	0	0.0916666666666667	0.00544715573925991		-125846.821626022	
3362	80688	0	0	0.00404926965293839		42004.3573453983	
3363	80712	0	0.141666666666667	0.00920830023990149		-63534.7915259973	
3364	80736	0	0	0.0165461871110129		231936.04972357	
3365	80760	0	0	0.0301242314557992		-156276.922978735	
3366	80784	0	0.00833333333333333	0.0650427500567616		-7354.12493834572	
3367	80808	0	0	0.0203523413380378		-56821.3471607644	
3368	80832	0	0	0.0217196365473971		-98705.6381335659	
3369	80856	0	0	0.0392099662149192		29908.9120858342	
3370	80880	0	0	0.0015310752288773		-14221.7227379109	
3371	80904	0	0	0.000800383631640145		22926.9377214184	
3372	80928	0	0	8.25755313336172e-05		37392.3271856477	
3373	80952	0	0	0		-18158.2139555168	
3374	80976	0	0.0166666666666667	0		21320.2018293106	
3375	81000	0	0	0		21794.1781500674	
3376	81024	0	0.00833333333333333	0		-9700.41853170974	
3377	81048	0	0	0		20823.1729600152	
3378	81072	0	0.00833333333333333	0		-13708.2566756315	
3379	81096	0	0	6.35193503484287e-06		6144.20548640263	
3380	81120	0	0	0		-9389.04568956214	
3381	81144	0	0	0		203.714643280556	
3382	81168	0	0	0		-4334.12125063001	
3383	81192	0	0	0		-4812.41143467404	
3384	81216	0	0	0		3.50540762900012	
3385	81240	0	0	0		0	
3386	81264	0	0	0		0	
3387	81288	0	0.00833333333333333	0		24.1753871508478	
3388	81312	0	0.00833333333333333	0		10774.553452316	
3389	81336	0	0	0		5700.46764145517	
3390	81360	0	0	0.000438273542798129		-394.33083481001	
3391	81384	0	0	0.00036838863701405		518.068723195267	
3392	81408	0	0	0.00131465309321577		-10278.6180811584	
3393	81432	0	0.00833333333333333	6.35055178044296e-06		-4006.53856247974	
3394	81456	0	0	0		10275.695610252	
3395	81480	0	0	0		-3629.53977769382	
3396	81504	0	0	0		4165.70567665463	
3397	81528	0	0	0		-3620.86284382539	
3398	81552	0	0	0		-4803.79324396604	
3399	81576	0	0				
3400	81600	0	0	0			
3401	81624	0	0	0			
3402	81648	0	0	0			
3403	81672	0	0	0			
3404	81696	0	0	0			
3405	81720	0	0	0		0	
3406	81744	0	0	0		0	
3407	81768	0	0	0		0	
3408	81792	0	0	0		0	
3409	81816	0	0	0		0	
3410	81840	0	0	0		0	
3411	81864	0	0	0		0	
3412	81888	0	0	0		0	
3413	81912	0	0	0		0	
3414	81936	0	0	0		0	
3415	81960	0	0	0		0	
3416	81984	0	0	0		0	
3417	82008	0	0	0		0	
3418	82032	0	0	0		0	
3419	82056	0	0	0		0	
3420	82080	0	0	0		0	
3421	82104	0	0	0		0	
3422	82128	0	0	0		0	
3423	82152	0	0	0		0	
3424	82176	0	0	0		0	
3425	82200	0	0	0		0	
3426	82224	0	0	0		0	
3427	82248	0	0	0		0	
3428	82272	0	0	0		0	
3429	82296	0	0	0		0	
3430	82320	0	0	0		0	
3431	82344	0	0	0		0	
3432	82368	0	0	0		0	
3433	82392	0	0	0		0	
3434	82416	0	0	0		0	
3435	82440	0	0	0		0	
3436	82464	0	0	0		0	
3437	82488	0	0	0		0	
3438	82512	0	0	0		0	
3439	82536	0	0	0		0	
3440	82560	0	0	0		0	
3441	82584	0	0	0		0	
3442	82608	0	0	0		0	
3443	82632	0	0	0		0	
3444	82656	0	0	0		0	
3445	82680	0	0	0		0	
3446	82704	0	0	0		0	
3447	82728	0	0	0		0	
3448	82752	0	0	0		0	
3449	82776	0	0	0		0	
3450	82800	0	0	0		0	
3451	82824	0	0	0		0	
3452	82848	0	0	0		0	
3453	82872	0	0	0		0	
3454	82896	0	0	0		0	
3455	82920	0	0	0		0	
3456	82944	0	0	0		0	
3457	82968	0	0	0		0	
3458	82992	0	0	0		0	
3459	83016	0	0	0		0	
3460	83040	0	0	0		0	
3461	83064	0	0	0		0	
3462	83088	0	0	0		0	
3463	83112	0	0	0		0	
3464	83136	0	0	0		0	
3465	83160	0	0	0		0	
3466	83184	0	0	0		0	
3467	83208	0	0	0		0	
3468	83232	0	0	0		0	
3469	83256	0	0	0		0	
3470	83280	0	0	0		0	
3471	83304	0	0	0		0	
3472	83328	0	0	0		0	
3473	83352	0	0	0		0	
3474	83376	0	0	0		0	
3475	83400	0	0	0		0	
3476	83424	0	0	0		0	
3477	83448	0	0	0		0	
3478	83472	0	0	0		0	
3479	83496	0	0	0		0	
3480	83520	0	0	0		0	
3481	83544	0	0	0		0	
3482	83568	0	0	0		0	
3483	83592	0	0	0		0	
3484	83616	0	0	0		0	
3485	83640	0	0	0		0	
3486	83664	0	0	0		0	
3487	83688	0	0	0		0	
3488	83712	0	0	0		0	
3489	83736	0	0	0		0	
3490	83760	0	0	0		0	
3491	83784	0	0	0		0	
3492	83808	0	0	0		0	
3493	83832	0	0	0		0	
3494	83856	0	0	0		0	
3495	83880	0	0	0		0	
3496	83904	0	0	0		0	
3497	83928	0	0	0		0	
3498	83952	0	0	0		0	
3499	83976	0	0	0		0	
3500	84000	0	0	0		0	
3501	84024	0	0	0		0	
3502	84048	0	0	0		0	
3503	84072	0	0	0		0	
3504	84096	0	0	0		0	
3505	84120	0	0	0		0	
3506	84144	0	0	0		0	
3507	84168	0	0	0		0	
3508	84192	0	0	0		0	
3509	84216	0	0	0		0	
3510	84240	0	0	0		0	
3511	84264	0	0	0		0	
3512	84288	0	0	0		0	
3513	84312	0	0	0		0	
3514	84336	0	0	0		0	
3515	84360	0	0	0		0	
3516	84384	0	0	0		0	
3517	84408	0	0	0		0	
3518	84432	0	0	0		0	
3519	84456	0	0	0		0	
3520	84480	0	0	0		0	
3521	84504	0	0	0		0	
3522	84528	0	0	0		0	
3523	84552	0	0	0		0	
3524	84576	0	0	0		0	
3525	84600	0	0	0		0	
3526	84624	0	0	0		0	
3527	84648	0	0	0		0	
3528	84672	0	0	0		0	
3529	84696	0	0	0		0	
3530	84720	0	0	0		0	
3531	84744	0	0	0		0	
3532	84768	0	0	0		0	
3533	84792	0	0	0		0	
3534	84816	0	0	0		0	
3535	84840	0	0	0		0	
3536	84864	0	0	0		0	
3537	84888	0	0	0		0	
3538	84912	0	0	0		0	
3539	84936	0	0	0		0	
3540	84960	0	0	0		0	
3541	84984	0	0	0		0	
3542	85008	0	0	0		0	
3543	85032	0	0	0		0	
3544	85056	0	0	0		0	
3545	85080	0	0	0		0	
3546	85104	0	0	0		0	
3547	85128	0	0	0		0	
3548	85152	0	0	0		0	
3549	85176	0	0	0		0	
3550	85200	0	0	0		0	
3551	85224	0	0	0		0	
3552	85248	0	0	0		0	
3553	85272	0	0	0		0	
3554	85296	0	0	0		0	
3555	85320	0	0	0		0	
3556	85344	0	0	0		0	
3557	85368	0	0	0		0	
3558	85392	0	0	0		0	
3559	85416	0	0	0		0	
3560	85440	0	0	0		0	
3561	85464	0	0	0		0	
3562	85488	0	0	0		0	
3563	85512	0	0	0		0	
3564	85536	0	0	0		0	
3565	85560	0	0	0		0	
3566	85584	0	0	0		0	
3567	85608	0	0	0		0	
3568	85632	0	0	0		0	
3569	85656	0	0	0		0	
3570	85680	0	0	0		0	
3571	85704	0	0	0		0	
3572	85728	0	0	0		0	
3573	85752	0	0	0		0	
3574	85776	0	0	0		0	
3575	85800	0	0	0		0	
3576	85824	0	0	0		0	
3577	85848	0	0	0		0	
3578	85872	0	0	0		0	
3579	85896	0	0	0		0	
3580	85920	0	0	0		0	
3581	85944	0	0	0		0	
3582	85968	0	0	0		0	
3583	85992	0	0	0		0	
3584	86016	0	0	0		0	
3585	86040	0	0	0		0	
3586	86064	0	0	0		0	
3587	86088	0	0	0		0	
3588	86112	0	0	0		0	
3589	86136	0	0	0		0	
3590	86160	0	0	0		0	
3591	86184	0	0	0		0	
3592	86208	0	0	0		0	
3593	86232	0	0	0		0	
3594	86256	0	0	0		0	
3595	86280	0	0	0		0	
3596	86304	0	0	0		0	
3597	86328	0	0	0		0	
3598	86352	0	0	0		0	
3599	86376	0	0	0		0	
3600	86400	0	0	0		0	
3601	86424	0	0	0		0	
3602	86448	0	0	0		0	
3603	86472	0	0	0		0	
3604	86496	0	0	0		0	
3605	86520	0	0	0		0	
3606	86544	0	0	0		0	
3607	86568	0	0	0		0	
3608	86592	0	0	0		0	
3609	86616	0	0	0		0	
3610	86640	0	0	0		0	
3611	86664	0	0	0		0	
3612	86688	0	0	0		0	
3613	86712	0	0	0		0	
3614	86736	0	0	0		0	
3615	86760	0	0	0		0	
3616	86784	0	0	0		0	
3617	86808	0	0	0		0	
3618	86832	0	0	0		0	
3619	86856	0	0	0		0	
3620	86880	0	0	0		0	
3621	86904	0	0.00833333333333333	0		24.1753871508478	
3622	86928	0	0	0		10750.3780651652	
3623	86952	0	0	0		-5049.91042370998	
3624	86976	0	0	0		5013.61219411894	
3625	87000	0	0	0		-4341.26081953617	
3626	87024	0	0	0		-4807.297888226	
3627	87048	0	0	0		0	
3628	87072	0	0.00833333333333333	0		24.1753871508478	
3629	87096	0	0.0333333333333333	0		10847.0796137685	
3630	87120	0	0	0		37951.6018369507	
3631	87144	0	0	0		-15186.029500721	
3632	87168	0	0.00833333333333333	0.119978519488891		-82274.9912887517	
3633	87192	0	0.00833333333333333	0.351851667845772		-258682.474259562	
3634	87216	0	0	0.11920549822057		-42272.872934275	
3635	87240	0	0	0.00146789291142901		29507.466771027	
3636	87264	0	0	0		251269.924350212	
3637	87288	0	0	0		-92804.3869997121	
3638	87312	0	0	0		95052.1603461422	
3639	87336	0	0	0.128315021052794		-40218.9978943292	
3640	87360	0	0	0		43748.247927568	
3641	87384	0	0	0		-52515.6131176201	
3642	87408	0	0	0		144225.960982981	
3643	87432	0	0	0		-103298.414819178	
3644	87456	0	0	0.0030064661237067		68356.4786715907	
3645	87480	0	0	0.00512509397534822		-3180.71407890356	
3646	87504	0	0	0		484.55546005579	
3647	87528	0	0	0		1281.71286653865	
3648	87552	0	0	0		3340.28249708877	
3649	87576	0	0	0		-2466.73127498194	
3650	87600	0	0	0		2828.357566943	
3651	87624	0	0	0		0	
3652	87648	0	0	0		0	
3653	87672	0	0	0		0	
3654	87696	0	0	0		0	
3655	87720	0	0	0.0182423343860218		-14902.4521621908	
3656	87744	0	0	0.0520779857319247		-36438.8835350931	
3657	87768	0	0	0.081895215830649		-56940.6552158131	
3658	87792	0	0.025	0.00729291701544021		20709.8544027836	
3659	87816	0	0	0.110023795550287		-44856.1063940935	
3660	87840	0	0	0.023522937747079		59659.2951672702	
3661	87864	0	0	0.0230529434781847		-69941.0244077909	
3662	87888	0	0	0.142772932062803		31420.3507065988	
3663	87912	0	0	0.222477432384524		-215934.731228313	
3664	87936	0	0	0.364442322683597	0	-214010.838467094	214010.838467094
3665	87960	0	0	0.154802613785073	246600	59339.0235962321	187260.976403768
3666	87984	0	0.00833333333333333	0.160147346158733	232200	-80307.710304509	312507.710304509
3667	88008	0	0.0416666666666667	0.212856419376421	181800	136540.948723782	45259.0512762185
3668	88032	0	0.00833333333333333	0.257205249387986	36000	-152318.591477546	188318.591477546
3669	88056	0	0	0.19983328050179	36000	82726.6637603059	-46726.6637603059
3670	88080	0	0.025	0.100408058897437	613800	91084.0779690849	522715.922030915
3671	88104	0	0	0.166907821101262	567000	32335.8529604005	534664.1470396
3672	88128	0	0	0.25034560532049	192600	-98259.9355114431	290859.935511443
3673	88152	0	0	0.253157094845579	214200	-87183.94424125	301383.94424125
3674	88176	0	0	0.267317248538312	18000	-32091.6160362054	50091.6160362054
3675	88200	0	0	0.270983585300704	318600	-47517.1233924189	366117.123392419
3676	88224	0	0	0.343445922166293	498600	-124170.912775125	622770.912775125
3677	88248	0	0	0.364235761477645	228600	-58707.8530428592	287307.853042859
3678	88272	0	0.0166666666666667	0.268669137988747	82800	-9016.35650712394	91816.3565071239
3679	88296	0	0.025	0.201591030700956	477000	113128.067135354	363871.932864646
3680	88320	0	0.0166666666666667	0.188501749186551	459000	108169.704336758	350830.295663242
3681	88344	0	0	0.143931226135967	241200	77667.6982530132	163532.301746987
3682	88368	0	0	0.12834274460956	288000	73736.9801536327	214263.019846367
3683	88392	0	0	0.0733657743777547	334800	109352.152606595	225447.847393405
3684	88416	0	0	0.0712482969471582	1832400	11993.7227113259	1820406.27728867
3685	88440	0	0.0166666666666667	0.067855356425528	1468800	61231.5422791491	1407568.45772085
3686	88464	0	0	0.0846062840750372	1105200	4504.04528889019	1100695.95471111
3687	88488	0	0.0583333333333333	0.0475313269773281	2082600	43629.5809550815	2038970.41904492
3688	88512	0	0	0.0714867559863866	451800	67559.5281475161	384240.471852484
3689	88536	0	0	0.048575148528407	1227600	545.458901864578	1227054.54109814
3690	88560	0	0	0.0798454172092047	0	-29988.1146420554	29988.1146420554
3691	88584	0	0	0.104025416984479	0	-19752.7453659518	19752.7453659518
3692	88608	0	0	0.151267493969456	0	-131812.444106449	131812.444106449
3693	88632	0	0.0916666666666667	0.103790644941823	0	13614.2561733315	-13614.2561733315
3694	88656	0	0	0.0954172617340259	0	92581.2557119138	-92581.2557119138
3695	88680	0	0.025	0.0233479199067812	2781000	45245.2925080327	2735754.70749197
3696	88704	0	0.108333333333333	0.0542970879866829	2362275	64412.9214957339	2297862.07850427
3697	88728	0	0.0333333333333333	0.053793362032108	1674000	148789.927828397	1525210.0721716
3698	88752	0	0.00833333333333333	0.0566140277336515	0	-104225.853137477	104225.853137477
3699	88776	0	0	0.0595264069004209	0	85895.9120660203	-85895.9120660203
3700	88800	0	0	0.0387225599135457	0	-61100.5428282787	61100.5428282787
3701	88824	0	0.0666666666666667	0.0569106103639259	0	-82255.6743543156	82255.6743543156
3702	88848	0	0	0.0960725442677478	0	38163.2688514271	-38163.2688514271
3703	88872	0	0.0166666666666667	0.0758004011161218	0	-71377.4003404101	71377.4003404101
3704	88896	0	0	0.047921316341979	0	74152.2909990759	-74152.2909990759
3705	88920	0	0	0.145930811169767	0	-95490.1766588712	95490.1766588712
3706	88944	0	0	0.0861264883603123	0	-30304.582253045	30304.582253045
3707	88968	0	0.00833333333333333	0.0835947573480969	0	-61992.518734022	61992.518734022
3708	88992	0	0	0.0448903029824211	0	124467.682850646	-124467.682850646
3709	89016	0	0	0.0579962085267836	0	-65846.780694286	65846.780694286
3710	89040	0	0	0.0291120439043917	0	87425.9523787077	-87425.9523787077
3711	89064	0	0.05	0.0176199923507534	0	-1894.74509452749	1894.74509452749
3712	89088	0	0	0.0319172337751548	0	102785.038616635	-102785.038616635
