timestep	time	weight	P.V1	P.V2	Q	Qfitted	Qresidual
8	192	0.985874052208457	0	0.119847813275561	865800	102945.856519717	762854.143480283
9	216	0.811933614705508	0	0.129664999994184	585000	116833.078067071	468166.92193293
10	240	0.935863778131696	0	0.109828328430654	939600	118318.559292641	821281.440707359
11	264	0.674977477677429	0.108333333333333	0.0721653115818517	561600	138596.710065021	423003.289934979
12	288	0.67688331093804	0.0833333333333333	0.0447645445491394	615600	170882.406078546	444717.593921454
13	312	0.77770697479762	0.00833333333333333	0.128336363649202	624600	189103.184295857	435496.815704143
14	336	0.853802344939512	0	0.164555566926647	664200	197969.505803792	466230.494196209
15	360	0.756855471313613	0.0166666666666667	0.194939691629291	653400	240872.375491034	412527.624508966
16	384	0.575674737668078	0	0.282623902269241	558000	317634.840248626	240365.159751374
17	408	0.754899504624563	0.0416666666666667	0.208156502350553	673200	264117.464238215	409082.535761785
18	432	0.85299809180535	0.00833333333333333	0.104859031623355	702000	196644.179218525	505355.820781475
19	456	0.999812009182813	0.383333333333333	0.227549888473444	1033200	379688.564849984	653511.435150016
20	480	0.561408193469227	0	0.19987075288214	696600	423785.328940109	272814.671059891
21	504	0.746671123600818	0	0.190024587567091	639000	318686.58079935	320313.41920065
22	528	0.62970831776378	0	0.202626961749913	581400	364659.928960463	216740.071039538
23	552	0	0	0.22396727458381		341592.593086949	
24	576	0	0	0.141908170691328		333383.937213637	
25	600	0	0.0666666666666667	0.171992806716615		210763.692056825	
26	624	0	0	0.37162237102511		331011.323880004	
27	648	0	0	0.322797012354446		299823.606152421	
28	672	0	0	0.246092539831806		298486.068751073	
29	696	0	0	0.330921647443462		339845.772305809	
30	720	0	0	0.340872844278876		353233.960698193	
31	744	0	0	0.364619341239247		352416.42882118	
32	768	0	0	0.374091110262211		359849.990375469	
33	792	0	0	0.253432159578377		297849.095216017	
34	816	0	0	0.252014675218219		292890.126972118	
35	840	0	0	0.235206226362647		256289.768320495	
36	864	0	0	0.255120510054802		263688.523096743	
37	888	0	0	0.276176716768317		265544.011533497	
38	912	0	0	0.23370273291059		245093.783064215	
39	936	0	0.0166666666666667	0.0857471366154065		161391.080279227	
40	960	0	0.175	0.124006774884938		235641.528311028	
41	984	0	0.3	0.118630637465973		337521.466300005	
42	1008	0	0	0.173959884783841		379806.942064894	
43	1032	0	0	0.154472692369296		295618.000378006	
44	1056	0	0	0.118091448251592		312173.768616277	
45	1080	0	0	0.103886511918603		290996.255144191	
46	1104	0	0	0.064785002279061		220219.733249825	
47	1128	0	0	0.10348334101243		106058.416882149	
48	1152	0	0.0333333333333333	0.043643457224249		71580.3321850989	
49	1176	0	0.075	0.0241425162463322		96311.7199246584	
50	1200	0	0.05	0.0282483357305949		105125.133394707	
51	1224	0	0.0416666666666667	0.0413623175420241		116968.644440041	
52	1248	0	0	0.0353192881762059		109786.9509157	
53	1272	0	0	0.0210214092437333		95520.7967986241	
54	1296	0	0	0.0243709576718576		91893.3693933191	
55	1320	0	0.0166666666666667	0.0339960406910524		72187.1827816773	
56	1344	0	0.0416666666666667	0.0583040346786827		89243.7342835252	
57	1368	0	0	0.0286637282613213		58689.9410579128	
58	1392	0	0	0.0399294672764494		60341.0237818903	
59	1416	0	0.025	0.090947104311077		99996.8426531226	
60	1440	0	0.0333333333333333	0.10013796293812		127976.846670103	
61	1464	0	0	0.104951618432766		138318.079738241	
62	1488	0	0	0.0793901212885686		103078.63734074	
63	1512	0	0	0.0792237225202291		108438.627507788	
64	1536	0	0	0.0751029476320841		101157.344041329	
65	1560	0	0	0.0476493497018389		76384.5388148113	
66	1584	0	0	0.067419488973103		69794.7856699135	
67	1608	0	0	0.0763486138510672		70131.1450989198	
68	1632	0	0	0.0318252464506639		46467.9203627242	
69	1656	0	0.00833333333333333	0.0465202299280083		56774.7279199425	
70	1680	0	0	0.0205567020986255		34590.4513831641	
71	1704	0	0	0.0119600121556669		27758.9948034243	
72	1728	0	0	0.0531916201528162		45044.553185083	
73	1752	0	0	0.0264132769185466		28775.9462636456	
74	1776	0	0	0.00235073604655511		20619.1533245881	
75	1800	0	0	0.0202862133935415		21385.9766156053	
76	1824	0	0.00833333333333333	0.00754851865770689		14055.7171812128	
77	1848	0	0	0.00412352034504693		13949.7995991052	
78	1872	0	0	0.0181052307763547		16178.7707575392	
79	1896	0	0	0.0160145097219484		16822.464410925	
80	1920	0	0.025	0.000585446848626604		17899.3598604737	
81	1944	0	0.0333333333333333	0		34185.8336279859	
82	1968	0	0.0166666666666667	0.00142330715640248		33953.6419006334	
83	1992	0	0.0416666666666667	0.0203248144600305		56677.0209842542	
84	2016	0	0	0.0132693676490234		57734.0699500277	
85	2040	0	0	0		44437.8631571199	
86	2064	0	0	0		39447.0802280859	
87	2088	0	0	0		22175.0807032583	
88	2112	0	0	0		18814.1064582463	
89	2136	0	0	0		-68.2881407247197	
90	2160	0	0	0		0	
91	2184	0	0	0.00547932236178284		3393.70122543541	
92	2208	0	0	0		333.684589129435	
93	2232	0	0	0		1272.80924315516	
94	2256	0	0	0		187.075157729939	
95	2280	0	0	0		381.327139148605	
96	2304	0	0	0		-28.1982341897858	
97	2328	0	0	0		0	
98	2352	0	0	0		0	
99	2376	0	0	0		0	
100	2400	0	0	0		0	
101	2424	0	0.0166666666666667	0		6113.79543893718	
102	2448	0	0	0		9158.137828263	
103	2472	0	0	0		4480.31269183562	
104	2496	0	0	0		6371.52343801226	
105	2520	0	0	0		5246.71409594228	
106	2544	0	0	0		7198.0950633935	
107	2568	0	0	0		0	
108	2592	0	0	0		0	
109	2616	0	0	0		0	
110	2640	0	0	0		0	
111	2664	0	0				
112	2688	0	0	0			
113	2712	0	0	0			
114	2736	0	0	0			
115	2760	0	0	0			
116	2784	0	0	0			
117	2808	0	0	0		0	
118	2832	0	0	0		0	
119	2856	0	0	0		0	
120	2880	0	0	0		0	
121	2904	0	0	0		0	
122	2928	0	0	0		0	
123	2952	0	0	0		0	
124	2976	0	0	0		0	
125	3000	0	0	0		0	
126	3024	0	0	0		0	
127	3048	0	0	0		0	
128	3072	0	0	0		0	
129	3096	0	0	0		0	
130	3120	0	0	0		0	
131	3144	0	0	0		0	
132	3168	0	0	0		0	
133	3192	0	0	0		0	
134	3216	0	0	0		0	
135	3240	0	0	0		0	
136	3264	0	0	0		0	
137	3288	0	0	0		0	
138	3312	0	0	0		0	
139	3336	0	0	0		0	
140	3360	0	0	0		0	
141	3384	0	0	0		0	
142	3408	0	0	0		0	
143	3432	0	0	0		0	
144	3456	0	0	0		0	
145	3480	0	0	0		0	
146	3504	0	0	0		0	
147	3528	0	0	0		0	
148	3552	0	0	0		0	
149	3576	0	0	0		0	
150	3600	0	0	0		0	
151	3624	0	0	0		0	
152	3648	0	0	0		0	
153	3672	0	0	0		0	
154	3696	0	0	0		0	
155	3720	0	0	0		0	
156	3744	0	0	0		0	
157	3768	0	0	0		0	
158	3792	0	0	0		0	
159	3816	0	0	0		0	
160	3840	0	0	0		0	
161	3864	0	0	0		0	
162	3888	0	0	0		0	
163	3912	0	0	0		0	
164	3936	0	0	0		0	
165	3960	0	0	0		0	
166	3984	0	0	0		0	
167	4008	0	0	0		0	
168	4032	0	0	0		0	
169	4056	0	0	0		0	
170	4080	0	0	0		0	
171	4104	0	0	0		0	
172	4128	0	0	0		0	
173	4152	0	0	0		0	
174	4176	0	0	0		0	
175	4200	0	0	0		0	
176	4224	0	0	0		0	
177	4248	0	0	0		0	
178	4272	0	0	0		0	
179	4296	0	0	0		0	
180	4320	0	0	0		0	
181	4344	0	0	0		0	
182	4368	0	0	0		0	
183	4392	0	0	0		0	
184	4416	0	0	0		0	
185	4440	0	0	0		0	
186	4464	0	0	0		0	
187	4488	0	0	0		0	
188	4512	0	0	0		0	
189	4536	0	0	0		0	
190	4560	0	0	0		0	
191	4584	0	0	0		0	
192	4608	0	0	0		0	
193	4632	0	0	0		0	
194	4656	0	0	0		0	
195	4680	0	0	0		0	
196	4704	0	0	0		0	
197	4728	0	0	0		0	
198	4752	0	0	0		0	
199	4776	0	0	0		0	
200	4800	0	0	0		0	
201	4824	0	0	0		0	
202	4848	0	0	0		0	
203	4872	0	0	0		0	
204	4896	0	0	0		0	
205	4920	0	0	0		0	
206	4944	0	0	0		0	
207	4968	0	0	0		0	
208	4992	0	0	0		0	
209	5016	0	0	0		0	
210	5040	0	0	0		0	
211	5064	0	0	0		0	
212	5088	0	0	0		0	
213	5112	0	0	0		0	
214	5136	0	0	0		0	
215	5160	0	0	0		0	
216	5184	0	0	0		0	
217	5208	0	0	0		0	
218	5232	0	0	0		0	
219	5256	0	0	0		0	
220	5280	0	0	0		0	
221	5304	0	0	0		0	
222	5328	0	0	0		0	
223	5352	0	0	0		0	
224	5376	0	0	0		0	
225	5400	0	0	0		0	
226	5424	0	0	0		0	
227	5448	0	0	0		0	
228	5472	0	0	0		0	
229	5496	0	0	0		0	
230	5520	0	0	0		0	
231	5544	0	0	0		0	
232	5568	0	0	0		0	
233	5592	0	0	0		0	
234	5616	0	0	0		0	
235	5640	0	0	0		0	
236	5664	0	0	0		0	
237	5688	0	0	0		0	
238	5712	0	0	0		0	
239	5736	0	0	0		0	
240	5760	0	0	0		0	
241	5784	0	0	0		0	
242	5808	0	0	0		0	
243	5832	0	0	0		0	
244	5856	0	0	0		0	
245	5880	0	0	0		0	
246	5904	0	0	0		0	
247	5928	0	0	0		0	
248	5952	0	0	0		0	
249	5976	0	0	0		0	
250	6000	0	0	0		0	
251	6024	0	0	0		0	
252	6048	0	0	0		0	
253	6072	0	0	0		0	
254	6096	0	0	0		0	
255	6120	0	0	0		0	
256	6144	0	0	0		0	
257	6168	0	0	0		0	
258	6192	0	0	0		0	
259	6216	0	0	0		0	
260	6240	0	0	0		0	
261	6264	0	0	0		0	
262	6288	0	0	0		0	
263	6312	0	0	0		0	
264	6336	0	0	0		0	
265	6360	0	0	0		0	
266	6384	0	0	0		0	
267	6408	0	0	0		0	
268	6432	0	0	0		0	
269	6456	0	0	0		0	
270	6480	0	0	0		0	
271	6504	0	0	0		0	
272	6528	0	0	0		0	
273	6552	0	0	0		0	
274	6576	0	0	0		0	
275	6600	0	0	0		0	
276	6624	0	0	0		0	
277	6648	0	0	0		0	
278	6672	0	0	0		0	
279	6696	0	0	0		0	
280	6720	0	0	0		0	
281	6744	0	0	0		0	
282	6768	0	0	0		0	
283	6792	0	0	0		0	
284	6816	0	0	0		0	
285	6840	0	0	0		0	
286	6864	0	0	0		0	
287	6888	0	0	0		0	
288	6912	0	0	0		0	
289	6936	0	0	0		0	
290	6960	0	0	0		0	
291	6984	0	0	0		0	
292	7008	0	0	0		0	
293	7032	0	0	0		0	
294	7056	0	0	0		0	
295	7080	0	0	0		0	
296	7104	0	0	0		0	
297	7128	0	0	0		0	
298	7152	0	0	0		0	
299	7176	0	0	0		0	
300	7200	0	0	0		0	
301	7224	0	0	0		0	
302	7248	0	0	0		0	
303	7272	0	0	0		0	
304	7296	0	0	0		0	
305	7320	0	0	0		0	
306	7344	0	0	0		0	
307	7368	0	0	0		0	
308	7392	0	0	0		0	
309	7416	0	0	0		0	
310	7440	0	0	0		0	
311	7464	0	0	0		0	
312	7488	0	0	0		0	
313	7512	0	0	0		0	
314	7536	0	0	0		0	
315	7560	0	0	0		0	
316	7584	0	0	0		0	
317	7608	0	0	0		0	
318	7632	0	0	0		0	
319	7656	0	0	0		0	
320	7680	0	0	0		0	
321	7704	0	0	0		0	
322	7728	0	0	0		0	
323	7752	0	0	0		0	
324	7776	0	0	0		0	
325	7800	0	0	0		0	
326	7824	0	0	0		0	
327	7848	0	0	0		0	
328	7872	0	0	0		0	
329	7896	0	0	0		0	
330	7920	0	0	0		0	
331	7944	0	0	0		0	
332	7968	0	0	0		0	
333	7992	0	0	0		0	
334	8016	0	0	0		0	
335	8040	0	0	0		0	
336	8064	0	0	0		0	
337	8088	0	0	0		0	
338	8112	0	0	0		0	
339	8136	0	0	0		0	
340	8160	0	0	0		0	
341	8184	0	0	0		0	
342	8208	0	0	0		0	
343	8232	0	0	0		0	
344	8256	0	0	0		0	
345	8280	0	0	0		0	
346	8304	0	0	0		0	
347	8328	0	0	0		0	
348	8352	0	0	0		0	
349	8376	0	0	0		0	
350	8400	0	0	0		0	
351	8424	0	0	0		0	
352	8448	0	0	0		0	
353	8472	0	0	0		0	
354	8496	0	0	0.429277109189932		265879.273990228	
355	8520	0	0	0		26142.4947000392	
356	8544	0	0	0		99718.1469487573	
357	8568	0	0	0		14656.3895330716	
358	8592	0	0	0		29875.0467924865	
359	8616	0	0	0		-2209.18859267724	
360	8640	0	0	0.125253029397534		77577.3592590016	
361	8664	0	0	0		7627.76907291399	
362	8688	0	0	0		29095.4251318212	
363	8712	0	0	0		4276.3919849155	
364	8736	0	0	0		8716.84055367697	
365	8760	0	0	0.0892650658073996		54643.0797814555	
366	8784	0	0.00833333333333333	0.0617109959463631		46714.6793900712	
367	8808	0	0.00833333333333333	0.143016306091249		120709.077049241	
368	8832	0	0.0166666666666667	0.071567601301194	2116800	83351.7641874042	2033448.2358126
369	8856	0	0	0.121340218840781	1902600	135637.29459684	1766962.70540316
370	8880	0.221916180049389	0.0416666666666667	0.117957749773024	1724400	131365.174069668	1593034.82593033
371	8904	0.308136672381834	0	0.234369267229685	1571400	228098.360561841	1343301.63943816
372	8928	0.518361645166824	0.025	0.146911448208469	1324800	170270.1331303	1154529.8668697
373	8952	0.877606035763085	0.00833333333333333	0.211776857658576	1044000	246580.876921693	797419.123078307
374	8976	0.97004204949989	0.0166666666666667	0.125449148463183	973800	170838.970717826	802961.029282174
375	9000	0.967542780472192	0	0.197863918611209	819000	239054.33060185	579945.66939815
376	9024	0.568741908803464	0	0.186593179467579	473400	188544.617613896	284855.382386105
377	9048	0.960783270620439	0	0.297846978678147	797400	279859.216512592	517540.783487408
378	9072	0.843486394030144	0	0.284861816025419	684000	261158.206183686	422841.793816314
379	9096	0.825096649761251	0	0.252243884344203	675000	269459.932588158	405540.067411842
380	9120	0.952911395949589	0	0.369173357976156	768600	332322.50399083	436277.496009171
381	9144	0.743678936843145	0	0.21271905146926	649800	242321.355278662	407478.644721338
382	9168	0.702425289652932	0.075	0.0512641976501782	635400	184878.08060684	450521.91939316
383	9192	0.763112273329853	0.00833333333333333	0.0756263159154171	653400	172336.903972764	481063.096027236
384	9216	0.775688858051608	0.00833333333333333	0.211154667413558	657000	206749.825895244	450250.174104756
385	9240	0.995263677258822	0	0.275687915018548	871200	251323.447894221	619876.552105779
386	9264	0.999995138973355	0	0.331733523004784	894600	305394.176854672	589205.823145328
387	9288	0.993881446174325	0	0.357820854767205	943200	356273.484878534	586926.515121467
388	9312	0.999919630966404	0	0.304274995304878	896400	317248.467297538	579151.532702462
389	9336	0.999912061427643	0	0.252843769824305	909000	291276.587172916	617723.412827084
390	9360	0	0	0.178223939139146		230349.172579312	
391	9384	0	0	0.154890097619517		199104.543832893	
392	9408	0	0	0.242961808882304		229281.726205206	
393	9432	0	0	0.28714426718734		250738.570458267	
394	9456	0	0	0.217867291092664		225254.882011727	
395	9480	0	0	0.255164736825318		256167.083890274	
396	9504	0	0	0.236098453657832		238294.70705961	
397	9528	0	0	0.122043845544286		175412.414450092	
398	9552	0	0	0.100164700039019		146711.251808063	
399	9576	0	0	0.0530803086302072		92023.5292387571	
400	9600	0	0.025	0.0496236384163069		85690.6232490246	
401	9624	0	0	0.0411844588185222		65295.935833537	
402	9648	0	0.075	0.0319588305323331		76217.0963652856	
403	9672	0	0	0.0202143839802558		79674.9530432	
404	9696	0	0	0.0553895075801956		75579.1135469971	
405	9720	0	0	0.0406740847996323		76431.8766947633	
406	9744	0	0.416666666666667	0.0262419578441246		210754.414914497	
407	9768	0	0	0.0333323863154513		296169.646919955	
408	9792	0	0	0.0811796383866242		175552.823188737	
409	9816	0	0.00833333333333333	0.0793594059425251		227625.636595366	
410	9840	0	0.0666666666666667	0.05515980181206		220811.52969204	
411	9864	0	0	0.0369224121182876		268443.675525209	
412	9888	0	0	0.0975377938529167		104767.856653551	
413	9912	0	0	0.137980139603407		135074.72454229	
414	9936	0	0	0.138891970283174		146361.929825072	
415	9960	0	0	0.0479888232096784		104641.037210285	
416	9984	0	0.508333333333333	0.0655089452095509		273539.779264581	
417	10008	0	0.166666666666667	0.0445265502811498		397018.912303625	
418	10032	0	0.133333333333333	0.063479525935156		344981.557871358	
419	10056	0	0.00833333333333333	0.0780737699314749		382883.364488342	
420	10080	0	0	0.0963871704716137		349193.185196364	
421	10104	0	0.05	0.101517453219527		435373.981756074	
422	10128	0	0.225	0.0983901812549668		323517.140888537	
423	10152	0	0.258333333333333	0.0583747862254373		366174.339863485	
424	10176	0	0.05	0.024026378142743		294553.965011999	
425	10200	0	0.075	0.0851604121855463		303883.876086568	
426	10224	0	0.05	0.0352605112426758		305101.897855674	
427	10248	0	0.0583333333333333	0.0439050047647758		320146.254878723	
428	10272	0	0.00833333333333333	0.0249460258266154		235128.252973596	
429	10296	0	0	0.0302354159110969		122030.87233859	
430	10320	0	0	0.0470748915967594		112979.359177643	
431	10344	0	0	0.0296697532043098		75136.011071911	
432	10368	0	0.075	0.00750610846677979		75262.2623120052	
433	10392	0	0	0		55742.9141988128	
434	10416	0	0	0		26038.5328362129	
435	10440	0	0	0		30750.7000734003	
436	10464	0	0.025	0.00369740076826552		35440.6372602019	
437	10488	0	0.00833333333333333	0.000974160502325459		49975.4321757283	
438	10512	0	0.116666666666667	0.00611619690457488		58802.4714192586	
439	10536	0	0.00833333333333333	0.0139448333621424		88323.2447233718	
440	10560	0	0	0.0172605426225711		60248.2206478068	
441	10584	0	0	0.00919922734890655		70507.0251726647	
442	10608	0	0	0.0350401437565555		70680.9214968789	
443	10632	0	0	0		58809.1545133217	
444	10656	0	0	0.00202365829410844		14435.5610886237	
445	10680	0	0	0.0230033122260291		16118.4112359068	
446	10704	0	0	0.0286637627539861		22015.5297309289	
447	10728	0	0	0.0481278375440386		36786.5729151931	
448	10752	0	0	0.0418024468083935		36406.5199586632	
449	10776	0	0.00833333333333333	0.0237473930831538		34059.8094205499	
450	10800	0	0	0.00492424810147618		22305.2110999822	
451	10824	0	0	0		12685.5044714704	
452	10848	0	0	0.000565021780460029		8151.88280746984	
453	10872	0	0	0.000188333168024357		4380.0816391406	
454	10896	0	0	0		3962.25370548643	
455	10920	0	0	0		37.697843080228	
456	10944	0	0	0		45.7521167146371	
457	10968	0	0	0		10.199058933192	
458	10992	0	0	0		-0.96921889733955	
459	11016	0	0	0		0	
460	11040	0	0	0		0	
461	11064	0	0	0		0	
462	11088	0	0	0		0	
463	11112	0	0	0		0	
464	11136	0	0	0		0	
465	11160	0	0	0		0	
466	11184	0	0	0		0	
467	11208	0	0	0		0	
468	11232	0	0	0		0	
469	11256	0	0	0		0	
470	11280	0	0	0		0	
471	11304	0	0	0		0	
472	11328	0	0	0		0	
473	11352	0	0	0		0	
474	11376	0	0	0		0	
475	11400	0	0	0		0	
476	11424	0	0	0		0	
477	11448	0	0				
478	11472	0	0	0			
479	11496	0	0	0			
480	11520	0	0	0			
481	11544	0	0	0			
482	11568	0	0	0			
483	11592	0	0	0		0	
484	11616	0	0	0		0	
485	11640	0	0	0		0	
486	11664	0	0	0		0	
487	11688	0	0	0		0	
488	11712	0	0	0		0	
489	11736	0	0	0		0	
490	11760	0	0	0		0	
491	11784	0	0	0		0	
492	11808	0	0	0		0	
493	11832	0	0	0		0	
494	11856	0	0	0		0	
495	11880	0	0	0		0	
496	11904	0	0	0		0	
497	11928	0	0	0		0	
498	11952	0	0	0		0	
499	11976	0	0	0		0	
500	12000	0	0	0		0	
501	12024	0	0	0		0	
502	12048	0	0	0		0	
503	12072	0	0	0		0	
504	12096	0	0	0		0	
505	12120	0	0	0		0	
506	12144	0	0	0		0	
507	12168	0	0	0		0	
508	12192	0	0	0		0	
509	12216	0	0	0		0	
510	12240	0	0	0		0	
511	12264	0	0	0		0	
512	12288	0	0	0		0	
513	12312	0	0	0		0	
514	12336	0	0	0		0	
515	12360	0	0	0		0	
516	12384	0	0	0		0	
517	12408	0	0	0		0	
518	12432	0	0	0		0	
519	12456	0	0	0		0	
520	12480	0	0	0		0	
521	12504	0	0	0		0	
522	12528	0	0	0		0	
523	12552	0	0	0		0	
524	12576	0	0	0		0	
525	12600	0	0	0		0	
526	12624	0	0	0		0	
527	12648	0	0	0		0	
528	12672	0	0	0		0	
529	12696	0	0	0		0	
530	12720	0	0	0		0	
531	12744	0	0	0		0	
532	12768	0	0	0		0	
533	12792	0	0	0		0	
534	12816	0	0	0		0	
535	12840	0	0	0		0	
536	12864	0	0	0		0	
537	12888	0	0	0		0	
538	12912	0	0	0		0	
539	12936	0	0	0		0	
540	12960	0	0	0		0	
541	12984	0	0	0		0	
542	13008	0	0	0		0	
543	13032	0	0	0		0	
544	13056	0	0	0		0	
545	13080	0	0	0		0	
546	13104	0	0	0		0	
547	13128	0	0	0		0	
548	13152	0	0	0		0	
549	13176	0	0	0		0	
550	13200	0	0	0		0	
551	13224	0	0	0		0	
552	13248	0	0	0		0	
553	13272	0	0	0		0	
554	13296	0	0	0		0	
555	13320	0	0	0		0	
556	13344	0	0	0		0	
557	13368	0	0	0		0	
558	13392	0	0	0		0	
559	13416	0	0	0		0	
560	13440	0	0	0		0	
561	13464	0	0	0		0	
562	13488	0	0	0		0	
563	13512	0	0	0		0	
564	13536	0	0	0		0	
565	13560	0	0	0		0	
566	13584	0	0	0		0	
567	13608	0	0	0		0	
568	13632	0	0	0		0	
569	13656	0	0	0		0	
570	13680	0	0	0		0	
571	13704	0	0	0		0	
572	13728	0	0	0		0	
573	13752	0	0	0		0	
574	13776	0	0	0		0	
575	13800	0	0	0		0	
576	13824	0	0	0		0	
577	13848	0	0	0		0	
578	13872	0	0	0		0	
579	13896	0	0	0		0	
580	13920	0	0	0		0	
581	13944	0	0	0		0	
582	13968	0	0	0		0	
583	13992	0	0	0		0	
584	14016	0	0	0		0	
585	14040	0	0	0		0	
586	14064	0	0	0		0	
587	14088	0	0	0		0	
588	14112	0	0	0		0	
589	14136	0	0	0		0	
590	14160	0	0	0		0	
591	14184	0	0	0		0	
592	14208	0	0	0		0	
593	14232	0	0	0		0	
594	14256	0	0	0		0	
595	14280	0	0	0		0	
596	14304	0	0	0		0	
597	14328	0	0	0		0	
598	14352	0	0	0		0	
599	14376	0	0	0		0	
600	14400	0	0	0		0	
601	14424	0	0	0		0	
602	14448	0	0	0		0	
603	14472	0	0	0		0	
604	14496	0	0	0		0	
605	14520	0	0	0		0	
606	14544	0	0	0		0	
607	14568	0	0	0		0	
608	14592	0	0	0		0	
609	14616	0	0	0		0	
610	14640	0	0	0		0	
611	14664	0	0	0		0	
612	14688	0	0	0		0	
613	14712	0	0	0		0	
614	14736	0	0	0		0	
615	14760	0	0	0		0	
616	14784	0	0	0		0	
617	14808	0	0	0		0	
618	14832	0	0	0		0	
619	14856	0	0	0		0	
620	14880	0	0	0		0	
621	14904	0	0	0		0	
622	14928	0	0	0		0	
623	14952	0	0	0		0	
624	14976	0	0	0		0	
625	15000	0	0	0		0	
626	15024	0	0	0		0	
627	15048	0	0	0		0	
628	15072	0	0	0		0	
629	15096	0	0	0		0	
630	15120	0	0	0		0	
631	15144	0	0	0		0	
632	15168	0	0	0		0	
633	15192	0	0	0		0	
634	15216	0	0	0		0	
635	15240	0	0	0		0	
636	15264	0	0	0		0	
637	15288	0	0	0		0	
638	15312	0	0	0		0	
639	15336	0	0	0		0	
640	15360	0	0	0		0	
641	15384	0	0	0		0	
642	15408	0	0	0		0	
643	15432	0	0	0		0	
644	15456	0	0	0		0	
645	15480	0	0	0		0	
646	15504	0	0	0		0	
647	15528	0	0	0		0	
648	15552	0	0	0		0	
649	15576	0	0	0		0	
650	15600	0	0	0		0	
651	15624	0	0	0		0	
652	15648	0	0	0		0	
653	15672	0	0	0		0	
654	15696	0	0	0		0	
655	15720	0	0	0		0	
656	15744	0	0	0		0	
657	15768	0	0	0		0	
658	15792	0	0	0		0	
659	15816	0	0	0		0	
660	15840	0	0	0		0	
661	15864	0	0	0		0	
662	15888	0	0	0		0	
663	15912	0	0	0		0	
664	15936	0	0	0		0	
665	15960	0	0	0		0	
666	15984	0	0	0		0	
667	16008	0	0	0		0	
668	16032	0	0	0		0	
669	16056	0	0	0		0	
670	16080	0	0	0		0	
671	16104	0	0	0		0	
672	16128	0	0	0		0	
673	16152	0	0	0		0	
674	16176	0	0	0		0	
675	16200	0	0	0		0	
676	16224	0	0	0		0	
677	16248	0	0	0		0	
678	16272	0	0	0		0	
679	16296	0	0	0		0	
680	16320	0	0	0		0	
681	16344	0	0	0		0	
682	16368	0	0	0		0	
683	16392	0	0	0		0	
684	16416	0	0	0		0	
685	16440	0	0	0		0	
686	16464	0	0	0		0	
687	16488	0	0	0		0	
688	16512	0	0	0		0	
689	16536	0	0	0		0	
690	16560	0	0	0		0	
691	16584	0	0	0		0	
692	16608	0	0	0		0	
693	16632	0	0	0		0	
694	16656	0	0	0		0	
695	16680	0	0	0		0	
696	16704	0	0	0		0	
697	16728	0	0	0		0	
698	16752	0	0	0		0	
699	16776	0	0	0		0	
700	16800	0	0	0		0	
701	16824	0	0	0		0	
702	16848	0	0	0		0	
703	16872	0	0	0		0	
704	16896	0	0	0		0	
705	16920	0	0	0		0	
706	16944	0	0	0		0	
707	16968	0	0	0		0	
708	16992	0	0	0		0	
709	17016	0	0	0		0	
710	17040	0	0	0		0	
711	17064	0	0	0		0	
712	17088	0	0	0		0	
713	17112	0	0	0		0	
714	17136	0	0	0		0	
715	17160	0	0	0.357514051965317		221431.738480577	
716	17184	0	0	0		21772.2049664605	
717	17208	0	0	0		83048.0778194712	
718	17232	0	0	0		12206.2534828339	
719	17256	0	0	0		24880.7793445833	
720	17280	0	0	0.0244989677979724		13333.932054082	
721	17304	0	0	0.0361349576785905		23872.6925561083	
722	17328	0	0	0		7891.52167224209	
723	17352	0	0	0		9230.34876577343	
724	17376	0	0	0.122214852543594		78634.316545886	
725	17400	0	0	0.0962605647709928		69451.876848615	
726	17424	0	0	0.0963163908732229		93720.8907970021	
727	17448	0	0	0.24291546082011		182852.262676469	
728	17472	0	0	0.276856335323305		220434.014178098	
729	17496	0	0	0.0902145992205672		138522.249451199	
730	17520	0	0	0.0419886254999768		110313.366870611	
731	17544	0	0	0.126807972083335		127915.918276465	
732	17568	0	0	0.0364185959754901		61130.035068533	
733	17592	0	0	0.267155486938691		203428.445527568	
734	17616	0	0	0.217695480775815		166349.61142871	
735	17640	0	0	0.140653359386275		172283.969929429	
736	17664	0	0	0.0226890489900558		84190.7620034872	
737	17688	0	0	0.0259777425753316		75981.7848025608	
738	17712	0	0	0.00810989365230563	880200	30453.1071427712	849746.892857229
739	17736	0	0	0.0272073481718223	739800	32822.5515438511	706977.448456149
740	17760	0	0	0.0242745227989656	745200	20317.6697555601	724882.33024444
741	17784	0	0	0.00640802552433373	754200	13735.295038635	740464.704961365
742	17808	0.953870522548454	0	0.0263930187048764	685800	23735.5867600959	662064.413239904
743	17832	0	0	0.0352488492047236	730800	27608.2636166273	703191.736383373
744	17856	0.965595160441881	0	0.130980598317657	705600	91170.4728258127	614429.527174187
745	17880	0.970725597735428	0	0.247797893045296	720000	170864.160416848	549135.839583153
746	17904	0.987830208810489	0	0.277053580705341	770400	220121.123451437	550278.876548563
747	17928	0.972950868019939	0	0.315907440865436	750600	276885.288062413	473714.711937587
748	17952	0.996362673509367	0	0.318918051079729	831600	298517.153619685	533082.846380315
749	17976	0.99976435559878	0	0.351002491923051	887400	336233.916759853	551166.083240147
750	18000	0.992553849003547	0	0.349063995350212	874800	340447.918877668	534352.081122332
751	18024	0.999164057942541	0	0.300458343719935	914400	320334.437172956	594065.562827044
752	18048	0.998134709814765	0	0.182622019330193	907200	245045.39127827	662154.60872173
753	18072	0.984684001635576	0	0.226777423056721	856800	256078.049184804	600721.950815196
754	18096	0.920338906455202	0.025	0.0522002459045901	804600	130478.646286888	674121.353713112
755	18120	0.999920591577772	0	0.0519725567873861	905400	127133.733150804	778266.266849196
756	18144	0.981351754167322	0	0.0447276817604623	923400	68619.8285518208	854780.171448179
757	18168	0.992290367091781	0.108333333333333	0.0583961330946439	952200	116886.929141155	835313.070858845
758	18192	0.976504788196174	0	0.080967457717315	963000	135732.781811149	827267.218188851
759	18216	0.963607372570707	0	0.0584747207699117	921600	99507.6553017658	822092.344698234
760	18240	0.956974642910819	0.00833333333333333	0.0268337940606314	927000	88300.0175158096	838699.98248419
761	18264	0.97332287446859	0.00833333333333333	0.104911191092984	957600	128533.591829476	829066.408170524
762	18288	0.974875800410631	0.0416666666666667	0.0836225274683535	846000	140637.249527358	705362.750472642
763	18312	0.880681215903169	0.025	0.031462271650649	1022400	91010.2209832266	931389.779016773
764	18336	0.622167955909299	0	0.171003059158993	1179000	163149.819158271	1015850.18084173
765	18360	0.739815596168831	0	0.183694229315565	1130400	170385.970277674	960014.029722326
766	18384	0.808249292903688	0.00833333333333333	0.171329299478883	1103400	192708.92283595	910691.07716405
767	18408	0.964756034263323	0.383333333333333	0.107605987342391	952200	298411.374037111	653788.625962889
768	18432	0.998879735661694	0.291666666666667	0.0339572189314819	1170000	416060.059114311	753939.940885689
769	18456	0.99264320620696	0.2	0.0514785339018635	1126800	416567.498817614	710232.501182386
770	18480	0.99960956043434	0.3	0.0668714150491834	1155600	514612.68481692	640987.31518308
771	18504	0.998722550225872	0	0.0833049194818667	1294200	529778.405744188	764421.594255812
772	18528	0.998029762046099	0.05	0.0549528180373011	1296000	491028.811151179	804971.188848822
773	18552	0.914634687812826	0.0166666666666667	0.0607989707317245	1355400	403248.317107399	952151.682892601
774	18576	0.997322398662435	0.108333333333333	0.0865647441427644	1222200	320472.79320453	901727.20679547
775	18600	0.930782049270903	0.0166666666666667	0.121667121195087	1224000	320883.110847414	903116.889152586
776	18624	0.908983988042763	0.408333333333333	0.121849216658227	1193400	318638.238097222	874761.761902778
777	18648	0.925944006559583	0.108333333333333	0.104300143479707	1267200	444036.983935076	823163.016064924
778	18672	0.999917640242916	0.00833333333333333	0.0881957385758856	964800	319173.030437021	645626.969562979
779	18696	0	0	0.0807241616763932		333616.69716585	
780	18720	0	0	0.0888219807153963		271229.005719413	
781	18744	0	0	0.123338910199746		323838.141677104	
782	18768	0	0	0.145891190950737		176272.041588303	
783	18792	0	0	0.158464323638683		147478.308490226	
784	18816	0	0	0.174786551943368		161773.598105538	
785	18840	0	0	0.136538988407715		145129.521991791	
786	18864	0	0	0.105357341840735		129100.143755741	
787	18888	0	0	0.119891233909195		128634.579919666	
788	18912	0	0.00833333333333333	0.0375302422596828		74087.1371550395	
789	18936	0	0.0166666666666667	0.00900057168894541		58602.8537729878	
790	18960	0	0.025	0.087339770771429		94653.2222946942	
791	18984	0	0.00833333333333333	0.0973196314602642		101229.081551351	
792	19008	0	0	0.0336935165579533		69680.2733895773	
793	19032	0	0	0.0518581199609578		80836.0982115977	
794	19056	0	0.00833333333333333	0.0323825106884712		61706.9798510924	
795	19080	0	0.0416666666666667	0.046896609341573		83822.264393027	
796	19104	0	0	0.0407779032532147		67983.7141791791	
797	19128	0	0.00833333333333333	0.0255004869580855		51155.8587861515	
798	19152	0	0.0166666666666667	0.044331446416189		71315.6536672947	
799	19176	0	0	0.0479140643376361		70903.0581866734	
800	19200	0	0.00833333333333333	0.0471880080506804		74627.8079117214	
801	19224	0	0	0.0378850033341678		54120.7940315428	
802	19248	0	0	0.0153366849676857		38443.3788661016	
803	19272	0	0	0.0363956434901915		47377.9398079951	
804	19296	0	0	0.000815563287343226		13238.4355370484	
805	19320	0	0	0.0231849153002361		29380.4476172505	
806	19344	0	0	0.0362759917412419		26184.4619338999	
807	19368	0	0	0.0387223501430949		34059.9693741651	
808	19392	0	0.00833333333333333	0.0449682998489074		42354.5433770057	
809	19416	0	0	0.0433665845883979		46020.1426383533	
810	19440	0	0.125	0.0289796349096942		82856.7323960854	
811	19464	0	0.00833333333333333	0.050010766214756		121785.666474838	
812	19488	0	0.0333333333333333	0.0515108113371987		99124.5971490224	
813	19512	0	0.00833333333333333	0.0563706592947639		128442.985432328	
814	19536	0	0	0.0300625387409959		93595.1161708633	
815	19560	0	0	0.0043906740406694		94326.9858173707	
816	19584	0	0.0833333333333333	0.0102809515810893		66717.6613095997	
817	19608	0	0	0		69140.61547845	
818	19632	0	0.0166666666666667	0.00071317042575636		36896.2883303086	
819	19656	0	0	0.00306997685957988		43462.4885060581	
820	19680	0	0	0		31759.4012297876	
821	19704	0	0	0		43046.5736832259	
822	19728	0	0	0.00193390068455912		6598.95225191383	
823	19752	0	0	0		7525.84876781202	
824	19776	0	0	0		433.432929000831	
825	19800	0	0	0		66.0272843447413	
826	19824	0	0	0		134.58759436824	
827	19848	0	0.0583333333333333	0.00207866461125583		22675.7839882646	
828	19872	0	0.00833333333333333	0		35236.9684628863	
829	19896	0	0	0.000178149872466449		20853.3627782093	
830	19920	0	0	0		24622.3073243366	
831	19944	0	0	0		21735.3063294738	
832	19968	0	0	0		27812.0747363918	
833	19992	0	0	0		3611.44566721824	
834	20016	0	0	0		-0.916812608020177	
835	20040	0	0	0		0	
836	20064	0	0	0		0	
837	20088	0	0	0		0	
838	20112	0	0	0		0	
839	20136	0	0	0		0	
840	20160	0	0	0		0	
841	20184	0	0	0		0	
842	20208	0	0				
843	20232	0	0	0			
844	20256	0	0	0			
845	20280	0	0	0			
846	20304	0	0	0			
847	20328	0	0	0			
848	20352	0	0	0		0	
849	20376	0	0	0		0	
850	20400	0	0	0		0	
851	20424	0	0	0		0	
852	20448	0	0	0		0	
853	20472	0	0	0		0	
854	20496	0	0	0		0	
855	20520	0	0	0		0	
856	20544	0	0	0		0	
857	20568	0	0	0		0	
858	20592	0	0	0		0	
859	20616	0	0	0		0	
860	20640	0	0	0		0	
861	20664	0	0	0		0	
862	20688	0	0	0		0	
863	20712	0	0	0		0	
864	20736	0	0	0		0	
865	20760	0	0	0		0	
866	20784	0	0	0		0	
867	20808	0	0	0		0	
868	20832	0	0	0		0	
869	20856	0	0	0		0	
870	20880	0	0	0		0	
871	20904	0	0	0		0	
872	20928	0	0	0		0	
873	20952	0	0	0		0	
874	20976	0	0	0		0	
875	21000	0	0	0		0	
876	21024	0	0	0		0	
877	21048	0	0	0		0	
878	21072	0	0	0		0	
879	21096	0	0	0		0	
880	21120	0	0	0		0	
881	21144	0	0	0		0	
882	21168	0	0	0		0	
883	21192	0	0	0		0	
884	21216	0	0	0		0	
885	21240	0	0	0		0	
886	21264	0	0	0		0	
887	21288	0	0	0		0	
888	21312	0	0	0		0	
889	21336	0	0	0		0	
890	21360	0	0	0		0	
891	21384	0	0	0		0	
892	21408	0	0	0		0	
893	21432	0	0	0		0	
894	21456	0	0	0		0	
895	21480	0	0	0		0	
896	21504	0	0	0		0	
897	21528	0	0	0		0	
898	21552	0	0	0		0	
899	21576	0	0	0		0	
900	21600	0	0	0		0	
901	21624	0	0	0		0	
902	21648	0	0	0		0	
903	21672	0	0	0		0	
904	21696	0	0	0		0	
905	21720	0	0	0		0	
906	21744	0	0	0		0	
907	21768	0	0	0		0	
908	21792	0	0	0		0	
909	21816	0	0	0		0	
910	21840	0	0	0		0	
911	21864	0	0	0		0	
912	21888	0	0	0		0	
913	21912	0	0	0		0	
914	21936	0	0	0		0	
915	21960	0	0	0		0	
916	21984	0	0	0		0	
917	22008	0	0	0		0	
918	22032	0	0	0		0	
919	22056	0	0	0		0	
920	22080	0	0	0		0	
921	22104	0	0	0		0	
922	22128	0	0	0		0	
923	22152	0	0	0		0	
924	22176	0	0	0		0	
925	22200	0	0	0		0	
926	22224	0	0	0		0	
927	22248	0	0	0		0	
928	22272	0	0	0		0	
929	22296	0	0	0		0	
930	22320	0	0	0		0	
931	22344	0	0	0		0	
932	22368	0	0	0		0	
933	22392	0	0	0		0	
934	22416	0	0	0		0	
935	22440	0	0	0		0	
936	22464	0	0	0		0	
937	22488	0	0	0		0	
938	22512	0	0	0		0	
939	22536	0	0	0		0	
940	22560	0	0	0		0	
941	22584	0	0	0		0	
942	22608	0	0	0		0	
943	22632	0	0	0		0	
944	22656	0	0	0		0	
945	22680	0	0	0		0	
946	22704	0	0	0		0	
947	22728	0	0	0		0	
948	22752	0	0	0		0	
949	22776	0	0	0		0	
950	22800	0	0	0		0	
951	22824	0	0	0		0	
952	22848	0	0	0		0	
953	22872	0	0	0		0	
954	22896	0	0	0		0	
955	22920	0	0	0		0	
956	22944	0	0	0		0	
957	22968	0	0	0		0	
958	22992	0	0	0		0	
959	23016	0	0	0		0	
960	23040	0	0	0		0	
961	23064	0	0	0		0	
962	23088	0	0	0		0	
963	23112	0	0	0		0	
964	23136	0	0	0		0	
965	23160	0	0	0		0	
966	23184	0	0	0		0	
967	23208	0	0	0		0	
968	23232	0	0	0		0	
969	23256	0	0	0		0	
970	23280	0	0	0		0	
971	23304	0	0	0		0	
972	23328	0	0	0		0	
973	23352	0	0	0		0	
974	23376	0	0	0		0	
975	23400	0	0	0		0	
976	23424	0	0	0		0	
977	23448	0	0	0		0	
978	23472	0	0	0		0	
979	23496	0	0	0		0	
980	23520	0	0	0		0	
981	23544	0	0	0		0	
982	23568	0	0	0		0	
983	23592	0	0	0		0	
984	23616	0	0	0		0	
985	23640	0	0	0		0	
986	23664	0	0	0		0	
987	23688	0	0	0		0	
988	23712	0	0	0		0	
989	23736	0	0	0		0	
990	23760	0	0	0		0	
991	23784	0	0	0		0	
992	23808	0	0	0		0	
993	23832	0	0	0		0	
994	23856	0	0	0		0	
995	23880	0	0	0		0	
996	23904	0	0	0		0	
997	23928	0	0	0		0	
998	23952	0	0	0		0	
999	23976	0	0	0		0	
1000	24000	0	0	0		0	
1001	24024	0	0	0		0	
1002	24048	0	0	0		0	
1003	24072	0	0	0		0	
1004	24096	0	0	0		0	
1005	24120	0	0	0		0	
1006	24144	0	0	0		0	
1007	24168	0	0	0		0	
1008	24192	0	0	0		0	
1009	24216	0	0	0		0	
1010	24240	0	0	0		0	
1011	24264	0	0	0		0	
1012	24288	0	0	0		0	
1013	24312	0	0	0		0	
1014	24336	0	0	0		0	
1015	24360	0	0	0		0	
1016	24384	0	0	0		0	
1017	24408	0	0	0		0	
1018	24432	0	0	0		0	
1019	24456	0	0	0		0	
1020	24480	0	0	0		0	
1021	24504	0	0	0		0	
1022	24528	0	0	0		0	
1023	24552	0	0	0		0	
1024	24576	0	0	0		0	
1025	24600	0	0	0		0	
1026	24624	0	0	0		0	
1027	24648	0	0	0		0	
1028	24672	0	0	0		0	
1029	24696	0	0	0		0	
1030	24720	0	0	0		0	
1031	24744	0	0	0		0	
1032	24768	0	0	0		0	
1033	24792	0	0	0		0	
1034	24816	0	0	0		0	
1035	24840	0	0	0		0	
1036	24864	0	0	0		0	
1037	24888	0	0	0		0	
1038	24912	0	0	0		0	
1039	24936	0	0	0		0	
1040	24960	0	0	0		0	
1041	24984	0	0	0		0	
1042	25008	0	0	0		0	
1043	25032	0	0	0		0	
1044	25056	0	0	0		0	
1045	25080	0	0	0		0	
1046	25104	0	0	0		0	
1047	25128	0	0	0		0	
1048	25152	0	0	0		0	
1049	25176	0	0	0		0	
1050	25200	0	0	0		0	
1051	25224	0	0	0		0	
1052	25248	0	0	0		0	
1053	25272	0	0	0		0	
1054	25296	0	0	0		0	
1055	25320	0	0	0		0	
1056	25344	0	0	0		0	
1057	25368	0	0	0		0	
1058	25392	0	0	0		0	
1059	25416	0	0	0		0	
1060	25440	0	0	0		0	
1061	25464	0	0	0		0	
1062	25488	0	0	0		0	
1063	25512	0	0	0		0	
1064	25536	0	0	0		0	
1065	25560	0	0	0		0	
1066	25584	0	0	0		0	
1067	25608	0	0	0		0	
1068	25632	0	0	0		0	
1069	25656	0	0	0		0	
1070	25680	0	0	0		0	
1071	25704	0	0	0		0	
1072	25728	0	0	0		0	
1073	25752	0	0	0		0	
1074	25776	0	0	0		0	
1075	25800	0	0	0		0	
1076	25824	0	0	0		0	
1077	25848	0	0	0		0	
1078	25872	0	0	0		0	
1079	25896	0	0	0		0	
1080	25920	0	0	0		0	
1081	25944	0	0	0		0	
1082	25968	0	0	0		0	
1083	25992	0	0	0		0	
1084	26016	0	0	0		0	
1085	26040	0	0	0.106266212054261		65817.5866027314	
1086	26064	0	0	0		6471.49318225728	
1087	26088	0	0	0		24684.9168578102	
1088	26112	0	0	0		3628.14360404699	
1089	26136	0	0	0		7395.47483342911	
1090	26160	0	0	0		-546.877758984871	
1091	26184	0	0	0		0	
1092	26208	0	0	0		0	
1093	26232	0	0	0.231250937412569		143228.767694692	
1094	26256	0	0	0.521615025369186		337153.082600555	
1095	26280	0	0	0.270932483532439		253289.920867841	
1096	26304	0	0	0.102524741878273		209062.725682838	
1097	26328	0	0	0.149185717768161	802800	195482.479346825	607317.520653175
1098	26352	0	0	0.0707528716524024	997200	121084.198343891	876115.801656109
1099	26376	0.871101259565966	0.141666666666667	0.10631734313883	777600	176451.362466824	601148.637533176
1100	26400	0.983316895859243	0.05	0.0733431056435041	876600	175356.031396163	701243.968603837
1101	26424	0.371417735302708	0.00833333333333333	0.264380562612678	1470600	273795.810399618	1196804.18960038
1102	26448	0.780000092650529	0	0.172483271565445	1125000	219931.763870229	905068.236129772
1103	26472	0.983702659112137	0	0.0875422669724313	876600	201629.265026713	674970.734973287
1104	26496	0.975865050029655	0	0.147444418161367	876600	230413.134021514	646186.865978486
1105	26520	0.917138941226752	0	0.159100288303065	774000	175984.229032995	598015.770967005
1106	26544	0.88404147896221	0	0.15075891715996	702000	154545.290661903	547454.709338097
1107	26568	0.871389920206221	0	0.111148384855725	658800	125219.199706914	533580.800293086
1108	26592	0.861073950874666	0	0.0589044522587905	655200	93515.1569316076	561684.843068393
1109	26616	0.8489361528702	0	0.274649353545262	637200	214975.284026593	422224.715973407
1110	26640	0.998685653280314	0	0.309909817409359	851400	235824.222560871	615575.77743913
1111	26664	0.997041173839797	0	0.151978086173968	840600	185772.771895865	654827.228104135
1112	26688	0.987192777377691	0	0.208974843545768	876600	223581.435136538	653018.564863462
1113	26712	0.993080189306006	0	0.288782871168353	921600	256283.563438459	665316.436561541
1114	26736	0.998111965069182	0	0.358787502471768	894600	313693.683489247	580906.316510753
1115	26760	0.95724152952773	0	0.349913329166093	988200	321772.840988937	666427.159011063
1116	26784	0.796657506337453	0	0.372480972867862	1126800	358975.819618062	767824.180381938
1117	26808	0.835141596580129	0	0.358651408209426	1126800	357374.129033572	769425.870966429
1118	26832	0.769376797572178	0	0.361657347161312	1195200	367794.201223494	827405.798776507
1119	26856	0.625131764124484	0	0.246455377888895	1308600	293205.315202362	1015394.68479764
1120	26880	0.690538160579273	0	0.236195993896777	1245600	281677.667854828	963922.332145173
1121	26904	0.559745861726676	0	0.200273813336308	1346400	231067.340691046	1115332.65930895
1122	26928	0.561307255863896	0	0.173706019779162	1339200	206388.507684462	1132811.49231554
1123	26952	0.584326021392241	0.0833333333333333	0.118700688335443	1326600	184543.579671821	1142056.42032818
1124	26976	0.746642632251577	0.00833333333333333	0.0723173431270991	1195200	163225.099987607	1031974.90001239
1125	27000	0.646212024220921	0	0.0699718725340954	1211400	120949.142193221	1090450.85780678
1126	27024	0.88563886569923	0	0.0778753316202314	1031400	118501.956718183	912898.043281817
1127	27048	0.965321897355246	0.116666666666667	0.0697990773961754	1031400	146279.479871116	885120.520128884
1128	27072	0.912964524193207	0.00833333333333333	0.0804532041496255	1089000	184759.153199445	904240.846800555
1129	27096	0	0.0916666666666667	0.060660097814103		139006.556485545	
1130	27120	0	0.00833333333333333	0.0563221073744256		164976.918465642	
1131	27144	0	0	0.0703760916085665		137446.579003258	
1132	27168	0	0	0.09906689359385		176332.104111553	
1133	27192	0	0	0.124552814491772		140896.8407973	
1134	27216	0	0	0.180530298677779		190635.022929989	
1135	27240	0	0.00833333333333333	0.103052088440565		118399.91556936	
1136	27264	0	0.0916666666666667	0.0531360785684871		130112.048273298	
1137	27288	0	0	0.0644176779011136		134004.155382559	
1138	27312	0	0	0.0846074083897595		111937.69297463	
1139	27336	0	0	0.0961195678632212		125373.030710895	
1140	27360	0	0	0.105923852281833		128935.771554464	
1141	27384	0	0	0.160616261334685		174946.487634721	
1142	27408	0	0	0.158478436412704		141381.116437231	
1143	27432	0	0	0.186265858905468		172198.171047529	
1144	27456	0	0.025	0.180595710155206		181542.974930116	
1145	27480	0	0.0166666666666667	0.0817002339947486		140763.207204954	
1146	27504	0	0	0.0355769513889914		101402.374133886	
1147	27528	0	0	0.0471949642480727		82726.8011027926	
1148	27552	0	0.25	0.0541481439140288		165023.584568318	
1149	27576	0	0.125	0.0359038259086546		241738.701011511	
1150	27600	0	0	0.0246112631328224		176763.739751171	
1151	27624	0	0	0.0409784318350877		169344.937935952	
1152	27648	0	0.00833333333333333	0.032011148982539		162334.521450476	
1153	27672	0	0	0.0452527431291543		194457.576659223	
1154	27696	0	0	0.045999134840848		97835.0500194476	
1155	27720	0	0	0.0632172698687654		59471.6494189082	
1156	27744	0	0.00833333333333333	0.0492242704918073		54265.1101090337	
1157	27768	0	0.00833333333333333	0.0209419677089269		46443.4598882206	
1158	27792	0	0	0.0135499081537152		33048.1091534103	
1159	27816	0	0	0.0287671327584782		34776.5517992465	
1160	27840	0	0	0.0222206291312741		28286.611816796	
1161	27864	0	0	0.0106225654710403		22504.002170462	
1162	27888	0	0	0.019965500768981		23590.9704074581	
1163	27912	0	0	0.0522318390178835		38724.9470213027	
1164	27936	0	0	0.0646123805965608		49598.4166711391	
1165	27960	0	0	0.0907651361235384		73591.2562592817	
1166	27984	0	0	0.0941558530194317		81971.473065858	
1167	28008	0	0	0.109356335570018		100287.873620866	
1168	28032	0	0.166666666666667	0.0808165449998591		147051.074921005	
1169	28056	0	0.00833333333333333	0.0840522216051749		186220.511972354	
1170	28080	0	0	0.0757886085288941		130034.046589638	
1171	28104	0	0	0.0333430903850172		120632.352562312	
1172	28128	0	0.00833333333333333	0.0420883630010689		112344.866108655	
1173	28152	0	0	0.0795689521486		146795.30612695	
1174	28176	0	0	0.0792321589625562		75515.604215823	
1175	28200	0	0	0.0421867534559315		55990.6659481227	
1176	28224	0	0.0833333333333333	0.0190608950509148		71446.3474008235	
1177	28248	0	0.0166666666666667	0.0482388629096384		104367.541047603	
1178	28272	0	0.00833333333333333	0.0469502224355232		77606.2649784267	
1179	28296	0	0	0.0319745698718794		77964.6712648163	
1180	28320	0	0.00833333333333333	0.0208562079741892		66429.5760201691	
1181	28344	0	0	0.000173679459797071		62669.1961661373	
1182	28368	0	0	0		21027.8119683302	
1183	28392	0	0	0		9520.8404815008	
1184	28416	0	0	0.00881343199619345		9374.93239733484	
1185	28440	0	0	0.00990429575555395		10174.9058500985	
1186	28464	0	0	0.000109803769946737		2717.57551752846	
1187	28488	0	0	0.000127139804355636		2687.0417049808	
1188	28512	0	0	0.00242114803566018		2484.33738760985	
1189	28536	0	0	0.0062958963760007		4724.10804601173	
1190	28560	0	0	0		906.841224406603	
1191	28584	0	0	0		1553.43978240712	
1192	28608	0	0	0.00558235561509158		3840.31379172461	
1193	28632	0	0	0.0015696956570217		1737.86967438284	
1194	28656	0	0	0		1359.93530283361	
1195	28680	0	0	0		555.222525255062	
1196	28704	0	0	0		442.090207346403	
1197	28728	0	0	0		80.512690097962	
1198	28752	0	0	0		-8.07812404908141	
1199	28776	0	0	0		0	
1200	28800	0	0	0		0	
1201	28824	0	0	0		0	
1202	28848	0	0	0		0	
1203	28872	0	0	0		0	
1204	28896	0	0	0		0	
1205	28920	0	0	0		0	
1206	28944	0	0	0		0	
1207	28968	0	0				
1208	28992	0	0	0			
1209	29016	0	0	0			
1210	29040	0	0	0			
1211	29064	0	0	0			
1212	29088	0	0	0			
1213	29112	0	0	0		0	
1214	29136	0	0	0		0	
1215	29160	0	0	0		0	
1216	29184	0	0	0		0	
1217	29208	0	0	0		0	
1218	29232	0	0	0		0	
1219	29256	0	0	0		0	
1220	29280	0	0	0		0	
1221	29304	0	0	0		0	
1222	29328	0	0	0		0	
1223	29352	0	0	0		0	
1224	29376	0	0	0		0	
1225	29400	0	0	0		0	
1226	29424	0	0	0		0	
1227	29448	0	0	0		0	
1228	29472	0	0	0		0	
1229	29496	0	0	0		0	
1230	29520	0	0	0		0	
1231	29544	0	0	0		0	
1232	29568	0	0	0		0	
1233	29592	0	0	0		0	
1234	29616	0	0	0		0	
1235	29640	0	0	0		0	
1236	29664	0	0	0		0	
1237	29688	0	0	0		0	
1238	29712	0	0	0		0	
1239	29736	0	0	0		0	
1240	29760	0	0	0		0	
1241	29784	0	0	0		0	
1242	29808	0	0	0		0	
1243	29832	0	0	0		0	
1244	29856	0	0	0		0	
1245	29880	0	0	0		0	
1246	29904	0	0	0		0	
1247	29928	0	0	0		0	
1248	29952	0	0	0		0	
1249	29976	0	0	0		0	
1250	30000	0	0	0		0	
1251	30024	0	0	0		0	
1252	30048	0	0	0		0	
1253	30072	0	0	0		0	
1254	30096	0	0	0		0	
1255	30120	0	0	0		0	
1256	30144	0	0	0		0	
1257	30168	0	0	0		0	
1258	30192	0	0	0		0	
1259	30216	0	0	0		0	
1260	30240	0	0	0		0	
1261	30264	0	0	0		0	
1262	30288	0	0	0		0	
1263	30312	0	0	0		0	
1264	30336	0	0	0		0	
1265	30360	0	0	0		0	
1266	30384	0	0	0		0	
1267	30408	0	0	0		0	
1268	30432	0	0	0		0	
1269	30456	0	0	0		0	
1270	30480	0	0	0		0	
1271	30504	0	0	0		0	
1272	30528	0	0	0		0	
1273	30552	0	0	0		0	
1274	30576	0	0	0		0	
1275	30600	0	0	0		0	
1276	30624	0	0	0		0	
1277	30648	0	0	0		0	
1278	30672	0	0	0		0	
1279	30696	0	0	0		0	
1280	30720	0	0	0		0	
1281	30744	0	0	0		0	
1282	30768	0	0	0		0	
1283	30792	0	0	0		0	
1284	30816	0	0	0		0	
1285	30840	0	0	0		0	
1286	30864	0	0	0		0	
1287	30888	0	0	0		0	
1288	30912	0	0	0		0	
1289	30936	0	0	0		0	
1290	30960	0	0	0		0	
1291	30984	0	0	0		0	
1292	31008	0	0	0		0	
1293	31032	0	0	0		0	
1294	31056	0	0	0		0	
1295	31080	0	0	0		0	
1296	31104	0	0	0		0	
1297	31128	0	0	0		0	
1298	31152	0	0	0		0	
1299	31176	0	0	0		0	
1300	31200	0	0	0		0	
1301	31224	0	0	0		0	
1302	31248	0	0	0		0	
1303	31272	0	0	0		0	
1304	31296	0	0	0		0	
1305	31320	0	0	0		0	
1306	31344	0	0	0		0	
1307	31368	0	0	0		0	
1308	31392	0	0	0		0	
1309	31416	0	0	0		0	
1310	31440	0	0	0		0	
1311	31464	0	0	0		0	
1312	31488	0	0	0		0	
1313	31512	0	0	0		0	
1314	31536	0	0	0		0	
1315	31560	0	0	0		0	
1316	31584	0	0	0		0	
1317	31608	0	0	0		0	
1318	31632	0	0	0		0	
1319	31656	0	0	0		0	
1320	31680	0	0	0		0	
1321	31704	0	0	0		0	
1322	31728	0	0	0		0	
1323	31752	0	0	0		0	
1324	31776	0	0	0		0	
1325	31800	0	0	0		0	
1326	31824	0	0	0		0	
1327	31848	0	0	0		0	
1328	31872	0	0	0		0	
1329	31896	0	0	0		0	
1330	31920	0	0	0		0	
1331	31944	0	0	0		0	
1332	31968	0	0	0		0	
1333	31992	0	0	0		0	
1334	32016	0	0	0		0	
1335	32040	0	0	0		0	
1336	32064	0	0	0		0	
1337	32088	0	0	0		0	
1338	32112	0	0	0		0	
1339	32136	0	0	0		0	
1340	32160	0	0	0		0	
1341	32184	0	0	0		0	
1342	32208	0	0	0		0	
1343	32232	0	0	0		0	
1344	32256	0	0	0		0	
1345	32280	0	0	0		0	
1346	32304	0	0	0		0	
1347	32328	0	0	0		0	
1348	32352	0	0	0		0	
1349	32376	0	0	0		0	
1350	32400	0	0	0		0	
1351	32424	0	0	0		0	
1352	32448	0	0	0		0	
1353	32472	0	0	0		0	
1354	32496	0	0	0		0	
1355	32520	0	0	0		0	
1356	32544	0	0	0		0	
1357	32568	0	0	0		0	
1358	32592	0	0	0		0	
1359	32616	0	0	0		0	
1360	32640	0	0	0		0	
1361	32664	0	0	0		0	
1362	32688	0	0	0		0	
1363	32712	0	0	0		0	
1364	32736	0	0	0		0	
1365	32760	0	0	0		0	
1366	32784	0	0	0		0	
1367	32808	0	0	0		0	
1368	32832	0	0	0		0	
1369	32856	0	0	0		0	
1370	32880	0	0	0		0	
1371	32904	0	0	0		0	
1372	32928	0	0	0		0	
1373	32952	0	0	0		0	
1374	32976	0	0	0		0	
1375	33000	0	0	0		0	
1376	33024	0	0	0		0	
1377	33048	0	0	0		0	
1378	33072	0	0	0		0	
1379	33096	0	0	0		0	
1380	33120	0	0	0		0	
1381	33144	0	0	0		0	
1382	33168	0	0	0		0	
1383	33192	0	0	0		0	
1384	33216	0	0	0		0	
1385	33240	0	0	0		0	
1386	33264	0	0	0		0	
1387	33288	0	0	0		0	
1388	33312	0	0	0		0	
1389	33336	0	0	0		0	
1390	33360	0	0	0		0	
1391	33384	0	0	0		0	
1392	33408	0	0	0		0	
1393	33432	0	0	0		0	
1394	33456	0	0	0		0	
1395	33480	0	0	0		0	
1396	33504	0	0	0		0	
1397	33528	0	0	0		0	
1398	33552	0	0	0		0	
1399	33576	0	0	0		0	
1400	33600	0	0	0		0	
1401	33624	0	0	0		0	
1402	33648	0	0	0		0	
1403	33672	0	0	0		0	
1404	33696	0	0	0		0	
1405	33720	0	0	0		0	
1406	33744	0	0	0		0	
1407	33768	0	0	0		0	
1408	33792	0	0	0		0	
1409	33816	0	0	0		0	
1410	33840	0	0	0		0	
1411	33864	0	0	0		0	
1412	33888	0	0	0		0	
1413	33912	0	0	0		0	
1414	33936	0	0	0		0	
1415	33960	0	0	0		0	
1416	33984	0	0	0		0	
1417	34008	0	0	0		0	
1418	34032	0	0	0		0	
1419	34056	0	0	0		0	
1420	34080	0	0	0		0	
1421	34104	0	0	0		0	
1422	34128	0	0	0		0	
1423	34152	0	0.075	0		27512.0794752173	
1424	34176	0	0	0		41211.6202271835	
1425	34200	0	0	0		20161.4071132603	
1426	34224	0	0	0		28671.8554710551	
1427	34248	0	0	0		23610.2134317403	
1428	34272	0	0	0		32391.4277852707	
1429	34296	0	0	0		0	
1430	34320	0	0	0		0	
1431	34344	0	0	0		0	
1432	34368	0	0	0		0	
1433	34392	0	0	0		0	
1434	34416	0	0.025	0		9170.69315840577	
1435	34440	0	0	0		13737.2067423945	
1436	34464	0	0.025	0		15891.1621961592	
1437	34488	0	0.0166666666666667	0		29408.2873383501	
1438	34512	0	0.00833333333333333	0		26805.5757293984	
1439	34536	0	0	0		29413.8093580758	
1440	34560	0	0	0		16481.7509278435	
1441	34584	0	0	0.105091963723257		84319.916538617	
1442	34608	0	0	0.275130232959601		186627.508320459	
1443	34632	0	0	0.0240439652968436		59658.3110247792	
1444	34656	0	0	0		68963.1810292431	
1445	34680	0	0	0.0584014019282954		58464.2988700129	
1446	34704	0	0	0.039979778553404		47746.1078991577	
1447	34728	0	0	0		16258.3808807692	
1448	34752	0	0	0.0137603603708949		19679.9221743938	
1449	34776	0	0.0666666666666667	0.0051408909969568		33906.6299005988	
1450	34800	0	0	0		42623.8593567709	
1451	34824	0	0	0		19379.5033540147	
1452	34848	0	0	0		26619.2506349733	
1453	34872	0	0	0.0208771346315819		34204.385120568	
1454	34896	0	0	0.00216902661416562		31380.7372410874	
1455	34920	0	0	0.0131707744143372		13139.2258386264	
1456	34944	0	0	0.00365897223953171		4284.96296607196	
1457	34968	0	0	0.0332741226514821		25418.114997238	
1458	34992	0	0	0.224506849141248		142421.21347116	
1459	35016	0	0.00833333333333333	0.263241179619746		188531.240559055	
1460	35040	0	0.025	0.188654158490711		200100.981003457	
1461	35064	0	0	0.189180865447961		215749.316305342	
1462	35088	0	0	0.121245570977919		164786.132141634	
1463	35112	0	0	0.158553560077047		185317.956798942	
1464	35136	0	0.075	0.168586963253202		199451.808030764	
1465	35160	0	0.00833333333333333	0.247207380590457		271609.484549037	
1466	35184	0	0	0.22208453432298		229385.852444139	
1467	35208	0	0	0.0850536059972393		170706.82568397	
1468	35232	0	0	0.0898074722848112		158544.797430839	
1469	35256	0	0	0.155919890315853		180731.605877445	
1470	35280	0	0.0333333333333333	0.153453609272182		158314.880735717	
1471	35304	0	0	0.237813518403025		219016.461181156	
1472	35328	0	0	0.296823259241387		254067.164378604	
1473	35352	0	0	0.173133926426349		208922.933860495	
1474	35376	0	0	0.102192907475584		171278.286229191	
1475	35400	0	0	0.121307264890645		161865.732200833	
1476	35424	0	0	0.114705703489296		127515.262292482	
1477	35448	0	0.00833333333333333	0.128454507553765		131792.028460024	
1478	35472	0	0.216666666666667	0.1114681365681		197928.650034939	
1479	35496	0	0.0666666666666667	0.100277250561783		256319.36300417	
1480	35520	0	0.283333333333333	0.110352185000984		314089.481825668	
1481	35544	0	0.1	0.202855403402232		463556.220152751	
1482	35568	0	0	0.215623985786991		410464.372907139	
1483	35592	0	0	0.272338478025349		488862.689847141	
1484	35616	0	0	0.242872513267995		387405.188297171	
1485	35640	0	0	0.275566701410479		423488.7661926	
1486	35664	0	0	0.301048822725244		326107.383103872	
1487	35688	0	0	0.167654301984204		212320.608543279	
1488	35712	0	0	0.193312516988926		224781.884723274	
1489	35736	0	0	0.302064526350189		266011.972266588	
1490	35760	0	0	0.197228693323005		210714.202362218	
1491	35784	0	0	0.0618520314050617		137206.03051669	
1492	35808	0	0	0.0893060765690805		127798.328246732	
1493	35832	0	0	0.112400042022772		116183.888448814	
1494	35856	0	0	0.137856756237365		127257.040882956	
1495	35880	0	0	0.188943849789908		157868.931703772	
1496	35904	0	0	0.212545390259295		184907.267204517	
1497	35928	0	0	0.223008603106599		207027.362443164	
1498	35952	0	0	0.197400235194224		200683.106258426	
1499	35976	0	0	0.139502357791118		169924.335863778	
1500	36000	0	0.0166666666666667	0.117866203142379		154899.734172752	
1501	36024	0	0.0166666666666667	0.15171293080374		169986.848230893	
1502	36048	0	0	0.16685906695262		170956.868126823	
1503	36072	0	0	0.152799700540031		163610.869276426	
1504	36096	0	0	0.140286921432171		159237.248451289	
1505	36120	0	0	0.0944115948968296		130606.323089289	
1506	36144	0	0	0.150642416162922		154886.50713657	
1507	36168	0	0	0.15614889953498		142383.200541307	
1508	36192	0	0	0.10222320546446		120016.145792714	
1509	36216	0	0	0.126560792989711		131876.691164841	
1510	36240	0	0	0.117538267096094		119581.423786084	
1511	36264	0	0	0.0871570280079439		104121.041961922	
1512	36288	0	0	0.13191430175277		124945.781930737	
1513	36312	0	0.025	0.117809754355395		122712.140105683	
1514	36336	0	0	0.106006756573421		127715.709104388	
1515	36360	0	0.0333333333333333	0.0453723324128852		90836.7236525427	
1516	36384	0	0	0.0171174522917568		78617.4367081292	
1517	36408	0	0.0583333333333333	0.0771939305135803		108761.576038437	
1518	36432	0	0.0416666666666667	0.0716480349994662		132251.983883995	
1519	36456	0	0	0.10131933730904		137314.958293722	
1520	36480	0	0	0.0988525945910173		135530.065483366	
1521	36504	0	0	0.07505344514062		118063.938999418	
1522	36528	0	0	0.114139966042861		144586.134772076	
1523	36552	0	0	0.090241999928292		108330.893991483	
1524	36576	0	0	0.0408960972233388		66259.7791352749	
1525	36600	0	0	0.0195366568111179		44164.9547641325	
1526	36624	0	0	0.055932673563964		55970.6297391861	
1527	36648	0	0	0.0475116912744369		44460.7196641284	
1528	36672	0	0	0.0357525662321781		41078.8060866996	
1529	36696	0	0	0.0211556814379694		29375.8470539642	
1530	36720	0	0.2	0.0486203241354435		118486.887510105	
1531	36744	0	0.00833333333333333	0.0344064582698866		146379.296346341	
1532	36768	0	0	0.00176991713348507		75794.4779959971	
1533	36792	0	0.0833333333333333	0.0442344075408432		147713.144469306	
1534	36816	0	0.05	0.0405293589004856		162935.351841027	
1535	36840	0	0.00833333333333333	0.0365749001577598		179534.826023996	
1536	36864	0	0	0.02843407682135		84186.1734049915	
1537	36888	0	0	0.0618622735610916		100584.424470702	
1538	36912	0	0	0.0327335899650478		89404.5007644919	
1539	36936	0	0	0.00893988014861513		49425.9246313513	
1540	36960	0	0	0.00446177262039882		18413.4472157747	
1541	36984	0	0	0.00026434588420976		7788.61135187129	
1542	37008	0	0	0.029820256307552		21787.0851354128	
1543	37032	0	0	0.0170252266351838		13028.2954611299	
1544	37056	0	0.00833333333333333	0.0362373138497851		33738.4159141201	
1545	37080	0	0	0.0169454489037886		22249.7041918909	
1546	37104	0	0.00833333333333333	0.00383680274897635		19778.2975512661	
1547	37128	0	0	0		14203.4022690085	
1548	37152	0	0	0		8767.60572686064	
1549	37176	0	0	0		7908.61642293966	
1550	37200	0	0	0		2803.16856736202	
1551	37224	0	0	0.0134813055438006		11929.1528017138	
1552	37248	0	0.266666666666667	0.00735018082731109		103194.169145599	
1553	37272	0	0	0		150109.438427486	
1554	37296	0	0.0666666666666667	0.00206417161392736		99586.3367296446	
1555	37320	0	0.00833333333333333	0.00163364379843145		143960.517797428	
1556	37344	0	0.316666666666667	0.00813206120796295		228667.702351753	
1557	37368	0	0	0		317807.756346666	
1558	37392	0	0	0		111387.01120272	
1559	37416	0	0	0		152855.396372099	
1560	37440	0	0	0		103844.14958305	
1561	37464	0	0	0		136721.956181564	
1562	37488	0	0	0		0	
1563	37512	0	0.00833333333333333	0.000136029334990795		3141.1495466787	
1564	37536	0	0	0.000680122336023104		5008.59700949944	
1565	37560	0	0	0		2313.17372119777	
1566	37584	0	0	0		3348.3938195157	
1567	37608	0	0	0		2656.04460650734	
1568	37632	0	0	0		3645.67981590112	
1569	37656	0	0	0		-3.50011326996347	
1570	37680	0	0	0		0	
1571	37704	0	0	0		0	
1572	37728	0	0				
1573	37752	0	0	0			
1574	37776	0	0	0			
1575	37800	0	0	0			
1576	37824	0	0	0			
1577	37848	0	0	0			
1578	37872	0	0	0		0	
1579	37896	0	0	0		0	
1580	37920	0	0	0		0	
1581	37944	0	0	0		0	
1582	37968	0	0	0		0	
1583	37992	0	0	0		0	
1584	38016	0	0	0		0	
1585	38040	0	0	0		0	
1586	38064	0	0	0		0	
1587	38088	0	0	0		0	
1588	38112	0	0	0		0	
1589	38136	0	0	0		0	
1590	38160	0	0	0		0	
1591	38184	0	0	0		0	
1592	38208	0	0	0		0	
1593	38232	0	0	0		0	
1594	38256	0	0	0		0	
1595	38280	0	0	0		0	
1596	38304	0	0	0		0	
1597	38328	0	0	0		0	
1598	38352	0	0	0		0	
1599	38376	0	0	0		0	
1600	38400	0	0	0		0	
1601	38424	0	0	0		0	
1602	38448	0	0	0		0	
1603	38472	0	0	0		0	
1604	38496	0	0	0		0	
1605	38520	0	0	0		0	
1606	38544	0	0	0		0	
1607	38568	0	0	0		0	
1608	38592	0	0	0		0	
1609	38616	0	0	0		0	
1610	38640	0	0	0		0	
1611	38664	0	0	0		0	
1612	38688	0	0	0		0	
1613	38712	0	0	0		0	
1614	38736	0	0	0		0	
1615	38760	0	0	0		0	
1616	38784	0	0	0		0	
1617	38808	0	0	0		0	
1618	38832	0	0	0		0	
1619	38856	0	0	0		0	
1620	38880	0	0	0		0	
1621	38904	0	0	0		0	
1622	38928	0	0	0		0	
1623	38952	0	0	0		0	
1624	38976	0	0	0		0	
1625	39000	0	0	0		0	
1626	39024	0	0	0		0	
1627	39048	0	0	0		0	
1628	39072	0	0	0		0	
1629	39096	0	0	0		0	
1630	39120	0	0	0		0	
1631	39144	0	0	0		0	
1632	39168	0	0	0		0	
1633	39192	0	0	0		0	
1634	39216	0	0	0		0	
1635	39240	0	0	0		0	
1636	39264	0	0	0		0	
1637	39288	0	0	0		0	
1638	39312	0	0	0		0	
1639	39336	0	0	0		0	
1640	39360	0	0	0		0	
1641	39384	0	0	0		0	
1642	39408	0	0	0		0	
1643	39432	0	0	0		0	
1644	39456	0	0	0		0	
1645	39480	0	0	0		0	
1646	39504	0	0	0		0	
1647	39528	0	0	0		0	
1648	39552	0	0	0		0	
1649	39576	0	0	0		0	
1650	39600	0	0	0		0	
1651	39624	0	0	0		0	
1652	39648	0	0	0		0	
1653	39672	0	0	0		0	
1654	39696	0	0	0		0	
1655	39720	0	0	0		0	
1656	39744	0	0	0		0	
1657	39768	0	0	0		0	
1658	39792	0	0	0		0	
1659	39816	0	0	0		0	
1660	39840	0	0	0		0	
1661	39864	0	0	0		0	
1662	39888	0	0	0		0	
1663	39912	0	0	0		0	
1664	39936	0	0	0		0	
1665	39960	0	0	0		0	
1666	39984	0	0	0		0	
1667	40008	0	0	0		0	
1668	40032	0	0	0		0	
1669	40056	0	0	0		0	
1670	40080	0	0	0		0	
1671	40104	0	0	0		0	
1672	40128	0	0	0		0	
1673	40152	0	0	0		0	
1674	40176	0	0	0		0	
1675	40200	0	0	0		0	
1676	40224	0	0	0		0	
1677	40248	0	0	0		0	
1678	40272	0	0	0		0	
1679	40296	0	0	0		0	
1680	40320	0	0	0		0	
1681	40344	0	0	0		0	
1682	40368	0	0	0		0	
1683	40392	0	0	0		0	
1684	40416	0	0	0		0	
1685	40440	0	0	0		0	
1686	40464	0	0	0		0	
1687	40488	0	0	0		0	
1688	40512	0	0	0		0	
1689	40536	0	0	0		0	
1690	40560	0	0	0		0	
1691	40584	0	0	0		0	
1692	40608	0	0	0		0	
1693	40632	0	0	0		0	
1694	40656	0	0	0		0	
1695	40680	0	0	0		0	
1696	40704	0	0	0		0	
1697	40728	0	0	0		0	
1698	40752	0	0	0		0	
1699	40776	0	0	0		0	
1700	40800	0	0	0		0	
1701	40824	0	0	0		0	
1702	40848	0	0	0		0	
1703	40872	0	0	0		0	
1704	40896	0	0	0		0	
1705	40920	0	0	0		0	
1706	40944	0	0	0		0	
1707	40968	0	0	0		0	
1708	40992	0	0	0		0	
1709	41016	0	0	0		0	
1710	41040	0	0	0		0	
1711	41064	0	0	0		0	
1712	41088	0	0	0		0	
1713	41112	0	0	0		0	
1714	41136	0	0	0		0	
1715	41160	0	0	0		0	
1716	41184	0	0	0		0	
1717	41208	0	0	0		0	
1718	41232	0	0	0		0	
1719	41256	0	0	0		0	
1720	41280	0	0	0		0	
1721	41304	0	0	0		0	
1722	41328	0	0	0		0	
1723	41352	0	0	0		0	
1724	41376	0	0	0		0	
1725	41400	0	0	0		0	
1726	41424	0	0	0		0	
1727	41448	0	0	0		0	
1728	41472	0	0	0		0	
1729	41496	0	0	0		0	
1730	41520	0	0	0		0	
1731	41544	0	0	0		0	
1732	41568	0	0	0		0	
1733	41592	0	0	0		0	
1734	41616	0	0	0		0	
1735	41640	0	0	0		0	
1736	41664	0	0	0		0	
1737	41688	0	0	0		0	
1738	41712	0	0	0		0	
1739	41736	0	0	0		0	
1740	41760	0	0	0		0	
1741	41784	0	0	0		0	
1742	41808	0	0	0		0	
1743	41832	0	0	0		0	
1744	41856	0	0	0		0	
1745	41880	0	0	0		0	
1746	41904	0	0	0		0	
1747	41928	0	0	0		0	
1748	41952	0	0	0		0	
1749	41976	0	0	0		0	
1750	42000	0	0	0		0	
1751	42024	0	0	0		0	
1752	42048	0	0	0		0	
1753	42072	0	0	0		0	
1754	42096	0	0	0		0	
1755	42120	0	0	0		0	
1756	42144	0	0	0		0	
1757	42168	0	0	0		0	
1758	42192	0	0	0		0	
1759	42216	0	0	0		0	
1760	42240	0	0	0		0	
1761	42264	0	0	0		0	
1762	42288	0	0	0		0	
1763	42312	0	0	0		0	
1764	42336	0	0	0		0	
1765	42360	0	0	0		0	
1766	42384	0	0	0		0	
1767	42408	0	0	0		0	
1768	42432	0	0	0		0	
1769	42456	0	0	0		0	
1770	42480	0	0	0		0	
1771	42504	0	0	0		0	
1772	42528	0	0	0		0	
1773	42552	0	0.0416666666666667	0		15284.488597343	
1774	42576	0	0	0		22895.3445706575	
1775	42600	0	0	0		11200.781729589	
1776	42624	0	0	0		15928.8085950306	
1777	42648	0	0	0		13116.7852398557	
1778	42672	0	0	0		17995.2376584837	
1779	42696	0	0	0		0	
1780	42720	0	0	0		0	
1781	42744	0	0	0		0	
1782	42768	0	0	0		0	
1783	42792	0	0	0		0	
1784	42816	0	0	0		0	
1785	42840	0	0	0		0	
1786	42864	0	0	0		0	
1787	42888	0	0	0		0	
1788	42912	0	0	0		0	
1789	42936	0	0	0		0	
1790	42960	0	0.0166666666666667	0		6113.79543893718	
1791	42984	0	0	0		9158.137828263	
1792	43008	0	0	0		4480.31269183562	
1793	43032	0	0	0		6371.52343801226	
1794	43056	0	0	0		5246.71409594228	
1795	43080	0	0	0		7198.0950633935	
1796	43104	0	0	0		0	
1797	43128	0	0	0		0	
1798	43152	0	0	0		0	
1799	43176	0	0	0		0	
1800	43200	0	0	0		0	
1801	43224	0	0	0		0	
1802	43248	0	0	0		0	
1803	43272	0	0	0		0	
1804	43296	0	0	0		0	
1805	43320	0	0	0		0	
1806	43344	0	0	0		0	
1807	43368	0	0	0		0	
1808	43392	0	0	0		0	
1809	43416	0	0	0		0	
1810	43440	0	0	0		0	
1811	43464	0	0	0		0	
1812	43488	0	0	0		0	
1813	43512	0	0	0		0	
1814	43536	0	0	0		0	
1815	43560	0	0	0.0157539514138769		9757.44821871149	
1816	43584	0	0	0		959.397979825036	
1817	43608	0	0	0		3659.53555053759	
1818	43632	0	0	0.568630589421602		352727.832654276	
1819	43656	0	0.025	0.473068276833898		337898.033091781	
1820	43680	0	0.116666666666667	0.198227044661384		340125.958649685	
1821	43704	0	0	0.181085688826328		324362.136652874	
1822	43728	0	0	0.0754086410862662		200424.364699954	
1823	43752	0	0	0.111591319383697		205007.952745202	
1824	43776	0	0	0.08301354209005		140795.998680143	
1825	43800	0	0	0.0914501389971349		152161.945828885	
1826	43824	0	0	0.151413792828754		126759.12504018	
1827	43848	0	0	0.340458164344063	687600	251544.335143074	436055.664856926
1828	43872	0	0	0.314999426953673	621000	259330.817337765	361669.182662235
1829	43896	0	0	0.280712010063505	579600	283239.182999896	296360.817000105
1830	43920	0	0	0.184894828878253	538200	226475.44717555	311724.55282445
1831	43944	0	0	0.100653394067253	567000	172477.869373653	394522.130626347
1832	43968	0	0	0.177864050899454	649800	188996.278663206	460803.721336794
1833	43992	0	0	0.0849378106873275	682200	111047.769139386	571152.230860614
1834	44016	0	0	0.113888110938383	640800	131886.974906989	508913.025093011
1835	44040	0	0	0.146259221798373	662400	129379.967079665	533020.032920335
1836	44064	0	0	0.139147909742525	651600	136306.018729575	515293.981270425
1837	44088	0	0	0.118931897244188	662400	124995.420820891	537404.579179109
1838	44112	0	0	0.175626467932614	666000	160825.223713362	505174.776286638
1839	44136	0	0.00833333333333333	0.193106218689063	750600	175326.112186629	575273.887813371
1840	44160	0	0	0.172289991960688	761400	176837.987350366	584562.012649635
1841	44184	0	0	0.179592975210346	801000	182380.384295607	618619.615704394
1842	44208	0	0	0.219211600910618	779400	208120.086133025	571279.913866976
1843	44232	0	0	0.209217935773688	799200	205691.124640509	593508.875359491
1844	44256	0	0	0.227477331472702	856800	225281.283159527	631518.716840473
1845	44280	0	0	0.378857536664018	981000	316200.402375409	664799.597624591
1846	44304	0	0	0.420679222442395	1094400	357942.139737745	736457.860262255
1847	44328	0	0	0.345303666425967	1198800	348692.658007663	850107.341992337
1848	44352	0	0	0.3094622346018	1013400	338108.929237401	675291.070762599
1849	44376	0	0	0.327656930310193	1013400	341555.198380598	671844.801619402
1850	44400	0	0	0.280678269514211	1013400	304798.580265647	708601.419734353
1851	44424	0	0.0416666666666667	0.252615417212247	1013400	297382.871534852	716017.128465149
1852	44448	0	0	0.223383593288416	1013400	272781.501696139	740618.498303862
1853	44472	0	0	0.272732592927165	1013400	283199.737038007	730200.262961993
1854	44496	0	0	0.161557338806075	1013400	210963.44925753	802436.55074247
1855	44520	0	0.358333333333333	0.105163712520728	2577600	306653.500614867	2270946.49938513
1856	44544	0	0.0333333333333333	0.162487868069196	1960200	395252.865455459	1564947.13454454
1857	44568	0	0	0.174910276890131	1013400	280647.275150843	732752.724849157
1858	44592	0	0	0.183191054174094	1013400	321237.530819422	692162.469180578
1859	44616	0	0.00833333333333333	0.17112983519886	1013400	298417.735943407	714982.264056593
1860	44640	0	0	0.186458484117718	1013400	355031.81671918	658368.18328082
1861	44664	0	0	0.188106966833868	1013400	201841.63198575	811558.36801425
1862	44688	0	0	0.181860815573666	1013400	188284.097656136	825115.902343864
1863	44712	0	0	0.146728236132668	1013400	165605.695004265	847794.304995735
1864	44736	0	0.0666666666666667	0.104240333293063	1920600	162315.701440355	1758284.29855964
1865	44760	0	0	0.112386937942752	1710000	165013.804105539	1544986.19589446
1866	44784	0	0.00833333333333333	0.0975512719726214	1429200	129154.501177204	1300045.4988228
1867	44808	0	0	0.0991344394428957	1013400	136347.509486038	877052.490513962
1868	44832	0	0.0333333333333333	0.0641281192670906	1218600	114207.492897289	1104392.50710271
1869	44856	0	0.00833333333333333	0.0552926521333905	1013400	125146.827107088	888253.172892912
1870	44880	0	0.241666666666667	0.0404344205684701	1013400	157715.783302008	855684.216697992
1871	44904	0	0	0.043672529963704		202317.591829142	
1872	44928	0	0	0.0308326878851073		115633.214517057	
1873	44952	0	0	0.0176676642725511		137270.398481179	
1874	44976	0	0	0.0391032684378185		116154.270250389	
1875	45000	0	0	0.0343384421657014		136009.777693065	
1876	45024	0	0	0.0866802017533067		67385.513484939	
1877	45048	0	0	0.0821036557824648		66513.4062023727	
1878	45072	0	0	0.0881985247055948		83565.1395944346	
1879	45096	0	0	0.10814440811561		96572.131564943	
1880	45120	0	0	0.117297879086857		108382.884037629	
1881	45144	0	0	0.105613835967267		105957.149353674	
1882	45168	0	0	0.0887961133168283		98084.2926283099	
1883	45192	0	0	0.0728423500526602		86134.0466989309	
1884	45216	0	0	0.0750452921749254		82755.7244944045	
1885	45240	0	0	0.0676031422566439		73140.0873955736	
1886	45264	0	0	0.0610102981019107		67460.2451934423	
1887	45288	0	0	0.0259629528045195		42674.362105688	
1888	45312	0	0	0.0121498445882597		30434.5116923019	
1889	45336	0	0	0.00257151938460609		14765.2108426445	
1890	45360	0	0	0.00377554398219715		10101.83233547	
1891	45384	0	0	0.00388182106370572		5139.24231160763	
1892	45408	0	0	0.00441788076940242		4649.45120820326	
1893	45432	0	0	0.0107527856222447		8076.00497542024	
1894	45456	0	0	0.00337094101410606		4150.9735779175	
1895	45480	0	0	0.0184261831585974		14517.1769243655	
1896	45504	0	0	0.0346332427822844		24010.4057442964	
1897	45528	0	0	0.0528553463236108		39966.8438217091	
1898	45552	0	0	0.0461984484764404		40685.9727152328	
1899	45576	0	0	0.0526476740098296		50146.9542749355	
1900	45600	0	0	0.017121323218662		28662.1422762974	
1901	45624	0	0	0.0366357818256731		41040.7737289028	
1902	45648	0	0	0.0186160630391576		22479.0017352993	
1903	45672	0	0	0.0122792729473904		21260.053256075	
1904	45696	0	0	0.0272998664088764		24152.1817895664	
1905	45720	0	0	0.0260905905064064		23771.6284803145	
1906	45744	0	0	0.0418705404766442		35389.8775479706	
1907	45768	0	0	0.0417449953070612		36156.7606782391	
1908	45792	0	0	0.0215440280083126		28339.5799733091	
1909	45816	0	0	0.0115215042555974		21249.899460871	
1910	45840	0	0	0.000252925687977523		10067.7517012449	
1911	45864	0	0	0.000485189484551895		6417.5525928891	
1912	45888	0	0	0		1766.16749416296	
1913	45912	0	0	0		812.29542432857	
1914	45936	0	0	0.000103229278698436		38.8109274698099	
1915	45960	0	0	0.00585680967473578		3666.25482562629	
1916	45984	0	0	0.00221813462936815		1751.99092138233	
1917	46008	0	0	0.00073241044174921		1952.73283312322	
1918	46032	0	0	0.000190832017537446		885.202692392855	
1919	46056	0	0	0.000134096363542113		747.608314732752	
1920	46080	0	0	0.000314604832063026		396.584166247257	
1921	46104	0	0	6.18885067620313e-05		134.711804870999	
1922	46128	0	0	0		90.9393517570598	
1923	46152	0	0	0		33.4677277011355	
1924	46176	0	0	0		23.3174603788721	
1925	46200	0	0	0		2.68800875829484	
1926	46224	0	0	0		-0.318496794330617	
1927	46248	0	0	0.00141303428767436		875.184170055369	
1928	46272	0	0	0.00166551711751062		1117.61543564218	
1929	46296	0	0	0		429.666360517917	
1930	46320	0	0	0		435.132127044516	
1931	46344	0	0	0		155.202622468313	
1932	46368	0	0	0		108.637850916227	
1933	46392	0	0	0.000665111155349507		403.375409457488	
1934	46416	0	0	0		40.5045237247168	
1935	46440	0	0	0		154.500788666687	
1936	46464	0	0	0		22.7082412896156	
1937	46488	0	0	0		46.2876460516785	
1938	46512	0	0				
1939	46536	0	0	0			
1940	46560	0	0	0			
1941	46584	0	0	0			
1942	46608	0	0	0			
1943	46632	0	0	0			
1944	46656	0	0	0		0	
1945	46680	0	0	0		0	
1946	46704	0	0	0		0	
1947	46728	0	0	0		0	
1948	46752	0	0	0		0	
1949	46776	0	0	0		0	
1950	46800	0	0	0		0	
1951	46824	0	0	0		0	
1952	46848	0	0	0		0	
1953	46872	0	0	0		0	
1954	46896	0	0	0		0	
1955	46920	0	0	0		0	
1956	46944	0	0	0		0	
1957	46968	0	0	0		0	
1958	46992	0	0	0		0	
1959	47016	0	0	0		0	
1960	47040	0	0	0		0	
1961	47064	0	0	0		0	
1962	47088	0	0	0		0	
1963	47112	0	0	0		0	
1964	47136	0	0	0		0	
1965	47160	0	0	0		0	
1966	47184	0	0	0		0	
1967	47208	0	0	0		0	
1968	47232	0	0	0		0	
1969	47256	0	0	0		0	
1970	47280	0	0	0		0	
1971	47304	0	0	0		0	
1972	47328	0	0	0		0	
1973	47352	0	0	0		0	
1974	47376	0	0	0		0	
1975	47400	0	0	0		0	
1976	47424	0	0	0		0	
1977	47448	0	0	0		0	
1978	47472	0	0	0		0	
1979	47496	0	0	0		0	
1980	47520	0	0	0		0	
1981	47544	0	0	0		0	
1982	47568	0	0	0		0	
1983	47592	0	0	0		0	
1984	47616	0	0	0		0	
1985	47640	0	0	0		0	
1986	47664	0	0	0		0	
1987	47688	0	0	0		0	
1988	47712	0	0	0		0	
1989	47736	0	0	0		0	
1990	47760	0	0	0		0	
1991	47784	0	0	0		0	
1992	47808	0	0	0		0	
1993	47832	0	0	0		0	
1994	47856	0	0	0		0	
1995	47880	0	0	0		0	
1996	47904	0	0	0		0	
1997	47928	0	0	0		0	
1998	47952	0	0	0		0	
1999	47976	0	0	0		0	
2000	48000	0	0	0		0	
2001	48024	0	0	0		0	
2002	48048	0	0	0		0	
2003	48072	0	0	0		0	
2004	48096	0	0	0		0	
2005	48120	0	0	0		0	
2006	48144	0	0	0		0	
2007	48168	0	0	0		0	
2008	48192	0	0	0		0	
2009	48216	0	0	0		0	
2010	48240	0	0	0		0	
2011	48264	0	0	0		0	
2012	48288	0	0	0		0	
2013	48312	0	0	0		0	
2014	48336	0	0	0		0	
2015	48360	0	0	0		0	
2016	48384	0	0	0		0	
2017	48408	0	0	0		0	
2018	48432	0	0	0		0	
2019	48456	0	0	0		0	
2020	48480	0	0	0		0	
2021	48504	0	0	0		0	
2022	48528	0	0	0		0	
2023	48552	0	0	0		0	
2024	48576	0	0	0		0	
2025	48600	0	0	0		0	
2026	48624	0	0	0		0	
2027	48648	0	0	0		0	
2028	48672	0	0	0		0	
2029	48696	0	0	0		0	
2030	48720	0	0	0		0	
2031	48744	0	0	0		0	
2032	48768	0	0	0		0	
2033	48792	0	0	0		0	
2034	48816	0	0	0		0	
2035	48840	0	0	0		0	
2036	48864	0	0	0		0	
2037	48888	0	0	0		0	
2038	48912	0	0	0		0	
2039	48936	0	0	0		0	
2040	48960	0	0	0		0	
2041	48984	0	0	0		0	
2042	49008	0	0	0		0	
2043	49032	0	0	0		0	
2044	49056	0	0	0		0	
2045	49080	0	0	0		0	
2046	49104	0	0	0		0	
2047	49128	0	0	0		0	
2048	49152	0	0	0		0	
2049	49176	0	0	0		0	
2050	49200	0	0	0		0	
2051	49224	0	0	0		0	
2052	49248	0	0	0		0	
2053	49272	0	0	0		0	
2054	49296	0	0	0		0	
2055	49320	0	0	0		0	
2056	49344	0	0	0		0	
2057	49368	0	0	0		0	
2058	49392	0	0	0		0	
2059	49416	0	0	0		0	
2060	49440	0	0	0		0	
2061	49464	0	0	0		0	
2062	49488	0	0	0		0	
2063	49512	0	0	0		0	
2064	49536	0	0	0		0	
2065	49560	0	0	0		0	
2066	49584	0	0	0		0	
2067	49608	0	0	0		0	
2068	49632	0	0	0		0	
2069	49656	0	0	0		0	
2070	49680	0	0	0		0	
2071	49704	0	0	0		0	
2072	49728	0	0	0		0	
2073	49752	0	0	0		0	
2074	49776	0	0	0		0	
2075	49800	0	0	0		0	
2076	49824	0	0	0		0	
2077	49848	0	0	0		0	
2078	49872	0	0	0		0	
2079	49896	0	0	0		0	
2080	49920	0	0	0		0	
2081	49944	0	0	0		0	
2082	49968	0	0	0		0	
2083	49992	0	0	0		0	
2084	50016	0	0	0		0	
2085	50040	0	0	0		0	
2086	50064	0	0	0		0	
2087	50088	0	0	0		0	
2088	50112	0	0	0		0	
2089	50136	0	0	0		0	
2090	50160	0	0	0		0	
2091	50184	0	0	0		0	
2092	50208	0	0	0		0	
2093	50232	0	0	0		0	
2094	50256	0	0	0		0	
2095	50280	0	0	0		0	
2096	50304	0	0	0		0	
2097	50328	0	0	0		0	
2098	50352	0	0	0		0	
2099	50376	0	0	0		0	
2100	50400	0	0	0		0	
2101	50424	0	0	0		0	
2102	50448	0	0	0		0	
2103	50472	0	0	0		0	
2104	50496	0	0	0		0	
2105	50520	0	0	0		0	
2106	50544	0	0	0		0	
2107	50568	0	0	0		0	
2108	50592	0	0	0		0	
2109	50616	0	0	0		0	
2110	50640	0	0	0		0	
2111	50664	0	0	0		0	
2112	50688	0	0	0		0	
2113	50712	0	0	0		0	
2114	50736	0	0	0		0	
2115	50760	0	0	0		0	
2116	50784	0	0	0		0	
2117	50808	0	0	0		0	
2118	50832	0	0	0		0	
2119	50856	0	0	0		0	
2120	50880	0	0	0		0	
2121	50904	0	0	0		0	
2122	50928	0	0	0		0	
2123	50952	0	0	0		0	
2124	50976	0	0	0		0	
2125	51000	0	0	0		0	
2126	51024	0	0	0		0	
2127	51048	0	0	0		0	
2128	51072	0	0	0		0	
2129	51096	0	0	0		0	
2130	51120	0	0	0		0	
2131	51144	0	0	0		0	
2132	51168	0	0	0		0	
2133	51192	0	0	0		0	
2134	51216	0	0	0		0	
2135	51240	0	0	0		0	
2136	51264	0	0	0		0	
2137	51288	0	0	0		0	
2138	51312	0	0	0		0	
2139	51336	0	0	0		0	
2140	51360	0	0	0		0	
2141	51384	0	0	0		0	
2142	51408	0	0	0		0	
2143	51432	0	0	0		0	
2144	51456	0	0	0		0	
2145	51480	0	0	0		0	
2146	51504	0	0	0		0	
2147	51528	0	0	0		0	
2148	51552	0	0	0		0	
2149	51576	0	0	0		0	
2150	51600	0	0	0		0	
2151	51624	0	0	0		0	
2152	51648	0	0	0		0	
2153	51672	0	0	0		0	
2154	51696	0	0	0		0	
2155	51720	0	0	0		0	
2156	51744	0	0	0		0	
2157	51768	0	0	0		0	
2158	51792	0	0	0		0	
2159	51816	0	0	0		0	
2160	51840	0	0	0		0	
2161	51864	0	0	0		0	
2162	51888	0	0	0		0	
2163	51912	0	0	0		0	
2164	51936	0	0	0		0	
2165	51960	0	0	0		0	
2166	51984	0	0	0		0	
2167	52008	0	0.0416666666666667	0		15284.488597343	
2168	52032	0	0	0		22895.3445706575	
2169	52056	0	0.00833333333333333	0		14257.6794490576	
2170	52080	0	0	0		20507.8775091621	
2171	52104	0	0	0		15356.9415857735	
2172	52128	0	0	0		21180.9993774899	
2173	52152	0	0	0		2623.35704797114	
2174	52176	0	0	0		3599.04753169675	
2175	52200	0	0	0		0	
2176	52224	0	0	0		0	
2177	52248	0	0	0		0	
2178	52272	0	0	0		0	
2179	52296	0	0	0.0763701129437667		47300.9851896306	
2180	52320	0	0	0		4650.85426204375	
2181	52344	0	0	0.0600631084002652		54941.2519213632	
2182	52368	0	0	0.0662363275340779		47289.6780633324	
2183	52392	0	0	0		23300.8590366821	
2184	52416	0	0	0.248179806049343		170757.818797033	
2185	52440	0	0	0		21555.3372349685	
2186	52464	0	0	0		61951.0159068381	
2187	52488	0	0	0		8132.48900944212	
2188	52512	0	0.0166666666666667	0		23385.5836613879	
2189	52536	0	0	0.110022291421898		76024.9014060022	
2190	52560	0	0	0		11180.5468967546	
2191	52584	0	0	0.000110614663603736		31997.4628011855	
2192	52608	0	0	0.116803921727679		81354.1107225091	
2193	52632	0	0	0.0146712205061899		31080.7352873697	
2194	52656	0	0	0.238759717577785		175343.229145248	
2195	52680	0	0	0.330083229931146		226385.887851385	
2196	52704	0	0.0333333333333333	0.221706381836435		233737.918074668	
2197	52728	0	0	0.118210195278696		190280.962781947	
2198	52752	0	0.00833333333333333	0.0734881284588986		144043.672723671	
2199	52776	0	0	0.00709843286597267		82965.9435072945	
2200	52800	0	0	0.18073069436846		159941.582085258	
2201	52824	0	0	0.104439865963567		104518.346246427	
2202	52848	0	0	0.0749714322452581		102149.159148675	
2203	52872	0	0	0.0116653248733551		45936.8154370391	
2204	52896	0	0	0.0284453828298483		51850.8389626715	
2205	52920	0	0	0.161623982318774		113444.28131557	
2206	52944	0	0	0.0108693506996267		28260.8343434768	
2207	52968	0	0	0.161769749802048		139797.81594057	
2208	52992	0	0.0333333333333333	0.154014062354972		127432.764051122	
2209	53016	0	0	0.182711933052357		189911.718974972	
2210	53040	0	0.2	0.226576324514391		275010.836356414	
2211	53064	0	0.00833333333333333	0.141649289186988		286131.805108636	
2212	53088	0	0	0.107424496575651		212753.727296771	
2213	53112	0	0	0.103013943727824		216002.867458614	
2214	53136	0	0	0.204956280823701		243980.739140211	
2215	53160	0	0	0.167741325636237		241664.25070222	
2216	53184	0	0.00833333333333333	0.281498447958787		249095.694180148	
2217	53208	0	0	0.270300932270645		241716.069235074	
2218	53232	0	0.566666666666667	0.122683766239983		387407.027819559	
2219	53256	0	0.116666666666667	0.12386098415306		524564.484355192	
2220	53280	0	0	0.198120868558887		405767.644144445	
2221	53304	0	0.0666666666666667	0.0766031277817305		385882.202143919	
2222	53328	0	0	0.091247882687096		378200.274668116	
2223	53352	0	0.0583333333333333	0.059066729072633		395469.75933798	
2224	53376	0	0.00833333333333333	0.0529012403784046		184307.636155853	
2225	53400	0	0	0.0766955661666318		113118.908838706	
2226	53424	0	0.00833333333333333	0.103962413398841		145712.458544076	
2227	53448	0	0	0.0810846982627025		105943.664283451	
2228	53472	0	0	0.139506824223154		151546.404064473	
2229	53496	0	0	0.258700240053161		202960.731311095	
2230	53520	0	0	0.203024259514024		186139.385753429	
2231	53544	0	0	0.213314548315373		218047.913739189	
2232	53568	0	0	0.234697875915501		223639.530725029	
2233	53592	0	0	0.196808982277987		209958.635971998	
2234	53616	0	0.05	0.103182326938116		168833.966969406	
2235	53640	0	0.266666666666667	0.0618724385714966		237431.462696657	
2236	53664	0	0.00833333333333333	0.037948623076506		236223.813855855	
2237	53688	0	0	0.0190186591933967		139853.433871935	
2238	53712	0	0	0.0413051289522679		163761.519615251	
2239	53736	0	0	0.0431088332956993		147431.498562539	
2240	53760	0	0	0.0514701837400047		164863.807070774	
2241	53784	0	0.00833333333333333	0.0896681510447284		77880.1637152734	
2242	53808	0	0.0416666666666667	0.0750495294808102		88012.0122109668	
2243	53832	0	0.00833333333333333	0.0574650319205396		93728.805791673	
2244	53856	0	0.00833333333333333	0.0378277816664871		72806.3788615474	
2245	53880	0	0.00833333333333333	0.0294153293264055		70837.3365283356	
2246	53904	0	0.00833333333333333	0.106828457556737		113245.534860135	
2247	53928	0	0	0.120080004824513		123240.166233278	
2248	53952	0	0.158333333333333	0.134987334339443		188805.235575177	
2249	53976	0	0.0416666666666667	0.101399930188117		216112.682386894	
2250	54000	0	0	0.0389046039573149		144691.652865043	
2251	54024	0	0	0.112012801975049		183045.684943908	
2252	54048	0	0	0.139427233789215		180226.007718408	
2253	54072	0	0	0.103781721821655		187978.649306455	
2254	54096	0	0	0.0897035293881814		118272.693408903	
2255	54120	0	0	0.103595044893302		106089.305304441	
2256	54144	0	0.175	0.0771856696191566		151817.449968464	
2257	54168	0	0	0.00987505792347676		140609.352815137	
2258	54192	0	0	0.0362549898070892		97275.1115524632	
2259	54216	0	0	0.021074020412593		93838.5182635843	
2260	54240	0	0	0.0171494323448727		80593.1009897554	
2261	54264	0	0	0		83047.572163159	
2262	54288	0	0	0		7175.51029984487	
2263	54312	0	0	0		1865.55951760699	
2264	54336	0	0	0		1085.04180236692	
2265	54360	0	0	0.000334453942320678		118.892994682433	
2266	54384	0	0	0		20.3678701410958	
2267	54408	0	0	0		77.6913715032695	
2268	54432	0	0	0		11.4189346568547	
2269	54456	0	0	0		23.2759375304613	
2270	54480	0	0	0		-1.72120017194735	
2271	54504	0	0	0		0	
2272	54528	0	0	0		0	
2273	54552	0	0	0		0	
2274	54576	0	0	0		0	
2275	54600	0	0	0		0	
2276	54624	0	0	0		0	
2277	54648	0	0.00833333333333333	0		3056.89771946859	
2278	54672	0	0	0		4579.0689141315	
2279	54696	0	0	0		2240.15634591781	
2280	54720	0	0	0		3185.76171900613	
2281	54744	0	0	0		2623.35704797114	
2282	54768	0	0	0		3599.04753169675	
2283	54792	0	0	0		0	
2284	54816	0	0	0		0	
2285	54840	0	0	0		0	
2286	54864	0	0	0		0	
2287	54888	0	0	0		0	
2288	54912	0	0	0		0	
2289	54936	0	0	0		0	
2290	54960	0	0	0		0	
2291	54984	0	0	0		0	
2292	55008	0	0	0		0	
2293	55032	0	0	0		0	
2294	55056	0	0	0		0	
2295	55080	0	0	0		0	
2296	55104	0	0	0		0	
2297	55128	0	0	0		0	
2298	55152	0	0	0		0	
2299	55176	0	0	0		0	
2300	55200	0	0	0		0	
2301	55224	0	0	0		0	
2302	55248	0	0	0		0	
2303	55272	0	0				
2304	55296	0	0	0			
2305	55320	0	0	0			
2306	55344	0	0	0			
2307	55368	0	0	0			
2308	55392	0	0	0			
2309	55416	0	0	0		0	
2310	55440	0	0	0		0	
2311	55464	0	0	0		0	
2312	55488	0	0	0		0	
2313	55512	0	0	0		0	
2314	55536	0	0	0		0	
2315	55560	0	0	0		0	
2316	55584	0	0	0		0	
2317	55608	0	0	0		0	
2318	55632	0	0	0		0	
2319	55656	0	0	0		0	
2320	55680	0	0	0		0	
2321	55704	0	0	0		0	
2322	55728	0	0	0		0	
2323	55752	0	0	0		0	
2324	55776	0	0	0		0	
2325	55800	0	0	0		0	
2326	55824	0	0	0		0	
2327	55848	0	0	0		0	
2328	55872	0	0	0		0	
2329	55896	0	0	0		0	
2330	55920	0	0	0		0	
2331	55944	0	0	0		0	
2332	55968	0	0	0		0	
2333	55992	0	0	0		0	
2334	56016	0	0	0		0	
2335	56040	0	0	0		0	
2336	56064	0	0	0		0	
2337	56088	0	0	0		0	
2338	56112	0	0	0		0	
2339	56136	0	0	0		0	
2340	56160	0	0	0		0	
2341	56184	0	0	0		0	
2342	56208	0	0	0		0	
2343	56232	0	0	0		0	
2344	56256	0	0	0		0	
2345	56280	0	0	0		0	
2346	56304	0	0	0		0	
2347	56328	0	0	0		0	
2348	56352	0	0	0		0	
2349	56376	0	0	0		0	
2350	56400	0	0	0		0	
2351	56424	0	0	0		0	
2352	56448	0	0	0		0	
2353	56472	0	0	0		0	
2354	56496	0	0	0		0	
2355	56520	0	0	0		0	
2356	56544	0	0	0		0	
2357	56568	0	0	0		0	
2358	56592	0	0	0		0	
2359	56616	0	0	0		0	
2360	56640	0	0	0		0	
2361	56664	0	0	0		0	
2362	56688	0	0	0		0	
2363	56712	0	0	0		0	
2364	56736	0	0	0		0	
2365	56760	0	0	0		0	
2366	56784	0	0	0		0	
2367	56808	0	0	0		0	
2368	56832	0	0	0		0	
2369	56856	0	0	0		0	
2370	56880	0	0	0		0	
2371	56904	0	0	0		0	
2372	56928	0	0	0		0	
2373	56952	0	0	0		0	
2374	56976	0	0	0		0	
2375	57000	0	0	0		0	
2376	57024	0	0	0		0	
2377	57048	0	0	0		0	
2378	57072	0	0	0		0	
2379	57096	0	0	0		0	
2380	57120	0	0	0		0	
2381	57144	0	0	0		0	
2382	57168	0	0	0		0	
2383	57192	0	0	0		0	
2384	57216	0	0	0		0	
2385	57240	0	0	0		0	
2386	57264	0	0	0		0	
2387	57288	0	0	0		0	
2388	57312	0	0	0		0	
2389	57336	0	0	0		0	
2390	57360	0	0	0		0	
2391	57384	0	0	0		0	
2392	57408	0	0	0		0	
2393	57432	0	0	0		0	
2394	57456	0	0	0		0	
2395	57480	0	0	0		0	
2396	57504	0	0	0		0	
2397	57528	0	0	0		0	
2398	57552	0	0	0		0	
2399	57576	0	0	0		0	
2400	57600	0	0	0		0	
2401	57624	0	0	0		0	
2402	57648	0	0	0		0	
2403	57672	0	0	0		0	
2404	57696	0	0	0		0	
2405	57720	0	0	0		0	
2406	57744	0	0	0		0	
2407	57768	0	0	0		0	
2408	57792	0	0	0		0	
2409	57816	0	0	0		0	
2410	57840	0	0	0		0	
2411	57864	0	0	0		0	
2412	57888	0	0	0		0	
2413	57912	0	0	0		0	
2414	57936	0	0	0		0	
2415	57960	0	0	0		0	
2416	57984	0	0	0		0	
2417	58008	0	0	0		0	
2418	58032	0	0	0		0	
2419	58056	0	0	0		0	
2420	58080	0	0	0		0	
2421	58104	0	0	0		0	
2422	58128	0	0	0		0	
2423	58152	0	0	0		0	
2424	58176	0	0	0		0	
2425	58200	0	0	0		0	
2426	58224	0	0	0		0	
2427	58248	0	0	0		0	
2428	58272	0	0	0		0	
2429	58296	0	0	0		0	
2430	58320	0	0	0		0	
2431	58344	0	0	0		0	
2432	58368	0	0	0		0	
2433	58392	0	0	0		0	
2434	58416	0	0	0		0	
2435	58440	0	0	0		0	
2436	58464	0	0	0		0	
2437	58488	0	0	0		0	
2438	58512	0	0	0		0	
2439	58536	0	0	0		0	
2440	58560	0	0	0		0	
2441	58584	0	0	0		0	
2442	58608	0	0	0		0	
2443	58632	0	0	0		0	
2444	58656	0	0	0		0	
2445	58680	0	0	0		0	
2446	58704	0	0	0		0	
2447	58728	0	0	0		0	
2448	58752	0	0	0		0	
2449	58776	0	0	0		0	
2450	58800	0	0	0		0	
2451	58824	0	0	0		0	
2452	58848	0	0	0		0	
2453	58872	0	0	0		0	
2454	58896	0	0	0		0	
2455	58920	0	0	0		0	
2456	58944	0	0	0		0	
2457	58968	0	0	0		0	
2458	58992	0	0	0		0	
2459	59016	0	0	0		0	
2460	59040	0	0	0		0	
2461	59064	0	0	0		0	
2462	59088	0	0	0		0	
2463	59112	0	0	0		0	
2464	59136	0	0	0		0	
2465	59160	0	0	0		0	
2466	59184	0	0	0		0	
2467	59208	0	0	0		0	
2468	59232	0	0	0		0	
2469	59256	0	0	0		0	
2470	59280	0	0	0		0	
2471	59304	0	0	0		0	
2472	59328	0	0	0		0	
2473	59352	0	0	0		0	
2474	59376	0	0	0		0	
2475	59400	0	0	0		0	
2476	59424	0	0	0		0	
2477	59448	0	0	0		0	
2478	59472	0	0	0		0	
2479	59496	0	0	0		0	
2480	59520	0	0	0		0	
2481	59544	0	0	0		0	
2482	59568	0	0	0		0	
2483	59592	0	0	0		0	
2484	59616	0	0	0		0	
2485	59640	0	0	0		0	
2486	59664	0	0	0		0	
2487	59688	0	0	0		0	
2488	59712	0	0	0		0	
2489	59736	0	0	0		0	
2490	59760	0	0	0		0	
2491	59784	0	0	0		0	
2492	59808	0	0	0		0	
2493	59832	0	0	0		0	
2494	59856	0	0	0		0	
2495	59880	0	0	0		0	
2496	59904	0	0	0		0	
2497	59928	0	0	0		0	
2498	59952	0	0	0		0	
2499	59976	0	0	0		0	
2500	60000	0	0	0		0	
2501	60024	0	0	0		0	
2502	60048	0	0	0		0	
2503	60072	0	0	0		0	
2504	60096	0	0	0		0	
2505	60120	0	0	0		0	
2506	60144	0	0	0		0	
2507	60168	0	0	0		0	
2508	60192	0	0	0		0	
2509	60216	0	0	0		0	
2510	60240	0	0	0		0	
2511	60264	0	0	0		0	
2512	60288	0	0	0		0	
2513	60312	0	0	0		0	
2514	60336	0	0	0		0	
2515	60360	0	0	0		0	
2516	60384	0	0	0		0	
2517	60408	0	0	0		0	
2518	60432	0	0	0		0	
2519	60456	0	0	0		0	
2520	60480	0	0	0		0	
2521	60504	0	0	0		0	
2522	60528	0	0	0		0	
2523	60552	0	0	0		0	
2524	60576	0	0	0		0	
2525	60600	0	0	0		0	
2526	60624	0	0	0		0	
2527	60648	0	0	0		0	
2528	60672	0	0.00833333333333333	0		3056.89771946859	
2529	60696	0	0	0		4579.0689141315	
2530	60720	0	0	0		2240.15634591781	
2531	60744	0	0	0		3185.76171900613	
2532	60768	0	0	0		2623.35704797114	
2533	60792	0	0	0		3599.04753169675	
2534	60816	0	0	0		0	
2535	60840	0	0	0		0	
2536	60864	0	0	0		0	
2537	60888	0	0	0		0	
2538	60912	0	0	0		0	
2539	60936	0	0	0		0	
2540	60960	0	0	0		0	
2541	60984	0	0	0		0	
2542	61008	0	0	0		0	
2543	61032	0	0	0		0	
2544	61056	0	0	0		0	
2545	61080	0	0	0		0	
2546	61104	0	0	0		0	
2547	61128	0	0	0		0	
2548	61152	0	0	0		0	
2549	61176	0	0	0		0	
2550	61200	0	0	0		0	
2551	61224	0	0	0		0	
2552	61248	0	0	0.139580365146167		86451.2114759281	
2553	61272	0	0	0		8500.28775806152	
2554	61296	0	0	0		32423.5675856838	
2555	61320	0	0	0		4765.55623152377	
2556	61344	0	0	0		9713.93501023861	
2557	61368	0	0	0		-718.322369959411	
2558	61392	0	0	0.461758505512222		285997.118355739	
2559	61416	0	0	0		28120.5753221524	
2560	61440	0	0	0.0205931323431547		120018.022114694	
2561	61464	0	0	0.0421675924003514	923400	43136.6053233052	880263.394676695
2562	61488	0	0	0.236152924733382	923400	185752.043350805	737647.956649195
2563	61512	0	0	0.141058642833707	923400	109870.241487482	813529.758512519
2564	61536	0	0	0.128625255434439	2950200	145985.869071469	2804214.13092853
2565	61560	0	0	0.152926549669328	1312200	146208.833703279	1165991.16629672
2566	61584	0	0	0.0345847367218277	941400	81646.2175742338	859753.782425766
2567	61608	0	0	0.164501418012212	1035000	152509.436664045	882490.563335955
2568	61632	0	0	0.335848581196398	765000	239511.470579846	525488.529420154
2569	61656	0	0	0.47176376058779	680400	362020.981121609	318379.018878391
2570	61680	0	0	0.431630323449073	644400	381318.28417957	263081.71582043
2571	61704	0	0.0166666666666667	0.177162996431324	586800	274452.54175095	312347.45824905
2572	61728	0	0	0.158268610741328	651600	256871.399552226	394728.600447774
2573	61752	0	0	0.142202813134394	651600	189188.126759873	462411.873240128
2574	61776	0	0	0.0432743096127783	651600	112258.515312182	539341.484687818
2575	61800	0	0	0.084235434078372	718200	108599.073131444	609600.926868557
2576	61824	0	0	0.0649708663708984	718200	77578.8351293169	640621.164870683
2577	61848	0	0	0.0686418858714135	599400	76597.7771136755	522802.222886325
2578	61872	0	0	0.0886513540983316	622800	79335.8369241934	543464.163075807
2579	61896	0	0	0.107120474928663	621000	95548.3001344085	525451.699865592
2580	61920	0	0	0.0823384776122676	619200	84545.8493030297	534654.15069697
2581	61944	0	0	0.132936768716868	1197000	119703.507038962	1077296.49296104
2582	61968	0	0	0.100527624717932	1258200	98959.3203001384	1159240.67969986
2583	61992	0	0	0.102701767078566	1297800	110422.120886396	1187377.8791136
2584	62016	0	0	0.104540652730761	1287000	104072.847947122	1182927.15205288
2585	62040	0	0	0.100187929172145	1357200	104536.298951568	1252663.70104843
2586	62064	0	0	0.20050868050769	775800	164391.917652528	611408.082347473
2587	62088	0	0	0.208599963482389	759600	174882.566861642	584717.433138358
2588	62112	0	0	0.173049869426359	792000	176628.830578991	615371.169421009
2589	62136	0	0.0416666666666667	0.149178012329614	824400	179955.279532644	644444.720467356
2590	62160	0	0.108333333333333	0.146591827586891	799200	223272.559821121	575927.440178879
2591	62184	0	0.025	0.115062040464992	1063800	214138.770113015	849661.229886985
2592	62208	0	0.0166666666666667	0.120085921319004	1042200	196401.235859952	845798.764140048
2593	62232	0	0.00833333333333333	0.117242014446453	921600	194620.281443812	726979.718556188
2594	62256	0	0	0.0880896293369054	855000	173672.865382208	681327.134617792
2595	62280	0	0	0.0938405028542179	804600	165343.166428567	639256.833571433
2596	62304	0	0	0.208423991306764	907200	186265.551171841	720934.448828159
2597	62328	0	0	0.117445444691419	801000	127603.245662819	673396.754337181
2598	62352	0	0.00833333333333333	0.117964876583756	826200	144018.08413427	682181.91586573
2599	62376	0	0	0.0490803257999186	772200	82636.8198651812	689563.180134819
2600	62400	0	0.116666666666667	0.0940229887298232	784800	151694.581004776	633105.418995224
2601	62424	0	0	0.174829779867209	1085400	203831.544327675	881568.455672325
2602	62448	0	0	0.10887592666277	939600	143188.258025531	796411.741974469
2603	62472	0	0.0666666666666667	0.0376179784296742	874800	149215.087279331	725584.912720669
2604	62496	0	0.00833333333333333	0.0715995854769176	941400	160604.645337977	780795.354662024
2605	62520	0	0.0416666666666667	0.0324286254532895	941400	136755.819736838	804644.180263162
2606	62544	0	0.00833333333333333	0.0755129118506721	941400	127017.242240952	814382.757759048
2607	62568	0	0.00833333333333333	0.0906791585579843	941400	115806.702583726	825593.297416274
2608	62592	0	0.00833333333333333	0.0545339047596291	941400	119956.93832896	821443.06167104
2609	62616	0	0	0.00301961954755914	941400	57442.7946971904	883957.20530281
2610	62640	0	0.025	0.000765831085873358		56725.5977672846	
2611	62664	0	0.0166666666666667	0.0194736940839144		49852.56852171	
2612	62688	0	0	0.0330343395482728		47356.8112519216	
2613	62712	0	0.00833333333333333	0.027291491299521		44087.9480807883	
2614	62736	0	0	0.0504058139556189		60078.5689583832	
2615	62760	0	0	0.0411913175725136		55684.9313162603	
2616	62784	0	0	0.0213906565465152		40980.4719299732	
2617	62808	0	0	0.069869923395407		60219.7527059308	
2618	62832	0	0	0.0260908427047806		33756.5489891281	
2619	62856	0	0	0.0193404526471443		33135.5914279232	
2620	62880	0	0	0.0225203403037488		24849.0263272112	
2621	62904	0	0	0.0275851764977206		28592.6437814158	
2622	62928	0	0	0.00984302241617296		15124.1656396182	
2623	62952	0	0	0.0477243597728503		38546.6772730725	
2624	62976	0	0	0.0199892024803408		19983.0012891339	
2625	63000	0	0	0.000854755977964139		14972.6925393574	
2626	63024	0	0	0.026039525434542		22995.8418356511	
2627	63048	0	0	0.0206045602627123		18499.2167481906	
2628	63072	0	0	0.0517145431190631		40508.4886265658	
2629	63096	0	0.00833333333333333	0.0441292733555478		39170.3450752034	
2630	63120	0	0	0.0342952242046115		43031.9676349024	
2631	63144	0	0.00833333333333333	0.0861553600617561		74063.7329815402	
2632	63168	0	0.00833333333333333	0.0935008571520859		86945.8505671628	
2633	63192	0	0.0583333333333333	0.0459053424717588		88956.3311686384	
2634	63216	0	0	0.0567070013872373		105817.135914496	
2635	63240	0	0.00833333333333333	0.0187880634420265		59312.3716147198	
2636	63264	0	0.00833333333333333	0.0142895757350443		66956.9948629979	
2637	63288	0	0	0.0171102964089185		49263.4893138924	
2638	63312	0	0	0.0283545207568441		56894.0996786415	
2639	63336	0	0	0.0269379469838604		29698.4851684926	
2640	63360	0	0	0.020365189336184		28544.9032442228	
2641	63384	0	0.0666666666666667	0.00791742814884611		42541.0406371556	
2642	63408	0	0	0.00518089443718761		47859.2354796498	
2643	63432	0	0	0.000186077502958071		22615.2793280984	
2644	63456	0	0	0		28249.8903481598	
2645	63480	0	0	0		21653.1660870246	
2646	63504	0	0	0.000186073176465129		29233.7934879764	
2647	63528	0	0	7.75295513300021e-06		2.4209730888347	
2648	63552	0	0	0		42.73806651414	
2649	63576	0	0	0		8.15387357078909	
2650	63600	0	0	0		13.2142503356129	
2651	63624	0	0	0		-0.418030306368269	
2652	63648	0	0	0		-0.0398990294909585	
2653	63672	0	0	0		0	
2654	63696	0	0	0		0	
2655	63720	0	0	0		0	
2656	63744	0	0	0		0	
2657	63768	0	0	0		0	
2658	63792	0	0	0		0	
2659	63816	0	0	0		0	
2660	63840	0	0	0		0	
2661	63864	0	0	0		0	
2662	63888	0	0	0		0	
2663	63912	0	0	0		0	
2664	63936	0	0	0		0	
2665	63960	0	0	0		0	
2666	63984	0	0	0		0	
2667	64008	0	0	0		0	
2668	64032	0	0				
2669	64056	0	0	0			
2670	64080	0	0	0			
2671	64104	0	0	0			
2672	64128	0	0	0			
2673	64152	0	0	0			
2674	64176	0	0	0		0	
2675	64200	0	0	0		0	
2676	64224	0	0	0		0	
2677	64248	0	0	0		0	
2678	64272	0	0	0		0	
2679	64296	0	0	0		0	
2680	64320	0	0	0		0	
2681	64344	0	0	0		0	
2682	64368	0	0	0		0	
2683	64392	0	0	0		0	
2684	64416	0	0	0		0	
2685	64440	0	0	0		0	
2686	64464	0	0	0		0	
2687	64488	0	0	0		0	
2688	64512	0	0	0		0	
2689	64536	0	0	0		0	
2690	64560	0	0	0		0	
2691	64584	0	0	0		0	
2692	64608	0	0	0		0	
2693	64632	0	0	0		0	
2694	64656	0	0	0		0	
2695	64680	0	0	0		0	
2696	64704	0	0	0		0	
2697	64728	0	0	0		0	
2698	64752	0	0	0		0	
2699	64776	0	0	0		0	
2700	64800	0	0	0		0	
2701	64824	0	0	0		0	
2702	64848	0	0	0		0	
2703	64872	0	0	0		0	
2704	64896	0	0	0		0	
2705	64920	0	0	0		0	
2706	64944	0	0	0		0	
2707	64968	0	0	0		0	
2708	64992	0	0	0		0	
2709	65016	0	0	0		0	
2710	65040	0	0	0		0	
2711	65064	0	0	0		0	
2712	65088	0	0	0		0	
2713	65112	0	0	0		0	
2714	65136	0	0	0		0	
2715	65160	0	0	0		0	
2716	65184	0	0	0		0	
2717	65208	0	0	0		0	
2718	65232	0	0	0		0	
2719	65256	0	0	0		0	
2720	65280	0	0	0		0	
2721	65304	0	0	0		0	
2722	65328	0	0	0		0	
2723	65352	0	0	0		0	
2724	65376	0	0	0		0	
2725	65400	0	0	0		0	
2726	65424	0	0	0		0	
2727	65448	0	0	0		0	
2728	65472	0	0	0		0	
2729	65496	0	0	0		0	
2730	65520	0	0	0		0	
2731	65544	0	0	0		0	
2732	65568	0	0	0		0	
2733	65592	0	0	0		0	
2734	65616	0	0	0		0	
2735	65640	0	0	0		0	
2736	65664	0	0	0		0	
2737	65688	0	0	0		0	
2738	65712	0	0	0		0	
2739	65736	0	0	0		0	
2740	65760	0	0	0		0	
2741	65784	0	0	0		0	
2742	65808	0	0	0		0	
2743	65832	0	0	0		0	
2744	65856	0	0	0		0	
2745	65880	0	0	0		0	
2746	65904	0	0	0		0	
2747	65928	0	0	0		0	
2748	65952	0	0	0		0	
2749	65976	0	0	0		0	
2750	66000	0	0	0		0	
2751	66024	0	0	0		0	
2752	66048	0	0	0		0	
2753	66072	0	0	0		0	
2754	66096	0	0	0		0	
2755	66120	0	0	0		0	
2756	66144	0	0	0		0	
2757	66168	0	0	0		0	
2758	66192	0	0	0		0	
2759	66216	0	0	0		0	
2760	66240	0	0	0		0	
2761	66264	0	0	0		0	
2762	66288	0	0	0		0	
2763	66312	0	0	0		0	
2764	66336	0	0	0		0	
2765	66360	0	0	0		0	
2766	66384	0	0	0		0	
2767	66408	0	0	0		0	
2768	66432	0	0	0		0	
2769	66456	0	0	0		0	
2770	66480	0	0	0		0	
2771	66504	0	0	0		0	
2772	66528	0	0	0		0	
2773	66552	0	0	0		0	
2774	66576	0	0	0		0	
2775	66600	0	0	0		0	
2776	66624	0	0	0		0	
2777	66648	0	0	0		0	
2778	66672	0	0	0		0	
2779	66696	0	0	0		0	
2780	66720	0	0	0		0	
2781	66744	0	0	0		0	
2782	66768	0	0	0		0	
2783	66792	0	0	0		0	
2784	66816	0	0	0		0	
2785	66840	0	0	0		0	
2786	66864	0	0	0		0	
2787	66888	0	0	0		0	
2788	66912	0	0	0		0	
2789	66936	0	0	0		0	
2790	66960	0	0	0		0	
2791	66984	0	0	0		0	
2792	67008	0	0	0		0	
2793	67032	0	0	0		0	
2794	67056	0	0	0		0	
2795	67080	0	0	0		0	
2796	67104	0	0	0		0	
2797	67128	0	0	0		0	
2798	67152	0	0	0		0	
2799	67176	0	0	0		0	
2800	67200	0	0	0		0	
2801	67224	0	0	0		0	
2802	67248	0	0	0		0	
2803	67272	0	0	0		0	
2804	67296	0	0	0		0	
2805	67320	0	0	0		0	
2806	67344	0	0	0		0	
2807	67368	0	0	0		0	
2808	67392	0	0	0		0	
2809	67416	0	0	0		0	
2810	67440	0	0	0		0	
2811	67464	0	0	0		0	
2812	67488	0	0	0		0	
2813	67512	0	0	0		0	
2814	67536	0	0	0		0	
2815	67560	0	0	0		0	
2816	67584	0	0	0		0	
2817	67608	0	0	0		0	
2818	67632	0	0	0		0	
2819	67656	0	0	0		0	
2820	67680	0	0	0		0	
2821	67704	0	0	0		0	
2822	67728	0	0	0		0	
2823	67752	0	0	0		0	
2824	67776	0	0	0		0	
2825	67800	0	0	0		0	
2826	67824	0	0	0		0	
2827	67848	0	0	0		0	
2828	67872	0	0	0		0	
2829	67896	0	0	0		0	
2830	67920	0	0	0		0	
2831	67944	0	0	0		0	
2832	67968	0	0	0		0	
2833	67992	0	0	0		0	
2834	68016	0	0	0		0	
2835	68040	0	0	0		0	
2836	68064	0	0	0		0	
2837	68088	0	0	0		0	
2838	68112	0	0	0		0	
2839	68136	0	0	0		0	
2840	68160	0	0	0		0	
2841	68184	0	0	0		0	
2842	68208	0	0	0		0	
2843	68232	0	0	0		0	
2844	68256	0	0	0		0	
2845	68280	0	0	0		0	
2846	68304	0	0	0		0	
2847	68328	0	0	0		0	
2848	68352	0	0	0		0	
2849	68376	0	0	0		0	
2850	68400	0	0	0		0	
2851	68424	0	0	0		0	
2852	68448	0	0	0		0	
2853	68472	0	0	0		0	
2854	68496	0	0	0		0	
2855	68520	0	0	0		0	
2856	68544	0	0	0		0	
2857	68568	0	0	0		0	
2858	68592	0	0	0		0	
2859	68616	0	0	0		0	
2860	68640	0	0	0		0	
2861	68664	0	0	0		0	
2862	68688	0	0	0		0	
2863	68712	0	0	0		0	
2864	68736	0	0	0		0	
2865	68760	0	0	0		0	
2866	68784	0	0	0		0	
2867	68808	0	0	0		0	
2868	68832	0	0	0		0	
2869	68856	0	0	0		0	
2870	68880	0	0	0		0	
2871	68904	0	0	0		0	
2872	68928	0	0	0		0	
2873	68952	0	0	0		0	
2874	68976	0	0	0		0	
2875	69000	0	0	0		0	
2876	69024	0	0	0		0	
2877	69048	0	0	0		0	
2878	69072	0	0	0		0	
2879	69096	0	0	0		0	
2880	69120	0	0	0		0	
2881	69144	0	0	0		0	
2882	69168	0	0	0		0	
2883	69192	0	0	0		0	
2884	69216	0	0	0		0	
2885	69240	0	0	0		0	
2886	69264	0	0	0		0	
2887	69288	0	0.00833333333333333	0		3056.89771946859	
2888	69312	0	0	0		4579.0689141315	
2889	69336	0	0	0		2240.15634591781	
2890	69360	0	0	0		3185.76171900613	
2891	69384	0	0	0		2623.35704797114	
2892	69408	0	0	0		3599.04753169675	
2893	69432	0	0	0		0	
2894	69456	0	0	0		0	
2895	69480	0	0	0		0	
2896	69504	0	0	0		0	
2897	69528	0	0	0		0	
2898	69552	0	0	0		0	
2899	69576	0	0	0		0	
2900	69600	0	0.0333333333333333	0.48480209873494		312497.107423546	
2901	69624	0	0	0		47840.1799724641	
2902	69648	0	0	0		121576.849001892	
2903	69672	0	0	0		29295.1719565308	
2904	69696	0	0	0		44232.6727841086	
2905	69720	0	0	0		11901.2533055521	
2906	69744	0	0	0		0	
2907	69768	0	0	0		0	
2908	69792	0	0.00833333333333333	0		3056.89771946859	
2909	69816	0	0	0.0531440181632364		37494.6208121319	
2910	69840	0	0	0.0705725614059374		49186.7513820299	
2911	69864	0	0	0		19828.5448356129	
2912	69888	0	0	0		20831.3264762274	
2913	69912	0	0	0		9707.03447893313	
2914	69936	0	0.0166666666666667	0		10751.7166626656	
2915	69960	0	0	0		8794.95028744998	
2916	69984	0	0	0		4480.31269183562	
2917	70008	0	0	0.0386409136374457		30304.3580669781	
2918	70032	0	0	0.339445372449668		217840.530799673	
2919	70056	0	0	0.391663218635639		279428.500254567	
2920	70080	0	0	0.228905126842636		245797.831072923	
2921	70104	0	0	0.0937428214852473		177260.319387534	
2922	70128	0	0	0.0821709033337562		146572.354039109	
2923	70152	0	0	0.0788140928116346		108920.383764351	
2924	70176	0	0.025	0.0801208668015385		99797.5377985465	
2925	70200	0	0	0.064489723360639		85018.5309664946	
2926	70224	0	0	0.0760808154566086		84308.1902109795	
2927	70248	0	0	0.170277602138262		142432.643194387	
2928	70272	0	0	0.138645070487379		129156.892109745	
2929	70296	0	0	0.0304723019712756		84341.5950873368	
2930	70320	0	0.0833333333333333	0.0494504943496805		106035.418740862	
2931	70344	0	0.00833333333333333	0.23443787256982		220332.581454949	
2932	70368	0	0	0.274182983199229		232376.959568701	
2933	70392	0	0.075	0.0659585834939062		176713.572017622	
2934	70416	0	0.3	0.034111727127653		280803.341246065	
2935	70440	0	0.025	0.0485873375291988		305706.920921496	
2936	70464	0	0	0.183324640600859		271208.386286823	
2937	70488	0	0	0.0966603642991744		231680.863689901	
2938	70512	0	0	0.110746749127254		257147.208053352	
2939	70536	0	0	0.111743562736329		245308.65074898	
2940	70560	0	0	0.187151331380002		175051.327782763	
2941	70584	0	0	0.1859350915927		162080.928768531	
2942	70608	0	0	0.223449525741972		204219.063707551	
2943	70632	0	0	0.208835011237265		199740.858968961	
2944	70656	0	0.05	0.181884809110381		214415.831752244	
2945	70680	0	0.0333333333333333	0.0597598346040415		155908.514406456	
2946	70704	0	0.00833333333333333	0.188374057387492		219100.228349053	
2947	70728	0	0.00833333333333333	0.174867581875635		188965.226599976	
2948	70752	0	0.00833333333333333	0.115606388239897		177992.786027145	
2949	70776	0	0	0.246882862466347		252318.539316323	
2950	70800	0	0.00833333333333333	0.138117290277578		171709.329708264	
2951	70824	0	0.00833333333333333	0.102664547705173		161538.683885372	
2952	70848	0	0	0.179982487837886		178427.021960925	
2953	70872	0	0	0.304627207765121		253811.630991647	
2954	70896	0	0	0.285575866671485		254891.770635456	
2955	70920	0	0	0.246277780247302		259491.343941576	
2956	70944	0	0	0.104088596132125		171801.184437726	
2957	70968	0	0	0.107740167858064		160302.106868898	
2958	70992	0	0	0.120171917769193		131885.666014601	
2959	71016	0	0	0.15225316081541		145869.496431613	
2960	71040	0	0	0.157942296065562		144666.089971812	
2961	71064	0	0	0.248163219053548		209754.820235137	
2962	71088	0	0	0.186406145545049		180262.242418295	
2963	71112	0	0	0.180116120459552		195926.107511098	
2964	71136	0	0.0666666666666667	0.149988530535931		190303.661829261	
2965	71160	0	0.0833333333333333	0.100328379269328		203137.407843085	
2966	71184	0	0.00833333333333333	0.161034670492718		225304.425162149	
2967	71208	0	0	0.159953440799468		201345.324485951	
2968	71232	0	0	0.202650372396477		240684.20835657	
2969	71256	0	0	0.133975228172858		202396.974160458	
2970	71280	0	0	0.117539264432235		182798.633311759	
2971	71304	0	0	0.0901508096822301		114936.794783872	
2972	71328	0	0.0333333333333333	0.0438033258388248		90005.7338018788	
2973	71352	0	0.15	0.0431099711707805		135944.220662582	
2974	71376	0	0.0666666666666667	0.0660552978915767		180120.423409272	
2975	71400	0	0.00833333333333333	0.0298178366280499		132424.868485765	
2976	71424	0	0.0333333333333333	0.03008403912267		142414.483663374	
2977	71448	0	0.00833333333333333	0.0195263541450981		136598.573328464	
2978	71472	0	0	0.0198594807930945		128366.115265187	
2979	71496	0	0	0.020443828566096		67568.7219434946	
2980	71520	0	0	0.0338540387290305		46711.3587921396	
2981	71544	0	0	0.0163273860495661		35824.9314348142	
2982	71568	0	0.0166666666666667	0.0487329336653382		50734.3078742417	
2983	71592	0	0.0166666666666667	0.0536192889488518		57718.7801743331	
2984	71616	0	0.00833333333333333	0.0883973946121817		88839.5681503157	
2985	71640	0	0	0.038279574665598		59604.54019612	
2986	71664	0	0.0166666666666667	0.0505625111344479		79292.2992290304	
2987	71688	0	0.00833333333333333	0.0708960347994392		90226.2675265846	
2988	71712	0	0	0.0567033216525132		77246.626169729	
2989	71736	0	0	0.0232182571600745		50448.5507054943	
2990	71760	0	0.025	0.0246052437482867		53170.935881571	
2991	71784	0	0.0333333333333333	0.0301562543503344		67965.541277931	
2992	71808	0	0.025	0.00719075052609419		54186.3666024843	
2993	71832	0	0.0583333333333333	0.031361107317176		82684.4872150288	
2994	71856	0	0.00833333333333333	0.0349108119305921		90269.2065944894	
2995	71880	0	0.00833333333333333	0.0129700691163439		73826.6970709221	
2996	71904	0	0.0166666666666667	0.0304760982413619		86690.8236057853	
2997	71928	0	0.15	0.0258663440663618		122995.847537431	
2998	71952	0	0.0416666666666667	0.0433809907149527		171424.796192214	
2999	71976	0	0	0.0492361385795128		116721.154742507	
3000	72000	0	0	0.0484942825929853		123438.786752588	
3001	72024	0	0	0.0164028107659124		98021.5406771732	
3002	72048	0	0	0.0285360295797297		112404.622377811	
3003	72072	0	0	0.0216828936445879		41831.9131938815	
3004	72096	0	0	0.0234591246896159		26160.4980876396	
3005	72120	0	0	0.0207932791670693		21210.3014113253	
3006	72144	0	0.00833333333333333	0.0259580487416482		28491.9064944296	
3007	72168	0	0	0.00883543880873106		18625.4678641382	
3008	72192	0	0	0.0192098789384687		22936.9805003158	
3009	72216	0	0.00833333333333333	0.0380482588790674		35243.3136918014	
3010	72240	0	0	0.0203806974690117		28606.1115191874	
3011	72264	0	0.00833333333333333	0.0105646279260974		26656.1451136093	
3012	72288	0	0.0166666666666667	0.00262899528600613		23475.0694164771	
3013	72312	0	0	0		19880.7484614605	
3014	72336	0	0	0		13459.0808826157	
3015	72360	0	0	0.000407165123949227		9967.1715466638	
3016	72384	0	0	0		8999.15069118725	
3017	72408	0	0	0		7279.14714961349	
3018	72432	0	0	0		13.9014415936185	
3019	72456	0	0	0		28.3361886060172	
3020	72480	0	0	0		-2.09539369304377	
3021	72504	0	0	0		0	
3022	72528	0	0	0		0	
3023	72552	0	0	0		0	
3024	72576	0	0	0		0	
3025	72600	0	0	0		0	
3026	72624	0	0	0		0	
3027	72648	0	0	0		0	
3028	72672	0	0	0		0	
3029	72696	0	0	0		0	
3030	72720	0	0	0		0	
3031	72744	0	0	0		0	
3032	72768	0	0	0		0	
3033	72792	0	0				
3034	72816	0	0	0			
3035	72840	0	0	0			
3036	72864	0	0	0			
3037	72888	0	0	0			
3038	72912	0	0	0			
3039	72936	0	0	0		0	
3040	72960	0	0	0		0	
3041	72984	0	0	0		0	
3042	73008	0	0	0		0	
3043	73032	0	0	0		0	
3044	73056	0	0	0		0	
3045	73080	0	0	0		0	
3046	73104	0	0	0		0	
3047	73128	0	0	0		0	
3048	73152	0	0	0		0	
3049	73176	0	0	0		0	
3050	73200	0	0	0		0	
3051	73224	0	0	0		0	
3052	73248	0	0	0		0	
3053	73272	0	0	0		0	
3054	73296	0	0	0		0	
3055	73320	0	0	0		0	
3056	73344	0	0	0		0	
3057	73368	0	0	0		0	
3058	73392	0	0	0		0	
3059	73416	0	0	0		0	
3060	73440	0	0	0		0	
3061	73464	0	0	0		0	
3062	73488	0	0	0		0	
3063	73512	0	0	0		0	
3064	73536	0	0	0		0	
3065	73560	0	0	0		0	
3066	73584	0	0	0		0	
3067	73608	0	0	0		0	
3068	73632	0	0	0		0	
3069	73656	0	0	0		0	
3070	73680	0	0	0		0	
3071	73704	0	0	0		0	
3072	73728	0	0	0		0	
3073	73752	0	0	0		0	
3074	73776	0	0	0		0	
3075	73800	0	0	0		0	
3076	73824	0	0	0		0	
3077	73848	0	0	0		0	
3078	73872	0	0	0		0	
3079	73896	0	0	0		0	
3080	73920	0	0	0		0	
3081	73944	0	0	0		0	
3082	73968	0	0	0		0	
3083	73992	0	0	0		0	
3084	74016	0	0	0		0	
3085	74040	0	0	0		0	
3086	74064	0	0	0		0	
3087	74088	0	0	0		0	
3088	74112	0	0	0		0	
3089	74136	0	0	0		0	
3090	74160	0	0	0		0	
3091	74184	0	0	0		0	
3092	74208	0	0	0		0	
3093	74232	0	0	0		0	
3094	74256	0	0	0		0	
3095	74280	0	0	0		0	
3096	74304	0	0	0		0	
3097	74328	0	0	0		0	
3098	74352	0	0	0		0	
3099	74376	0	0	0		0	
3100	74400	0	0	0		0	
3101	74424	0	0	0		0	
3102	74448	0	0	0		0	
3103	74472	0	0	0		0	
3104	74496	0	0	0		0	
3105	74520	0	0	0		0	
3106	74544	0	0	0		0	
3107	74568	0	0	0		0	
3108	74592	0	0	0		0	
3109	74616	0	0	0		0	
3110	74640	0	0	0		0	
3111	74664	0	0	0		0	
3112	74688	0	0	0		0	
3113	74712	0	0	0		0	
3114	74736	0	0	0		0	
3115	74760	0	0	0		0	
3116	74784	0	0	0		0	
3117	74808	0	0	0		0	
3118	74832	0	0	0		0	
3119	74856	0	0	0		0	
3120	74880	0	0	0		0	
3121	74904	0	0	0		0	
3122	74928	0	0	0		0	
3123	74952	0	0	0		0	
3124	74976	0	0	0		0	
3125	75000	0	0	0		0	
3126	75024	0	0	0		0	
3127	75048	0	0	0		0	
3128	75072	0	0	0		0	
3129	75096	0	0	0		0	
3130	75120	0	0	0		0	
3131	75144	0	0	0		0	
3132	75168	0	0	0		0	
3133	75192	0	0	0		0	
3134	75216	0	0	0		0	
3135	75240	0	0	0		0	
3136	75264	0	0	0		0	
3137	75288	0	0	0		0	
3138	75312	0	0	0		0	
3139	75336	0	0	0		0	
3140	75360	0	0	0		0	
3141	75384	0	0	0		0	
3142	75408	0	0	0		0	
3143	75432	0	0	0		0	
3144	75456	0	0	0		0	
3145	75480	0	0	0		0	
3146	75504	0	0	0		0	
3147	75528	0	0	0		0	
3148	75552	0	0	0		0	
3149	75576	0	0	0		0	
3150	75600	0	0	0		0	
3151	75624	0	0	0		0	
3152	75648	0	0	0		0	
3153	75672	0	0	0		0	
3154	75696	0	0	0		0	
3155	75720	0	0	0		0	
3156	75744	0	0	0		0	
3157	75768	0	0	0		0	
3158	75792	0	0	0		0	
3159	75816	0	0	0		0	
3160	75840	0	0	0		0	
3161	75864	0	0	0		0	
3162	75888	0	0	0		0	
3163	75912	0	0	0		0	
3164	75936	0	0	0		0	
3165	75960	0	0	0		0	
3166	75984	0	0	0		0	
3167	76008	0	0	0		0	
3168	76032	0	0	0		0	
3169	76056	0	0	0		0	
3170	76080	0	0	0		0	
3171	76104	0	0	0		0	
3172	76128	0	0	0		0	
3173	76152	0	0	0		0	
3174	76176	0	0	0		0	
3175	76200	0	0	0		0	
3176	76224	0	0	0		0	
3177	76248	0	0	0		0	
3178	76272	0	0	0		0	
3179	76296	0	0	0		0	
3180	76320	0	0	0		0	
3181	76344	0	0	0		0	
3182	76368	0	0	0		0	
3183	76392	0	0	0		0	
3184	76416	0	0	0		0	
3185	76440	0	0	0		0	
3186	76464	0	0	0		0	
3187	76488	0	0	0		0	
3188	76512	0	0	0		0	
3189	76536	0	0	0		0	
3190	76560	0	0	0		0	
3191	76584	0	0	0		0	
3192	76608	0	0	0		0	
3193	76632	0	0	0		0	
3194	76656	0	0	0		0	
3195	76680	0	0	0		0	
3196	76704	0	0	0		0	
3197	76728	0	0	0		0	
3198	76752	0	0	0		0	
3199	76776	0	0	0		0	
3200	76800	0	0	0		0	
3201	76824	0	0	0		0	
3202	76848	0	0	0		0	
3203	76872	0	0	0		0	
3204	76896	0	0	0		0	
3205	76920	0	0	0		0	
3206	76944	0	0	0		0	
3207	76968	0	0	0		0	
3208	76992	0	0	0		0	
3209	77016	0	0	0		0	
3210	77040	0	0	0		0	
3211	77064	0	0	0		0	
3212	77088	0	0	0		0	
3213	77112	0	0	0		0	
3214	77136	0	0	0		0	
3215	77160	0	0	0		0	
3216	77184	0	0	0		0	
3217	77208	0	0	0		0	
3218	77232	0	0	0		0	
3219	77256	0	0	0		0	
3220	77280	0	0	0		0	
3221	77304	0	0	0		0	
3222	77328	0	0	0		0	
3223	77352	0	0	0		0	
3224	77376	0	0	0		0	
3225	77400	0	0	0		0	
3226	77424	0	0	0		0	
3227	77448	0	0	0		0	
3228	77472	0	0	0		0	
3229	77496	0	0	0		0	
3230	77520	0	0	0		0	
3231	77544	0	0	0		0	
3232	77568	0	0	0		0	
3233	77592	0	0	0		0	
3234	77616	0	0	0		0	
3235	77640	0	0	0		0	
3236	77664	0	0	0		0	
3237	77688	0	0	0		0	
3238	77712	0	0	0		0	
3239	77736	0	0	0		0	
3240	77760	0	0	0		0	
3241	77784	0	0	0		0	
3242	77808	0	0	0		0	
3243	77832	0	0	0		0	
3244	77856	0	0	0		0	
3245	77880	0	0	0		0	
3246	77904	0	0	0		0	
3247	77928	0	0	0		0	
3248	77952	0	0	0		0	
3249	77976	0	0	0		0	
3250	78000	0	0	0		0	
3251	78024	0	0	0		0	
3252	78048	0	0	0		0	
3253	78072	0	0	0		0	
3254	78096	0	0	0		0	
3255	78120	0	0	0		0	
3256	78144	0	0	0		0	
3257	78168	0	0	0		0	
3258	78192	0	0	0		0	
3259	78216	0	0.0333333333333333	0		12227.5908778744	
3260	78240	0	0	0		18316.275656526	
3261	78264	0	0.00833333333333333	0		12017.5231031398	
3262	78288	0	0	0		17322.115790156	
3263	78312	0	0	0		12733.5845378024	
3264	78336	0	0	0		17581.9518457931	
3265	78360	0	0	0.223905718999003		141302.752560242	
3266	78384	0	0	0		17234.6548047835	
3267	78408	0	0	0		52011.7726098715	
3268	78432	0	0	0		7644.59451966699	
3269	78456	0	0	0		15582.4610467197	
3270	78480	0	0	0		-1152.28590031558	
3271	78504	0	0	0		0	
3272	78528	0	0	0		0	
3273	78552	0	0	0		0	
3274	78576	0	0	0		0	
3275	78600	0	0	0		0	
3276	78624	0	0	0		0	
3277	78648	0	0	0		0	
3278	78672	0	0	0		0	
3279	78696	0	0	0		0	
3280	78720	0	0	0.0670096672156504		41503.4514727434	
3281	78744	0	0	0.078883246581748		52938.3461514346	
3282	78768	0	0.275	0.0950096831509003		180093.100127246	
3283	78792	0	0.00833333333333333	0.17395564952657		288306.10543395	
3284	78816	0	0.0583333333333333	0.183239116681565		253414.932720931	
3285	78840	0	0.00833333333333333	0.282179223695041		377209.174313054	
3286	78864	0	0	0.129664916018978		262221.562917823	
3287	78888	0	0	0.0581208770523671		273248.666881454	
3288	78912	0	0.15	0.0824682355350597		186401.447499262	
3289	78936	0	0	0.118702536381857		225405.40718103	
3290	78960	0	0	0.39135245854506		322253.656251218	
3291	78984	0	0	0.395699266141933	768600	360025.9495485	408574.0504515
3292	79008	0	0	0.299852646113729	570600	357437.771251217	213162.228748783
3293	79032	0	0.025	0.120323735405603	669600	279854.933457939	389745.066542061
3294	79056	0	0.025	0.072015165289387	696600	184627.708679618	511972.291320382
3295	79080	0	0	0.0413194479777128	658650	114147.322544588	544502.677455412
3296	79104	0	0	0.0779103355399679	730800	106717.248796247	624082.751203753
3297	79128	0	0	0.142874757192005	705600	129551.281610538	576048.718389462
3298	79152	0	0.00833333333333333	0.143694874884801	802800	143325.979570685	659474.020429315
3299	79176	0	0	0.152838637917459	786600	157143.808496801	629456.191503199
3300	79200	0	0	0.181934351203437	680400	167698.463311657	512701.536688343
3301	79224	0	0	0.265810583276902	873000	228850.829542084	644149.170457916
3302	79248	0	0	0.413147908209076	730800	331445.666545715	399354.333454285
3303	79272	0	0	0.285965790866611	765000	283731.258622005	481268.741377995
3304	79296	0	0	0.0668153294757845	887400	175719.794982189	711680.205017811
3305	79320	0	0.025	0.152269243528363	927000	205646.03569345	721353.96430655
3306	79344	0	0	0.108069256650817	815400	142613.371940316	672786.628059684
3307	79368	0	0	0.0837334827767444	759600	120590.961004189	639009.038995811
3308	79392	0	0	0.119082726545616	966600	121893.0516583	844706.948341701
3309	79416	0	0	0.126126785049038	856800	126634.180549166	730165.819450834
3310	79440	0	0	0.137151472207304	858600	140683.231235568	717916.768764432
3311	79464	0	0.141666666666667	0.146709217434075	1006200	189821.502808505	816378.497191495
3312	79488	0	0	0.29464940851596	1314000	313296.25253429	1000703.74746571
3313	79512	0	0	0.234876079488299	1063800	248427.52432713	815372.47567287
3314	79536	0	0	0.252783830399919	0	307376.942013491	-307376.942013491
3315	79560	0	0	0.200002529835003	0	257990.191876017	-257990.191876017
3316	79584	0	0	0.160403245257243	0	259201.79839373	-259201.79839373
3317	79608	0	0	0.234745263486572	0	225080.762165542	-225080.762165542
3318	79632	0	0	0.1724393230219	0	181571.157005402	-181571.157005402
3319	79656	0	0.0916666666666667	0.125566980436112	0	194523.307161721	-194523.307161721
3320	79680	0	0.0916666666666667	0.131889192522991	0	231535.053184882	-231535.053184882
3321	79704	0	0.175	0.099497350562169	0	259430.548662824	-259430.548662824
3322	79728	0	0	0.157649635962381	1672200	305264.229287423	1366935.77071258
3323	79752	0	0.0583333333333333	0.107183116585016	1495800	243794.830827164	1252005.16917284
3324	79776	0	0.00833333333333333	0.0552601688426177	1321200	259761.828505278	1061438.17149472
3325	79800	0	0.0583333333333333	0.0512203242311076	55050	207953.881166711	-152903.881166711
3326	79824	0	0.0833333333333333	0.0523232077305256	0	225224.788167986	-225224.788167986
3327	79848	0	0.025	0.0305055744358071	0	134705.051433567	-134705.051433567
3328	79872	0	0.0333333333333333	0.0621032865936968	0	156003.010167461	-156003.010167461
3329	79896	0	0.216666666666667	0.10855335569634	0	241505.325085433	-241505.325085433
3330	79920	0	0.133333333333333	0.0485168991812266	0	293416.893073792	-293416.893073792
3331	79944	0	0.0166666666666667	0.134177889786856	1422000	309476.553908834	1112523.44609117
3332	79968	0	0	0.111981844149142	0	245791.340097488	-245791.340097488
3333	79992	0	0.00833333333333333	0.085907347035361	0	241200.573895831	-241200.573895831
3334	80016	0	0.00833333333333333	0.0678922260793211	0	230249.731202313	-230249.731202313
3335	80040	0	0	0.057160900308185	0	142055.98053017	-142055.98053017
3336	80064	0	0	0.0789226271160092	0	90793.6515812083	-90793.6515812083
3337	80088	0	0	0.0483282730733574	0	61546.6621276044	-61546.6621276044
3338	80112	0	0.341666666666667	0.0690177548162527	1454400	201813.093385555	1252586.90661444
3339	80136	0	0.0583333333333333	0.0400554485337636	0	259300.769300201	-259300.769300201
3340	80160	0	0.0166666666666667	0.0475430484253341	0	184780.267993991	-184780.267993991
3341	80184	0	0	0.0247793291177221	0	188316.438260801	-188316.438260801
3342	80208	0	0.00833333333333333	0.0125366398402456	1126800	163634.972140655	963165.027859345
3343	80232	0	0.00833333333333333	0.0325455729521788	1083600	210664.710694587	872935.289305413
3344	80256	0	0.0166666666666667	0.0405276712589107	1170000	77317.2418448587	1092682.75815514
3345	80280	0	0.00833333333333333	0.0572802301945998		72252.4750462084	
3346	80304	0	0	0.0479178789414494		59305.890425861	
3347	80328	0	0	0.07497031015372		81076.1838926633	
3348	80352	0	0	0.0980057442796802		93038.1192124315	
3349	80376	0	0	0.0508482096654017		70112.3899653926	
3350	80400	0	0	0.0630174550038092		74092.1740282047	
3351	80424	0	0	0.0475937217991742		53444.2640691512	
3352	80448	0	0	0.037323998629617		48824.9512444892	
3353	80472	0	0.275	0.0630091974520859		158417.91087408	
3354	80496	0	0.0333333333333333	0.0839323489841473		233577.828784061	
3355	80520	0	0.00833333333333333	0.0193475806875334		131291.78331756	
3356	80544	0	0	0.0139643560096054		152497.875666381	
3357	80568	0	0.175	0.0474547265707468		207543.958204159	
3358	80592	0	0	0		240919.446717931	
3359	80616	0	0	0		76477.5430225564	
3360	80640	0	0	0		72992.5089162175	
3361	80664	0	0.0916666666666667	0.00544715573925991		95320.8436314855	
3362	80688	0	0	0.00404926965293839		128545.242099772	
3363	80712	0	0.141666666666667	0.00920830023990149		83824.2142806557	
3364	80736	0	0	0.0165461871110129		124823.051666495	
3365	80760	0	0	0.0301242314557992		89261.4924821199	
3366	80784	0	0.00833333333333333	0.0650427500567616		143335.841365288	
3367	80808	0	0	0.0203523413380378		73925.2762051433	
3368	80832	0	0	0.0217196365473971		95357.39875546	
3369	80856	0	0	0.0392099662149192		37753.4601543524	
3370	80880	0	0	0.0015310752288773		16071.2354115856	
3371	80904	0	0	0.000800383631640145		15119.4466260301	
3372	80928	0	0	8.25755313336172e-05		3201.0667205149	
3373	80952	0	0	0		2860.22318396216	
3374	80976	0	0.0166666666666667	0		6065.07107819479	
3375	81000	0	0	0		9208.77953080142	
3376	81024	0	0.00833333333333333	0		7538.83814653342	
3377	81048	0	0	0		10950.1673937242	
3378	81072	0	0.00833333333333333	0		10543.7681613287	
3379	81096	0	0	6.35193503484287e-06		14966.8598636212	
3380	81120	0	0	0		4863.90021961161	
3381	81144	0	0	0		6786.28476192314	
3382	81168	0	0	0		2623.57391589204	
3383	81192	0	0	0		3599.48958731147	
3384	81216	0	0	0		-0.0326889603940962	
3385	81240	0	0	0		0	
3386	81264	0	0	0		0	
3387	81288	0	0.00833333333333333	0		3056.89771946859	
3388	81312	0	0.00833333333333333	0		7635.96663360009	
3389	81336	0	0	0		6819.22526004931	
3390	81360	0	0	0.000438273542798129		5697.36941621585	
3391	81384	0	0	0.00036838863701405		6063.97621169815	
3392	81408	0	0	0.00131465309321577		7160.89728026553	
3393	81432	0	0.00833333333333333	6.35055178044296e-06		6840.4771768797	
3394	81456	0	0	0		4927.91928690684	
3395	81480	0	0	0		2309.89855044524	
3396	81504	0	0	0		3275.57447173954	
3397	81528	0	0	0		2617.03340870143	
3398	81552	0	0	0		3599.014849855	
3399	81576	0	0				
3400	81600	0	0	0			
3401	81624	0	0	0			
3402	81648	0	0	0			
3403	81672	0	0	0			
3404	81696	0	0	0			
3405	81720	0	0	0		0	
3406	81744	0	0	0		0	
3407	81768	0	0	0		0	
3408	81792	0	0	0		0	
3409	81816	0	0	0		0	
3410	81840	0	0	0		0	
3411	81864	0	0	0		0	
3412	81888	0	0	0		0	
3413	81912	0	0	0		0	
3414	81936	0	0	0		0	
3415	81960	0	0	0		0	
3416	81984	0	0	0		0	
3417	82008	0	0	0		0	
3418	82032	0	0	0		0	
3419	82056	0	0	0		0	
3420	82080	0	0	0		0	
3421	82104	0	0	0		0	
3422	82128	0	0	0		0	
3423	82152	0	0	0		0	
3424	82176	0	0	0		0	
3425	82200	0	0	0		0	
3426	82224	0	0	0		0	
3427	82248	0	0	0		0	
3428	82272	0	0	0		0	
3429	82296	0	0	0		0	
3430	82320	0	0	0		0	
3431	82344	0	0	0		0	
3432	82368	0	0	0		0	
3433	82392	0	0	0		0	
3434	82416	0	0	0		0	
3435	82440	0	0	0		0	
3436	82464	0	0	0		0	
3437	82488	0	0	0		0	
3438	82512	0	0	0		0	
3439	82536	0	0	0		0	
3440	82560	0	0	0		0	
3441	82584	0	0	0		0	
3442	82608	0	0	0		0	
3443	82632	0	0	0		0	
3444	82656	0	0	0		0	
3445	82680	0	0	0		0	
3446	82704	0	0	0		0	
3447	82728	0	0	0		0	
3448	82752	0	0	0		0	
3449	82776	0	0	0		0	
3450	82800	0	0	0		0	
3451	82824	0	0	0		0	
3452	82848	0	0	0		0	
3453	82872	0	0	0		0	
3454	82896	0	0	0		0	
3455	82920	0	0	0		0	
3456	82944	0	0	0		0	
3457	82968	0	0	0		0	
3458	82992	0	0	0		0	
3459	83016	0	0	0		0	
3460	83040	0	0	0		0	
3461	83064	0	0	0		0	
3462	83088	0	0	0		0	
3463	83112	0	0	0		0	
3464	83136	0	0	0		0	
3465	83160	0	0	0		0	
3466	83184	0	0	0		0	
3467	83208	0	0	0		0	
3468	83232	0	0	0		0	
3469	83256	0	0	0		0	
3470	83280	0	0	0		0	
3471	83304	0	0	0		0	
3472	83328	0	0	0		0	
3473	83352	0	0	0		0	
3474	83376	0	0	0		0	
3475	83400	0	0	0		0	
3476	83424	0	0	0		0	
3477	83448	0	0	0		0	
3478	83472	0	0	0		0	
3479	83496	0	0	0		0	
3480	83520	0	0	0		0	
3481	83544	0	0	0		0	
3482	83568	0	0	0		0	
3483	83592	0	0	0		0	
3484	83616	0	0	0		0	
3485	83640	0	0	0		0	
3486	83664	0	0	0		0	
3487	83688	0	0	0		0	
3488	83712	0	0	0		0	
3489	83736	0	0	0		0	
3490	83760	0	0	0		0	
3491	83784	0	0	0		0	
3492	83808	0	0	0		0	
3493	83832	0	0	0		0	
3494	83856	0	0	0		0	
3495	83880	0	0	0		0	
3496	83904	0	0	0		0	
3497	83928	0	0	0		0	
3498	83952	0	0	0		0	
3499	83976	0	0	0		0	
3500	84000	0	0	0		0	
3501	84024	0	0	0		0	
3502	84048	0	0	0		0	
3503	84072	0	0	0		0	
3504	84096	0	0	0		0	
3505	84120	0	0	0		0	
3506	84144	0	0	0		0	
3507	84168	0	0	0		0	
3508	84192	0	0	0		0	
3509	84216	0	0	0		0	
3510	84240	0	0	0		0	
3511	84264	0	0	0		0	
3512	84288	0	0	0		0	
3513	84312	0	0	0		0	
3514	84336	0	0	0		0	
3515	84360	0	0	0		0	
3516	84384	0	0	0		0	
3517	84408	0	0	0		0	
3518	84432	0	0	0		0	
3519	84456	0	0	0		0	
3520	84480	0	0	0		0	
3521	84504	0	0	0		0	
3522	84528	0	0	0		0	
3523	84552	0	0	0		0	
3524	84576	0	0	0		0	
3525	84600	0	0	0		0	
3526	84624	0	0	0		0	
3527	84648	0	0	0		0	
3528	84672	0	0	0		0	
3529	84696	0	0	0		0	
3530	84720	0	0	0		0	
3531	84744	0	0	0		0	
3532	84768	0	0	0		0	
3533	84792	0	0	0		0	
3534	84816	0	0	0		0	
3535	84840	0	0	0		0	
3536	84864	0	0	0		0	
3537	84888	0	0	0		0	
3538	84912	0	0	0		0	
3539	84936	0	0	0		0	
3540	84960	0	0	0		0	
3541	84984	0	0	0		0	
3542	85008	0	0	0		0	
3543	85032	0	0	0		0	
3544	85056	0	0	0		0	
3545	85080	0	0	0		0	
3546	85104	0	0	0		0	
3547	85128	0	0	0		0	
3548	85152	0	0	0		0	
3549	85176	0	0	0		0	
3550	85200	0	0	0		0	
3551	85224	0	0	0		0	
3552	85248	0	0	0		0	
3553	85272	0	0	0		0	
3554	85296	0	0	0		0	
3555	85320	0	0	0		0	
3556	85344	0	0	0		0	
3557	85368	0	0	0		0	
3558	85392	0	0	0		0	
3559	85416	0	0	0		0	
3560	85440	0	0	0		0	
3561	85464	0	0	0		0	
3562	85488	0	0	0		0	
3563	85512	0	0	0		0	
3564	85536	0	0	0		0	
3565	85560	0	0	0		0	
3566	85584	0	0	0		0	
3567	85608	0	0	0		0	
3568	85632	0	0	0		0	
3569	85656	0	0	0		0	
3570	85680	0	0	0		0	
3571	85704	0	0	0		0	
3572	85728	0	0	0		0	
3573	85752	0	0	0		0	
3574	85776	0	0	0		0	
3575	85800	0	0	0		0	
3576	85824	0	0	0		0	
3577	85848	0	0	0		0	
3578	85872	0	0	0		0	
3579	85896	0	0	0		0	
3580	85920	0	0	0		0	
3581	85944	0	0	0		0	
3582	85968	0	0	0		0	
3583	85992	0	0	0		0	
3584	86016	0	0	0		0	
3585	86040	0	0	0		0	
3586	86064	0	0	0		0	
3587	86088	0	0	0		0	
3588	86112	0	0	0		0	
3589	86136	0	0	0		0	
3590	86160	0	0	0		0	
3591	86184	0	0	0		0	
3592	86208	0	0	0		0	
3593	86232	0	0	0		0	
3594	86256	0	0	0		0	
3595	86280	0	0	0		0	
3596	86304	0	0	0		0	
3597	86328	0	0	0		0	
3598	86352	0	0	0		0	
3599	86376	0	0	0		0	
3600	86400	0	0	0		0	
3601	86424	0	0	0		0	
3602	86448	0	0	0		0	
3603	86472	0	0	0		0	
3604	86496	0	0	0		0	
3605	86520	0	0	0		0	
3606	86544	0	0	0		0	
3607	86568	0	0	0		0	
3608	86592	0	0	0		0	
3609	86616	0	0	0		0	
3610	86640	0	0	0		0	
3611	86664	0	0	0		0	
3612	86688	0	0	0		0	
3613	86712	0	0	0		0	
3614	86736	0	0	0		0	
3615	86760	0	0	0		0	
3616	86784	0	0	0		0	
3617	86808	0	0	0		0	
3618	86832	0	0	0		0	
3619	86856	0	0	0		0	
3620	86880	0	0	0		0	
3621	86904	0	0.00833333333333333	0		3056.89771946859	
3622	86928	0	0	0		4579.0689141315	
3623	86952	0	0	0		2240.15634591781	
3624	86976	0	0	0		3185.76171900613	
3625	87000	0	0	0		2623.35704797114	
3626	87024	0	0	0		3599.04753169675	
3627	87048	0	0	0		0	
3628	87072	0	0.00833333333333333	0		3056.89771946859	
3629	87096	0	0.0333333333333333	0		16806.6597920059	
3630	87120	0	0	0		20556.4320024438	
3631	87144	0	0	0		12146.3871026774	
3632	87168	0	0.00833333333333333	0.119978519488891		92733.8133693869	
3633	87192	0	0.00833333333333333	0.351851667845772		246959.654874882	
3634	87216	0	0	0.11920549822057		144344.709239046	
3635	87240	0	0	0.00146789291142901		99423.6150742471	
3636	87264	0	0	0		53951.8319807033	
3637	87288	0	0	0		34502.5699596622	
3638	87312	0	0	0		10134.3998637572	
3639	87336	0	0	0.128315021052794		78962.5392466992	
3640	87360	0	0	0		7806.68671538723	
3641	87384	0	0	0		29806.7049259179	
3642	87408	0	0	0		4380.93457869877	
3643	87432	0	0	0		8929.93634197024	
3644	87456	0	0	0.0030064661237067		1201.75275695897	
3645	87480	0	0	0.00512509397534822		3357.39493009968	
3646	87504	0	0	0		1010.49406903284	
3647	87528	0	0	0		1293.17124277731	
3648	87552	0	0	0		384.212636292914	
3649	87576	0	0	0		341.202846667163	
3650	87600	0	0	0		-26.3752688050474	
3651	87624	0	0	0		0	
3652	87648	0	0	0		0	
3653	87672	0	0	0		0	
3654	87696	0	0	0		0	
3655	87720	0	0	0.0182423343860218		11298.6658701535	
3656	87744	0	0	0.0520779857319247		33366.2262921715	
3657	87768	0	0	0.081895215830649		58132.1021807945	
3658	87792	0	0.025	0.00729291701544021		31395.1899127664	
3659	87816	0	0	0.110023795550287		104397.54268576	
3660	87840	0	0	0.023522937747079		36010.6727115513	
3661	87864	0	0	0.0230529434781847		56506.1624146452	
3662	87888	0	0	0.142772932062803		107009.283770988	
3663	87912	0	0	0.222477432384524		171064.22906148	
3664	87936	0	0	0.364442322683597	698400	274294.583693728	424105.416306272
3665	87960	0	0	0.154802613785073	698400	176111.305721902	522288.694278098
3666	87984	0	0.00833333333333333	0.160147346158733	599400	213744.66426406	385655.33573594
3667	88008	0	0.0416666666666667	0.212856419376421	471600	224602.895616315	246997.104383685
3668	88032	0	0.00833333333333333	0.257205249387986	442800	267163.50013833	175636.49986167
3669	88056	0	0	0.19983328050179	482400	222209.520884455	260190.479115545
3670	88080	0	0.025	0.100408058897437	475200	181684.874122955	293515.125877045
3671	88104	0	0	0.166907821101262	552600	212321.172962459	340278.827037541
3672	88128	0	0	0.25034560532049	594000	239510.203382934	354489.796617066
3673	88152	0	0	0.253157094845579	538200	239981.973088517	298218.026911483
3674	88176	0	0	0.267317248538312	502200	258665.568102867	243534.431897133
3675	88200	0	0	0.270983585300704	577800	273367.249373824	304432.750626176
3676	88224	0	0	0.343445922166293	538200	316523.853612976	221676.146387025
3677	88248	0	0	0.364235761477645	684000	334914.618196866	349085.381803134
3678	88272	0	0.0166666666666667	0.268669137988747	702000	301032.531068993	400967.468931007
3679	88296	0	0.025	0.201591030700956	586800	273367.456476944	313432.543523056
3680	88320	0	0.0166666666666667	0.188501749186551	676800	250712.311030344	426087.688969656
3681	88344	0	0	0.143931226135967	621000	202457.882829314	418542.117170686
3682	88368	0	0	0.12834274460956	802800	175034.234364184	627765.765635817
3683	88392	0	0	0.0733657743777547	630000	127212.739916012	502787.260083988
3684	88416	0	0	0.0712482969471582	649800	111448.824045284	538351.175954716
3685	88440	0	0.0166666666666667	0.067855356425528	608100	90148.9660249449	517951.033975055
3686	88464	0	0	0.0846062840750372	658800	92939.1377952823	565860.862204718
3687	88488	0	0.0583333333333333	0.0475313269773281	671400	83110.4857053599	588289.51429464
3688	88512	0	0	0.0714867559863866	820800	112147.07800165	708652.92199835
3689	88536	0	0	0.048575148528407	811800	73652.5087347214	738147.491265279
3690	88560	0	0	0.0798454172092047	811800	105677.641687111	706122.358312889
3691	88584	0	0	0.104025416984479	811800	104252.569291726	707547.430708274
3692	88608	0	0	0.151267493969456	811800	150154.603887787	661645.396112213
3693	88632	0	0.0916666666666667	0.103790644941823	811800	137025.321325245	674774.678674755
3694	88656	0	0	0.0954172617340259	811800	159785.431036643	652014.568963358
3695	88680	0	0.025	0.0233479199067812	802800	90187.163561092	712612.836438908
3696	88704	0	0.108333333333333	0.0542970879866829	831600	159272.185005807	672327.814994193
3697	88728	0	0.0333333333333333	0.053793362032108	914400	159083.271871928	755316.728128072
3698	88752	0	0.00833333333333333	0.0566140277336515	0	157499.029777139	-157499.029777139
3699	88776	0	0	0.0595264069004209	0	118624.449288191	-118624.449288191
3700	88800	0	0	0.0387225599135457	0	106138.737483937	-106138.737483937
3701	88824	0	0.0666666666666667	0.0569106103639259	0	141753.352107711	-141753.352107711
3702	88848	0	0	0.0960725442677478	0	131312.365268973	-131312.365268973
3703	88872	0	0.0166666666666667	0.0758004011161218	0	98826.2621492852	-98826.2621492852
3704	88896	0	0	0.047921316341979	0	95589.7355761246	-95589.7355761246
3705	88920	0	0	0.145930811169767	0	143419.358187495	-143419.358187495
3706	88944	0	0	0.0861264883603123	0	117507.623988231	-117507.623988231
3707	88968	0	0.00833333333333333	0.0835947573480969	0	105639.983770194	-105639.983770194
3708	88992	0	0	0.0448903029824211	0	72605.3864253734	-72605.3864253734
3709	89016	0	0	0.0579962085267836	0	73163.049553994	-73163.049553994
3710	89040	0	0	0.0291120439043917	0	43273.3267108848	-43273.3267108848
3711	89064	0	0.05	0.0176199923507534	0	54030.0612362044	-54030.0612362044
3712	89088	0	0	0.0319172337751548	0	63351.4432740081	-63351.4432740081
