timestep	time	P.V1	P.V2	Q	Qfitted	Qresidual
17	17	0	3.6442763812881	34.9250704225352		
18	18	120	3.2641802822685	46.081014084507		
19	19	72	1.69441379963057	56.0474366197183		
20	20	0	1.19454938110321	60.0632112676056		
21	21	0	1.98322665299955	45.0755492957746		
22	22	0	3.36753362046438	30.9823098591549		
23	23	0	2.92208184384641	22.8077746478873		
24	24	0	3.24712784423507	17.7941408450704		
25	25	0	3.43760080776756	12.8565633802817		
26	26	0	4.17446358478087	10.667661971831		
27	27	0	3.28153320622491	11.0053521126761		
28	28	48	2.89223542399577	12.5158309859155		
29	29	60	3.23336639045493	24.5144788732394		
30	30	12	3.24851311225564	41.8294647887324		
31	31	18	3.53504029088082	31.1176901408451		
32	32	18	3.10478456365532	21.924		
33	33	6	3.17650422238683	15.5732957746479		
34	34	0	2.01114371051941	12.3409014084507		
35	35	516	1.13751964796753	15.4744225352113		
36	36	132	2.79765990504649	77.8178028169014		
37	37	0	2.60865376566888	54.6875492957746		
38	38	0	2.23311194104471	34.4945915492958		
39	39	456	1.95516134878446	31.476676056338		
40	40	54	2.28110550979391	171.809746478873		
41	41	0	2.84966809234219	84.0711549295775		
42	42	0	2.23343350043486	43.8875492957746		
43	43	72	1.88325830765538	42.0180845070423		
44	44	24	1.36332515130491	54.7134084507042		
45	45	210	1.20254140391781	56.9312112676056		
46	46	168	0.337300790318238	85.894985915493		
47	47	84	0.0963451767140597	126.102929577465		
48	48	108	0.172377474565927	108.317915492958		
49	49	36	0.312185729304893	78.9267042253521		
50	50	84	1.99556778379576	61.1416901408451		
51	51	0	2.3306136018649	66.3409014084507		
52	52	0	2.91847513150705	65.9438873239437		
53	53	0	2.69410383024398	45.8254647887324		
54	54	0	1.95941583266961	31.3960563380282		
55	55	60	1.98557311315071	24.8673802816901		
56	56	90	1.69534424953703	24.1448450704225		
57	57	438	0.68746106254315	31.9877746478873		
58	58	402	0	164.593521126761		
59	59	0	0	198.964901408451		
60	60	0	0	143.411830985916		
61	61	0	0	107.714028169014		
62	62	0	0	86.3589295774648		
63	63	0	0	71.0183661971831		
64	64	0	0	69.3238309859155		
65	65	0	0	75.0752112676056		
66	66	0	0	62.7008450704225		
67	67	0	0	92.7765633802817		
68	68	0	0	70.4494647887324		
69	69	0	0	73.5510422535211		
70	70	0	0.189039407767297	68.977014084507		
71	71	96	1.82854711497412	53.6988169014084		
72	72	0	0	52.8180845070422		
73	73	0	0	218.99661971831		
74	74	0	0	265.62523943662		
75	75	0	0	195.85876056338		
76	76	0	0	107.925464788732		
77	77	0	0	61.9402816901408		
78	78	0	0	60.6701408450704		
79	79	0	0	144.228676056338		
80	80	0	0	106.357183098592		
81	81	0	0	65.2380845070423		
82	82	0	0	48.0052394366197		
83	83	0	0	38.4160563380282		
84	84	0	0	35.7677746478873		
85	85	0	0	34.8231549295775		
86	86	0	0	36.1997746478873		
87	87	0	0	36.4644507042253		
88	88	0	0	35.7084507042253		
89	89	0	0	42.517014084507		
90	90	0	0	39.4899718309859		
91	91	0	0	32.9962816901408		
92	92	0	0	28.4465915492958		
93	93	0	0	26.3352676056338		
94	94	0	0	32.4532394366197		
95	95	0	0	36.4614084507042		
96	96	0	0	31.6227042253521		
97	97	0	0	26.4797746478873		
98	98	0	0	24.4734084507042		
99	99	0	0	21.8494647887324		
100	100	0	0	19.2818028169014		
101	101	0	0	17.579661971831		
102	102	0	0	16.6821971830986		
103	103	0	0	15.2827605633803		
104	104	0	0	13.4817464788732		
105	105	0	0	18.0238309859155		
106	106	0	0	17.3012957746479		
107	107	0	0	13.2201126760563		
108	108	0	0	10.6889577464789		
109	109	0	0	0.956788732394366		
110	110	0	0	0		
111	111	0	0	0		
112	112	0	0	0		
113	113	0	0	0		
114	114	0	0	0		
115	115	0	0	0		
116	116	0	0	0		
117	117	0	0	0		
118	118	0	0	0		
119	119	0	0	0		
120	120	0	0	0		
121	121	0	0	0		
122	122	0	0.3837074691127	0		
123	123	0	0.634346116400508	0		
124	124	0	0.8149920926965	0		
125	125	0	1.8456710762666	0		
126	126	0	1.55897393878051	0		
127	127	0	0	0		
128	128	0	0	0		
129	129	0	0	0		
130	130	0	0	0		
131	131	0	0	0		
132	132	0	0	0		
133	133	0	0	0		
134	134	0	0.19417100687469	0		
135	135	0	0	0		
136	136	0	0	0		
137	137	0	0	0		
138	138	0	0	0		
139	139	0	0	0		
140	140	0	0	0		
141	141	0	0	0		
142	142	0	0	0		
143	143	0	0	0		
144	144	0	0	0		
145	145	0	0	0		
146	146	0	0	0		
147	147	0	0	0		
148	148	0	0	0		
149	149	0	0	0		
150	150	0	0	0		
151	151	0	0	0		
152	152	0	0	0		
153	153	0	0	0		
154	154	0	0.265676899017834	0		
155	155	0	0	0		
156	156	0	0	0		
157	157	0	0	0		
158	158	0	0	0		
159	159	0	0	0		
160	160	0	0	0		
161	161	0	0	0		
162	162	0	0	0		
163	163	0	0	0		
164	164	0	0	0		
165	165	0	0	0		
166	166	0	0	0		
167	167	0	0	0		
168	168	0	0	0		
169	169	0	0	0		
170	170	0	0	0		
171	171	0	0	0		
172	172	0	0	0		
173	173	0	0	0		
174	174	0	0	0		
175	175	0	0	0		
176	176	0	0	0		
177	177	0	0	0		
178	178	0	0	0		
179	179	0	0	0		
180	180	0	0	0		
181	181	0	0	0		
182	182	0	0	0		
183	183	0	0	0		
184	184	0	0	0		
185	185	0	0	0		
186	186	0	0	0		
187	187	0	0	0		
188	188	0	0	0		
189	189	0	0	0		
190	190	0	0	0		
191	191	0	0	0		
192	192	0	0	0		
193	193	0	0	0		
194	194	0	0	0		
195	195	0	0	0		
196	196	0	0	0		
197	197	0	0	0		
198	198	0	0	0		
199	199	0	0	0		
200	200	0	0	0		
201	201	0	0	0		
202	202	0	0	0		
203	203	0	0	0		
204	204	0	0	0		
205	205	0	0	0		
206	206	0	0	0		
207	207	0	0	0		
208	208	0	0	0		
209	209	0	0	0		
210	210	0	0	0		
211	211	0	0	0		
212	212	0	0	0		
213	213	0	0	0		
214	214	0	0	0		
215	215	0	0	0		
216	216	0	0	0		
217	217	0	-181.420946967997	0		
218	218	0	0	0		
219	219	0	0	0		
220	220	0	0	0		
221	221	0	0	0		
222	222	0	0	0		
223	223	0	0	0		
224	224	0	0	0		
225	225	0	0	0		
226	226	0	0	0		
227	227	0	0	0		
228	228	0	0	0		
229	229	0	0	0		
230	230	0	0	0		
231	231	0	0	0		
232	232	0	0	0		
233	233	0	0	0		
234	234	0	0	0		
235	235	0	0	0		
236	236	0	0	0		
237	237	0	0	0		
238	238	0	0	0		
239	239	0	0	0		
240	240	0	0	0		
241	241	0	0	0		
242	242	0	0	0		
243	243	0	0	0		
244	244	0	0	0		
245	245	0	0	0		
246	246	0	0	0		
247	247	0	0	0		
248	248	0	0	0		
249	249	0	0	0		
250	250	0	0	0		
251	251	0	0	0		
252	252	0	0	0		
253	253	0	0	0		
254	254	0	0	0		
255	255	0	0	0		
256	256	0	0	0		
257	257	0	0	0		
258	258	0	0	0		
259	259	0	0	0		
260	260	0	0	0		
261	261	0	0	0		
262	262	0	0	0		
263	263	0	0	0		
264	264	0	0	0		
265	265	0	0	0		
266	266	0	0	0		
267	267	0	0	0		
268	268	0	0	0		
269	269	0	0	0		
270	270	0	0	0		
271	271	0	0	0		
272	272	0	0	0		
273	273	0	0	0		
274	274	0	0	0		
275	275	0	0	0		
276	276	0	0	0		
277	277	0	0	0		
278	278	0	0	0		
279	279	0	0	0		
280	280	0	0	0		
281	281	0	0	0		
282	282	0	0	0		
283	283	0	0	0		
284	284	0	0	0		
285	285	0	0	0		
286	286	0	0	0		
287	287	0	0	0		
288	288	0	0	0		
289	289	0	0	0		
290	290	0	0	0		
291	291	0	0	0		
292	292	0	0	0		
293	293	0	0	0		
294	294	0	0	0		
295	295	0	0	0		
296	296	0	0	0		
297	297	0	0	0		
298	298	0	0	0		
299	299	0	0	0		
300	300	0	0	0		
301	301	0	0	0		
302	302	0	0	0		
303	303	0	0	0		
304	304	0	0	0		
305	305	0	0	0		
306	306	0	0	0		
307	307	0	0	0		
308	308	0	0	0		
309	309	0	0	0		
310	310	0	0	0		
311	311	0	0	0		
312	312	0	0	0		
313	313	0	0	0		
314	314	0	0	0		
315	315	0	0	0		
316	316	0	0	0		
317	317	0	0	0		
318	318	0	0	0		
319	319	0	0	0		
320	320	0	0	0		
321	321	0	0	0		
322	322	0	0	0		
323	323	0	0	0		
324	324	0	0	0		
325	325	0	0	0		
326	326	0	0	0		
327	327	0	0	0		
328	328	0	0	0		
329	329	0	0	0		
330	330	0	0	0		
331	331	0	0	0		
332	332	0	0	0		
333	333	0	0	0		
334	334	0	0	0		
335	335	0	0	0		
336	336	0	0	0		
337	337	0	0	0		
338	338	0	0	0		
339	339	0	0	0		
340	340	0	0	0		
341	341	0	0	0		
342	342	0	0	0		
343	343	0	0	0		
344	344	0	0	0		
345	345	0	0	0		
346	346	0	0	0		
347	347	0	7.62397534098845	0		
348	348	0	3.20134220631703	0		
349	349	30	0	0		
350	350	0	5.6419795897477	0		
351	351	42	3.4818569803524	0		
352	352	0	5.08051577654228	0		
353	353	0	5.20767249919245	0		
354	354	0	4.40367375823724	9.23222535211267		
355	355	0	0.829041643895362	46.0749295774648		
356	356	0	1.42188746382125	113.571887323944		
357	357	0	0.629923364416587	85.0842253521127		
358	358	0	3.26530767002543	66.4823661971831		
359	359	0	4.63789938058901	61.392676056338		
360	360	0	5.00975232201256	81.6951549295775		
361	361	30	2.56060223138282	203.277295774648		
362	362	246	0.273492466673268	206.79414084507		
363	363	0	3.35897458267845	137.141746478873		
364	364	78	3.58850933295457	76.3575211267606		
365	365	0	3.06495913080804	55.992676056338		
366	366	0	3.1617490268111	47.8394366197183		
367	367	0	4.45238491342234	46.7244507042254		
368	368	0	4.51431814811201	43.764338028169		
369	369	0	3.53191305526111	41.447661971831		
370	370	120	4.07511605058257	40.5654084507042	15.8605844371879	24.7048240135163
371	371	0	3.95028047547969	37.0242253521127	25.4574447052044	11.5667806469083
372	372	0	3.8365757080163	35.5183098591549	21.313618310395	14.2046915487599
373	373	0	3.33050957823362	32.6859718309859	15.0261124141743	17.6598594168117
374	374	0	3.48470516776198	26.926985915493	12.6178480684123	14.3091378470807
375	375	0	3.31925937799443	23.0861408450704	9.73676365237935	13.3493771926911
376	376	0	2.28904482144598	19.3380845070423	5.92000283055518	13.4180816764871
377	377	0	2.17490967464858	16.3186478873239	5.96273942697468	10.3559084603492
378	378	0	2.89650052442686	13.7768450704225	4.19443458820581	9.58241048221669
379	379	0	2.38567387403692	11.9621408450704	2.67527847590851	9.2868623691619
380	380	0	3.26161031036548	12.744	3.56704607957621	9.17695392042379
381	381	0	4.22470966179544	12.1157746478873	3.07159927665883	9.04417537122847
382	382	12	0	16.548338028169	-0.25281477421779	16.8011528023868
383	383	0	0	23.4557746478873	5.51213391723828	17.943640730649
384	384	0	0	36.1054647887324	1.0205111580117	35.0849536307207
385	385	0	0	38.1787605633803	-0.544619108398813	38.7233796717791
386	386	0	0	30.1958873239437	-1.18119518950907	31.3770825134528
387	387	0	0	22.4670422535211	-2.01405868058886	24.48110093411
388	388	0	0	17.7941408450704	-2.63019824198768	20.4243390870581
389	389	0	0	14.8857464788732	-1.49636970281768	16.3821161816909
390	390	0	0	14.7655774647887	-0.805246709177291	15.570824173966
391	391	0	3.90338722772822	16.7795492957746	1.80557597155551	14.9739733242191
392	392	0	4.14857916214045	15.7254084507042	0.121628259926213	15.603780190778
393	393	0	2.76881606052066	13.7874929577465	2.64504180372369	11.1424511540228
394	394	0	2.54055896993469	13.7661971830986	5.57830436410123	8.18789281899737
395	395	0	3.86167978152628	21.8190422535211	6.85201412578298	14.9670281277381
396	396	0	3.60877751380774	22.3301408450704	5.92517476972916	16.4049660753412
397	397	0	3.02321892369653	17.746985915493	6.38873490210451	11.3582510133885
398	398	0	3.15969808109577	14.6225915492958	5.99246263240922	8.63012891688659
399	399	0	4.22297782556117	12.5432112676056	5.05585314486108	7.48735812274452
400	400	0	3.9036653042012	11.1422535211268	4.76809717313177	6.37415634799503
401	401	0	3.21787156066556	9.94664788732395	5.51578318616136	4.43086470116259
402	402	0	2.79818277996851	9.40208450704225	5.18260666735929	4.21947783968296
403	403	0	1.86609554113743	9.14501408450704	2.63646913268235	6.50854495182469
404	404	0	2.38006195402765	14.4278873239437	2.00951593606836	12.4183713878753
405	405	0	1.31293992927355	33.936338028169	-0.241965438914423	34.1783034670834
406	406	0	1.88118792740941	44.82	2.02779689363749	42.7922031063625
407	407	0	1.42739202127218	47.5184788732394	-0.034751122324253	47.5532299955637
408	408	0	2.02092574819251	210.528507042254	0.430837444411087	210.097669597843
409	409	0	2.7691835361504	263.594535211268	0.764335361679019	262.830199849589
410	410	0	2.09148477178656	149.204281690141	0.759089400293106	148.445192289848
411	411	0	2.56753082880648	62.2353802816901	2.47832490665696	59.7570553750332
412	412	0	2.64473206501148	35.3068732394366	1.41801203316915	33.8888612062675
413	413	0	2.37824916515122	23.0709295774648	2.02868501129328	21.0422445661715
414	414	0	2.41734100723158	16.4829295774648	3.01480484146378	13.468124736001
415	415	0	2.38929875129034	28.1864788732394	3.08095668977132	25.1055221834681
416	416	0	2.1615845466055	51.564676056338	2.56226701324618	49.0024090430918
417	417	0	1.94280183625327	48.9894084507042	2.63798990500249	46.3514185457017
418	418	0	1.72758456962664	40.7114366197183	2.33312568378855	38.3783109359297
419	419	0	1.80960340494835	37.7421971830986	1.99060452494406	35.7515926581546
420	420	0	2.22694430415663	36.9131830985916	1.92451226313467	34.9886708354569
421	421	0	2.09047976848753	29.7	1.25995879807776	28.4400412019222
422	422	0	2.24144538783746	22.9842253521127	1.73386413493215	21.2503612171806
423	423	0	2.53784050045377	16.9423098591549	2.15295840477042	14.7893514543845
424	424	0	2.47267015117129	12.3043943661972	2.08720209111941	10.2171922750778
425	425	0	1.89468386152194	9.0096338028169	2.07340537375752	6.93622842905938
426	426	0	1.02228098412795	10.7361126760563	1.91131568026878	8.82479699578752
427	427	0	1.52858100755229	22.1597746478873	2.1305371967576	20.0292374511297
428	428	0	1.55561488566208	24.9738591549296	0.705227392745166	24.2686317621844
429	429	0	0.510702614927908	29.4885633802817	0.211056795852606	29.2775065844291
430	430	0	0.562117919676268	159.082478873239		
431	431	0	1.56329351767741	125.760676056338	0.507130744411627	125.253545311926
432	432	0	1.3509230080288	84.9655774647887	-0.598114169387376	85.5636916341761
433	433	0	1.92712507852761	166.312394366197	1.32378746781903	164.988606898378
434	434	0	2.19654209154631	78.2437183098592	1.25925773179013	76.9844605780691
435	435	0	2.11655867313837	44.3134647887324	1.3812849011226	42.9321798876098
436	436	0	2.25908396194127	31.0857464788732	2.4555522542782	28.630194224595
437	437	0	2.35358972925539	23.2975774647887	2.79106257146386	20.5065148933248
438	438	0	1.9222865452362	17.4944788732394	2.7554831979653	14.7389956752741
439	439	0	1.52661523657325	13.4832676056338	3.00664788748098	10.4766197181528
440	440	0	1.63652408679452	12.3424225352113	2.5945529041536	9.7478696310577
441	441	0	2.08790608996198	11.3612957746479	2.10322685815221	9.25806891649569
442	442	0	1.36612510041364	10.0181408450704	1.68404007835832	8.33410076671208
443	443	0	1.52454235843906	35.5183098591549	2.42298187548154	33.0953279836734
444	444	0	1.96774320208546	54.491323943662	1.42948094406107	53.0618429996009
445	445	0	2.09966056532043	38.9104225352113	1.18150011485159	37.7289224203597
446	446	0	2.29591207698797	28.8147042253521	2.01266679291595	26.8020374324362
447	447	0	1.92921368778197	22.5978591549296	1.69911746935105	20.8987416855786
448	448	0	1.79546375596571	18.9197746478873	2.06445709372369	16.8553175541636
449	449	0	1.94643482179347	16.4814084507042	2.08962170904274	14.3917867416615
450	450	0	1.90808101879247	14.4765633802817	1.91195972553175	12.56460365475
451	451	0	1.51888454039933	12.587323943662	1.81221908040205	10.77510486326
452	452	0	0.611475035726841	11.1757183098592	1.34315632854101	9.83256198131819
453	453	0	0.447725819503361	11.3323943661972	0.971125928265293	10.3612684379319
454	454	0	0.270099951432911	11.4373521126761	-0.267579125130832	11.7049312378069
455	455	0	0.210442213507648	11.5012394366197		
456	456	0	0.761112368116287	11.4586478873239		
457	457	0	0.93266591093402	10.2630422535211	-1.06551556436458	11.3285578178857
458	458	0	0.416676791780503	8.40574647887324	-1.02621667247807	9.43196315135131
459	459	0	0.694783502363805	8.73278873239437		
460	460	0	0.998766375277313	8.2703661971831	0.183173919495265	8.08719227768784
461	461	0	0.149618158798731	7.4352676056338	-0.425453482875056	7.86072108850886
462	462	0	0.0820265365184696	8.41335211267606		
463	463	0	0.0362465334896029	2.4216338028169		
464	464	0	0	0		
465	465	0	0	0		
466	466	0	0	0		
467	467	0	0	0		
468	468	0	0.264898563277654	0		
469	469	0	0.271861722447596	0		
470	470	0	0.137405546625942	0		
471	471	0	0.1296549081992	0		
472	472	0	0.0185168412965453	0		
473	473	0	0	0		
474	474	0	0	0		
475	475	0	0	0		
476	476	0	0	0		
477	477	0	0	0		
478	478	0	0	0		
479	479	0	0	0		
480	480	0	0	0		
481	481	0	0	0		
482	482	0	0.023031300132871	0		
483	483	0	0	0		
484	484	0	0	0		
485	485	0	0	0		
486	486	0	0	0		
487	487	0	0	0		
488	488	0	0	0		
489	489	0	0	0		
490	490	0	0	0		
491	491	0	0	0		
492	492	0	0	0		
493	493	0	0.0541832332067003	0		
494	494	0	0	0		
495	495	0	0	0		
496	496	0	0	0		
497	497	0	0	0		
498	498	0	0	0		
499	499	0	0	0		
500	500	0	0	0		
501	501	0	0	0		
502	502	0	0	0		
503	503	0	0	0		
504	504	0	0	0		
505	505	0	0	0		
506	506	0	0	0		
507	507	0	0	0		
508	508	0	0	0		
509	509	0	0	0		
510	510	0	0	0		
511	511	0	0	0		
512	512	0	0	0		
513	513	0	0	0		
514	514	0	0	0		
515	515	0	0	0		
516	516	0	0	0		
517	517	0	0	0		
518	518	0	0	0		
519	519	0	0	0		
520	520	0	0	0		
521	521	0	0	0		
522	522	0	0	0		
523	523	0	0	0		
524	524	0	0	0		
525	525	0	0	0		
526	526	0	0	0		
527	527	0	0	0		
528	528	0	0	0		
529	529	0	0	0		
530	530	0	0	0		
531	531	0	0	0		
532	532	0	0	0		
533	533	0	0	0		
534	534	0	0	0		
535	535	0	0	0		
536	536	0	0	0		
537	537	0	0	0		
538	538	0	0	0		
539	539	0	0	0		
540	540	0	0	0		
541	541	0	0	0		
542	542	0	0	0		
543	543	0	0	0		
544	544	0	0	0		
545	545	0	0	0		
546	546	0	0	0		
547	547	0	0	0		
548	548	0	0	0		
549	549	0	0	0		
550	550	0	0	0		
551	551	0	0	0		
552	552	0	0	0		
553	553	0	0	0		
554	554	0	0	0		
555	555	0	0	0		
556	556	0	0	0		
557	557	0	0	0		
558	558	0	0	0		
559	559	0	0	0		
560	560	0	0	0		
561	561	0	0	0		
562	562	0	0	0		
563	563	0	0	0		
564	564	0	0	0		
565	565	0	0	0		
566	566	0	0	0		
567	567	0	0	0		
568	568	0	0	0		
569	569	0	0	0		
570	570	0	0	0		
571	571	0	0	0		
572	572	0	0	0		
573	573	0	0	0		
574	574	0	0	0		
575	575	0	0	0		
576	576	0	0	0		
577	577	0	0	0		
578	578	0	0	0		
579	579	0	0	0		
580	580	0	0	0		
581	581	0	0	0		
582	582	0	0	0		
583	583	0	-259.563098748922	0		
584	584	0	0	0		
585	585	0	0	0		
586	586	0	0	0		
587	587	0	0	0		
588	588	0	0	0		
589	589	0	0	0		
590	590	0	0	0		
591	591	0	0	0		
592	592	0	0	0		
593	593	0	0	0		
594	594	0	0	0		
595	595	0	0	0		
596	596	0	0	0		
597	597	0	0	0		
598	598	0	0	0		
599	599	0	0	0		
600	600	0	0	0		
601	601	0	0	0		
602	602	0	0	0		
603	603	0	0	0		
604	604	0	0	0		
605	605	0	0	0		
606	606	0	0	0		
607	607	0	0	0		
608	608	0	0	0		
609	609	0	0	0		
610	610	0	0	0		
611	611	0	0	0		
612	612	0	0	0		
613	613	0	0	0		
614	614	0	0	0		
615	615	0	0	0		
616	616	0	0	0		
617	617	0	0	0		
618	618	0	0	0		
619	619	0	0	0		
620	620	0	0	0		
621	621	0	0	0		
622	622	0	0	0		
623	623	0	0	0		
624	624	0	0	0		
625	625	0	0	0		
626	626	0	0	0		
627	627	0	0	0		
628	628	0	0	0		
629	629	0	0	0		
630	630	0	0	0		
631	631	0	0	0		
632	632	0	0	0		
633	633	0	0	0		
634	634	0	0	0		
635	635	0	0	0		
636	636	0	0	0		
637	637	0	0	0		
638	638	0	0	0		
639	639	0	0	0		
640	640	0	0	0		
641	641	0	0	0		
642	642	0	0	0		
643	643	0	0	0		
644	644	0	0	0		
645	645	0	0	0		
646	646	0	0	0		
647	647	0	0	0		
648	648	0	0	0		
649	649	0	0	0		
650	650	0	0	0		
651	651	0	0	0		
652	652	0	0	0		
653	653	0	0	0		
654	654	0	0	0		
655	655	0	0	0		
656	656	0	0	0		
657	657	0	0	0		
658	658	0	0	0		
659	659	0	0	0		
660	660	0	0	0		
661	661	0	0	0		
662	662	0	0	0		
663	663	0	0	0		
664	664	0	0	0		
665	665	0	0	0		
666	666	0	0	0		
667	667	0	0	0		
668	668	0	0	0		
669	669	0	0	0		
670	670	0	0	0		
671	671	0	0	0		
672	672	0	0	0		
673	673	0	0	0		
674	674	0	0	0		
675	675	0	0	0		
676	676	0	0	0		
677	677	0	0	0		
678	678	0	0	0		
679	679	0	0	0		
680	680	0	0	0		
681	681	0	0	0		
682	682	0	0	0		
683	683	0	0	0		
684	684	0	0	0		
685	685	0	0	0		
686	686	0	0	0		
687	687	0	0	0		
688	688	0	0	0		
689	689	0	0	0		
690	690	0	0	0		
691	691	0	0	0		
692	692	0	0	0		
693	693	0	0	0		
694	694	0	0	0		
695	695	0	0	0		
696	696	0	0	0		
697	697	0	0	0		
698	698	0	0	0		
699	699	0	4.98435050934422	0		
700	700	0	5.95939770596117	0		
701	701	0	4.32724143828287	0		
702	702	0	0	0		
703	703	0	0	0		
704	704	0	0	0		
705	705	0	0	0		
706	706	0	0	0		
707	707	0	0	0		
708	708	0	4.53667931577812	0		
709	709	0	3.31395240544209	0		
710	710	0	4.5835789493184	0		
711	711	0	1.90159788169066	0		
712	712	0	0.471225332972377	0		
713	713	0	3.28082086565552	0		
714	714	0	4.44926484476194	0		
715	715	0	2.99343024380686	2.73802816901408		
716	716	0	0	92.5757746478873		
717	717	0	0	116.472676056338		
718	718	0	0	80.2850704225352		
719	719	0	0	47.4895774647887		
720	720	0	4.34405829901861	26.6197183098591		
721	721	0	1.153362779453	80.7109859154929		
722	722	0	1.33243663665829	90.0050704225352		
723	723	0	2.73134944054453	75.5695774647888		
724	724	0	0.377862088298329	76.1476056338028		
725	725	0	1.51776379794754	95.5267605633803		
726	726	0	3.55031294501563	75.2045070422535		
727	727	0	4.20693748607428	70.8845070422535		
728	728	0	5.43772396902542	58.8371830985916		
729	729	0	4.60243441096042	50.6991549295775		
730	730	90	4.72984979393532	57.5594366197183		
731	731	0	3.78708597611194	43.1391549295775		
732	732	0	2.75705141920882	36.0354929577465		
733	733	12	0.837172809778252	28.4907042253521		
734	734	0	0.523180495475152	21.7216901408451		
735	735	12	2.11019508105786	18.9684507042254		
736	736	0	3.27945870824562	16.5802816901408	4.26896348553944	12.3113182046014
737	737	6	3.03699354577914	16.5042253521127	4.77526553940077	11.7289598127119
738	738	0	2.9950326879259	16.9149295774648	5.689637064015	11.2252925134498
739	739	0	3.54552313055502	18.0557746478873	4.54525419045814	13.5105204574292
740	740	6	3.18560671161439	19.729014084507	3.97788246860395	15.7511316159031
741	741	0	3.91683812509186	18.8315492957746	6.21526093592609	12.6162883598485
742	742	0	2.6828020390238	17.2343661971831	3.71759564735713	13.516770549826
743	743	102	1.94242767308562	16.7932394366197	8.07750774409649	8.71573169252322
744	744	78	1.91063716402683	17.2039436619718	22.2183771222314	-5.01443346025956
745	745	0	2.43513089797523	17.3408450704225	27.3622314646422	-10.0213863942197
746	746	6	3.46498210471944	19.6225352112676	20.2984630596344	-0.675927848366833
747	747	0	3.6683268392036	21.2957746478873	14.9537351677558	6.34203948013146
748	748	0	3.91103364948435	17.8276056338028	11.5021946382661	6.32541099553672
749	749	0	2.83972779085334	15.1047887323944	7.33796107210624	7.76682766028816
750	750	42	2.76621412348231	13.7205633802817	9.0560690168409	4.6644943634408
751	751	0	3.06925464983591	12.5949295774648	12.6851059211595	-0.0901763436947167
752	752	0	2.22767827930933	10.7543661971831	9.28719136836889	1.46717482881422
753	753	0	1.44080469907739	8.50309859154929	7.29004241448388	1.21305617706541
754	754	0	1.38267685786649	7.30140845070423	5.33872839426168	1.96268005644255
755	755	0	1.36817136819661	6.28225352112676	2.85740265318265	3.42485086794411
756	756	0	2.01141917249249	5.84112676056338	2.57810921123658	3.2630175493268
757	757	0	2.54750435379486	4.88281690140845	2.57294566814405	2.3098712332644
758	758	0	2.92464936423248	4.38084507042253	2.77528124362922	1.60556382679331
759	759	0	3.01976294436095	4.01577464788732	2.63634289067726	1.37943175721006
760	760	0	3.93546326499407	4.79154929577465	3.76799260720008	1.02355668857457
761	761	114	0	3.11830985915493	4.64301323842351	-1.52470337926858
762	762	0	0	2.92056338028169	21.2327649823977	-18.312201602116
763	763	114	0	2.90535211267606	17.3564068054076	-14.4510546927315
764	764	162	0	3.24	29.6869250536142	-26.4469250536142
765	765	6	0	5.2174647887324	42.3985288895417	-37.1810641008093
766	766	72	0	5.84112676056338	32.4919239939262	-26.6507972333628
767	767	6	0	4.57859154929577	29.0312993038715	-24.4527077545757
768	768	6	0	5.4456338028169	21.6544490079522	-16.2088152051353
769	769	528	0	7.17971830985916	34.3601829285237	-27.1804646186645
770	770	48	0	25.3723943661972	89.9024973945451	-64.5301030283479
771	771	0	0	26.5132394366197	74.3705696745363	-47.8573302379166
772	772	180	0	27.2738028169014	54.2014796618249	-26.9276768449235
773	773	174	0	33.6169014084507	67.2562579455321	-33.6393565370814
774	774	126	0	39.6861971830986	76.344371598861	-36.6581744157624
775	775	312	2.06401495080621	62.3205633802817	79.3963080775037	-17.075744697222
776	776	132	2.07928550836267	144.491830985915	98.7403473403772	45.7514836455378
777	777	6	2.19685023625987	127.470422535211	91.4918859465542	35.9785365886569
778	778	0	2.50514533940302	60.9211267605634	65.8008644375388	-4.8797376769754
779	779	0	2.76416828335581	40.7205633802817	48.164294195297	-7.44373081501532
780	780	114	2.22405872609964	29.4185915492958	37.6649453662705	-8.24635381697464
781	781	54	1.53880632989284	28.6732394366197	41.3118563752946	-12.6386169386749
782	782	0	0.856298811704576	35.9442253521127	38.5462934340118	-2.6020680818991
783	783	0	1.29179218982528	27.0912676056338	30.409075248273	-3.31780764263921
784	784	0	1.41004912872882	21.6912676056338	23.4853311815933	-1.79406357595948
785	785	0	1.664191600287	16.8540845070423	15.3851777917016	1.46890671534069
786	786	0	1.47318637375649	13.5684507042254	10.4402072944281	3.12824340979733
787	787	0	1.91837150194298	10.7239436619718	7.88440677199997	2.83953688997183
788	788	0	2.1864717750441	9.11154929577464	6.07362607563027	3.03792322014437
789	789	0	2.39113804929005	7.63605633802817	6.31562930375094	1.32042703427723
790	790	0	1.74367838840502	7.30140845070423	6.73246919650199	0.568939254202244
791	791	0	1.14978522208585	6.98197183098591	4.17608909780339	2.80588273318252
792	792	0	0.864754362358916	5.94760563380282	1.89291542543089	4.05469020837193
793	793	0	0.686301642098314	5.84112676056338	1.21282556520608	4.6283011953573
794	794	0	0.615216844118081	5.84112676056338	1.53403874095661	4.30708801960677
795	795	0	1.17052442403798	5.36957746478873	1.92636860919475	3.44320885559398
796	796	0	1.11774030433897	4.48732394366197	0.272129038803125	4.21519490485884
797	797	0	1.60729222276029	4.38084507042253	0.671323255224577	3.70952181519795
798	798	0	1.6763166484061	4.38084507042253	0.840514976378164	3.54033009404437
799	799	6	1.6433041032566	4.38084507042253	1.56830658681854	2.81253848360399
800	800	0	2.00143935052597	4.38084507042253	2.88553449457185	1.49531057585068
801	801	0	1.46690115761686	4.3656338028169	1.89725712556365	2.46837667725325
802	802	60	2.26807448300835	4.00056338028169	5.416162067222	-1.41559868694031
803	803	0	2.32408045791615	3.01183098591549	11.5395126328928	-8.52768164697733
804	804	0	2.2915261582875	2.92056338028169	10.150772269495	-7.23020888921328
805	805	0	1.72802871275712	2.92056338028169	7.3059611360869	-4.38539775580521
806	806	0	1.57684198461899	2.92056338028169	6.1165699161785	-3.19600653589681
807	807	0	1.69700396550063	2.92056338028169	4.50805075440353	-1.58748737412184
808	808	0	1.84519161739215	2.92056338028169	3.06507158080053	-0.144508200518843
809	809	0	1.48978931672818	2.92056338028169	2.41414368664299	0.506419693638705
810	810	0	0.895242879364361	2.92056338028169	1.81101191539971	1.10955146488198
811	811	6	0.0873006836222459	2.92056338028169	1.23455383182556	1.68600954845613
812	812	0	0.342857469526564	2.92056338028169		
813	813	0	0.761162418228267	2.92056338028169		
814	814	6	1.24253103937231	2.92056338028169	0.401187036428566	2.51937634385312
815	815	0	0.761154623586236	2.92056338028169	0.576923451006044	2.34363992927565
816	816	0	1.36481008965428	2.92056338028169	1.68016182725015	1.24040155303154
817	817	12	1.25224664195443	2.92056338028169	1.61549541015545	1.30506797012624
818	818	12	0.928982820410297	2.92056338028169	3.6590314787123	-0.738468098430605
819	819	6	0.334157608005583	2.92056338028169	4.73229637755154	-1.81173299726985
820	820	36	0.0734260111971707	2.92056338028169		
821	821	90	0.592329983959218	2.92056338028169		
822	822	6	0.973937876510178	2.92056338028169	19.4174406428618	-16.4968772625801
823	823	0	0.829198336018436	2.92056338028169	15.2323895562479	-12.3118261759662
824	824	48	0	2.92056338028169	11.7323161393229	-8.81175275904116
825	825	6	0	2.92056338028169		
826	826	18	0.371723392093656	2.92056338028169		
827	827	84	0.400271731177057	2.92056338028169		
828	828	60	0.584534259017943	2.92056338028169		
829	829	30	0	2.92056338028169		
830	830	66	0	2.92056338028169		
831	831	0	0	2.92056338028169		
832	832	54	0.146416142758639	2.92056338028169		
833	833	0	0.142690313250213	2.92056338028169		
834	834	0	0.684697077071206	2.92056338028169		
835	835	54	0.755320964969755	2.92056338028169		
836	836	6	0.979259752542006	2.92056338028169		
837	837	0	0.914768290714235	0.12169014084507		
838	838	0	0.831183355127223	0		
839	839	0	0.65659506701428	0		
840	840	6	0.855192825817383	0		
841	841	0	0.499889758007114	0		
842	842	0	0.618190734236521	0		
843	843	0	0.197313498696289	0		
844	844	12	0.27756653977606	0		
845	845	126	0.0246230948862234	0		
846	846	126	0.191368503330622	0		
847	847	30	0.626249823017375	0		
848	848	6	0.0695911413351666	0		
849	849	0	0	0		
850	850	0	0	0		
851	851	0	0	0		
852	852	0	0	0		
853	853	0	0	0		
854	854	0	0	0		
855	855	0	0	0		
856	856	0	0	0		
857	857	0	0	0		
858	858	0	0	0		
859	859	0	0	0		
860	860	0	0	0		
861	861	0	0	0		
862	862	0	0	0		
863	863	0	0	0		
864	864	0	0	0		
865	865	0	0	0		
866	866	0	0	0		
867	867	0	0	0		
868	868	0	0	0		
869	869	0	0	0		
870	870	0	0	0		
871	871	0	0	0		
872	872	0	0	0		
873	873	0	0	0		
874	874	0	0	0		
875	875	0	0	0		
876	876	0	0	0		
877	877	0	0	0		
878	878	0	0	0		
879	879	0	0	0		
880	880	0	0	0		
881	881	0	0	0		
882	882	0	0	0		
883	883	0	0	0		
884	884	0	0	0		
885	885	0	0	0		
886	886	0	0	0		
887	887	0	0	0		
888	888	0	0	0		
889	889	0	0	0		
890	890	0	0	0		
891	891	0	0	0		
892	892	0	0	0		
893	893	0	0	0		
894	894	0	0	0		
895	895	0	0	0		
896	896	0	0	0		
897	897	0	0	0		
898	898	0	0	0		
899	899	0	0	0		
900	900	0	0	0		
901	901	0	0	0		
902	902	0	0	0		
903	903	0	0	0		
904	904	0	0	0		
905	905	0	0	0		
906	906	0	0	0		
907	907	0	0	0		
908	908	0	0	0		
909	909	0	0	0		
910	910	0	0	0		
911	911	0	0	0		
912	912	0	0	0		
913	913	0	0	0		
914	914	0	0	0		
915	915	0	0	0		
916	916	0	0	0		
917	917	0	0	0		
918	918	0	0	0		
919	919	0	0	0		
920	920	0	0	0		
921	921	0	0	0		
922	922	0	0	0		
923	923	0	0	0		
924	924	0	0	0		
925	925	0	0	0		
926	926	0	0	0		
927	927	0	0	0		
928	928	0	0	0		
929	929	0	0	0		
930	930	0	0	0		
931	931	0	0	0		
932	932	0	0	0		
933	933	0	0	0		
934	934	0	0	0		
935	935	0	0	0		
936	936	0	0	0		
937	937	0	0	0		
938	938	0	0	0		
939	939	0	0	0		
940	940	0	0	0		
941	941	0	0	0		
942	942	0	0	0		
943	943	0	0	0		
944	944	0	0	0		
945	945	0	0	0		
946	946	0	0	0		
947	947	0	0	0		
948	948	0	-234.102841984031	0		
949	949	0	0	0		
950	950	0	0	0		
951	951	0	0	0		
952	952	0	0	0		
953	953	0	0	0		
954	954	0	0	0		
955	955	0	0	0		
956	956	0	0	0		
957	957	0	0	0		
958	958	0	0	0		
959	959	0	0	0		
960	960	0	0	0		
961	961	0	0	0		
962	962	0	0	0		
963	963	0	0	0		
964	964	0	0	0		
965	965	0	0	0		
966	966	0	0	0		
967	967	0	0	0		
968	968	0	0	0		
969	969	0	0	0		
970	970	0	0	0		
971	971	0	0	0		
972	972	0	0	0		
973	973	0	0	0		
974	974	0	0	0		
975	975	0	0	0		
976	976	0	0	0		
977	977	0	0	0		
978	978	0	0	0		
979	979	0	0	0		
980	980	0	0	0		
981	981	0	0	0		
982	982	0	0	0		
983	983	0	0	0		
984	984	0	0	0		
985	985	0	0	0		
986	986	0	0	0		
987	987	0	0	0		
988	988	0	0	0		
989	989	0	0	0		
990	990	0	0	0		
991	991	0	0	0		
992	992	0	0	0		
993	993	0	1.17593048263917	0		
994	994	0	0	0		
995	995	0	0	0		
996	996	0	0	0		
997	997	0	0	0		
998	998	0	0	0		
999	999	0	0	0		
1000	1000	0	0	0		
1001	1001	0	0	0		
1002	1002	0	0	0		
1003	1003	0	0	0		
1004	1004	0	0	0		
1005	1005	0	0	0		
1006	1006	0	0	0		
1007	1007	0	0	0		
1008	1008	0	0	0		
1009	1009	0	0	0		
1010	1010	0	0	0		
1011	1011	0	0	0		
1012	1012	0	0	0		
1013	1013	0	0	0		
1014	1014	0	0	0		
1015	1015	0	0	0		
1016	1016	0	0	0		
1017	1017	0	0	0		
1018	1018	0	0	0		
1019	1019	0	0	0		
1020	1020	0	0	0		
1021	1021	0	0	0		
1022	1022	0	0	0		
1023	1023	0	0	0		
1024	1024	0	0	0		
1025	1025	0	0	0		
1026	1026	0	0	0		
1027	1027	0	0	0		
1028	1028	0	0	0		
1029	1029	0	0	0		
1030	1030	0	0	0		
1031	1031	0	0	0		
1032	1032	0	0	0		
1033	1033	0	0	0		
1034	1034	0	0	0		
1035	1035	0	0	0		
1036	1036	0	0	0		
1037	1037	0	0	0		
1038	1038	0	0	0		
1039	1039	0	0	0		
1040	1040	0	0	0		
1041	1041	0	0	0		
1042	1042	0	0	0		
1043	1043	0	0	0		
1044	1044	0	0	0		
1045	1045	0	0	0		
1046	1046	0	0	0		
1047	1047	0	0	0		
1048	1048	0	0	0		
1049	1049	0	0	0		
1050	1050	0	0	0		
1051	1051	0	0	0		
1052	1052	0	0	0		
1053	1053	0	0	0		
1054	1054	0	0	0		
1055	1055	0	0	0		
1056	1056	0	0	0		
1057	1057	0	0	0		
1058	1058	0	0	0		
1059	1059	0	0	0		
1060	1060	0	0	0		
1061	1061	0	0	0		
1062	1062	0	0	0		
1063	1063	0	0	0		
1064	1064	0	0	0		
1065	1065	0	0	0		
1066	1066	0	0	0		
1067	1067	0	0	0		
1068	1068	0	0	0		
1069	1069	0	0	0		
1070	1070	0	0	0		
1071	1071	0	0	0		
1072	1072	0	0	0		
1073	1073	0	0	0		
1074	1074	0	0	0		
1075	1075	0	0	0		
1076	1076	0	0	0		
1077	1077	0	0	0		
1078	1078	0	0	0		
1079	1079	0	1.27308079744918	0		
1080	1080	0	8.15250688949472	0		
1081	1081	0	6.83551139396358	0		
1082	1082	0	6.52260445911738	0		
1083	1083	0	4.67831337672197	0		
1084	1084	0	2.28511741476202	20.4196056338028		
1085	1085	0	2.45298854001594	25.8104788732394		
1086	1086	0	3.95782871025575	36.7625915492958		
1087	1087	0	2.55952082064388	60.0753802816901		
1088	1088	0	0	86.4562816901408		
1089	1089	0	0	45.3980281690141		
1090	1090	150	2.68963180893162	29.8658028169014		
1091	1091	0	4.46287871779859	33.0708169014085		
1092	1092	0	4.50772218987836	43.956		
1093	1093	6	0.287023212139218	49.488338028169		
1094	1094	324	3.14347241966362	52.1609577464789		
1095	1095	84	3.28474312282263	66.2055211267606		
1096	1096	72	0	53.9787042253521		
1097	1097	24	1.67105651203087	40.9396056338028		
1098	1098	0	0.188077112561739	25.7405070422535		
1099	1099	6	1.82293026866335	20.7755492957747		
1100	1100	0	0.466738783879816	15.4394366197183		
1101	1101	0	0	9.24388732394366		
1102	1102	0	0	6.29898591549296		
1103	1103	204	1.53343955181474	7.49307042253521		
1104	1104	6	1.63513983520934	7.97983098591549		
1105	1105	0	1.90869130713173	12.012338028169		
1106	1106	0	3.63537940156155	21.3642253521127	21.3131069255888	0.0511184265239386
1107	1107	0	4.60729562202886	29.2725633802817	15.1102176309772	14.1623457493045
1108	1108	0	4.45471926942731	32.0653521126761	14.1616314496122	17.9037206630639
1109	1109	0	3.60364348884335	31.5314366197183	13.9180563698409	17.6133802498774
1110	1110	0	3.89956383599825	25.7009577464789	11.7911754191008	13.9097823273781
1111	1111	0	3.6935099354632	20.9383098591549	9.1487045716131	11.7896052875418
1112	1112	114	2.92068222944338	22.1339154929577	12.309580734167	9.82433475879074
1113	1113	228	1.35446613806478	61.1401690140845	32.3811433556585	28.759025658426
1114	1114	6	0.997646578053534	99.2900281690141	52.6446790990053	46.6453490700088
1115	1115	6	2.65827213268904	46.3517746478873		
1116	1116	6	3.33811277681725	32.0318873239437	24.931517953007	7.10036937093668
1117	1117	48	3.4789951411579	28.5393802816901	21.9622642465003	6.57711603518976
1118	1118	96	3.01772295110739	35.7662535211268	25.7239508571838	10.042302663943
1119	1119	12	2.7133631030713	32.7422535211268	29.0572123093298	3.68504121179704
1120	1120	36	2.86839254320348	27.0806197183099	25.1708058290283	1.9098138892816
1121	1121	42	2.74425965401352	24.6605070422535	24.986901783969	-0.326394741715482
1122	1122	96	3.22189094205714	50.362985915493	28.9047270521462	21.4582588633468
1123	1123	0	3.13199379908139	59.7437746478873	32.8259270546267	26.9178475932607
1124	1124	132	2.08209825062335	41.0187042253521	27.4635606164337	13.5551436089184
1125	1125	78	2.65072485661759	80.2394366197183	39.7783933589909	40.4610432607274
1126	1126	0	2.31198465455802	78.5874929577465	39.620273297428	38.9672196603185
1127	1127	6	2.4538072991859	48.6821408450704	29.8293464917215	18.8527943533489
1128	1128	0	1.91583739493857	36.6074366197183	20.5924709252317	16.0149656944866
1129	1129	282	1.2556524094861	34.9630985915493	23.3475295286108	11.6155690629386
1130	1130	300	1.14424384246866	55.296	62.0502313939599	-6.75423139395992
1131	1131	0	1.9354037802954	95.9785352112676	84.1123833119241	11.8661518993435
1132	1132	0	1.75322521124554	57.0194366197183	59.8615644800688	-2.84212786035045
1133	1133	108	1.17548677663214	38.8085070422535	44.0850631679153	-5.2765561256618
1134	1134	0	0.56273429615969	42.0485070422535	44.1760047255084	-2.12749768325489
1135	1135	0	0.829300225700237	32.110985915493		
1136	1136	0	2.31966563786921	23.8254084507042	19.5557207066364	4.26968774406784
1137	1137	0	2.22760627101349	17.4823098591549	15.1286808331622	2.35362902599274
1138	1138	168	2.15931109130941	23.7782535211268	19.7866901251795	3.99156339594735
1139	1139	36	1.98468739464484	41.9465915492958	38.579681089457	3.36691045983881
1140	1140	60	2.79193620097094	45.5212394366197	37.479292404947	8.04194703167266
1141	1141	84	0	45.9699718309859	32.5216931246934	13.4482787062925
1142	1142	0	0	36.0430985915493	36.1016724215907	-0.0585738300414107
1143	1143	0	0	25.9276056338028	24.7650785646894	1.16252706911343
1144	1144	0	0	18.7950422535211	15.8377742841972	2.95726796932394
1145	1145	0	0	16.057014084507	10.5313743840535	5.52563970045349
1146	1146	0	1.3802440917384	16.7506478873239	7.03245266854261	9.71819521878129
1147	1147	144	1.37197117984321	12.9189295774648	9.69682127989415	3.22210829757065
1148	1148	228	1.93063978257641	21.7749295774648	36.2508695152884	-14.4759399378236
1149	1149	192	0.801489770117975	38.1072676056338	61.2894441653759	-23.1821765597421
1150	1150	108	1.11879326606898	60.2107605633803	72.6118746327071	-12.4011140693268
1151	1151	180	1.71765303721541	85.2043943661972	71.7359692576799	13.4684251085173
1152	1152	66	2.9499713080988	153.582084507042	75.4197653959611	78.1623191110809
1153	1153	0	2.91151007406057	97.7095774647887	62.1365641698577	35.5730132949311
1154	1154	30	2.08530552821161	50.3416901408451	44.120565354138	6.22112478670714
1155	1155	102	1.92076772748873	33.4389295774648	39.9088955581671	-6.46996598070233
1156	1156	0	2.42734670791261	29.7471549295775	41.9583413337407	-12.2111864041632
1157	1157	12	1.795610883374	22.9051267605634	31.04068022153	-8.13555346096662
1158	1158	18	1.7231657016717	18.2580845070423	25.5280539813394	-7.26996947429705
1159	1159	36	1.84362085757877	14.1601690140845	22.1125845298089	-7.95241551572438
1160	1160	0	1.29946662401748	11.9606197183099	19.0377492919773	-7.0771295736674
1161	1161	12	1.92721807224487	10.2889014084507	16.0172841462303	-5.72838273777956
1162	1162	72	1.36299414994784	8.73735211267606	16.0057635474677	-7.26841143479161
1163	1163	48	1.61511581950091	11.6274929577465	23.5594734458645	-11.931980488118
1164	1164	36	2.44907222751357	15.0865352112676	24.6304271064568	-9.5438918951892
1165	1165	0	0	20.568676056338	19.56036499928	1.00831105705804
1166	1166	0	0	28.4815774647887	16.2252387609733	12.2563387038154
1167	1167	0	0	43.4525070422535	8.81152166719065	34.6409853750628
1168	1168	0	0	116.319042253521	4.70974801730512	111.609294236216
1169	1169	0	0	70.3901408450704	3.25346800810286	67.1366728369675
1170	1170	0	0	42.6995492957746	2.19846963425619	40.5010796615184
1171	1171	0	0	37.1063661971831	0.659035512479126	36.447330684704
1172	1172	0	0	41.8325070422535	1.03753274270466	40.7949742995488
1173	1173	0	0	36.8356056338028	1.14542807123902	35.6901775625638
1174	1174	0	0	44.2571830985916	0.183815231195753	44.0733678673959
1175	1175	0	0	71.4792676056338	-0.115071474012075	71.5943390796459
1176	1176	0	0	108.228169014085	-0.246106223717322	108.474275237802
1177	1177	0	0	82.644338028169	0.257568890734512	82.3867691374345
1178	1178	0	0	62.3935774647887	0.796324899189058	61.5972525655996
1179	1179	0	0	55.3325070422535	0.732610298424026	54.5998967438295
1180	1180	0	0	54.7058028169014	0	54.7058028169014
1181	1181	0	0.042770172243408	60.5819154929578	0.036553369340939	60.5453621236169
1182	1182	12	0.350684144449126	52.139661971831		
1183	1183	0	0.670444339086664	47.5412957746479		
1184	1184	0	0.552633452833113	50.328	1.83934839899284	48.4886516010072
1185	1185	0	0.165616400554811	42.3162253521127		
1186	1186	24	0.0235273778984251	34.5326197183099		
1187	1187	0	0.211207835858062	27.5932394366197		
1188	1188	6	0.268290560466895	22.0380845070423		
1189	1189	0	0.529177735815054	18.7311549295775		
1190	1190	0	0.927660781309982	17.5279436619718		
1191	1191	0	1.10895624546335	15.9946478873239	2.21790971848405	13.7767381688399
1192	1192	0	1.26024974856799	5.41825352112676		
1193	1193	0	1.08403071826932	0		
1194	1194	0	0.985068641762012	0		
1195	1195	0	0.930958015161991	0		
1196	1196	0	0.519960167707183	0		
1197	1197	0	0.364474401125761	0		
1198	1198	30	0.712987667300794	0		
1199	1199	0	1.22430246312395	0		
1200	1200	0	1.31918788330525	0		
1201	1201	24	1.66767221150481	0		
1202	1202	6	1.49766301203357	0		
1203	1203	12	1.12776351375925	0		
1204	1204	264	0.976121902186563	0		
1205	1205	0	0.86117783208644	0		
1206	1206	0	0	0		
1207	1207	6	0	0		
1208	1208	36	0.311295825766663	0		
1209	1209	0	0.223081104245523	0		
1210	1210	138	0	0		
1211	1211	72	0	0		
1212	1212	0	0	0		
1213	1213	6	0.347990491513627	0		
1214	1214	0	0.118354863282349	0		
1215	1215	0	0	0		
1216	1216	84	0	0		
1217	1217	42	0	0		
1218	1218	0	0	0		
1219	1219	0	0	0		
1220	1220	0	0	0		
1221	1221	0	0	0		
1222	1222	0	0	0		
1223	1223	0	0	0		
1224	1224	0	0	0		
1225	1225	0	0.359681113185545	0		
1226	1226	0	0.884126393013958	0		
1227	1227	0	0.202808622166572	0		
1228	1228	0	0	0		
1229	1229	0	0	0		
1230	1230	0	0	0		
1231	1231	0	0	0		
1232	1232	0	0	0		
1233	1233	0	0	0		
1234	1234	0	0	0		
1235	1235	0	0	0		
1236	1236	0	0	0		
1237	1237	0	0	0		
1238	1238	0	0	0		
1239	1239	0	0	0		
1240	1240	0	0	0		
1241	1241	0	0	0		
1242	1242	0	0	0		
1243	1243	0	0	0		
1244	1244	0	0	0		
1245	1245	0	0	0		
1246	1246	0	0	0		
1247	1247	0	0	0		
1248	1248	0	0	0		
1249	1249	0	0	0		
1250	1250	0	0	0		
1251	1251	0	0	0		
1252	1252	0	0	0		
1253	1253	0	0	0		
1254	1254	0	0	0		
1255	1255	0	0	0		
1256	1256	0	0	0		
1257	1257	0	0	0		
1258	1258	0	0	0		
1259	1259	0	0	0		
1260	1260	0	0	0		
1261	1261	0	0	0		
1262	1262	0	0	0		
1263	1263	0	0	0		
1264	1264	0	0	0		
1265	1265	0	0	0		
1266	1266	0	0	0		
1267	1267	0	0	0		
1268	1268	0	0	0		
1269	1269	0	0	0		
1270	1270	0	0	0		
1271	1271	0	0	0		
1272	1272	0	0	0		
1273	1273	0	0	0		
1274	1274	0	0	0		
1275	1275	0	0	0		
1276	1276	0	0	0		
1277	1277	0	0	0		
1278	1278	0	0	0		
1279	1279	0	0	0		
1280	1280	0	0	0		
1281	1281	0	0	0		
1282	1282	0	0	0		
1283	1283	0	0	0		
1284	1284	0	0	0		
1285	1285	0	0	0		
1286	1286	0	0	0		
1287	1287	0	0	0		
1288	1288	0	0	0		
1289	1289	0	0	0		
1290	1290	0	0	0		
1291	1291	0	0	0		
1292	1292	0	0	0		
1293	1293	0	0	0		
1294	1294	0	0	0		
1295	1295	0	0	0		
1296	1296	0	0	0		
1297	1297	0	0	0		
1298	1298	0	0	0		
1299	1299	0	0	0		
1300	1300	0	0	0		
1301	1301	0	0	0		
1302	1302	0	0	0		
1303	1303	0	0	0		
1304	1304	0	0	0		
1305	1305	0	0	0		
1306	1306	0	0	0		
1307	1307	0	0	0		
1308	1308	0	0	0		
1309	1309	0	0	0		
1310	1310	0	0	0		
1311	1311	0	0	0		
1312	1312	0	0	0		
1313	1313	0	-211.850445309621	0		
1314	1314	0	0	0		
1315	1315	0	0	0		
1316	1316	0	0	0		
1317	1317	0	0	0		
1318	1318	0	0	0		
1319	1319	0	0	0		
1320	1320	0	0	0		
1321	1321	0	0	0		
1322	1322	0	0	0		
1323	1323	0	0	0		
1324	1324	0	0	0		
1325	1325	0	0	0		
1326	1326	0	0	0		
1327	1327	0	0	0		
1328	1328	0	0	0		
1329	1329	0	0	0		
1330	1330	0	0	0		
1331	1331	0	0	0		
1332	1332	0	0	0		
1333	1333	0	0	0		
1334	1334	0	0	0		
1335	1335	0	0	0		
1336	1336	0	0	0		
1337	1337	0	0	0		
1338	1338	0	0	0		
1339	1339	0	0	0		
1340	1340	0	0	0		
1341	1341	0	0	0		
1342	1342	0	0	0		
1343	1343	0	0	0		
1344	1344	0	0	0		
1345	1345	0	0	0		
1346	1346	0	0	0		
1347	1347	0	0	0		
1348	1348	0	0	0		
1349	1349	0	0	0		
1350	1350	0	0	0		
1351	1351	0	0	0		
1352	1352	0	0	0		
1353	1353	0	0	0		
1354	1354	0	0	0		
1355	1355	0	0	0		
1356	1356	0	0	0		
1357	1357	0	0	0		
1358	1358	0	0	0		
1359	1359	0	0	0		
1360	1360	0	0	0		
1361	1361	0	0	0		
1362	1362	0	0	0		
1363	1363	0	0	0		
1364	1364	0	0	0		
1365	1365	0	0	0		
1366	1366	0	0	0		
1367	1367	0	0	0		
1368	1368	0	0	0		
1369	1369	0	0	0		
1370	1370	0	0	0		
1371	1371	0	0	0		
1372	1372	0	0	0		
1373	1373	0	0	0		
1374	1374	0	0	0		
1375	1375	0	0	0		
1376	1376	0	0	0		
1377	1377	0	0	0		
1378	1378	0	0	0		
1379	1379	0	0	0		
1380	1380	0	0	0		
1381	1381	0	0	0		
1382	1382	0	0	0		
1383	1383	0	0	0		
1384	1384	0	0	0		
1385	1385	0	0	0		
1386	1386	0	0	0		
1387	1387	0	0	0		
1388	1388	0	0	0		
1389	1389	0	0	0		
1390	1390	0	0	0		
1391	1391	0	0	0		
1392	1392	0	0	0		
1393	1393	0	0	0		
1394	1394	0	0	0		
1395	1395	0	0	0		
1396	1396	0	0	0		
1397	1397	0	0	0		
1398	1398	0	0	0		
1399	1399	0	0	0		
1400	1400	0	0	0		
1401	1401	0	0	0		
1402	1402	0	0	0		
1403	1403	0	0	0		
1404	1404	0	0	0		
1405	1405	0	0	0		
1406	1406	0	0	0		
1407	1407	0	0	0		
1408	1408	0	0	0		
1409	1409	0	0	0		
1410	1410	0	0	0		
1411	1411	0	0	0		
1412	1412	0	0	0		
1413	1413	0	0	0		
1414	1414	0	0	0		
1415	1415	0	0	0		
1416	1416	0	0	0		
1417	1417	0	0	0		
1418	1418	0	0	0		
1419	1419	0	0	0		
1420	1420	0	0	0		
1421	1421	0	0	0		
1422	1422	0	0	0		
1423	1423	0	0	0		
1424	1424	0	0	0		
1425	1425	0	0	0		
1426	1426	0	0	0		
1427	1427	0	0	0		
1428	1428	0	0	0		
1429	1429	0	0	0		
1430	1430	0	0	0		
1431	1431	0	0	0		
1432	1432	0	0	0		
1433	1433	0	0	0		
1434	1434	0	0	0		
1435	1435	0	0	0		
1436	1436	0	5.91343808625744	0		
1437	1437	0	0	0		
1438	1438	0	0	0		
1439	1439	0	0	0		
1440	1440	0	0	0		
1441	1441	0	0	0		
1442	1442	0	0	0		
1443	1443	0	0	0		
1444	1444	0	0	0		
1445	1445	0	0	0		
1446	1446	0	0	0		
1447	1447	0	0	0		
1448	1448	0	0	0		
1449	1449	0	2.33769819912775	0		
1450	1450	0	0	0		
1451	1451	0	0	0		
1452	1452	0	4.85080774975708	0.101915492957746		
1453	1453	0	4.74368305526843	1.28230985915493		
1454	1454	0	7.4199312351043	9.09785915492958		
1455	1455	0	3.42116552019454	10.7923943661972		
1456	1456	0	2.56977547843103	33.5910422535211		
1457	1457	0	1.5005609835244	96.6128450704226		
1458	1458	0	3.27830643460644	160.635549295775		
1459	1459	0	0.211669774525385	169.744056338028		
1460	1460	0	3.25771992151074	166.13138028169		
1461	1461	0	3.45258068237536	92.0388169014085		
1462	1462	0	2.32081365317272	74.5123943661972		
1463	1463	0	5.55929697630197	56.7760563380282		
1464	1464	0	5.62961261471357	40.6201690140845		
1465	1465	24	6.10771365589542	30.24	6.09475895078453	24.1452410492155
1466	1466	0	6.19811989464172	26.7277183098592	9.58187926270596	17.1458390471532
1467	1467	0	6.99396683188678	24.7441690140845	10.9786095560876	13.7655594579969
1468	1468	0	6.87151751910124	21.2212394366197	10.4782060707184	10.7430333659013
1469	1469	0	5.39029248921605	19.7350985915493	11.6883090243933	8.04678956715599
1470	1470	0	4.49847897623663	16.2578028169014	10.0138441887934	6.24395862810803
1471	1471	0	3.80435796423144	11.5666478873239	7.12863260820285	4.43801527912105
1472	1472	0	3.72325465309515	7.79729577464789	6.23343215423247	1.56386362041542
1473	1473	0	3.20470679893694	5.75898591549296	3.56974855365276	2.1892373618402
1474	1474	0	1.86590243268144	6.15295774647887	1.59932696927293	4.55363077720594
1475	1475	0	0.88406196169791	4.81892957746479	0.750820278474468	4.06810929899032
1476	1476	0	2.02912294314432	3.13808450704225		
1477	1477	0	2.93464551601826	2.65892957746479	-1.95616532442099	4.61509490188578
1478	1478	12	2.73240059777773	2.87797183098592	-0.629434826310228	3.50740665729615
1479	1479	24	2.79828346772868	5.8943661971831	3.14600789620613	2.74835830097697
1480	1480	0	3.38223176972633	10.0044507042254	5.86347068336072	4.14098002086468
1481	1481	0	3.0329199227292	7.24208450704225	4.65470121991199	2.58738328713026
1482	1482	6	3.07870217547134	5.29656338028169	6.04415612153891	-0.747592741257222
1483	1483	0	2.82046408709231	4.31087323943662	6.02543136192489	-1.71455812248827
1484	1484	0	3.01065342659709	3.78912676056338	5.0916382089998	-1.30251144843642
1485	1485	12	1.79041862133185	3.35104225352113	3.55943047894925	-0.208388225428121
1486	1486	54	1.61240013779729	3.22630985915493	7.67467882777194	-4.44836896861701
1487	1487	36	1.89607843625757	3.08028169014085	14.037490529228	-10.9572088390871
1488	1488	24	1.72675835865506	2.94185915492958	15.3079864643402	-12.3661273094106
1489	1489	138	1.66363807116158	3.68569014084507	18.7859134908947	-15.1002233500496
1490	1490	18	1.73828551150412	4.37019718309859	30.4691390899264	-26.0989419068278
1491	1491	12	2.5967892372426	4.07966197183099	25.7571322175447	-21.6774702457137
1492	1492	6	3.25891760666892	4.48580281690141	19.2339315094004	-14.748128692499
1493	1493	0	3.09227893896586	3.72980281690141	15.314999100101	-11.5851962831996
1494	1494	0	2.65037423382394	3.0696338028169	12.070913564406	-9.0012797615891
1495	1495	0	2.5244449470044	3.66591549295775	9.14323066253391	-5.47731516957616
1496	1496	0	3.03531236606553	3.41188732394366	8.07578563388604	-4.66389830994238
1497	1497	0	2.59198530461641	2.87188732394366	6.57126086423465	-3.69937354029099
1498	1498	0	2.67680038602113	2.45814084507042	6.70499140724509	-4.24685056217467
1499	1499	0	2.63120791613174	2.05960563380282	5.8126448109501	-3.75303917714728
1500	1500	0	2.8922063466155	1.70518309859155	4.88874029761102	-3.18355719901947
1501	1501	0	2.39134323848281	1.34467605633803	3.7399188283322	-2.39524277199417
1502	1502	0	2.16715839650924	1.31577464788732	3.94830287495294	-2.63252822706562
1503	1503	6	1.9017909778773	1.42985915492958	3.29070543492775	-1.86084627999817
1504	1504	162	2.15376554130802	1.57892957746479	9.63255619561663	-8.05362661815184
1505	1505	0	2.3868683814629	1.14845070422535	26.5081145598877	-25.3596638556624
1506	1506	24	2.88537945268384	1.05718309859155	21.7928440656029	-20.7356609670113
1507	1507	0	3.124940579692	0.86856338028169	17.9758685050924	-17.1073051248107
1508	1508	0	1.48789672874723	2.20715492957746	12.5009074432083	-10.2937525136309
1509	1509	378	1.99136782547104	17.0746478873239	24.6194469398565	-7.5447990525326
1510	1510	48	2.29458231102531	38.7841690140845	64.4356265534374	-25.6514575393529
1511	1511	18	2.06637717863784	23.5105352112676	55.6106204437743	-32.1000852325067
1512	1512	0	1.8433213488433	15.841014084507	39.6196268784349	-23.7786127939279
1513	1513	0	1.83331798104818	10.5718309859155	28.2188954047672	-17.6470644188517
1514	1514	0	1.46971905419913	7.28467605633803	19.8822429285262	-12.5975668721882
1515	1515	0	1.16031446109683	5.33154929577465	12.104054382416	-6.77250508664139
1516	1516	0	1.41807047790925	4.37932394366197	8.92231543018515	-4.54299148652318
1517	1517	0	1.37433597827743	3.79369014084507	6.96742401920783	-3.17373387836276
1518	1518	0	1.74574530915876	3.35560563380282	6.76379899956609	-3.40819336576327
1519	1519	0	1.82984731679214	2.89622535211268	7.1883276770563	-4.29210232494362
1520	1520	6	1.68470000538001	2.8369014084507	4.75226202424957	-1.91536061579887
1521	1521	6	1.58143350158842	4.01121126760563	4.12170046095941	-0.110489193353775
1522	1522	6	1.48594381860681	8.03002816901408	4.61477247262633	3.41525569638775
1523	1523	114	1.37777065534009	14.5343661971831	9.30700386233634	5.22736233484676
1524	1524	30	1.10161857343437	21.0310985915493	23.767628191664	-2.73652960011469
1525	1525	66	1.14743536217294	32.4334647887324	22.5466147312594	9.88685005747302
1526	1526	156	1.69171834832541	60.6686197183099	29.2072423352059	31.461377383104
1527	1527	6	1.66784037075355	53.8357183098591	40.4508110975541	13.384907212305
1528	1528	90	1.39536075541501	41.9861408450704	33.8184352762852	8.1677055687852
1529	1529	108	1.45857702550587	38.855661971831	37.6243844396554	1.23127753217555
1530	1530	192	0.574980663331061	40.750985915493	46.9301837022645	-6.17919778677145
1531	1531	144	0.611920068812125	82.3811830985915	62.8525439511164	19.5286391474751
1532	1532	12	0.934801945108475	77.052676056338	62.3304221085959	14.7222539477422
1533	1533	18	1.16640593995787	51.9160563380282	46.2103049754507	5.70575136257749
1534	1534	0	1.31741613785286	36.4674929577465	33.9185225250948	2.54897043265169
1535	1535	0	1.89840850341729	27.240338028169	24.2891532068796	2.95118482128939
1536	1536	0	1.6369672419588	21.1512676056338	16.8744535321827	4.27681407345115
1537	1537	0	1.44838013885818	16.8449577464789	12.9944876122237	3.85047013425523
1538	1538	30	1.12737354979464	14.5571830985915	12.0984569402173	2.45872615837415
1539	1539	108	0.880714488801061	14.7853521126761	17.1025843128144	-2.31723220013834
1540	1540	108	1.21141726335667	24.3228169014085	31.4151824767827	-7.09236557537419
1541	1541	6	1.27688126605706	31.0233802816901	36.7191001977707	-5.69571991608056
1542	1542	6	0.707693985185202	27.1794929577465	25.524027487321	1.65546547042548
1543	1543	6	0.536786535992022	23.4679436619718	19.1673562723007	4.30058738967105
1544	1544	12	0.925400663848649	20.5884507042253	15.2263307091099	5.3621199951154
1545	1545	6	1.28872094785079	18.0801126760563	11.9837521185895	6.09636055746677
1546	1546	0	1.09657712918265	15.3557746478873	8.69550672262428	6.66026792526302
1547	1547	0	1.02627691134484	13.7099154929577	6.48186151826852	7.22805397468918
1548	1548	0	0.925420914430276	12.5858028169014	5.07990600466911	7.50589681223229
1549	1549	0	1.201592460592	11.4951549295775	4.72613996749464	6.76901496208286
1550	1550	0	1.23107821403329	10.3254084507042	3.92141397160991	6.40399447909429
1551	1551	0	1.15252961408792	9.35188732394366	2.79348935199298	6.55839797195068
1552	1552	0	1.34258574227644	8.61414084507042	2.50613243705133	6.10800840801909
1553	1553	0	0.879703399875325	8.00264788732394	2.09396737124328	5.90868051608066
1554	1554	0	0.791910019912862	7.54783098591549	2.87141093030536	4.67642005561014
1555	1555	0	0.416407311457988	7.15994366197183	1.88079141410329	5.27915224786854
1556	1556	0	0.806835617536407	6.87092957746479		
1557	1557	0	0.908516052350933	6.60625352112676		
1558	1558	0	0.831227540336826	6.23661971830986		
1559	1559	0	0.653534015723608	5.88067605633803		
1560	1560	0	0.585076724890612	5.84112676056338		
1561	1561	0	0.656220985575089	5.84112676056338		
1562	1562	120	0.607332279581669	5.84112676056338		
1563	1563	12	1.02088083985521	5.83047887323944		
1564	1564	6	0.929501850554132	5.6950985915493		
1565	1565	0	0.688429966949201	5.6950985915493		
1566	1566	0	0.8635490644443	5.6950985915493		
1567	1567	0	1.1739118392275	5.6950985915493		
1568	1568	0	0.83265647440362	5.6950985915493		
1569	1569	0	0.525540056498031	5.62056338028169		
1570	1570	0	0.261606663794538	5.54907042253521		
1571	1571	0	0.120802209282743	5.54907042253521		
1572	1572	6	0.22426424319805	5.54907042253521		
1573	1573	18	0.294326657012732	5.54907042253521		
1574	1574	0	0	4.85543661971831		
1575	1575	0	0	0		
1576	1576	0	0	0		
1577	1577	0	0	0		
1578	1578	0	0	0		
1579	1579	0	0	0		
1580	1580	0	0	0		
1581	1581	0	0	0		
1582	1582	0	0	0		
1583	1583	0	0	0		
1584	1584	0	0	0		
1585	1585	0	0	0		
1586	1586	0	0	0		
1587	1587	0	0	0		
1588	1588	0	0	0		
1589	1589	0	0	0		
1590	1590	0	0	0		
1591	1591	0	0	0		
1592	1592	0	0	0		
1593	1593	0	0	0		
1594	1594	0	0	0		
1595	1595	0	0	0		
1596	1596	0	0	0		
1597	1597	0	0	0		
1598	1598	0	0	0		
1599	1599	0	0	0		
1600	1600	0	0	0		
1601	1601	0	0	0		
1602	1602	0	0	0		
1603	1603	0	0	0		
1604	1604	0	0	0		
1605	1605	0	0	0		
1606	1606	0	0	0		
1607	1607	0	0	0		
1608	1608	0	0	0		
1609	1609	0	0	0		
1610	1610	0	0	0		
1611	1611	0	0	0		
1612	1612	0	0	0		
1613	1613	0	0	0		
1614	1614	0	0	0		
1615	1615	0	0	0		
1616	1616	0	0	0		
1617	1617	0	0	0		
1618	1618	0	0	0		
1619	1619	0	0	0		
1620	1620	0	0	0		
1621	1621	0	0	0		
1622	1622	0	0	0		
1623	1623	0	0	0		
1624	1624	0	0	0		
1625	1625	0	0	0		
1626	1626	0	0	0		
1627	1627	0	0	0		
1628	1628	0	0	0		
1629	1629	0	0	0		
1630	1630	0	0	0		
1631	1631	0	0	0		
1632	1632	0	0	0		
1633	1633	0	0	0		
1634	1634	0	0	0		
1635	1635	0	0	0		
1636	1636	0	0	0		
1637	1637	0	0	0		
1638	1638	0	0	0		
1639	1639	0	0	0		
1640	1640	0	0	0		
1641	1641	0	0	0		
1642	1642	0	0	0		
1643	1643	0	0	0		
1644	1644	0	0	0		
1645	1645	0	0	0		
1646	1646	0	0	0		
1647	1647	0	0	0		
1648	1648	0	0	0		
1649	1649	0	0	0		
1650	1650	0	0	0		
1651	1651	0	0	0		
1652	1652	0	0	0		
1653	1653	0	0	0		
1654	1654	0	0	0		
1655	1655	0	0	0		
1656	1656	0	0	0		
1657	1657	0	0	0		
1658	1658	0	0	0		
1659	1659	0	0	0		
1660	1660	0	0	0		
1661	1661	0	0	0		
1662	1662	0	0	0		
1663	1663	0	0	0		
1664	1664	0	0	0		
1665	1665	0	0	0		
1666	1666	0	0	0		
1667	1667	0	0	0		
1668	1668	0	0	0		
1669	1669	0	0	0		
1670	1670	0	0	0		
1671	1671	0	0	0		
1672	1672	0	0	0		
1673	1673	0	0	0		
1674	1674	0	0	0		
1675	1675	0	0	0		
1676	1676	0	0	0		
1677	1677	0	0	0		
1678	1678	0	-261.917858962977	0		
1679	1679	0	0	0		
1680	1680	0	0	0		
1681	1681	0	0	0		
1682	1682	0	0	0		
1683	1683	0	0	0		
1684	1684	0	0	0		
1685	1685	0	0	0		
1686	1686	0	0	0		
1687	1687	0	0	0		
1688	1688	0	0	0		
1689	1689	0	0	0		
1690	1690	0	0	0		
1691	1691	0	0	0		
1692	1692	0	0	0		
1693	1693	0	0	0		
1694	1694	0	0	0		
1695	1695	0	0	0		
1696	1696	0	0	0		
1697	1697	0	0	0		
1698	1698	0	0	0		
1699	1699	0	0	0		
1700	1700	0	0	0		
1701	1701	0	0	0		
1702	1702	0	0	0		
1703	1703	0	0	0		
1704	1704	0	0	0		
1705	1705	0	0	0		
1706	1706	0	0	0		
1707	1707	0	0	0		
1708	1708	0	0	0		
1709	1709	0	0	0		
1710	1710	0	0	0		
1711	1711	0	0	0		
1712	1712	0	0	0		
1713	1713	0	0	0		
1714	1714	0	0	0		
1715	1715	0	0	0		
1716	1716	0	0	0		
1717	1717	0	0	0		
1718	1718	0	0	0		
1719	1719	0	0	0		
1720	1720	0	0	0		
1721	1721	0	0	0		
1722	1722	0	0	0		
1723	1723	0	0	0		
1724	1724	0	0	0		
1725	1725	0	0	0		
1726	1726	0	0	0		
1727	1727	0	0	0		
1728	1728	0	0	0		
1729	1729	0	0	0		
1730	1730	0	0	0		
1731	1731	0	0	0		
1732	1732	0	0	0		
1733	1733	0	0	0		
1734	1734	0	0	0		
1735	1735	0	0	0		
1736	1736	0	0	0		
1737	1737	0	0	0		
1738	1738	0	0	0		
1739	1739	0	0	0		
1740	1740	0	0	0		
1741	1741	0	0	0		
1742	1742	0	0	0		
1743	1743	0	0	0		
1744	1744	0	0	0		
1745	1745	0	0	0		
1746	1746	0	0	0		
1747	1747	0	0	0		
1748	1748	0	0	0		
1749	1749	0	0	0		
1750	1750	0	0	0		
1751	1751	0	0	0		
1752	1752	0	0	0		
1753	1753	0	0	0		
1754	1754	0	0	0		
1755	1755	0	0	0		
1756	1756	0	0	0		
1757	1757	0	0	0		
1758	1758	0	0	0		
1759	1759	0	0	0		
1760	1760	0	0	0		
1761	1761	0	0	0		
1762	1762	0	0	0		
1763	1763	0	0	0		
1764	1764	0	0	0		
1765	1765	0	0	0		
1766	1766	0	0	0		
1767	1767	0	0	0		
1768	1768	0	0	0		
1769	1769	0	4.7925723781702	0		
1770	1770	0	0	0		
1771	1771	0	0	0		
1772	1772	0	0	0		
1773	1773	0	0	0		
1774	1774	0	0	0		
1775	1775	0	0	0		
1776	1776	0	0	0		
1777	1777	0	0	0		
1778	1778	0	0	0		
1779	1779	0	0	0		
1780	1780	0	0	0		
1781	1781	0	0	0		
1782	1782	0	0	0		
1783	1783	0	0	0		
1784	1784	0	0	0		
1785	1785	0	0	0		
1786	1786	0	0	0		
1787	1787	0	0	0		
1788	1788	0	0	0		
1789	1789	0	0	0		
1790	1790	0	0	0		
1791	1791	0	6.46783947042574	0		
1792	1792	0	0	0		
1793	1793	0	0	0		
1794	1794	0	0	0		
1795	1795	0	0	0		
1796	1796	0	0	0		
1797	1797	0	0	0		
1798	1798	0	0	0		
1799	1799	0	0	0		
1800	1800	0	0	0		
1801	1801	0	0	0		
1802	1802	0	0	0		
1803	1803	0	0	0		
1804	1804	0	0	0		
1805	1805	0	0	0		
1806	1806	0	0	0		
1807	1807	0	0	0		
1808	1808	0	0	0		
1809	1809	0	0	0		
1810	1810	0	0	0		
1811	1811	0	0	0		
1812	1812	0	0	0		
1813	1813	0	3.80973662446164	0		
1814	1814	0	3.26910246584393	0		
1815	1815	0	2.44423108408973	0		
1816	1816	0	3.14512272112203	3.47121126760563		
1817	1817	0	0	8.34439436619718		
1818	1818	60	0	7.128		
1819	1819	6	4.36257100027742	14.0856338028169		
1820	1820	6	6.9634782037053	24.3197746478873		
1821	1821	0	7.679707290893	42.8942535211268		
1822	1822	0	3.26831725479533	52.2172394366197		
1823	1823	0	1.6643247548002	30.755661971831		
1824	1824	204	2.08453576674513	17.8580281690141		
1825	1825	24	0	22.14		
1826	1826	96	0	23.8162816901408		
1827	1827	36	0.881367403642699	21.0736901408451		
1828	1828	12	0.852741975915766	16.7004507042254		
1829	1829	12	0.825511133349316	14.364		
1830	1830	54	2.14543888403115	14.6210704225352		
1831	1831	48	4.07012570035326	14.8918309859155	22.1222475625814	-7.23041657666585
1832	1832	6	5.72529292330962	15.1625915492958	22.6168729131833	-7.45428136388751
1833	1833	0	4.10054035618921	15.4333521126761	17.4361060657636	-2.00275395308746
1834	1834	0	0.94901633106921	15.7025915492958	15.2925910298905	0.410000519405262
1835	1835	24	2.79177399981986	13.8407323943662		
1836	1836	72	3.80948156079546	9.17543661971831	16.1191879336024	-6.94375131388407
1837	1837	0	3.84930483405308	5.37566197183099	21.8319925840336	-16.4563306122026
1838	1838	30	2.05348687850999	17.2739154929577	18.5742540886513	-1.30033859569355
1839	1839	264	2.33464963397769	31.1541971830986	28.7736551202111	2.38054206288754
1840	1840	6	3.23781952352756	43.9012394366197	52.5575035617536	-8.65626412513388
1841	1841	168	3.01630122881637	87.7659718309859	46.8627089793218	40.9032628516641
1842	1842	0	3.33543614829196	76.5324507042254	52.9033023905424	23.629148313683
1843	1843	60	4.20631833281287	40.4908732394366	40.7893716159327	-0.298498376496099
1844	1844	0	2.92733975292046	24.8628169014085	33.3434601929282	-8.48064329151971
1845	1845	50.4	2.21821351241415	22.0350422535211	26.7640610334597	-4.72901877993859
1846	1846	302.4	1.89672071068381	51.1646197183099	37.9491513950081	13.2154683233018
1847	1847	223.2	1.31321715577442	88.1143098591549	72.3617147236957	15.7525951354592
1848	1848	26.4	2.82263185802548	128.647774647887	83.0783839174643	45.5693907304227
1849	1849	2.4	3.26382903847249	75.8722816901408	60.84225585835	15.0300258317908
1850	1850	2.4	3.53472439727231	46.9374084507042	43.3210402143797	3.61636823632448
1851	1851	2.4	3.72104708821002	40.0908169014084	32.5221425868043	7.56867431460413
1852	1852	14.4	3.78632769799092	32.0075492957747	23.1860045394024	8.82154475637231
1853	1853	0	3.71977602794078	26.9132957746479	19.055855871737	7.85743990291094
1854	1854	0	2.65041115626016	21.7794929577465	16.8092409198281	4.97025203791839
1855	1855	746.4	2.89408153666056	62.159323943662	41.3415472233308	20.8177767203312
1856	1856	0	2.62153038087067	63.4568450704225	123.488491910496	-60.0316468400736
1857	1857	19.2	1.89283023691095	37.9262535211268	94.0164998076071	-56.0902462864803
1858	1858	0	2.55624450143155	26.6364507042253	62.5761203767016	-35.9396696724763
1859	1859	0	1.95241435205773	20.2842253521127	42.6875270871619	-22.4033017350492
1860	1860	96	1.68046687314821	38.4221408450704	34.5837712932946	3.83836955177583
1861	1861	93.6	2.0534096009405	77.7858591549296	37.030773514572	40.7550856403576
1862	1862	0	2.93153703185239	77.7174084507042	39.3217599748287	38.3956484758755
1863	1863	0	3.12066569104758	50.3432112676056	29.2180722172696	21.125139050336
1864	1864	0	2.85921778138643	32.6418591549296	22.3812416787514	10.2606174761782
1865	1865	0	2.74545161242302	23.3949295774648	20.2006913262845	3.19423825118031
1866	1866	0	2.85281788641804	17.6024788732394	13.2763268745384	4.32615199870104
1867	1867	160.8	2.3109630462431	14.2179718309859	13.0550823869639	1.16288944402199
1868	1868	103.2	2.41791311094436	18.2641690140845	35.8848863827211	-17.6207173686366
1869	1869	0	1.66820703192356	17.196338028169	41.5467731879797	-24.3504351598107
1870	1870	530.4	1.94820219234169	49.2114929577465	52.939729999838	-3.72823704209145
1871	1871	0	2.38053740615234	103.255605633803	98.7420699222874	4.51353571151559
1872	1872	0	2.31399741228723	61.3105352112676	73.4028515297156	-12.0923163184479
1873	1873	177.6	2.0101286944661	45.6611830985916	53.1111317415258	-7.4499486429342
1874	1874	33.6	1.91257520967926	61.8231549295775	61.1088753384515	0.714279591126001
1875	1875	0	2.12700967788257	51.8917183098592	49.4298290721092	2.46188923775004
1876	1876	153.6	0.714486991287338	38.4403943661972	35.5797765932295	2.86061777296773
1877	1877	52.8	0.862083056238696	42.586985915493	48.7967724302888	-6.20978651479579
1878	1878	2.4	1.69204796070103	45.6550985915493	43.2806062541979	2.37449233735138
1879	1879	0	1.43329767116468	37.0029295774648	28.0653087490742	8.93762082839057
1880	1880	446.4	0.300459989045876	54.7027605633803	38.4172114745599	16.2855490888204
1881	1881	132	0.212317937645473	74.4941408450704		
1882	1882	124.8	0.563301015138251	74.3313802816901		
1883	1883	4.8	1.2247083216299	71.1750422535211		
1884	1884	0	1.74420280301197	61.7303661971831	53.808241198917	7.92212499826612
1885	1885	0	1.79425014360036	44.1522253521127	38.3940454543837	5.75817989772905
1886	1886	0	1.96516207891524	32.0927323943662	23.6627112024379	8.43002119192829
1887	1887	0	1.92949381484269	25.3936901408451	17.940121305211	7.45356883563413
1888	1888	36	0.310755937272901	21.1467042253521	14.9202533160396	6.22645090931254
1889	1889	340.8	0.406736510046642	38.5955492957746		
1890	1890	100.8	0.425136841677869	67.1075492957746		
1891	1891	76.8	0.82294550816772	60.1027605633803		
1892	1892	24	0.0688716776920728	54.3681126760563	52.6287538779192	1.73935879813712
1893	1893	98.4	0.75062667431628	52.7891830985915		
1894	1894	45.6	0.503389985477028	54.2296901408451	44.0144087977912	10.2152813430539
1895	1895	110.4	0.234871743252398	57.5274929577465		
1896	1896	16.8	0.435703969129889	69.9444507042254		
1897	1897	0	0.683081321745576	62.1365070422535		
1898	1898	0	0.436789054105105	49.6054647887324	22.0617595090991	27.5437052796333
1899	1899	0	0.333437812396994	40.7464225352113		
1900	1900	4.8	0.439801544725967	35.7586478873239		
1901	1901	60	0.673695605887772	32.3665352112676		
1902	1902	2.4	0.779917227163239	39.2648450704225	16.1216559041762	23.1431891662463
1903	1903	0	0.877941346223665	36.3914366197183	14.0480599752449	22.3433766444734
1904	1904	4.8	0.903039147342994	29.0839436619718	11.7209343872988	17.363009274673
1905	1905	0	0.973823556408291	24.6422535211268	8.38615838136628	16.2560951397605
1906	1906	0	0.756695441543826	21.2014647887324	5.78344700114092	15.4180177875915
1907	1907	2.4	0.42305504956893	18.635323943662	3.60980960659742	15.0255143370646
1908	1908	2.4	0	16.7567323943662		
1909	1909	2.4	0.114343834480408	15.287323943662		
1910	1910	0	0.344361342773681	13.6992676056338		
1911	1911	0	0.672778286889965	12.4732394366197		
1912	1912	2.4	0.496479128968659	11.2091830985916	0.9762333894542	10.2329497091374
1913	1913	0	0.5388670667989	10.1809014084507		
1914	1914	0	0.782850463569943	9.11307042253521		
1915	1915	2.4	0.506207078412316	8.18214084507042	0.931730055871724	7.2504107891987
1916	1916	12	0.343339869095644	7.32422535211268		
1917	1917	2.4	0.517033882552766	6.91352112676056		
1918	1918	9.6	0.446468622995951	6.44349295774648		
1919	1919	0	0.391415740366313	6.13470422535211		
1920	1920	21.6	0.568792244665744	5.68597183098592		
1921	1921	9.6	0.393521922028839	5.69053521126761	5.32797177527321	0.362563435994406
1922	1922	2.4	0.602754318005168	5.32850704225352		
1923	1923	0	0.672810389822885	5.0303661971831		
1924	1924	0	0.621158578261031	4.752		
1925	1925	0	0.307977302445863	4.52078873239437		
1926	1926	0	0.313020773249221	4.45842253521127		
1927	1927	2.4	0.231998096510821	4.32456338028169		
1928	1928	0	0.0750849072286144	4.16332394366197		
1929	1929	0	0	4.11464788732394		
1930	1930	0	0	0.85943661971831		
1931	1931	0	0	0		
1932	1932	0	0	0		
1933	1933	0	0	0		
1934	1934	0	0	0		
1935	1935	0	0	0		
1936	1936	0	0	0		
1937	1937	0	0.0120549739298923	0		
1938	1938	0	0.505696774487845	0		
1939	1939	0	0.573756483078341	0		
1940	1940	0	0.320875190491478	0		
1941	1941	0	0.0810963903453086	0		
1942	1942	0	0	0		
1943	1943	0	0	0		
1944	1944	0	0	0		
1945	1945	0	0	0		
1946	1946	0	0	0		
1947	1947	0	0	0		
1948	1948	0	0	0		
1949	1949	0	0	0		
1950	1950	0	0	0		
1951	1951	0	0	0		
1952	1952	0	0	0		
1953	1953	0	0	0		
1954	1954	0	0	0		
1955	1955	0	0	0		
1956	1956	0	0	0		
1957	1957	0	0	0		
1958	1958	0	0	0		
1959	1959	0	0	0		
1960	1960	0	0	0		
1961	1961	0	0	0		
1962	1962	0	0	0		
1963	1963	0	0	0		
1964	1964	0	0	0		
1965	1965	0	0	0		
1966	1966	0	0	0		
1967	1967	0	0	0		
1968	1968	0	0	0		
1969	1969	0	0	0		
1970	1970	0	0	0		
1971	1971	0	0	0		
1972	1972	0	0	0		
1973	1973	0	0	0		
1974	1974	0	0	0		
1975	1975	0	0	0		
1976	1976	0	0	0		
1977	1977	0	0	0		
1978	1978	0	0	0		
1979	1979	0	0	0		
1980	1980	0	0	0		
1981	1981	0	0	0		
1982	1982	0	0	0		
1983	1983	0	0	0		
1984	1984	0	0	0		
1985	1985	0	0	0		
1986	1986	0	0	0		
1987	1987	0	0	0		
1988	1988	0	0	0		
1989	1989	0	0	0		
1990	1990	0	0	0		
1991	1991	0	0	0		
1992	1992	0	0	0		
1993	1993	0	0	0		
1994	1994	0	0	0		
1995	1995	0	0	0		
1996	1996	0	0	0		
1997	1997	0	0	0		
1998	1998	0	0	0		
1999	1999	0	0	0		
2000	2000	0	0	0		
2001	2001	0	0	0		
2002	2002	0	0	0		
2003	2003	0	0	0		
2004	2004	0	0	0		
2005	2005	0	0	0		
2006	2006	0	0	0		
2007	2007	0	0	0		
2008	2008	0	0	0		
2009	2009	0	0	0		
2010	2010	0	0	0		
2011	2011	0	0	0		
2012	2012	0	0	0		
2013	2013	0	0	0		
2014	2014	0	0	0		
2015	2015	0	0	0		
2016	2016	0	0	0		
2017	2017	0	0	0		
2018	2018	0	0	0		
2019	2019	0	0	0		
2020	2020	0	0	0		
2021	2021	0	0	0		
2022	2022	0	0	0		
2023	2023	0	0	0		
2024	2024	0	0	0		
2025	2025	0	0	0		
2026	2026	0	0	0		
2027	2027	0	0	0		
2028	2028	0	0	0		
2029	2029	0	0	0		
2030	2030	0	0	0		
2031	2031	0	0	0		
2032	2032	0	0	0		
2033	2033	0	0	0		
2034	2034	0	0	0		
2035	2035	0	0	0		
2036	2036	0	0	0		
2037	2037	0	0	0		
2038	2038	0	0	0		
2039	2039	0	0	0		
2040	2040	0	0	0		
2041	2041	0	0	0		
2042	2042	0	0	0		
2043	2043	0	0	0		
2044	2044	0	-215.35145692565	0		
2045	2045	0	0	0		
2046	2046	0	0	0		
2047	2047	0	0	0		
2048	2048	0	0	0		
2049	2049	0	0	0		
2050	2050	0	0	0		
2051	2051	0	0	0		
2052	2052	0	0	0		
2053	2053	0	0	0		
2054	2054	0	0	0		
2055	2055	0	0	0		
2056	2056	0	0	0		
2057	2057	0	0	0		
2058	2058	0	0	0		
2059	2059	0	0	0		
2060	2060	0	0	0		
2061	2061	0	0	0		
2062	2062	0	0	0		
2063	2063	0	0	0		
2064	2064	0	0	0		
2065	2065	0	0	0		
2066	2066	0	0	0		
2067	2067	0	0	0		
2068	2068	0	0	0		
2069	2069	0	0	0		
2070	2070	0	0	0		
2071	2071	0	0	0		
2072	2072	0	0	0		
2073	2073	0	0	0		
2074	2074	0	0	0		
2075	2075	0	0	0		
2076	2076	0	0	0		
2077	2077	0	0	0		
2078	2078	0	0	0		
2079	2079	0	0	0		
2080	2080	0	0	0		
2081	2081	0	0	0		
2082	2082	0	0	0		
2083	2083	0	0	0		
2084	2084	0	0	0		
2085	2085	0	0	0		
2086	2086	0	0	0		
2087	2087	0	0	0		
2088	2088	0	0	0		
2089	2089	0	0	0		
2090	2090	0	0	0		
2091	2091	0	0	0		
2092	2092	0	0	0		
2093	2093	0	0	0		
2094	2094	0	0	0		
2095	2095	0	0	0		
2096	2096	0	0	0		
2097	2097	0	0	0		
2098	2098	0	0	0		
2099	2099	0	0	0		
2100	2100	0	0	0		
2101	2101	0	0	0		
2102	2102	0	0	0		
2103	2103	0	0	0		
2104	2104	0	0	0		
2105	2105	0	0	0		
2106	2106	0	0	0		
2107	2107	0	0	0		
2108	2108	0	0	0		
2109	2109	0	0	0		
2110	2110	0	0	0		
2111	2111	0	0	0		
2112	2112	0	0	0		
2113	2113	0	0	0		
2114	2114	0	0	0		
2115	2115	0	0	0		
2116	2116	0	0	0		
2117	2117	0	0	0		
2118	2118	0	0	0		
2119	2119	0	0	0		
2120	2120	0	0	0		
2121	2121	0	0	0		
2122	2122	0	0	0		
2123	2123	0	0	0		
2124	2124	0	0	0		
2125	2125	0	0	0		
2126	2126	0	0	0		
2127	2127	0	0	0		
2128	2128	0	0	0		
2129	2129	0	0	0		
2130	2130	0	0	0		
2131	2131	0	0	0		
2132	2132	0	0	0		
2133	2133	0	0	0		
2134	2134	0	0	0		
2135	2135	0	0	0		
2136	2136	0	0	0		
2137	2137	0	0	0		
2138	2138	0	0	0		
2139	2139	0	0	0		
2140	2140	0	0	0		
2141	2141	0	0	0		
2142	2142	0	0	0		
2143	2143	0	0	0		
2144	2144	0	0	0		
2145	2145	0	0	0		
2146	2146	0	0	0		
2147	2147	0	0	0		
2148	2148	0	0	0		
2149	2149	0	0	0		
2150	2150	0	0	0		
2151	2151	0	0	0		
2152	2152	0	0	0		
2153	2153	0	0	0		
2154	2154	0	0	0		
2155	2155	0	0	0		
2156	2156	0	0	0		
2157	2157	0	0	0		
2158	2158	0	0	0		
2159	2159	0	0	0		
2160	2160	0	0	0		
2161	2161	0	8.21583836257749	0		
2162	2162	0	8.30119829658144	0		
2163	2163	0	4.12500175762539	0		
2164	2164	0	1.81103765309973	0		
2165	2165	0	0	0		
2166	2166	0	0	0		
2167	2167	0	0	0		
2168	2168	0	0	0		
2169	2169	0	0	0		
2170	2170	0	0	0		
2171	2171	0	0	0		
2172	2172	0	0	0		
2173	2173	0	0	0		
2174	2174	0	0	0		
2175	2175	0	0	0		
2176	2176	0	0	0		
2177	2177	0	0	0		
2178	2178	0	0	0		
2179	2179	0	0	0		
2180	2180	0	0.326437752847103	0		
2181	2181	0	3.72815016336916	0		
2182	2182	0	2.45891157954084	0		
2183	2183	2.4	2.32215043910374	0		
2184	2184	0	3.05671583256446	18.4603943661972		
2185	2185	0	3.89414007724614	64.3284507042253		
2186	2186	0	4.15643057482846	122.438535211268		
2187	2187	0	4.77058056120642	178.031154929577		
2188	2188	0	3.69166586573511	294.366929577465		
2189	2189	7.2	0	310.536507042254		
2190	2190	2.4	0	157.276901408451		
2191	2191	67.2	0.818319434025852	75.4539718309859		
2192	2192	0	0	71.1613521126761		
2193	2193	139.2	1.00169041391236	65.7263661971831		
2194	2194	67.2	1.84953377719216	70.1619718309859		
2195	2195	0	3.97900795954479	71.6998309859155		
2196	2196	0	4.9723937709497	128.551943661972	22.5481254734781	106.003818188494
2197	2197	4.8	4.85247761866316	214.705521126761	17.64629540043	197.059225726331
2198	2198	0	5.21836484628529	225.488788732394	15.989247236976	209.499541495418
2199	2199	0	5.25796760809024	187.842422535211	12.8648334739352	174.977589061276
2200	2200	60	3.12326402292121	140.731605633803	12.1951511579458	128.536454475857
2201	2201	369.6	2.31584695396645	135.165802816901	33.9328328960414	101.23296992086
2202	2202	141.6	3.35237168010384	251.982253521127	77.9154965128601	174.066757008267
2203	2203	0	3.27386955830486	148.329633802817	74.0821456070453	74.2474881957717
2204	2204	244.8	2.03409748324555	124.108732394366	59.4087295795974	64.7000028147686
2205	2205	297.6	2.13241245575748	246.26738028169	82.8204175981652	163.446962683525
2206	2206	14.4	2.39760345580892	223.870309859155	96.1270647046634	127.743245154492
2207	2207	0	2.58868849596348	115.64214084507	67.2936517031434	48.3484891419267
2208	2208	122.4	1.48391417623288	72.9547605633803	49.4711573474096	23.4836032159707
2209	2209	475.2	2.63037240820149	185.696112676056	69.5262120422394	116.169900633817
2210	2210	0	3.74294556441172	179.14614084507	107.895669482072	71.2504713629977
2211	2211	0	3.04520819872535	100.327436619718	79.4508970653209	20.8765395543971
2212	2212	14.4	1.19367377713407	66.42	54.6474583408219	11.7725416591781
2213	2213	0	0.586897950932524	52.1807323943662	41.3804480957587	10.8002842986075
2214	2214	0	1.3169266812559	42.4531267605634		
2215	2215	0	2.9654790279793	35.0726197183099	20.3305294408172	14.7420902774927
2216	2216	0	3.18894203299972	29.8308169014085	15.9772425037208	13.8535743976877
2217	2217	0	2.45842353676291	25.1776901408451	12.2672057809112	12.9104843599339
2218	2218	31.2	2.73112536585167	22.6495774647887	13.5328091602639	9.11676830452482
2219	2219	19.2	2.16392564730774	18.2398309859155	17.635460595436	0.604370390479478
2220	2220	516	1.38639413213065	33.6381971830986	33.9320445881741	-0.293847405075489
2221	2221	24	1.01949299817395	96.792338028169	86.2457745421263	10.5465634860428
2222	2222	0	1.22258086471194	66.2055211267606	67.8619142126669	-1.65639308590626
2223	2223	0	1.97749313384667	45.9517183098592	44.6368176151279	1.31490069473134
2224	2224	134.4	2.21287357333156	35.8240563380282	37.9871424795737	-2.16308614154554
2225	2225	28.8	2.2275367152478	30.6005070422535	43.1611793651559	-12.5606723229024
2226	2226	81.6	2.59306743508212	26.425014084507	36.4529570673527	-10.0279429828457
2227	2227	0	2.35698271232754	22.4563943661972	35.7298547148913	-13.2734603486941
2228	2228	0	2.6556092937773	17.3469295774648	28.3064181919547	-10.9594886144899
2229	2229	0	2.58569695797792	13.9745915492958	20.7834698159159	-6.8088782666201
2230	2230	0	2.67292280891778	11.9803943661972	17.3801972775939	-5.39980291139666
2231	2231	0	2.09401993060247	10.7574084507042	11.746185654231	-0.988777203526794
2232	2232	60	2.31634954968596	10.225014084507	10.1414617237303	0.0835523607766824
2233	2233	631.2	1.29169293896921	21.2653521126761	38.9855010698382	-17.7201489571621
2234	2234	62.4	1.40238362601218	142.068676056338	112.207710313526	29.860965742812
2235	2235	117.6	1.85825016838686	117.169352112676	97.4009084069494	19.7684437057266
2236	2236	14.4	2.76732469033242	88.9570140845071	76.0155380166207	12.9414760678864
2237	2237	0	3.16375698264224	60.5712676056338	56.2281092452168	4.34315836041702
2238	2238	0	2.83906976529925	42.2979718309859	38.7347047539058	3.56326707708013
2239	2239	0	2.41246783504111	31.3412957746479	25.4934193648193	5.84787640982856
2240	2240	0	1.92701392830632	24.1752676056338	19.0656283103935	5.10963929524026
2241	2241	7.2	2.21987286917651	20.4348169014084	16.5524033840283	3.88241351738006
2242	2242	0	2.09065556394911	18.2656901408451	13.6469820977123	4.61870804313277
2243	2243	0	2.69659920494178	15.7208450704225	14.1771135173846	1.54373155303788
2244	2244	0	2.505462992407	13.7388169014085	9.08445879120351	4.65435811020499
2245	2245	0	1.51878526036012	12.287661971831	5.08254280672146	7.20511916510954
2246	2246	0	1.04155836309066	11.3628169014085	5.50599988080172	5.85681702060678
2247	2247	14.4	0.973203885713183	10.9445070422535	5.8750721501257	5.0694348921278
2248	2248	0	1.61347509380366	10.8045633802817	8.20034374231337	2.60421963796833
2249	2249	124.8	1.59161494890647	11.88	7.08608201310804	4.79391798689196
2250	2250	0	2.03211816368303	11.0053521126761	21.420273411556	-10.4149212988799
2251	2251	0	2.38898047525399	10.4988169014084	16.1683975889803	-5.66958068757186
2252	2252	2.4	2.15893704781391	9.99684507042253	11.2487044825296	-1.25185941210707
2253	2253	0	2.31979886789304	9.49791549295775	9.79787612612819	-0.299960633170436
2254	2254	4.8	2.14808081710893	9.16478873239437	7.40858952837619	1.75619920401818
2255	2255	0	1.81104344437126	8.74191549295774	5.57292782711594	3.1689876658418
2256	2256	52.8	1.25325982891297	8.73583098591549	6.33186264091548	2.40396834500001
2257	2257	88.8	1.45614927032136	8.80276056338028	15.4565339883286	-6.65377342494834
2258	2258	0	1.4350253154293	8.94878873239437	22.5669297007855	-13.6181409683912
2259	2259	0	1.8127159443152	8.88794366197183	17.5615761061717	-8.67363244419987
2260	2260	0	1.44300305666599	8.87729577464789	11.0642195192531	-2.18692374460517
2261	2261	0	1.56892847349431	8.57002816901408	7.90505611709952	0.664972051914558
2262	2262	0	1.38215222351077	8.3783661971831	5.36665060185867	3.01171559532443
2263	2263	4.8	0.664011541739981	8.06045070422535	3.61538930767262	4.44506139655273
2264	2264	249.6	0	10.2265352112676	13.0862140440432	-2.85967883277559
2265	2265	216	0	21.4174647887324		
2266	2266	196.8	0.522353504311667	30.2247887323944		
2267	2267	28.8	0.824680197374207	36.2758309859155		
2268	2268	0	0.651238913649308	46.8552676056338	55.0085665118256	-8.15329890619177
2269	2269	0	1.13751831338668	52.0012394366197	37.48729068372	14.5139487528997
2270	2270	177.6	0.0787340309125	53.9558873239437	30.1707525481855	23.7851347757582
2271	2271	60	0.590945865410035	81.7727323943662		
2272	2272	0	0.930851410632073	67.8057464788732	41.076930226832	26.7288162520412
2273	2273	2.4	0	50.2899718309859	28.0460549887785	22.2439168422074
2274	2274	74.4	0.204759155863755	42.3572957746479		
2275	2275	0	0.851991284098375	37.4394929577465		
2276	2276	0	1.20697696828415	32.94	18.8076705037816	14.1323294962184
2277	2277	0	0.964651682518664	27.4745915492958	12.7933975478904	14.6811940014054
2278	2278	0	0.702197244289877	22.944676056338	10.6878272637462	12.2568487925918
2279	2279	0	0.595437443161899	20.039323943662	9.44860747045186	10.5907164732101
2280	2280	60	0.00105619388772027	18.2078873239437	9.24644230345313	8.96144502049057
2281	2281	192	0.133568010669734	22.7697464788732		
2282	2282	14.4	0.513462096362304	26.5421408450704		
2283	2283	0	0.195268225219522	28.2640563380282	29.2435765637919	-0.979520225763732
2284	2284	2.4	0.478236478966764	28.9272676056338		
2285	2285	187.2	0	32.4638873239437		
2286	2286	84	0.77822633929452	47.0225915492958		
2287	2287	28.8	0.789607821998146	55.7812394366197	40.2544498586145	15.5267895780052
2288	2288	0	0.96028754875995	53.4432676056338		
2289	2289	0	1.05906048744237	42.6889014084507		
2290	2290	9.6	1.19243736408356	35.6293521126761		
2291	2291	0	1.46115156373789	31.6150985915493		
2292	2292	0	0	28.2883943661972		
2293	2293	9.6	0	25.1503098591549		
2294	2294	16.8	0.308762198309623	23.3462535211268		
2295	2295	2.4	0.952251493904072	21.1664788732394		
2296	2296	0	1.03987356997122	18.9441126760563		
2297	2297	0	0.511128040081402	16.8540845070423		
2298	2298	33.6	0.540711529201616	16.140676056338		
2299	2299	110.4	0.178114170099192	16.2669295774648		
2300	2300	12	0.556107605560257	15.6767323943662		
2301	2301	0	0.46416619270893	1.87554929577465		
2302	2302	2.4	0.483237423605857	0		
2303	2303	2.4	0	0		
2304	2304	0	0	0		
2305	2305	0	0	0		
2306	2306	0	0	0		
2307	2307	0	0	0		
2308	2308	0	0	0		
2309	2309	0	0	0		
2310	2310	0	0	0		
2311	2311	0	0	0		
2312	2312	0	0	0		
2313	2313	0	0	0		
2314	2314	0	0	0		
2315	2315	0	0	0		
2316	2316	0	0	0		
2317	2317	0	0	0		
2318	2318	0	0	0		
2319	2319	0	0	0		
2320	2320	0	0	0		
2321	2321	0	0	0		
2322	2322	0	0	0		
2323	2323	0	0	0		
2324	2324	0	0.0579615576299517	0		
2325	2325	0	0.234198700024507	0		
2326	2326	0	0.186093731674958	0		
2327	2327	0	0.174983198392439	0		
2328	2328	0	0.178836828036182	0		
2329	2329	0	0.0378421791839401	0		
2330	2330	0	0	0		
2331	2331	0	0	0		
2332	2332	0	0	0		
2333	2333	0	0	0		
2334	2334	0	0	0		
2335	2335	0	0	0		
2336	2336	0	0	0		
2337	2337	0	0	0		
2338	2338	0	0	0		
2339	2339	0	0	0		
2340	2340	0	0	0		
2341	2341	0	0	0		
2342	2342	0	0	0		
2343	2343	0	0	0		
2344	2344	0	0	0		
2345	2345	0	0	0		
2346	2346	0	0	0		
2347	2347	0	0	0		
2348	2348	0	0	0		
2349	2349	0	0	0		
2350	2350	0	0	0		
2351	2351	0	0	0		
2352	2352	0	0	0		
2353	2353	0	0	0		
2354	2354	0	0	0		
2355	2355	0	0	0		
2356	2356	0	0	0		
2357	2357	0	0	0		
2358	2358	0	0	0		
2359	2359	0	0	0		
2360	2360	0	0	0		
2361	2361	0	0	0		
2362	2362	0	0	0		
2363	2363	0	0	0		
2364	2364	0	0	0		
2365	2365	0	0	0		
2366	2366	0	0	0		
2367	2367	0	0	0		
2368	2368	0	0	0		
2369	2369	0	0	0		
2370	2370	0	0	0		
2371	2371	0	0	0		
2372	2372	0	0	0		
2373	2373	0	0	0		
2374	2374	0	0	0		
2375	2375	0	0	0		
2376	2376	0	0	0		
2377	2377	0	0	0		
2378	2378	0	0	0		
2379	2379	0	0	0		
2380	2380	0	0	0		
2381	2381	0	0	0		
2382	2382	0	0.0826341360122171	0		
2383	2383	0	0	0		
2384	2384	0	0	0		
2385	2385	0	0	0		
2386	2386	0	0	0		
2387	2387	0	0	0		
2388	2388	0	0	0		
2389	2389	0	0	0		
2390	2390	0	0	0		
2391	2391	0	0	0		
2392	2392	0	0	0		
2393	2393	0	0	0		
2394	2394	0	0	0		
2395	2395	0	0	0		
2396	2396	0	0	0		
2397	2397	0	0	0		
2398	2398	0	0	0		
2399	2399	0	0	0		
2400	2400	0	0	0		
2401	2401	0	0	0		
2402	2402	0	0	0		
2403	2403	0	0	0		
2404	2404	0	0	0		
2405	2405	0	0	0		
2406	2406	0	0	0		
2407	2407	0	0	0		
2408	2408	0	0	0		
2409	2409	0	-235.454016211234	0		
2410	2410	0	0	0		
2411	2411	0	0	0		
2412	2412	0	0	0		
2413	2413	0	0	0		
2414	2414	0	0	0		
2415	2415	0	0	0		
2416	2416	0	0	0		
2417	2417	0	0	0		
2418	2418	0	0	0		
2419	2419	0	0	0		
2420	2420	0	0	0		
2421	2421	0	0	0		
2422	2422	0	0	0		
2423	2423	0	0	0		
2424	2424	0	0	0		
2425	2425	0	0	0		
2426	2426	0	0	0		
2427	2427	0	0	0		
2428	2428	0	0	0		
2429	2429	0	0	0		
2430	2430	0	0	0		
2431	2431	0	0	0		
2432	2432	0	0	0		
2433	2433	0	0	0		
2434	2434	0	0	0		
2435	2435	0	0	0		
2436	2436	0	0	0		
2437	2437	0	0	0		
2438	2438	0	0	0		
2439	2439	0	0	0		
2440	2440	0	0	0		
2441	2441	0	0	0		
2442	2442	0	0	0		
2443	2443	0	0	0		
2444	2444	0	0	0		
2445	2445	0	0	0		
2446	2446	0	0	0		
2447	2447	0	0	0		
2448	2448	0	0	0		
2449	2449	0	0	0		
2450	2450	0	0	0		
2451	2451	0	0	0		
2452	2452	0	0	0		
2453	2453	0	0	0		
2454	2454	0	0	0		
2455	2455	0	0	0		
2456	2456	0	0	0		
2457	2457	0	0	0		
2458	2458	0	0	0		
2459	2459	0	0	0		
2460	2460	0	0	0		
2461	2461	0	0	0		
2462	2462	0	0	0		
2463	2463	0	0	0		
2464	2464	0	0	0		
2465	2465	0	0	0		
2466	2466	0	0	0		
2467	2467	0	0	0		
2468	2468	0	0	0		
2469	2469	0	0	0		
2470	2470	0	0	0		
2471	2471	0	0	0		
2472	2472	0	0	0		
2473	2473	0	0	0		
2474	2474	0	0	0		
2475	2475	0	0	0		
2476	2476	0	0	0		
2477	2477	0	0	0		
2478	2478	0	0	0		
2479	2479	0	0	0		
2480	2480	0	0	0		
2481	2481	0	0	0		
2482	2482	0	0	0		
2483	2483	0	0	0		
2484	2484	0	0	0		
2485	2485	0	0	0		
2486	2486	0	0	0		
2487	2487	0	0	0		
2488	2488	0	0	0		
2489	2489	0	0	0		
2490	2490	0	0	0		
2491	2491	0	0	0		
2492	2492	0	0	0		
2493	2493	0	0	0		
2494	2494	0	0	0		
2495	2495	0	0	0		
2496	2496	0	0	0		
2497	2497	0	0	0		
2498	2498	0	0	0		
2499	2499	0	0	0		
2500	2500	0	0	0		
2501	2501	0	0	0		
2502	2502	0	0	0		
2503	2503	0	0	0		
2504	2504	0	0	0		
2505	2505	0	0	0		
2506	2506	0	0	0		
2507	2507	0	0	0		
2508	2508	0	0	0		
2509	2509	0	0	0		
2510	2510	0	0	0		
2511	2511	0	0	0		
2512	2512	0	0	0		
2513	2513	0	0	0		
2514	2514	0	0	0		
2515	2515	0	0	0		
2516	2516	0	0	0		
2517	2517	0	8.93990352296936	0		
2518	2518	0	0	0		
2519	2519	0	0	0		
2520	2520	0	0	0		
2521	2521	0	0	0		
2522	2522	0	0	0		
2523	2523	0	0	0		
2524	2524	0	0	0		
2525	2525	0	0	0		
2526	2526	0	0	0		
2527	2527	0	0.321913253451992	0		
2528	2528	0	0	0		
2529	2529	0	0	0		
2530	2530	0	0	0		
2531	2531	0	0	0		
2532	2532	0	0	0		
2533	2533	0	0	0		
2534	2534	0	0	0		
2535	2535	0	0	0		
2536	2536	0	0	0		
2537	2537	0	0	0		
2538	2538	0	0	0		
2539	2539	0	0	0		
2540	2540	0	0	0		
2541	2541	0	0	0		
2542	2542	0	5.7538000940239	0		
2543	2543	0	0	0		
2544	2544	0	0.30134676468818	0		
2545	2545	0	0	0		
2546	2546	0	0	46.0718873239437		
2547	2547	0	0	97.5285633802817		
2548	2548	0	0	112.977126760563		
2549	2549	0	0.688406557398825	111.525971830986		
2550	2550	0	8.65165213377471	117.37014084507		
2551	2551	0	5.99602605391128	163.466366197183		
2552	2552	0	4.8037915805002	173.019042253521		
2553	2553	0	5.30734468708239	120.643605633803		
2554	2554	2.4	7.30558885905065	86.905014084507		
2555	2555	0	7.28984625340338	67.750985915493		
2556	2556	0	2.55532325966014	43.4372957746479		
2557	2557	0	4.1793652941326	37.3892957746479		
2558	2558	0	5.12733998469617	33.0267042253521		
2559	2559	2.4	1.11860795626307	29.0900281690141		
2560	2560	24	0.714748994431829	25.8348169014084		
2561	2561	242.4	0.968986174929601	36.4218591549296		
2562	2562	7.2	3.50215188534164	30.7815211267606		
2563	2563	0	2.95455278414112	24.240676056338	26.4492078858588	-2.20853182952078
2564	2564	0	5.26873050964264	20.5656338028169	21.6838733185035	-1.11823951568658
2565	2565	0	4.74208309543573	17.4686197183099	15.1027780629037	2.36584165540622
2566	2566	0	3.93845284114908	14.8340281690141	12.6799548541364	2.15407331487766
2567	2567	0	3.94172614355162	12.5949295774648	9.65433932887141	2.94059024859339
2568	2568	88.8	3.68202746216418	11.2928450704225	11.5002794709133	-0.207434400490786
2569	2569	2.4	3.81476524074645	12.935661971831	23.0744098907353	-10.1387479189043
2570	2570	0	3.28096583026586	9.44315492957747	17.6708446848809	-8.22768975530348
2571	2571	0	2.90869685387416	7.30749295774648	13.4005460455836	-6.09305308783712
2572	2572	0	2.54142927840589	6.44957746478873	10.3149215138452	-3.86534404905646
2573	2573	0	3.45838888941731	5.6950985915493	8.57631567083061	-2.88121707928131
2574	2574	0	2.57246368029306	5.62208450704225	4.00789227771081	1.61419222933144
2575	2575	136.8	1.87392526714045	5.77419718309859	9.33645058051517	-3.56225339741659
2576	2576	148.8	2.47698776763833	9.60135211267606	30.6389410681092	-21.0375889554332
2577	2577	33.6	1.83330797422348	17.7545915492958	39.6116078328857	-21.8570162835899
2578	2578	2.4	1.3777441434737	27.9583098591549	33.3641704491569	-5.40586059000198
2579	2579	0	2.44531806388155	28.4146478873239	24.1585100581961	4.25613782912777
2580	2580	0	2.48523373326061	21.6121690140845	15.1756236967699	6.43654531731459
2581	2581	0	2.13777098001705	17.0913802816901	10.5680467155095	6.52333356618063
2582	2582	0	2.42560276624606	13.3615774647887	8.67588121346655	4.68569625132215
2583	2583	0	1.97352913932516	11.6335774647887	6.69047293195177	4.94310453283693
2584	2584	0	1.78588217160367	10.2767323943662	6.20530733493998	4.07142505942622
2585	2585	0	1.31440683938945	9.21194366197183	5.4848024484517	3.72714121352013
2586	2586	0	1.59460553614188	7.25881690140845	4.52349761246306	2.73531928894539
2587	2587	14.4	2.51484621047716	6.88766197183099	3.74540930228757	3.14225266954342
2588	2588	0	2.77338448252476	6.66253521126761	4.7227564524514	1.93977875881621
2589	2589	0	2.38706185392736	6.29138028169014	4.81156795894202	1.47981232274812
2590	2590	0	2.68389318400143	6.09059154929577	6.15099029211215	-0.0603987428163757
2591	2591	0	2.4159208299976	5.89588732394366	4.77859162670743	1.11729569723623
2592	2592	0	1.31446955974275	5.54298591549296	2.68843340492461	2.85455251056835
2593	2593	0	2.23733733829099	4.98321126760563	3.62720410490496	1.35600716270067
2594	2594	26.4	0.62179502599578	5.15966197183099	1.20583417603956	3.95382779579143
2595	2595	492	1.23849164292716	6.37047887323944		
2596	2596	100.8	1.58349868044478	11.1163943661972	81.3793597955408	-70.2629654293436
2597	2597	28.8	2.69827691494886	30.8849577464789	75.6497855730032	-44.7648278265243
2598	2598	0	3.21138945029875	30.1730704225352	54.1894393806739	-24.0163689581387
2599	2599	19.2	2.54884060260201	21.575661971831	38.9297939841696	-17.3541320123386
2600	2600	0	1.25007215813465	16.2882253521127	29.2465378910552	-12.9583125389425
2601	2601	206.4	1.0387414426191	13.2581408450704	26.1984326808741	-12.9402918358037
2602	2602	0	1.02837469863928	16.1056901408451	44.1797967794267	-28.0741066385816
2603	2603	50.4	0.662712503219367	15.8014647887324	35.3264614918875	-19.5249967031551
2604	2604	88.8	1.00417832920788	15.2234366197183	34.6228256033794	-19.3993889836611
2605	2605	2.4	1.52056843705007	16.2760563380282	37.8155776856046	-21.5395213475764
2606	2606	86.4	1.45371714643738	15.5459154929577	29.6221864661282	-14.0762709731705
2607	2607	96	1.61426535599715	17.2982535211268	32.6700991471439	-15.3718456260171
2608	2608	72	1.2362801054656	20.784676056338	39.2606339725723	-18.4759579162343
2609	2609	261.6	1.59984905471688	38.8678309859155	48.5775830859496	-9.70975210003414
2610	2610	28.8	1.61727867345138	75.5209014084507	69.2812925254031	6.23960888304762
2611	2611	110.4	1.87451739929579	91.2128450704225	57.6326754560257	33.5801696143968
2612	2612	0	1.64738230579444	73.5616901408451	51.9433173361948	21.6183728046503
2613	2613	79.2	1.75521672138269	60.6868732394366	40.6130285953307	20.0738446441059
2614	2614	0	1.97489717109162	53.3002816901408	38.5804875706842	14.7197941194566
2615	2615	0	1.96495080074403	37.2736901408451	27.4422821293958	9.83140801144926
2616	2616	0	1.97284360848732	27.9157183098592	21.1815556119665	6.73416269789275
2617	2617	228	1.47225382140141	29.3394929577465	23.1924749778818	6.14701797986471
2618	2618	508.8	1.3682905272365	67.8361690140845	64.8762664703879	2.95990254369663
2619	2619	235.2	1.45883390287372	96.7254084507042	120.319540308698	-23.594131857994
2620	2620	0	1.92739049575411	125.304338028169	116.338140064494	8.96619796367497
2621	2621	0	2.09287332433811	75.2836056338028	80.0881526893636	-4.80454705556075
2622	2622	0	2.36161640612897	52.7222535211268	55.4256101411124	-2.70335661998557
2623	2623	0	2.08745360631872	39.4762816901408	37.9484300831832	1.52785160695759
2624	2624	0	2.05926702892353	31.3960563380282	25.7582492000906	5.63780713793761
2625	2625	86.4	1.47153577450646	26.5284507042253	20.6467838365345	5.8816668676908
2626	2626	62.4	0.67827139022566	25.5305915492958	30.5612193331839	-5.03062778388809
2627	2627	650.4	1.04487096844296	89.3570704225352	56.7375070000992	32.619563422436
2628	2628	9.6	0.967610154328042	162.529352112676	122.262818087314	40.2665340253621
2629	2629	38.4	1.23279277817592	108.535436619718	92.6714247507416	15.8640118689764
2630	2630	105.6	1.01983981460653	75.8798873239437	66.0763290630833	9.80355826086046
2631	2631	55.2	1.32450891699141	69.6676056338028	62.602378220877	7.06522741292582
2632	2632	96	1.32183333301504	70.5802816901409	56.5423092734909	14.03797241665
2633	2633	48	0.836028689533862	63.8264788732394	51.129010947202	12.6974679260374
2634	2634	88.8	1.6114359260205	62.1410704225352	46.4345890132444	15.7064814092908
2635	2635	0	2.23829035944608	59.2691830985916	44.2150602197251	15.0541228788665
2636	2636	0	1.8368504883033	47.7572957746479	32.6187569294824	15.1385388451655
2637	2637	48	1.49869735166392	39.5918873239437	27.7026605985371	11.8892267254066
2638	2638	732	1.20030064958235	51.2315492957747	51.7086707141666	-0.477121418391882
2639	2639	117.6	0.771809749129204	98.4108169014084	130.224859788689	-31.8140428872806
2640	2640	112.8	0.760994679180229	126.673352112676	118.2214492781	8.451902834576
2641	2641	0	0.54618646092095	101.672112676056	93.2250682718428	8.44704440421316
2642	2642	4.8	0.393715948763784	72.3508732394366	67.91438777916	4.43648546027657
2643	2643	2.4	0.559243408300887	59.1292394366197		
2644	2644	0	0.403279721093682	50.3006197183099	26.2638668051424	24.0367529131675
2645	2645	2.4	0.8536200622503	43.3156056338028		
2646	2646	2.4	0.752487367475041	37.7543661971831	15.8208020158708	21.9335641813123
2647	2647	0	0.907625846153707	33.3430985915493	14.2421332598481	19.1009653317012
2648	2648	0	0.717039319542749	30.1791549295775	13.3916977570155	16.787457172562
2649	2649	0	0.529205192756223	28.8405633802817	9.19163363737024	19.6489297429115
2650	2650	0	0.669812091100326	27.240338028169	4.15469194418413	23.0856460839849
2651	2651	0	0.526508564215106	24.9708169014084	3.5649693919553	21.4058475094531
2652	2652	0	0.542227773044161	4.97104225352113	5.06246776280687	-0.0914255092857372
2653	2653	0	0.712945891192547	0		
2654	2654	0	1.12137588214831	0		
2655	2655	0	1.01646784356178	0		
2656	2656	31.2	0.949084115778916	0		
2657	2657	60	1.03738156235814	0		
2658	2658	0	1.00044444096504	0		
2659	2659	12	0.935951105763237	0		
2660	2660	0	0.572177891339734	0		
2661	2661	0	0.686667435153723	0		
2662	2662	2.4	0.76474837335023	0		
2663	2663	0	0.75711233847143	0		
2664	2664	0	0.737644353699693	0		
2665	2665	0	0.633360933442745	0		
2666	2666	0	0.904425085176229	0		
2667	2667	0	0.541639776751609	0		
2668	2668	96	0.228400697235628	0		
2669	2669	0	0.501838062374873	0		
2670	2670	0	0.158587015322453	0		
2671	2671	0	0	0		
2672	2672	0	0	0		
2673	2673	0	0	0		
2674	2674	0	0	0		
2675	2675	0	0	0		
2676	2676	0	0	0		
2677	2677	0	0	0		
2678	2678	0	0	0		
2679	2679	0	0	0		
2680	2680	0	0	0		
2681	2681	0	0	0		
2682	2682	0	0	0		
2683	2683	0	0	0		
2684	2684	0	0	0		
2685	2685	0	0	0		
2686	2686	0	0	0		
2687	2687	0	0	0		
2688	2688	0	0	0		
2689	2689	0	0	0		
2690	2690	0	0	0		
2691	2691	0	0	0		
2692	2692	0	0	0		
2693	2693	0	0	0		
2694	2694	0	0	0		
2695	2695	0	0	0		
2696	2696	0	0	0		
2697	2697	0	0	0		
2698	2698	0	0	0		
2699	2699	0	0	0		
2700	2700	0	0	0		
2701	2701	0	0	0		
2702	2702	0	0	0		
2703	2703	0	0	0		
2704	2704	0	0	0		
2705	2705	0	0	0		
2706	2706	0	0	0		
2707	2707	0	0	0		
2708	2708	0	0	0		
2709	2709	0	0	0		
2710	2710	0	0	0		
2711	2711	0	0	0		
2712	2712	0	0	0		
2713	2713	0	0	0		
2714	2714	0	0	0		
2715	2715	0	0	0		
2716	2716	0	0	0		
2717	2717	0	0	0		
2718	2718	0	0	0		
2719	2719	0	0	0		
2720	2720	0	0	0		
2721	2721	0	0	0		
2722	2722	0	0	0		
2723	2723	0	0	0		
2724	2724	0	0	0		
2725	2725	0	0	0		
2726	2726	0	0	0		
2727	2727	0	0	0		
2728	2728	0	0	0		
2729	2729	0	0	0		
2730	2730	0	0	0		
2731	2731	0	0	0		
2732	2732	0	0	0		
2733	2733	0	0	0		
2734	2734	0	0	0		
2735	2735	0	0	0		
2736	2736	0	0	0		
2737	2737	0	0	0		
2738	2738	0	0	0		
2739	2739	0	0	0		
2740	2740	0	0	0		
2741	2741	0	0	0		
2742	2742	0	0	0		
2743	2743	0	0	0		
2744	2744	0	0	0		
2745	2745	0	0	0		
2746	2746	0	0	0		
2747	2747	0	0	0		
2748	2748	0	0	0		
2749	2749	0	0	0		
2750	2750	0	0	0		
2751	2751	0	0	0		
2752	2752	0	0	0		
2753	2753	0	0	0		
2754	2754	0	0	0		
2755	2755	0	0	0		
2756	2756	0	0	0		
2757	2757	0	0	0		
2758	2758	0	0	0		
2759	2759	0	0	0		
2760	2760	0	0	0		
2761	2761	0	0	0		
2762	2762	0	0	0		
2763	2763	0	0	0		
2764	2764	0	0	0		
2765	2765	0	0	0		
2766	2766	0	0	0		
2767	2767	0	0	0		
2768	2768	0	0	0		
2769	2769	0	0	0		
2770	2770	0	0	0		
2771	2771	0	0	0		
2772	2772	0	0	0		
2773	2773	0	0	0		
2774	2774	0	-249.104646684882	0		
2775	2775	0	0	0		
2776	2776	0	0	0		
2777	2777	0	0	0		
2778	2778	0	0	0		
2779	2779	0	0	0		
2780	2780	0	0	0		
2781	2781	0	0	0		
2782	2782	0	0	0		
2783	2783	0	0	0		
2784	2784	0	0	0		
2785	2785	0	0	0		
2786	2786	0	0	0		
2787	2787	0	0	0		
2788	2788	0	0	0		
2789	2789	0	0	0		
2790	2790	0	0	0		
2791	2791	0	0	0		
2792	2792	0	0	0		
2793	2793	0	0	0		
2794	2794	0	0	0		
2795	2795	0	0	0		
2796	2796	0	0	0		
2797	2797	0	0	0		
2798	2798	0	0	0		
2799	2799	0	0	0		
2800	2800	0	0	0		
2801	2801	0	0	0		
2802	2802	0	0	0		
2803	2803	0	0	0		
2804	2804	0	0	0		
2805	2805	0	0	0		
2806	2806	0	0	0		
2807	2807	0	0	0		
2808	2808	0	0	0		
2809	2809	0	0	0		
2810	2810	0	0	0		
2811	2811	0	0	0		
2812	2812	0	0	0		
2813	2813	0	0	0		
2814	2814	0	0	0		
2815	2815	0	0	0		
2816	2816	0	0	0		
2817	2817	0	0	0		
2818	2818	0	0	0		
2819	2819	0	0	0		
2820	2820	0	0	0		
2821	2821	0	0	0		
2822	2822	0	0	0		
2823	2823	0	0	0		
2824	2824	0	0	0		
2825	2825	0	0	0		
2826	2826	0	0	0		
2827	2827	0	0	0		
2828	2828	0	0	0		
2829	2829	0	0	0		
2830	2830	0	0	0		
2831	2831	0	0	0		
2832	2832	0	0	0		
2833	2833	0	0	0		
2834	2834	0	0	0		
2835	2835	0	0	0		
2836	2836	0	0	0		
2837	2837	0	0	0		
2838	2838	0	0	0		
2839	2839	0	0	0		
2840	2840	0	0	0		
2841	2841	0	0	0		
2842	2842	0	0	0		
2843	2843	0	0	0		
2844	2844	0	0	0		
2845	2845	0	0	0		
2846	2846	0	0	0		
2847	2847	0	0	0		
2848	2848	0	0	0		
2849	2849	0	0	0		
2850	2850	0	0	0		
2851	2851	0	0	0		
2852	2852	0	0	0		
2853	2853	0	0	0		
2854	2854	0	0	0		
2855	2855	0	0	0		
2856	2856	0	0	0		
2857	2857	0	0	0		
2858	2858	0	0	0		
2859	2859	0	0	0		
2860	2860	0	0	0		
2861	2861	0	0	0		
2862	2862	0	0	0		
2863	2863	0	0	0		
2864	2864	0	0	0		
2865	2865	0	0	0		
2866	2866	0	0	0		
2867	2867	0	0	0		
2868	2868	0	0	0		
2869	2869	0	0	0		
2870	2870	0	0	0		
2871	2871	0	0	0		
2872	2872	0	0	0		
2873	2873	0	0	0		
2874	2874	0	0	0		
2875	2875	0	0	0		
2876	2876	0	0	0		
2877	2877	0	0	0		
2878	2878	0	0	0		
2879	2879	0	0	0		
2880	2880	0	0	0		
2881	2881	0	0	0		
2882	2882	0	0	0		
2883	2883	0	0	0		
2884	2884	0	0	0		
2885	2885	0	0	0		
2886	2886	0	0	0		
2887	2887	0	0	0		
2888	2888	0	0	0		
2889	2889	0	0	0		
2890	2890	0	0	0		
2891	2891	0	0	0		
2892	2892	0	0	0		
2893	2893	0	0	0		
2894	2894	0	0	0		
2895	2895	0	0	0		
2896	2896	0	0	0		
2897	2897	0	0	0		
2898	2898	0	0	0		
2899	2899	0	0	0		
2900	2900	0	0	0		
2901	2901	0	0	0		
2902	2902	0	0	0		
2903	2903	0	0	0		
2904	2904	0	0	0		
2905	2905	0	0	0		
2906	2906	0	0	0		
2907	2907	0	0	0		
2908	2908	0	0	0		
2909	2909	0	0	0		
2910	2910	0	5.7282196186948	0		
2911	2911	0	7.37891107417616	0		
2912	2912	0	6.82439270600651	0		
2913	2913	0	5.73612403909393	0		
2914	2914	0	4.59293955236968	0		
2915	2915	0	6.02926179688866	85.7793802816902		
2916	2916	0	4.57482880846408	347.833014084507		
2917	2917	2.4	5.38616699118913	498.85047887324		
2918	2918	0	4.59128238475347	337.191211267606		
2919	2919	0	5.26393887689728	289.350253521127		
2920	2920	0	5.67795817871787	174.448901408451		
2921	2921	0	5.03546227726891	119.309577464789		
2922	2922	0	3.26639850832897	81.888338028169		
2923	2923	0	3.53741737470528	61.1629859154929		
2924	2924	0	0.471232023816086	47.495661971831		
2925	2925	52.8	0	38.4449577464789		
2926	2926	0	2.07909557610879	28.8162253521127		
2927	2927	0	3.65528884480554	23.2352112676056	4.15484964367648	19.0803616239291
2928	2928	0	3.43740859547243	21.443323943662	2.87588390801218	18.5674400356498
2929	2929	0	3.18452586230742	19.4871549295775	4.22111599174427	15.2660389378332
2930	2930	0	3.3079382620917	20.2705352112676	4.19499862193153	16.0755365893361
2931	2931	0	1.94257518618887	19.5008450704225	2.32305771480951	17.177787355613
2932	2932	0	0.310011834114441	20.0514929577465	2.74725351075263	17.3042394469939
2933	2933	0	1.30763094504188	17.6465915492958		
2934	2934	0	1.63204715371387	14.8127323943662	-0.0670264263809424	14.8797588207471
2935	2935	0	1.33708532204973	13.7312112676056	0.596509807205406	13.1347014604002
2936	2936	0	0.194531521687807	12.7303098591549	0.635011504115882	12.095298355039
2937	2937	28.8	0.479787204569412	11.8465352112676		
2938	2938	117.6	2.22368077551914	12.9919436619718		
2939	2939	7.2	2.53152863009949	13.0360563380282	20.9246895381852	-7.88863320015697
2940	2940	0	2.72616964905281	15.0439436619718	17.8651746604248	-2.82123099845297
2941	2941	7.2	2.47281897348028	13.2779154929577	12.6374803756903	0.640435117267382
2942	2942	21.6	2.57328105866566	16.1330704225352	12.1178683875695	4.01520203496575
2943	2943	9.6	3.33563096611481	14.722985915493	13.249653955106	1.47333196038696
2944	2944	0	3.56547289739292	12.2161690140845	11.956389544366	0.259779469718515
2945	2945	26.4	3.1539924998653	16.126985915493	11.2646127119912	4.86237320350177
2946	2946	0	3.09296028348732	20.0712676056338	12.8127528331477	7.25851477248615
2947	2947	110.4	2.60208568944285	23.1454647887324	13.8663369511548	9.27912783757763
2948	2948	62.4	3.05705851652677	37.4668732394366	27.939935125693	9.52693811374361
2949	2949	0	3.67586814486233	42.1975774647887	29.5387557378238	12.6588217269649
2950	2950	0	4.0577783524504	25.0833802816901	20.8210152423855	4.26236503930464
2951	2951	0	3.09033832648783	16.9818591549296	14.2976430158609	2.68421613906869
2952	2952	0	1.53720410068161	14.639323943662	11.1877052565286	3.45161868713337
2953	2953	0	0.301272541864037	10.6904788732394	7.68000821780015	3.01047065543925
2954	2954	16.8	0.465621249135317	8.79211267605634		
2955	2955	67.2	1.58291689087057	10.1413521126761		
2956	2956	48	2.84950671722284	14.9800563380282	15.6624896169406	-0.682433278912395
2957	2957	0	1.76094960673432	12.2481126760563	17.1028954913874	-4.85478281533106
2958	2958	31.2	1.19231550880859	10.6052957746479	14.7985828213358	-4.19328704668793
2959	2959	110.4	2.20750585266062	13.3783098591549	18.7593314277192	-5.38102156856429
2960	2960	0	2.63780364929288	12.670985915493	26.9229255125013	-14.2519395970083
2961	2961	0	2.8300998869561	9.54811267605634	20.8369779390847	-11.2888652630284
2962	2962	0	1.970593203777	8.20495774647888	14.2326130402774	-6.02765529379849
2963	2963	0	1.81336503707774	7.37138028169014	10.9403158146626	-3.56893553297241
2964	2964	0	1.74172812878782	6.73554929577465	8.13294591278685	-1.3973966170122
2965	2965	7.2	2.0806681394916	6.87549295774648	7.55062559409991	-0.67513263635343
2966	2966	7.2	2.08776077789329	6.61842253521127	7.42899119629376	-0.810568661082488
2967	2967	151.2	1.36946270954068	6.36591549295775	11.5138791930457	-5.14796370008799
2968	2968	156	1.68689857651062	7.20101408450704	33.3066066391796	-26.1055925546726
2969	2969	0	2.22406684359725	13.5806197183099	44.5765345929904	-30.9959148746805
2970	2970	0	1.57363330158209	15.1230422535211	31.7356599788841	-16.612617725363
2971	2971	184.8	1.67687111516006	13.2094647887324	28.9193028181703	-15.7098380294379
2972	2972	4.8	1.66491542467124	14.6028169014084	42.6999925726132	-28.0971756712048
2973	2973	98.4	1.92034329719366	13.7372957746479	35.2305890659867	-21.4932932913388
2974	2974	0	1.91678730744665	13.0786478873239	35.8574603726136	-22.7788124852897
2975	2975	0	1.5126836911584	10.8197746478873	26.9639365453166	-16.1441618974293
2976	2976	79.2	1.67407836711672	10.044	22.4607885243429	-12.4167885243429
2977	2977	0	2.0113161653208	12.2983098591549	25.6935267596668	-13.3952169005119
2978	2978	36	1.51763758256947	11.2776338028169	20.5439870964556	-9.26635329363866
2979	2979	0	1.33369231233716	11.8039436619718	18.3756897513831	-6.57174608941133
2980	2980	2.4	1.52200555094667	12.3500281690141	14.124948116716	-1.77491994770186
2981	2981	0	1.76579275361669	10.451661971831	11.6068238428574	-1.15516187102643
2982	2982	0	2.27758844814907	9.20585915492958	9.420875863924	-0.215016708994424
2983	2983	2.4	1.28834168577995	8.12738028169014	6.26155194613413	1.86582833555601
2984	2984	201.6	0.963988186765434	8.13650704225352	12.6789449655107	-4.54243792325719
2985	2985	69.6	1.20237085886596	14.9146478873239	36.8895189783226	-21.9748710909987
2986	2986	62.4	1.57378230805232	23.5896338028169	39.8358608297085	-16.2462270268916
2987	2987	0	1.30047174994996	23.9531830985916	33.9587968064168	-10.0056137078251
2988	2988	55.2	1.75749847569494	19.6194929577465	27.3113886627153	-7.69189570496874
2989	2989	7.2	1.71701247908788	16.440338028169	24.7888315475413	-8.34849351937232
2990	2990	24	1.28846874222315	13.9107042253521	18.8647192597419	-4.9540150343898
2991	2991	0	1.06036124480305	12.0914366197183	17.1714221993912	-5.07998557967289
2992	2992	0	0.99492304293932	10.3695211267606	12.3745429412618	-2.00502181450116
2993	2993	72	0.853189000705868	9.72304225352113	11.6697057500331	-1.94666349651202
2994	2994	0	0.986117675412146	9.41577464788732	17.8861711502141	-8.47039650232673
2995	2995	0	0.937909029189569	8.92597183098591	13.1142053834395	-4.18823355245356
2996	2996	0	1.19999384506055	8.424	8.68194137168404	-0.257941371684044
2997	2997	0	1.4427403116799	7.95245070422535	6.84922158811166	1.10322911611369
2998	2998	0	1.24055581997307	7.69081690140845	5.54543975836622	2.14537714304223
2999	2999	12	0.49147356517642	7.31814084507042	5.03373075104729	2.28441009402313
3000	3000	24	0.322651703351539	7.26033802816902		
3001	3001	4.8	0.31561925104802	7.14777464788732		
3002	3002	4.8	0.48127220101938	7.08692957746479		
3003	3003	2.4	0.466074312825967	7.47633802816901		
3004	3004	0	0.916698903979139	7.24512676056338		
3005	3005	0	0.750091518124918	7.04433802816902	2.05925400601825	4.98508402215077
3006	3006	7.2	0.241917241940541	6.93025352112676	1.84215861636633	5.08809490476043
3007	3007	0	0.762782931548216	6.67470422535211		
3008	3008	0	0.726436095963834	6.42067605633803	2.08224292465677	4.33843313168126
3009	3009	0	1.1506110582893	6.06625352112676	1.92486187358124	4.14139164754552
3010	3010	0	1.10334334160585	5.78940845070423	1.51644683272153	4.2729616179827
3011	3011	0	0.874934279224163	5.65554929577465	1.6116495536056	4.04389974216905
3012	3012	0	1.31174712456773	5.61295774647887	2.28160261412734	3.33135513235153
3013	3013	0	1.09813934750557	5.46540845070423	1.74752584311569	3.71788260758854
3014	3014	0	1.26767320476134	5.34523943661972	2.2846306754281	3.06060876119162
3015	3015	0	1.29773703164906	5.27830985915493	1.91158212954276	3.36672772961217
3016	3016	0	0.805729053916536	5.28287323943662	1.29447150975089	3.98840172968573
3017	3017	211.2	0.888913619057249	6.78422535211268	9.32039038565282	-2.53616503354014
3018	3018	33.6	0.589504866725562	7.73340845070423		
3019	3019	86.4	0.572205118534484	9.46292957746479		
3020	3020	19.2	0.323720476822714	11.0144788732394		
3021	3021	19.2	0.0518751212244979	11.5590422535211		
3022	3022	2.4	0	12.4230422535211		
3023	3023	43.2	0.0406781999763552	14.0323943661972		
3024	3024	208.8	0	15.9307605633803		
3025	3025	0	0	1.41008450704225		
3026	3026	170.4	0.550483599112638	0		
3027	3027	0	0.631135582201608	0		
3028	3028	0	0.376544338596844	0		
3029	3029	0	0.570474746831835	0		
3030	3030	0	0.723311141533102	0		
3031	3031	0	0.0959040078491	0		
3032	3032	4.8	0	0		
3033	3033	0	0	0		
3034	3034	0	0	0		
3035	3035	0	0	0		
3036	3036	0	0	0		
3037	3037	0	0	0		
3038	3038	0	0	0		
3039	3039	0	0	0		
3040	3040	0	0	0		
3041	3041	0	0	0		
3042	3042	0	0	0		
3043	3043	0	0	0		
3044	3044	0	0	0		
3045	3045	0	0	0		
3046	3046	0	0	0		
3047	3047	0	0	0		
3048	3048	0	0	0		
3049	3049	0	0	0		
3050	3050	0	0	0		
3051	3051	0	0	0		
3052	3052	0	0	0		
3053	3053	0	0	0		
3054	3054	0	0	0		
3055	3055	0	0	0		
3056	3056	0	0	0		
3057	3057	0	0	0		
3058	3058	0	0	0		
3059	3059	0	0	0		
3060	3060	0	0	0		
3061	3061	0	0	0		
3062	3062	0	0	0		
3063	3063	0	0	0		
3064	3064	0	0	0		
3065	3065	0	0	0		
3066	3066	0	0	0		
3067	3067	0	0	0		
3068	3068	0	0	0		
3069	3069	0	0	0		
3070	3070	0	0	0		
3071	3071	0	0	0		
3072	3072	0	0	0		
3073	3073	0	0	0		
3074	3074	0	0	0		
3075	3075	0	0	0		
3076	3076	0	0	0		
3077	3077	0	0	0		
3078	3078	0	0	0		
3079	3079	0	0	0		
3080	3080	0	0	0		
3081	3081	0	0	0		
3082	3082	0	0	0		
3083	3083	0	0	0		
3084	3084	0	0	0		
3085	3085	0	0	0		
3086	3086	0	0	0		
3087	3087	0	0	0		
3088	3088	0	0	0		
3089	3089	0	0	0		
3090	3090	0	0	0		
3091	3091	0	0	0		
3092	3092	0	0	0		
3093	3093	0	0	0		
3094	3094	0	0	0		
3095	3095	0	0	0		
3096	3096	0	0	0		
3097	3097	0	0	0		
3098	3098	0	0	0		
3099	3099	0	0	0		
3100	3100	0	0	0		
3101	3101	0	0	0		
3102	3102	0	0	0		
3103	3103	0	0	0		
3104	3104	0	0	0		
3105	3105	0	0	0		
3106	3106	0	0	0		
3107	3107	0	0	0		
3108	3108	0	0	0		
3109	3109	0	0	0		
3110	3110	0	0	0		
3111	3111	0	0	0		
3112	3112	0	0	0		
3113	3113	0	0	0		
3114	3114	0	0	0		
3115	3115	0	0	0		
3116	3116	0	0	0		
3117	3117	0	0	0		
3118	3118	0	0	0		
3119	3119	0	0	0		
3120	3120	0	0	0		
3121	3121	0	0	0		
3122	3122	0	0	0		
3123	3123	0	0	0		
3124	3124	0	0	0		
3125	3125	0	0	0		
3126	3126	0	0	0		
3127	3127	0	0	0		
3128	3128	0	0	0		
3129	3129	0	0	0		
3130	3130	0	0	0		
3131	3131	0	0	0		
3132	3132	0	0	0		
3133	3133	0	0	0		
3134	3134	0	0	0		
3135	3135	0	0	0		
3136	3136	0	0	0		
3137	3137	0	0	0		
3138	3138	0	0	0		
3139	3139	0	-233.435617462289	0		
3140	3140	0	0	0		
3141	3141	0	0	0		
3142	3142	0	0	0		
3143	3143	0	0	0		
3144	3144	0	0	0		
3145	3145	0	0	0		
3146	3146	0	0	0		
3147	3147	0	0	0		
3148	3148	0	0	0		
3149	3149	0	0	0		
3150	3150	0	0	0		
3151	3151	0	0	0		
3152	3152	0	0	0		
3153	3153	0	0	0		
3154	3154	0	0	0		
3155	3155	0	0	0		
3156	3156	0	0	0		
3157	3157	0	0	0		
3158	3158	0	0	0		
3159	3159	0	0	0		
3160	3160	0	0	0		
3161	3161	0	0	0		
3162	3162	0	0	0		
3163	3163	0	0	0		
3164	3164	0	0	0		
3165	3165	0	0	0		
3166	3166	0	0	0		
3167	3167	0	0	0		
3168	3168	0	0	0		
3169	3169	0	0	0		
3170	3170	0	0	0		
3171	3171	0	0	0		
3172	3172	0	0	0		
3173	3173	0	0	0		
3174	3174	0	0	0		
3175	3175	0	0	0		
3176	3176	0	0	0		
3177	3177	0	0	0		
3178	3178	0	0	0		
3179	3179	0	0	0		
3180	3180	0	0	0		
3181	3181	0	0	0		
3182	3182	0	0	0		
3183	3183	0	0	0		
3184	3184	0	0	0		
3185	3185	0	0	0		
3186	3186	0	0	0		
3187	3187	0	0	0		
3188	3188	0	0	0		
3189	3189	0	0	0		
3190	3190	0	0	0		
3191	3191	0	0	0		
3192	3192	0	0	0		
3193	3193	0	0	0		
3194	3194	0	0	0		
3195	3195	0	0	0		
3196	3196	0	0	0		
3197	3197	0	0	0		
3198	3198	0	0	0		
3199	3199	0	0	0		
3200	3200	0	0	0		
3201	3201	0	0	0		
3202	3202	0	0	0		
3203	3203	0	0	0		
3204	3204	0	0	0		
3205	3205	0	0	0		
3206	3206	0	0	0		
3207	3207	0	0	0		
3208	3208	0	0	0		
3209	3209	0	0	0		
3210	3210	0	0	0		
3211	3211	0	0	0		
3212	3212	0	0	0		
3213	3213	0	0	0		
3214	3214	0	0	0		
3215	3215	0	0	0		
3216	3216	0	0	0		
3217	3217	0	0	0		
3218	3218	0	0	0		
3219	3219	0	0	0		
3220	3220	0	0	0		
3221	3221	0	0	0		
3222	3222	0	0	0		
3223	3223	0	0	0		
3224	3224	0	0	0		
3225	3225	0	0	0		
3226	3226	0	0	0		
3227	3227	0	0	0		
3228	3228	0	0	0		
3229	3229	0	0	0		
3230	3230	0	0	0		
3231	3231	0	0	0		
3232	3232	0	0	0		
3233	3233	0	0	0		
3234	3234	0	0	0		
3235	3235	0	0	0		
3236	3236	0	0	0		
3237	3237	0	0	0		
3238	3238	0	0	0		
3239	3239	0	0	0		
3240	3240	0	0	0		
3241	3241	0	0	0		
3242	3242	0	0	0		
3243	3243	0	0	0		
3244	3244	0	0	0		
3245	3245	0	0	0		
3246	3246	0	0	0		
3247	3247	0	0	0		
3248	3248	0	0	0		
3249	3249	0	0	0		
3250	3250	0	0	0		
3251	3251	0	0	0		
3252	3252	0	0	0		
3253	3253	0	0	0		
3254	3254	0	0	0		
3255	3255	0	0	0		
3256	3256	0	0	0		
3257	3257	0	0	0		
3258	3258	0	0	0		
3259	3259	0	0	0		
3260	3260	0	0	0		
3261	3261	0	0	0		
3262	3262	0	0	0		
3263	3263	0	0	0		
3264	3264	0	0	0		
3265	3265	0	0	0		
3266	3266	0	0	0		
3267	3267	0	0	0		
3268	3268	0	0	0		
3269	3269	0	0	0		
3270	3270	0	10.1435016143342	0		
3271	3271	0	0.896199468575634	0		
3272	3272	0	0	0		
3273	3273	0	0	0		
3274	3274	0	2.03161771054022	0		
3275	3275	0	4.8150412331177	0		
3276	3276	0	3.6285330710054	0		
3277	3277	0	4.66358088392549	0		
3278	3278	0	3.64522674460176	3.13960563380282		
3279	3279	0	4.13054238135234	5.26918309859155		
3280	3280	0	4.17792834920578	9.13284507042254		
3281	3281	0	4.50913773994101	22.8290704225352		
3282	3282	0	5.20610452661025	59.257014084507		
3283	3283	0	0.849672945296408	107.19076056338		
3284	3284	2.4	0	160.533633802817		
3285	3285	4.8	0	136.603267605634		
3286	3286	64.8	0	79.7009577464789		
3287	3287	16.8	3.31177675879824	45.4512676056338		
3288	3288	0	2.33811210951827	64.7330704225352		
3289	3289	21.6	4.4176503021972	190.913577464789		
3290	3290	0	3.42774206090819	169.321183098592		
3291	3291	0	1.95894249198836	113.142929577465		
3292	3292	0	3.00929469022979	91.7741408450704	8.46653384733829	83.3076069977321
3293	3293	9.6	4.33731883876217	73.8065915492958	6.43056198562106	67.3760295636748
3294	3294	0	4.89078188695306	72.4543098591549	6.86284282061024	65.5914670385447
3295	3295	0	5.04761901098093	71.6511549295775	8.0073963997528	63.6437585298247
3296	3296	0	3.46757305987698	62.2825352112676	8.62429698546607	53.6582382258015
3297	3297	0	3.32343632106253	52.752676056338	9.05475957188656	43.6979164844514
3298	3298	0	3.54429131704114	43.7491267605634	7.14826733531931	36.6008594252441
3299	3299	0	5.41054877455617	35.9259718309859	6.63579637157864	29.2901754594073
3300	3300	0	4.30250743448525	36.3686197183099	3.55212393565898	32.8164957826509
3301	3301	112.8	0.790223553974378	30.5274929577465	6.92312826471728	23.6043646930292
3302	3302	43.2	0.338598948405931	46.4095774647887		
3303	3303	9.6	2.7552678297042	42.8455774647887		
3304	3304	0	3.35859627679925	35.4848450704225	14.9871150181131	20.4977300523094
3305	3305	0	3.49520626590871	25.3541408450704	11.4957577207129	13.8583831243575
3306	3306	0	3.30441088325504	19.0308169014084	8.01605225756057	11.0147646438478
3307	3307	0	1.30823501915383	15.0530704225352	3.65282181271894	11.4002486098163
3308	3308	12	3.49635266042277	12.695323943662	7.76125334936302	4.93407059429898
3309	3309	0	3.70030277975436	11.183323943662	6.58746921503724	4.59585472862476
3310	3310	0	3.20222178610009	10.0622535211268	6.57806640187518	3.48418711925162
3311	3311	0	2.80586007209588	9.40969014084507	6.01633042908401	3.39335971176106
3312	3312	0	2.97672348327819	8.39814084507042	4.3669979849151	4.03114286015533
3313	3313	0	3.12519094789182	7.60107042253521	3.99347340402285	3.60759701851237
3314	3314	0	3.1333162433002	7.47025352112676	5.78924566085375	1.68100786027301
3315	3315	31.2	1.9867026164871	7.14929577464789	5.66304160397599	1.4862541706719
3316	3316	72	1.93377923321106	7.5310985915493	10.6112300295609	-3.08013143801163
3317	3317	0	2.15251077756308	11.5970704225352	15.9646475397105	-4.36757711717528
3318	3318	0	1.88330117898288	10.7345915492958	11.3172369355894	-0.582645386293551
3319	3319	38.4	2.30843713737838	9.91470422535211	10.3687904582614	-0.454086232909253
3320	3320	86.4	2.03462907064205	11.8784788732394	15.0280797395712	-3.14960086633183
3321	3321	4.8	2.0183590609239	69.6676056338028	21.6420635497878	48.025542084015
3322	3322	4.8	2.51477763768489	56.2725633802817	16.5468473457129	39.7257160345688
3323	3323	228	2.79160485053777	42.2812394366197	21.281263871753	20.9999755648668
3324	3324	0	2.59471139726568	38.8495774647887	44.3363954141241	-5.4868179493354
3325	3325	0	2.22689292329724	27.8031549295775	33.8350763340224	-6.03192140444489
3326	3326	268.8	2.03447885619094	26.376338028169	32.0306884664354	-5.65435043826638
3327	3327	43.2	2.03774717329116	72.325014084507	58.1048254381092	14.2201886463978
3328	3328	316.8	1.93460274389311	148.589746478873	60.7424853054829	87.8472611733902
3329	3329	4.8	1.94283709766769	106.471267605634	79.9438636756662	26.5274039299678
3330	3330	124.8	1.75156746620495	70.6152676056338	64.6776354873558	5.937632118278
3331	3331	2.4	2.44514292193559	85.5025352112676	59.6495573951607	25.8529778161069
3332	3332	0	2.34915328737367	60.5089014084507	41.3546877689025	19.1542136395482
3333	3333	4.8	2.0717568625719	40.8848450704225	30.315722675204	10.5691223952185
3334	3334	280.8	1.46177624611345	33.0708169014084	31.6909855848971	1.37983131651128
3335	3335	33.6	1.72943556071655	82.3644507042253	59.2622327093298	23.1022179948955
3336	3336	91.2	1.36555934332713	85.260676056338	52.370805753076	32.889870303262
3337	3337	108	0.97312948035438	62.6597746478873	51.5781200116363	11.081654636251
3338	3338	261.6	1.20443562717022	100.759436619718	61.89415061598	38.8652860037381
3339	3339	151.2	1.48229060430531	110.038309859155	79.730800773574	30.307509085581
3340	3340	28.8	1.19787915809193	85.6774647887324	75.5747257013569	10.1027390873755
3341	3341	146.4	0.854268279465757	86.9597746478873	63.210921621302	23.7488530265853
3342	3342	0	2.0454933193076	109.992676056338	62.3494959011844	47.6431801551536
3343	3343	0	2.10646897341101	66.6861971830986	45.1563725749328	21.5298246081658
3344	3344	136.8	1.63500920636756	69.3998873239437	35.319021260356	34.0808660635877
3345	3345	43.2	1.89480262017234	125.068563380282	44.9773210949028	80.0912422853792
3346	3346	2.4	2.03783740198814	80.6699154929578	38.1539246244466	42.5159908685112
3347	3347	0	2.19912639579906	53.1785915492958	28.2008075814509	24.9777839678449
3348	3348	0	2.0787007584576	38.4601690140845	22.5722896426799	15.8878793714046
3349	3349	0	2.18819983549227	29.1873802816901	18.3444733015358	10.8429069801543
3350	3350	0	1.70985153683374	23.6261408450704	10.5090130334304	13.11712781164
3351	3351	76.8	1.30634492589068	20.6462535211268	11.8856656251835	8.76058789594331
3352	3352	252	1.6588579320585	22.6921690140845	28.8688340409746	-6.17666502689009
3353	3353	0	1.28703286273509	22.7165070422535	52.6210819222524	-29.9045748799989
3354	3354	412.8	1.10835811284953	32.110985915493	54.4423021264033	-22.3313162109103
3355	3355	141.6	0.907346086061153	118.278253521127	91.753342414112	26.524911107015
3356	3356	24	1.18541039341443	131.872563380282	86.195154507135	45.677408873147
3357	3357	0	0.48252738401321	77.9045070422535	59.1619888812669	18.7425181609866
3358	3358	362.4	0.434977940915147	67.980676056338		
3359	3359	14.4	0.852274931144279	102.03261971831		
3360	3360	0	1.14423460372844	79.1244507042254	60.9155038589896	18.2089468452358
3361	3361	0	0.967729166524109	56.3699154929577	40.5352381402525	15.8346773527053
3362	3362	14.4	0.895526557510124	43.9164507042254	31.8723175878516	12.0441331163738
3363	3363	0	0.933685102292912	36.0841690140845	24.6143536277469	11.4698153863377
3364	3364	0	1.62638987653452	30.1456901408451	17.4410488210681	12.704641319777
3365	3365	0	1.65892102605662	26.003661971831	13.4709131411026	12.5327488307284
3366	3366	158.4	1.55157562102748	23.1454647887324	16.7519688888778	6.39349589985456
3367	3367	28.8	1.49886563730777	25.5351549295775	34.8755770905242	-9.34042216094674
3368	3368	0	1.35061897660596	25.1579154929577	31.3656670109198	-6.20775151796214
3369	3369	0	1.47680538364284	22.2997183098592	23.2857171094655	-0.985998799606278
3370	3370	0	1.280140018208	19.9039436619718	13.7079219775528	6.19602168441898
3371	3371	0	1.28115244990011	18.0481690140845	10.0133823078006	8.03478670628391
3372	3372	105.6	1.02927985199213	16.4327323943662	10.6840380865251	5.74869430784108
3373	3373	2.4	1.13228665091806	16.8403943661972	22.7465559511512	-5.90616158495395
3374	3374	0	1.34318786725667	15.9657464788732	16.1887681067483	-0.223021627875053
3375	3375	0	1.21011791713437	15.0393802816901	11.0277572832935	4.01162299839657
3376	3376	0	0.755908719644893	14.2377464788732	8.60055830434676	5.63718817452644
3377	3377	33.6	0.619454371857003	13.4574084507042	7.08197484782002	6.37543360288418
3378	3378	86.4	0.0787869904852698	13.5425915492958	10.2981239389731	3.24446761032274
3379	3379	256.8	0.482921491047534	16.116338028169		
3380	3380	0	0.604724117857444	20.8957183098592	52.6620247884767	-31.7663064786175
3381	3381	60	0.873674683715436	30.2856338028169	41.6631274661093	-11.3774936632924
3382	3382	33.6	0.279374408303198	47.1929577464789	35.0737799156793	12.1191778307996
3383	3383	12	0.140535132294829	51.334985915493		
3384	3384	120	0.0736271905269206	47.4774084507042		
3385	3385	264	0.683373091623466	57.6461408450704		
3386	3386	4.8	0.959659202148941	66.0381971830986		
3387	3387	0	0.796278203378534	70.5665915492958		
3388	3388	0	0.286562202594695	55.1165070422535		
3389	3389	57.6	0	44.0016338028169		
3390	3390	112.8	0	39.8778591549296		
3391	3391	0	0	34.4839436619718		
3392	3392	2.4	0	29.4307605633803		
3393	3393	0	0.0205927109809494	25.6629295774648		
3394	3394	0	0	7.94028169014085		
3395	3395	2.4	0	0		
3396	3396	12	0	0		
3397	3397	0	0.0186756114795088	0		
3398	3398	0	0.622662203764392	0		
3399	3399	2.4	0.33411234821078	0		
3400	3400	0	0.369380902559342	0		
3401	3401	0	0.485784747095494	0		
3402	3402	0	0.5227778418555	0		
3403	3403	72	0.093423096891982	0		
3404	3404	112.8	0.946938717837568	0		
3405	3405	12	0.603847124667055	0		
3406	3406	2.4	0	0		
3407	3407	0	0	0		
3408	3408	0	0	0		
3409	3409	0	0	0		
3410	3410	0	0	0		
3411	3411	0	0	0		
3412	3412	0	0	0		
3413	3413	0	0	0		
3414	3414	0	0.142256543629372	0		
3415	3415	0	0.185941372769818	0		
3416	3416	0	0.44569387528604	0		
3417	3417	0	0.216447613188848	0		
3418	3418	0	0	0		
3419	3419	0	0	0		
3420	3420	0	0	0		
3421	3421	0	0	0		
3422	3422	0	0	0		
3423	3423	0	0	0		
3424	3424	0	0	0		
3425	3425	0	0	0		
3426	3426	0	0	0		
3427	3427	0	0	0		
3428	3428	0	0	0		
3429	3429	0	0	0		
3430	3430	0	0	0		
3431	3431	0	0	0		
3432	3432	0	0	0		
3433	3433	0	0	0		
3434	3434	0	0	0		
3435	3435	0	0	0		
3436	3436	0	0	0		
3437	3437	0	0	0		
3438	3438	0	0	0		
3439	3439	0	0	0		
3440	3440	0	0	0		
3441	3441	0	0	0		
3442	3442	0	0	0		
3443	3443	0	0	0		
3444	3444	0	0	0		
3445	3445	0	0	0		
3446	3446	0	0	0		
3447	3447	0	0	0		
3448	3448	0	0	0		
3449	3449	0	0	0		
3450	3450	0	0	0		
3451	3451	0	0	0		
3452	3452	0	0	0		
3453	3453	0	0	0		
3454	3454	0	0	0		
3455	3455	0	0	0		
3456	3456	0	0	0		
3457	3457	0	0	0		
3458	3458	0	0	0		
3459	3459	0	0	0		
3460	3460	0	0	0		
3461	3461	0	0	0		
3462	3462	0	0	0		
3463	3463	0	0	0		
3464	3464	0	0	0		
3465	3465	0	0	0		
3466	3466	0	0	0		
3467	3467	0	0	0		
3468	3468	0	0	0		
3469	3469	0	0	0		
3470	3470	0	0	0		
3471	3471	0	0	0		
3472	3472	0	0	0		
3473	3473	0	0	0		
3474	3474	0	0	0		
3475	3475	0	0	0		
3476	3476	0	0	0		
3477	3477	0	0	0		
3478	3478	0	0	0		
3479	3479	0	0	0		
3480	3480	0	0	0		
3481	3481	0	0	0		
3482	3482	0	0	0		
3483	3483	0	0	0		
3484	3484	0	0	0		
3485	3485	0	0	0		
3486	3486	0	0	0		
3487	3487	0	0	0		
3488	3488	0	0	0		
3489	3489	0	0	0		
3490	3490	0	0	0		
3491	3491	0	0	0		
3492	3492	0	0	0		
3493	3493	0	0	0		
3494	3494	0	0	0		
3495	3495	0	0	0		
3496	3496	0	0	0		
3497	3497	0	0	0		
3498	3498	0	0	0		
3499	3499	0	0	0		
3500	3500	0	0	0		
3501	3501	0	0	0		
3502	3502	0	0	0		
3503	3503	0	0	0		
3504	3504	0	0	0		
3505	3505	0	-249.699506907803	0		
3506	3506	0	0	0		
3507	3507	0	0	0		
3508	3508	0	0	0		
3509	3509	0	0	0		
3510	3510	0	0	0		
3511	3511	0	0	0		
3512	3512	0	0	0		
3513	3513	0	0	0		
3514	3514	0	0	0		
3515	3515	0	0	0		
3516	3516	0	0	0		
3517	3517	0	0	0		
3518	3518	0	0	0		
3519	3519	0	0	0		
3520	3520	0	0	0		
3521	3521	0	0	0		
3522	3522	0	0	0		
3523	3523	0	0	0		
3524	3524	0	0	0		
3525	3525	0	0	0		
3526	3526	0	0	0		
3527	3527	0	0	0		
3528	3528	0	0	0		
3529	3529	0	0	0		
3530	3530	0	0	0		
3531	3531	0	0	0		
3532	3532	0	0	0		
3533	3533	0	0	0		
3534	3534	0	0	0		
3535	3535	0	0	0		
3536	3536	0	0	0		
3537	3537	0	0	0		
3538	3538	0	0	0		
3539	3539	0	0	0		
3540	3540	0	0	0		
3541	3541	0	0	0		
3542	3542	0	0	0		
3543	3543	0	0	0		
3544	3544	0	0	0		
3545	3545	0	0	0		
3546	3546	0	0	0		
3547	3547	0	0	0		
3548	3548	0	0	0		
3549	3549	0	0	0		
3550	3550	0	0	0		
3551	3551	0	0	0		
3552	3552	0	0	0		
3553	3553	0	0	0		
3554	3554	0	0	0		
3555	3555	0	0	0		
3556	3556	0	0	0		
3557	3557	0	0	0		
3558	3558	0	0	0		
3559	3559	0	0	0		
3560	3560	0	0	0		
3561	3561	0	0	0		
3562	3562	0	0	0		
3563	3563	0	0	0		
3564	3564	0	0	0		
3565	3565	0	0	0		
3566	3566	0	0	0		
3567	3567	0	0	0		
3568	3568	0	0	0		
3569	3569	0	0	0		
3570	3570	0	0	0		
3571	3571	0	0	0		
3572	3572	0	0	0		
3573	3573	0	0	0		
3574	3574	0	0	0		
3575	3575	0	0	0		
3576	3576	0	0	0		
3577	3577	0	0	0		
3578	3578	0	0	0		
3579	3579	0	0	0		
3580	3580	0	0	0		
3581	3581	0	0	0		
3582	3582	0	0	0		
3583	3583	0	0	0		
3584	3584	0	0	0		
3585	3585	0	0	0		
3586	3586	0	0	0		
3587	3587	0	0	0		
3588	3588	0	0	0		
3589	3589	0	0	0		
3590	3590	0	0	0		
3591	3591	0	0	0		
3592	3592	0	0	0		
3593	3593	0	0	0		
3594	3594	0	0	0		
3595	3595	0	0	0		
3596	3596	0	0	0		
3597	3597	0	0	0		
3598	3598	0	0	0		
3599	3599	0	0	0		
3600	3600	0	0	0		
3601	3601	0	0	0		
3602	3602	0	0	0		
3603	3603	0	0	0		
3604	3604	0	0	0		
3605	3605	0	0	0		
3606	3606	0	0	0		
3607	3607	0	0	0		
3608	3608	0	0	0		
3609	3609	0	0	0		
3610	3610	0	0	0		
3611	3611	0	0	0		
3612	3612	0	0	0		
3613	3613	0	0	0		
3614	3614	0	0	0		
3615	3615	0	0	0		
3616	3616	0	0	0		
3617	3617	0	0	0		
3618	3618	0	0	0		
3619	3619	0	0	0		
3620	3620	0	0	0		
3621	3621	0	0	0		
3622	3622	0	0	0		
3623	3623	0	0	0		
3624	3624	0	0	0		
3625	3625	0	0	0		
3626	3626	0	0	0		
3627	3627	0	0	0		
3628	3628	0	0	0		
3629	3629	0	0	0		
3630	3630	0	0	0		
3631	3631	0	0	0		
3632	3632	0	0	0		
3633	3633	0	0	0		
3634	3634	0	0	0		
3635	3635	0	0	0		
3636	3636	0	0	0		
3637	3637	0	0	0		
3638	3638	0	0	0		
3639	3639	0	0	0		
3640	3640	0	0	0		
3641	3641	0	0	0		
3642	3642	0	0	0		
3643	3643	0	0	0		
3644	3644	0	0	0		
3645	3645	0	0	0		
3646	3646	0	0	0		
3647	3647	0	0	0		
3648	3648	0	0	0		
3649	3649	0	13.380828169437	0		
3650	3650	0	3.62947661178307	0		
3651	3651	0	3.02765918720741	0		
3652	3652	0	4.09862003801381	0		
3653	3653	9.6	0	24.0703098591549		
3654	3654	33.6	0	142.07323943662		
3655	3655	0	0	211.162816901408		
3656	3656	0	5.25439037345971	152.569014084507		
3657	3657	0	5.38884196521498	169.72123943662	1.41102410368265	168.310215332937
3658	3658	0	0	324.760563380282	4.23367924218087	320.526884138101
3659	3659	0	0	366.129126760563		
3660	3660	136.8	0	168.139267605634		
3661	3661	36	2.14502920296988	76.4092394366197		
3662	3662	12	5.29065071809578	53.902647887324		
3663	3663	7.2	4.95149927890259	140.844169014085	16.80773170403	124.036437310055
3664	3664	4.8	1.13452811100757	127.579943661972	15.4108981076384	112.169045554334
3665	3665	256.8	2.52375610211509	252.196732394366		
3666	3666	38.4	4.51922793000003	212.799549295775	51.1649135889439	161.634635706831
3667	3667	2.4	5.95025656617288	172.009014084507	45.3391143494133	126.669899735094
3668	3668	0	6.54946564949628	130.676957746479	33.3668672905398	97.3100904559392
3669	3669	0	6.11159834008312	117.820394366197	23.7338962990242	94.0864980671728
3670	3670	12	4.42871363931006	109.934873239437	19.6805519251903	90.2543213142467
3671	3671	115.2	3.49225485274131	109.661070422535	23.5714602191917	86.0896102033433
3672	3672	60	4.96666696448902	121.793577464789	36.1155460970788	85.6780313677102
3673	3673	0	5.68315662441009	132.173746478873	33.3994632341376	98.7742832447355
3674	3674	0	6.05616769485566	77.3219154929577	25.2285104718661	52.0934050210916
3675	3675	0	4.93462672891348	69.7041126760564	19.0940922557847	50.6100204202717
3676	3676	0	3.71704872389135	57.839323943662	14.8627064284736	42.9766175151884
3677	3677	76.8	2.80371740116107	50.5622535211267	13.7631005555297	36.799152965597
3678	3678	144	2.59160051755971	78.3927887323944	24.6583592475082	53.7344294848862
3679	3679	26.4	1.51197052819725	91.0303098591549	35.2744354796999	55.755874379455
3680	3680	2.4	3.61131531763301	72.7281126760563	31.330039007213	41.3980736688433
3681	3681	0	4.35419414093931	53.4280563380282	19.2430802208587	34.1849761171695
3682	3682	0	3.45483294681917	39.9265352112676	14.2528743322835	25.6736608789841
3683	3683	48	2.67582725547807	33.9150422535211	13.6111764589425	20.3038657945786
3684	3684	43.2	2.46516393218852	32.6312112676056	16.9427732904299	15.6884379771757
3685	3685	88.8	3.88720597424701	31.7611267605634	22.3916003208949	9.36952643966854
3686	3686	0	3.18460304228984	29.9905352112676	26.7868645591426	3.20367065212505
3687	3687	4.8	2.18849242443406	24.550985915493	21.2728410338622	3.27814488163075
3688	3688	223.2	2.68828561817044	62.2384225352113	24.6162860404277	37.6221364947837
3689	3689	2.4	2.27486485331258	97.1452394366197	44.1313341763136	53.0139052603062
3690	3690	31.2	1.53038510258118	57.4194929577465	34.392660225672	23.0268327320745
3691	3691	0	2.26510372861909	51.6757183098591	27.8094821596636	23.8662361501955
3692	3692	0	2.18464916771833	45.7615774647887	19.6647582882548	26.0968191765339
3693	3693	7.2	0.823727964788965	31.6941971830986	13.1038693239736	18.590327859125
3694	3694	96	1.21611912815096	27.6297464788732	13.3189741824327	14.3107722964405
3695	3695	0	1.47344461822386	29.6285070422535	21.066503193342	8.56200384891152
3696	3696	0	1.99202788927602	25.5305915492958	16.5973731850712	8.93321836422457
3697	3697	0	2.44848474090579	21.6943098591549	11.9401497979253	9.75416006122962
3698	3698	0	2.98828644875398	18.0679436619718	10.444053738099	7.62388992387277
3699	3699	0	3.03826329406625	15.5976338028169	8.14102555378949	7.45660824902741
3700	3700	2.4	2.57765333579138	13.8392112676056	6.60271716402665	7.23649410357895
3701	3701	67.2	2.20779024766579	13.0117183098592	8.72118922124639	4.29052908861281
3702	3702	398.4	1.61794777678922	14.7214647887324	30.3412266289567	-15.6197618402243
3703	3703	9.6	1.93321890118768	76.2753802816901	73.9792585768203	2.29612170486983
3704	3704	9.6	1.65475458638787	72.9319436619718	54.82769864299	18.1042450189818
3705	3705	345.6	1.45861342323201	94.9122253521127	49.5137320880345	45.3984932640782
3706	3706	36	2.24378538602794	227.42061971831	79.7829455271911	147.637674191119
3707	3707	0	2.20111013961667	139.432563380282	62.2525706031389	77.1799927771431
3708	3708	2.4	1.42811803048802	80.062985915493	39.4325663103771	40.6304196051159
3709	3709	139.2	0.866622450876392	53.4889014084507	34.5773928207243	18.9115085877264
3710	3710	24	1.29726638012291	54.7149295774648	42.9563888153819	11.758540762083
3711	3711	0	1.63645496831004	47.1670985915493	32.6873430510376	14.4797555405117
3712	3712	319.2	1.8331651639101	40.2459718309859	36.4896621426216	3.75630968836428
3713	3713	69.6	2.25302329336166	162.413746478873	68.9492568804964	93.4644895983766
3714	3714	21.6	1.60026025099688	115.304450704225	59.7459806539799	55.5584700502451
3715	3715	52.8	1.8703087206171	90.4249014084507	47.8024119918052	42.6224894166455
3716	3716	36	1.49021996687779	76.1658591549296	41.9903973537005	34.1754618012291
3717	3717	38.4	2.23449713871059	70.3794929577465	37.1401004952791	33.2393924624674
3718	3718	0	2.24054257127236	65.207661971831	27.5024035419861	37.705258429845
3719	3719	0	2.16692133432585	49.9720563380282	21.9463982621611	28.0256580758671
3720	3720	0	1.82670367012159	37.1641690140845	18.0135272271847	19.1506417868998
3721	3721	7.2	1.47667680777639	29.0991549295775	12.1749132449238	16.9242416846537
3722	3722	57.6	2.00845808417081	24.913014084507	14.2360576220913	10.6769564624157
3723	3723	0	2.36498584531449	21.7581971830986	17.3706759467322	4.3875212363664
3724	3724	31.2	1.94384859377168	19.464338028169	13.6554653302296	5.80887269793943
3725	3725	0	1.86333582809488	18.1531267605634	13.9238920319939	4.2292347285695
3726	3726	19.2	1.53941505525559	16.5894084507042	11.9021236616562	4.687284789048
3727	3727	38.4	1.6669449203247	15.5854647887324	13.9767352257065	1.60872956302588
3728	3728	2.4	1.36862898351893	15.1139154929577	13.2745777006729	1.83933779228484
3729	3729	122.4	1.36195778422977	15.5580845070423	14.5322428095848	1.02584169745749
3730	3730	0	0.61087378856773	21.5695774647887	24.503895704952	-2.93431824016327
3731	3731	223.2	0.863225063787638	28.1895211267606	27.1381072897974	1.05141383696318
3732	3732	26.4	0.831960515737521	37.1824225352113	46.3526303772233	-9.17020784201198
3733	3733	19.2	0.647862503090892	37.3771267605634	37.9650763743296	-0.587949613766185
3734	3734	105.6	0.431862789949378	37.4288450704225	31.1900600559154	6.23878501450712
3735	3735	24	0	55.536338028169		
3736	3736	60	0	61.7060281690141		
3737	3737	120	0.108420428575457	59.1566197183099		
3738	3738	38.4	0.186388544192397	58.4325633802817		
3739	3739	0	0	55.3112112676056		
3740	3740	14.4	0.00548584335517432	52.846985915493		
3741	3741	2.4	0	44.1065915492958		
3742	3742	0	0.421774104397514	39.2176901408451		
3743	3743	0	0.943707882559835	34.7729577464789		
3744	3744	0	0.720227449952361	29.3972957746479	7.46428225377521	21.9330135208727
3745	3745	4.8	0.378602698416117	25.6644507042254	6.44031220575664	19.2241384984688
3746	3746	4.8	0	23.4679436619718		
3747	3747	2.4	0	2.91143661971831		
3748	3748	93.6	0	0		
3749	3749	4.8	0.724607417763906	0		
3750	3750	156	0.744950748298493	0		
3751	3751	50.4	0	0		
3752	3752	132	0.619723230165761	0		
3753	3753	31.2	0.524661374872309	0		
3754	3754	0	0	0		
3755	3755	4.8	0	0		
3756	3756	2.4	0.744955699385372	0		
3757	3757	0	0.899422592975867	0		
3758	3758	0	0.952468251082763	0		
3759	3759	2.4	0.71860621943037	0		
3760	3760	0	0.220974251018433	0		
3761	3761	0	0	0		
3762	3762	136.8	0	0		
3763	3763	0	0	0		
3764	3764	0	0	0		
3765	3765	0	0	0		
3766	3766	0	0	0		
3767	3767	0	0	0		
3768	3768	0	0	0		
3769	3769	0	0	0		
3770	3770	0	0	0		
3771	3771	0	0	0		
3772	3772	0	0	0		
3773	3773	0	0	0		
3774	3774	0	0	0		
3775	3775	0	0	0		
3776	3776	0	0	0		
3777	3777	0	0	0		
3778	3778	0	0	0		
3779	3779	0	0	0		
3780	3780	0	0	0		
3781	3781	0	0	0		
3782	3782	0	0	0		
3783	3783	0	0	0		
3784	3784	0	0	0		
3785	3785	0	0	0		
3786	3786	0	0	0		
3787	3787	0	0	0		
3788	3788	0	0	0		
3789	3789	0	0	0		
3790	3790	0	0.0951397982670414	0		
3791	3791	0	0	0		
3792	3792	0	0	0		
3793	3793	0	0.292682308042231	0		
3794	3794	0	0.438399999361678	0		
3795	3795	0	0.20981084274257	0		
3796	3796	0	0.144190592016457	0		
3797	3797	0	0	0		
3798	3798	0	0	0		
3799	3799	0	0	0		
3800	3800	0	0	0		
3801	3801	0	0	0		
3802	3802	0	0	0		
3803	3803	0	0	0		
3804	3804	0	0	0		
3805	3805	0	0	0		
3806	3806	0	0	0		
3807	3807	0	0	0		
3808	3808	0	0	0		
3809	3809	0	0	0		
3810	3810	0	0	0		
3811	3811	0	0	0		
3812	3812	0	0	0		
3813	3813	0	0	0		
3814	3814	0	0	0		
3815	3815	0	0	0		
3816	3816	0	0	0		
3817	3817	0	0	0		
3818	3818	0	0	0		
3819	3819	0	0	0		
3820	3820	0	0	0		
3821	3821	0	0	0		
3822	3822	0	0	0		
3823	3823	0	0	0		
3824	3824	0	0	0		
3825	3825	0	0	0		
3826	3826	0	0	0		
3827	3827	0	0	0		
3828	3828	0	0	0		
3829	3829	0	0	0		
3830	3830	0	0	0		
3831	3831	0	0	0		
3832	3832	0	0	0		
3833	3833	0	0	0		
3834	3834	0	0	0		
3835	3835	0	0	0		
3836	3836	0	0	0		
3837	3837	0	0	0		
3838	3838	0	0	0		
3839	3839	0	0	0		
3840	3840	0	0	0		
3841	3841	0	0	0		
3842	3842	0	0	0		
3843	3843	0	0	0		
3844	3844	0	0.122882766170477	0		
3845	3845	0	0	0		
3846	3846	0	0	0		
3847	3847	0	0	0		
3848	3848	0	0	0		
3849	3849	0	0	0		
3850	3850	0	0	0		
3851	3851	0	0	0		
3852	3852	0	0	0		
3853	3853	0	0	0		
3854	3854	0	0	0		
3855	3855	0	0	0		
3856	3856	0	0	0		
3857	3857	0	0	0		
3858	3858	0	0	0		
3859	3859	0	0	0		
3860	3860	0	0	0		
3861	3861	0	0	0		
3862	3862	0	0	0		
3863	3863	0	0	0		
3864	3864	0	0	0		
3865	3865	0	0	0		
3866	3866	0	0	0		
3867	3867	0	0	0		
3868	3868	0	0	0		
3869	3869	0	0	0		
3870	3870	0	-232.724126851407	0		
3871	3871	0	0	0		
3872	3872	0	0	0		
3873	3873	0	0	0		
3874	3874	0	0	0		
3875	3875	0	0	0		
3876	3876	0	0	0		
3877	3877	0	0	0		
3878	3878	0	0	0		
3879	3879	0	0	0		
3880	3880	0	0	0		
3881	3881	0	0	0		
3882	3882	0	0	0		
3883	3883	0	0	0		
3884	3884	0	0	0		
3885	3885	0	0	0		
3886	3886	0	0	0		
3887	3887	0	0	0		
3888	3888	0	0	0		
3889	3889	0	0	0		
3890	3890	0	0	0		
3891	3891	0	0	0		
3892	3892	0	0	0		
3893	3893	0	0	0		
3894	3894	0	0	0		
3895	3895	0	0	0		
3896	3896	0	0	0		
3897	3897	0	0	0		
3898	3898	0	0	0		
3899	3899	0	0	0		
3900	3900	0	0	0		
3901	3901	0	0	0		
3902	3902	0	0	0		
3903	3903	0	0	0		
3904	3904	0	0	0		
3905	3905	0	0	0		
3906	3906	0	0	0		
3907	3907	0	0	0		
3908	3908	0	0	0		
3909	3909	0	0	0		
3910	3910	0	0	0		
3911	3911	0	0	0		
3912	3912	0	0	0		
3913	3913	0	0	0		
3914	3914	0	0	0		
3915	3915	0	0	0		
3916	3916	0	0	0		
3917	3917	0	0	0		
3918	3918	0	0	0		
3919	3919	0	0	0		
3920	3920	0	0	0		
3921	3921	0	0	0		
3922	3922	0	0	0		
3923	3923	0	0	0		
3924	3924	0	0	0		
3925	3925	0	0	0		
3926	3926	0	0	0		
3927	3927	0	0	0		
3928	3928	0	0	0		
3929	3929	0	0	0		
3930	3930	0	0	0		
3931	3931	0	0	0		
3932	3932	0	0	0		
3933	3933	0	0	0		
3934	3934	0	0	0		
3935	3935	0	0	0		
3936	3936	0	0	0		
3937	3937	0	0	0		
3938	3938	0	0	0		
3939	3939	0	0	0		
3940	3940	0	0	0		
3941	3941	0	0	0		
3942	3942	0	0	0		
3943	3943	0	0	0		
3944	3944	0	0	0		
3945	3945	0	0	0		
3946	3946	0	0	0		
3947	3947	0	0	0		
3948	3948	0	0	0		
3949	3949	0	0	0		
3950	3950	0	0	0		
3951	3951	0	0	0		
3952	3952	0	0	0		
3953	3953	0	0	0		
3954	3954	0	0	0		
3955	3955	0	0	0		
3956	3956	0	0	0		
3957	3957	0	0	0		
3958	3958	0	0	0		
3959	3959	0	0	0		
3960	3960	0	0	0		
3961	3961	0	0	0		
3962	3962	0	0	0		
3963	3963	0	0	0		
3964	3964	0	0	0		
3965	3965	0	0	0		
3966	3966	0	0	0		
3967	3967	0	0	0		
3968	3968	0	0	0		
3969	3969	0	0	0		
3970	3970	0	0	0		
3971	3971	0	0	0		
3972	3972	0	0	0		
3973	3973	0	0	0		
3974	3974	0	0	0		
3975	3975	0	0	0		
3976	3976	0	0	0		
3977	3977	0	0	0		
3978	3978	0	0	0		
3979	3979	0	0	0		
3980	3980	0	0	0		
3981	3981	0	0	0		
3982	3982	0	0	0		
3983	3983	0	0	0		
3984	3984	0	0	0		
3985	3985	0	0	0		
3986	3986	0	0	0		
3987	3987	0	0	0		
3988	3988	0	0	0		
3989	3989	0	0	0		
3990	3990	0	0	0		
3991	3991	0	5.27871610810811	0		
3992	3992	0	9.85328124022632	0		
3993	3993	0	0	0		
3994	3994	0	0	0		
3995	3995	0	0	0		
3996	3996	0	0	0		
3997	3997	0	0	0		
3998	3998	0	0	0		
3999	3999	0	2.79774836235539	0		
4000	4000	0	3.58531079051417	0		
4001	4001	0	3.90102785004886	1.23971830985915		
4002	4002	0	0	3.18067605633803		
4003	4003	0	1.06273973517516	3.22935211267606		
4004	4004	0	2.56298306292136	4.11312676056338		
4005	4005	0	0.838265641726633	7.30292957746479		
4006	4006	0	0	16.8632112676056		
4007	4007	0	0	22.6298028169014		
4008	4008	0	0	2.92816901408451		
4009	4009	0	0	13.3509295774648		
4010	4010	0	0	17.2617464788732		
4011	4011	0	0	12.744		
4012	4012	0	0	9.20738028169014		
4013	4013	0	0	8.50005633802817		
4014	4014	0	0	7.13712676056338		
4015	4015	0	1.41771566913313	5.59166197183099		
4016	4016	0	1.99283521974015	8.72518309859155		
4017	4017	14.4	3.46926019500332	18.7965633802817		
4018	4018	7.2	3.98874531978228	139.100957746479		
4019	4019	0	3.20677256375209	334.302591549296		
4020	4020	0	0.793297594119906	479.521521126761		
4021	4021	201.6	0.912433599828709	327.197408450704		
4022	4022	36	0.686222352371173	450.445183098592		
4023	4023	4.8	3.33219594618583	232.411436619718		
4024	4024	0	3.64891206832685	217.480056338028	21.2642542995458	196.215802038482
4025	4025	127.2	1.48586105168781	231.301014084507	19.8157980116157	211.485216072891
4026	4026	31.2	0.631489548981335	280.492732394366		
4027	4027	201.6	1.92702100648162	209.530647887324		
4028	4028	60	3.47319257327705	185.099830985915		
4029	4029	0	3.58236661922795	130.622197183099	45.5922674499761	85.0299297331229
4030	4030	141.6	2.59104102859969	116.366197183099	37.2965267399711	79.0696704431279
4031	4031	64.8	2.55458680925894	158.76	47.0027944478817	111.757205552118
4032	4032	31.2	2.29863561369153	230.84923943662	44.4383355158567	186.410903920763
4033	4033	0	2.91841078826998	205.650253521127	35.4668659236396	170.183387597487
4034	4034	0	2.7744432668621	141.257915492958	25.5766401336562	115.681275359302
4035	4035	0	3.38732475917838	96.708676056338	20.3204372035647	76.3882388527733
4036	4036	0	4.90129590505456	66.3728450704225	15.6625468157069	50.7102982547156
4037	4037	0	3.34115030678061	47.5078309859155	10.2589164097084	37.2489145762071
4038	4038	86.4	1.30733735849935	54.8259718309859	13.9502139839199	40.875757847066
4039	4039	122.4	1.0957134767213	117.332112676056	26.4147118344589	90.9174008415971
4040	4040	16.8	3.53710456310577	93.3302535211268		
4041	4041	0	3.53567764934905	65.1224788732394	26.0065990918803	39.1158797813591
4042	4042	19.2	2.33155681410879	48.5285070422535	20.2882690664227	28.2402379758308
4043	4043	14.4	3.13259489247633	49.5461408450704	18.7147515852929	30.8313892597775
4044	4044	0	3.3779258801784	42.8288450704225	14.0966111374442	28.7322339329783
4045	4045	0	2.02611906132682	38.2198309859155	10.7986049379852	27.4212260479303
4046	4046	100.8	1.26328878826886	50.160676056338	12.785041311932	37.375634744406
4047	4047	98.4	0.886717595029836	64.6889577464789	24.4049952981758	40.2839624483031
4048	4048	28.8	2.7715507294896	62.0041690140845		
4049	4049	0	3.44645980398901	48.8327323943662	25.6403140712817	23.1924183230845
4050	4050	0	3.16966398623155	35.664338028169	19.1422039687682	16.5221340594008
4051	4051	232.8	2.95062154719944	33.3932957746479	24.0828780125431	9.31041776210483
4052	4052	163.2	2.24264043944438	51.4308169014084	51.8041418570875	-0.37332495567906
4053	4053	158.4	1.95259464878114	112.323042253521	64.9222176834692	47.4008245700518
4054	4054	340.8	2.80333433664605	149.943549295775	78.7798944899346	71.1636548058404
4055	4055	0	3.30923732938412	114.893746478873	98.234238658905	16.659507819968
4056	4056	0	3.62091500581298	65.423661971831	71.7114967767726	-6.28783480494155
4057	4057	0	2.79976072312577	40.3509295774648	47.0939163595833	-6.74298678211848
4058	4058	0	1.99409432394435	29.8779718309859	33.6740917168224	-3.79611988583648
4059	4059	2.4	2.80641792742259	23.603323943662	25.2046187841621	-1.60129484050014
4060	4060	0	2.90566477116948	19.788338028169	17.0999595254518	2.68837850271719
4061	4061	16.8	2.29050868613572	17.6268169014085	15.7302703872694	1.8965465141391
4062	4062	396	2.17786924156449	18.3691267605634	30.0273062025795	-11.6581794420161
4063	4063	67.2	1.70951482460964	93.8048450704225	72.4792332793988	21.3256117910237
4064	4064	187.2	1.2669342447353	81.7468732394366	70.5513503198326	11.195522919604
4065	4065	98.4	1.85768362037204	70.3003943661972	74.4980958336069	-4.1977014674097
4066	4066	28.8	2.31583691195355	64.500338028169	66.6743885639677	-2.1740505357987
4067	4067	12	1.91135574351819	44.2571830985916	49.5104204189181	-5.25323732032648
4068	4068	16.8	0.780723948453286	32.0151549295775	34.6916253395658	-2.67647040998826
4069	4069	88.8	0.963159083949165	27.2935774647887	31.1523079071973	-3.85873044240855
4070	4070	285.6	1.45369675474725	32.8730704225352	41.8253416147108	-8.95227119217562
4071	4071	12	1.39348785975369	66.0062535211268	66.7185527843827	-0.712299263255915
4072	4072	62.4	1.15584930401429	47.6447323943662	54.8044687825666	-7.15973638820042
4073	4073	148.8	1.07144890537825	54.108	49.4042808002963	4.70371919970376
4074	4074	175.2	0.0931354387441843	66.9965070422535	58.8327869344003	8.16372010785316
4075	4075	16.8	0	79.1350985915493		
4076	4076	148.8	0.330064512137987	71.8139154929577		
4077	4077	0	1.42415271468891	65.9089014084507		
4078	4078	0	0.866363858095944	65.3217464788732	38.8712371977409	26.4505092811323
4079	4079	0	0.783625015173939	53.5117183098592	27.7302698383862	25.781448471473
4080	4080	0	1.95086490971146	39.900676056338	20.9139472276498	18.9867288286882
4081	4081	0	2.02800223472885	30.215661971831	14.3803769828574	15.8352849889736
4082	4082	132	1.53066887824467	24.3851830985916	15.6036533421226	8.78152975646896
4083	4083	566.4	0.949740668756192	52.4469295774648	50.6105780323144	1.83635154515041
4084	4084	31.2	1.07743728325401	157.791042253521	110.438733996685	47.3523082568363
4085	4085	2.4	0.85613894706222	113.302647887324	85.1234752425799	28.1791726447442
4086	4086	2.4	1.02120171162609	69.0424225352113	55.5715982446448	13.4708242905665
4087	4087	2.4	1.17876490892307	44.4305915492958	39.8968810859389	4.53371046335694
4088	4088	0	1.42912979064395	33.6975211267605	27.4160613089492	6.28145981781128
4089	4089	0	1.36390107834831	27.4715492957747	16.3845810666767	11.086968229098
4090	4090	2.4	1.32150626320992	22.8108169014085	12.8970321768875	9.91378472452098
4091	4091	0	1.46578054359736	19.8461408450704	12.8117850506287	7.0343557944417
4092	4092	0	1.91896696070093	17.461014084507	10.7010576421486	6.75995644235843
4093	4093	0	1.04612771290698	15.6676056338028	9.11959845404688	6.54800717975592
4094	4094	0	1.89825494267684	14.3716056338028	6.97492763896192	7.39667799484088
4095	4095	0	1.77565921853756	13.3874366197183	2.70213672006425	10.6852998996541
4096	4096	2.4	1.73289396100952	12.5067042253521	4.45201261607692	8.05469160927518
4097	4097	0	1.7760529601009	11.9590985915493	6.64525865029454	5.31383994125476
4098	4098	0	1.74370922730218	11.3901971830986	6.71283094593046	4.67736623716814
4099	4099	19.2	1.14438562496329	10.9384225352113	2.72844047105567	8.20998206415563
4100	4100	33.6	1.14097083236996	11.0433802816901	6.15815121490709	4.88522906678301
4101	4101	0	1.28560561795393	14.074985915493	8.63415892003259	5.44082699546041
4102	4102	19.2	0.987880768984382	16.1589295774648	6.46784860154547	9.69108097591933
4103	4103	184.8	1.01276135890697	20.1914366197183	14.1964641950036	5.99497242471474
4104	4104	36	0.755373482449656	28.2260281690141	33.8309734370389	-5.60494526802476
4105	4105	24	0.724032012322468	32.0714366197183	30.5011326442641	1.5703039754542
4106	4106	2.4	0.654082241373615	33.2624788732394	23.06630989231	10.1961689809294
4107	4107	2.4	1.00650615149202	28.212338028169	16.8069897598758	11.4053482682932
4108	4108	220.8	0.970862959771367	27.4426478873239	19.451333088047	7.9913147992769
4109	4109	38.4	0.44768691018821	36.6910985915493	41.6758198050068	-4.98472121345754
4110	4110	21.6	0	35.9183661971831		
4111	4111	165.6	0	33.8176901408451		
4112	4112	31.2	0.196986346746343	31.2880563380282		
4113	4113	2.4	0	29.8597183098592		
4114	4114	24	0	28.0754366197183		
4115	4115	81.6	0	25.7192112676056		
4116	4116	0	0	3.68264788732394		
4117	4117	9.6	0	0		
4118	4118	43.2	0	0		
4119	4119	64.8	0	0		
4120	4120	2.4	0	0		
4121	4121	0	0.199569540466285	0		
4122	4122	0	0.425409397667039	0		
4123	4123	0	0.513084403736542	0		
4124	4124	0	0.719552009809505	0		
4125	4125	0	0.97904892761683	0		
4126	4126	31.2	0.807899398510799	0		
4127	4127	0	1.32866828255928	0		
4128	4128	0	0.905230469245382	0		
4129	4129	0	0.517234712221864	0		
4130	4130	0	0.0295788853815537	0		
4131	4131	0	0.126625485219932	0		
4132	4132	0	0	0		
4133	4133	0	0	0		
4134	4134	0	0	0		
4135	4135	0	0	0		
4136	4136	0	0	0		
4137	4137	0	0	0		
4138	4138	0	0	0		
4139	4139	0	0	0		
4140	4140	0	0	0		
4141	4141	0	0	0		
4142	4142	0	0	0		
4143	4143	0	0	0		
4144	4144	0	0	0		
4145	4145	0	0	0		
4146	4146	0	0	0		
4147	4147	0	0	0		
4148	4148	0	0	0		
4149	4149	0	0	0		
4150	4150	0	0	0		
4151	4151	0	0	0		
4152	4152	0	0	0		
4153	4153	0	0	0		
4154	4154	0	0	0		
4155	4155	0	0	0		
4156	4156	0	0	0		
4157	4157	0	0	0		
4158	4158	0	0	0		
4159	4159	0	0	0		
4160	4160	0	0	0		
4161	4161	0	0	0		
4162	4162	0	0	0		
4163	4163	0	0	0		
4164	4164	0	0	0		
4165	4165	0	0	0		
4166	4166	0	0	0		
4167	4167	0	0	0		
4168	4168	0	0	0		
4169	4169	0	0	0		
4170	4170	0	0	0		
4171	4171	0	0	0		
4172	4172	0	0	0		
4173	4173	0	0	0		
4174	4174	0	0	0		
4175	4175	0	0	0		
4176	4176	0	0	0		
4177	4177	0	0	0		
4178	4178	0	0	0		
4179	4179	0	0	0		
4180	4180	0	0	0		
4181	4181	0	0	0		
4182	4182	0	0	0		
4183	4183	0	0	0		
4184	4184	0	0.0479266272954533	0		
4185	4185	0	0	0		
4186	4186	0	0	0		
4187	4187	0	0	0		
4188	4188	0	0	0		
4189	4189	0	0	0		
4190	4190	0	0	0		
4191	4191	0	0	0		
4192	4192	0	0	0		
4193	4193	0	0	0		
4194	4194	0	0	0		
4195	4195	0	0	0		
4196	4196	0	0	0		
4197	4197	0	0	0		
4198	4198	0	0	0		
4199	4199	0	0	0		
4200	4200	0	0	0		
4201	4201	0	0	0		
4202	4202	0	0	0		
4203	4203	0	0	0		
4204	4204	0	0	0		
4205	4205	0	0	0		
4206	4206	0	0	0		
4207	4207	0	0	0		
4208	4208	0	0	0		
4209	4209	0	0	0		
4210	4210	0	0	0		
4211	4211	0	0	0		
4212	4212	0	0	0		
4213	4213	0	0	0		
4214	4214	0	0	0		
4215	4215	0	0	0		
4216	4216	0	0	0		
4217	4217	0	0	0		
4218	4218	0	0	0		
4219	4219	0	0	0		
4220	4220	0	0	0		
4221	4221	0	0	0		
4222	4222	0	0	0		
4223	4223	0	0	0		
4224	4224	0	0	0		
4225	4225	0	0	0		
4226	4226	0	0	0		
4227	4227	0	0	0		
4228	4228	0	0	0		
4229	4229	0	0	0		
4230	4230	0	0	0		
4231	4231	0	0	0		
4232	4232	0	0	0		
4233	4233	0	0	0		
4234	4234	0	0	0		
4235	4235	0	-217.299449564995	0		
4236	4236	0	0	0		
4237	4237	0	0	0		
4238	4238	0	0	0		
4239	4239	0	0	0		
4240	4240	0	0	0		
4241	4241	0	0	0		
4242	4242	0	0	0		
4243	4243	0	0	0		
4244	4244	0	0	0		
4245	4245	0	0	0		
4246	4246	0	0	0		
4247	4247	0	0	0		
4248	4248	0	0	0		
4249	4249	0	0	0		
4250	4250	0	0	0		
4251	4251	0	0	0		
4252	4252	0	0	0		
4253	4253	0	0	0		
4254	4254	0	0	0		
4255	4255	0	0	0		
4256	4256	0	0	0		
4257	4257	0	0	0		
4258	4258	0	0	0		
4259	4259	0	0	0		
4260	4260	0	0	0		
4261	4261	0	0	0		
4262	4262	0	0	0		
4263	4263	0	0	0		
4264	4264	0	0	0		
4265	4265	0	0	0		
4266	4266	0	0	0		
4267	4267	0	0	0		
4268	4268	0	0	0		
4269	4269	0	0	0		
4270	4270	0	0	0		
4271	4271	0	0	0		
4272	4272	0	0	0		
4273	4273	0	0	0		
4274	4274	0	0	0		
4275	4275	0	0	0		
4276	4276	0	0	0		
4277	4277	0	0	0		
4278	4278	0	0	0		
4279	4279	0	0	0		
4280	4280	0	0	0		
4281	4281	0	0	0		
4282	4282	0	0	0		
4283	4283	0	0	0		
4284	4284	0	0	0		
4285	4285	0	0	0		
4286	4286	0	0	0		
4287	4287	0	0	0		
4288	4288	0	0	0		
4289	4289	0	0	0		
4290	4290	0	0	0		
4291	4291	0	0	0		
4292	4292	0	0	0		
4293	4293	0	0	0		
4294	4294	0	0	0		
4295	4295	0	0	0		
4296	4296	0	0	0		
4297	4297	0	0	0		
4298	4298	0	0	0		
4299	4299	0	0	0		
4300	4300	0	0	0		
4301	4301	0	0	0		
4302	4302	0	0	0		
4303	4303	0	0	0		
4304	4304	0	0	0		
4305	4305	0	0	0		
4306	4306	0	0	0		
4307	4307	0	0	0		
4308	4308	0	0	0		
4309	4309	0	0	0		
4310	4310	0	0	0		
4311	4311	0	0	0		
4312	4312	0	0	0		
4313	4313	0	0	0		
4314	4314	0	0	0		
4315	4315	0	0	0		
4316	4316	0	0	0		
4317	4317	0	0	0		
4318	4318	0	0	0		
4319	4319	0	0	0		
4320	4320	0	0	0		
4321	4321	0	0	0		
4322	4322	0	0	0		
4323	4323	0	0	0		
4324	4324	0	0	0		
4325	4325	0	0	0		
4326	4326	0	0	0		
4327	4327	0	0	0		
4328	4328	0	0	0		
4329	4329	0	0	0		
4330	4330	0	0	0		
4331	4331	0	0	0		
4332	4332	0	0	0		
4333	4333	0	0	0		
4334	4334	0	0	0		
4335	4335	0	0	0		
4336	4336	0	0	0		
4337	4337	0	0	0		
4338	4338	0	0	0		
4339	4339	0	0	0		
4340	4340	0	0	0		
4341	4341	0	0	0		
4342	4342	0	0	0		
4343	4343	0	0	0		
4344	4344	0	0	0		
4345	4345	0	0	0		
4346	4346	0	0	0		
4347	4347	0	0	0		
4348	4348	0	0	0		
4349	4349	0	0	0		
4350	4350	0	0	0		
4351	4351	0	0	0		
4352	4352	0	0	0		
4353	4353	0	0	0		
4354	4354	0	0	0		
4355	4355	0	0	0		
4356	4356	0	0	0		
4357	4357	0	0	0		
4358	4358	0	0	0		
4359	4359	0	0	0		
4360	4360	0	0	0		
4361	4361	0	0	0		
4362	4362	0	12.4982498774828	0		
4363	4363	0	1.75980705535341	0		
4364	4364	0	4.09032940629449	0		
4365	4365	0	2.73548634830502	0		
4366	4366	0	2.06722744841091	0		
4367	4367	0	3.07737318037972	0.0136901408450704		
4368	4368	0	4.76980032522015	14.3168450704225		
4369	4369	0	3.78689291701627	39.0153802816901		
4370	4370	0	4.16353768827689	120.388056338028		
4371	4371	0	4.44677902917277	339.600676056338		
4372	4372	0	5.47369796339212	447.036338028169		
4373	4373	0	4.71425982460992	495.995323943662		
4374	4374	0	5.81139772701075	420.075887323944		
4375	4375	0	4.80522692165792	147.979774647887		
4376	4376	0	3.29128790030563	101.16861971831		
4377	4377	0	6.01733528679161	77.8695211267605		
4378	4378	0	4.42558328688715	52.7891830985916		
4379	4379	0	2.05467236203864	35.7875492957746		
4380	4380	220.8	2.37277194485937	30.9001690140845		
4381	4381	0	3.8557909731157	32.7163943661972		
4382	4382	38.4	2.75870072976748	32.3421971830986		
4383	4383	770.4	0	94.8605070422535		
4384	4384	38.4	0.858953349673961	170.776901408451		
4385	4385	2.4	0	82.1971267605634		
4386	4386	12	0	42.5793802816901		
4387	4387	24	0	25.7572394366197		
4388	4388	62.4	0	22.9461971830986		
4389	4389	2.4	0	18.6900845070423		
4390	4390	12	1.10227402096476	15.3162253521127		
4391	4391	160.8	1.87300632938537	21.2638309859155		
4392	4392	0	2.57505474095667	83.3090704225352	41.2964139751668	42.0126564473684
4393	4393	12	2.4668953875975	70.381014084507	35.3094153618687	35.0715987226383
4394	4394	12	2.40086150706566	41.9085633802817	25.1436650832964	16.7648982969853
4395	4395	0	0.84889546222999	27.9096338028169	18.3225702334663	9.5870635693506
4396	4396	12	0.0969354260427266	22.2206197183099		
4397	4397	168	1.76276379304127	20.6781971830986		
4398	4398	0	3.11710602008498	24.0763943661972	38.5861539457813	-14.5097595795841
4399	4399	0	3.77539536187928	27.2905352112676	26.7199958981717	0.57053931309591
4400	4400	2.4	2.59481600301176	22.8701408450704	18.3951590300824	4.474981814988
4401	4401	57.6	2.83694926925027	23.9562253521127	19.1676447196589	4.78858063245378
4402	4402	0	3.419610431418	24.5935774647887	21.247733019035	3.3458444457537
4403	4403	0	2.62140867156696	22.6054647887324	14.347580796493	8.25788399223939
4404	4404	0	3.36670985306467	20.9930704225352	12.3145689061135	8.67850151642173
4405	4405	0	3.9377157759185	18.6185915492958	9.7981260049289	8.8204655443669
4406	4406	0	4.28976346418197	17.1415774647887	9.20392674051264	7.93765072427607
4407	4407	0	3.29614725033359	15.2842816901408	7.77326240288591	7.51101928725489
4408	4408	0	3.54182331703318	14.6788732394366	8.69540598998765	5.98346724944895
4409	4409	0	3.07081742750815	12.8945915492958	5.65779015442552	7.23680139487028
4410	4410	0	2.87824491322561	11.5544788732394	4.84361247503433	6.71086639820507
4411	4411	0	2.32659292120586	10.549014084507	3.85930202660039	6.68971205790661
4412	4412	0	1.49262747254254	9.69566197183099	2.95725424447146	6.73840772735953
4413	4413	0	2.38279760132388	9.12523943661972	2.53766777909279	6.58757165752693
4414	4414	0	2.7357568649564	8.34185915492958	1.18772923484761	7.15412992008197
4415	4415	0	2.45472501006405	7.71667605633803	1.43009047131968	6.28658558501835
4416	4416	0	2.12150488754511	7.40788732394366	2.15771019443176	5.2501771295119
4417	4417	189.6	2.10974772624217	7.76230985915493	8.56327902068671	-0.800969161531779
4418	4418	139.2	1.68675787964742	9.90405633802817	34.0626682209724	-24.1586118829442
4419	4419	0	2.18783657803935	13.9532957746479	44.1679620215074	-30.2146662468595
4420	4420	0	2.91875247636747	11.1270422535211	31.2422576831986	-20.1152154296775
4421	4421	0	3.34745154458477	9.01571830985915	21.4675440968923	-12.4518257870332
4422	4422	0	2.04725579902358	7.8672676056338	15.2577532919917	-7.39048568635791
4423	4423	0	1.03014564867009	7.35160563380282	10.8463615559765	-3.49475592217369
4424	4424	0	1.16687160832226	7.66039436619718	7.75255595845827	-0.092161592261089
4425	4425	0	1.15217062617465	7.50980281690141	5.586317254991	1.92348556191041
4426	4426	0	2.11969845495141	7.05194366197183	5.32430719294738	1.72763646902445
4427	4427	0	1.52781233847872	6.51194366197183	3.53595119733323	2.9759924646386
4428	4428	0	1.90602401920662	6.47391549295775	4.37358798012673	2.10032751283102
4429	4429	0	1.65527749572509	6.17729577464789	2.08949496208614	4.08780081256175
4430	4430	0	2.0040007241349	6.32788732394366	2.65788370225335	3.67000362169031
4431	4431	0	2.25328691937617	6.48912676056338	3.31817001966363	3.17095674089975
4432	4432	2.4	1.66969468312302	6.26704225352113	3.50916439413947	2.75787785938166
4433	4433	93.6	1.65296034488129	6.44957746478873	6.4975277313828	-0.0479502665940652
4434	4434	57.6	1.0488563712489	6.16056338028169	17.1823596576858	-11.0217962774041
4435	4435	117.6	1.0073808887874	6.40394366197183	25.6047856394134	-19.2008419774416
4436	4436	33.6	1.91513329887385	8.92597183098592	34.4396270557059	-25.51365522472
4437	4437	0	1.79083942366252	11.507323943662	28.3141147768625	-16.8067908332005
4438	4438	0	1.23574650648503	9.88276056338028	19.2938873356114	-9.4111267722311
4439	4439	2.4	0.974932823402327	8.65369014084507	13.2307937155369	-4.57710357469183
4440	4440	0	1.09114217572103	7.94332394366197	9.36761831215295	-1.42429436849098
4441	4441	0	1.00794380211124	7.53414084507042	6.23849820658353	1.29564263848689
4442	4442	0	0.797115751935635	7.2192676056338	4.94358677907853	2.27568082655527
4443	4443	0	0.768726994389127	6.9743661971831	4.26716279071108	2.70720340647202
4444	4444	14.4	0.581348128210735	6.8161690140845	3.45144034181651	3.36472867226799
4445	4445	24	1.34274676352922	6.76445070422535	6.25357621595871	0.510874488266641
4446	4446	0	1.455439780775	6.61233802816902	7.32018885503498	-0.707850826865959
4447	4447	55.2	1.13588696236181	6.56822535211267	7.80942569479649	-1.24120034268382
4448	4448	28.8	1.80748790806842	6.82985915492958	15.113358694614	-8.28349953968446
4449	4449	4.8	1.64258420083178	6.87853521126761	14.3898596322875	-7.51132442101989
4450	4450	21.6	0.846324784005077	7.55391549295775	12.019707826204	-4.46579233324624
4451	4451	16.8	0.164285708635532	7.95853521126761	11.7866547278204	-3.82811951655277
4452	4452	62.4	1.19675037354895	8.85295774647887		
4453	4453	0	1.65789534911706	10.2752112676056	15.9235007831491	-5.64828951554348
4454	4454	0	0.868095738784447	9.91166197183098	11.8331668318474	-1.92150486001642
4455	4455	2.4	0.833427499698516	9.32907042253521	9.44277367891604	-0.113703256380827
4456	4456	55.2	0	9.15718309859155	7.77310429609731	1.38407880249424
4457	4457	177.6	0.0825507352120098	10.1672112676056		
4458	4458	84	1.02621057130507	12.1233802816901		
4459	4459	12	1.08261448325312	13.0847323943662	38.6305076300238	-25.5457752356576
4460	4460	26.4	0.819215408630058	13.9259154929577	29.5516826429732	-15.6257671500155
4461	4461	28.8	0.88228468679138	17.8184788732394	25.1990971647571	-7.38061829151772
4462	4462	4.8	0.581251048126006	19.2392112676056	21.3625038437604	-2.12329257615477
4463	4463	48	0.461174071185667	17.9812394366197	16.9657798012632	1.01545963535654
4464	4464	48	0.186707173384804	18.6094647887324		
4465	4465	19.2	0.121309521876427	20.2036056338028		
4466	4466	172.8	0.24021179004329	22.9857464788732		
4467	4467	79.2	0.857465179135886	31.1678873239437		
4468	4468	0	0.792024597820088	35.856	40.3897607603142	-4.53376076031424
4469	4469	139.2	0.38871405542254	32.100338028169	32.3556131451738	-0.2552751170048
4470	4470	28.8	1.01820043483735	46.6590422535211		
4471	4471	4.8	1.26898072043267	45.1303098591549	34.2412550854935	10.8890547736614
4472	4472	175.2	0.515388891832188	43.2699718309859	29.9862646089459	13.28370722204
4473	4473	256.8	0	84.5731267605634	52.5785479253444	31.994578835219
4474	4474	103.2	0	106.480394366197		
4475	4475	84	0	73.3304788732394		
4476	4476	19.2	0	50.5135774647887		
4477	4477	146.4	0	40.8635492957746		
4478	4478	0	0	33.406985915493		
4479	4479	100.8	0.126169066081886	28.0374084507042		
4480	4480	0	0.354855567939765	25.4058591549296		
4481	4481	0	0.285575198448697	24.9814647887324		
4482	4482	0	0.482370594606365	26.1466478873239		
4483	4483	0	0.499242504428295	26.7885633802817		
4484	4484	0	0.0325530802046927	28.2686197183099		
4485	4485	24	0	29.4642253521127		
4486	4486	64.8	0	28.6306478873239		
4487	4487	24	0	25.6644507042254		
4488	4488	31.2	0	22.4594366197183		
4489	4489	98.4	0	19.9906478873239		
4490	4490	57.6	0	18.4832112676056		
4491	4491	2.4	0	17.3575774647887		
4492	4492	2.4	0	16.2136901408451		
4493	4493	2.4	0	14.8188169014085		
4494	4494	21.6	0	13.6870985915493		
4495	4495	0	0	12.9143661971831		
4496	4496	0	0	12.0534084507042		
4497	4497	0	0	11.6031549295775		
4498	4498	0	0	10.7543661971831		
4499	4499	0	0	10.8167323943662		
4500	4500	0	0	0.352901408450704		
4501	4501	0	0	0		
4502	4502	0	0	0		
4503	4503	0	0	0		
4504	4504	0	0	0		
4505	4505	0	0	0		
4506	4506	0	0	0		
4507	4507	0	0	0		
4508	4508	0	0	0		
4509	4509	0	0.0565767745275139	0		
4510	4510	0	0.181929524824085	0		
4511	4511	0	0.0611700187192099	0		
4512	4512	0	0	0		
4513	4513	0	0	0		
4514	4514	0	0	0		
4515	4515	0	0	0		
4516	4516	0	0	0		
4517	4517	0	0	0		
4518	4518	0	0	0		
4519	4519	0	0	0		
4520	4520	0	0	0		
4521	4521	0	0	0		
4522	4522	0	0	0		
4523	4523	0	0	0		
4524	4524	0	0	0		
4525	4525	0	0	0		
4526	4526	0	0	0		
4527	4527	0	0	0		
4528	4528	0	0	0		
4529	4529	0	0	0		
4530	4530	0	0	0		
4531	4531	0	0	0		
4532	4532	0	0	0		
4533	4533	0	0	0		
4534	4534	0	0	0		
4535	4535	0	0	0		
4536	4536	0	0	0		
4537	4537	0	0	0		
4538	4538	0	0	0		
4539	4539	0	0	0		
4540	4540	0	0	0		
4541	4541	0	0	0		
4542	4542	0	0	0		
4543	4543	0	0	0		
4544	4544	0	0	0		
4545	4545	0	0	0		
4546	4546	0	0	0		
4547	4547	0	0	0		
4548	4548	0	0	0		
4549	4549	0	0	0		
4550	4550	0	0	0		
4551	4551	0	0	0		
4552	4552	0	0	0		
4553	4553	0	0	0		
4554	4554	0	0	0		
4555	4555	0	0	0		
4556	4556	0	0	0		
4557	4557	0	0	0		
4558	4558	0	0	0		
4559	4559	0	0	0		
4560	4560	0	0	0		
4561	4561	0	0	0		
4562	4562	0	0	0		
4563	4563	0	0	0		
4564	4564	0	0	0		
4565	4565	0	0	0		
4566	4566	0	0	0		
4567	4567	0	0	0		
4568	4568	0	0	0		
4569	4569	0	0	0		
4570	4570	0	0	0		
4571	4571	0	0	0		
4572	4572	0	0	0		
4573	4573	0	0	0		
4574	4574	0	0	0		
4575	4575	0	0	0		
4576	4576	0	0	0		
4577	4577	0	0	0		
4578	4578	0	0	0		
4579	4579	0	0	0		
4580	4580	0	0	0		
4581	4581	0	0	0		
4582	4582	0	0	0		
4583	4583	0	0	0		
4584	4584	0	0	0		
4585	4585	0	0	0		
4586	4586	0	0	0		
4587	4587	0	0	0		
4588	4588	0	0	0		
4589	4589	0	0	0		
4590	4590	0	0	0		
4591	4591	0	0	0		
4592	4592	0	0	0		
4593	4593	0	0	0		
4594	4594	0	0	0		
4595	4595	0	0	0		
4596	4596	0	0	0		
4597	4597	0	0	0		
4598	4598	0	0	0		
4599	4599	0	0	0		
4600	4600	0	-229.232942529623	0		
4601	4601	0	0	0		
4602	4602	0	0	0		
4603	4603	0	0	0		
4604	4604	0	0	0		
4605	4605	0	0	0		
4606	4606	0	0	0		
4607	4607	0	0	0		
4608	4608	0	0	0		
4609	4609	0	0	0		
4610	4610	0	0	0		
4611	4611	0	0	0		
4612	4612	0	0	0		
4613	4613	0	0	0		
4614	4614	0	0	0		
4615	4615	0	0	0		
4616	4616	0	0	0		
4617	4617	0	0	0		
4618	4618	0	0	0		
4619	4619	0	0	0		
4620	4620	0	0	0		
4621	4621	0	0	0		
4622	4622	0	0	0		
4623	4623	0	0	0		
4624	4624	0	0	0		
4625	4625	0	0	0		
4626	4626	0	0	0		
4627	4627	0	0	0		
4628	4628	0	0	0		
4629	4629	0	0	0		
4630	4630	0	0	0		
4631	4631	0	0	0		
4632	4632	0	0	0		
4633	4633	0	0	0		
4634	4634	0	0	0		
4635	4635	0	0	0		
4636	4636	0	0	0		
4637	4637	0	0	0		
4638	4638	0	0	0		
4639	4639	0	0	0		
4640	4640	0	0	0		
4641	4641	0	0	0		
4642	4642	0	0	0		
4643	4643	0	0	0		
4644	4644	0	0	0		
4645	4645	0	0	0		
4646	4646	0	0	0		
4647	4647	0	0	0		
4648	4648	0	0	0		
4649	4649	0	0	0		
4650	4650	0	0	0		
4651	4651	0	0	0		
4652	4652	0	0	0		
4653	4653	0	0	0		
4654	4654	0	0	0		
4655	4655	0	0	0		
4656	4656	0	0	0		
4657	4657	0	0	0		
4658	4658	0	0	0		
4659	4659	0	0	0		
4660	4660	0	0	0		
4661	4661	0	0	0		
4662	4662	0	0	0		
4663	4663	0	0	0		
4664	4664	0	0	0		
4665	4665	0	0	0		
4666	4666	0	0	0		
4667	4667	0	0	0		
4668	4668	0	0	0		
4669	4669	0	0	0		
4670	4670	0	0	0		
4671	4671	0	0	0		
4672	4672	0	0	0		
4673	4673	0	0	0		
4674	4674	0	0	0		
4675	4675	0	0	0		
4676	4676	0	0	0		
4677	4677	0	0	0		
4678	4678	0	0	0		
4679	4679	0	0	0		
4680	4680	0	0	0		
4681	4681	0	0	0		
4682	4682	0	0	0		
4683	4683	0	0	0		
4684	4684	0	0	0		
4685	4685	0	0	0		
4686	4686	0	0	0		
4687	4687	0	0	0		
4688	4688	0	0	0		
4689	4689	0	0	0		
4690	4690	0	0	0		
4691	4691	0	0	0		
4692	4692	0	0	0		
4693	4693	0	0	0		
4694	4694	0	0	0		
4695	4695	0	0	0		
4696	4696	0	0	0		
4697	4697	0	0	0		
4698	4698	0	0	0		
4699	4699	0	0	0		
4700	4700	0	9.08140270002382	0		
4701	4701	0	0	0		
4702	4702	0	0	0		
4703	4703	0	0	0		
4704	4704	0	0	0		
4705	4705	0	0	0		
4706	4706	0	0	0		
4707	4707	0	0	0		
4708	4708	0	0	0		
4709	4709	0	0	0		
4710	4710	0	0	0		
4711	4711	0	0	0		
4712	4712	0	0	0		
4713	4713	0	0	0		
4714	4714	0	0	0		
4715	4715	0	0	0		
4716	4716	0	0	0		
4717	4717	0	0	0		
4718	4718	0	0	0		
4719	4719	0	0	0		
4720	4720	0	0	0		
4721	4721	0	0	0		
4722	4722	0	0	0		
4723	4723	0	0	0		
4724	4724	0	0	0		
4725	4725	0	0	0		
4726	4726	0	0	0		
4727	4727	0	0	0		
4728	4728	0	1.78238462300492	0		
4729	4729	0	5.09120307966345	0		
4730	4730	0	6.39828116994343	0		
4731	4731	0	5.79588472022686	8.11267605633803		
4732	4732	0	5.03294072495722	56.734985915493		
4733	4733	0	2.72628248822316	186.695492957746		
4734	4734	0	0	218.239098591549		
4735	4735	0	0	187.235492957746		
4736	4736	0	0	103.505070422535		
4737	4737	0	0	50.8634366197183		
4738	4738	0	3.29586332875754	35.2779718309859		
4739	4739	0	3.76013194244963	26.6668732394366		
4740	4740	0	5.03530783888816	52.846985915493		
4741	4741	0	4.40572323573933	117.522253521127		
4742	4742	0	1.67816663090137	156.453971830986		
4743	4743	0	2.34906850406487	195.089070422535		
4744	4744	110.4	1.08719254907669	133.516901408451		
4745	4745	129.6	0.751051936586297	113.597746478873		
4746	4746	57.6	3.01140831003699	112.064450704225		
4747	4747	0	2.34877174365971	108.882253521127		
4748	4748	0	2.62302632856426	109.750816901408		
4749	4749	0	3.76435995438041	77.4861971830986		
4750	4750	0	4.87929098060487	64.8076056338028		
4751	4751	0	1.66881832702956	48.9148732394366		
4752	4752	0	0	43.9514366197183		
4753	4753	4.8	0	30.9275492957746		
4754	4754	12	0.971327806955866	21.5285070422535		
4755	4755	9.6	2.02734080162589	17.5979154929577		
4756	4756	172.8	0	17.4245070422535	9.7066922199023	7.7178148223512
4757	4757	72	0.974099758745496	25.6096901408451		
4758	4758	16.8	0.18571019534776	31.4219154929578		
4759	4759	31.2	0	57.3784225352113		
4760	4760	168	0	60.8207323943662		
4761	4761	43.2	1.01337693109341	48.5543661971831		
4762	4762	158.4	4.48958330102066	56.6330704225352		
4763	4763	0	3.47784751489214	125.09138028169	46.3656102758013	78.7257700058887
4764	4764	242.4	0.68539851997728	169.594985915493	47.2065165590054	122.388469356488
4765	4765	105.6	2.12912765445831	171.364056338028		
4766	4766	9.6	1.63793723781523	128.16861971831	62.1316102209063	66.0370094974038
4767	4767	110.4	2.93971871775991	123.433352112676	49.8533458148339	73.5800062978421
4768	4768	0	4.99240599578475	106.883492957746	49.1902473818626	57.6932455758835
4769	4769	0	3.36929461760226	74.6127887323944	35.2944897422166	39.3182989901778
4770	4770	88.8	2.96037290147852	60.1058028169014	31.3108711623218	28.7949316545797
4771	4771	151.2	2.05287510092614	44.7774084507042	40.238070079605	4.53933837109923
4772	4772	331.2	0	87.323323943662	59.655703308614	27.6676206350481
4773	4773	364.8	2.26879328467874	143.131943661972		
4774	4774	7.2	3.84865750272569	155.624957746479	115.879893110145	39.7450646363338
4775	4775	0	3.47956039549675	139.893464788732	82.5047287696561	57.3887360190759
4776	4776	0	3.25170315572059	85.2561126760563	56.7158365506395	28.5402761254168
4777	4777	7.2	2.39299562259947	52.6325070422535	41.619338672792	11.0131683694615
4778	4778	290.4	1.62870833841449	56.302985915493	39.1369104754604	17.1660754400326
4779	4779	24	3.50690563894534	109.148450704225	66.8083977698144	42.3400529344106
4780	4780	4.8	2.81548329252365	83.5159436619718	51.956510556663	31.5594331053088
4781	4781	0	3.21418882131253	120.625352112676	38.5228050469378	82.1025470657383
4782	4782	0	3.10165403417059	121.507605633803	30.0226666298059	91.4849390039971
4783	4783	0	2.8722415697229	66.4671549295775	22.0952941591378	44.3718607704397
4784	4784	0	3.24897280290646	40.9000563380282	14.7087443089568	26.1913120290714
4785	4785	0	2.74920219827366	29.6741408450704	11.4965307152693	18.1776101298011
4786	4786	0	2.55971784078319	24.5874929577465	10.9331250141835	13.654367943563
4787	4787	0	2.63236148711793	20.7785915492958	9.58467856523148	11.1939129840643
4788	4788	0	2.24546582676784	17.7789295774648	8.43861089914874	9.34031867831607
4789	4789	554.4	2.32073735115451	39.2815774647887	25.2397096226512	14.0418678421375
4790	4790	28.8	2.48179013917365	63.6196056338028	87.4238119753031	-23.8042063415003
4791	4791	2.4	2.20971914611791	46.0718873239437	70.0857773476738	-24.0138900237301
4792	4792	319.2	2.20093431514579	40.6870985915493	57.996045666158	-17.3089470746087
4793	4793	0	2.86051512644292	93.4823661971831	82.3282426571649	11.1541235400182
4794	4794	0	3.42782320744521	59.5003943661972	59.2192323695831	0.28116199661406
4795	4795	0	3.13353988062047	36.7565070422535	36.3393896658243	0.417117376429239
4796	4796	0	1.79169994226343	26.4067605633803	27.1402220250707	-0.733461461690443
4797	4797	33.6	1.62214596067516	21.3444507042254	22.9022408846055	-1.55779018038006
4798	4798	153.6	1.22312408585653	18.6611830985915	24.5142643369138	-5.85308123832226
4799	4799	273.6	0.601657690155477	46.9663098591549	49.4956440267122	-2.52933416755726
4800	4800	76.8	0.522141454441972	117.218028169014		
4801	4801	132	0.881870996625054	117.856901408451		
4802	4802	2.4	0.97918829211352	118.276732394366	61.2174782163388	57.0592541780272
4803	4803	0	0.955891892111957	79.4028169014084	44.6365565033623	34.7662603980461
4804	4804	0	0.994725886172994	45.9441126760563	30.5333907891106	15.4107218869457
4805	4805	0	1.38854045555215	32.5216901408451	18.1619274221669	14.3597627186782
4806	4806	0	1.64229771058105	24.9221408450704	14.0719767664412	10.8501640786292
4807	4807	0	1.95751506456279	19.8902535211268	12.5006612044034	7.38959231672341
4808	4808	0	2.05760933663942	16.5011830985916	9.83125800785839	6.66992509073321
4809	4809	0	1.09288046144077	14.6758309859155	8.89698406707224	5.77884691884326
4810	4810	141.6	0.629572978192158	14.4141971830986	12.1535869001418	2.26061028295679
4811	4811	117.6	0.592676353969864	18.2230985915493	30.1743135097354	-11.9512149181861
4812	4812	105.6	1.27409131425779	24.3684507042254	41.7614002525327	-17.3929495483073
4813	4813	0	1.60352114234831	31.3595492957746	42.9769087901222	-11.6173594943476
4814	4814	117.6	0	26.8874366197183	34.1290042664065	-7.24156764668818
4815	4815	110.4	0.194624742025113	30.313014084507		
4816	4816	0	0.611230283233922	32.905014084507		
4817	4817	0	1.64263268229314	33.6108169014085	29.1145932787166	4.49622362269194
4818	4818	0	1.97285507862907	29.1569577464789	19.8249320849976	9.33202566148133
4819	4819	0	1.9457367773406	23.1698028169014	15.4358966050424	7.73390621185905
4820	4820	0	1.13542143034623	19.0505915492958	11.3713845198282	7.6792070294676
4821	4821	405.6	0.800773023359241	24.5327323943662	24.1396966528466	0.393035741519629
4822	4822	12	0.72877529625616	98.039661971831	68.7487027485047	29.2909592233263
4823	4823	0	1.33757371581751	80.6440563380282	53.8204874443784	26.8235688936498
4824	4824	0	1.5258736794659	52.8865352112676	35.1145937087587	17.7719415025089
4825	4825	7.2	1.21052243061155	39.7865915492958	26.0406357362884	13.7459558130074
4826	4826	12	1.21706629739606	36.312338028169	19.5250018045134	16.7873362236556
4827	4827	21.6	0.657679580802451	33.2822535211267	13.5409251801137	19.741328341013
4828	4828	21.6	0.40535230582293	31.0005633802817	14.281189765471	16.7193736148107
4829	4829	2.4	1.40582164388645	30.2947605633803		
4830	4830	0	1.55724059418101	27.3924507042254	10.5538865130739	16.8385641911515
4831	4831	96	1.33503127107318	24.7396056338028	12.5056614733216	12.2339441604812
4832	4832	151.2	0.892929548850589	25.7252957746479	26.2978098002451	-0.57251402559718
4833	4833	120	1.020482593911	31.1100845070423	41.6278185914281	-10.5177340843858
4834	4834	93.6	0.138348286033974	35.1988732394366	48.040383121873	-12.8415098824364
4835	4835	115.2	1.4070287913098	52.8196056338028		
4836	4836	0	1.57804004167062	62.8529577464789	51.1588348557901	11.6941228906888
4837	4837	16.8	1.21297745882862	45.0436056338028	34.4434679800674	10.6001376537354
4838	4838	21.6	0.951839057032473	37.942985915493	26.3439696201085	11.5990162953845
4839	4839	0	1.18290258720964	35.5091830985915	21.5169873228664	13.9921957757251
4840	4840	0	0.63771270545864	31.1161690140845	15.1677457103998	15.9484233036847
4841	4841	127.2	0.551313787170798	31.1161690140845	16.5801868328679	14.5359821812166
4842	4842	0	1.33040527075411	36.6774084507042	28.823314067457	7.85409438324718
4843	4843	156	0.258087276940273	33.3309295774648	25.4661829512771	7.86474662618772
4844	4844	52.8	0.280517400869115	48.9011830985916		
4845	4845	14.4	0.0619429781081209	51.1159436619718		
4846	4846	2.4	0.316656087014394	41.8492394366197		
4847	4847	0	0.412348806199191	34.511323943662		
4848	4848	12	0	29.9236056338028		
4849	4849	40.8	0	28.4754929577465		
4850	4850	0	0	27.5841126760563		
4851	4851	2.4	0.320632825065061	25.8632112676056		
4852	4852	69.6	0.450630907241901	25.2674366197183		
4853	4853	19.2	0.280700534662046	25.812		
4854	4854	168	0.0704734592155347	38.7887323943662		
4855	4855	0	0	54.1794929577465		
4856	4856	0	0	49.7849577464789		
4857	4857	0	0	39.5538591549296		
4858	4858	0	0	32.0242816901408		
4859	4859	0	0	26.9330704225352		
4860	4860	0	0	25.2141971830986		
4861	4861	0	0	22.6830422535211		
4862	4862	0	0.305424173832378	19.656		
4863	4863	0	0.589137158816897	20.7451267605634		
4864	4864	0	0.502259521339241	24.5312112676056		
4865	4865	0	0	43.4190422535211		
4866	4866	0	0	47.9687323943662		
4867	4867	0	0	38.1620281690141		
4868	4868	0	0	0		
4869	4869	0	0	0		
4870	4870	0	0	0		
4871	4871	0	0	0		
4872	4872	0	0.0936457463879208	0		
4873	4873	0	0.0457827521507994	0		
4874	4874	0	0.133157248528377	0		
4875	4875	0	0	0		
4876	4876	0	0	0		
4877	4877	0	0	0		
4878	4878	0	0	0		
4879	4879	0	0	0		
4880	4880	0	0	0		
4881	4881	0	0	0		
4882	4882	0	0	0		
4883	4883	0	0	0		
4884	4884	0	0	0		
4885	4885	0	0	0		
4886	4886	0	0	0		
4887	4887	0	0	0		
4888	4888	0	0	0		
4889	4889	0	0	0		
4890	4890	0	0	0		
4891	4891	0	0	0		
4892	4892	0	0	0		
4893	4893	0	0	0		
4894	4894	0	0	0		
4895	4895	0	0	0		
4896	4896	0	0	0		
4897	4897	0	0	0		
4898	4898	0	0	0		
4899	4899	0	0	0		
4900	4900	0	0	0		
4901	4901	0	0	0		
4902	4902	0	0.108116484318558	0		
4903	4903	0	0	0		
4904	4904	0	0	0		
4905	4905	0	0	0		
4906	4906	0	0	0		
4907	4907	0	0	0		
4908	4908	0	0	0		
4909	4909	0	0	0		
4910	4910	0	0	0		
4911	4911	0	0	0		
4912	4912	0	0	0		
4913	4913	0	0	0		
4914	4914	0	0	0		
4915	4915	0	0	0		
4916	4916	0	0	0		
4917	4917	0	0	0		
4918	4918	0	0	0		
4919	4919	0	0	0		
4920	4920	0	0	0		
4921	4921	0	0	0		
4922	4922	0	0	0		
4923	4923	0	0	0		
4924	4924	0	0	0		
4925	4925	0	0	0		
4926	4926	0	0	0		
4927	4927	0	0	0		
4928	4928	0	0	0		
4929	4929	0	0	0		
4930	4930	0	0	0		
4931	4931	0	0	0		
4932	4932	0	0	0		
4933	4933	0	0	0		
4934	4934	0	0	0		
4935	4935	0	0	0		
4936	4936	0	0	0		
4937	4937	0	0	0		
4938	4938	0	0	0		
4939	4939	0	0	0		
4940	4940	0	0	0		
4941	4941	0	0	0		
4942	4942	0	0	0		
4943	4943	0	0	0		
4944	4944	0	0	0		
4945	4945	0	0	0		
4946	4946	0	0	0		
4947	4947	0	0	0		
4948	4948	0	0	0		
4949	4949	0	0	0		
4950	4950	0	0	0		
4951	4951	0	0	0		
4952	4952	0	0	0		
4953	4953	0	0	0		
4954	4954	0	0	0		
4955	4955	0	0	0		
4956	4956	0	0	0		
4957	4957	0	0	0		
4958	4958	0	0	0		
4959	4959	0	0	0		
4960	4960	0	0	0		
4961	4961	0	0	0		
4962	4962	0	0	0		
4963	4963	0	0	0		
4964	4964	0	0	0		
4965	4965	0	0	0		
4966	4966	0	-231.553504489947	0		
4967	4967	0	0	0		
4968	4968	0	0	0		
4969	4969	0	0	0		
4970	4970	0	0	0		
4971	4971	0	0	0		
4972	4972	0	0	0		
4973	4973	0	0	0		
4974	4974	0	0	0		
4975	4975	0	0	0		
4976	4976	0	0	0		
4977	4977	0	0	0		
4978	4978	0	0	0		
4979	4979	0	0	0		
4980	4980	0	0	0		
4981	4981	0	0	0		
4982	4982	0	0	0		
4983	4983	0	0	0		
4984	4984	0	0	0		
4985	4985	0	0	0		
4986	4986	0	0	0		
4987	4987	0	0	0		
4988	4988	0	0	0		
4989	4989	0	0	0		
4990	4990	0	0	0		
4991	4991	0	0	0		
4992	4992	0	0	0		
4993	4993	0	0	0		
4994	4994	0	0	0		
4995	4995	0	0	0		
4996	4996	0	0	0		
4997	4997	0	0	0		
4998	4998	0	0	0		
4999	4999	0	0	0		
5000	5000	0	0	0		
5001	5001	0	0	0		
5002	5002	0	0	0		
5003	5003	0	0	0		
5004	5004	0	0	0		
5005	5005	0	0	0		
5006	5006	0	0	0		
5007	5007	0	0	0		
5008	5008	0	0	0		
5009	5009	0	0	0		
5010	5010	0	0	0		
5011	5011	0	0	0		
5012	5012	0	0	0		
5013	5013	0	0	0		
5014	5014	0	0	0		
5015	5015	0	0	0		
5016	5016	0	0	0		
5017	5017	0	0	0		
5018	5018	0	0	0		
5019	5019	0	0	0		
5020	5020	0	0	0		
5021	5021	0	0	0		
5022	5022	0	0	0		
5023	5023	0	0	0		
5024	5024	0	0	0		
5025	5025	0	0	0		
5026	5026	0	0	0		
5027	5027	0	0	0		
5028	5028	0	0	0		
5029	5029	0	0	0		
5030	5030	0	0	0		
5031	5031	0	0	0		
5032	5032	0	0	0		
5033	5033	0	0	0		
5034	5034	0	0	0		
5035	5035	0	0	0		
5036	5036	0	0	0		
5037	5037	0	0	0		
5038	5038	0	0	0		
5039	5039	0	0	0		
5040	5040	0	0	0		
5041	5041	0	0	0		
5042	5042	0	0	0		
5043	5043	0	0	0		
5044	5044	0	0	0		
5045	5045	0	0	0		
5046	5046	0	0	0		
5047	5047	0	0	0		
5048	5048	0	0	0		
5049	5049	0	0	0		
5050	5050	0	0	0		
5051	5051	0	0	0		
5052	5052	0	0	0		
5053	5053	0	0	0		
5054	5054	0	0	0		
5055	5055	0	0	0		
5056	5056	0	0	0		
5057	5057	0	0	0		
5058	5058	0	0	0		
5059	5059	0	0	0		
5060	5060	0	0	0		
5061	5061	0	0	0		
5062	5062	0	0	0		
5063	5063	0	0	0		
5064	5064	0	0	0		
5065	5065	0	0	0		
5066	5066	0	0	0		
5067	5067	0	0	0		
5068	5068	0	0	0		
5069	5069	0	0	0		
5070	5070	0	0	0		
5071	5071	0	0	0		
5072	5072	0	0	0		
5073	5073	0	0	0		
5074	5074	0	0	0		
5075	5075	0	0	0		
5076	5076	0	0	0		
5077	5077	0	0	0		
5078	5078	0	0	0		
5079	5079	0	0	0		
5080	5080	0	0	0		
5081	5081	0	0	0		
5082	5082	0	0	0		
5083	5083	0	0	0		
5084	5084	0	0	0		
5085	5085	0	0	0		
5086	5086	0	0	0		
5087	5087	0	0	0		
5088	5088	0	0	0		
5089	5089	0	0	0		
5090	5090	0	0	0		
5091	5091	0	0	0		
5092	5092	0	0	0		
5093	5093	0	0	0		
5094	5094	0	0	0		
5095	5095	0	0	0		
5096	5096	0	0	0		
5097	5097	0	6.54246943057436	0		
5098	5098	0	0	0		
5099	5099	0	0.0519173870152771	0		
5100	5100	0	7.60511251337271	0		
5101	5101	0	5.92243366514914	0		
5102	5102	0	5.70165723646462	0		
5103	5103	0	0.715311049315728	9.48422535211267		
5104	5104	31.2	0	27.9811267605634		
5105	5105	0	0	46.6620845070423		
5106	5106	0	0	47.0180281690141		
5107	5107	0	0.362786049017354	52.968676056338		
5108	5108	0	2.23290068316783	70.6015774647887		
5109	5109	105.6	3.59648953463806	140.524732394366		
5110	5110	62.4	1.1291590866069	169.769915492958		
5111	5111	84	1.72306132523812	129.207549295775		
5112	5112	0	3.06708811448449	99.4299718309859		
5113	5113	0	4.09062175116373	0		
5114	5114	2.4	2.73968003963206	0		
5115	5115	16.8	1.46001608606048	0		
5116	5116	19.2	1.93607830460617	0		
5117	5117	0	3.14872981449522	0		
5118	5118	0	4.34475519153609	0	11.5206835121837	-11.5206835121837
5119	5119	0	4.42510545405911	0	10.0800104545212	-10.0800104545212
5120	5120	0	2.82968867826488	0	7.80068017378928	-7.80068017378928
5121	5121	0	1.21783167176449	43.9164507042253	5.52044699605632	38.396003708169
5122	5122	0	1.21578113669034	115.50523943662		
5123	5123	0	2.87893345752353	84.7130704225352		
5124	5124	0	2.10937283446255	75.1710422535211	2.35701122408309	72.814031029438
5125	5125	0	1.36382670914655	80.5603943661972	1.87454089048486	78.6858534757123
5126	5126	4.8	2.58669275388215	59.2494084507042		
5127	5127	0	2.35363226512034	48.7779718309859	1.38324117339387	47.394730657592
5128	5128	0	2.0830828935236	48.025014084507	3.44771051982592	44.5773035646811
5129	5129	0	3.3445327217659	34.765352112676	4.23644621270944	30.5289058999666
5130	5130	0	3.42995151201978	27.8959436619718	1.7429754138337	26.1529682481381
5131	5131	0	2.27318438822762	25.9032676056338	1.66312539033809	24.2401422152957
5132	5132	0	2.32532963087477	25.0651267605634	3.78301530916827	21.2821114513951
5133	5133	4.8	3.28996877444894	18.9380281690141	4.22918906097898	14.7088391080351
5134	5134	21.6	3.48123583963476	17.5172957746479	5.36391761373081	12.1533781609171
5135	5135	0	3.53138078081104	21.324676056338	8.29439350409306	13.0302825522449
5136	5136	4.8	2.92357553767369	19.2802816901408	6.30196958649281	12.978312103648
5137	5137	45.6	3.33249405199392	19.067323943662	8.40986842855567	10.6574555151063
5138	5138	14.4	3.19994208216391	18.708338028169	13.0872509904795	5.62108703768951
5139	5139	14.4	2.77258635593549	18.2398309859155	12.5736085955885	5.66622239032698
5140	5140	0	2.60557539878745	16.3490704225352	11.141769966007	5.20730045652819
5141	5141	0	2.21411841191215	13.9259154929577	7.93709577199008	5.98881972096762
5142	5142	0	3.37688700096074	12.0260281690141	6.59006188314301	5.4359662858711
5143	5143	0	3.56415496175147	10.9262535211268	4.45180878291096	6.47444473821584
5144	5144	0	3.70515210658418	10.2402253521127	5.55740135889515	4.68282399321755
5145	5145	0	3.45623593926179	9.98315492957747	5.04076849440063	4.94238643517684
5146	5146	19.2	3.68799618317827	9.54050704225352	5.56232031663917	3.97818672561435
5147	5147	0	2.82743516988698	9.54354929577465	6.79866205027726	2.74488724549739
5148	5148	4.8	1.95803080495	8.84991549295775	6.47105151681352	2.37886397614424
5149	5149	52.8	2.06156600536443	8.75864788732394	7.64196685500673	1.11668103231721
5150	5150	16.8	2.66365942424925	10.8988732394366	12.1595199467632	-1.26064670732661
5151	5151	160.8	2.65274533996268	11.5605633802817	17.1699847227734	-5.6094213424917
5152	5152	0	3.23581186781551	14.8385915492958	33.5200068450332	-18.6814152957374
5153	5153	0	2.94700119232827	12.7287887323944	25.0246703569244	-12.29588162453
5154	5154	0	2.90964352468854	10.3710422535211	17.4185364967371	-7.04749424321603
5155	5155	0	2.44050134544194	8.77081690140845	12.305321354724	-3.5345044533155
5156	5156	0	1.78704287382063	7.9129014084507	8.7389757104929	-0.826074302042201
5157	5157	9.6	2.0673650607776	7.15233802816901	6.61724920806336	0.53508882010565
5158	5158	0	2.13447783955824	6.62907042253521	5.90673392112453	0.722336501410681
5159	5159	100.8	2.79529375787408	6.58191549295775	9.79717095276077	-3.21525545980302
5160	5160	0	3.01662091072744	6.25487323943662	20.4416234081086	-14.186750168672
5161	5161	57.6	2.51442659467185	17.7743661971831	19.0297252191695	-1.25535902198637
5162	5162	0	2.23514584213994	26.9452394366197	20.3151986283266	6.63004080829306
5163	5163	189.6	2.34264520470556	47.5352112676056	21.8249318936959	25.7102793739097
5164	5164	0	2.5900339536524	65.3856338028169	39.2207118452637	26.1649219575533
5165	5165	14.4	2.28714613623657	35.7981971830986	29.6500965693149	6.14810061378372
5166	5166	96	0.572307407331927	29.9631549295775	24.7793895617385	5.18376536783896
5167	5167	362.4	1.44983044285758	80.3717746478873		
5168	5168	24	1.46249821382861	104.67938028169	75.8855329739139	28.7938473077761
5169	5169	273.6	1.84445770157675	94.0178028169014	69.0232820309447	24.9945207859567
5170	5170	326.4	1.27558406850698	140.755943661972	91.5971264359428	49.1588172260292
5171	5171	136.8	1.46369159574292	160.670535211268	112.759918529832	47.9106166814361
5172	5172	43.2	1.25273786714432	129.22123943662	96.9716228831727	32.2496165534473
5173	5173	0	2.10225006944188	88.6710422535211	72.0718331662281	16.599209087293
5174	5174	0	2.19753884122959	54.0562816901408	50.9019472542386	3.15433443590224
5175	5175	0	2.03543258684667	35.3981408450704	34.592463562061	0.805677283009423
5176	5176	273.6	1.57910925443319	47.7785915492958	35.1488242272629	12.629767322033
5177	5177	7.2	2.01960098336987	74.4515492957747	62.09143314985	12.3601161459247
5178	5178	0	1.8355666520844	48.4524507042254	48.6438587603294	-0.191408056104002
5179	5179	0	1.55208172616715	32.6768450704225	33.1596260563414	-0.482780985918893
5180	5180	91.2	1.40614207578319	26.4310985915493	29.2078396654802	-2.77674107393087
5181	5181	345.6	1.67789023308033	37.3467042253521	44.5200417231852	-7.17333749783313
5182	5182	0	1.80214300123075	70.774985915493	73.9253976219398	-3.15041170644679
5183	5183	172.8	1.74283547020107	81.5567323943662	60.5247208478187	21.0320115465475
5184	5184	0	1.78432245307255	134.566478873239	64.7139804548373	69.8524984184017
5185	5185	16.8	1.79144906176448	92.4419154929577	48.5387973365838	43.9031181563739
5186	5186	0	1.45918821325145	65.3841126760563	34.1152820267549	31.2688306493015
5187	5187	2.4	1.79987703214661	44.663323943662	22.2312251650515	22.4320987786105
5188	5188	16.8	1.33291220244023	34.0458591549296	15.6957361746568	18.3501229802728
5189	5189	0	0.598612861392724	27.3027042253521	14.0754942020878	13.2272100232643
5190	5190	196.8	0	25.7374647887324	19.1689361560155	6.56852863271686
5191	5191	79.2	0.035563001981771	40.5015211267606		
5192	5192	129.6	0.483399476744253	56.8232112676056		
5193	5193	105.6	1.09524510403625	65.0631549295775		
5194	5194	9.6	0.880904543383693	55.6808450704225	48.634369884076	7.04647518634648
5195	5195	127.2	0.637884742913982	49.5309295774648	40.7731337028012	8.75779587466366
5196	5196	64.8	0.478032872954799	73.1859718309859	46.281288604961	26.9046832260249
5197	5197	148.8	0.420918474356242	78.5418591549296		
5198	5198	4.8	0.762118175747091	85.6120563380282		
5199	5199	0	0.987943145503777	64.510985915493	36.5415366334105	27.9694492820825
5200	5200	19.2	0.542729923799953	47.0362816901408	26.334343471779	20.7019382183618
5201	5201	146.4	0.259937468738187	39.3165633802817	26.5441169077159	12.7724464725658
5202	5202	31.2	0	41.9952676056338		
5203	5203	67.2	0.0710195022773519	49.4214084507042		
5204	5204	76.8	0	53.7672676056338		
5205	5205	74.4	0	56.3547042253521		
5206	5206	124.8	0	52.4590985915493		
5207	5207	108	0	42.649352112676		
5208	5208	134.4	0	35.7145352112676		
5209	5209	132	0.257533359570104	30.156338028169		
5210	5210	36	0.104557178532559	31.1511549295775		
5211	5211	2.4	0.224753918815651	54.2920563380282		
5212	5212	0	0.24864825846754	74.2264225352113		
5213	5213	0	0.558091938735728	72.3584788732394		
5214	5214	69.6	0.768043846058433	73.6925070422535		
5215	5215	2.4	0.693057507449666	97.3353802816901		
5216	5216	52.8	0.0538222301562712	123.520056338028		
5217	5217	16.8	0	109.735605633803		
5218	5218	9.6	0.279223796362274	83.2223661971831		
5219	5219	12	0.222648627181741	55.2701408450704		
5220	5220	81.6	0.896559356604712	45.2474366197183		
5221	5221	0	1.07345500228973	36.8797183098592		
5222	5222	0	0.95755766760908	30.3662535211268		
5223	5223	0	0.40318965317627	27.3665915492958		
5224	5224	0	0.436513821741315	23.7265352112676		
5225	5225	0	0.518713635986373	20.7177464788732		
5226	5226	0	0.438156659164491	18.3752112676056		
5227	5227	12	0	16.7034929577465		
5228	5228	115.2	0	15.9718309859155		
5229	5229	0	0	14.9785352112676		
5230	5230	0	0	13.8757183098592		
5231	5231	0	0	12.7379154929578		
5232	5232	0	0	11.4632112676056		
5233	5233	0	-236.243392549078	10.9353802816901		
