timestep	time	weight	P.V1	P.V2	Q	Qfitted	Qresidual
7	7	1	0.6	0.311817210428984	3.59	0.537026305422464	3.05297369457754
8	8	1	0	0.443861827485313	4.81	0.448327019263222	4.36167298073678
9	9	1	0	0.458125667953918	3.25	0.573853979796041	2.67614602020396
10	10	1	0	0.374994373296055	5.22	0.468773819367219	4.75122618063278
11	11	1	2.6	0.241309957148192	3.12	0.998671586982252	2.12132841301775
12	12	1	2	0.14796438909525	3.42	1.19106219634926	2.22893780365074
13	13	1	0.2	0.417979224019964	3.47	1.01883033472781	2.45116966527219
14	14	1	0	0.524912755203497	3.69	0.433777378924037	3.25622262107596
15	15	1	0.4	0.609578984944227	3.63	1.0102210222965	2.6197789777035
16	16	1	0	0.866505938101491	3.1	1.2908605356304	1.8091394643696
17	17	1	1	0.628526697035858	3.74	0.975878264434282	2.76412173556572
18	18	1	0.2	0.314182205877238	3.9	0.919527904932805	2.9804720950672
19	19	1	9.2	0.677175828754098	5.74	3.1077354816756	2.6322645183244
20	20	1	0	0.590443812229617	3.87	1.88898056039892	1.98101943960108
21	21	1	0	0.558250384946051	3.55	1.6738276440877	1.8761723559123
22	22	1	0	0.592474346403117	3.23	0.458651180986385	2.77134881901362
23	23	0	0	0.652039873049842		1.29870415984834	
24	24	0	0	0.411814904539149		0.955548793030809	
25	25	0	1.6	0.497916137304005		1.0978076486598	
26	26	0	0	1.07199981763238		1.17431379355278	
27	27	0	0	0.927635133614856		0.770205793866333	
28	28	0	0	0.705401653315281		1.20940032967283	
29	29	0	0	0.946491205545385		1.14175345193402	
30	30	0	0	0.97285888262407		0.812083442929946	
31	31	0	0	1.0386650103544		1.21547757069662	
32	32	0	0	1.0638736953479		1.05680599925981	
33	33	0	0	0.71985797359013		0.785712314825526	
34	34	0	0	0.715216105008825		0.976286521264715	
35	35	0	0	0.667014910670826		0.423890085178185	
36	36	0	0	0.722996958193377		0.759514490666084	
37	37	0	0	0.782146790139443		0.69878096651321	
38	38	0	0	0.661473459850857		0.678010418224225	
39	39	0	0.4	0.242617011229054		0.456294450891566	
40	40	0	4.2	0.350796729048206		1.63546869036583	
41	41	0	7.2	0.335509765956978		2.513866375233	
42	42	0	0	0.491858788689221		2.25415706985912	
43	43	0	0	0.436634731124414		0.827042149952024	
44	44	0	0	0.33372332157527		0.693376924392033	
45	45	0	0	0.293528568372508		1.07947857690233	
46	46	0	0	0.18302443245166		0.580316624523647	
47	47	0	0	0.292314385461886		0.333087339002457	
48	48	0	0.8	0.123268473932036		0.149973760265436	
49	49	0	1.8	0.0681858410817782		0.840696461027505	
50	50	0	1.2	0.0797789496200174		0.671851304281997	
51	51	0	1	0.116809716914954		0.67055385435023	
52	52	0	0	0.099738492367301		0.377186424854923	
53	53	0	0	0.0593602574721039		0.326611200634756	
54	54	0	0	0.0688165722414666		0.26039621095835	
55	55	0	0.4	0.0959912299324053		0.303177227333249	
56	56	0	1	0.164617087651081		0.535474645070391	
57	57	0	0	0.08092522994761		0.274277363031623	
58	58	0	0	0.11272630907089		0.297203285773619	
59	59	0	0.6	0.256734396578665		0.340971904988025	
60	60	0	0.8	0.282645291096184		0.625594326484347	
61	61	0	0	0.296195044462486		0.651269248465075	
62	62	0	0	0.224030749056332		0.299706867008205	
63	63	0	0	0.223540701871514		0.326369151272565	
64	64	0	0	0.211894899803909		0.25537963552507	
65	65	0	0	0.134428386576353		0.190326886492692	
66	66	0	0	0.190192026216351		0.230250092181862	
67	67	0	0	0.215364785318783		0.124759316225364	
68	68	0	0	0.0897678171687062		0.112595515417832	
69	69	0	0.2	0.131211878567967		0.278808786101002	
70	70	0	0	0.0579788804516461		-0.0232948466264953	
71	71	0	0	0.0337319017025486		0.126945713783945	
72	72	0	0	0.150016199187643		0.101865903063167	
73	73	0	0	0.0744903376922572		-0.00376928183341714	
74	74	0	0	0.00662941687214413		0.148887324733439	
75	75	0	0	0.0572094270024124		0.0462296905364512	
76	76	0	0.2	0.021287388665904		-0.00808978082229442	
77	77	0	0	0.0116285699636158		0.102677908657022	
78	78	0	0	0.051057260375206		0.0431283651888283	
79	79	0	0	0.0451606165731988		0.0130601461182841	
80	80	0	0	0.00165093579093423		0.045461861875794	
81	81	0	0	0		0.0358534975356418	
82	82	0	0	0.00401366313697338		-0.0253231875207811	
83	83	0	1	0.0573144727582395		0.296434276607039	
84	84	0	0	0.0374180279667335		0.190621936242404	
85	85	0	0	0		0.13271688649965	
86	86	0	0	0		-0.00693438086731934	
87	87	0	0	0		0.0440058951256658	
88	88	0	0	0		0.0578694619826177	
89	89	0	0	0		-0.00325302175760868	
90	90	0	0	0		0	
91	91	0	0	0.0154508936461539		0.0161817770245789	
92	92	0	0	0		-0.0102500160445008	
93	93	0	0	0		0.0218945879788114	
94	94	0	0	0		-0.0114960533741701	
95	95	0	0	0		0.000830996384702394	
96	96	0	0	0		-0.00134325874282102	
97	97	0	0	0		0	
98	98	0	0	0		0	
99	99	0	0	0		0	
100	100	0	0	0		0	
101	101	0	0	0		0	
102	102	0	0	0		0	
103	103	0	0	0		0	
104	104	0	0	0		0	
105	105	0	0	0		0	
106	106	0	0	0		0	
107	107	0	0	0		0	
108	108	0	0	0		0	
109	109	0	0	0		0	
110	110	0	0	0		0	
111	111	0	0	0		0	
112	112	0	0	0		0	
113	113	0	0	0		0	
114	114	0	0	0		0	
115	115	0	0	0		0	
116	116	0	0	0		0	
117	117	0	0	0		0	
118	118	0	0	0		0	
119	119	0	0	0		0	
120	120	0	0	0		0	
121	121	0	0	0		0	
122	122	0	0	0		0	
123	123	0	0	0		0	
124	124	0	0	0		0	
125	125	0	0	0		0	
126	126	0	0	0		0	
127	127	0	0	0		0	
128	128	0	0	0		0	
129	129	0	0	0		0	
130	130	0	0	0		0	
131	131	0	0	0		0	
132	132	0	0	0		0	
133	133	0	0	0		0	
134	134	0	0	0		0	
135	135	0	0	0		0	
136	136	0	0	0		0	
137	137	0	0	0		0	
138	138	0	0	0		0	
139	139	0	0	0		0	
140	140	0	0	0		0	
141	141	0	0	0		0	
142	142	0	0	0		0	
143	143	0	0	0		0	
144	144	0	0	0		0	
145	145	0	0	0		0	
146	146	0	0	0		0	
147	147	0	0	0		0	
148	148	0	0	0		0	
149	149	0	0	0		0	
150	150	0	0	0		0	
151	151	0	0	0		0	
152	152	0	0	0		0	
153	153	0	0	0		0	
154	154	0	0	0		0	
155	155	0	0	0		0	
156	156	0	0	0		0	
157	157	0	0	0		0	
158	158	0	0	0		0	
159	159	0	0	0		0	
160	160	0	0	0		0	
161	161	0	0	0		0	
162	162	0	0	0		0	
163	163	0	0	0		0	
164	164	0	0	0		0	
165	165	0	0	0		0	
166	166	0	0	0		0	
167	167	0	0	0		0	
168	168	0	0	0		0	
169	169	0	0	0		0	
170	170	0	0	0		0	
171	171	0	0	0		0	
172	172	0	0	0		0	
173	173	0	0	0		0	
174	174	0	0	0		0	
175	175	0	0	0		0	
176	176	0	0	0		0	
177	177	0	0	0		0	
178	178	0	0	0		0	
179	179	0	0	0		0	
180	180	0	0	0		0	
181	181	0	0	0		0	
182	182	0	0	0		0	
183	183	0	0	0		0	
184	184	0	0	0		0	
185	185	0	0	0		0	
186	186	0	0	0		0	
187	187	0	0	0		0	
188	188	0	0	0		0	
189	189	0	0	0		0	
190	190	0	0	0		0	
191	191	0	0	0		0	
192	192	0	0	0		0	
193	193	0	0	0		0	
194	194	0	0	0		0	
195	195	0	0	0		0	
196	196	0	0	0		0	
197	197	0	0	0		0	
198	198	0	0	0		0	
199	199	0	0	0		0	
200	200	0	0	0		0	
201	201	0	0	0		0	
202	202	0	0	0		0	
203	203	0	0	0		0	
204	204	0	0	0		0	
205	205	0	0	0		0	
206	206	0	0	0		0	
207	207	0	0	0		0	
208	208	0	0	0		0	
209	209	0	0	0		0	
210	210	0	0	0		0	
211	211	0	0	0		0	
212	212	0	0	0		0	
213	213	0	0	0		0	
214	214	0	0	0		0	
215	215	0	0	0		0	
216	216	0	0	0		0	
217	217	0	0	0		0	
218	218	0	0	0		0	
219	219	0	0	0		0	
220	220	0	0	0		0	
221	221	0	0	0		0	
222	222	0	0	0		0	
223	223	0	0	0		0	
224	224	0	0	0		0	
225	225	0	0	0		0	
226	226	0	0	0		0	
227	227	0	0	0		0	
228	228	0	0	0		0	
229	229	0	0	0		0	
230	230	0	0	0		0	
231	231	0	0	0		0	
232	232	0	0	0		0	
233	233	0	0	0		0	
234	234	0	0	0		0	
235	235	0	0	0		0	
236	236	0	0	0		0	
237	237	0	0	0		0	
238	238	0	0	0		0	
239	239	0	0	0		0	
240	240	0	0	0		0	
241	241	0	0	0		0	
242	242	0	0	0		0	
243	243	0	0	0		0	
244	244	0	0	0		0	
245	245	0	0	0		0	
246	246	0	0	0		0	
247	247	0	0	0		0	
248	248	0	0	0		0	
249	249	0	0	0		0	
250	250	0	0	0		0	
251	251	0	0	0		0	
252	252	0	0	0		0	
253	253	0	0	0		0	
254	254	0	0	0		0	
255	255	0	0	0		0	
256	256	0	0	0		0	
257	257	0	0	0		0	
258	258	0	0	0		0	
259	259	0	0	0		0	
260	260	0	0	0		0	
261	261	0	0	0		0	
262	262	0	0	0		0	
263	263	0	0	0		0	
264	264	0	0	0		0	
265	265	0	0	0		0	
266	266	0	0	0		0	
267	267	0	0	0		0	
268	268	0	0	0		0	
269	269	0	0	0		0	
270	270	0	0	0		0	
271	271	0	0	0		0	
272	272	0	0	0		0	
273	273	0	0	0		0	
274	274	0	0	0		0	
275	275	0	0	0		0	
276	276	0	0	0		0	
277	277	0	0	0		0	
278	278	0	0	0		0	
279	279	0	0	0		0	
280	280	0	0	0		0	
281	281	0	0	0		0	
282	282	0	0	0		0	
283	283	0	0	0		0	
284	284	0	0	0		0	
285	285	0	0	0		0	
286	286	0	0	0		0	
287	287	0	0	0		0	
288	288	0	0	0		0	
289	289	0	0	0		0	
290	290	0	0	0		0	
291	291	0	0	0		0	
292	292	0	0	0		0	
293	293	0	0	0		0	
294	294	0	0	-30.2825722105553		-31.7150478453972	
295	295	0	0	0		20.0892490839332	
296	296	0	0	0		-42.9117212682229	
297	297	0	0	0		22.53138714254	
298	298	0	0	0		-1.62868948571947	
299	299	0	0	0		2.63268460766753	
300	300	0	0	0		0	
301	301	0	0	0		0	
302	302	0	0	0		0	
303	303	0	0	0		0	
304	304	0	0	0		0	
305	305	0	0	0		0	
306	306	0	0	0		0	
307	307	0	0	0		0	
308	308	0	0	0		0	
309	309	0	0	0		0	
310	310	0	0	0		0	
311	311	0	0	0		0	
312	312	0	0	0		0	
313	313	0	0	0		0	
314	314	0	0	0		0	
315	315	0	0	0		0	
316	316	0	0	0		0	
317	317	0	0	0		0	
318	318	0	0	0		0	
319	319	0	0	0		0	
320	320	0	0	0		0	
321	321	0	0	0		0	
322	322	0	0	0		0	
323	323	0	0	0		0	
324	324	0	0	0		0	
325	325	0	0	0		0	
326	326	0	0	0		0	
327	327	0	0	0		0	
328	328	0	0	0		0	
329	329	0	0	0		0	
330	330	0	0	0		0	
331	331	0	0	0		0	
332	332	0	0	0		0	
333	333	0	0	0		0	
334	334	0	0	0		0	
335	335	0	0	0		0	
336	336	0	0	0		0	
337	337	0	0	0		0	
338	338	0	0	0		0	
339	339	0	0	0		0	
340	340	0	0	0		0	
341	341	0	0	0		0	
342	342	0	0	0		0	
343	343	0	0	0		0	
344	344	0	0	0		0	
345	345	0	0	0		0	
346	346	0	0	0		0	
347	347	0	0	0		0	
348	348	0	0	0		0	
349	349	0	0	0		0	
350	350	0	0	0		0	
351	351	0	0	0		0	
352	352	0	0	0		0	
353	353	0	0	0		0	
354	354	0	0	1.20424055424986		1.26120550559075	
355	355	0	0	0		-0.798884859683973	
356	356	0	0	0		1.70646121619246	
357	357	0	0	0		-0.896000840083624	
358	358	0	0	0		0.0647677454658258	
359	359	0	0	0		-0.104693404148725	
360	360	0	0	0.35136925383185		0.367990295513747	
361	361	0	0	0		-0.233095934241788	
362	362	0	0	0		0.497905507425828	
363	363	0	0	0		-0.26143210798029	
364	364	0	0	0		0.0188977146770101	
365	365	0	0	0.250413101518281		0.231711461655495	
366	366	0	0.2	0.17311634459614		0.0636449597172206	
367	367	0	0.2	0.401200138621629		0.746163478262892	
368	368	0	0.4	0.200766838045284	11.76	0.15344239496684	11.6065576050332
369	369	1	0	0.340392742267023	10.57	0.763915069761955	9.80608493023805
370	370	1	1	0.33090398468436	9.58000000000001	0.378677645791435	9.20132235420858
371	371	1	0	0.657470361744666	8.73	1.01513693687079	7.71486306312921
372	372	1	0.6	0.412127085346029	7.36	0.451670919726524	6.90832908027348
373	373	1	0.2	0.594092428839989	5.8	1.20293724070521	4.59706275929479
374	374	1	0.4	0.351919421840486	5.41	0.308702065909634	5.10129793409037
375	375	1	0	0.555062801890483	4.55	1.03092292439053	3.51907707560947
376	376	1	0	0.523445273579359	2.63	0.271388620031618	2.35861137996838
377	377	1	0	0.835542830042495	4.43	1.0919614094543	3.3380385905457
378	378	1	0	0.799115871476141	3.8	0.618472022589207	3.18152797741079
379	379	1	0	0.707613587088338	3.75	1.02908959284608	2.72091040715392
380	380	1	0	1.0356329739138	4.27	1.10579928803474	3.16420071196526
381	381	1	0	0.59673554204705	3.61	0.345509254367439	3.26449074563256
382	382	1	1.8	0.143810197352291	3.53	1.10228440254671	2.42771559745329
383	383	1	0.2	0.212152650686907	3.63	0.556572272033148	3.07342772796685
384	384	1	0.2	0.592347013793464	3.65	0.462596956651477	3.18740304334852
385	385	1	0	0.773380551803504	4.84	0.574553078071148	4.26544692192885
386	386	1	0	0.930603922395001	4.97	1.23574494148721	3.73425505851279
387	387	1	0	1.00378607487399	5.24	1.20783378299029	4.03216621700971
388	388	1	0	0.853575187556057	4.98	1.01073403563165	3.96926596436835
389	389	1	0	0.709296431124461	5.05	0.908862277808869	4.14113772219113
390	390	0	0	0.499967248788376		0.498588364622461	
391	391	0	0	0.434509395008561		0.466482388141707	
392	392	0	0	0.681574808268007		0.564938459954524	
393	393	0	0	0.805518775785359		0.599135373424433	
394	394	0	0	0.61117777249628		0.713468169831893	
395	395	0	0	0.715807382973182		0.958457518239854	
396	396	0	0	0.662321206054912		0.484400670561048	
397	397	0	0	0.342366609014803		0.462842124339083	
398	398	0	0	0.280989578314298		0.435949145626132	
399	399	0	0	0.148904888977697		-0.0527375714255039	
400	400	0	0.6	0.139207976738188		0.309228220479118	
401	401	0	0	0.11553375302887		0.103983622350142	
402	402	0	1.8	0.0896533240872301		0.572899493665865	
403	403	0	0	0.0567069159921871		0.370807254922592	
404	404	0	0	0.155382828201279		0.345218936628675	
405	405	0	0	0.114102013301256		0.0291331687452455	
406	406	0	10	0.0736159212366232		2.72167159081141	
407	407	0	0	0.0935065264643029		2.07599482982114	
408	408	0	0	0.227731250121838		0.993844860365282	
409	409	0	0.2	0.222624996654279		0.0256097976217164	
410	410	0	1.6	0.154738440239253		1.37788608285257	
411	411	0	0	0.103577537869359		1.07493977852076	
412	412	0	0	0.273620382767199		0.39921767502498	
413	413	0	0	0.387072304193048		0.233458090713468	
414	414	0	0	0.389630240453052		0.573662622755702	
415	415	0	0	0.134621869702936		0.316888070151563	
416	416	0	12.2	0.183770638588999		3.32917042653938	
417	417	0	4	0.124909240305385		3.16482924340931	
418	418	0	3.2	0.178077558432889		2.7463228728511	
419	419	0	0.2	0.219018433459159		0.87763542641907	
420	420	0	0	0.270392567193593		1.36030236238649	
421	421	0	1.2	0.284784423660078		1.55674782654865	
422	422	0	5.4	0.276011564256969		2.31367442053736	
423	423	0	6.2	0.163757357225482		3.0063097685973	
424	424	0	1.2	0.0674006097968594		2.0107885470672	
425	425	0	1.8	0.238898417304366		1.36615141973516	
426	426	0	1.2	0.098915448070688		0.97020613534737	
427	427	0	1.4	0.123165633900328		1.779937948054	
428	428	0	0.2	0.0699804749069024		0.778432384434427	
429	429	0	0	0.0848186712854613		0.475459979161347	
430	430	0	0	0.132058039746656		0.257909647762456	
431	431	0	0	0.0832318315566312		0.231970720681768	
432	432	0	1.8	0.0210567021319932		0.619072437486801	
433	433	0	0	0		0.354054220463625	
434	434	0	0	0		0.110653679974721	
435	435	0	0	0		-0.0542236180567049	
436	436	0	0	0.0103722277641651		0.129162316268218	
437	437	0	0	0.00273278858372095		0.103662169552624	
438	438	0	2.8	0.0171576172886674		0.70932087535461	
439	439	0	0.2	0.0391190992891239		0.59950044976842	
440	440	0	0	0.0484205772203445		0.307585478887476	
441	441	0	0	0.0258063670392836		0.00362711792640753	
442	442	0	0	0.0982972565623577		0.316030287537731	
443	443	0	0	0		0.120118479778615	
444	444	0	0	0.00567691901929379		0.137407276400168	
445	445	0	0	0.0645306280526583		-0.0121413786716939	
446	446	0	0	0.0804097511998378		0.0524918849220152	
447	447	0	0	0.135011843208339		0.166728285201217	
448	448	0	0	0.117267379592018		0.0994848189206578	
449	449	0	0.2	0.066617979846189		0.174903639552969	
450	450	0	0	0.0138138725220536		0.0722281453244433	
451	451	0	0	0		0.0141463928184517	
452	452	0	0	0.00158504175390917		-0.0372678146397871	
453	453	0	0	0.000528326420837999		-0.00356567901678856	
454	454	0	0	0		0.00901490515178986	
455	455	0	0	0		-0.00163161050198536	
456	456	0	0	0		-0.000307846579930415	
457	457	0	0	0		-0.000109384213413211	
458	458	0	0	0		-4.59312645667352e-05	
459	459	0	0	0		0	
460	460	0	0	0		0	
461	461	0	0	0		0	
462	462	0	0	0		0	
463	463	0	0	0		0	
464	464	0	0	0		0	
465	465	0	0	0		0	
466	466	0	0	0		0	
467	467	0	0	0		0	
468	468	0	0	0		0	
469	469	0	0	0		0	
470	470	0	0	0		0	
471	471	0	0	0		0	
472	472	0	0	0		0	
473	473	0	0	0		0	
474	474	0	0	0		0	
475	475	0	0	0		0	
476	476	0	0	0		0	
477	477	0	0	0		0	
478	478	0	0	0		0	
479	479	0	0	0		0	
480	480	0	0	0		0	
481	481	0	0	0		0	
482	482	0	0	0		0	
483	483	0	0	0		0	
484	484	0	0	0		0	
485	485	0	0	0		0	
486	486	0	0	0		0	
487	487	0	0	0		0	
488	488	0	0	0		0	
489	489	0	0	0		0	
490	490	0	0	0		0	
491	491	0	0	0		0	
492	492	0	0	0		0	
493	493	0	0	0		0	
494	494	0	0	0		0	
495	495	0	0	0		0	
496	496	0	0	0		0	
497	497	0	0	0		0	
498	498	0	0	0		0	
499	499	0	0	0		0	
500	500	0	0	0		0	
501	501	0	0	0		0	
502	502	0	0	0		0	
503	503	0	0	0		0	
504	504	0	0	0		0	
505	505	0	0	0		0	
506	506	0	0	0		0	
507	507	0	0	0		0	
508	508	0	0	0		0	
509	509	0	0	0		0	
510	510	0	0	0		0	
511	511	0	0	0		0	
512	512	0	0	0		0	
513	513	0	0	0		0	
514	514	0	0	0		0	
515	515	0	0	0		0	
516	516	0	0	0		0	
517	517	0	0	0		0	
518	518	0	0	0		0	
519	519	0	0	0		0	
520	520	0	0	0		0	
521	521	0	0	0		0	
522	522	0	0	0		0	
523	523	0	0	0		0	
524	524	0	0	0		0	
525	525	0	0	0		0	
526	526	0	0	0		0	
527	527	0	0	0		0	
528	528	0	0	0		0	
529	529	0	0	0		0	
530	530	0	0	0		0	
531	531	0	0	0		0	
532	532	0	0	0		0	
533	533	0	0	0		0	
534	534	0	0	0		0	
535	535	0	0	0		0	
536	536	0	0	0		0	
537	537	0	0	0		0	
538	538	0	0	0		0	
539	539	0	0	0		0	
540	540	0	0	0		0	
541	541	0	0	0		0	
542	542	0	0	0		0	
543	543	0	0	0		0	
544	544	0	0	0		0	
545	545	0	0	0		0	
546	546	0	0	0		0	
547	547	0	0	0		0	
548	548	0	0	0		0	
549	549	0	0	0		0	
550	550	0	0	0		0	
551	551	0	0	0		0	
552	552	0	0	0		0	
553	553	0	0	0		0	
554	554	0	0	0		0	
555	555	0	0	0		0	
556	556	0	0	0		0	
557	557	0	0	0		0	
558	558	0	0	0		0	
559	559	0	0	0		0	
560	560	0	0	0		0	
561	561	0	0	0		0	
562	562	0	0	0		0	
563	563	0	0	0		0	
564	564	0	0	0		0	
565	565	0	0	0		0	
566	566	0	0	0		0	
567	567	0	0	0		0	
568	568	0	0	0		0	
569	569	0	0	0		0	
570	570	0	0	0		0	
571	571	0	0	0		0	
572	572	0	0	0		0	
573	573	0	0	0		0	
574	574	0	0	0		0	
575	575	0	0	0		0	
576	576	0	0	0		0	
577	577	0	0	0		0	
578	578	0	0	0		0	
579	579	0	0	0		0	
580	580	0	0	0		0	
581	581	0	0	0		0	
582	582	0	0	0		0	
583	583	0	0	0		0	
584	584	0	0	0		0	
585	585	0	0	0		0	
586	586	0	0	0		0	
587	587	0	0	0		0	
588	588	0	0	0		0	
589	589	0	0	0		0	
590	590	0	0	0		0	
591	591	0	0	0		0	
592	592	0	0	0		0	
593	593	0	0	0		0	
594	594	0	0	0		0	
595	595	0	0	0		0	
596	596	0	0	0		0	
597	597	0	0	0		0	
598	598	0	0	0		0	
599	599	0	0	0		0	
600	600	0	0	0		0	
601	601	0	0	0		0	
602	602	0	0	0		0	
603	603	0	0	0		0	
604	604	0	0	0		0	
605	605	0	0	0		0	
606	606	0	0	0		0	
607	607	0	0	0		0	
608	608	0	0	0		0	
609	609	0	0	0		0	
610	610	0	0	0		0	
611	611	0	0	0		0	
612	612	0	0	0		0	
613	613	0	0	0		0	
614	614	0	0	0		0	
615	615	0	0	0		0	
616	616	0	0	0		0	
617	617	0	0	0		0	
618	618	0	0	0		0	
619	619	0	0	0		0	
620	620	0	0	0		0	
621	621	0	0	0		0	
622	622	0	0	0		0	
623	623	0	0	0		0	
624	624	0	0	0		0	
625	625	0	0	0		0	
626	626	0	0	0		0	
627	627	0	0	0		0	
628	628	0	0	0		0	
629	629	0	0	0		0	
630	630	0	0	0		0	
631	631	0	0	0		0	
632	632	0	0	0		0	
633	633	0	0	0		0	
634	634	0	0	0		0	
635	635	0	0	0		0	
636	636	0	0	0		0	
637	637	0	0	0		0	
638	638	0	0	0		0	
639	639	0	0	0		0	
640	640	0	0	0		0	
641	641	0	0	0		0	
642	642	0	0	0		0	
643	643	0	0	0		0	
644	644	0	0	0		0	
645	645	0	0	0		0	
646	646	0	0	0		0	
647	647	0	0	0		0	
648	648	0	0	0		0	
649	649	0	0	0		0	
650	650	0	0	0		0	
651	651	0	0	0		0	
652	652	0	0	0		0	
653	653	0	0	0		0	
654	654	0	0	0		0	
655	655	0	0	0		0	
656	656	0	0	0		0	
657	657	0	0	0		0	
658	658	0	0	0		0	
659	659	0	0	-26.8021723991265		-28.0700124840318	
660	660	0	0	0		17.7803759064065	
661	661	0	0	0		-37.9798434352708	
662	662	0	0	0		19.9418371196132	
663	663	0	0	0		-1.44150292377351	
664	664	0	0	0		2.33010809770766	
665	665	0	0	0		0	
666	666	0	0	0		0	
667	667	0	0	0		0	
668	668	0	0	0		0	
669	669	0	0	0		0	
670	670	0	0	0		0	
671	671	0	0	0		0	
672	672	0	0	0		0	
673	673	0	0	0		0	
674	674	0	0	0		0	
675	675	0	0	0		0	
676	676	0	0	0		0	
677	677	0	0	0		0	
678	678	0	0	0		0	
679	679	0	0	0		0	
680	680	0	0	0		0	
681	681	0	0	0		0	
682	682	0	0	0		0	
683	683	0	0	0		0	
684	684	0	0	0		0	
685	685	0	0	0		0	
686	686	0	0	0		0	
687	687	0	0	0		0	
688	688	0	0	0		0	
689	689	0	0	0		0	
690	690	0	0	0		0	
691	691	0	0	0		0	
692	692	0	0	0		0	
693	693	0	0	0		0	
694	694	0	0	0		0	
695	695	0	0	0		0	
696	696	0	0	0		0	
697	697	0	0	0		0	
698	698	0	0	0		0	
699	699	0	0	0		0	
700	700	0	0	0		0	
701	701	0	0	0		0	
702	702	0	0	0		0	
703	703	0	0	0		0	
704	704	0	0	0		0	
705	705	0	0	0		0	
706	706	0	0	0		0	
707	707	0	0	0		0	
708	708	0	0	0		0	
709	709	0	0	0		0	
710	710	0	0	0		0	
711	711	0	0	0		0	
712	712	0	0	0		0	
713	713	0	0	0		0	
714	714	0	0	0		0	
715	715	0	0	1.00292540849258		1.05036742237569	
716	716	0	0	0		-0.665333783528142	
717	717	0	0	0		1.42118890306984	
718	718	0	0	0		-0.74621470384738	
719	719	0	0	0		0.053940400320532	
720	720	0	0	0.0687263539750647		-0.0152142518744698	
721	721	0	0	0.101368511227576		0.060571021748419	
722	722	0	0	0		0.0301410615945892	
723	723	0	0	0		0.0925085620662231	
724	724	0	0	0.342846330759147		0.28733848771908	
725	725	0	0	0.270037403324331		0.054846293536918	
726	726	0	0	0.270194010920804		0.580849673812037	
727	727	0	0	0.681444789184975		0.66199877414476	
728	728	0	0	0.776658292650328		0.561729159187805	
729	729	0	0	0.25307680433232		0.499138077505619	
730	730	0	0	0.117789662112893		0.540065366284881	
731	731	0	0	0.35573129644183		0.0883355671988888	
732	732	0	0	0.102164194790833		-0.167850358896818	
733	733	0	0	0.749444740412645		1.07965857637147	
734	734	0	0	0.610695797224926		0.00683421574077839	
735	735	0	0	0.394571422138166		1.00297844281019	
736	736	0	0	0.0636490330983337		0.0872393604546245	
737	737	0	0	0.0728747246181154	5.04	0.170267115409772	4.86973288459023
738	738	1	0	0.0227504859161716	4.89	-0.260210242359492	5.15021024235949
739	739	1	0	0.076324107064389	4.11	0.0888803723753801	4.02111962762462
740	740	1	0	0.0680967239197541	4.14	-0.032177810245141	4.17217781024514
741	741	1	0	0.0179762769639247	4.19	0.0632650255933558	4.12673497440664
742	742	1	0	0.0740396885672849	3.81	0.100212732316896	3.7097872676831
743	743	1	0	0.098882732841421	4.06	0.0313765159760431	4.02862348402396
744	744	1	0	0.367436662559721	3.92	0.407789091908984	3.51221090809102
745	745	1	0	0.69514135665404	4	0.564348582720624	3.43565141727938
746	746	1	0	0.777211620286724	4.28	0.802345058367024	3.47765494163298
747	747	1	0	0.886207402014364	4.17	1.12307147000597	3.04692852999403
748	748	1	0	0.894652993068432	4.62	0.944365743211253	3.67563425678875
749	749	1	0	0.984658688682787	4.93	1.12069225992851	3.8093077400715
750	750	1	0	0.979220671753133	4.86	0.962082839098369	3.89791716090163
751	751	1	0	0.842868428398312	5.08	0.942873485407581	4.13712651459242
752	752	1	0	0.512305075365935	5.04	0.603433281413674	4.43656671858633
753	753	1	0	0.636173147337216	4.76	0.767389787082148	3.99261021291785
754	754	1	0.6	0.146436070580949	4.47	-0.0573898456378064	4.52738984563781
755	755	1	0	0.145797339880362	5.03	0.648624625347189	4.38137537465281
756	756	1	0	0.125473469515232	5.13	-0.229194761876416	5.35919476187642
757	757	1	2.6	0.163817241074526	5.29	0.795139552073737	4.49486044792626
758	758	1	0	0.227136024890068	5.35	0.680338913025056	4.66966108697494
759	759	1	0	0.164037701154031	5.12	0.398086943346874	4.72191305665313
760	760	1	0.2	0.075276184870841	5.15	0.166950345104621	4.98304965489538
761	761	1	0.2	0.294304793347202	5.32	0.5853178775824	4.7346821224176
762	762	1	1	0.234584226995688	4.7	0.486939290694568	4.21306070930543
763	763	1	0.6	0.0882603396254531	5.68	0.632300153231128	5.04769984676887
764	764	1	0	0.479710691139918	6.55	0.74941378065508	5.80058621934492
765	765	1	0	0.515312919761584	6.28	0.237398705524614	6.04260129447539
766	766	1	0.2	0.480625885114229	6.13	0.881863791995854	5.24813620800415
767	767	1	9.2	0.301864439225131	5.29	2.72402654749957	2.56597345250043
768	768	1	7	0.0952593540894782	6.5	3.68982701004548	2.81017298995452
769	769	1	4.8	0.144411469586469	6.26	3.34799268898249	2.91200731101751
770	770	1	7.2	0.187592741840497	6.42	3.04596127459207	3.37403872540793
771	771	1	0	0.233693249094717	7.19	2.48594648968714	4.70405351031286
772	772	1	1.2	0.154157793728412	7.2	1.96588382559282	5.23411617440718
773	773	1	0.4	0.170557862612235	7.53	1.22088215769959	6.30911784230041
774	774	1	2.6	0.242837955328422	6.79	1.77331689207269	5.01668310792731
775	775	1	0.4	0.341309793430263	6.8	1.35309772589479	5.44690227410521
776	776	1	9.8	0.341820621370452	6.63	3.06892795027292	3.56107204972708
777	777	1	2.6	0.292590636452427	7.04	2.93381021001097	4.10618978998903
778	778	1	0.2	0.247413344041384	5.36	1.80556283947024	3.55443716052976
779	779	0	0	0.226453512468851		0.488705630956279	
780	780	0	0	0.249170125768238		0.904293086217489	
781	781	0	0	0.34599962215502		1.09231492004781	
782	782	0	0	0.409264982664038		0.543561366070191	
783	783	0	0	0.444536083667682		0.501803009213171	
784	784	0	0	0.490324430727039		0.534839645272096	
785	785	0	0	0.383029478061623		0.39823529051135	
786	786	0	0	0.29555636910619		0.411428662874565	
787	787	0	0	0.336327940348269		0.322444916032625	
788	788	0	0.2	0.105282668869108		0.0571592868921109	
789	789	0	0.4	0.0252490831847858		0.325703757630633	
790	790	0	0.6	0.245012118536479		0.357716225216039	
791	791	0	0.2	0.273008377153523		0.262522461211037	
792	792	0	0	0.0945195962834937		0.314711937041237	
793	793	0	0	0.145476313055649		0.331611698243234	
794	794	0	0.2	0.0908418636462471		0.05118282603895	
795	795	0	1	0.13155790890529		0.536876904097044	
796	796	0	0	0.114393252664843		0.250029951362659	
797	797	0	0.2	0.0715358911310133		0.241881043861294	
798	798	0	0.4	0.124361920214362		0.269981260473828	
799	799	0	0	0.134412150471288		0.245917538444542	
800	800	0	0.2	0.132375362562733		0.304761916280199	
801	801	0	0	0.10627787141734		0.159660600059136	
802	802	0	0	0.0430236264884769		0.118301649512936	
803	803	0	0	0.102099806746313		0.147743477892285	
804	804	0	0	0.00228787970322841		-0.0741879671015124	
805	805	0	0	0.0650400747062392		0.18564313961342	
806	806	0	0	0.101764150627258		-0.0162188587113056	
807	807	0	0	0.108626859899825		0.138468897435329	
808	808	0	0.2	0.126148469541995		0.195574047907267	
809	809	0	0	0.121655216974428		0.162756806492362	
810	810	0	3	0.0812958596172599		0.845009401968277	
811	811	0	0.2	0.140293976863958		0.776299237151659	
812	812	0	0.8	0.1445020166848		0.563840802100175	
813	813	0	0.2	0.158135229061379		0.377663132835549	
814	814	0	0	0.0843337031968225		0.382510214726855	
815	815	0	0	0.0123170502854073		0.272209683111058	
816	816	0	2	0.0288409015183468		0.568026366402639	
817	817	0	0	0		0.369221675641491	
818	818	0	0	0.00200063951792728		0.195660553718363	
819	819	0	0	0.0086121308492082		-0.0554938571965311	
820	820	0	0	0		0.135827550627692	
821	821	0	0	0		0.129887403081897	
822	822	0	0	0.00542512419689345		-0.000618400581570604	
823	823	0	0	0		-0.00330973328508479	
824	824	0	0	0		0.0069389215551317	
825	825	0	0	0		-0.00403649903735593	
826	826	0	0	0		0.000291779795876218	
827	827	0	0	0.00583122689277005		0.00563541953263267	
828	828	0	0	0		-0.00386839561379649	
829	829	0	0	0.000499759471367156		0.00878650191172233	
830	830	0	0	0		-0.00467019188977768	
831	831	0	0	0		0.00102180213921113	
832	832	0	0	0		-0.000878791115460836	
833	833	0	0	0		2.68785950792085e-05	
834	834	0	0	0		-4.34477315419649e-05	
835	835	0	0	0		0	
836	836	0	0	0		0	
837	837	0	0	0		0	
838	838	0	0	0		0	
839	839	0	0	0		0	
840	840	0	0	0		0	
841	841	0	0	0		0	
842	842	0	0	0		0	
843	843	0	0	0		0	
844	844	0	0	0		0	
845	845	0	0	0		0	
846	846	0	0	0		0	
847	847	0	0	0		0	
848	848	0	0	0		0	
849	849	0	0	0		0	
850	850	0	0	0		0	
851	851	0	0	0		0	
852	852	0	0	0		0	
853	853	0	0	0		0	
854	854	0	0	0		0	
855	855	0	0	0		0	
856	856	0	0	0		0	
857	857	0	0	0		0	
858	858	0	0	0		0	
859	859	0	0	0		0	
860	860	0	0	0		0	
861	861	0	0	0		0	
862	862	0	0	0		0	
863	863	0	0	0		0	
864	864	0	0	0		0	
865	865	0	0	0		0	
866	866	0	0	0		0	
867	867	0	0	0		0	
868	868	0	0	0		0	
869	869	0	0	0		0	
870	870	0	0	0		0	
871	871	0	0	0		0	
872	872	0	0	0		0	
873	873	0	0	0		0	
874	874	0	0	0		0	
875	875	0	0	0		0	
876	876	0	0	0		0	
877	877	0	0	0		0	
878	878	0	0	0		0	
879	879	0	0	0		0	
880	880	0	0	0		0	
881	881	0	0	0		0	
882	882	0	0	0		0	
883	883	0	0	0		0	
884	884	0	0	0		0	
885	885	0	0	0		0	
886	886	0	0	0		0	
887	887	0	0	0		0	
888	888	0	0	0		0	
889	889	0	0	0		0	
890	890	0	0	0		0	
891	891	0	0	0		0	
892	892	0	0	0		0	
893	893	0	0	0		0	
894	894	0	0	0		0	
895	895	0	0	0		0	
896	896	0	0	0		0	
897	897	0	0	0		0	
898	898	0	0	0		0	
899	899	0	0	0		0	
900	900	0	0	0		0	
901	901	0	0	0		0	
902	902	0	0	0		0	
903	903	0	0	0		0	
904	904	0	0	0		0	
905	905	0	0	0		0	
906	906	0	0	0		0	
907	907	0	0	0		0	
908	908	0	0	0		0	
909	909	0	0	0		0	
910	910	0	0	0		0	
911	911	0	0	0		0	
912	912	0	0	0		0	
913	913	0	0	0		0	
914	914	0	0	0		0	
915	915	0	0	0		0	
916	916	0	0	0		0	
917	917	0	0	0		0	
918	918	0	0	0		0	
919	919	0	0	0		0	
920	920	0	0	0		0	
921	921	0	0	0		0	
922	922	0	0	0		0	
923	923	0	0	0		0	
924	924	0	0	0		0	
925	925	0	0	0		0	
926	926	0	0	0		0	
927	927	0	0	0		0	
928	928	0	0	0		0	
929	929	0	0	0		0	
930	930	0	0	0		0	
931	931	0	0	0		0	
932	932	0	0	0		0	
933	933	0	0	0		0	
934	934	0	0	0		0	
935	935	0	0	0		0	
936	936	0	0	0		0	
937	937	0	0	0		0	
938	938	0	0	0		0	
939	939	0	0	0		0	
940	940	0	0	0		0	
941	941	0	0	0		0	
942	942	0	0	0		0	
943	943	0	0	0		0	
944	944	0	0	0		0	
945	945	0	0	0		0	
946	946	0	0	0		0	
947	947	0	0	0		0	
948	948	0	0	0		0	
949	949	0	0	0		0	
950	950	0	0	0		0	
951	951	0	0	0		0	
952	952	0	0	0		0	
953	953	0	0	0		0	
954	954	0	0	0		0	
955	955	0	0	0		0	
956	956	0	0	0		0	
957	957	0	0	0		0	
958	958	0	0	0		0	
959	959	0	0	0		0	
960	960	0	0	0		0	
961	961	0	0	0		0	
962	962	0	0	0		0	
963	963	0	0	0		0	
964	964	0	0	0		0	
965	965	0	0	0		0	
966	966	0	0	0		0	
967	967	0	0	0		0	
968	968	0	0	0		0	
969	969	0	0	0		0	
970	970	0	0	0		0	
971	971	0	0	0		0	
972	972	0	0	0		0	
973	973	0	0	0		0	
974	974	0	0	0		0	
975	975	0	0	0		0	
976	976	0	0	0		0	
977	977	0	0	0		0	
978	978	0	0	0		0	
979	979	0	0	0		0	
980	980	0	0	0		0	
981	981	0	0	0		0	
982	982	0	0	0		0	
983	983	0	0	0		0	
984	984	0	0	0		0	
985	985	0	0	0		0	
986	986	0	0	0		0	
987	987	0	0	0		0	
988	988	0	0	0		0	
989	989	0	0	0		0	
990	990	0	0	0		0	
991	991	0	0	0		0	
992	992	0	0	0		0	
993	993	0	0	0		0	
994	994	0	0	0		0	
995	995	0	0	0		0	
996	996	0	0	0		0	
997	997	0	0	0		0	
998	998	0	0	0		0	
999	999	0	0	0		0	
1000	1000	0	0	0		0	
1001	1001	0	0	0		0	
1002	1002	0	0	0		0	
1003	1003	0	0	0		0	
1004	1004	0	0	0		0	
1005	1005	0	0	0		0	
1006	1006	0	0	0		0	
1007	1007	0	0	0		0	
1008	1008	0	0	0		0	
1009	1009	0	0	0		0	
1010	1010	0	0	0		0	
1011	1011	0	0	0		0	
1012	1012	0	0	0		0	
1013	1013	0	0	0		0	
1014	1014	0	0	0		0	
1015	1015	0	0	0		0	
1016	1016	0	0	0		0	
1017	1017	0	0	0		0	
1018	1018	0	0	0		0	
1019	1019	0	0	0		0	
1020	1020	0	0	0		0	
1021	1021	0	0	0		0	
1022	1022	0	0	0		0	
1023	1023	0	0	0		0	
1024	1024	0	0	-26.3801276117554		-27.6280034455885	
1025	1025	0	0	0		17.5003943117414	
1026	1026	0	0	0		-37.3817876244087	
1027	1027	0	0	0		19.6278197227544	
1028	1028	0	0	0		-1.41880406243126	
1029	1029	0	0	0		2.2934166697889	
1030	1030	0	0	0		0	
1031	1031	0	0	0		0	
1032	1032	0	0	0		0	
1033	1033	0	0	0		0	
1034	1034	0	0	0		0	
1035	1035	0	0	0		0	
1036	1036	0	0	0		0	
1037	1037	0	0	0		0	
1038	1038	0	0	0		0	
1039	1039	0	0	0		0	
1040	1040	0	0	0		0	
1041	1041	0	0	0		0	
1042	1042	0	0	0		0	
1043	1043	0	0	0		0	
1044	1044	0	0	0		0	
1045	1045	0	0	0		0	
1046	1046	0	0	0		0	
1047	1047	0	0	0		0	
1048	1048	0	0	0		0	
1049	1049	0	0	0		0	
1050	1050	0	0	0		0	
1051	1051	0	0	0		0	
1052	1052	0	0	0		0	
1053	1053	0	0	0		0	
1054	1054	0	0	0		0	
1055	1055	0	0	0		0	
1056	1056	0	0	0		0	
1057	1057	0	0	0		0	
1058	1058	0	0	0		0	
1059	1059	0	0	0		0	
1060	1060	0	0	0		0	
1061	1061	0	0	0		0	
1062	1062	0	0	0		0	
1063	1063	0	0	0		0	
1064	1064	0	0	0		0	
1065	1065	0	0	0		0	
1066	1066	0	0	0		0	
1067	1067	0	0	0		0	
1068	1068	0	0	0		0	
1069	1069	0	0	0		0	
1070	1070	0	0	0		0	
1071	1071	0	0	0		0	
1072	1072	0	0	0		0	
1073	1073	0	0	0		0	
1074	1074	0	0	0		0	
1075	1075	0	0	0		0	
1076	1076	0	0	0		0	
1077	1077	0	0	0		0	
1078	1078	0	0	0		0	
1079	1079	0	0	0		0	
1080	1080	0	0	0		0	
1081	1081	0	0	0		0	
1082	1082	0	0	0		0	
1083	1083	0	0	0		0	
1084	1084	0	0	0		0	
1085	1085	0	0	0.298106000442796		0.31220749681719	
1086	1086	0	0	0		-0.19776146011213	
1087	1087	0	0	0		0.422429161910068	
1088	1088	0	0	0		-0.221802218741169	
1089	1089	0	0	0		0.0160330537701758	
1090	1090	0	0	0		-0.0259165262898481	
1091	1091	0	0	0		0	
1092	1092	0	0	0		0	
1093	1093	0	0	0.648722587528649		0.679409521714591	
1094	1094	0	0	1.46327384761091		1.10213393395388	
1095	1095	0	0	0.760040256395405		0.744535272400612	
1096	1096	0	0	0.287610145849142	10.74	1.38785803727978	9.35214196272022
1097	1097	1	0	0.418507038007017	4.46	0.270674252981409	4.18932574701859
1098	1098	1	0	0.198481296927855	5.54	-0.205406144063292	5.74540614406329
1099	1099	1	3.4	0.298249437221283	4.32	1.29725296669913	3.02274703330087
1100	1100	1	1.2	0.205747616865033	4.87	0.865518714174834	4.00448128582517
1101	1101	1	0.2	0.741660313205089	8.17	1.45643858167832	6.71356141832168
1102	1102	1	0	0.483863094728629	6.25	0.131939998272727	6.11806000172727
1103	1103	1	0	0.24558017616664	4.87	1.06271063377632	3.80728936622369
1104	1104	1	0	0.413622212893566	4.87	0.675524785356998	4.194475214643
1105	1105	1	0	0.446320139755285	4.3	0.289855692680367	4.01014430731963
1106	1106	1	0	0.422920295706922	3.9	0.523953577099017	3.37604642290098
1107	1107	1	0	0.311801840156852	3.66	0.34183546883014	3.31816453116986
1108	1108	1	0	0.165243216368486	3.64	0.234325691402439	3.40567430859756
1109	1109	1	0	0.7704671007542	3.54	0.812505010734211	2.72749498926579
1110	1110	1	0	0.869382415914924	4.73	0.385493275945066	4.34450672405494
1111	1111	1	0	0.426340400664122	4.67	0.818605808970153	3.85139419102985
1112	1112	1	0	0.586232007317419	4.87	0.971607524483959	3.89839247551604
1113	1113	1	0	0.810115511376535	5.12	0.443896190151498	4.6761038098485
1114	1114	1	0	1.00649778799027	4.97	1.00996223149708	3.96003776850292
1115	1115	1	0	0.981603287092465	5.49	1.01947111248334	4.47052888751666
1116	1116	1	0	1.04491174491081	6.26	1.2611098290098	4.9988901709902
1117	1117	1	0	1.00611600609134	6.26	0.995228632270417	5.26477136772958
1118	1118	1	0	1.01454849296745	6.64	1.12912834146301	5.51087165853699
1119	1119	1	0	0.691375231786392	7.27	0.664582761120915	6.60541723887909
1120	1120	1	0	0.662594833296836	6.92	0.895215743803145	6.02478425619685
1121	1121	1	0	0.561823220504259	7.48	0.336954914587523	7.14304508541248
1122	1122	1	0	0.487293240327059	7.44	0.529247047937931	6.91075295206207
1123	1123	1	2	0.332988132026554	7.37	0.762206072512321	6.60779392748768
1124	1124	1	0.2	0.202870070415802	6.64	0.663265841747583	5.97673415825242
1125	1125	1	0	0.19629037924097	6.73	0.349325466297768	6.38067453370223
1126	1126	1	0	0.218461759327695	5.73	0.0964950663103081	5.63350493368969
1127	1127	1	2.8	0.1958056412752	5.73	0.976082335999609	4.75391766400039
1128	1128	1	0.2	0.22569340195928	6.05	0.961217648971927	5.08878235102807
1129	1129	0	2.2	0.170168285819749		0.941572811159891	
1130	1130	0	0.2	0.157999027549096	6.03	0.649403220743292	5.38059677925671
1131	1131	0	0	0.197424325104514		0.569024119350254	
1132	1132	0	0	0.277909928797264		0.413982068882596	
1133	1133	0	0	0.349404958116665		0.494012241468044	
1134	1134	0	0	0.506437222680869		0.686893683700484	
1135	1135	0	0.2	0.289089498236823		0.312655907720869	
1136	1136	0	2.2	0.149061339018818	7.44	0.990390874046572	6.44960912595343
1137	1137	1	0	0.180709333151988	5.73	0.546469540017879	5.18353045998212
1138	1138	0	0	0.237347089308336		0.292977045836588	
1139	1139	0	0	0.269641868154324		0.216886589537089	
1140	1140	0	0	0.297145586963314		0.481299879758527	
1141	1141	0	0	0.450572861749404		0.610868848695246	
1142	1142	0	0	0.444575673886789		0.384198064443826	
1143	1143	0	0	0.52252704922801		0.663577599069715	
1144	1144	0	0.6	0.506620719895473		0.616609752669059	
1145	1145	0	0.4	0.229191664223233		0.521494297179082	
1146	1146	0	0	0.0998031498582534		0.389056444667398	
1147	1147	0	0	0.1323948766128		0.0309948140679246	
1148	1148	0	6	0.151900461130296		1.51228778917006	
1149	1149	0	3	0.100720122937652		2.00306112774685	
1150	1150	0	0	0.069041373325927		1.1715434811428	
1151	1151	0	0	0.114955790581281		0.235924164078828	
1152	1152	0	0.2	0.0898000917534461		0.447892754737387	
1153	1153	0	0	0.126946411305305		0.787015778854671	
1154	1154	0	0	0.129040245682535		0.286014826039592	
1155	1155	0	0	0.177341857916868		0.209874850677065	
1156	1156	0	0.2	0.138087639686773		0.172495224456226	
1157	1157	0	0.2	0.0587479887955595		0.222382457145777	
1158	1158	0	0	0.0380112252802292		0.113878825890701	
1159	1159	0	0	0.0806997325401824		0.0505109940298753	
1160	1160	0	0	0.0623349863479135		0.0242267173094981	
1161	1161	0	0	0.029799222591997		0.0930746456022153	
1162	1162	0	0	0.0560087300189025		0.0762821823728316	
1163	1163	0	0	0.146524697967429		0.113182919754506	
1164	1164	0	0	0.181255527852006		0.146157900208284	
1165	1165	0	0	0.254621212014392		0.308564753012809	
1166	1166	0	0	0.264133107027195		0.255962273994774	
1167	1167	0	0	0.306774648212848		0.375021735644572	
1168	1168	0	4	0.226712673142163		1.18501313780293	
1169	1169	0	0.2	0.235789637427331		1.13155294737579	
1170	1170	0	0	0.212607926178237		0.506654463579938	
1171	1171	0	0	0.0935365543283382		0.061670332888041	
1172	1172	0	0.2	0.118069453280476		0.494371392279652	
1173	1173	0	0	0.223212831490891		0.417476597254596	
1174	1174	0	0	0.22226803381977		0.20141330592324	
1175	1175	0	0	0.118345465612272		0.187987986689333	
1176	1176	0	2	0.0534710617669063		0.623035398323287	
1177	1177	0	0.4	0.135323299945586		0.594620708461917	
1178	1178	0	0.2	0.131708308403869		0.310841258946779	
1179	1179	0	0	0.0896974772707431		0.179826213205751	
1180	1180	0	0.2	0.0585074091133855		0.275874468332278	
1181	1181	0	0	0.00048721873226043		0.176775518045271	
1182	1182	0	0	0		0.0652139725188183	
1183	1183	0	0	0		-0.0408053481855652	
1184	1184	0	0	0.0247241047908844		0.0347023324077587	
1185	1185	0	0	0.0277842781615618		0.019804458112965	
1186	1186	0	0	0.000308029824900302		0.0168834764963323	
1187	1187	0	0	0.000356662177384948		0.0211450430631213	
1188	1188	0	0	0.00679198725011787		-0.012029665789735	
1189	1189	0	0	0.0176617238120151		0.0136125270177463	
1190	1190	0	0	0		-0.00475641746305732	
1191	1191	0	0	0		0.0199663363301324	
1192	1192	0	0	0.0156600454019653		0.0035941138292811	
1193	1193	0	0	0.00440342875860011		-0.00541761427195899	
1194	1194	0	0	0		0.0177342985933678	
1195	1195	0	0	0		-0.00541182026970568	
1196	1196	0	0	0		-0.00243407350967533	
1197	1197	0	0	0		-0.00112461194274017	
1198	1198	0	0	0		-0.000382822140507808	
1199	1199	0	0	0		0	
1200	1200	0	0	0		0	
1201	1201	0	0	0		0	
1202	1202	0	0	0		0	
1203	1203	0	0	0		0	
1204	1204	0	0	0		0	
1205	1205	0	0	0		0	
1206	1206	0	0	0		0	
1207	1207	0	0	0		0	
1208	1208	0	0	0		0	
1209	1209	0	0	0		0	
1210	1210	0	0	0		0	
1211	1211	0	0	0		0	
1212	1212	0	0	0		0	
1213	1213	0	0	0		0	
1214	1214	0	0	0		0	
1215	1215	0	0	0		0	
1216	1216	0	0	0		0	
1217	1217	0	0	0		0	
1218	1218	0	0	0		0	
1219	1219	0	0	0		0	
1220	1220	0	0	0		0	
1221	1221	0	0	0		0	
1222	1222	0	0	0		0	
1223	1223	0	0	0		0	
1224	1224	0	0	0		0	
1225	1225	0	0	0		0	
1226	1226	0	0	0		0	
1227	1227	0	0	0		0	
1228	1228	0	0	0		0	
1229	1229	0	0	0		0	
1230	1230	0	0	0		0	
1231	1231	0	0	0		0	
1232	1232	0	0	0		0	
1233	1233	0	0	0		0	
1234	1234	0	0	0		0	
1235	1235	0	0	0		0	
1236	1236	0	0	0		0	
1237	1237	0	0	0		0	
1238	1238	0	0	0		0	
1239	1239	0	0	0		0	
1240	1240	0	0	0		0	
1241	1241	0	0	0		0	
1242	1242	0	0	0		0	
1243	1243	0	0	0		0	
1244	1244	0	0	0		0	
1245	1245	0	0	0		0	
1246	1246	0	0	0		0	
1247	1247	0	0	0		0	
1248	1248	0	0	0		0	
1249	1249	0	0	0		0	
1250	1250	0	0	0		0	
1251	1251	0	0	0		0	
1252	1252	0	0	0		0	
1253	1253	0	0	0		0	
1254	1254	0	0	0		0	
1255	1255	0	0	0		0	
1256	1256	0	0	0		0	
1257	1257	0	0	0		0	
1258	1258	0	0	0		0	
1259	1259	0	0	0		0	
1260	1260	0	0	0		0	
1261	1261	0	0	0		0	
1262	1262	0	0	0		0	
1263	1263	0	0	0		0	
1264	1264	0	0	0		0	
1265	1265	0	0	0		0	
1266	1266	0	0	0		0	
1267	1267	0	0	0		0	
1268	1268	0	0	0		0	
1269	1269	0	0	0		0	
1270	1270	0	0	0		0	
1271	1271	0	0	0		0	
1272	1272	0	0	0		0	
1273	1273	0	0	0		0	
1274	1274	0	0	0		0	
1275	1275	0	0	0		0	
1276	1276	0	0	0		0	
1277	1277	0	0	0		0	
1278	1278	0	0	0		0	
1279	1279	0	0	0		0	
1280	1280	0	0	0		0	
1281	1281	0	0	0		0	
1282	1282	0	0	0		0	
1283	1283	0	0	0		0	
1284	1284	0	0	0		0	
1285	1285	0	0	0		0	
1286	1286	0	0	0		0	
1287	1287	0	0	0		0	
1288	1288	0	0	0		0	
1289	1289	0	0	0		0	
1290	1290	0	0	0		0	
1291	1291	0	0	0		0	
1292	1292	0	0	0		0	
1293	1293	0	0	0		0	
1294	1294	0	0	0		0	
1295	1295	0	0	0		0	
1296	1296	0	0	0		0	
1297	1297	0	0	0		0	
1298	1298	0	0	0		0	
1299	1299	0	0	0		0	
1300	1300	0	0	0		0	
1301	1301	0	0	0		0	
1302	1302	0	0	0		0	
1303	1303	0	0	0		0	
1304	1304	0	0	0		0	
1305	1305	0	0	0		0	
1306	1306	0	0	0		0	
1307	1307	0	0	0		0	
1308	1308	0	0	0		0	
1309	1309	0	0	0		0	
1310	1310	0	0	0		0	
1311	1311	0	0	0		0	
1312	1312	0	0	0		0	
1313	1313	0	0	0		0	
1314	1314	0	0	0		0	
1315	1315	0	0	0		0	
1316	1316	0	0	0		0	
1317	1317	0	0	0		0	
1318	1318	0	0	0		0	
1319	1319	0	0	0		0	
1320	1320	0	0	0		0	
1321	1321	0	0	0		0	
1322	1322	0	0	0		0	
1323	1323	0	0	0		0	
1324	1324	0	0	0		0	
1325	1325	0	0	0		0	
1326	1326	0	0	0		0	
1327	1327	0	0	0		0	
1328	1328	0	0	0		0	
1329	1329	0	0	0		0	
1330	1330	0	0	0		0	
1331	1331	0	0	0		0	
1332	1332	0	0	0		0	
1333	1333	0	0	0		0	
1334	1334	0	0	0		0	
1335	1335	0	0	0		0	
1336	1336	0	0	0		0	
1337	1337	0	0	0		0	
1338	1338	0	0	0		0	
1339	1339	0	0	0		0	
1340	1340	0	0	0		0	
1341	1341	0	0	0		0	
1342	1342	0	0	0		0	
1343	1343	0	0	0		0	
1344	1344	0	0	0		0	
1345	1345	0	0	0		0	
1346	1346	0	0	0		0	
1347	1347	0	0	0		0	
1348	1348	0	0	0		0	
1349	1349	0	0	0		0	
1350	1350	0	0	0		0	
1351	1351	0	0	0		0	
1352	1352	0	0	0		0	
1353	1353	0	0	0		0	
1354	1354	0	0	0		0	
1355	1355	0	0	0		0	
1356	1356	0	0	0		0	
1357	1357	0	0	0		0	
1358	1358	0	0	0		0	
1359	1359	0	0	0		0	
1360	1360	0	0	0		0	
1361	1361	0	0	0		0	
1362	1362	0	0	0		0	
1363	1363	0	0	0		0	
1364	1364	0	0	0		0	
1365	1365	0	0	0		0	
1366	1366	0	0	0		0	
1367	1367	0	0	0		0	
1368	1368	0	0	0		0	
1369	1369	0	0	0		0	
1370	1370	0	0	0		0	
1371	1371	0	0	0		0	
1372	1372	0	0	0		0	
1373	1373	0	0	0		0	
1374	1374	0	0	0		0	
1375	1375	0	0	0		0	
1376	1376	0	0	0		0	
1377	1377	0	0	0		0	
1378	1378	0	0	0		0	
1379	1379	0	0	0		0	
1380	1380	0	0	0		0	
1381	1381	0	0	0		0	
1382	1382	0	0	0		0	
1383	1383	0	0	0		0	
1384	1384	0	0	0		0	
1385	1385	0	0	0		0	
1386	1386	0	0	0		0	
1387	1387	0	0	0		0	
1388	1388	0	0	0		0	
1389	1389	0	0	-30.1633573230833		-31.5901936608263	
1390	1390	0	0	0		20.0101627516268	
1391	1391	0	0	0		-42.7427885901581	
1392	1392	0	0	0		22.4426867255441	
1393	1393	0	0	0		-1.62227774392895	
1394	1394	0	0	0		2.62232038903147	
1395	1395	0	0	0		0	
1396	1396	0	0	0		0	
1397	1397	0	0	0		0	
1398	1398	0	0	0		0	
1399	1399	0	0	0		0	
1400	1400	0	0	0		0	
1401	1401	0	0	0		0	
1402	1402	0	0	0		0	
1403	1403	0	0	0		0	
1404	1404	0	0	0		0	
1405	1405	0	0	0		0	
1406	1406	0	0	0		0	
1407	1407	0	0	0		0	
1408	1408	0	0	0		0	
1409	1409	0	0	0		0	
1410	1410	0	0	0		0	
1411	1411	0	0	0		0	
1412	1412	0	0	0		0	
1413	1413	0	0	0		0	
1414	1414	0	0	0		0	
1415	1415	0	0	0		0	
1416	1416	0	0	0		0	
1417	1417	0	0	0		0	
1418	1418	0	0	0		0	
1419	1419	0	0	0		0	
1420	1420	0	0	0		0	
1421	1421	0	0	0		0	
1422	1422	0	0	0		0	
1423	1423	0	0	0		0	
1424	1424	0	0	0		0	
1425	1425	0	0	0		0	
1426	1426	0	0	0		0	
1427	1427	0	0	0		0	
1428	1428	0	0	0		0	
1429	1429	0	0	0		0	
1430	1430	0	0	0		0	
1431	1431	0	0	0		0	
1432	1432	0	0	0		0	
1433	1433	0	0	0		0	
1434	1434	0	0	0		0	
1435	1435	0	0	0		0	
1436	1436	0	0	0		0	
1437	1437	0	0	0		0	
1438	1438	0	0	0		0	
1439	1439	0	0	0		0	
1440	1440	0	0	0		0	
1441	1441	0	0	0.294811910376769		0.308757584328756	
1442	1442	0	0	0.771816099990482		0.61274962079044	
1443	1443	0	0	0.0674499466092526		-0.0236155986421551	
1444	1444	0	0	0		0.82959984750898	
1445	1445	0	0	0.163832021604446		-0.291243310491153	
1446	1446	0	0	0.112154293003861		-0.0255302748827136	
1447	1447	0	0	0		0.0942827825364579	
1448	1448	0	0	0.0386016017275974		0.071593927018504	
1449	1449	0	0	0.0144216155275456		-0.0851399033117245	
1450	1450	0	0	0		0.0369218379407981	
1451	1451	0	0	0		-0.0180353955459522	
1452	1452	0	0	0		-0.00865411887682979	
1453	1453	0	0	0.0585661141525284		0.0587562242392172	
1454	1454	0	0	0.00608471720505799		-0.0337335849781309	
1455	1455	0	0	0.0369476506924662		0.117649579152437	
1456	1456	0	0	0.0102644251542634		-0.0487139571699051	
1457	1457	0	0	0.093343080835623		0.141928229695874	
1458	1458	0	0	0.629803561976387		0.579962755974429	
1459	1459	0	0.2	0.738464030017521		0.530142883772523	
1460	1460	0	0.6	0.529226887525178		1.06762431030972	
1461	1461	0	0	0.530704445644507		0.91514288634445	
1462	1462	0	0	0.340127228936841		0.274566415248926	
1463	1463	0	0	0.444786416461334		0.586723233485114	
1464	1464	0	1.8	0.47293287650591		0.741402941474916	
1465	1465	0	0.2	0.693484806535984		1.1949522872421	
1466	1466	0	0	0.623008301579613		0.684344957758779	
1467	1467	0	0	0.238598796521775		0.446094441620787	
1468	1468	0	0	0.251934701116777		0.580082413258981	
1469	1469	0	0	0.437398247222784		0.285036362683433	
1470	1470	0	0.8	0.430479649451356		0.519384935974934	
1471	1471	0	0	0.667132435154043		0.954230830333965	
1472	1472	0	0	0.832671014994526		0.770424436761386	
1473	1473	0	0	0.485688360864525		0.568936238048164	
1474	1474	0	0	0.286679258931441		0.702013487676066	
1475	1475	0	0	0.340300297358299		0.282046779467836	
1476	1476	0	0	0.321781098941507		0.142900896227703	
1477	1477	0	0.2	0.360350282045895		0.43504238364495	
1478	1478	0	5.2	0.312698831799523		1.56194287143119	
1479	1479	0	1.6	0.281305313537564		1.73089930121577	
1480	1480	0	6.8	0.30956828021657		2.65783214962966	
1481	1481	0	2.4	0.569065291849974		2.45504391756974	
1482	1482	0	0	0.604884683098259		1.80488214477732	
1483	1483	0	0	0.763984458290096		1.4612867951321	
1484	1484	0	0	0.681324309469527		1.15790704142623	
1485	1485	0	0	0.773040514239334		1.57343826755812	
1486	1486	0	0	0.844524884681221		0.897751882661428	
1487	1487	0	0	0.470316504704428		0.509315381984881	
1488	1488	0	0	0.542294866459279		0.847724526634291	
1489	1489	0	0	0.847374213168742		0.548147677601976	
1490	1490	0	0	0.553280819956754		0.414047915047465	
1491	1491	0	0	0.173511987912114		0.563829486459803	
1492	1492	0	0	0.250528148002989		0.289094909027893	
1493	1493	0	0	0.315313083333592		-0.00332934105324303	
1494	1494	0	0	0.386726179860016		0.377841685206226	
1495	1495	0	0	0.530039551427439		0.520202008365539	
1496	1496	0	0	0.596248374510601		0.584620888066398	
1497	1497	0	0	0.625600569092434		0.718175042665853	
1498	1498	0	0	0.553762042164159		0.608865011727374	
1499	1499	0	0	0.39134254557051		0.48025048623938	
1500	1500	0	0.4	0.330647171164919		0.488819951057926	
1501	1501	0	0.4	0.425596566802099		0.522685733670586	
1502	1502	0	0	0.468085651358905		0.467475934772987	
1503	1503	0	0	0.42864525531019		0.493146096640152	
1504	1504	0	0	0.393543462725699		0.47883127907541	
1505	1505	0	0	0.26485053344847		0.321565636814823	
1506	1506	0	0	0.422593478314987		0.518134247941894	
1507	1507	0	0	0.438040681172943		0.243269156507253	
1508	1508	0	0	0.286764253137129		0.395411246893249	
1509	1509	0	0	0.355037890988033		0.467922965876468	
1510	1510	0	0	0.329727220210899		0.189936279500217	
1511	1511	0	0	0.244499474740497		0.313887067936452	
1512	1512	0	0	0.370055957924261		0.405778770636551	
1513	1513	0	0.6	0.330488816766167		0.341316578949128	
1514	1514	0	0	0.297378156340791		0.534100836766465	
1515	1515	0	0.8	0.127281892192222		0.355008921221319	
1516	1516	0	0	0.0480191694219805		0.279568002263794	
1517	1517	0	1.4	0.216550241502091		0.583907565921011	
1518	1518	0	1	0.200992476727883		0.55488516054732	
1519	1519	0	0	0.284228653951548		0.770591465584517	
1520	1520	0	0	0.277308761056375		0.320665286695576	
1521	1521	0	0	0.210545590341535		0.376459567221187	
1522	1522	0	0	0.320194049547379		0.523419628640517	
1523	1523	0	0	0.253153670866197		0.203390931300766	
1524	1524	0	0	0.114724819312688		0.23949072068523	
1525	1525	0	0	0.0548057045734609		0.0889990654137436	
1526	1526	0	0	0.156906558424343		0.101101920505153	
1527	1527	0	0	0.133283383177929		0.0135784540563397	
1528	1528	0	0	0.100295797874104		0.182348520253273	
1529	1529	0	0	0.05934751468223		0.0607169752203426	
1530	1530	0	4.8	0.13639340377399		1.31319011999634	
1531	1531	0	0.2	0.0965195941961348		0.962573802368025	
1532	1532	0	0	0.00496510515975856		0.502988152010575	
1533	1533	0	2	0.124089699435451		0.572798801884503	
1534	1534	0	1.2	0.113696017283136		0.968369815462583	
1535	1535	0	0.2	0.102602671082856		0.935857937980839	
1536	1536	0	0	0.0797654188818484		0.186107289467089	
1537	1537	0	0	0.173540719981428		0.328955607865398	
1538	1538	0	0	0.0918267377370334		0.21417142488123	
1539	1539	0	0	0.0250788266940489		0.234378289657791	
1540	1540	0	0	0.0125165013887276		0.00501101576667948	
1541	1541	0	0	0.000741563030732806		-0.0379125591040199	
1542	1542	0	0	0.083654034223823		0.076047614545577	
1543	1543	0	0	0.047760451047747		-0.0203720921081448	
1544	1544	0	0.2	0.101655648486219		0.239724823362515	
1545	1545	0	0	0.0475366525329441		0.0242573825486983	
1546	1546	0	0.2	0.0107632887243732		0.157038926593585	
1547	1547	0	0	0		0.0138969199870122	
1548	1548	0	0	0		0.0109111994304392	
1549	1549	0	0	0		-0.00562715586928994	
1550	1550	0	0	0		0.0102687195725621	
1551	1551	0	0	0.0378187760598614		0.050839964501394	
1552	1552	0	6.4	0.0206192821462601		1.54728686215629	
1553	1553	0	0	0		1.24058888743774	
1554	1554	0	0	0.00579057004253869		0.515640257593231	
1555	1555	0	0	0.00458282091253892		-0.124535385474066	
1556	1556	0	0	0.0228126720168049		0.469199600606946	
1557	1557	0	0	0		0.374633829516158	
1558	1558	0	0	0		0.0292281892427642	
1559	1559	0	0	0		-0.0172304351732041	
1560	1560	0	0	0		0.000828517366502097	
1561	1561	0	0	0		-0.00198327176637512	
1562	1562	0	0	0		0	
1563	1563	0	0	0.000381599759815998		0.000399650814211152	
1564	1564	0	0	0.0019079305216998		0.00174503192095653	
1565	1565	0	0	0		-0.000724964471425212	
1566	1566	0	0	0		0.00241969573505588	
1567	1567	0	0	0		-0.00139904937448325	
1568	1568	0	0	0		6.94391002058132e-05	
1569	1569	0	0	0		-0.000165870299327721	
1570	1570	0	0	0		0	
1571	1571	0	0	0		0	
1572	1572	0	0	0		0	
1573	1573	0	0	0		0	
1574	1574	0	0	0		0	
1575	1575	0	0	0		0	
1576	1576	0	0	0		0	
1577	1577	0	0	0		0	
1578	1578	0	0	0		0	
1579	1579	0	0	0		0	
1580	1580	0	0	0		0	
1581	1581	0	0	0		0	
1582	1582	0	0	0		0	
1583	1583	0	0	0		0	
1584	1584	0	0	0		0	
1585	1585	0	0	0		0	
1586	1586	0	0	0		0	
1587	1587	0	0	0		0	
1588	1588	0	0	0		0	
1589	1589	0	0	0		0	
1590	1590	0	0	0		0	
1591	1591	0	0	0		0	
1592	1592	0	0	0		0	
1593	1593	0	0	0		0	
1594	1594	0	0	0		0	
1595	1595	0	0	0		0	
1596	1596	0	0	0		0	
1597	1597	0	0	0		0	
1598	1598	0	0	0		0	
1599	1599	0	0	0		0	
1600	1600	0	0	0		0	
1601	1601	0	0	0		0	
1602	1602	0	0	0		0	
1603	1603	0	0	0		0	
1604	1604	0	0	0		0	
1605	1605	0	0	0		0	
1606	1606	0	0	0		0	
1607	1607	0	0	0		0	
1608	1608	0	0	0		0	
1609	1609	0	0	0		0	
1610	1610	0	0	0		0	
1611	1611	0	0	0		0	
1612	1612	0	0	0		0	
1613	1613	0	0	0		0	
1614	1614	0	0	0		0	
1615	1615	0	0	0		0	
1616	1616	0	0	0		0	
1617	1617	0	0	0		0	
1618	1618	0	0	0		0	
1619	1619	0	0	0		0	
1620	1620	0	0	0		0	
1621	1621	0	0	0		0	
1622	1622	0	0	0		0	
1623	1623	0	0	0		0	
1624	1624	0	0	0		0	
1625	1625	0	0	0		0	
1626	1626	0	0	0		0	
1627	1627	0	0	0		0	
1628	1628	0	0	0		0	
1629	1629	0	0	0		0	
1630	1630	0	0	0		0	
1631	1631	0	0	0		0	
1632	1632	0	0	0		0	
1633	1633	0	0	0		0	
1634	1634	0	0	0		0	
1635	1635	0	0	0		0	
1636	1636	0	0	0		0	
1637	1637	0	0	0		0	
1638	1638	0	0	0		0	
1639	1639	0	0	0		0	
1640	1640	0	0	0		0	
1641	1641	0	0	0		0	
1642	1642	0	0	0		0	
1643	1643	0	0	0		0	
1644	1644	0	0	0		0	
1645	1645	0	0	0		0	
1646	1646	0	0	0		0	
1647	1647	0	0	0		0	
1648	1648	0	0	0		0	
1649	1649	0	0	0		0	
1650	1650	0	0	0		0	
1651	1651	0	0	0		0	
1652	1652	0	0	0		0	
1653	1653	0	0	0		0	
1654	1654	0	0	0		0	
1655	1655	0	0	0		0	
1656	1656	0	0	0		0	
1657	1657	0	0	0		0	
1658	1658	0	0	0		0	
1659	1659	0	0	0		0	
1660	1660	0	0	0		0	
1661	1661	0	0	0		0	
1662	1662	0	0	0		0	
1663	1663	0	0	0		0	
1664	1664	0	0	0		0	
1665	1665	0	0	0		0	
1666	1666	0	0	0		0	
1667	1667	0	0	0		0	
1668	1668	0	0	0		0	
1669	1669	0	0	0		0	
1670	1670	0	0	0		0	
1671	1671	0	0	0		0	
1672	1672	0	0	0		0	
1673	1673	0	0	0		0	
1674	1674	0	0	0		0	
1675	1675	0	0	0		0	
1676	1676	0	0	0		0	
1677	1677	0	0	0		0	
1678	1678	0	0	0		0	
1679	1679	0	0	0		0	
1680	1680	0	0	0		0	
1681	1681	0	0	0		0	
1682	1682	0	0	0		0	
1683	1683	0	0	0		0	
1684	1684	0	0	0		0	
1685	1685	0	0	0		0	
1686	1686	0	0	0		0	
1687	1687	0	0	0		0	
1688	1688	0	0	0		0	
1689	1689	0	0	0		0	
1690	1690	0	0	0		0	
1691	1691	0	0	0		0	
1692	1692	0	0	0		0	
1693	1693	0	0	0		0	
1694	1694	0	0	0		0	
1695	1695	0	0	0		0	
1696	1696	0	0	0		0	
1697	1697	0	0	0		0	
1698	1698	0	0	0		0	
1699	1699	0	0	0		0	
1700	1700	0	0	0		0	
1701	1701	0	0	0		0	
1702	1702	0	0	0		0	
1703	1703	0	0	0		0	
1704	1704	0	0	0		0	
1705	1705	0	0	0		0	
1706	1706	0	0	0		0	
1707	1707	0	0	0		0	
1708	1708	0	0	0		0	
1709	1709	0	0	0		0	
1710	1710	0	0	0		0	
1711	1711	0	0	0		0	
1712	1712	0	0	0		0	
1713	1713	0	0	0		0	
1714	1714	0	0	0		0	
1715	1715	0	0	0		0	
1716	1716	0	0	0		0	
1717	1717	0	0	0		0	
1718	1718	0	0	0		0	
1719	1719	0	0	0		0	
1720	1720	0	0	0		0	
1721	1721	0	0	0		0	
1722	1722	0	0	0		0	
1723	1723	0	0	0		0	
1724	1724	0	0	0		0	
1725	1725	0	0	0		0	
1726	1726	0	0	0		0	
1727	1727	0	0	0		0	
1728	1728	0	0	0		0	
1729	1729	0	0	0		0	
1730	1730	0	0	0		0	
1731	1731	0	0	0		0	
1732	1732	0	0	0		0	
1733	1733	0	0	0		0	
1734	1734	0	0	0		0	
1735	1735	0	0	0		0	
1736	1736	0	0	0		0	
1737	1737	0	0	0		0	
1738	1738	0	0	0		0	
1739	1739	0	0	0		0	
1740	1740	0	0	0		0	
1741	1741	0	0	0		0	
1742	1742	0	0	0		0	
1743	1743	0	0	0		0	
1744	1744	0	0	0		0	
1745	1745	0	0	0		0	
1746	1746	0	0	0		0	
1747	1747	0	0	0		0	
1748	1748	0	0	0		0	
1749	1749	0	0	0		0	
1750	1750	0	0	0		0	
1751	1751	0	0	0		0	
1752	1752	0	0	0		0	
1753	1753	0	0	0		0	
1754	1754	0	0	0		0	
1755	1755	0	0	-31.9911944671889		-33.5044941395253	
1756	1756	0	0	0		21.2227372785688	
1757	1757	0	0	0		-45.3329132832059	
1758	1758	0	0	0		23.8026671803419	
1759	1759	0	0	0		-1.72058442400597	
1760	1760	0	0	0		2.78122758757297	
1761	1761	0	0	0		0	
1762	1762	0	0	0		0	
1763	1763	0	0	0		0	
1764	1764	0	0	0		0	
1765	1765	0	0	0		0	
1766	1766	0	0	0		0	
1767	1767	0	0	0		0	
1768	1768	0	0	0		0	
1769	1769	0	0	0		0	
1770	1770	0	0	0		0	
1771	1771	0	0	0		0	
1772	1772	0	0	0		0	
1773	1773	0	0	0		0	
1774	1774	0	0	0		0	
1775	1775	0	0	0		0	
1776	1776	0	0	0		0	
1777	1777	0	0	0		0	
1778	1778	0	0	0		0	
1779	1779	0	0	0		0	
1780	1780	0	0	0		0	
1781	1781	0	0	0		0	
1782	1782	0	0	0		0	
1783	1783	0	0	0		0	
1784	1784	0	0	0		0	
1785	1785	0	0	0		0	
1786	1786	0	0	0		0	
1787	1787	0	0	0		0	
1788	1788	0	0	0		0	
1789	1789	0	0	0		0	
1790	1790	0	0	0		0	
1791	1791	0	0	0		0	
1792	1792	0	0	0		0	
1793	1793	0	0	0		0	
1794	1794	0	0	0		0	
1795	1795	0	0	0		0	
1796	1796	0	0	0		0	
1797	1797	0	0	0		0	
1798	1798	0	0	0		0	
1799	1799	0	0	0		0	
1800	1800	0	0	0		0	
1801	1801	0	0	0		0	
1802	1802	0	0	0		0	
1803	1803	0	0	0		0	
1804	1804	0	0	0		0	
1805	1805	0	0	0		0	
1806	1806	0	0	0		0	
1807	1807	0	0	0		0	
1808	1808	0	0	0		0	
1809	1809	0	0	0		0	
1810	1810	0	0	0		0	
1811	1811	0	0	0		0	
1812	1812	0	0	0		0	
1813	1813	0	0	0		0	
1814	1814	0	0	0		0	
1815	1815	0	0	0.0441941738241592		0.0462847187344429	
1816	1816	0	0	0		-0.0293181094340036	
1817	1817	0	0	0		0.0626250655207118	
1818	1818	0	0	1.59516545725134		1.63774042750858	
1819	1819	0	0.6	1.32708684366494		0.479403742440539	
1820	1820	0	2.8	0.556081470500021		2.74961268009431	
1821	1821	0	0	0.50799524505382		1.42976811674838	
1822	1822	0	0	0.211542012823179	9.5	-0.0171209303398007	9.5171209303398
1823	1823	0	0	0.313044393533313		0.418704252702999	
1824	1824	0	0	0.232875855238149		0.10257058144536	
1825	1825	0	0	0.256542833788536		0.54972089256423	
1826	1826	0	0	0.424757402371756	4.15	0.338953135654785	3.81104686434522
1827	1827	1	0	0.955078944932009	3.82	0.907185962433971	2.91281403756603
1828	1828	1	0	0.883660172840111	3.45	0.688199349355883	2.76180065064412
1829	1829	1	0	0.787474522509187	3.22	1.26941563977491	1.95058436022509
1830	1830	1	0	0.518680932292073	2.99	0.562922652473779	2.42707734752622
1831	1831	1	0	0.282360499695425	3.15	0.424476452781995	2.72552354721801
1832	1832	1	0	0.498957663129239	3.61	0.448820539806413	3.16117946019359
1833	1833	1	0	0.238273958776638	3.79	-0.101731373471499	3.8917313734715
1834	1834	1	0	0.319487526594916	3.56	0.632924234757707	2.92707576524229
1835	1835	1	0	0.410297410581697	3.68	0.154254703764415	3.52574529623559
1836	1836	1	0	0.390348221146139	3.62	0.41435527273679	3.20564472726321
1837	1837	1	0	0.333636736712089	3.68	0.40360011169348	3.27639988830652
1838	1838	1	0	0.492680626468111	3.7	0.53898552850024	3.16101447149976
1839	1839	1	0.2	0.54171614289436	4.17	0.465597754385409	3.70440224561459
1840	1840	1	0	0.483320892190047	4.23	0.61956953429768	3.61043046570232
1841	1841	1	0	0.50380777212837	4.45	0.607968832623134	3.84203116737687
1842	1842	1	0	0.614948931884003	4.33	0.585631514833641	3.74436848516636
1843	1843	1	0	0.586913947987014	4.44	0.561157982082349	3.87884201791765
1844	1844	1	0	0.638136583264128	4.76	0.76659240402327	3.99340759597673
1845	1845	1	0	1.0627997630597	5.45	1.04895352280601	4.40104647719399
1846	1846	1	0	1.18012111326273	6.08	0.987746215856657	5.09225378414334
1847	1847	1	0	0.968671913175164	6.66	1.24094900511278	5.41905099488722
1848	1848	1	0	0.868126822833652	5.63	1.13139777310645	4.49860222689355
1849	1849	1	0	0.919167956812654	5.63	0.88301652388341	4.74698347611659
1850	1850	1	0	0.787379870973123	5.63	0.695374379972704	4.9346256200273
1851	1851	1	1	0.708655839138022	5.63	1.06822813796395	4.56177186203605
1852	1852	1	0	0.626652519859714	5.63	0.768116163021024	4.86188383697898
1853	1853	1	0	0.765090059165711	5.63	0.857335737268815	4.77266426273118
1854	1854	1	0	0.453212843317203	5.63	0.272731591532141	5.35726840846786
1855	1855	1	8.6	0.295013185519988	14.32	2.74885825105228	11.5711417489477
1856	1856	1	0.8	0.455823234254844	10.89	2.19483319196893	8.69516680803107
1857	1857	1	0	0.49067151328811	5.63	1.11237642555161	4.51762357444839
1858	1858	1	0	0.513901374868372	5.63	0.50979529801547	5.12020470198453
1859	1859	1	0.2	0.480066332857689	5.63	1.12328328884576	4.50671671115424
1860	1860	1	0	0.523067416015333	5.63	1.20738128702464	4.42261871297536
1861	1861	1	0	0.527691864180092	5.63	0.55489106163078	5.07510893836922
1862	1862	1	0	0.510169689122332	5.63	0.549732790491709	5.08026720950829
1863	1863	1	0	0.411613124999711	5.63	0.446185898218527	5.18381410178147
1864	1864	1	1.6	0.292422852401586	10.67	0.749763685159342	9.92023631484066
1865	1865	1	0	0.315276322779052	9.5	0.622962755746661	8.87703724425334
1866	1866	1	0.2	0.273658192606103	7.94	0.342719422317834	7.59728057768217
1867	1867	1	0	0.278099413512265	5.63	0.326157770777313	5.30384222922269
1868	1868	1	0.8	0.179897041412083	6.77	0.457386898482134	6.31261310151787
1869	1869	1	0.2	0.155111121989965	5.63	0.517491218723921	5.11250878127608
1870	1870	1	5.8	0.113429689106958	5.63	1.57151086287868	4.05848913712132
1871	1871	1	0	0.122513478038066	5.63	1.23232370994662	4.39767629005338
1872	1872	0	0	0.0864941837169901		0.552744332508809	
1873	1873	0	0	0.0495626656078336		0.0372667800413234	
1874	1874	0	0	0.109695440656971		0.519053627196247	
1875	1875	0	0	0.0963287902859165		0.383590329096038	
1876	1876	0	0	0.243161845733791		0.303328060533325	
1877	1877	0	0	0.230323373477781		0.129937177714723	
1878	1878	0	0	0.247421159902778		0.380819675710139	
1879	1879	0	0	0.303374857825336		0.294688894606599	
1880	1880	0	0	0.329052865619701		0.327302079725631	
1881	1881	0	0	0.296275905793532		0.329051696309204	
1882	1882	0	0	0.24909756058895		0.298176536753797	
1883	1883	0	0	0.204342859477901		0.218573697189941	
1884	1884	0	0	0.210522719026674		0.208785965670797	
1885	1885	0	0	0.189645438243375		0.150509344744334	
1886	1886	0	0	0.171150694104881		0.187358051693633	
1887	1887	0	0	0.0728332352365015		0.0641715524074706	
1888	1888	0	0	0.0340836612709836		0.0823609651096414	
1889	1889	0	0	0.00721382031020568		-0.0472931409011478	
1890	1890	0	0	0.010591441007179		-0.00686806626695332	
1891	1891	0	0	0.0108895774994338		-0.0217210220779422	
1892	1892	0	0	0.0123933726547705		0.0108979289859654	
1893	1893	0	0	0.0301645259909051		0.0283451494265312	
1894	1894	0	0	0.00945641821627419		-0.000705019323202118	
1895	1895	0	0	0.0516905200500659		0.0810505339300481	
1896	1896	0	0	0.0971557872310314		0.0581369177615894	
1897	1897	0	0	0.148273807732082		0.157591892700318	
1898	1898	0	0	0.129599375339943		0.134466508763764	
1899	1899	0	0	0.147691229679602		0.208483015669292	
1900	1900	0	0	0.0480300284383688		0.0263827729854946	
1901	1901	0	0	0.102773460933847		0.188158410552377	
1902	1902	0	0	0.0522231854256745		-0.0612332047156358	
1903	1903	0	0	0.0344467434749944		0.108006259546137	
1904	1904	0	0	0.0765836462074745		0.0446330813692187	
1905	1905	0	0	0.0731912941536379		0.0371568117899849	
1906	1906	0	0	0.117458401090808		0.15122655534775	
1907	1907	0	0	0.117106212303277		0.0887712753052014	
1908	1908	0	0	0.0604369337989255		0.0987191150819592	
1909	1909	0	0	0.0323209935342987		0.0695859969365591	
1910	1910	0	0	0.00070952623411813		-0.022233933960109	
1911	1911	0	0	0.0013610901706187		-0.00212553161918321	
1912	1912	0	0	0		-0.030875971271187	
1913	1913	0	0	0		-0.0021150915057871	
1914	1914	0	0	0.000289586565727973		-0.00348115679588288	
1915	1915	0	0	0.0164299646495252		0.017026571229725	
1916	1916	0	0	0.00622247871662296		-0.00409067315546541	
1917	1917	0	0	0.00205461306328658		0.0210903650710712	
1918	1918	0	0	0.000535336382142759		-0.00419377816125143	
1919	1919	0	0	0.000376177242387143		-0.000820973852367578	
1920	1920	0	0	0.000882553225459048		-0.00118908018837841	
1921	1921	0	0	0.000173614311343329		-0.000699365984768259	
1922	1922	0	0	0		0.000705721105513057	
1923	1923	0	0	0		-0.00043694291561245	
1924	1924	0	0	0		-0.000114413072811855	
1925	1925	0	0	0		-6.73892717721894e-05	
1926	1926	0	0	0		-1.50935568473626e-05	
1927	1927	0	0	0.00396395045841302		0.00415145970993617	
1928	1928	0	0	0.00467223435344266		0.00226359067097408	
1929	1929	0	0	0		0.00251756214622584	
1930	1930	0	0	0		0.00367142906848716	
1931	1931	0	0	0		-0.00326312692057639	
1932	1932	0	0	0		-9.33280162431556e-05	
1933	1933	0	0	0.00186582002442748		0.00154788871810418	
1934	1934	0	0	0		-0.00123777210720062	
1935	1935	0	0	0		0.0026439480856581	
1936	1936	0	0	0		-0.00138824116446838	
1937	1937	0	0	0		0.000100349515718175	
1938	1938	0	0	0		-0.000162209327029225	
1939	1939	0	0	0		0	
1940	1940	0	0	0		0	
1941	1941	0	0	0		0	
1942	1942	0	0	0		0	
1943	1943	0	0	0		0	
1944	1944	0	0	0		0	
1945	1945	0	0	0		0	
1946	1946	0	0	0		0	
1947	1947	0	0	0		0	
1948	1948	0	0	0		0	
1949	1949	0	0	0		0	
1950	1950	0	0	0		0	
1951	1951	0	0	0		0	
1952	1952	0	0	0		0	
1953	1953	0	0	0		0	
1954	1954	0	0	0		0	
1955	1955	0	0	0		0	
1956	1956	0	0	0		0	
1957	1957	0	0	0		0	
1958	1958	0	0	0		0	
1959	1959	0	0	0		0	
1960	1960	0	0	0		0	
1961	1961	0	0	0		0	
1962	1962	0	0	0		0	
1963	1963	0	0	0		0	
1964	1964	0	0	0		0	
1965	1965	0	0	0		0	
1966	1966	0	0	0		0	
1967	1967	0	0	0		0	
1968	1968	0	0	0		0	
1969	1969	0	0	0		0	
1970	1970	0	0	0		0	
1971	1971	0	0	0		0	
1972	1972	0	0	0		0	
1973	1973	0	0	0		0	
1974	1974	0	0	0		0	
1975	1975	0	0	0		0	
1976	1976	0	0	0		0	
1977	1977	0	0	0		0	
1978	1978	0	0	0		0	
1979	1979	0	0	0		0	
1980	1980	0	0	0		0	
1981	1981	0	0	0		0	
1982	1982	0	0	0		0	
1983	1983	0	0	0		0	
1984	1984	0	0	0		0	
1985	1985	0	0	0		0	
1986	1986	0	0	0		0	
1987	1987	0	0	0		0	
1988	1988	0	0	0		0	
1989	1989	0	0	0		0	
1990	1990	0	0	0		0	
1991	1991	0	0	0		0	
1992	1992	0	0	0		0	
1993	1993	0	0	0		0	
1994	1994	0	0	0		0	
1995	1995	0	0	0		0	
1996	1996	0	0	0		0	
1997	1997	0	0	0		0	
1998	1998	0	0	0		0	
1999	1999	0	0	0		0	
2000	2000	0	0	0		0	
2001	2001	0	0	0		0	
2002	2002	0	0	0		0	
2003	2003	0	0	0		0	
2004	2004	0	0	0		0	
2005	2005	0	0	0		0	
2006	2006	0	0	0		0	
2007	2007	0	0	0		0	
2008	2008	0	0	0		0	
2009	2009	0	0	0		0	
2010	2010	0		0			
2011	2011	0		0			
2012	2012	0		0			
2013	2013	0		0			
2014	2014	0		0			
2015	2015	0		0			
2016	2016	0		0			
2017	2017	0		0			
2018	2018	0		0			
2019	2019	0		0			
2020	2020	0		0			
2021	2021	0		0			
2022	2022	0		0			
2023	2023	0		0			
2024	2024	0		0			
2025	2025	0		0			
2026	2026	0		0			
2027	2027	0		0			
2028	2028	0		0			
2029	2029	0		0			
2030	2030	0		0			
2031	2031	0		0			
2032	2032	0		0			
2033	2033	0		0			
2034	2034	0		0			
2035	2035	0		0			
2036	2036	0		0			
2037	2037	0		0			
2038	2038	0		0			
2039	2039	0		0			
2040	2040	0		0			
2041	2041	0		0			
2042	2042	0		0			
2043	2043	0		0			
2044	2044	0		0			
2045	2045	0		0			
2046	2046	0		0			
2047	2047	0		0			
2048	2048	0		0			
2049	2049	0		0			
2050	2050	0		0			
2051	2051	0		0			
2052	2052	0		0			
2053	2053	0		0			
2054	2054	0		0			
2055	2055	0		0			
2056	2056	0		0			
2057	2057	0		0			
2058	2058	0		0			
2059	2059	0		0			
2060	2060	0		0			
2061	2061	0		0			
2062	2062	0		0			
2063	2063	0		0			
2064	2064	0		0			
2065	2065	0		0			
2066	2066	0		0			
2067	2067	0		0			
2068	2068	0		0			
2069	2069	0		0			
2070	2070	0		0			
2071	2071	0		0			
2072	2072	0		0			
2073	2073	0		0			
2074	2074	0		0			
2075	2075	0		0			
2076	2076	0		0			
2077	2077	0		0			
2078	2078	0		0			
2079	2079	0		0			
2080	2080	0		0			
2081	2081	0		0			
2082	2082	0		0			
2083	2083	0		0			
2084	2084	0		0			
2085	2085	0		0			
2086	2086	0		0			
2087	2087	0		0			
2088	2088	0		0			
2089	2089	0		0			
2090	2090	0		0			
2091	2091	0		0			
2092	2092	0		0			
2093	2093	0		0			
2094	2094	0		0			
2095	2095	0		0			
2096	2096	0		0			
2097	2097	0		0			
2098	2098	0		0			
2099	2099	0		0			
2100	2100	0		0			
2101	2101	0		0			
2102	2102	0		0			
2103	2103	0		0			
2104	2104	0		0			
2105	2105	0		0			
2106	2106	0		0			
2107	2107	0		0			
2108	2108	0		0			
2109	2109	0		0			
2110	2110	0		0			
2111	2111	0		0			
2112	2112	0		0			
2113	2113	0		0			
2114	2114	0		0			
2115	2115	0		0			
2116	2116	0		0			
2117	2117	0		0			
2118	2118	0		0			
2119	2119	0		0			
2120	2120	0		-33.7599666996652			
2121	2121	0		0			
2122	2122	0		0			
2123	2123	0		0			
2124	2124	0		0			
2125	2125	0		0			
2126	2126	0		0			
2127	2127	0		0			
2128	2128	0		0			
2129	2129	0		0			
2130	2130	0		0			
2131	2131	0		0			
2132	2132	0		0			
2133	2133	0		0			
2134	2134	0		0			
2135	2135	0		0			
2136	2136	0		0			
2137	2137	0		0			
2138	2138	0		0			
2139	2139	0		0			
2140	2140	0		0			
2141	2141	0		0			
2142	2142	0		0			
2143	2143	0		0			
2144	2144	0		0			
2145	2145	0		0			
2146	2146	0		0			
2147	2147	0		0			
2148	2148	0		0			
2149	2149	0		0			
2150	2150	0		0			
2151	2151	0		0			
2152	2152	0		0			
2153	2153	0		0			
2154	2154	0		0			
2155	2155	0		0			
2156	2156	0		0			
2157	2157	0		0			
2158	2158	0		0			
2159	2159	0		0			
2160	2160	0		0			
2161	2161	0		0			
2162	2162	0		0			
2163	2163	0		0			
2164	2164	0		0			
2165	2165	0		0			
2166	2166	0	0	0			
2167	2167	0	0	0			
2168	2168	0	0	0			
2169	2169	0	0	0			
2170	2170	0	0	0			
2171	2171	0	0	0		0	
2172	2172	0	0	0		0	
2173	2173	0	0	0		0	
2174	2174	0	0	0		0	
2175	2175	0	0	0		0	
2176	2176	0	0	0		0	
2177	2177	0	0	0		0	
2178	2178	0	0	0		0	
2179	2179	0	0	0.214239206262533		0.224373498715139	
2180	2180	0	0	0		-0.142124808560747	
2181	2181	0	0	0.168493566047339		0.480050192289445	
2182	2182	0	0	0.185811146398261		-0.0765789081727842	
2183	2183	0	0	0		0.127019318407649	
2184	2184	0	0	0.696212727844871		0.848457584447333	
2185	2185	0	0	0		-0.591051181388985	
2186	2186	0	0	0		0.981908820577281	
2187	2187	0	0	0		-0.534162703789546	
2188	2188	0	0	0		0.0374444529276075	
2189	2189	0	0	0.308642837843759		0.262715920621879	
2190	2190	0	0	0		-0.204751525210731	
2191	2191	0	0	0.000310304605008582		0.437685301704962	
2192	2192	0	0	0.32766717914526		0.113319145591942	
2193	2193	0	0	0.0411568153429744		-0.157228987288457	
2194	2194	0	0	0.669786784510789		1.11142217334157	
2195	2195	0	0	0.925974395678745		0.339985248106455	
2196	2196	0	0.8	0.621947479676376		1.16702117637266	
2197	2197	0	0	0.33161216387482		0.872313693883718	
2198	2198	0	0.2	0.206154445815031		0.332752501456157	
2199	2199	0	0	0.0199130597598254		-0.0936799896282355	
2200	2200	0	0	0.506999387800898		0.587299062116511	
2201	2201	0	0	0.292982596512269		-0.145736545426298	
2202	2202	0	0	0.210315521576041		0.725606378839578	
2203	2203	0	0	0.0327244499887334		-0.071990775855381	
2204	2204	0	0	0.079797135350419		0.16743547416696	
2205	2205	0	0	0.453399796730169		0.283479946366478	
2206	2206	0	0	0.030491523145864		-0.194280334239807	
2207	2207	0	0	0.453808714678719		1.02163852404216	
2208	2208	0	0.8	0.43205187474966		0.0525914041349883	
2209	2209	0	0	0.512557308127236		1.03809519932608	
2210	2210	0	4.8	0.635609010524674		1.78910424109371	
2211	2211	0	0.2	0.397365279601166		1.35605897878276	
2212	2212	0	0	0.301355307624931		1.02929204114352	
2213	2213	0	0	0.288982491808971		0.163330214069206	
2214	2214	0	0	0.574958831794872		0.859686064675153	
2215	2215	0	0	0.470560630022815		0.568643911320529	
2216	2216	0	0.2	0.789680697463833		1.15688828231479	
2217	2217	0	0	0.758268581117925		0.53614682019946	
2218	2218	0	13.6	0.344161762860104		3.94340823836706	
2219	2219	0	2.8	0.347464183421948		3.82425471175956	
2220	2220	0	0	0.555783617281714		1.89631505431589	
2221	2221	0	1.6	0.21489287707705		0.448721609326209	
2222	2222	0	0	0.255975449118615		1.79817759941215	
2223	2223	0	1.4	0.165698447537491		1.37077362892554	
2224	2224	0	0.2	0.148402553199288		0.701438118543688	
2225	2225	0	0	0.215152192212855		0.39380113742936	
2226	2226	0	0.2	0.291643210533223		0.381955708161886	
2227	2227	0	0	0.227464916918867		0.35664470541631	
2228	2228	0	0	0.391355075142842		0.620623512288455	
2229	2229	0	0	0.725725443534776		0.613098628524174	
2230	2230	0	0	0.569538979762278		0.511166853550829	
2231	2231	0	0	0.598406074755797		0.985133098165103	
2232	2232	0	0	0.65839219963787		0.560925301831109	
2233	2233	0	0	0.552103414847895		0.570664194580036	
2234	2234	0	1.2	0.289454853102285		0.682929361270619	
2235	2235	0	6.4	0.173569235636002		2.04082076125663	
2236	2236	0	0.2	0.106456342321415		1.32359979706611	
2237	2237	0	0	0.0533525785508679		0.513280874356601	
2238	2238	0	0	0.115872265997844		0.0618799733297175	
2239	2239	0	0	0.120932153589649		0.542173171914153	
2240	2240	0	0	0.144388045082042		0.589325242304149	
2241	2241	0	0.2	0.251543866656277		0.307053811268893	
2242	2242	0	1	0.210534605837029		0.449671507881629	
2243	2243	0	0.2	0.161205245769018		0.526570649022	
2244	2244	0	0.2	0.106117348875308		0.274554960494679	
2245	2245	0	0.2	0.0825181024870361		0.18695618866166	
2246	2246	0	0.2	0.299683253972116		0.458650543058227	
2247	2247	0	0	0.336857494770857		0.306895619848506	
2248	2248	0	3.8	0.378676660929802		1.48723202502259	
2249	2249	0	1	0.284454739180159		1.2739734938351	
2250	2250	0	0	0.109138132058423		0.73602163697867	
2251	2251	0	0	0.314226768317692		0.395097789165515	
2252	2252	0	0	0.39113180204901		0.380366397355427	
2253	2253	0	0	0.291136320879897		0.692185632253777	
2254	2254	0	0	0.251643112656158		0.432842836396587	
2255	2255	0	0	0.290612640667618		0.266369142191712	
2256	2256	0	4.2	0.21652706741741		1.18537011341519	
2257	2257	0	0	0.0277022579877553		0.879547168594518	
2258	2258	0	0	0.101705234416062		0.500664180588521	
2259	2259	0	0	0.0591184330089831		-0.207273904284328	
2260	2260	0	0	0.0481088822812659		0.411328898963964	
2261	2261	0	0	0		0.214378394346738	
2262	2262	0	0	0		0.0272476716175445	
2263	2263	0	0	0		-0.0414572473519583	
2264	2264	0	0	0		-0.00255215301175841	
2265	2265	0	0	0.000938235448032287		-0.00319983821306999	
2266	2266	0	0	0		-0.00062241891091162	
2267	2267	0	0	0		0.00132952041689161	
2268	2268	0	0	0		-0.000698082909321074	
2269	2269	0	0	0		5.04611761086415e-05	
2270	2270	0	0	0		-8.15676424455674e-05	
2271	2271	0	0	0		0	
2272	2272	0	0	0		0	
2273	2273	0	0	0		0	
2274	2274	0	0	0		0	
2275	2275	0	0	0		0	
2276	2276	0	0	0		0	
2277	2277	0	0	0		0	
2278	2278	0	0	0		0	
2279	2279	0	0	0		0	
2280	2280	0	0	0		0	
2281	2281	0	0	0		0	
2282	2282	0	0	0		0	
2283	2283	0	0	0		0	
2284	2284	0	0	0		0	
2285	2285	0	0	0		0	
2286	2286	0	0	0		0	
2287	2287	0	0	0		0	
2288	2288	0	0	0		0	
2289	2289	0	0	0		0	
2290	2290	0	0	0		0	
2291	2291	0	0	0		0	
2292	2292	0	0	0		0	
2293	2293	0	0	0		0	
2294	2294	0	0	0		0	
2295	2295	0	0	0		0	
2296	2296	0	0	0		0	
2297	2297	0	0	0		0	
2298	2298	0	0	0		0	
2299	2299	0	0	0		0	
2300	2300	0	0	0		0	
2301	2301	0	0	0		0	
2302	2302	0	0	0		0	
2303	2303	0	0	0		0	
2304	2304	0	0	0		0	
2305	2305	0	0	0		0	
2306	2306	0	0	0		0	
2307	2307	0	0	0		0	
2308	2308	0	0	0		0	
2309	2309	0	0	0		0	
2310	2310	0	0	0		0	
2311	2311	0	0	0		0	
2312	2312	0	0	0		0	
2313	2313	0	0	0		0	
2314	2314	0	0	0		0	
2315	2315	0	0	0		0	
2316	2316	0	0	0		0	
2317	2317	0	0	0		0	
2318	2318	0	0	0		0	
2319	2319	0	0	0		0	
2320	2320	0	0	0		0	
2321	2321	0	0	0		0	
2322	2322	0	0	0		0	
2323	2323	0	0	0		0	
2324	2324	0	0	0		0	
2325	2325	0	0	0		0	
2326	2326	0	0	0		0	
2327	2327	0	0	0		0	
2328	2328	0	0	0		0	
2329	2329	0	0	0		0	
2330	2330	0	0	0		0	
2331	2331	0	0	0		0	
2332	2332	0	0	0		0	
2333	2333	0	0	0		0	
2334	2334	0	0	0		0	
2335	2335	0	0	0		0	
2336	2336	0	0	0		0	
2337	2337	0	0	0		0	
2338	2338	0	0	0		0	
2339	2339	0	0	0		0	
2340	2340	0	0	0		0	
2341	2341	0	0	0		0	
2342	2342	0	0	0		0	
2343	2343	0	0	0		0	
2344	2344	0	0	0		0	
2345	2345	0	0	0		0	
2346	2346	0	0	0		0	
2347	2347	0	0	0		0	
2348	2348	0	0	0		0	
2349	2349	0	0	0		0	
2350	2350	0	0	0		0	
2351	2351	0	0	0		0	
2352	2352	0	0	0		0	
2353	2353	0	0	0		0	
2354	2354	0	0	0		0	
2355	2355	0	0	0		0	
2356	2356	0	0	0		0	
2357	2357	0	0	0		0	
2358	2358	0	0	0		0	
2359	2359	0	0	0		0	
2360	2360	0	0	0		0	
2361	2361	0	0	0		0	
2362	2362	0	0	0		0	
2363	2363	0	0	0		0	
2364	2364	0	0	0		0	
2365	2365	0	0	0		0	
2366	2366	0	0	0		0	
2367	2367	0	0	0		0	
2368	2368	0	0	0		0	
2369	2369	0	0	0		0	
2370	2370	0	0	0		0	
2371	2371	0	0	0		0	
2372	2372	0	0	0		0	
2373	2373	0	0	0		0	
2374	2374	0	0	0		0	
2375	2375	0	0	0		0	
2376	2376	0	0	0		0	
2377	2377	0	0	0		0	
2378	2378	0	0	0		0	
2379	2379	0	0	0		0	
2380	2380	0	0	0		0	
2381	2381	0	0	0		0	
2382	2382	0	0	0		0	
2383	2383	0	0	0		0	
2384	2384	0	0	0		0	
2385	2385	0	0	0		0	
2386	2386	0	0	0		0	
2387	2387	0	0	0		0	
2388	2388	0	0	0		0	
2389	2389	0	0	0		0	
2390	2390	0	0	0		0	
2391	2391	0	0	0		0	
2392	2392	0	0	0		0	
2393	2393	0	0	0		0	
2394	2394	0	0	0		0	
2395	2395	0	0	0		0	
2396	2396	0	0	0		0	
2397	2397	0	0	0		0	
2398	2398	0	0	0		0	
2399	2399	0	0	0		0	
2400	2400	0	0	0		0	
2401	2401	0	0	0		0	
2402	2402	0	0	0		0	
2403	2403	0	0	0		0	
2404	2404	0	0	0		0	
2405	2405	0	0	0		0	
2406	2406	0	0	0		0	
2407	2407	0	0	0		0	
2408	2408	0	0	0		0	
2409	2409	0	0	0		0	
2410	2410	0	0	0		0	
2411	2411	0	0	0		0	
2412	2412	0	0	0		0	
2413	2413	0	0	0		0	
2414	2414	0	0	0		0	
2415	2415	0	0	0		0	
2416	2416	0	0	0		0	
2417	2417	0	0	0		0	
2418	2418	0	0	0		0	
2419	2419	0	0	0		0	
2420	2420	0	0	0		0	
2421	2421	0	0	0		0	
2422	2422	0	0	0		0	
2423	2423	0	0	0		0	
2424	2424	0	0	0		0	
2425	2425	0	0	0		0	
2426	2426	0	0	0		0	
2427	2427	0	0	0		0	
2428	2428	0	0	0		0	
2429	2429	0	0	0		0	
2430	2430	0	0	0		0	
2431	2431	0	0	0		0	
2432	2432	0	0	0		0	
2433	2433	0	0	0		0	
2434	2434	0	0	0		0	
2435	2435	0	0	0		0	
2436	2436	0	0	0		0	
2437	2437	0	0	0		0	
2438	2438	0	0	0		0	
2439	2439	0	0	0		0	
2440	2440	0	0	0		0	
2441	2441	0	0	0		0	
2442	2442	0	0	0		0	
2443	2443	0	0	0		0	
2444	2444	0	0	0		0	
2445	2445	0	0	0		0	
2446	2446	0	0	0		0	
2447	2447	0	0	0		0	
2448	2448	0	0	0		0	
2449	2449	0	0	0		0	
2450	2450	0	0	0		0	
2451	2451	0	0	0		0	
2452	2452	0	0	0		0	
2453	2453	0	0	0		0	
2454	2454	0	0	0		0	
2455	2455	0	0	0		0	
2456	2456	0	0	0		0	
2457	2457	0	0	0		0	
2458	2458	0	0	0		0	
2459	2459	0	0	0		0	
2460	2460	0	0	0		0	
2461	2461	0	0	0		0	
2462	2462	0	0	0		0	
2463	2463	0	0	0		0	
2464	2464	0	0	0		0	
2465	2465	0	0	0		0	
2466	2466	0	0	0		0	
2467	2467	0	0	0		0	
2468	2468	0	0	0		0	
2469	2469	0	0	0		0	
2470	2470	0	0	0		0	
2471	2471	0	0	0		0	
2472	2472	0	0	0		0	
2473	2473	0	0	0		0	
2474	2474	0	0	0		0	
2475	2475	0	0	0		0	
2476	2476	0	0	0		0	
2477	2477	0	0	0		0	
2478	2478	0	0	0		0	
2479	2479	0	0	0		0	
2480	2480	0	0	0		0	
2481	2481	0	0	0		0	
2482	2482	0	0	0		0	
2483	2483	0	0	0		0	
2484	2484	0	0	0		0	
2485	2485	0	0	-23.4195973292134		-24.5274293297002	
2486	2486	0	0	0		15.5363989862127	
2487	2487	0	0	0		-33.1865875136898	
2488	2488	0	0	0		17.4250724303722	
2489	2489	0	0	0		-1.25957767605284	
2490	2490	0	0	0		2.03603620517087	
2491	2491	0	0	0		0	
2492	2492	0	0	0		0	
2493	2493	0	0	0		0	
2494	2494	0	0	0		0	
2495	2495	0	0	0		0	
2496	2496	0	0	0		0	
2497	2497	0	0	0		0	
2498	2498	0	0	0		0	
2499	2499	0	0	0		0	
2500	2500	0	0	0		0	
2501	2501	0	0	0		0	
2502	2502	0	0	0		0	
2503	2503	0	0	0		0	
2504	2504	0	0	0		0	
2505	2505	0	0	0		0	
2506	2506	0	0	0		0	
2507	2507	0	0	0		0	
2508	2508	0	0	0		0	
2509	2509	0	0	0		0	
2510	2510	0	0	0		0	
2511	2511	0	0	0		0	
2512	2512	0	0	0		0	
2513	2513	0	0	0		0	
2514	2514	0	0	0		0	
2515	2515	0	0	0		0	
2516	2516	0	0	0		0	
2517	2517	0	0	0		0	
2518	2518	0	0	0		0	
2519	2519	0	0	0		0	
2520	2520	0	0	0		0	
2521	2521	0	0	0		0	
2522	2522	0	0	0		0	
2523	2523	0	0	0		0	
2524	2524	0	0	0		0	
2525	2525	0	0	0		0	
2526	2526	0	0	0		0	
2527	2527	0	0	0		0	
2528	2528	0	0	0		0	
2529	2529	0	0	0		0	
2530	2530	0	0	0		0	
2531	2531	0	0	0		0	
2532	2532	0	0	0		0	
2533	2533	0	0	0		0	
2534	2534	0	0	0		0	
2535	2535	0	0	0		0	
2536	2536	0	0	0		0	
2537	2537	0	0	0		0	
2538	2538	0	0	0		0	
2539	2539	0	0	0		0	
2540	2540	0	0	0		0	
2541	2541	0	0	0		0	
2542	2542	0	0	0		0	
2543	2543	0	0	0		0	
2544	2544	0	0	0		0	
2545	2545	0	0	0		0	
2546	2546	0	0	0		0	
2547	2547	0	0	0		0	
2548	2548	0	0	0		0	
2549	2549	0	0	0		0	
2550	2550	0	0	0		0	
2551	2551	0	0	0		0	
2552	2552	0	0	0.391561377691927		0.41008365278761	
2553	2553	0	0	0		-0.259759111392768	
2554	2554	0	0	0		0.55485949417007	
2555	2555	0	0	0		-0.291336578990077	
2556	2556	0	0	0		0.0210593702023233	
2557	2557	0	0	0		-0.0340412830468646	
2558	2558	0	0	1.2953598193413		1.35663504281498	
2559	2559	0	0	0		-0.859332750306977	
2560	2560	0	0	0.0577694094927599		1.8960832883172	
2561	2561	0	0	0.118291713572628	5.13	-0.87823352965576	6.00823352965576
2562	2562	1	0	0.662474012428246	5.13	0.766867717064058	4.36313228293594
2563	2563	1	0	0.395708353861092	5.13	-0.0130270908267622	5.14302709082676
2564	2564	1	0	0.360829276891083	16.39	0.969235575352525	15.4207644246475
2565	2565	1	0	0.429001102063956	7.29	0.279092580780828	7.01090741921917
2566	2566	1	0	0.097019714368352	5.23	0.0592473386365474	5.17075266136345
2567	2567	1	0	0.461471796564548	5.75	0.722070081520518	5.02792991847948
2568	2568	1	0	0.942147794293485	4.25	0.483870293037565	3.76612970696243
2569	2569	1	0	1.32342731620911	3.78	1.33445860947738	2.44554139052262
2570	2570	1	0	1.21084196854154	3.58	1.34980027160682	2.23019972839318
2571	2571	1	0.4	0.496991012210316	3.26	1.00490503890438	2.25509496109562
2572	2572	1	0	0.443987055073007	3.62	0.952019013965094	2.66798098603491
2573	2573	1	0	0.398918066765782	3.62	-0.0523530765707787	3.67235307657078
2574	2574	1	0	0.121396360246674	3.62	0.0649240605249529	3.55507593947505
2575	2575	1	0	0.236303598888462	3.99	0.350996548159837	3.63900345184016
2576	2576	1	0	0.182261179209457	3.99	-0.0856578526269584	4.07565785262696
2577	2577	1	0	0.192559400249719	3.33	0.308142315471976	3.02185768452802
2578	2578	1	0	0.248691471100875	3.46	0.187014256326254	3.27298574367375
2579	2579	1	0	0.300502443149201	3.45	0.289148140139012	3.16085185986099
2580	2580	1	0	0.23098211340222	3.44	0.240951231285788	3.19904876871421
2581	2581	1	0	0.372924259441367	6.65	0.472633234627703	6.1773667653723
2582	2582	1	0	0.282007682021968	6.99	0.148313523665276	6.84168647633472
2583	2583	1	0	0.288106750305221	7.21	0.465785076694279	6.74421492330572
2584	2584	1	0	0.293265331160327	7.15	0.22445517035969	6.92554482964031
2585	2585	1	0	0.281054742432188	7.54	0.298210843014456	7.24178915698554
2586	2586	1	0	0.562482087624323	4.31	0.58659330120824	3.72340669879176
2587	2587	1	0	0.585180365462692	4.22	0.410759285789871	3.80924071421013
2588	2588	1	0	0.485452557822414	4.4	0.698883243373694	3.70111675662631
2589	2589	1	1	0.418485422129093	4.58	0.758883163768987	3.82111683623101
2590	2590	1	2.6	0.41123046144916	4.44	1.22900208052481	3.21099791947519
2591	2591	1	0.6	0.322780722326787	5.91	0.992244072902217	4.91775592709778
2592	2592	1	0.4	0.336874092167861	5.79	0.783811107399096	5.0061888926009
2593	2593	1	0.2	0.328896149913033	5.12	0.447413714996686	4.67258628500331
2594	2594	1	0	0.247115678393662	4.75	0.562874595858695	4.18712540414131
2595	2595	1	0	0.263248462936906	4.47	0.517318008634261	3.95268199136574
2596	2596	1	0	0.584686715030905	5.04	0.59386928359098	4.44613071640902
2597	2597	1	0	0.329466827793837	4.45	0.172906294900876	4.27709370509912
2598	2598	1	0.2	0.330923977351851	4.59	0.805998634451001	3.784001365549
2599	2599	1	0	0.137683835170225	4.29	-0.0133003766022714	4.30330037660227
2600	2600	1	2.8	0.263760386091619	4.36	1.11161378918467	3.24838621081533
2601	2601	1	0	0.490445696962414	6.03	0.776231592528034	5.25376840747197
2602	2602	1	0	0.305426968878582	5.22	0.491279086099623	4.72872091390038
2603	2603	1	1.6	0.105528792996665	4.86	0.73605486570476	4.12394513429524
2604	2604	1	0.2	0.200856562469614	5.23	0.752606439550303	4.4773935604497
2605	2605	1	1	0.0909712282658717	5.23	0.465070307431664	4.76492969256834
2606	2606	1	0.2	0.211834521043233	5.23	0.565310829239125	4.66468917076088
2607	2607	1	0.2	0.254380021256768	5.23	0.356981573287224	4.87301842671278
2608	2608	1	0.2	0.152982626576737	5.23	0.421096931689576	4.80890306831042
2609	2609	1	0	0.00847086471588909	5.23	0.228855842866905	5.0011441571331
2610	2610	1	0.6	0.00214836717721312	5.23	0.260062116834689	4.96993788316531
2611	2611	0	0.4	0.0546290767778395		0.181203655403112	
2612	2612	0	0	0.092670423172482		0.19237225885667	
2613	2613	0	0.2	0.0765601517184535		0.163567225332996	
2614	2614	0	0	0.141402194610087		0.259329725849771	
2615	2615	0	0	0.115552993723355		0.14954336603269	
2616	2616	0	0	0.0600066845957699		0.150662439131483	
2617	2617	0	0	0.196004383820643		0.233886748934587	
2618	2618	0	0	0.0731920016395513		-0.0412003866717183	
2619	2619	0	0	0.054255297840573		0.235287847221967	
2620	2620	0	0	0.0631757587551292		-0.0187653871887914	
2621	2621	0	0	0.0773840196077096		0.0668835795823022	
2622	2622	0	0	0.0276123895642009		0.0136337216629564	
2623	2623	0	0	0.133879976904726		0.181101368856195	
2624	2624	0	0	0.0560752198489318		-0.0498549940148446	
2625	2625	0	0	0.0023978259977433		0.133150037051078	
2626	2626	0	0	0.0730480425589626		0.0495195235005151	
2627	2627	0	0	0.0578014679554357		-0.0214482258875451	
2628	2628	0	0	0.145073540459677		0.206695864810111	
2629	2629	0	0.2	0.123794769081936		0.104682433196514	
2630	2630	0	0	0.0962075519987984		0.222444378920295	
2631	2631	0	0.2	0.241689520198619		0.317891761207082	
2632	2632	0	0.2	0.26229566317231		0.243844938112698	
2633	2633	0	1.4	0.128777132248068		0.632279383208763	
2634	2634	0	0	0.159078761290761		0.554644682402109	
2635	2635	0	0.2	0.0527056939406876		0.111638850571447	
2636	2636	0	0.2	0.0400861966193311		0.217152341606978	
2637	2637	0	0	0.0479990951992235		0.126462490590781	
2638	2638	0	0	0.0795422422037468		0.163972023019399	
2639	2639	0	0	0.0755683625139305		0.063887922836682	
2640	2640	0	0	0.0571299665614333		0.110266919167185	
2641	2641	0	1.6	0.0222105671560087		0.432222518952036	
2642	2642	0	0	0.0145338361980727		0.325491205019915	
2643	2643	0	0	0.000521998658907563		0.104144614934363	
2644	2644	0	0	0		-0.0278203153650803	
2645	2645	0	0	0		0.0967341507793964	
2646	2646	0	0	0.000521986521896167		0.0963526720822364	
2647	2647	0	0	2.17491750369447e-05		-0.00155896183201977	
2648	2648	0	0	0		0.000679868194848552	
2649	2649	0	0	0		-0.000357558327467876	
2650	2650	0	0	0		1.18918193146675e-05	
2651	2651	0	0	0		-4.42103537173619e-05	
2652	2652	0	0	0		-1.89081422645046e-06	
2653	2653	0	0	0		0	
2654	2654	0	0	0		0	
2655	2655	0	0	0		0	
2656	2656	0	0	0		0	
2657	2657	0	0	0		0	
2658	2658	0	0	0		0	
2659	2659	0	0	0		0	
2660	2660	0	0	0		0	
2661	2661	0	0	0		0	
2662	2662	0	0	0		0	
2663	2663	0	0	0		0	
2664	2664	0	0	0		0	
2665	2665	0	0	0		0	
2666	2666	0	0	0		0	
2667	2667	0	0	0		0	
2668	2668	0	0	0		0	
2669	2669	0	0	0		0	
2670	2670	0	0	0		0	
2671	2671	0	0	0		0	
2672	2672	0	0	0		0	
2673	2673	0	0	0		0	
2674	2674	0	0	0		0	
2675	2675	0	0	0		0	
2676	2676	0	0	0		0	
2677	2677	0	0	0		0	
2678	2678	0	0	0		0	
2679	2679	0	0	0		0	
2680	2680	0	0	0		0	
2681	2681	0	0	0		0	
2682	2682	0	0	0		0	
2683	2683	0	0	0		0	
2684	2684	0	0	0		0	
2685	2685	0	0	0		0	
2686	2686	0	0	0		0	
2687	2687	0	0	0		0	
2688	2688	0	0	0		0	
2689	2689	0	0	0		0	
2690	2690	0	0	0		0	
2691	2691	0	0	0		0	
2692	2692	0	0	0		0	
2693	2693	0	0	0		0	
2694	2694	0	0	0		0	
2695	2695	0	0	0		0	
2696	2696	0	0	0		0	
2697	2697	0	0	0		0	
2698	2698	0	0	0		0	
2699	2699	0	0	0		0	
2700	2700	0	0	0		0	
2701	2701	0	0	0		0	
2702	2702	0	0	0		0	
2703	2703	0	0	0		0	
2704	2704	0	0	0		0	
2705	2705	0	0	0		0	
2706	2706	0	0	0		0	
2707	2707	0	0	0		0	
2708	2708	0	0	0		0	
2709	2709	0	0	0		0	
2710	2710	0	0	0		0	
2711	2711	0	0	0		0	
2712	2712	0	0	0		0	
2713	2713	0	0	0		0	
2714	2714	0	0	0		0	
2715	2715	0	0	0		0	
2716	2716	0	0	0		0	
2717	2717	0	0	0		0	
2718	2718	0	0	0		0	
2719	2719	0	0	0		0	
2720	2720	0	0	0		0	
2721	2721	0	0	0		0	
2722	2722	0	0	0		0	
2723	2723	0	0	0		0	
2724	2724	0	0	0		0	
2725	2725	0	0	0		0	
2726	2726	0	0	0		0	
2727	2727	0	0	0		0	
2728	2728	0	0	0		0	
2729	2729	0	0	0		0	
2730	2730	0	0	0		0	
2731	2731	0	0	0		0	
2732	2732	0	0	0		0	
2733	2733	0	0	0		0	
2734	2734	0	0	0		0	
2735	2735	0	0	0		0	
2736	2736	0	0	0		0	
2737	2737	0	0	0		0	
2738	2738	0	0	0		0	
2739	2739	0	0	0		0	
2740	2740	0	0	0		0	
2741	2741	0	0	0		0	
2742	2742	0	0	0		0	
2743	2743	0	0	0		0	
2744	2744	0	0	0		0	
2745	2745	0	0	0		0	
2746	2746	0	0	0		0	
2747	2747	0	0	0		0	
2748	2748	0	0	0		0	
2749	2749	0	0	0		0	
2750	2750	0	0	0		0	
2751	2751	0	0	0		0	
2752	2752	0	0	0		0	
2753	2753	0	0	0		0	
2754	2754	0	0	0		0	
2755	2755	0	0	0		0	
2756	2756	0	0	0		0	
2757	2757	0	0	0		0	
2758	2758	0	0	0		0	
2759	2759	0	0	0		0	
2760	2760	0	0	0		0	
2761	2761	0	0	0		0	
2762	2762	0	0	0		0	
2763	2763	0	0	0		0	
2764	2764	0	0	0		0	
2765	2765	0	0	0		0	
2766	2766	0	0	0		0	
2767	2767	0	0	0		0	
2768	2768	0	0	0		0	
2769	2769	0	0	0		0	
2770	2770	0	0	0		0	
2771	2771	0	0	0		0	
2772	2772	0	0	0		0	
2773	2773	0	0	0		0	
2774	2774	0	0	0		0	
2775	2775	0	0	0		0	
2776	2776	0	0	0		0	
2777	2777	0	0	0		0	
2778	2778	0	0	0		0	
2779	2779	0	0	0		0	
2780	2780	0	0	0		0	
2781	2781	0	0	0		0	
2782	2782	0	0	0		0	
2783	2783	0	0	0		0	
2784	2784	0	0	0		0	
2785	2785	0	0	0		0	
2786	2786	0	0	0		0	
2787	2787	0	0	0		0	
2788	2788	0	0	0		0	
2789	2789	0	0	0		0	
2790	2790	0	0	0		0	
2791	2791	0	0	0		0	
2792	2792	0	0	0		0	
2793	2793	0	0	0		0	
2794	2794	0	0	0		0	
2795	2795	0	0	0		0	
2796	2796	0	0	0		0	
2797	2797	0	0	0		0	
2798	2798	0	0	0		0	
2799	2799	0	0	0		0	
2800	2800	0	0	0		0	
2801	2801	0	0	0		0	
2802	2802	0	0	0		0	
2803	2803	0	0	0		0	
2804	2804	0	0	0		0	
2805	2805	0	0	0		0	
2806	2806	0	0	0		0	
2807	2807	0	0	0		0	
2808	2808	0	0	0		0	
2809	2809	0	0	0		0	
2810	2810	0	0	0		0	
2811	2811	0	0	0		0	
2812	2812	0	0	0		0	
2813	2813	0	0	0		0	
2814	2814	0	0	0		0	
2815	2815	0	0	0		0	
2816	2816	0	0	0		0	
2817	2817	0	0	0		0	
2818	2818	0	0	0		0	
2819	2819	0	0	0		0	
2820	2820	0	0	0		0	
2821	2821	0	0	0		0	
2822	2822	0	0	0		0	
2823	2823	0	0	0		0	
2824	2824	0	0	0		0	
2825	2825	0	0	0		0	
2826	2826	0	0	0		0	
2827	2827	0	0	0		0	
2828	2828	0	0	0		0	
2829	2829	0	0	0		0	
2830	2830	0	0	0		0	
2831	2831	0	0	0		0	
2832	2832	0	0	0		0	
2833	2833	0	0	0		0	
2834	2834	0	0	0		0	
2835	2835	0	0	0		0	
2836	2836	0	0	0		0	
2837	2837	0	0	0		0	
2838	2838	0	0	0		0	
2839	2839	0	0	0		0	
2840	2840	0	0	0		0	
2841	2841	0	0	0		0	
2842	2842	0	0	0		0	
2843	2843	0	0	0		0	
2844	2844	0	0	0		0	
2845	2845	0	0	0		0	
2846	2846	0	0	0		0	
2847	2847	0	0	0		0	
2848	2848	0	0	0		0	
2849	2849	0	0	0		0	
2850	2850	0	0	-22.4505750552742		-23.5125687832594	
2851	2851	0	0	0		14.8935563078005	
2852	2852	0	0	0		-31.8134408261212	
2853	2853	0	0	0		16.7040829499523	
2854	2854	0	0	0		-1.20746069015022	
2855	2855	0	0	0		1.95179203967037	
2856	2856	0	0	0		0	
2857	2857	0	0	0		0	
2858	2858	0	0	0		0	
2859	2859	0	0	0		0	
2860	2860	0	0	0		0	
2861	2861	0	0	0		0	
2862	2862	0	0	0		0	
2863	2863	0	0	0		0	
2864	2864	0	0	0		0	
2865	2865	0	0	0		0	
2866	2866	0	0	0		0	
2867	2867	0	0	0		0	
2868	2868	0	0	0		0	
2869	2869	0	0	0		0	
2870	2870	0	0	0		0	
2871	2871	0	0	0		0	
2872	2872	0	0	0		0	
2873	2873	0	0	0		0	
2874	2874	0	0	0		0	
2875	2875	0	0	0		0	
2876	2876	0	0	0		0	
2877	2877	0	0	0		0	
2878	2878	0	0	0		0	
2879	2879	0	0	0		0	
2880	2880	0	0	0		0	
2881	2881	0	0	0		0	
2882	2882	0	0	0		0	
2883	2883	0	0	0		0	
2884	2884	0	0	0		0	
2885	2885	0	0	0		0	
2886	2886	0	0	0		0	
2887	2887	0	0	0		0	
2888	2888	0	0	0		0	
2889	2889	0	0	0		0	
2890	2890	0	0	0		0	
2891	2891	0	0	0		0	
2892	2892	0	0	0		0	
2893	2893	0	0	0		0	
2894	2894	0	0	0		0	
2895	2895	0	0	0		0	
2896	2896	0	0	0		0	
2897	2897	0	0	0		0	
2898	2898	0	0	0		0	
2899	2899	0	0	0		0	
2900	2900	0	0.8	1.36000344668681		1.6181841644473	
2901	2901	0	0	0		-0.75213229498654	
2902	2902	0	0	0		1.99074600151538	
2903	2903	0	0	0		-1.02591762041415	
2904	2904	0	0	0		0.128435328675781	
2905	2905	0	0	0		-0.0695631907223545	
2906	2906	0	0	0		0	
2907	2907	0	0	0		0	
2908	2908	0	0	0		0	
2909	2909	0	0	0.149083611769396		0.156135807993977	
2910	2910	0	0	0.197975477012253		0.108439398465185	
2911	2911	0	0	0		0.0799223958543067	
2912	2912	0	0	0		0.169615971800392	
2913	2913	0	0	0		-0.139283122219057	
2914	2914	0	0	0		-0.00231319689865054	
2915	2915	0	0	0		-0.0172114504475324	
2916	2916	0	0	0		0	
2917	2917	0	0	0.108398408066269		0.113526046409899	
2918	2918	0	0	0.952237784650839		0.925371335222431	
2919	2919	0	0	1.09872322886982		0.672594119836079	
2920	2920	0	0	0.642141942624866		1.21234198527722	
2921	2921	0	0	0.26297443978638		0.703688956046784	
2922	2922	0	0	0.230512021385404		0.201202169781897	
2923	2923	0	0	0.221095243092008		-0.050190348022908	
2924	2924	0	0.6	0.224761104141181		0.304104678290043	
2925	2925	0	0	0.180911440514		0.253037029869749	
2926	2926	0	0	0.213427647111531		0.294707979390929	
2927	2927	0	0	0.477675584338209		0.429147150206031	
2928	2928	0	0	0.388937618506603		0.292614904922788	
2929	2929	0	0	0.085483201944788		0.37629082362302	
2930	2930	0	2	0.138722259931266		0.764677928978433	
2931	2931	0	0.2	0.657662818624055		0.859303697911946	
2932	2932	0	0	0.769158803451667		0.678043129014188	
2933	2933	0	1.8	0.185031997848956		0.900026072215764	
2934	2934	0	7.2	0.0956927921457122		2.79514346950056	
2935	2935	0	0.6	0.136300867255885		1.56715598414225	
2936	2936	0	0	0.514276121597614		1.09554151626989	
2937	2937	0	0	0.271158951142978		0.0537118078441144	
2938	2938	0	0	0.310675141290533		1.35849103106176	
2939	2939	0	0	0.313471478079471		0.602328462558795	
2940	2940	0	0	0.525011043460824		0.632692333753801	
2941	2941	0	0	0.521599155791513		0.380906555431045	
2942	2942	0	0	0.626837478555894		0.814327883302914	
2943	2943	0	0	0.585839739169202		0.536063104331521	
2944	2944	0	1.2	0.510236997602879		0.937653111895831	
2945	2945	0	0.8	0.167642799499029		0.602239301898049	
2946	2946	0	0.2	0.528441126764669		1.01162247671008	
2947	2947	0	0.2	0.490551742010252		0.126636675142131	
2948	2948	0	0.2	0.324307767799565		0.785607842900872	
2949	2949	0	0	0.692574443795284		0.955006475463794	
2950	2950	0	0.2	0.387457049618193		0.178092823489516	
2951	2951	0	0.2	0.28800233970917		0.873610205332237	
2952	2952	0	0	0.504900462356744		0.425664217504884	
2953	2953	0	0	0.854563240539218		0.713475718342232	
2954	2954	0	0	0.801118980254529		0.744229479994961	
2955	2955	0	0	0.690877021474758		1.03518498865048	
2956	2956	0	0	0.291997187862584		0.361164401959137	
2957	2957	0	0	0.302240852537427		0.507835118075249	
2958	2958	0	0	0.337115335902087		0.0210847381584299	
2959	2959	0	0	0.42711206081459		0.402217799555036	
2960	2960	0	0	0.443071652509971		0.389157272376425	
2961	2961	0	0	0.69616619675206		0.78044641784387	
2962	2962	0	0	0.522920591900068		0.387744039743981	
2963	2963	0	0	0.505275338675414		0.832773872961567	
2964	2964	0	1.6	0.420759148990157		0.702886482020522	
2965	2965	0	2	0.281448743647847		1.12626858837025	
2966	2966	0	0.2	0.451746614706614		1.02509347128267	
2967	2967	0	0	0.448713467545499		0.4061115183021	
2968	2968	0	0	0.568490123394163		0.798559529214771	
2969	2969	0	0	0.375837424304049		0.526834064070088	
2970	2970	0	0	0.329730018013539		0.703044815843632	
2971	2971	0	0	0.25289785710369		0.152747407872013	
2972	2972	0	0.8	0.12288039650117		0.333939631437849	
2973	2973	0	3.6	0.120935345642728		1.15136314890039	
2974	2974	0	1.6	0.18530330837859		1.21149987224601	
2975	2975	0	0.2	0.0836472463562181		0.650190676020264	
2976	2976	0	0.8	0.0843940176906273		0.540798409425922	
2977	2977	0	0.2	0.0547768027569546		0.461730085663692	
2978	2978	0	0	0.0557113147787476		0.50599461190222	
2979	2979	0	0	0.0573505712659177		0.139356166656986	
2980	2980	0	0	0.0949699051961481		0.160824903586038	
2981	2981	0	0	0.0458028159546693		0.082887427595944	
2982	2982	0	0.4	0.136709304528519		0.312022295078423	
2983	2983	0	0.4	0.150416877256969		0.231290691100618	
2984	2984	0	0.2	0.247979044778088		0.474974891942982	
2985	2985	0	0	0.107384752703762		0.115884689292168	
2986	2986	0	0.4	0.141841773365726		0.453612743030536	
2987	2987	0	0.2	0.198882908995781		0.250041076388313	
2988	2988	0	0	0.159068438621119		0.263473854895487	
2989	2989	0	0	0.0651336078085514		0.144243488497531	
2990	2990	0	0.6	0.0690244872940085		0.274328777254912	
2991	2991	0	0.8	0.0845966012990438		0.359686841825684	
2992	2992	0	0.6	0.0201720362293614		0.360928861538022	
2993	2993	0	1.4	0.0879765457999682		0.641791812107052	
2994	2994	0	0.2	0.0979344451604724		0.394121248057767	
2995	2995	0	0.2	0.0363846170386317		0.359836739073254	
2996	2996	0	0.4	0.0854938515282235		0.348384705018614	
2997	2997	0	3.6	0.072562221110914		1.09395114585518	
2998	2998	0	1	0.121695630128205		1.21597432092441	
2999	2999	0	0	0.138120932942364		0.589191964729513	
3000	3000	0	0	0.136039822523799		0.226901298415386	
3001	3001	0	0	0.0460144030630261		0.315203009718424	
3002	3002	0	0	0.0800514244564106		0.43169231529752	
3003	3003	0	0	0.0608264901652298		0.0322722919925832	
3004	3004	0	0	0.0658093075863029		0.103079113079261	
3005	3005	0	0	0.0583308764729509		0.0347130337006975	
3006	3006	0	0.2	0.0728194779891176		0.134332175244373	
3007	3007	0	0	0.0247858399627781		0.0451762473215949	
3008	3008	0	0	0.0538890026155556		0.113925200395483	
3009	3009	0	0.2	0.106735848196596		0.099349417860593	
3010	3010	0	0	0.0571734711464025		0.0971806291265701	
3011	3011	0	0.2	0.0296366918170285		0.175786683450422	
3012	3012	0	0.4	0.00737505604786293		0.121347547872072	
3013	3013	0	0	0		0.100375635275416	
3014	3014	0	0	0		0.0226387249536031	
3015	3015	0	0	0.00114221034394291		-0.00085671920151455	
3016	3016	0	0	0		0.0368754281169676	
3017	3017	0	0	0		0.0253133025540772	
3018	3018	0	0	0		-0.000849848000977311	
3019	3019	0	0	0		6.14315707637084e-05	
3020	3020	0	0	0		-9.93006660830808e-05	
3021	3021	0	0	0		0	
3022	3022	0	0	0		0	
3023	3023	0	0	0		0	
3024	3024	0	0	0		0	
3025	3025	0	0	0		0	
3026	3026	0	0	0		0	
3027	3027	0	0	0		0	
3028	3028	0	0	0		0	
3029	3029	0	0	0		0	
3030	3030	0	0	0		0	
3031	3031	0	0	0		0	
3032	3032	0	0	0		0	
3033	3033	0	0	0		0	
3034	3034	0	0	0		0	
3035	3035	0	0	0		0	
3036	3036	0	0	0		0	
3037	3037	0	0	0		0	
3038	3038	0	0	0		0	
3039	3039	0	0	0		0	
3040	3040	0	0	0		0	
3041	3041	0	0	0		0	
3042	3042	0	0	0		0	
3043	3043	0	0	0		0	
3044	3044	0	0	0		0	
3045	3045	0	0	0		0	
3046	3046	0	0	0		0	
3047	3047	0	0	0		0	
3048	3048	0	0	0		0	
3049	3049	0	0	0		0	
3050	3050	0	0	0		0	
3051	3051	0	0	0		0	
3052	3052	0	0	0		0	
3053	3053	0	0	0		0	
3054	3054	0	0	0		0	
3055	3055	0	0	0		0	
3056	3056	0	0	0		0	
3057	3057	0	0	0		0	
3058	3058	0	0	0		0	
3059	3059	0	0	0		0	
3060	3060	0	0	0		0	
3061	3061	0	0	0		0	
3062	3062	0	0	0		0	
3063	3063	0	0	0		0	
3064	3064	0	0	0		0	
3065	3065	0	0	0		0	
3066	3066	0	0	0		0	
3067	3067	0	0	0		0	
3068	3068	0	0	0		0	
3069	3069	0	0	0		0	
3070	3070	0	0	0		0	
3071	3071	0	0	0		0	
3072	3072	0	0	0		0	
3073	3073	0	0	0		0	
3074	3074	0	0	0		0	
3075	3075	0	0	0		0	
3076	3076	0	0	0		0	
3077	3077	0	0	0		0	
3078	3078	0	0	0		0	
3079	3079	0	0	0		0	
3080	3080	0	0	0		0	
3081	3081	0	0	0		0	
3082	3082	0	0	0		0	
3083	3083	0	0	0		0	
3084	3084	0	0	0		0	
3085	3085	0	0	0		0	
3086	3086	0	0	0		0	
3087	3087	0	0	0		0	
3088	3088	0	0	0		0	
3089	3089	0	0	0		0	
3090	3090	0	0	0		0	
3091	3091	0	0	0		0	
3092	3092	0	0	0		0	
3093	3093	0	0	0		0	
3094	3094	0	0	0		0	
3095	3095	0	0	0		0	
3096	3096	0	0	0		0	
3097	3097	0	0	0		0	
3098	3098	0	0	0		0	
3099	3099	0	0	0		0	
3100	3100	0	0	0		0	
3101	3101	0	0	0		0	
3102	3102	0	0	0		0	
3103	3103	0	0	0		0	
3104	3104	0	0	0		0	
3105	3105	0	0	0		0	
3106	3106	0	0	0		0	
3107	3107	0	0	0		0	
3108	3108	0	0	0		0	
3109	3109	0	0	0		0	
3110	3110	0	0	0		0	
3111	3111	0	0	0		0	
3112	3112	0	0	0		0	
3113	3113	0	0	0		0	
3114	3114	0	0	0		0	
3115	3115	0	0	0		0	
3116	3116	0	0	0		0	
3117	3117	0	0	0		0	
3118	3118	0	0	0		0	
3119	3119	0	0	0		0	
3120	3120	0	0	0		0	
3121	3121	0	0	0		0	
3122	3122	0	0	0		0	
3123	3123	0	0	0		0	
3124	3124	0	0	0		0	
3125	3125	0	0	0		0	
3126	3126	0	0	0		0	
3127	3127	0	0	0		0	
3128	3128	0	0	0		0	
3129	3129	0	0	0		0	
3130	3130	0	0	0		0	
3131	3131	0	0	0		0	
3132	3132	0	0	0		0	
3133	3133	0	0	0		0	
3134	3134	0	0	0		0	
3135	3135	0	0	0		0	
3136	3136	0	0	0		0	
3137	3137	0	0	0		0	
3138	3138	0	0	0		0	
3139	3139	0	0	0		0	
3140	3140	0	0	0		0	
3141	3141	0	0	0		0	
3142	3142	0	0	0		0	
3143	3143	0	0	0		0	
3144	3144	0	0	0		0	
3145	3145	0	0	0		0	
3146	3146	0	0	0		0	
3147	3147	0	0	0		0	
3148	3148	0	0	0		0	
3149	3149	0	0	0		0	
3150	3150	0	0	0		0	
3151	3151	0	0	0		0	
3152	3152	0	0	0		0	
3153	3153	0	0	0		0	
3154	3154	0	0	0		0	
3155	3155	0	0	0		0	
3156	3156	0	0	0		0	
3157	3157	0	0	0		0	
3158	3158	0	0	0		0	
3159	3159	0	0	0		0	
3160	3160	0	0	0		0	
3161	3161	0	0	0		0	
3162	3162	0	0	0		0	
3163	3163	0	0	0		0	
3164	3164	0	0	0		0	
3165	3165	0	0	0		0	
3166	3166	0	0	0		0	
3167	3167	0	0	0		0	
3168	3168	0	0	0		0	
3169	3169	0	0	0		0	
3170	3170	0	0	0		0	
3171	3171	0	0	0		0	
3172	3172	0	0	0		0	
3173	3173	0	0	0		0	
3174	3174	0	0	0		0	
3175	3175	0	0	0		0	
3176	3176	0	0	0		0	
3177	3177	0	0	0		0	
3178	3178	0	0	0		0	
3179	3179	0	0	0		0	
3180	3180	0	0	0		0	
3181	3181	0	0	0		0	
3182	3182	0	0	0		0	
3183	3183	0	0	0		0	
3184	3184	0	0	0		0	
3185	3185	0	0	0		0	
3186	3186	0	0	0		0	
3187	3187	0	0	0		0	
3188	3188	0	0	0		0	
3189	3189	0	0	0		0	
3190	3190	0	0	0		0	
3191	3191	0	0	0		0	
3192	3192	0	0	0		0	
3193	3193	0	0	0		0	
3194	3194	0	0	0		0	
3195	3195	0	0	0		0	
3196	3196	0	0	0		0	
3197	3197	0	0	0		0	
3198	3198	0	0	0		0	
3199	3199	0	0	0		0	
3200	3200	0	0	0		0	
3201	3201	0	0	0		0	
3202	3202	0	0	0		0	
3203	3203	0	0	0		0	
3204	3204	0	0	0		0	
3205	3205	0	0	0		0	
3206	3206	0	0	0		0	
3207	3207	0	0	0		0	
3208	3208	0	0	0		0	
3209	3209	0	0	0		0	
3210	3210	0	0	0		0	
3211	3211	0	0	0		0	
3212	3212	0	0	0		0	
3213	3213	0	0	0		0	
3214	3214	0	0	0		0	
3215	3215	0	0	0		0	
3216	3216	0	0	-29.0697571584285		-30.4448622370421	
3217	3217	0	0	0		19.2846759616267	
3218	3218	0	0	0		-41.1931096157877	
3219	3219	0	0	0		21.6290065494462	
3220	3220	0	0	0		-1.56346057749507	
3221	3221	0	0	0		2.52724575995403	
3222	3222	0	0	0		0	
3223	3223	0	0	0		0	
3224	3224	0	0	0		0	
3225	3225	0	0	0		0	
3226	3226	0	0	0		0	
3227	3227	0	0	0		0	
3228	3228	0	0	0		0	
3229	3229	0	0	0		0	
3230	3230	0	0	0		0	
3231	3231	0	0	0		0	
3232	3232	0	0	0		0	
3233	3233	0	0	0		0	
3234	3234	0	0	0		0	
3235	3235	0	0	0		0	
3236	3236	0	0	0		0	
3237	3237	0	0	0		0	
3238	3238	0	0	0		0	
3239	3239	0	0	0		0	
3240	3240	0	0	0		0	
3241	3241	0	0	0		0	
3242	3242	0	0	0		0	
3243	3243	0	0	0		0	
3244	3244	0	0	0		0	
3245	3245	0	0	0		0	
3246	3246	0	0	0		0	
3247	3247	0	0	0		0	
3248	3248	0	0	0		0	
3249	3249	0	0	0		0	
3250	3250	0	0	0		0	
3251	3251	0	0	0		0	
3252	3252	0	0	0		0	
3253	3253	0	0	0		0	
3254	3254	0	0	0		0	
3255	3255	0	0	0		0	
3256	3256	0	0	0		0	
3257	3257	0	0	0		0	
3258	3258	0	0	0		0	
3259	3259	0	0	0		0	
3260	3260	0	0	0		0	
3261	3261	0	0	0		0	
3262	3262	0	0	0		0	
3263	3263	0	0	0		0	
3264	3264	0	0	0		0	
3265	3265	0	0	0.628117226320056		0.657829452093741	
3266	3266	0	0	0		-0.416688626240759	
3267	3267	0	0	0		0.89006941524672	
3268	3268	0	0	0		-0.467343140427901	
3269	3269	0	0	0		0.0337820682864639	
3270	3270	0	0	0		-0.0546068062529788	
3271	3271	0	0	0		0	
3272	3272	0	0	0		0	
3273	3273	0	0	0		0	
3274	3274	0	0	0		0	
3275	3275	0	0	0		0	
3276	3276	0	0	0		0	
3277	3277	0	0	0		0	
3278	3278	0	0	0		0	
3279	3279	0	0	0		0	
3280	3280	0	0	0.187980577254982		0.196872741198949	
3281	3281	0	0	0.221289238468577		0.107052007463077	
3282	3282	0	6.6	0.266528335770452		1.99795382431585	
3283	3283	0	0.2	0.487993520539865		1.79463587063059	
3284	3284	0	1.4	0.514036203442727		1.33890617944638	
3285	3285	0	0.2	0.791590460953187		1.18809596970182	
3286	3286	0	0	0.363745811250252		0.817631766239154	
3287	3287	0	0	0.16304507204474		1.07849618769308	
3288	3288	0	3.6	0.231346120123093		1.02355266468424	
3289	3289	0	0	0.332993316305866		0.927937039033566	
3290	3290	0	0	1.09785146120342	4.6	1.38433569519352	3.21566430480648
3291	3291	1	0	1.11004545402907	4.27	0.648024584456974	3.62197541554303
3292	3292	1	0	0.841169279747266	3.17	1.69958030289296	1.47041969710704
3293	3293	1	0.6	0.337541226196959	3.72	0.913827310421001	2.806172689579
3294	3294	1	0.6	0.202022378333051	3.87	0.641759027664696	3.2282409723353
3295	3295	1	0	0.115912434809011	3.65916666666667	-0.0356837684155046	3.69485043508217
3296	3296	1	0	0.2185599549659	4.06	0.173024467439819	3.88697553256018
3297	3297	1	0	0.400803054963474	3.92	0.264687165755617	3.65531283424438
3298	3298	1	0.2	0.403103711028706	4.46	0.487701559340415	3.97229844065958
3299	3299	1	0	0.428754485380864	4.37	0.649654194206625	3.72034580579338
3300	3300	1	0	0.510375976822417	3.78	0.540656805661495	3.23934319433851
3301	3301	1	0	0.745671915129364	4.85	0.749053832344427	4.10094616765557
3302	3302	1	0	1.15899370201157	4.06	1.12401796452132	2.93598203547868
3303	3303	1	0	0.802212825043366	4.25	0.748385288987714	3.50161471101229
3304	3304	1	0	0.18743540635591	4.93	0.741830324320276	4.18816967567972
3305	3305	1	0.6	0.427157177255104	5.15	0.738574428035503	4.4114255719645
3306	3306	1	0	0.303164037262864	4.53	-0.18707011694536	4.71707011694536
3307	3307	1	0	0.234895487203168	4.22	0.500788371801824	3.71921162819818
3308	3308	1	0	0.334059854455059	5.37	0.235630670087854	5.13436932991215
3309	3309	1	0	0.353820379148154	4.76	0.304382224920615	4.45561777507939
3310	3310	1	0	0.384747663854659	4.77	0.482504845999889	4.28749515400011
3311	3311	1	3.4	0.411559772310625	5.59	1.23874421469369	4.35125578530631
3312	3312	1	0	0.826572764828372	7.3	1.51000017444718	5.78999982555282
3313	3313	1	0	0.658892109753467	5.91	0.698774380340542	5.21122561965946
3314	3314	1	0	0.709128284526148	0	1.10097543911747	-1.10097543911747
3315	3315	1	0	0.561062195546313	0	0.659518098912425	-0.659518098912425
3316	3316	1	0	0.449975292967675	0	0.829211702070456	-0.829211702070456
3317	3317	1	0	0.658525134829684	0	0.622173578215531	-0.622173578215531
3318	3318	1	0	0.483739806956454	0	0.270801141983419	-0.270801141983419
3319	3319	1	2.2	0.352249972986471	0	1.14796991787138	-1.14796991787138
3320	3320	1	2.2	0.369985519617309	0	1.27055692843997	-1.27055692843997
3321	3321	1	4.2	0.279117479181412	0	1.78763356128119	-1.78763356128119
3322	3322	1	0	0.442250660294651	9.28999999999999	1.43314654270602	7.85685345729397
3323	3323	1	1.4	0.300678170252628	8.31	0.905061488398217	7.40493851160178
3324	3324	1	0.2	0.15501999741042	7.34	0.894558190296523	6.44544180970348
3325	3325	1	1.4	0.143687120324962	0.305833333333333	1.03962270295188	-0.733789369618551
3326	3326	1	2	0.146781012377858	0	1.04802109997729	-1.04802109997729
3327	3327	1	0.6	0.0855765403741415	0	0.783327225395167	-0.783327225395167
3328	3328	1	0.8	0.174216827935361	0	0.748744296253601	-0.748744296253601
3329	3329	1	5.2	0.3045220684516	0	1.74129197591716	-1.74129197591716
3330	3330	1	3.2	0.136103268284529	0	2.14651277069503	-2.14651277069503
3331	3331	1	0.4	0.376405945963235	7.9	1.85719928631533	6.04280071368467
3332	3332	1	0	0.31413992308735	0	0.377446287992206	-0.377446287992206
3333	3333	1	0.2	0.240993775333649	0	0.909553018304194	-0.909553018304194
3334	3334	1	0.2	0.190456398006642	0	0.802026309601798	-0.802026309601798
3335	3335	1	0	0.160352072810138	0	0.433512255491337	-0.433512255491337
3336	3336	1	0	0.221399711716252	0	0.236965002363767	-0.236965002363767
3337	3337	1	0	0.13557412008673	0	0.076598915534674	-0.076598915534674
3338	3338	1	8.2	0.193613816189366	8.08	2.3094790312074	5.7705209687926
3339	3339	1	1.4	0.112366568145347	0	1.89845925298716	-1.89845925298716
3340	3340	1	0.4	0.13337134862488	0	1.24767325400612	-1.24767325400612
3341	3341	1	0	0.0695128447146303	0	0.0300768013759772	-0.0300768013759772
3342	3342	1	0.2	0.0351687285123035	6.26	0.717159213461213	5.54284078653879
3343	3343	1	0.2	0.0912992982185088	6.02	0.735383266345324	5.28461673365468
3344	3344	1	0.4	0.113691282983584	6.5	0.317177880615798	6.1828221193842
3345	3345	1	0.2	0.160686826016114	6.5	0.348442549487815	6.15155745051219
3346	3346	0	0	0.134422851485887		0.202825445810465	
3347	3347	0	0	0.210312373800146		0.310917547013451	
3348	3348	0	0	0.274933112631484		0.253829158938214	
3349	3349	0	0	0.142643236453083		0.201924778783324	
3350	3350	0	0	0.176781322173007		0.329054889919967	
3351	3351	0	0	0.133513501398681		0.0197495130385368	
3352	3352	0	0	0.10470409866803		0.161962624520056	
3353	3353	0	6.6	0.176758157465528		1.75633456696044	
3354	3354	0	0.8	0.235453361701239		1.60751446593718	
3355	3355	0	0.2	0.0542752939575948		0.787959569385076	
3356	3356	0	0	0.0391738656936162		0.186569214904597	
3357	3357	0	4.2	0.133123581490683		1.49127241915401	
3358	3358	0	0	0		1.16538240066758	
3359	3359	0	0	0		0.538139306245549	
3360	3360	0	0	0		-0.163114809027414	
3361	3361	0	2.2	0.0152807725035942		0.843112110160349	
3362	3362	0	0	0.011359316923194		0.65844575317672	
3363	3363	0	3.4	0.0258318189980464		1.03981943965169	
3364	3364	0	0	0.0464166132102619		0.635498364878115	
3365	3365	0	0	0.0845067682577749		0.508873147038629	
3366	3366	0	0.2	0.182462832751778		0.303580315731581	
3367	3367	0	0	0.0570939243870967		0.296870297874065	
3368	3368	0	0	0.0609295641300314		0.444613948605531	
3369	3369	0	0	0.109994757316262		0.0169268172459945	
3370	3370	0	0	0.00429508781798305		-0.0083225484199228	
3371	3371	0	0	0.00224529658709116		0.109411429034625	
3372	3372	0	0	0.000231647114393496		-0.0786874843871542	
3373	3373	0	0	0		0.000451104922137791	
3374	3374	0	0	0		-0.010673974725196	
3375	3375	0	0	0		-0.000424998621934541	
3376	3376	0	0	0		-0.000182741297746976	
3377	3377	0	0	0		-2.01387711794768e-05	
3378	3378	0	0	0		0	
3379	3379	0	0	1.78189276880403e-05		1.86618276760152e-05	
3380	3380	0	0	0		-1.18209534594575e-05	
3381	3381	0	0	0		2.52501951594879e-05	
3382	3382	0	0	0		-1.32579608962088e-05	
3383	3383	0	0	0		9.58356508506601e-07	
3384	3384	0	0	0		-1.54912919296509e-06	
3385	3385	0	0	0		0	
3386	3386	0	0	0		0	
3387	3387	0	0	0		0	
3388	3388	0	0	0		0	
3389	3389	0	0	0		0	
3390	3390	0	0	0.0012294780289821		0.00128763680452615	
3391	3391	0	0	0.00103343161542924		0.000266689457708112	
3392	3392	0	0	0.00368796410459993		0.00491907062402996	
3393	3393	0	0	1.78150472791572e-05		-0.00187827308924684	
3394	3394	0	0	0		0.00451139969081295	
3395	3395	0	0	0		-0.002770047430521	
3396	3396	0	0	0		9.52511928838207e-05	
3397	3397	0	0	0		-0.000319663438241395	
3398	3398	0	0	0		-1.5487918407525e-06	
3399	3399	0	0	0		0	
3400	3400	0	0	0		0	
3401	3401	0	0	0		0	
3402	3402	0	0	0		0	
3403	3403	0	0	0		0	
3404	3404	0	0	0		0	
3405	3405	0	0	0		0	
3406	3406	0	0	0		0	
3407	3407	0	0	0		0	
3408	3408	0	0	0		0	
3409	3409	0	0	0		0	
3410	3410	0	0	0		0	
3411	3411	0	0	0		0	
3412	3412	0	0	0		0	
3413	3413	0	0	0		0	
3414	3414	0	0	0		0	
3415	3415	0	0	0		0	
3416	3416	0	0	0		0	
3417	3417	0	0	0		0	
3418	3418	0	0	0		0	
3419	3419	0	0	0		0	
3420	3420	0	0	0		0	
3421	3421	0	0	0		0	
3422	3422	0	0	0		0	
3423	3423	0	0	0		0	
3424	3424	0	0	0		0	
3425	3425	0	0	0		0	
3426	3426	0	0	0		0	
3427	3427	0	0	0		0	
3428	3428	0	0	0		0	
3429	3429	0	0	0		0	
3430	3430	0	0	0		0	
3431	3431	0	0	0		0	
3432	3432	0	0	0		0	
3433	3433	0	0	0		0	
3434	3434	0	0	0		0	
3435	3435	0	0	0		0	
3436	3436	0	0	0		0	
3437	3437	0	0	0		0	
3438	3438	0	0	0		0	
3439	3439	0	0	0		0	
3440	3440	0	0	0		0	
3441	3441	0	0	0		0	
3442	3442	0	0	0		0	
3443	3443	0	0	0		0	
3444	3444	0	0	0		0	
3445	3445	0	0	0		0	
3446	3446	0	0	0		0	
3447	3447	0	0	0		0	
3448	3448	0	0	0		0	
3449	3449	0	0	0		0	
3450	3450	0	0	0		0	
3451	3451	0	0	0		0	
3452	3452	0	0	0		0	
3453	3453	0	0	0		0	
3454	3454	0	0	0		0	
3455	3455	0	0	0		0	
3456	3456	0	0	0		0	
3457	3457	0	0	0		0	
3458	3458	0	0	0		0	
3459	3459	0	0	0		0	
3460	3460	0	0	0		0	
3461	3461	0	0	0		0	
3462	3462	0	0	0		0	
3463	3463	0	0	0		0	
3464	3464	0	0	0		0	
3465	3465	0	0	0		0	
3466	3466	0	0	0		0	
3467	3467	0	0	0		0	
3468	3468	0	0	0		0	
3469	3469	0	0	0		0	
3470	3470	0	0	0		0	
3471	3471	0	0	0		0	
3472	3472	0	0	0		0	
3473	3473	0	0	0		0	
3474	3474	0	0	0		0	
3475	3475	0	0	0		0	
3476	3476	0	0	0		0	
3477	3477	0	0	0		0	
3478	3478	0	0	0		0	
3479	3479	0	0	0		0	
3480	3480	0	0	0		0	
3481	3481	0	0	0		0	
3482	3482	0	0	0		0	
3483	3483	0	0	0		0	
3484	3484	0	0	0		0	
3485	3485	0	0	0		0	
3486	3486	0	0	0		0	
3487	3487	0	0	0		0	
3488	3488	0	0	0		0	
3489	3489	0	0	0		0	
3490	3490	0	0	0		0	
3491	3491	0	0	0		0	
3492	3492	0	0	0		0	
3493	3493	0	0	0		0	
3494	3494	0	0	0		0	
3495	3495	0	0	0		0	
3496	3496	0	0	0		0	
3497	3497	0	0	0		0	
3498	3498	0	0	0		0	
3499	3499	0	0	0		0	
3500	3500	0	0	0		0	
3501	3501	0	0	0		0	
3502	3502	0	0	0		0	
3503	3503	0	0	0		0	
3504	3504	0	0	0		0	
3505	3505	0	0	0		0	
3506	3506	0	0	0		0	
3507	3507	0	0	0		0	
3508	3508	0	0	0		0	
3509	3509	0	0	0		0	
3510	3510	0	0	0		0	
3511	3511	0	0	0		0	
3512	3512	0	0	0		0	
3513	3513	0	0	0		0	
3514	3514	0	0	0		0	
3515	3515	0	0	0		0	
3516	3516	0	0	0		0	
3517	3517	0	0	0		0	
3518	3518	0	0	0		0	
3519	3519	0	0	0		0	
3520	3520	0	0	0		0	
3521	3521	0	0	0		0	
3522	3522	0	0	0		0	
3523	3523	0	0	0		0	
3524	3524	0	0	0		0	
3525	3525	0	0	0		0	
3526	3526	0	0	0		0	
3527	3527	0	0	0		0	
3528	3528	0	0	0		0	
3529	3529	0	0	0		0	
3530	3530	0	0	0		0	
3531	3531	0	0	0		0	
3532	3532	0	0	0		0	
3533	3533	0	0	0		0	
3534	3534	0	0	0		0	
3535	3535	0	0	0		0	
3536	3536	0	0	0		0	
3537	3537	0	0	0		0	
3538	3538	0	0	0		0	
3539	3539	0	0	0		0	
3540	3540	0	0	0		0	
3541	3541	0	0	0		0	
3542	3542	0	0	0		0	
3543	3543	0	0	0		0	
3544	3544	0	0	0		0	
3545	3545	0	0	0		0	
3546	3546	0	0	0		0	
3547	3547	0	0	0		0	
3548	3548	0	0	0		0	
3549	3549	0	0	0		0	
3550	3550	0	0	0		0	
3551	3551	0	0	0		0	
3552	3552	0	0	0		0	
3553	3553	0	0	0		0	
3554	3554	0	0	0		0	
3555	3555	0	0	0		0	
3556	3556	0	0	0		0	
3557	3557	0	0	0		0	
3558	3558	0	0	0		0	
3559	3559	0	0	0		0	
3560	3560	0	0	0		0	
3561	3561	0	0	0		0	
3562	3562	0	0	0		0	
3563	3563	0	0	0		0	
3564	3564	0	0	0		0	
3565	3565	0	0	0		0	
3566	3566	0	0	0		0	
3567	3567	0	0	0		0	
3568	3568	0	0	0		0	
3569	3569	0	0	0		0	
3570	3570	0	0	0		0	
3571	3571	0	0	0		0	
3572	3572	0	0	0		0	
3573	3573	0	0	0		0	
3574	3574	0	0	0		0	
3575	3575	0	0	0		0	
3576	3576	0	0	0		0	
3577	3577	0	0	0		0	
3578	3578	0	0	0		0	
3579	3579	0	0	0		0	
3580	3580	0	0	0		0	
3581	3581	0	0	-27.4083700719324		-28.7048855081306	
3582	3582	0	0	0		18.1825232523593	
3583	3583	0	0	0		-38.8388518902998	
3584	3584	0	0	0		20.3928712773436	
3585	3585	0	0	0		-1.47410609133477	
3586	3586	0	0	0		2.38280927749197	
3587	3587	0	0	0		0	
3588	3588	0	0	0		0	
3589	3589	0	0	0		0	
3590	3590	0	0	0		0	
3591	3591	0	0	0		0	
3592	3592	0	0	0		0	
3593	3593	0	0	0		0	
3594	3594	0	0	0		0	
3595	3595	0	0	0		0	
3596	3596	0	0	0		0	
3597	3597	0	0	0		0	
3598	3598	0	0	0		0	
3599	3599	0	0	0		0	
3600	3600	0	0	0		0	
3601	3601	0	0	0		0	
3602	3602	0	0	0		0	
3603	3603	0	0	0		0	
3604	3604	0	0	0		0	
3605	3605	0	0	0		0	
3606	3606	0	0	0		0	
3607	3607	0	0	0		0	
3608	3608	0	0	0		0	
3609	3609	0	0	0		0	
3610	3610	0	0	0		0	
3611	3611	0	0	0		0	
3612	3612	0	0	0		0	
3613	3613	0	0	0		0	
3614	3614	0	0	0		0	
3615	3615	0	0	0		0	
3616	3616	0	0	0		0	
3617	3617	0	0	0		0	
3618	3618	0	0	0		0	
3619	3619	0	0	0		0	
3620	3620	0	0	0		0	
3621	3621	0	0	0		0	
3622	3622	0	0	0		0	
3623	3623	0	0	0		0	
3624	3624	0	0	0		0	
3625	3625	0	0	0		0	
3626	3626	0	0	0		0	
3627	3627	0	0	0		0	
3628	3628	0	0	0		0	
3629	3629	0	0	0		0	
3630	3630	0	0	0		0	
3631	3631	0	0	0		0	
3632	3632	0	0	0.336572800445906		0.352493916150245	
3633	3633	0	0.2	0.987040861088304		0.858913312844194	
3634	3634	0	0	0.334404262826078		0.209886151710887	
3635	3635	0	0	0.0041178440112366		0.94661848114091	
3636	3636	0	0	0		-0.248666264947421	
3637	3637	0	0	0		-0.205326444815597	
3638	3638	0	0	0		-0.0587212457373821	
3639	3639	0	0	0.359958983983071		0.348135622689716	
3640	3640	0	0	0		-0.239152296027756	
3641	3641	0	0	0		0.510077528463392	
3642	3642	0	0	0		-0.267823194382774	
3643	3643	0	0	0		0.0193596966739551	
3644	3644	0	0	0.00843396573830413		-0.0224609337964374	
3645	3645	0	0	0.0143773005299592		0.00946236448214533	
3646	3646	0	0	0		0.00241349430090545	
3647	3647	0	0	0		0.0140980681154167	
3648	3648	0	0	0		-0.0102436546944363	
3649	3649	0	0	0		4.00291764159455e-05	
3650	3650	0	0	0		-0.0012499234722155	
3651	3651	0	0	0		0	
3652	3652	0	0	0		0	
3653	3653	0	0	0		0	
3654	3654	0	0	0		0	
3655	3655	0	0	0.0511747735938899		0.0535955262228969	
3656	3656	0	0	0.146093097114762		0.119054840066681	
3657	3657	0	0	0.229738641989125		0.21620584209763	
3658	3658	0	0	0.0204586413781644		0.0379636711791548	
3659	3659	0	0	0.308647057338268		0.529278212964721	
3660	3660	0	0	0.0659883207925582		-0.274179693865985	
3661	3661	0	0	0.0646698573880329		0.44575218057418	
3662	3662	0	0	0.400517407423921		0.221552426144384	
3663	3663	0	0	0.624110488883034	3.88	0.445296242361864	3.43470375763814
3664	3664	1	0	1.02236111654959	3.88	1.15284178309633	2.72715821690367
3665	3665	1	0	0.434263978751734	3.88	0.36071172948797	3.51928827051203
3666	3666	1	0.2	0.449257425497867	3.33	1.23117011762989	2.09882988237011
3667	3667	1	1	0.597120896870579	2.62	0.460605283717085	2.15939471628292
3668	3668	1	0.2	0.72153158285903	2.46	0.925730515086649	1.53426948491335
3669	3669	1	0	0.560587404539592	2.68	0.66827036797841	2.01172963202159
3670	3670	1	0.6	0.281672266955893	2.64	0.64524590238621	1.99475409761379
3671	3671	1	0	0.468222420177289	3.07	0.744437424000621	2.32556257599938
3672	3672	1	0	0.702288391463648	3.3	0.51616505230149	2.78383494769851
3673	3673	1	0	0.710175394128081	2.99	0.700865256878333	2.28913474312167
3674	3674	1	0	0.74989852626382	2.79	0.968924752010719	1.82107524798928
3675	3675	1	0	0.760183610933586	3.21	0.819684127392765	2.39031587260723
3676	3676	1	0	0.963460428730656	2.99	1.03604155622777	1.95395844377223
3677	3677	1	0	1.02178165546067	3.8	0.927363168861807	2.87263683113819
3678	3678	1	0.4	0.75369094860879	3.9	0.98667505738041	2.91332494261959
3679	3679	1	0.6	0.565518378096673	3.26	1.01945272295808	2.24054727704192
3680	3680	1	0.4	0.528799337439267	3.76	0.713418654765949	3.04658134523405
3681	3681	1	0	0.403766741401414	3.45	0.399549979999735	3.05045002000027
3682	3682	1	0	0.360036756197458	4.46	0.43838970270998	4.02161029729002
3683	3683	1	0	0.20581120890969	3.5	0.179092487490652	3.32090751250935
3684	3684	1	0	0.199871101365996	3.61	0.325986664348482	3.28401333565152
3685	3685	1	0.4	0.19035296847041	3.37833333333333	0.187529767803587	3.19080356552974
3686	3686	1	0	0.237343935295801	3.66	0.311690773500078	3.34830922649992
3687	3687	1	1.4	0.133338466734045	3.73	0.454003118261811	3.27599688173819
3688	3688	1	0	0.200540044664905	4.56	0.56476073374639	3.99523926625361
3689	3689	1	0	0.136266673750676	4.51	0.153769274376409	4.35623072562359
3690	3690	1	0	0.223988392150165	4.51	0.325162074778997	4.184837925221
3691	3691	1	0	0.291819952948003	4.51	0.284213239273808	4.22578676072619
3692	3692	1	0	0.424346993767067	4.51	0.551211753590748	3.95878824640925
3693	3693	1	2.2	0.291161352690228	4.51	0.793266519721244	3.71673348027876
3694	3694	1	0	0.267671705981293	4.51	0.884304850372872	3.62569514962713
3695	3695	1	0.6	0.0654973475342793	4.46	0.304285245986982	4.15571475401302
3696	3696	1	2.6	0.152318290287187	4.62	0.980197207096736	3.63980279290326
3697	3697	1	0.8	0.150905200211469	5.08	0.810761303125323	4.26923869687468
3698	3698	1	0.2	0.158817944578839	0	0.750866721054853	-0.750866721054853
3699	3699	1	0	0.166987970482602	0	0.247264192967507	-0.247264192967507
3700	3700	1	0	0.10862744836373	0	0.336322136621731	-0.336322136621731
3701	3701	1	1.6	0.159649940563288	0	0.806138882027929	-0.806138882027929
3702	3702	1	0	0.269509954014339	0	0.564118462428293	-0.564118462428293
3703	3703	1	0.4	0.212641007634186	0	0.420706282477136	-0.420706282477136
3704	3704	1	0	0.134432494341354	0	0.301169369648179	-0.301169369648179
3705	3705	1	0	0.409376128293527	0	0.581859439623552	-0.581859439623552
3706	3706	1	0	0.241608527122107	0	0.1046914171353	-0.1046914171353
3707	3707	1	0.2	0.234506324157884	0	0.629511786052302	-0.629511786052302
3708	3708	1	0	0.125929666843888	0	0.0646958924331456	-0.0646958924331456
3709	3709	1	0	0.162695342485133	0	0.265611066439933	-0.265611066439933
3710	3710	1	0	0.0816673033251831	0	-0.0445357434823114	0.0445357434823114
3711	3711	1	1.2	0.049428932733889	0	0.430641128041081	-0.430641128041081
3712	3712	1	0	0.0895366337237178	0	0.279336197238836	-0.279336197238836
