timestep	time	weight	P.V1	P.V2	Q	Qfitted	Qresidual
7	168	0.868831783629662	0.191666666666667	0.0714592648638534	63875	156332.51872575	-92457.5187257495
8	192	0.948828384172249	0	0.0724303102763297	65187.5	-236873.873515858	302061.373515858
9	216	0.796933275067522	0.00833333333333333	0.163580291391012	35612.5	328997.361932867	-293384.861932867
10	240	0.837580860871914	0.0166666666666667	0.114419407400027	39812.5	367285.679601683	-327473.179601683
11	264	0.70590016409723	0	0.315122924133833	81462.5	512833.504257426	-431371.004257426
12	288	0.803943218327681	0.025	0.245011897968388	100712.5	155468.733528952	-54756.2335289518
13	312	0.7726741128736	0.025	0.138971530164841	80587.5	209771.943946194	-129184.443946194
14	336	0.839499615591234	0.383333333333333	0.153998149679023	45500	226113.322325197	-180613.322325197
15	360	0.830894333813431	0	0.223795743938282	53725	81707.787548374	-27982.787548374
16	384	0	0	0.1854785058633		161113.884010864	
17	408	0	0	0.192964552893678		598968.207604621	
18	432	0	0	0.223520911655388		-267448.498342243	
19	456	0	0	0.193061662695786		-683728.843502728	
20	480	0	0.0666666666666667	0.12992451221561		-73302.3472604323	
21	504	0	0	0.257863317443161		223069.898828403	
22	528	0	0	0.407920090351185		817744.942460438	
23	552	0	0	0.276662528659961		508808.10975697	
24	576	0	0	0.264436841823875		127553.963137154	
25	600	0	0	0.348808150325437		382202.430173477	
26	624	0	0	0.355364664993029		473270.037267015	
27	648	0	0	0.354852490837626		164651.706583537	
28	672	0	0	0.341466869233702		298399.22523216	
29	696	0	0	0.229542098134862		3887.88130287587	
30	720	0	0	0.257483435558922		-99028.1047874941	
31	744	0	0	0.222854732260782		-145473.559094013	
32	768	0	0	0.272876304455059		43125.4005155556	
33	792	0	0	0.276875686732579		75791.5537325692	
34	816	0	0	0.152272148303741		-76631.4148499435	
35	840	0	0.0833333333333333	0.09389598997633		-301916.296843657	
36	864	0	0.408333333333333	0.128423001069207		127117.041182936	
37	888	0	0	0.128438456008349		-398752.443784491	
38	912	0	0	0.172876373494661		327228.188566001	
39	936	0	0	0.141494438117416		685326.951909452	
40	960	0	0	0.0970910942088565		-673825.868612673	
41	984	0	0	0.095145798827092		-1009364.66560454	
42	1008	0	0	0.08217463792543		-57493.4532863299	
43	1032	0	0.0166666666666667	0.0831121550221266		-98343.1782871877	
44	1056	0	0.0916666666666667	0.0295249783237743		-140236.594238847	
45	1080	0	0	0.0246753407869189		-215503.37400461	
46	1104	0	0.0833333333333333	0.0290589918303805		25868.1164640443	
47	1128	0	0.00833333333333333	0.0455427917776223		67781.8122618923	
48	1152	0	0	0.0243500489766309		-198278.313875023	
49	1176	0	0	0.0258182925206949		-65337.2829393391	
50	1200	0	0.0166666666666667	0.0255571441716072		-70400.1079351362	
51	1224	0	0.025	0.0464039348828465		-120168.614375473	
52	1248	0	0.0166666666666667	0.0480881023543152		38865.0724729987	
53	1272	0	0	0.0215648494045997		36111.9534189183	
54	1296	0	0.025	0.0682806401653408		166688.504011242	
55	1320	0	0.0333333333333333	0.105421784456162		221217.111327855	
56	1344	0	0	0.0993409843941446		118679.371353473	
57	1368	0	0	0.100146076851752		178505.33106795	
58	1392	0	0	0.0690340450793094		126434.670779467	
59	1416	0	0	0.0860205518403133		-35418.4658266233	
60	1440	0	0	0.0555006054917779		-147612.333469942	
61	1464	0	0	0.0526721453861558		-66251.3504716733	
62	1488	0	0	0.0783185342129364		1416.07801818781	
63	1512	0	0	0.0605269764442848		37723.9136085949	
64	1536	0	0	0.0282989581408959		-104039.597311091	
65	1560	0	0.00833333333333333	0.0414036022126059		-26969.8152290177	
66	1584	0	0	0.0109155359347337		-89463.5344853304	
67	1608	0	0	0.0212802184403174		-93500.4277816069	
68	1632	0	0	0.0564194837324035		51152.8919422793	
69	1656	0	0	0.0119865599702305		-14106.1999226184	
70	1680	0	0	0.0055321904261092		-106258.825690938	
71	1704	0	0	0.0196284208731097		1676.50218223477	
72	1728	0	0.00833333333333333	0.00527735633182758		-8602.82373236462	
73	1752	0	0	0.00879752682596724		-87294.9440161403	
74	1776	0	0	0.0208596657783034		32528.1005699734	
75	1800	0	0	0.00799854294817238		31451.5054216977	
76	1824	0	0.05	0.000585446848626604		-8206.35852470666	
77	1848	0	0.00833333333333333	0		-70994.6689442484	
78	1872	0	0.0416666666666667	0.0135998463987761		79492.8255078359	
79	1896	0	0.0166666666666667	0.0173378110614433		95753.1542285455	
80	1920	0	0	0.00407983180523708		-39722.0834535466	
81	1944	0	0	0		-60391.5703735136	
82	1968	0	0	0		-53480.0556309735	
83	1992	0	0	0		-141227.828631688	
84	2016	0	0	0		-68354.9779821618	
85	2040	0	0	0		-7154.67328250655	
86	2064	0	0	0		0	
87	2088	0	0	0.00547932236178284		15662.4753511425	
88	2112	0	0	0		2034.86814286546	
89	2136	0	0	0		-2215.59966628259	
90	2160	0	0	0		-3471.95538061167	
91	2184	0	0	0		837.819244546756	
92	2208	0	0	0		-9608.91604839339	
93	2232	0	0	0		0	
94	2256	0	0	0		0	
95	2280	0	0	0		0	
96	2304	0	0	0		0	
97	2328	0	0.0166666666666667	0		15092.7669205724	
98	2352	0	0	0		-11703.3293280068	
99	2376	0	0	0		8760.39858406682	
100	2400	0	0	0		28885.7301840775	
101	2424	0	0	0		-21009.002988658	
102	2448	0	0	0		-38574.030891055	
103	2472	0	0	0		0	
104	2496	0	0	0		0	
105	2520	0	0	0		0	
106	2544	0	0	0		0	
107	2568	0	0				
108	2592	0	0	0			
109	2616	0	0	0			
110	2640	0	0	0			
111	2664	0	0	0			
112	2688	0	0	0			
113	2712	0	0	0		0	
114	2736	0	0	0		0	
115	2760	0	0	0		0	
116	2784	0	0	0		0	
117	2808	0	0	0		0	
118	2832	0	0	0		0	
119	2856	0	0	0		0	
120	2880	0	0	0		0	
121	2904	0	0	0		0	
122	2928	0	0	0		0	
123	2952	0	0	0		0	
124	2976	0	0	0		0	
125	3000	0	0	0		0	
126	3024	0	0	0		0	
127	3048	0	0	0		0	
128	3072	0	0	0		0	
129	3096	0	0	0		0	
130	3120	0	0	0		0	
131	3144	0	0	0		0	
132	3168	0	0	0		0	
133	3192	0	0	0		0	
134	3216	0	0	0		0	
135	3240	0	0	0		0	
136	3264	0	0	0		0	
137	3288	0	0	0		0	
138	3312	0	0	0		0	
139	3336	0	0	0		0	
140	3360	0	0	0		0	
141	3384	0	0	0		0	
142	3408	0	0	0		0	
143	3432	0	0	0		0	
144	3456	0	0	0		0	
145	3480	0	0	0		0	
146	3504	0	0	0		0	
147	3528	0	0	0		0	
148	3552	0	0	0		0	
149	3576	0	0	0		0	
150	3600	0	0	0		0	
151	3624	0	0	0		0	
152	3648	0	0	0		0	
153	3672	0	0	0		0	
154	3696	0	0	0		0	
155	3720	0	0	0		0	
156	3744	0	0	0		0	
157	3768	0	0	0		0	
158	3792	0	0	0		0	
159	3816	0	0	0		0	
160	3840	0	0	0		0	
161	3864	0	0	0		0	
162	3888	0	0	0		0	
163	3912	0	0	0		0	
164	3936	0	0	0		0	
165	3960	0	0	0		0	
166	3984	0	0	0		0	
167	4008	0	0	0		0	
168	4032	0	0	0		0	
169	4056	0	0	0		0	
170	4080	0	0	0		0	
171	4104	0	0	0		0	
172	4128	0	0	0		0	
173	4152	0	0	0		0	
174	4176	0	0	0		0	
175	4200	0	0	0		0	
176	4224	0	0	0		0	
177	4248	0	0	0		0	
178	4272	0	0	0		0	
179	4296	0	0	0		0	
180	4320	0	0	0		0	
181	4344	0	0	0		0	
182	4368	0	0	0		0	
183	4392	0	0	0		0	
184	4416	0	0	0		0	
185	4440	0	0	0		0	
186	4464	0	0	0		0	
187	4488	0	0	0		0	
188	4512	0	0	0		0	
189	4536	0	0	0		0	
190	4560	0	0	0		0	
191	4584	0	0	0		0	
192	4608	0	0	0		0	
193	4632	0	0	0		0	
194	4656	0	0	0		0	
195	4680	0	0	0		0	
196	4704	0	0	0		0	
197	4728	0	0	0		0	
198	4752	0	0	0		0	
199	4776	0	0	0		0	
200	4800	0	0	0		0	
201	4824	0	0	0		0	
202	4848	0	0	0		0	
203	4872	0	0	0		0	
204	4896	0	0	0		0	
205	4920	0	0	0		0	
206	4944	0	0	0		0	
207	4968	0	0	0		0	
208	4992	0	0	0		0	
209	5016	0	0	0		0	
210	5040	0	0	0		0	
211	5064	0	0	0		0	
212	5088	0	0	0		0	
213	5112	0	0	0		0	
214	5136	0	0	0		0	
215	5160	0	0	0		0	
216	5184	0	0	0		0	
217	5208	0	0	0		0	
218	5232	0	0	0		0	
219	5256	0	0	0		0	
220	5280	0	0	0		0	
221	5304	0	0	0		0	
222	5328	0	0	0		0	
223	5352	0	0	0		0	
224	5376	0	0	0		0	
225	5400	0	0	0		0	
226	5424	0	0	0		0	
227	5448	0	0	0		0	
228	5472	0	0	0		0	
229	5496	0	0	0		0	
230	5520	0	0	0		0	
231	5544	0	0	0		0	
232	5568	0	0	0		0	
233	5592	0	0	0		0	
234	5616	0	0	0		0	
235	5640	0	0	0		0	
236	5664	0	0	0		0	
237	5688	0	0	0		0	
238	5712	0	0	0		0	
239	5736	0	0	0		0	
240	5760	0	0	0		0	
241	5784	0	0	0		0	
242	5808	0	0	0		0	
243	5832	0	0	0		0	
244	5856	0	0	0		0	
245	5880	0	0	0		0	
246	5904	0	0	0		0	
247	5928	0	0	0		0	
248	5952	0	0	0		0	
249	5976	0	0	0		0	
250	6000	0	0	0		0	
251	6024	0	0	0		0	
252	6048	0	0	0		0	
253	6072	0	0	0		0	
254	6096	0	0	0		0	
255	6120	0	0	0		0	
256	6144	0	0	0		0	
257	6168	0	0	0		0	
258	6192	0	0	0		0	
259	6216	0	0	0		0	
260	6240	0	0	0		0	
261	6264	0	0	0		0	
262	6288	0	0	0		0	
263	6312	0	0	0		0	
264	6336	0	0	0		0	
265	6360	0	0	0		0	
266	6384	0	0	0		0	
267	6408	0	0	0		0	
268	6432	0	0	0		0	
269	6456	0	0	0		0	
270	6480	0	0	0		0	
271	6504	0	0	0		0	
272	6528	0	0	0		0	
273	6552	0	0	0		0	
274	6576	0	0	0		0	
275	6600	0	0	0		0	
276	6624	0	0	0		0	
277	6648	0	0	0		0	
278	6672	0	0	0		0	
279	6696	0	0	0		0	
280	6720	0	0	0		0	
281	6744	0	0	0		0	
282	6768	0	0	0		0	
283	6792	0	0	0		0	
284	6816	0	0	0		0	
285	6840	0	0	0		0	
286	6864	0	0	0		0	
287	6888	0	0	0		0	
288	6912	0	0	0		0	
289	6936	0	0	0		0	
290	6960	0	0	0		0	
291	6984	0	0	0		0	
292	7008	0	0	0		0	
293	7032	0	0	0		0	
294	7056	0	0	0		0	
295	7080	0	0	0		0	
296	7104	0	0	0		0	
297	7128	0	0	0		0	
298	7152	0	0	0		0	
299	7176	0	0	0		0	
300	7200	0	0	0		0	
301	7224	0	0	0		0	
302	7248	0	0	0		0	
303	7272	0	0	0		0	
304	7296	0	0	0		0	
305	7320	0	0	0		0	
306	7344	0	0	0		0	
307	7368	0	0	0		0	
308	7392	0	0	0		0	
309	7416	0	0	0		0	
310	7440	0	0	0		0	
311	7464	0	0	0		0	
312	7488	0	0	0		0	
313	7512	0	0	0		0	
314	7536	0	0	0		0	
315	7560	0	0	0		0	
316	7584	0	0	0		0	
317	7608	0	0	0		0	
318	7632	0	0	0		0	
319	7656	0	0	0		0	
320	7680	0	0	0		0	
321	7704	0	0	0		0	
322	7728	0	0	0		0	
323	7752	0	0	0		0	
324	7776	0	0	0		0	
325	7800	0	0	0		0	
326	7824	0	0	0		0	
327	7848	0	0	0		0	
328	7872	0	0	0		0	
329	7896	0	0	0		0	
330	7920	0	0	0		0	
331	7944	0	0	0		0	
332	7968	0	0	0		0	
333	7992	0	0	0		0	
334	8016	0	0	0		0	
335	8040	0	0	0		0	
336	8064	0	0	0		0	
337	8088	0	0	0		0	
338	8112	0	0	0		0	
339	8136	0	0	0		0	
340	8160	0	0	0		0	
341	8184	0	0	0		0	
342	8208	0	0	0		0	
343	8232	0	0	0		0	
344	8256	0	0	0		0	
345	8280	0	0	0		0	
346	8304	0	0	0		0	
347	8328	0	0	0		0	
348	8352	0	0	0		0	
349	8376	0	0	0		0	
350	8400	0	0	0.429277109189932		1227075.48444172	
351	8424	0	0	0		159421.595641937	
352	8448	0	0	0		-173580.993609308	
353	8472	0	0	0		-272010.090047058	
354	8496	0	0	0		65638.887361557	
355	8520	0	0	0.0104246777435177		-723011.201737837	
356	8544	0	0	0.114828351654016		332104.766225361	
357	8568	0	0	0		38428.7742618516	
358	8592	0	0	0		-53037.1557647523	
359	8616	0	0	0		-71166.6319287947	
360	8640	0	0	0.0161022514131738		45304.2637451733	
361	8664	0	0	0.0966362600650779		80840.8375085997	
362	8688	0	0.0166666666666667	0.0708170037753482		246897.978661126	
363	8712	0	0.0166666666666667	0.155039740644307		423586.619878912	
364	8736	0	0	0.0606719603391394		140657.011651863	
365	8760	0	0.0416666666666667	0.0971222824080572		254504.914352319	
366	8784	0	0	0.206340442633728		323091.554402787	
367	8808	0	0.025	0.170451273679465		370616.23739539	
368	8832	0	0	0.251987919298704		392098.344275713	
369	8856	0	0.025	0.0962050358962147		60619.6797008638	
370	8880	0	0	0.165190927219364		88591.0556488358	
371	8904	0	0	0.208294592593505		104015.838257659	
372	8928	0	0	0.229874121558851	5987362.5	331769.78525757	5655592.71474243
373	8952	0.364478461198723	0	0.348377035676956	5399362.5	433589.441296965	4965773.05870304
374	8976	0.463354977987414	0	0.206593259865483	4552712.5	293667.575407605	4259044.92459239
375	9000	0.509382746826713	0	0.330674790172438	4759037.5	477578.494196555	4281459.00580344
376	9024	0.732332081986434	0	0.327855486195791	3492300	425552.311340193	3066747.68865981
377	9048	0.971438258949339	0	0.109045332374636	1674487.5	-181012.74310314	1855500.24310314
378	9072	0.999437615899743	0.0833333333333333	0.0486564344017646	664825	-666406.994855533	1331231.99485553
379	9096	0.999449483916062	0.00833333333333333	0.141764134376561	1010275	-191244.05422373	1201519.05422373
380	9120	0.98735526399064	0	0.255309586008536	1005987.5	201858.379051664	804129.120948336
381	9144	0.80139035273044	0	0.319601184863037	346325	510763.447769205	-164438.447769205
382	9168	0.911273724541286	0	0.334028965437276	1199362.5	606046.399980902	593316.100019098
383	9192	0	0	0.33099234633206		512146.254253977	
384	9216	0	0	0.274427447571001		340926.690705175	
385	9240	0	0	0.209091596360557		-44758.2547698858	
386	9264	0	0	0.162390208414849		-288260.209685706	
387	9288	0	0	0.200464588926701		-160274.072361864	
388	9312	0	0	0.295285664213151		181868.837223267	
389	9336	0	0	0.236764068337529		153202.995576086	
390	9360	0	0	0.22753935074017		150070.427832704	
391	9384	0	0	0.266424006519584		309096.28390962	
392	9408	0	0	0.15012108299817		-20370.4566450497	
393	9432	0	0	0.117958193674306		-340609.849978558	
394	9456	0	0	0.0723206306183028		-359402.148364438	
395	9480	0	0.025	0.0618543064830641		-274806.152142878	
396	9504	0	0	0.0556071702784058		-383884.862126722	
397	9528	0	0.075	0.0256313774957535		-141087.585859416	
398	9552	0	0	0.0307116342800668		-169509.604822476	
399	9576	0	0	0.022626672708256		-78976.68751903	
400	9600	0	0	0.0597337151998216		122645.652962584	
401	9624	0	0.183333333333333	0.0431244411810958		94726.3171736601	
402	9648	0	0.233333333333333	0.0162892929261789		-107187.35835951	
403	9672	0	0	0.0596637477339517		3428.14755742622	
404	9696	0	0	0.0821107900720115		632798.838425318	
405	9720	0	0.0666666666666667	0.0764059584632424		349963.759192196	
406	9744	0	0.00833333333333333	0.0316265020839319		-783071.911988913	
407	9768	0	0	0.0635847860437994		-419713.723039378	
408	9792	0	0	0.123511675418713		343313.068170801	
409	9816	0	0	0.135564602750367		185719.753052491	
410	9840	0	0	0.105875687696971		-31201.198581004	
411	9864	0	0.508333333333333	0.0371058850094777		407608.553849751	
412	9888	0	0.00833333333333333	0.0719604247906762		-351261.018245713	
413	9912	0	0.291666666666667	0.0456482329302386		404710.324710674	
414	9936	0	0	0.0880525295473547		675078.551105988	
415	9960	0	0.00833333333333333	0.0726880021267213		-469054.509389925	
416	9984	0	0	0.107568646936034		-471485.585552778	
417	10008	0	0.258333333333333	0.111432923864342		5448.1836767354	
418	10032	0	0.1	0.0524287087070387		-716341.481223955	
419	10056	0	0.191666666666667	0.0470207239913023		125986.665597254	
420	10080	0	0.108333333333333	0.0568410396793606		421627.622913111	
421	10104	0	0	0.0609094131198091		-156270.813009796	
422	10128	0	0.05	0.0357155581963209		-405011.175906887	
423	10152	0	0.0666666666666667	0.0453706360151145		-262474.167327771	
424	10176	0	0	0.0122569080918691		-675610.938038913	
425	10200	0	0	0.0484684112202114		-117278.992169972	
426	10224	0	0	0.0274598067447744		13949.8091788168	
427	10248	0	0.025	0.03395697616204		-152917.066262896	
428	10272	0	0.05	0.00116825722196623		-230129.032766339	
429	10296	0	0	0		-66749.539261604	
430	10320	0	0	0		-33178.1084765913	
431	10344	0	0.0166666666666667	0		26533.0001288515	
432	10368	0	0.0166666666666667	0.00369740076826552		-166300.363393728	
433	10392	0	0.116666666666667	0.00116764598881147		-10353.5987877744	
434	10416	0	0.00833333333333333	0.00757612872561353		-16136.0976495174	
435	10440	0	0	0.0147144750919015		105407.301699663	
436	10464	0	0	0.0198666314433176		206012.003525267	
437	10488	0	0	0.0118347189830477		-147043.049634277	
438	10512	0	0	0.0273755042643842		-216121.804387725	
439	10536	0	0	0		-37530.4812852503	
440	10560	0	0	0.00548799457888016		-25647.8255836355	
441	10584	0	0	0.0329398662193512		45819.3922126744	
442	10608	0	0	0.0342887629263391		91458.917662917	
443	10632	0	0	0.0508062842359056		93157.6390278671	
444	10656	0	0	0.0268119307786794		61611.1449400441	
445	10680	0	0.00833333333333333	0.0176963495217279		21229.8118740945	
446	10704	0	0	0.00426147055030235		-82655.9366845316	
447	10728	0	0	0		-70544.7015152148	
448	10752	0	0	0.000753354948484386		-81337.7769415882	
449	10776	0	0	0		-57238.3657341246	
450	10800	0	0	0		-49973.5705979319	
451	10824	0	0	0		-7950.56845556395	
452	10848	0	0	0		115.192213952781	
453	10872	0	0	0		-1321.13498288004	
454	10896	0	0	0		0	
455	10920	0	0	0		0	
456	10944	0	0	0		0	
457	10968	0	0	0		0	
458	10992	0	0	0		0	
459	11016	0	0	0		0	
460	11040	0	0	0		0	
461	11064	0	0	0		0	
462	11088	0	0	0		0	
463	11112	0	0	0		0	
464	11136	0	0	0		0	
465	11160	0	0	0		0	
466	11184	0	0	0		0	
467	11208	0	0	0		0	
468	11232	0	0	0		0	
469	11256	0	0	0		0	
470	11280	0	0	0		0	
471	11304	0	0	0		0	
472	11328	0	0	0		0	
473	11352	0	0				
474	11376	0	0	0			
475	11400	0	0	0			
476	11424	0	0	0			
477	11448	0	0	0			
478	11472	0	0	0			
479	11496	0	0	0		0	
480	11520	0	0	0		0	
481	11544	0	0	0		0	
482	11568	0	0	0		0	
483	11592	0	0	0		0	
484	11616	0	0	0		0	
485	11640	0	0	0		0	
486	11664	0	0	0		0	
487	11688	0	0	0		0	
488	11712	0	0	0		0	
489	11736	0	0	0		0	
490	11760	0	0	0		0	
491	11784	0	0	0		0	
492	11808	0	0	0		0	
493	11832	0	0	0		0	
494	11856	0	0	0		0	
495	11880	0	0	0		0	
496	11904	0	0	0		0	
497	11928	0	0	0		0	
498	11952	0	0	0		0	
499	11976	0	0	0		0	
500	12000	0	0	0		0	
501	12024	0	0	0		0	
502	12048	0	0	0		0	
503	12072	0	0	0		0	
504	12096	0	0	0		0	
505	12120	0	0	0		0	
506	12144	0	0	0		0	
507	12168	0	0	0		0	
508	12192	0	0	0		0	
509	12216	0	0	0		0	
510	12240	0	0	0		0	
511	12264	0	0	0		0	
512	12288	0	0	0		0	
513	12312	0	0	0		0	
514	12336	0	0	0		0	
515	12360	0	0	0		0	
516	12384	0	0	0		0	
517	12408	0	0	0		0	
518	12432	0	0	0		0	
519	12456	0	0	0		0	
520	12480	0	0	0		0	
521	12504	0	0	0		0	
522	12528	0	0	0		0	
523	12552	0	0	0		0	
524	12576	0	0	0		0	
525	12600	0	0	0		0	
526	12624	0	0	0		0	
527	12648	0	0	0		0	
528	12672	0	0	0		0	
529	12696	0	0	0		0	
530	12720	0	0	0		0	
531	12744	0	0	0		0	
532	12768	0	0	0		0	
533	12792	0	0	0		0	
534	12816	0	0	0		0	
535	12840	0	0	0		0	
536	12864	0	0	0		0	
537	12888	0	0	0		0	
538	12912	0	0	0		0	
539	12936	0	0	0		0	
540	12960	0	0	0		0	
541	12984	0	0	0		0	
542	13008	0	0	0		0	
543	13032	0	0	0		0	
544	13056	0	0	0		0	
545	13080	0	0	0		0	
546	13104	0	0	0		0	
547	13128	0	0	0		0	
548	13152	0	0	0		0	
549	13176	0	0	0		0	
550	13200	0	0	0		0	
551	13224	0	0	0		0	
552	13248	0	0	0		0	
553	13272	0	0	0		0	
554	13296	0	0	0		0	
555	13320	0	0	0		0	
556	13344	0	0	0		0	
557	13368	0	0	0		0	
558	13392	0	0	0		0	
559	13416	0	0	0		0	
560	13440	0	0	0		0	
561	13464	0	0	0		0	
562	13488	0	0	0		0	
563	13512	0	0	0		0	
564	13536	0	0	0		0	
565	13560	0	0	0		0	
566	13584	0	0	0		0	
567	13608	0	0	0		0	
568	13632	0	0	0		0	
569	13656	0	0	0		0	
570	13680	0	0	0		0	
571	13704	0	0	0		0	
572	13728	0	0	0		0	
573	13752	0	0	0		0	
574	13776	0	0	0		0	
575	13800	0	0	0		0	
576	13824	0	0	0		0	
577	13848	0	0	0		0	
578	13872	0	0	0		0	
579	13896	0	0	0		0	
580	13920	0	0	0		0	
581	13944	0	0	0		0	
582	13968	0	0	0		0	
583	13992	0	0	0		0	
584	14016	0	0	0		0	
585	14040	0	0	0		0	
586	14064	0	0	0		0	
587	14088	0	0	0		0	
588	14112	0	0	0		0	
589	14136	0	0	0		0	
590	14160	0	0	0		0	
591	14184	0	0	0		0	
592	14208	0	0	0		0	
593	14232	0	0	0		0	
594	14256	0	0	0		0	
595	14280	0	0	0		0	
596	14304	0	0	0		0	
597	14328	0	0	0		0	
598	14352	0	0	0		0	
599	14376	0	0	0		0	
600	14400	0	0	0		0	
601	14424	0	0	0		0	
602	14448	0	0	0		0	
603	14472	0	0	0		0	
604	14496	0	0	0		0	
605	14520	0	0	0		0	
606	14544	0	0	0		0	
607	14568	0	0	0		0	
608	14592	0	0	0		0	
609	14616	0	0	0		0	
610	14640	0	0	0		0	
611	14664	0	0	0		0	
612	14688	0	0	0		0	
613	14712	0	0	0		0	
614	14736	0	0	0		0	
615	14760	0	0	0		0	
616	14784	0	0	0		0	
617	14808	0	0	0		0	
618	14832	0	0	0		0	
619	14856	0	0	0		0	
620	14880	0	0	0		0	
621	14904	0	0	0		0	
622	14928	0	0	0		0	
623	14952	0	0	0		0	
624	14976	0	0	0		0	
625	15000	0	0	0		0	
626	15024	0	0	0		0	
627	15048	0	0	0		0	
628	15072	0	0	0		0	
629	15096	0	0	0		0	
630	15120	0	0	0		0	
631	15144	0	0	0		0	
632	15168	0	0	0		0	
633	15192	0	0	0		0	
634	15216	0	0	0		0	
635	15240	0	0	0		0	
636	15264	0	0	0		0	
637	15288	0	0	0		0	
638	15312	0	0	0		0	
639	15336	0	0	0		0	
640	15360	0	0	0		0	
641	15384	0	0	0		0	
642	15408	0	0	0		0	
643	15432	0	0	0		0	
644	15456	0	0	0		0	
645	15480	0	0	0		0	
646	15504	0	0	0		0	
647	15528	0	0	0		0	
648	15552	0	0	0		0	
649	15576	0	0	0		0	
650	15600	0	0	0		0	
651	15624	0	0	0		0	
652	15648	0	0	0		0	
653	15672	0	0	0		0	
654	15696	0	0	0		0	
655	15720	0	0	0		0	
656	15744	0	0	0		0	
657	15768	0	0	0		0	
658	15792	0	0	0		0	
659	15816	0	0	0		0	
660	15840	0	0	0		0	
661	15864	0	0	0		0	
662	15888	0	0	0		0	
663	15912	0	0	0		0	
664	15936	0	0	0		0	
665	15960	0	0	0		0	
666	15984	0	0	0		0	
667	16008	0	0	0		0	
668	16032	0	0	0		0	
669	16056	0	0	0		0	
670	16080	0	0	0		0	
671	16104	0	0	0		0	
672	16128	0	0	0		0	
673	16152	0	0	0		0	
674	16176	0	0	0		0	
675	16200	0	0	0		0	
676	16224	0	0	0		0	
677	16248	0	0	0		0	
678	16272	0	0	0		0	
679	16296	0	0	0		0	
680	16320	0	0	0		0	
681	16344	0	0	0		0	
682	16368	0	0	0		0	
683	16392	0	0	0		0	
684	16416	0	0	0		0	
685	16440	0	0	0		0	
686	16464	0	0	0		0	
687	16488	0	0	0		0	
688	16512	0	0	0		0	
689	16536	0	0	0		0	
690	16560	0	0	0		0	
691	16584	0	0	0		0	
692	16608	0	0	0		0	
693	16632	0	0	0		0	
694	16656	0	0	0		0	
695	16680	0	0	0		0	
696	16704	0	0	0		0	
697	16728	0	0	0		0	
698	16752	0	0	0		0	
699	16776	0	0	0		0	
700	16800	0	0	0		0	
701	16824	0	0	0		0	
702	16848	0	0	0		0	
703	16872	0	0	0		0	
704	16896	0	0	0		0	
705	16920	0	0	0		0	
706	16944	0	0	0		0	
707	16968	0	0	0		0	
708	16992	0	0	0		0	
709	17016	0	0	0		0	
710	17040	0	0	0.204194548177305		583683.869372509	
711	17064	0	0	0.153319503788012		514091.295231881	
712	17088	0	0	0		-25628.7893991515	
713	17112	0	0	0		-191382.972642239	
714	17136	0	0	0		-65927.9250577778	
715	17160	0	0	0		-334646.16955677	
716	17184	0	0	0.0244989677979724		-198842.06280969	
717	17208	0	0	0.0361349576785905		112388.907313771	
718	17232	0	0	0		3513.20255963847	
719	17256	0	0	0		-30135.0992580945	
720	17280	0	0	0.131211079954434		355912.08597935	
721	17304	0	0	0.102671851045388		304774.662026356	
722	17328	0	0	0.123361232044517		274328.983785246	
723	17352	0	0	0.271801343970587		698091.242855389	
724	17376	0	0	0.295732696536866		851405.636628867	
725	17400	0	0	0.000508133000346246		-291194.365041084	
726	17424	0	0	0.0765202864651144		-234077.686334228	
727	17448	0	0	0.0928759530292785		-68469.7539080465	
728	17472	0	0	0.146465176564053	54950	-9535.98796920874	64485.9879692088
729	17496	0.848315969426968	0	0.265073778497026	164587.5	207517.077415784	-42929.5774157839
730	17520	0.825187077603379	0	0.178443707344668	411075	501251.500454056	-90176.5004540564
731	17544	0.991243037557952	0	0.0718313317401935	939750	-48384.7792053552	988134.779205355
732	17568	0	0	0.0266566111298659	906150	-277723.071957949	1183873.07195795
733	17592	0	0	0.021765043987108	628425	-286321.643428804	914746.643428804
734	17616	0	0	0.0107752247994024	705075	-454977.425586235	1160052.42558624
735	17640	0	0	0.0249148350293855	701137.5	-252419.528777138	953557.028777138
736	17664	0.980685254463936	0	0.0247788590045688	370125	-59958.5069868644	430083.506986864
737	17688	0	0	0.0212846609943393	1038625	9722.70288217922	1028902.29711782
738	17712	0	0	0.00988551949192517	1850800	-26165.7963536804	1876965.79635368
739	17736	0.914813954097107	0	0.0737205087280853	1885012.5	175004.83332123	1710007.66667877
740	17760	0.907553946736208	0	0.176760641937497	2290575	475254.865468687	1815320.13453131
741	17784	0.956063732503715	0	0.280441204655593	2493662.5	791003.936965363	1702658.56303464
742	17808	0.989191176784582	0	0.305457998127324	1834612.5	823288.641105299	1011323.8588947
743	17832	0.997897182123193	0	0.324133902712147	2428825	808499.765355179	1620325.23464482
744	17856	0.998277837098577	0	0.344569541119658	2170087.5	701847.553984514	1468239.94601549
745	17880	0.999995665070455	0	0.34585773328839	2144537.5	524870.59116553	1619666.90883447
746	17904	0.999155243714642	0	0.335822527762206	1845200	298570.302705055	1546629.69729495
747	17928	0.976396481197807	0	0.202648397108329	949900	-140316.055660212	1090216.05566021
748	17952	0.93510273912923	0	0.238494631588368	715662.5	-113692.947444603	829355.447444603
749	17976	0.979754500909334	0.00833333333333333	0.135477806796491	491400	-362736.474569582	854136.474569582
750	18000	0.999237070910749	0.0166666666666667	0.0389256362967503	491400	-609193.559976155	1100593.55997616
751	18024	0.999999977108332	0	0.0651602198879919	491400	-570446.810945657	1061846.81094566
752	18048	0.997593941270051	0.00833333333333333	0.0342734248562033	491400	-267578.017229296	758978.017229296
753	18072	0.993171582717667	0.1	0.0747444204689672	491400	-119069.310806394	610469.310806394
754	18096	0.992571735647653	0	0.0749058312315674	491400	-151040.255518222	642440.255518222
755	18120	0.965969992479276	0.00833333333333333	0.0351741615687393	491400	54099.8735088523	437300.126491148
756	18144	0.958361860329239	0.00833333333333333	0.0592261146041837	491400	160184.276904688	331215.723095312
757	18168	0.948697843564664	0	0.13201961354846	491400	142194.327220314	349205.672779686
758	18192	0.992290573723897	0.0583333333333333	0.0345307248981825	491400	-177922.886277442	669322.886277442
759	18216	0.965850873385522	0.00833333333333333	0.0757386294043343	491400	-17049.7128890853	508449.712889085
760	18240	0.887538803116515	0	0.188641233438831	491400	412126.276270623	79273.7237293775
761	18264	0.845931977406208	0	0.201205555832624	491400	595207.14715841	-103807.14715841
762	18288	0.925944006559583	0.00833333333333333	0.149607813551216	491400	100320.676546599	391079.323453401
763	18312	0.986417512413975	0.625	0.0440272133198843	681362.5	346158.825839615	335203.674160385
764	18336	0.986688641802554	0.183333333333333	0.0507059876150562	736312.5	-418433.547968455	1154746.04796845
765	18360	0.99703011878913	0.358333333333334	0.0609412730280532	1201900	319095.266018668	882804.733981332
766	18384	0.999699534678177	0.00833333333333333	0.0735244673592206	1346275	779425.897659678	566849.102340322
767	18408	0.999991973682694	0	0.0658209280227844	565950	-403834.855336852	969784.855336852
768	18432	0.999971714692337	0.0666666666666667	0.0532190648433444	240975	-953062.849272412	1194037.84927241
769	18456	0.999064850738824	0.108333333333333	0.0734668708779278	346937.5	-733315.392847578	1080252.89284758
770	18480	0.991679110314459	0	0.0982496088771318	219975	-731604.35163798	951579.35163798
771	18504	0.71200217021386	0.0333333333333333	0.150528260179221	3188150	467849.566658203	2720300.4333418
772	18528	0.547335580502382	0.5	0.0890756490257853	3644462.5	650049.089795335	2994413.41020467
773	18552	0.985598152814094	0.00833333333333333	0.113273529391677	939312.5	-465235.948384187	1404548.44838419
774	18576	0	0	0.0571078480739109		24094.5222729559	
775	18600	0	0	0.0920957962670759		861869.346066128	
776	18624	0	0	0.107449833238397		-696855.277904489	
777	18648	0	0	0.131948430601637		-962965.751032161	
778	18672	0	0	0.160226382137281		196000.797632014	
779	18696	0	0	0.157119034802992		301117.847912218	
780	18720	0	0	0.182735563872408		287220.546732277	
781	18744	0	0	0.0995854053656071		19209.9504656956	
782	18768	0	0	0.11960674828366		-1467.12719518345	
783	18792	0	0.00833333333333333	0.078626075571373		-136302.186558623	
784	18816	0	0.0166666666666667	0.0286361713509624		-238762.918037406	
785	18840	0	0.025	0.0377374854239481		-278989.725642538	
786	18864	0	0.00833333333333333	0.0994716055109617		93794.199043797	
787	18888	0	0	0.0643273562948749		15356.0763493221	
788	18912	0	0	0.0326127967228782		-73114.8335773263	
789	18936	0	0	0.0524292257883516		-27154.9835393467	
790	18960	0	0.05	0.0336263604277711		-12413.8676763486	
791	18984	0	0	0.0496003845435897		-106597.244794573	
792	19008	0	0	0.0344141608652588		-11567.614867401	
793	19032	0	0.025	0.0330124162411973		125902.99396944	
794	19056	0	0	0.0421973644865901		-79848.7822236877	
795	19080	0	0.00833333333333333	0.0488909984445094		-26151.2861542003	
796	19104	0	0	0.0461424208138261		67828.8729155131	
797	19128	0	0	0.0231937493932577		-45509.5412543955	
798	19152	0	0	0.0185713499423858		-82797.2728071593	
799	19176	0	0	0.0312170520756556		-19515.6606796445	
800	19200	0	0	0.00145815308549935		-104415.052969925	
801	19224	0	0	0.0349455610592084		-1330.2244930325	
802	19248	0	0	0.0359624840586559		57570.7827431026	
803	19272	0	0.00833333333333333	0.0383123664504854		87567.4276674308	
804	19296	0	0	0.0502109663011528		60696.7790224259	
805	19320	0	0	0.0372463241342676		94001.521716906	
806	19344	0	0.133333333333333	0.0368398190729593		153959.035185757	
807	19368	0	0.00833333333333333	0.0538034096895732		-33192.9864642683	
808	19392	0	0.025	0.0589503023641438		158065.292260432	
809	19416	0	0.00833333333333333	0.042075152888664		240163.051591689	
810	19440	0	0	0.0147326476788035		-206215.856082232	
811	19464	0	0.0416666666666667	0.00830256052447354		-315197.153764184	
812	19488	0	0.0416666666666667	0.00528443043315896		-127652.889618926	
813	19512	0	0.0166666666666667	1.32073516763142e-05		-168268.126021387	
814	19536	0	0	0.00376993993365993		-5024.71854750501	
815	19560	0	0	0		1931.78971260511	
816	19584	0	0	0		-135356.544303084	
817	19608	0	0	0		-129098.011495285	
818	19632	0	0	0.00193390068455912		-32492.7512186633	
819	19656	0	0	0		-5893.02860893233	
820	19680	0	0	0		-781.98533110921	
821	19704	0	0	0		-1225.4100861368	
822	19728	0	0.0583333333333333	0.00207866461125583		59062.1877290122	
823	19752	0	0	0		-43581.1154171467	
824	19776	0	0.00833333333333333	0		37367.2569372667	
825	19800	0	0	0.000178149872466449		94440.4876478965	
826	19824	0	0	0		-68767.3117290176	
827	19848	0	0	0		-124283.568125533	
828	19872	0	0	0		-10617.3856006885	
829	19896	0	0	0		-19259.775326821	
830	19920	0	0	0		-312.415852825478	
831	19944	0	0	0		0	
832	19968	0	0	0		0	
833	19992	0	0	0		0	
834	20016	0	0	0		0	
835	20040	0	0	0		0	
836	20064	0	0	0		0	
837	20088	0	0	0		0	
838	20112	0	0				
839	20136	0	0	0			
840	20160	0	0	0			
841	20184	0	0	0			
842	20208	0	0	0			
843	20232	0	0	0			
844	20256	0	0	0		0	
845	20280	0	0	0		0	
846	20304	0	0	0		0	
847	20328	0	0	0		0	
848	20352	0	0	0		0	
849	20376	0	0	0		0	
850	20400	0	0	0		0	
851	20424	0	0	0		0	
852	20448	0	0	0		0	
853	20472	0	0	0		0	
854	20496	0	0	0		0	
855	20520	0	0	0		0	
856	20544	0	0	0		0	
857	20568	0	0	0		0	
858	20592	0	0	0		0	
859	20616	0	0	0		0	
860	20640	0	0	0		0	
861	20664	0	0	0		0	
862	20688	0	0	0		0	
863	20712	0	0	0		0	
864	20736	0	0	0		0	
865	20760	0	0	0		0	
866	20784	0	0	0		0	
867	20808	0	0	0		0	
868	20832	0	0	0		0	
869	20856	0	0	0		0	
870	20880	0	0	0		0	
871	20904	0	0	0		0	
872	20928	0	0	0		0	
873	20952	0	0	0		0	
874	20976	0	0	0		0	
875	21000	0	0	0		0	
876	21024	0	0	0		0	
877	21048	0	0	0		0	
878	21072	0	0	0		0	
879	21096	0	0	0		0	
880	21120	0	0	0		0	
881	21144	0	0	0		0	
882	21168	0	0	0		0	
883	21192	0	0	0		0	
884	21216	0	0	0		0	
885	21240	0	0	0		0	
886	21264	0	0	0		0	
887	21288	0	0	0		0	
888	21312	0	0	0		0	
889	21336	0	0	0		0	
890	21360	0	0	0		0	
891	21384	0	0	0		0	
892	21408	0	0	0		0	
893	21432	0	0	0		0	
894	21456	0	0	0		0	
895	21480	0	0	0		0	
896	21504	0	0	0		0	
897	21528	0	0	0		0	
898	21552	0	0	0		0	
899	21576	0	0	0		0	
900	21600	0	0	0		0	
901	21624	0	0	0		0	
902	21648	0	0	0		0	
903	21672	0	0	0		0	
904	21696	0	0	0		0	
905	21720	0	0	0		0	
906	21744	0	0	0		0	
907	21768	0	0	0		0	
908	21792	0	0	0		0	
909	21816	0	0	0		0	
910	21840	0	0	0		0	
911	21864	0	0	0		0	
912	21888	0	0	0		0	
913	21912	0	0	0		0	
914	21936	0	0	0		0	
915	21960	0	0	0		0	
916	21984	0	0	0		0	
917	22008	0	0	0		0	
918	22032	0	0	0		0	
919	22056	0	0	0		0	
920	22080	0	0	0		0	
921	22104	0	0	0		0	
922	22128	0	0	0		0	
923	22152	0	0	0		0	
924	22176	0	0	0		0	
925	22200	0	0	0		0	
926	22224	0	0	0		0	
927	22248	0	0	0		0	
928	22272	0	0	0		0	
929	22296	0	0	0		0	
930	22320	0	0	0		0	
931	22344	0	0	0		0	
932	22368	0	0	0		0	
933	22392	0	0	0		0	
934	22416	0	0	0		0	
935	22440	0	0	0		0	
936	22464	0	0	0		0	
937	22488	0	0	0		0	
938	22512	0	0	0		0	
939	22536	0	0	0		0	
940	22560	0	0	0		0	
941	22584	0	0	0		0	
942	22608	0	0	0		0	
943	22632	0	0	0		0	
944	22656	0	0	0		0	
945	22680	0	0	0		0	
946	22704	0	0	0		0	
947	22728	0	0	0		0	
948	22752	0	0	0		0	
949	22776	0	0	0		0	
950	22800	0	0	0		0	
951	22824	0	0	0		0	
952	22848	0	0	0		0	
953	22872	0	0	0		0	
954	22896	0	0	0		0	
955	22920	0	0	0		0	
956	22944	0	0	0		0	
957	22968	0	0	0		0	
958	22992	0	0	0		0	
959	23016	0	0	0		0	
960	23040	0	0	0		0	
961	23064	0	0	0		0	
962	23088	0	0	0		0	
963	23112	0	0	0		0	
964	23136	0	0	0		0	
965	23160	0	0	0		0	
966	23184	0	0	0		0	
967	23208	0	0	0		0	
968	23232	0	0	0		0	
969	23256	0	0	0		0	
970	23280	0	0	0		0	
971	23304	0	0	0		0	
972	23328	0	0	0		0	
973	23352	0	0	0		0	
974	23376	0	0	0		0	
975	23400	0	0	0		0	
976	23424	0	0	0		0	
977	23448	0	0	0		0	
978	23472	0	0	0		0	
979	23496	0	0	0		0	
980	23520	0	0	0		0	
981	23544	0	0	0		0	
982	23568	0	0	0		0	
983	23592	0	0	0		0	
984	23616	0	0	0		0	
985	23640	0	0	0		0	
986	23664	0	0	0		0	
987	23688	0	0	0		0	
988	23712	0	0	0		0	
989	23736	0	0	0		0	
990	23760	0	0	0		0	
991	23784	0	0	0		0	
992	23808	0	0	0		0	
993	23832	0	0	0		0	
994	23856	0	0	0		0	
995	23880	0	0	0		0	
996	23904	0	0	0		0	
997	23928	0	0	0		0	
998	23952	0	0	0		0	
999	23976	0	0	0		0	
1000	24000	0	0	0		0	
1001	24024	0	0	0		0	
1002	24048	0	0	0		0	
1003	24072	0	0	0		0	
1004	24096	0	0	0		0	
1005	24120	0	0	0		0	
1006	24144	0	0	0		0	
1007	24168	0	0	0		0	
1008	24192	0	0	0		0	
1009	24216	0	0	0		0	
1010	24240	0	0	0		0	
1011	24264	0	0	0		0	
1012	24288	0	0	0		0	
1013	24312	0	0	0		0	
1014	24336	0	0	0		0	
1015	24360	0	0	0		0	
1016	24384	0	0	0		0	
1017	24408	0	0	0		0	
1018	24432	0	0	0		0	
1019	24456	0	0	0		0	
1020	24480	0	0	0		0	
1021	24504	0	0	0		0	
1022	24528	0	0	0		0	
1023	24552	0	0	0		0	
1024	24576	0	0	0		0	
1025	24600	0	0	0		0	
1026	24624	0	0	0		0	
1027	24648	0	0	0		0	
1028	24672	0	0	0		0	
1029	24696	0	0	0		0	
1030	24720	0	0	0		0	
1031	24744	0	0	0		0	
1032	24768	0	0	0		0	
1033	24792	0	0	0		0	
1034	24816	0	0	0		0	
1035	24840	0	0	0		0	
1036	24864	0	0	0		0	
1037	24888	0	0	0		0	
1038	24912	0	0	0		0	
1039	24936	0	0	0		0	
1040	24960	0	0	0		0	
1041	24984	0	0	0		0	
1042	25008	0	0	0		0	
1043	25032	0	0	0		0	
1044	25056	0	0	0		0	
1045	25080	0	0	0		0	
1046	25104	0	0	0		0	
1047	25128	0	0	0		0	
1048	25152	0	0	0		0	
1049	25176	0	0	0		0	
1050	25200	0	0	0		0	
1051	25224	0	0	0		0	
1052	25248	0	0	0		0	
1053	25272	0	0	0		0	
1054	25296	0	0	0		0	
1055	25320	0	0	0		0	
1056	25344	0	0	0		0	
1057	25368	0	0	0		0	
1058	25392	0	0	0		0	
1059	25416	0	0	0		0	
1060	25440	0	0	0		0	
1061	25464	0	0	0		0	
1062	25488	0	0	0		0	
1063	25512	0	0	0		0	
1064	25536	0	0	0		0	
1065	25560	0	0	0		0	
1066	25584	0	0	0		0	
1067	25608	0	0	0		0	
1068	25632	0	0	0		0	
1069	25656	0	0	0		0	
1070	25680	0	0	0		0	
1071	25704	0	0	0		0	
1072	25728	0	0	0		0	
1073	25752	0	0	0		0	
1074	25776	0	0	0		0	
1075	25800	0	0	0		0	
1076	25824	0	0	0		0	
1077	25848	0	0	0		0	
1078	25872	0	0	0		0	
1079	25896	0	0	0		0	
1080	25920	0	0	0.0763701129437667		218301.631582874	
1081	25944	0	0	0.0298960991104943		113818.823593876	
1082	25968	0	0	0		-19778.1714454593	
1083	25992	0	0	0		-60480.3641553893	
1084	26016	0	0	0		-7266.14884190333	
1085	26040	0	0	0		-129356.593737753	
1086	26064	0	0	0		-52427.852854731	
1087	26088	0	0	0		0	
1088	26112	0	0	0		0	
1089	26136	0	0	0.491346598745502		1404499.22154519	
1090	26160	0	0	0.431109359994173		1414785.39746396	
1091	26184	0	0	0.110964885720563		278612.578194357	
1092	26208	0	0	0.120284391779889		-100623.572164775	
1093	26232	0	0	0.129416319934079	798787.5	171692.071782034	627095.428217967
1094	26256	0.978204257397624	0	0.101422230404949	877887.5	-576716.453422985	1454603.95342298
1095	26280	0.999943749669927	0.175	0.0789034747677297	426037.5	-445921.366087971	871958.866087971
1096	26304	0.56186590413174	0.025	0.197329384081985	3663012.5	193898.291626539	3469114.20837346
1097	26328	0.16415787465108	0	0.246291177140869	7842187.5	564406.141053355	7277781.35894665
1098	26352	0.227244384984543	0	0.067977003837568	6305600	260982.976231762	6044617.02376824
1099	26376	0.385221701841597	0	0.137900181733525	4571787.5	-148260.502238265	4720048.00223827
1100	26400	0.481230726794458	0	0.150305623293017	3771162.5	-247430.857916908	4018593.35791691
1101	26424	0.500546358413965	0	0.143670492367014	3845625	1410.69021381438	3844214.30978619
1102	26448	0.260286292680518	0	0.137927002019679	5557562.5	-122060.785592299	5679623.2855923
1103	26472	0.352984317732516	0	0.0776865188165195	4783450	21828.5822859705	4761621.41771403
1104	26496	0.549330862475502	0	0.157936108623609	3719800	114649.459355044	3605150.54064496
1105	26520	0.767756841527365	0	0.360602994109107	3453625	728997.413308766	2724627.58669123
1106	26544	0.910332536342833	0	0.172646597450345	2278062.5	283474.01369831	1994588.48630169
1107	26568	0.989484435994901	0	0.187840299173253	1320375	125164.455264939	1195210.54473506
1108	26592	0.892186398244808	0	0.255940132760752	787412.5	390962.8863717	396449.6136283
1109	26616	0.748627031940317	0	0.324103281289943	436275	614307.570722201	-178032.570722201
1110	26640	0.793791513984374	0	0.358257182411345	384300	315935.137813585	68364.8621864155
1111	26664	0	0	0.359375772770672		593039.396004826	
1112	26688	0	0	0.375185099557656		565411.698561552	
1113	26712	0	0	0.373751378797638		436088.758738388	
1114	26736	0	0	0.275819287536246		34205.7768806283	
1115	26760	0	0	0.257755957419489		-122958.342432185	
1116	26784	0	0	0.206896026921073		-234084.467526333	
1117	26808	0	0	0.202026787282636		-225476.164273366	
1118	26832	0	0.0166666666666667	0.139953641075147		-370074.667980237	
1119	26856	0	0.0666666666666667	0.0978547029783988		-276715.86503818	
1120	26880	0	0.00833333333333333	0.0568379006857782		-436684.403855609	
1121	26904	0	0	0.0905985394347128		-122028.589947627	
1122	26928	0	0	0.0691231442246796		-87730.1592377263	
1123	26952	0	0.116666666666667	0.0667350760459167		-89206.2689719087	
1124	26976	0	0.0333333333333333	0.0757816860319495		-223406.977754402	
1125	27000	0	0.0666666666666667	0.0580877561828323		116579.226043017	
1126	27024	0	0.00833333333333333	0.0626665669130189		159916.825646869	
1127	27048	0	0	0.0857989310433647		25902.6973008585	
1128	27072	0	0	0.105551417415242		-26124.7893381767	
1129	27096	0	0	0.155856155635539		139551.855145439	
1130	27120	0	0	0.152097215420778		138514.026171108	
1131	27144	0	0.0916666666666667	0.065213832604897		79938.5984605352	
1132	27168	0	0.00833333333333333	0.0621942785229681		-149405.63368214	
1133	27192	0	0	0.0692742503184851		-20570.4110164038	
1134	27216	0	0	0.097481857286768		151092.414515387	
1135	27240	0	0	0.0926322862678557		-124295.305229144	
1136	27264	0	0	0.131406054831745		-806.860342666754	
1137	27288	0	0	0.164052299648509		300750.747640034	
1138	27312	0	0	0.165923804173703		316802.976935403	
1139	27336	0	0.025	0.195087777023911		335523.554459594	
1140	27360	0	0	0.149216373696438		168028.419474532	
1141	27384	0	0.0166666666666667	0.0385659083544621		-195492.621474691	
1142	27408	0	0	0.0356147583795927		-298524.794677578	
1143	27432	0	0.00833333333333333	0.0627079549637486		-194021.841372043	
1144	27456	0	0.366666666666667	0.0514227409890751		109350.688515928	
1145	27480	0	0	0.0159589446853445		-513089.602862805	
1146	27504	0	0	0.0358891180573657		154398.310702373	
1147	27528	0	0.00833333333333333	0.0373143827789786		660613.140988356	
1148	27552	0	0	0.0356804513437634		-498218.225767859	
1149	27576	0	0	0.0351795756721245		-856005.589292045	
1150	27600	0	0	0.0522324808390646		116241.713668311	
1151	27624	0	0	0.0753526598375114		130220.524722445	
1152	27648	0	0.0166666666666667	0.042183337167824		40976.1215266917	
1153	27672	0	0	0.00296361802974587		-108325.018770528	
1154	27696	0	0	0.0202516808068545		-50760.9486237456	
1155	27720	0	0	0.0230747093188146		-5639.32453387469	
1156	27744	0	0	0.0230450803120625		-82326.3561374752	
1157	27768	0	0	0.0126289466228773		-89601.5368942849	
1158	27792	0	0	0.030386170430674		65507.7253152885	
1159	27816	0	0	0.0497379143122512		101763.361346195	
1160	27840	0	0	0.0901471989088822		218923.479557537	
1161	27864	0	0	0.10407264248656		253118.281335819	
1162	27888	0	0	0.0957076823061786		226758.519608496	
1163	27912	0	0.15	0.109130264302396		338437.591447581	
1164	27936	0	0.025	0.059554001096318		-50014.7095444491	
1165	27960	0	0	0.093448572587814		103577.749795628	
1166	27984	0	0	0.0439623465583097		172375.609308752	
1167	28008	0	0.00833333333333333	0.0347884446627678		-249113.626507537	
1168	28032	0	0	0.055269288781016		-472888.454041566	
1169	28056	0	0	0.091654552730505		96963.6563262878	
1170	28080	0	0	0.0628995643573127		26729.4704664629	
1171	28104	0	0	0.0291876469443455		-47571.7218560661	
1172	28128	0	0.1	0.0313753225373645		35727.5792221641	
1173	28152	0	0.00833333333333333	0.0515675828800006		-38185.1609721177	
1174	28176	0	0	0.039478257271595		-3586.61248756826	
1175	28200	0	0.00833333333333333	0.0257143679734409		126831.223262018	
1176	28224	0	0	0.0130337792353572		-165683.482202924	
1177	28248	0	0	0		-315278.096422116	
1178	28272	0	0	0		-110804.279702212	
1179	28296	0	0	0		-84063.2266146534	
1180	28320	0	0	0.0108262531786636		-31442.0455876152	
1181	28344	0	0	0.00789147457308381		3721.17788895287	
1182	28368	0	0	0.000109803769946737		-1133.1207529946	
1183	28392	0	0	0.00192427326281575		-4509.7360646877	
1184	28416	0	0	0.00135776311001301		1206.33312404365	
1185	28440	0	0	0.00556214784318776		-2223.21455834781	
1186	28464	0	0	0		-13524.9450600167	
1187	28488	0	0	0.000554324218866142		-1423.24140596442	
1188	28512	0	0	0.00659772705324713		12373.8959412866	
1189	28536	0	0	0		695.485053870499	
1190	28560	0	0	0		-12773.2441832213	
1191	28584	0	0	0		-4095.86970107411	
1192	28608	0	0	0		36.7285951644062	
1193	28632	0	0	0		-11570.2273345052	
1194	28656	0	0	0		0	
1195	28680	0	0	0		0	
1196	28704	0	0	0		0	
1197	28728	0	0	0		0	
1198	28752	0	0	0		0	
1199	28776	0	0	0		0	
1200	28800	0	0	0		0	
1201	28824	0	0	0		0	
1202	28848	0	0	0		0	
1203	28872	0	0				
1204	28896	0	0	0			
1205	28920	0	0	0			
1206	28944	0	0	0			
1207	28968	0	0	0			
1208	28992	0	0	0			
1209	29016	0	0	0		0	
1210	29040	0	0	0		0	
1211	29064	0	0	0		0	
1212	29088	0	0	0		0	
1213	29112	0	0	0		0	
1214	29136	0	0	0		0	
1215	29160	0	0	0		0	
1216	29184	0	0	0		0	
1217	29208	0	0	0		0	
1218	29232	0	0	0		0	
1219	29256	0	0	0		0	
1220	29280	0	0	0		0	
1221	29304	0	0	0		0	
1222	29328	0	0	0		0	
1223	29352	0	0	0		0	
1224	29376	0	0	0		0	
1225	29400	0	0	0		0	
1226	29424	0	0	0		0	
1227	29448	0	0	0		0	
1228	29472	0	0	0		0	
1229	29496	0	0	0		0	
1230	29520	0	0	0		0	
1231	29544	0	0	0		0	
1232	29568	0	0	0		0	
1233	29592	0	0	0		0	
1234	29616	0	0	0		0	
1235	29640	0	0	0		0	
1236	29664	0	0	0		0	
1237	29688	0	0	0		0	
1238	29712	0	0	0		0	
1239	29736	0	0	0		0	
1240	29760	0	0	0		0	
1241	29784	0	0	0		0	
1242	29808	0	0	0		0	
1243	29832	0	0	0		0	
1244	29856	0	0	0		0	
1245	29880	0	0	0		0	
1246	29904	0	0	0		0	
1247	29928	0	0	0		0	
1248	29952	0	0	0		0	
1249	29976	0	0	0		0	
1250	30000	0	0	0		0	
1251	30024	0	0	0		0	
1252	30048	0	0	0		0	
1253	30072	0	0	0		0	
1254	30096	0	0	0		0	
1255	30120	0	0	0		0	
1256	30144	0	0	0		0	
1257	30168	0	0	0		0	
1258	30192	0	0	0		0	
1259	30216	0	0	0		0	
1260	30240	0	0	0		0	
1261	30264	0	0	0		0	
1262	30288	0	0	0		0	
1263	30312	0	0	0		0	
1264	30336	0	0	0		0	
1265	30360	0	0	0		0	
1266	30384	0	0	0		0	
1267	30408	0	0	0		0	
1268	30432	0	0	0		0	
1269	30456	0	0	0		0	
1270	30480	0	0	0		0	
1271	30504	0	0	0		0	
1272	30528	0	0	0		0	
1273	30552	0	0	0		0	
1274	30576	0	0	0		0	
1275	30600	0	0	0		0	
1276	30624	0	0	0		0	
1277	30648	0	0	0		0	
1278	30672	0	0	0		0	
1279	30696	0	0	0		0	
1280	30720	0	0	0		0	
1281	30744	0	0	0		0	
1282	30768	0	0	0		0	
1283	30792	0	0	0		0	
1284	30816	0	0	0		0	
1285	30840	0	0	0		0	
1286	30864	0	0	0		0	
1287	30888	0	0	0		0	
1288	30912	0	0	0		0	
1289	30936	0	0	0		0	
1290	30960	0	0	0		0	
1291	30984	0	0	0		0	
1292	31008	0	0	0		0	
1293	31032	0	0	0		0	
1294	31056	0	0	0		0	
1295	31080	0	0	0		0	
1296	31104	0	0	0		0	
1297	31128	0	0	0		0	
1298	31152	0	0	0		0	
1299	31176	0	0	0		0	
1300	31200	0	0	0		0	
1301	31224	0	0	0		0	
1302	31248	0	0	0		0	
1303	31272	0	0	0		0	
1304	31296	0	0	0		0	
1305	31320	0	0	0		0	
1306	31344	0	0	0		0	
1307	31368	0	0	0		0	
1308	31392	0	0	0		0	
1309	31416	0	0	0		0	
1310	31440	0	0	0		0	
1311	31464	0	0	0		0	
1312	31488	0	0	0		0	
1313	31512	0	0	0		0	
1314	31536	0	0	0		0	
1315	31560	0	0	0		0	
1316	31584	0	0	0		0	
1317	31608	0	0	0		0	
1318	31632	0	0	0		0	
1319	31656	0	0	0		0	
1320	31680	0	0	0		0	
1321	31704	0	0	0		0	
1322	31728	0	0	0		0	
1323	31752	0	0	0		0	
1324	31776	0	0	0		0	
1325	31800	0	0	0		0	
1326	31824	0	0	0		0	
1327	31848	0	0	0		0	
1328	31872	0	0	0		0	
1329	31896	0	0	0		0	
1330	31920	0	0	0		0	
1331	31944	0	0	0		0	
1332	31968	0	0	0		0	
1333	31992	0	0	0		0	
1334	32016	0	0	0		0	
1335	32040	0	0	0		0	
1336	32064	0	0	0		0	
1337	32088	0	0	0		0	
1338	32112	0	0	0		0	
1339	32136	0	0	0		0	
1340	32160	0	0	0		0	
1341	32184	0	0	0		0	
1342	32208	0	0	0		0	
1343	32232	0	0	0		0	
1344	32256	0	0	0		0	
1345	32280	0	0	0		0	
1346	32304	0	0	0		0	
1347	32328	0	0	0		0	
1348	32352	0	0	0		0	
1349	32376	0	0	0		0	
1350	32400	0	0	0		0	
1351	32424	0	0	0		0	
1352	32448	0	0	0		0	
1353	32472	0	0	0		0	
1354	32496	0	0	0		0	
1355	32520	0	0	0		0	
1356	32544	0	0	0		0	
1357	32568	0	0	0		0	
1358	32592	0	0	0		0	
1359	32616	0	0	0		0	
1360	32640	0	0	0		0	
1361	32664	0	0	0		0	
1362	32688	0	0	0		0	
1363	32712	0	0	0		0	
1364	32736	0	0	0		0	
1365	32760	0	0	0		0	
1366	32784	0	0	0		0	
1367	32808	0	0	0		0	
1368	32832	0	0	0		0	
1369	32856	0	0	0		0	
1370	32880	0	0	0		0	
1371	32904	0	0	0		0	
1372	32928	0	0	0		0	
1373	32952	0	0	0		0	
1374	32976	0	0	0		0	
1375	33000	0	0	0		0	
1376	33024	0	0	0		0	
1377	33048	0	0	0		0	
1378	33072	0	0	0		0	
1379	33096	0	0	0		0	
1380	33120	0	0	0		0	
1381	33144	0	0	0		0	
1382	33168	0	0	0		0	
1383	33192	0	0	0		0	
1384	33216	0	0	0		0	
1385	33240	0	0	0		0	
1386	33264	0	0	0		0	
1387	33288	0	0	0		0	
1388	33312	0	0	0		0	
1389	33336	0	0	0		0	
1390	33360	0	0	0		0	
1391	33384	0	0	0		0	
1392	33408	0	0	0		0	
1393	33432	0	0	0		0	
1394	33456	0	0	0		0	
1395	33480	0	0	0		0	
1396	33504	0	0	0		0	
1397	33528	0	0	0		0	
1398	33552	0	0	0		0	
1399	33576	0	0	0		0	
1400	33600	0	0	0		0	
1401	33624	0	0	0		0	
1402	33648	0	0	0		0	
1403	33672	0	0	0		0	
1404	33696	0	0	0		0	
1405	33720	0	0	0		0	
1406	33744	0	0	0		0	
1407	33768	0	0	0		0	
1408	33792	0	0	0		0	
1409	33816	0	0	0		0	
1410	33840	0	0	0		0	
1411	33864	0	0	0		0	
1412	33888	0	0	0		0	
1413	33912	0	0	0		0	
1414	33936	0	0	0		0	
1415	33960	0	0	0		0	
1416	33984	0	0	0		0	
1417	34008	0	0	0		0	
1418	34032	0	0	0		0	
1419	34056	0	0.075	0		67917.4511425757	
1420	34080	0	0	0		-52664.9819760306	
1421	34104	0	0	0		39421.7936283007	
1422	34128	0	0	0		129985.785828349	
1423	34152	0	0	0		-94540.5134489611	
1424	34176	0	0	0		-173583.139009747	
1425	34200	0	0	0		0	
1426	34224	0	0	0		0	
1427	34248	0	0	0		0	
1428	34272	0	0	0		0	
1429	34296	0	0.00833333333333333	0		7546.38346028619	
1430	34320	0	0.0166666666666667	0		9241.10225656898	
1431	34344	0	0	0		-7323.13003597339	
1432	34368	0	0.0333333333333333	0		53388.7975172504	
1433	34392	0	0.00833333333333333	0		2520.95349402113	
1434	34416	0	0.00833333333333333	0		-21080.5024697691	
1435	34440	0	0	0		17725.9641051301	
1436	34464	0	0	0		-23194.9415932439	
1437	34488	0	0	0.197710521119262		491939.778198007	
1438	34512	0	0	0.183163858198433		567200.964831867	
1439	34536	0	0	0.0233917826620065		35654.1131915788	
1440	34560	0	0	0		-190655.089878556	
1441	34584	0	0	0.0584014019282954		71649.8506257081	
1442	34608	0	0	0.039979778553404		-197564.461405196	
1443	34632	0	0	0		-326399.594995502	
1444	34656	0	0.0666666666666667	0.0137603603708949		5511.25171904663	
1445	34680	0	0	0.0051408909969568		-43411.1797072514	
1446	34704	0	0	0		-64916.8893482978	
1447	34728	0	0	0		34633.6731893367	
1448	34752	0	0	0.000237878504422917		-84509.5163487873	
1449	34776	0	0	0.020639256127159		-118556.141750821	
1450	34800	0	0	0.00216902661416562		4753.335432294	
1451	34824	0	0	0.0131707744143372		29957.4234547832	
1452	34848	0	0	0.00608509610060348		8366.63406797179	
1453	34872	0	0	0.140599427152632		400197.610207347	
1454	34896	0	0	0.26265524325201		756337.771296995	
1455	34920	0	0.00833333333333333	0.169801832431191		527964.625243632	
1456	34944	0	0.025	0.240730659763897		550504.925430966	
1457	34968	0	0	0.146307654911414		270177.898703716	
1458	34992	0	0	0.134527427624778		55121.8455693256	
1459	35016	0	0.075	0.166403280346688		-19985.3155665994	
1460	35040	0	0.00833333333333333	0.208818028012747		154706.873851818	
1461	35064	0	0	0.222038422435014		135628.65000767	
1462	35088	0	0	0.160638026644498		250120.777405819	
1463	35112	0	0	0.0690367764493121		-255673.740119257	
1464	35136	0	0	0.148236776745474		-200254.757058315	
1465	35160	0	0.025	0.132621391513311		-24452.6147674682	
1466	35184	0	0.00833333333333333	0.181302525692635		88986.2026022272	
1467	35208	0	0	0.297765011509861		507065.976508229	
1468	35232	0	0	0.261734969761442		650704.474714831	
1469	35256	0	0	0.127454211283549		-30510.2089911033	
1470	35280	0	0	0.0765950850869239		-301451.792252327	
1471	35304	0	0	0.136799365825788		-89604.0212737874	
1472	35328	0	0.00833333333333333	0.109101428214669		-223680.143725299	
1473	35352	0	0.216666666666667	0.141311051162478		91446.9595866973	
1474	35376	0	0	0.119612912326239		-95973.2316226869	
1475	35400	0	0.075	0.0770976013277629		221370.717078573	
1476	35424	0	0.375	0.139984395722784		719579.181047481	
1477	35448	0	0	0.211363410499157		-136832.776366585	
1478	35472	0	0	0.285895132889469		386369.812225558	
1479	35496	0	0	0.23716230044531		967343.50385518	
1480	35520	0	0	0.248963953738036		-209886.934409905	
1481	35544	0	0	0.289589218946296		-437897.741369537	
1482	35568	0	0	0.26448461510643		285672.814410486	
1483	35592	0	0	0.158881457869607		-187574.375761287	
1484	35616	0	0	0.242623000855417		84255.1034799508	
1485	35640	0	0	0.280020112038208		266377.304341374	
1486	35664	0	0	0.100415512959948		-275156.919725994	
1487	35688	0	0	0.0696026538059761		-470241.185241862	
1488	35712	0	0	0.0914029154724698		-172443.613793332	
1489	35736	0	0	0.12956533309242		-70132.922067889	
1490	35760	0	0	0.16598064008507		-34203.7229112356	
1491	35784	0	0	0.207957595892106		380320.367171922	
1492	35808	0	0	0.219988324120339		448761.577972266	
1493	35832	0	0	0.228975889507844		406476.849248576	
1494	35856	0	0	0.155490880200179		106940.529746531	
1495	35880	0	0	0.12730758721975		-69610.126887537	
1496	35904	0	0.0333333333333333	0.12808549689686		-95422.361790965	
1497	35928	0	0	0.157515980417129		-26363.5424230187	
1498	35952	0	0	0.161320905463851		26916.0578173691	
1499	35976	0	0	0.162911555501488		185292.236892985	
1500	36000	0	0	0.104481765501024		-51570.2478547131	
1501	36024	0	0	0.110166597378882		-92067.8644917362	
1502	36048	0	0	0.176126485107991		147324.739881094	
1503	36072	0	0	0.123306115318714		49130.7943429773	
1504	36096	0	0	0.102929184927277		-70729.2590470562	
1505	36120	0	0	0.138545588611683		106410.436188183	
1506	36144	0	0	0.0934902759957321		32673.4787557102	
1507	36168	0	0	0.112247389750705		-55680.4456106125	
1508	36192	0	0	0.138238772883382		110744.866935265	
1509	36216	0	0.025	0.105667739636834		112078.122502545	
1510	36240	0	0.0333333333333333	0.0769737692675907		-83791.0556461763	
1511	36264	0	0	0.0147120933508038		-216735.785503498	
1512	36288	0	0	0.039971369029649		-93218.1303625594	
1513	36312	0	0.1	0.0938258148877882		118866.102971541	
1514	36336	0	0	0.074769613241342		-120549.512731312	
1515	36360	0	0	0.109326514275002		119684.445822877	
1516	36384	0	0	0.0873503379940992		354229.178715885	
1517	36408	0	0	0.0787015818891526		-15982.9249891305	
1518	36432	0	0	0.126496957094268		-98330.6998883226	
1519	36456	0	0	0.0568302666800698		7847.78168217489	
1520	36480	0	0	0.023497748898679		-191112.22495731	
1521	36504	0	0	0.0258885377733797		-161555.720131597	
1522	36528	0	0	0.0639871066246815		28333.280616054	
1523	36552	0	0	0.037701551118273		-106969.793481147	
1524	36576	0	0	0.0367241483005714		-19370.1511872942	
1525	36600	0	0.2	0.0286021372165095		183471.006292603	
1526	36624	0	0.00833333333333333	0.0545775384222011		-40618.3519451522	
1527	36648	0	0	0.0111276863193019		10066.8440271983	
1528	36672	0	0	0.0221991878496102		317904.036723254	
1529	36696	0	0.133333333333333	0.0440127133641521		-81980.8778813482	
1530	36720	0	0.00833333333333333	0.0387192078231706		-490291.221915912	
1531	36744	0	0	0.0298505159304661		18777.8266523679	
1532	36768	0	0	0.0467422932529882		320498.333320108	
1533	36792	0	0	0.0517710815419878		-57089.1000480884	
1534	36816	0	0	0.0144313951550057		-367697.273656616	
1535	36840	0	0	0.00747872600410381		-106438.317886087	
1536	36864	0	0	0.00440114298011985		-68482.843069055	
1537	36888	0	0	0.00487835690173632		-70643.7895637205	
1538	36912	0	0	0.0290611966854684		-10218.9570326919	
1539	36936	0	0.00833333333333333	0.0195903006911085		45411.4677566559	
1540	36960	0	0	0.0403846664735656		89577.4749740675	
1541	36984	0	0.00833333333333333	0.0066176656075676		12532.5010606612	
1542	37008	0	0	0.00353112091752194		-11712.117559362	
1543	37032	0	0	0		-81046.6983473912	
1544	37056	0	0	0		-38645.0990399565	
1545	37080	0	0	0		-82551.4318245235	
1546	37104	0	0	0.0030881495757562		-21524.8990339322	
1547	37128	0	0.266666666666667	0.0177433367953554		287157.492967129	
1548	37152	0	0	0		-181912.600148654	
1549	37176	0	0	0		131034.947340661	
1550	37200	0	0.075	0.0036978154123588		529888.412230209	
1551	37224	0	0.291666666666667	0.00561794695267004		-109956.148336444	
1552	37248	0	0.025	0.00251411425529291		-783270.115197314	
1553	37272	0	0	0		262056.676737647	
1554	37296	0	0	0		420089.38656624	
1555	37320	0	0	0		-505130.883996964	
1556	37344	0	0	0		-716026.640501804	
1557	37368	0	0	0		-62269.9697800497	
1558	37392	0	0	0		0	
1559	37416	0	0.00833333333333333	0.000816151671013899		9879.32804467632	
1560	37440	0	0	0		-5548.56860112598	
1561	37464	0	0	0		4050.18305087435	
1562	37488	0	0	0		13925.7131527158	
1563	37512	0	0	0		-10379.7073078775	
1564	37536	0	0	0		-20718.2750743143	
1565	37560	0	0	0		0	
1566	37584	0	0	0		0	
1567	37608	0	0	0		0	
1568	37632	0	0				
1569	37656	0	0	0			
1570	37680	0	0	0			
1571	37704	0	0	0			
1572	37728	0	0	0			
1573	37752	0	0	0			
1574	37776	0	0	0		0	
1575	37800	0	0	0		0	
1576	37824	0	0	0		0	
1577	37848	0	0	0		0	
1578	37872	0	0	0		0	
1579	37896	0	0	0		0	
1580	37920	0	0	0		0	
1581	37944	0	0	0		0	
1582	37968	0	0	0		0	
1583	37992	0	0	0		0	
1584	38016	0	0	0		0	
1585	38040	0	0	0		0	
1586	38064	0	0	0		0	
1587	38088	0	0	0		0	
1588	38112	0	0	0		0	
1589	38136	0	0	0		0	
1590	38160	0	0	0		0	
1591	38184	0	0	0		0	
1592	38208	0	0	0		0	
1593	38232	0	0	0		0	
1594	38256	0	0	0		0	
1595	38280	0	0	0		0	
1596	38304	0	0	0		0	
1597	38328	0	0	0		0	
1598	38352	0	0	0		0	
1599	38376	0	0	0		0	
1600	38400	0	0	0		0	
1601	38424	0	0	0		0	
1602	38448	0	0	0		0	
1603	38472	0	0	0		0	
1604	38496	0	0	0		0	
1605	38520	0	0	0		0	
1606	38544	0	0	0		0	
1607	38568	0	0	0		0	
1608	38592	0	0	0		0	
1609	38616	0	0	0		0	
1610	38640	0	0	0		0	
1611	38664	0	0	0		0	
1612	38688	0	0	0		0	
1613	38712	0	0	0		0	
1614	38736	0	0	0		0	
1615	38760	0	0	0		0	
1616	38784	0	0	0		0	
1617	38808	0	0	0		0	
1618	38832	0	0	0		0	
1619	38856	0	0	0		0	
1620	38880	0	0	0		0	
1621	38904	0	0	0		0	
1622	38928	0	0	0		0	
1623	38952	0	0	0		0	
1624	38976	0	0	0		0	
1625	39000	0	0	0		0	
1626	39024	0	0	0		0	
1627	39048	0	0	0		0	
1628	39072	0	0	0		0	
1629	39096	0	0	0		0	
1630	39120	0	0	0		0	
1631	39144	0	0	0		0	
1632	39168	0	0	0		0	
1633	39192	0	0	0		0	
1634	39216	0	0	0		0	
1635	39240	0	0	0		0	
1636	39264	0	0	0		0	
1637	39288	0	0	0		0	
1638	39312	0	0	0		0	
1639	39336	0	0	0		0	
1640	39360	0	0	0		0	
1641	39384	0	0	0		0	
1642	39408	0	0	0		0	
1643	39432	0	0	0		0	
1644	39456	0	0	0		0	
1645	39480	0	0	0		0	
1646	39504	0	0	0		0	
1647	39528	0	0	0		0	
1648	39552	0	0	0		0	
1649	39576	0	0	0		0	
1650	39600	0	0	0		0	
1651	39624	0	0	0		0	
1652	39648	0	0	0		0	
1653	39672	0	0	0		0	
1654	39696	0	0	0		0	
1655	39720	0	0	0		0	
1656	39744	0	0	0		0	
1657	39768	0	0	0		0	
1658	39792	0	0	0		0	
1659	39816	0	0	0		0	
1660	39840	0	0	0		0	
1661	39864	0	0	0		0	
1662	39888	0	0	0		0	
1663	39912	0	0	0		0	
1664	39936	0	0	0		0	
1665	39960	0	0	0		0	
1666	39984	0	0	0		0	
1667	40008	0	0	0		0	
1668	40032	0	0	0		0	
1669	40056	0	0	0		0	
1670	40080	0	0	0		0	
1671	40104	0	0	0		0	
1672	40128	0	0	0		0	
1673	40152	0	0	0		0	
1674	40176	0	0	0		0	
1675	40200	0	0	0		0	
1676	40224	0	0	0		0	
1677	40248	0	0	0		0	
1678	40272	0	0	0		0	
1679	40296	0	0	0		0	
1680	40320	0	0	0		0	
1681	40344	0	0	0		0	
1682	40368	0	0	0		0	
1683	40392	0	0	0		0	
1684	40416	0	0	0		0	
1685	40440	0	0	0		0	
1686	40464	0	0	0		0	
1687	40488	0	0	0		0	
1688	40512	0	0	0		0	
1689	40536	0	0	0		0	
1690	40560	0	0	0		0	
1691	40584	0	0	0		0	
1692	40608	0	0	0		0	
1693	40632	0	0	0		0	
1694	40656	0	0	0		0	
1695	40680	0	0	0		0	
1696	40704	0	0	0		0	
1697	40728	0	0	0		0	
1698	40752	0	0	0		0	
1699	40776	0	0	0		0	
1700	40800	0	0	0		0	
1701	40824	0	0	0		0	
1702	40848	0	0	0		0	
1703	40872	0	0	0		0	
1704	40896	0	0	0		0	
1705	40920	0	0	0		0	
1706	40944	0	0	0		0	
1707	40968	0	0	0		0	
1708	40992	0	0	0		0	
1709	41016	0	0	0		0	
1710	41040	0	0	0		0	
1711	41064	0	0	0		0	
1712	41088	0	0	0		0	
1713	41112	0	0	0		0	
1714	41136	0	0	0		0	
1715	41160	0	0	0		0	
1716	41184	0	0	0		0	
1717	41208	0	0	0		0	
1718	41232	0	0	0		0	
1719	41256	0	0	0		0	
1720	41280	0	0	0		0	
1721	41304	0	0	0		0	
1722	41328	0	0	0		0	
1723	41352	0	0	0		0	
1724	41376	0	0	0		0	
1725	41400	0	0	0		0	
1726	41424	0	0	0		0	
1727	41448	0	0	0		0	
1728	41472	0	0	0		0	
1729	41496	0	0	0		0	
1730	41520	0	0	0		0	
1731	41544	0	0	0		0	
1732	41568	0	0	0		0	
1733	41592	0	0	0		0	
1734	41616	0	0	0		0	
1735	41640	0	0	0		0	
1736	41664	0	0	0		0	
1737	41688	0	0	0		0	
1738	41712	0	0	0		0	
1739	41736	0	0	0		0	
1740	41760	0	0	0		0	
1741	41784	0	0	0		0	
1742	41808	0	0	0		0	
1743	41832	0	0	0		0	
1744	41856	0	0	0		0	
1745	41880	0	0	0		0	
1746	41904	0	0	0		0	
1747	41928	0	0	0		0	
1748	41952	0	0	0		0	
1749	41976	0	0	0		0	
1750	42000	0	0	0		0	
1751	42024	0	0	0		0	
1752	42048	0	0	0		0	
1753	42072	0	0	0		0	
1754	42096	0	0	0		0	
1755	42120	0	0	0		0	
1756	42144	0	0	0		0	
1757	42168	0	0	0		0	
1758	42192	0	0	0		0	
1759	42216	0	0	0		0	
1760	42240	0	0	0		0	
1761	42264	0	0	0		0	
1762	42288	0	0	0		0	
1763	42312	0	0	0		0	
1764	42336	0	0	0		0	
1765	42360	0	0	0		0	
1766	42384	0	0	0		0	
1767	42408	0	0	0		0	
1768	42432	0	0	0		0	
1769	42456	0	0.0416666666666667	0		37731.9173014309	
1770	42480	0	0	0		-29258.323320017	
1771	42504	0	0	0		21900.9964601671	
1772	42528	0	0	0		72214.3254601939	
1773	42552	0	0	0		-52522.507471645	
1774	42576	0	0	0		-96435.0772276374	
1775	42600	0	0	0		0	
1776	42624	0	0	0		0	
1777	42648	0	0	0		0	
1778	42672	0	0	0		0	
1779	42696	0	0	0		0	
1780	42720	0	0	0		0	
1781	42744	0	0	0		0	
1782	42768	0	0	0		0	
1783	42792	0	0	0		0	
1784	42816	0	0	0		0	
1785	42840	0	0	0		0	
1786	42864	0	0.0166666666666667	0		15092.7669205724	
1787	42888	0	0	0		-11703.3293280068	
1788	42912	0	0	0		8760.39858406682	
1789	42936	0	0	0		28885.7301840775	
1790	42960	0	0	0		-21009.002988658	
1791	42984	0	0	0		-38574.030891055	
1792	43008	0	0	0		0	
1793	43032	0	0	0		0	
1794	43056	0	0	0		0	
1795	43080	0	0	0		0	
1796	43104	0	0	0		0	
1797	43128	0	0	0		0	
1798	43152	0	0	0		0	
1799	43176	0	0	0		0	
1800	43200	0	0	0		0	
1801	43224	0	0	0		0	
1802	43248	0	0	0		0	
1803	43272	0	0	0		0	
1804	43296	0	0	0		0	
1805	43320	0	0	0		0	
1806	43344	0	0	0		0	
1807	43368	0	0	0		0	
1808	43392	0	0	0		0	
1809	43416	0	0	0		0	
1810	43440	0	0	0		0	
1811	43464	0	0	0.0157539514138769		45032.1881815071	
1812	43488	0	0	0		5850.58000601332	
1813	43512	0	0	0.157897189370805		444974.072714786	
1814	43536	0	0	0.605572485122168		1779666.61237003	
1815	43560	0	0.141666666666667	0.476406822581248		1653537.76056539	
1816	43584	0	0	0.0479078876704193		-158156.250944516	
1817	43608	0	0	0.156870804080393		-11548.4896962353	
1818	43632	0	0	0.0702799964952847	43050	-870.078211346117	43920.0782113461
1819	43656	0	0	0.111353312984518	117162.5	-917093.079657083	1034255.57965708
1820	43680	0	0	0.093217933434782	263375	-976018.330416896	1239393.3304169
1821	43704	0	0	0.0978254282466715	313862.5	164662.276639827	149200.223360174
1822	43728	0	0	0.248284848959761	690200	373439.127986024	316760.872013976
1823	43752	0	0	0.350000516426286	1457837.5	887826.986685561	570010.513314439
1824	43776	0	0	0.287452312469988	1713775	608248.471513163	1105526.52848684
1825	43800	0	0	0.268991375973726	1790512.5	428290.21168989	1362222.28831011
1826	43824	0	0	0.112573179577182	1448562.5	-49916.2627375457	1498478.76273755
1827	43848	0	0	0.157539010921956	1230600	-180676.986976095	1411276.9869761
1828	43872	0	0	0.123360532076663	1335425	-374669.185553307	1710094.18555331
1829	43896	0	0	0.0940033858949904	914200	-283480.910545319	1197680.91054532
1830	43920	0	0	0.131675888995666	1002312.5	-192912.665604596	1195225.1656046
1831	43944	0	0	0.132166383725801	933362.5	137188.980528159	796173.519471842
1832	43968	0	0	0.168545405717444	515375	160647.14733046	354727.852669541
1833	43992	0	0	0.111339308455224	738937.5	42014.883992454	696922.616007546
1834	44016	0	0	0.182490292321948	624837.5	266375.190125604	358462.309874396
1835	44040	0	0.00833333333333333	0.199614030045392	259525	283382.868641946	-23857.8686419456
1836	44064	0	0	0.167591531520467	93362.5	196989.260862836	-103626.760862836
1837	44088	0	0	0.209929959302896	0	191799.380802899	-191799.380802899
1838	44112	0	0	0.230902223309906	0	390831.968599819	-390831.968599819
1839	44136	0	0	0.182187753330968	0	115438.496288242	-115438.496288242
1840	44160	0	0	0.299021200188302	0	352295.948859192	-352295.948859192
1841	44184	0	0	0.432615558163223	0	865886.687861385	-865886.687861385
1842	44208	0	0	0.386367293181184	0	695885.279437635	-695885.279437635
1843	44232	0	0	0.310849736468947	0	290567.318740284	-290567.318740284
1844	44256	0	0	0.322759902004138	0	333909.714220055	-333909.714220055
1845	44280	0	0	0.304934152134288	0	162759.713885514	-162759.713885514
1846	44304	0	0	0.270942604533018	0	-139340.426581972	139340.426581972
1847	44328	0	0.0416666666666667	0.222436478469187	0	-183667.109975427	183667.109975427
1848	44352	0	0	0.272263074192906	0	33050.4607467597	-33050.4607467597
1849	44376	0	0	0.227154804564526	0	-8686.35133091267	8686.35133091267
1850	44400	0	0.133333333333333	0.115512867950297	0	-136856.899815462	136856.899815462
1851	44424	0	0.258333333333333	0.127412395437537	80762.5	-210610.485079122	291372.985079122
1852	44448	0	0	0.162583666741817	68337.5	-234789.267837035	303126.767837035
1853	44472	0	0	0.190473570731102	0	404273.576986346	-404273.576986346
1854	44496	0	0	0.181866303446528	0	343084.725386136	-343084.725386136
1855	44520	0	0.00833333333333333	0.164883174676538	0	-450960.889200213	450960.889200213
1856	44544	0	0	0.202861196293611	0	-355454.560707633	355454.560707633
1857	44568	0	0	0.164589260749885	0	112286.580275394	-112286.580275394
1858	44592	0	0	0.182749785708049	0	105226.312142892	-105226.312142892
1859	44616	0	0.0333333333333333	0.114899264946008	138775	-72831.5125592751	211606.512559275
1860	44640	0	0.0333333333333333	0.114147160702844	148137.5	-79870.9514901617	228008.451490162
1861	44664	0	0.00833333333333333	0.0952948627631951	54425	-176394.738327319	230819.738327319
1862	44688	0	0	0.0984147993403503	28612.5	6492.88476480742	22119.6152351926
1863	44712	0	0	0.0901885633980583	544162.5	-99292.4931921053	643454.993192105
1864	44736	0	0.0333333333333333	0.0591093319277647	493587.5	-156301.378387539	649888.878387539
1865	44760	0	0.158333333333333	0.0459716742515965	1218350	-98751.4884938561	1317101.48849386
1866	44784	0	0.0916666666666667	0.036867378826349	1135662.5	-140597.133743442	1276259.63374344
1867	44808	0	0	0.0606459650645394		48833.0913780799	
1868	44832	0	0	0.00315840222556751		118968.964961138	
1869	44856	0	0	0.0240426239781044		-192476.372157722	
1870	44880	0	0	0.043020293396328		-464788.955770865	
1871	44904	0	0	0.0524508747332177		-113354.568275354	
1872	44928	0	0	0.0994261088936863		165185.227646195	
1873	44952	0	0	0.0724255099840985		193619.135354032	
1874	44976	0	0	0.100219256944365		204346.825129383	
1875	45000	0	0	0.116223776625384		209730.683671621	
1876	45024	0	0	0.109176449345032		192044.673036783	
1877	45048	0	0	0.0958915117755073		40862.4109144294	
1878	45072	0	0	0.0787920286952222		31358.7491376064	
1879	45096	0	0	0.0869753252220669		11943.7040425839	
1880	45120	0	0	0.0605796741464637		-74280.3628573885	
1881	45144	0	0	0.0698827776049864		-39636.9380564151	
1882	45168	0	0	0.0439317091830844		-84191.6540218297	
1883	45192	0	0	0.0193649766872781		-119850.56238968	
1884	45216	0	0	0.00699657414252641		-178116.898185138	
1885	45240	0	0	0.00305563254464403		-119885.985623584	
1886	45264	0	0	0.00329680820876454		-120374.897477711	
1887	45288	0	0	0.00388181925523057		-67429.1662646532	
1888	45312	0	0	0.00608354981603121		-17327.9745518694	
1889	45336	0	0	0.00932869042934925		13463.9370520339	
1890	45360	0	0	0.00924070545127975		20104.5982748163	
1891	45384	0	0	0.02675211411837		67086.944970661	
1892	45408	0	0	0.0442227339197938		120819.473644812	
1893	45432	0	0	0.0502678980726792		134197.487060438	
1894	45456	0	0	0.0480226946591262		106159.88510923	
1895	45480	0	0	0.0309659731484668		45887.2470017017	
1896	45504	0	0	0.0286599144265587		2000.56653332124	
1897	45528	0	0	0.0357141564158905		-85.181476688158	
1898	45552	0	0	0.0113167185598666		-66408.8732167411	
1899	45576	0	0	0.0240285333048718		-39194.9981099952	
1900	45600	0	0	0.0209635962947665		-8280.61824215941	
1901	45624	0	0	0.0342311786148794		43948.0784774601	
1902	45648	0	0	0.0453890300173434		57852.8838402188	
1903	45672	0	0	0.0309431132664742		62009.3741115271	
1904	45696	0	0	0.0130244064746279		-30255.1826070537	
1905	45720	0	0	0.00887124738372335		-42606.6357055504	
1906	45744	0	0	0.000732953370597755		-72573.7580124218	
1907	45768	0	0	0		-86433.7666815849	
1908	45792	0	0	0		-58190.076169646	
1909	45816	0	0	1.03229677606009e-05		-21918.9558223469	
1910	45840	0	0	0.00115095531227105		-12151.3518337463	
1911	45864	0	0	0.00503606903445863		13533.350577342	
1912	45888	0	0	0.0027132367100613		9154.02291298789	
1913	45912	0	0	0		-1756.46731466748	
1914	45936	0	0	0.000257880386149267		-3393.17655210385	
1915	45960	0	0	6.70479949302914e-05		-2680.16062780753	
1916	45984	0	0	0.000314604832063026		-7596.8149577554	
1917	46008	0	0	6.18885067620313e-05		-4654.89274580678	
1918	46032	0	0	0		-107.282227207624	
1919	46056	0	0	0		-666.358124942121	
1920	46080	0	0	0		-108.69057640645	
1921	46104	0	0	0		-542.249541376551	
1922	46128	0	0	0.000355852735745898		908.662222749747	
1923	46152	0	0	0.00105718155192847		3154.07494817659	
1924	46176	0	0	0.00166551711751062		5009.54622601631	
1925	46200	0	0	0		-34.436409824648	
1926	46224	0	0	0		-1288.93056671982	
1927	46248	0	0	0		-1517.74847010898	
1928	46272	0	0	1.54681187982675e-05		-1555.06409282326	
1929	46296	0	0	0.00064964303655124		-1058.03603937577	
1930	46320	0	0	0		235.004746106243	
1931	46344	0	0	0		-272.488715701245	
1932	46368	0	0	0		-409.279104340774	
1933	46392	0	0	0		72.2081230169777	
1934	46416	0	0				
1935	46440	0	0	0			
1936	46464	0	0	0			
1937	46488	0	0	0			
1938	46512	0	0	0			
1939	46536	0	0	0			
1940	46560	0	0	0		0	
1941	46584	0	0	0		0	
1942	46608	0	0	0		0	
1943	46632	0	0	0		0	
1944	46656	0	0	0		0	
1945	46680	0	0	0		0	
1946	46704	0	0	0		0	
1947	46728	0	0	0		0	
1948	46752	0	0	0		0	
1949	46776	0	0	0		0	
1950	46800	0	0	0		0	
1951	46824	0	0	0		0	
1952	46848	0	0	0		0	
1953	46872	0	0	0		0	
1954	46896	0	0	0		0	
1955	46920	0	0	0		0	
1956	46944	0	0	0		0	
1957	46968	0	0	0		0	
1958	46992	0	0	0		0	
1959	47016	0	0	0		0	
1960	47040	0	0	0		0	
1961	47064	0	0	0		0	
1962	47088	0	0	0		0	
1963	47112	0	0	0		0	
1964	47136	0	0	0		0	
1965	47160	0	0	0		0	
1966	47184	0	0	0		0	
1967	47208	0	0	0		0	
1968	47232	0	0	0		0	
1969	47256	0	0	0		0	
1970	47280	0	0	0		0	
1971	47304	0	0	0		0	
1972	47328	0	0	0		0	
1973	47352	0	0	0		0	
1974	47376	0	0	0		0	
1975	47400	0	0	0		0	
1976	47424	0	0	0		0	
1977	47448	0	0	0		0	
1978	47472	0	0	0		0	
1979	47496	0	0	0		0	
1980	47520	0	0	0		0	
1981	47544	0	0	0		0	
1982	47568	0	0	0		0	
1983	47592	0	0	0		0	
1984	47616	0	0	0		0	
1985	47640	0	0	0		0	
1986	47664	0	0	0		0	
1987	47688	0	0	0		0	
1988	47712	0	0	0		0	
1989	47736	0	0	0		0	
1990	47760	0	0	0		0	
1991	47784	0	0	0		0	
1992	47808	0	0	0		0	
1993	47832	0	0	0		0	
1994	47856	0	0	0		0	
1995	47880	0	0	0		0	
1996	47904	0	0	0		0	
1997	47928	0	0	0		0	
1998	47952	0	0	0		0	
1999	47976	0	0	0		0	
2000	48000	0	0	0		0	
2001	48024	0	0	0		0	
2002	48048	0	0	0		0	
2003	48072	0	0	0		0	
2004	48096	0	0	0		0	
2005	48120	0	0	0		0	
2006	48144	0	0	0		0	
2007	48168	0	0	0		0	
2008	48192	0	0	0		0	
2009	48216	0	0	0		0	
2010	48240	0	0	0		0	
2011	48264	0	0	0		0	
2012	48288	0	0	0		0	
2013	48312	0	0	0		0	
2014	48336	0	0	0		0	
2015	48360	0	0	0		0	
2016	48384	0	0	0		0	
2017	48408	0	0	0		0	
2018	48432	0	0	0		0	
2019	48456	0	0	0		0	
2020	48480	0	0	0		0	
2021	48504	0	0	0		0	
2022	48528	0	0	0		0	
2023	48552	0	0	0		0	
2024	48576	0	0	0		0	
2025	48600	0	0	0		0	
2026	48624	0	0	0		0	
2027	48648	0	0	0		0	
2028	48672	0	0	0		0	
2029	48696	0	0	0		0	
2030	48720	0	0	0		0	
2031	48744	0	0	0		0	
2032	48768	0	0	0		0	
2033	48792	0	0	0		0	
2034	48816	0	0	0		0	
2035	48840	0	0	0		0	
2036	48864	0	0	0		0	
2037	48888	0	0	0		0	
2038	48912	0	0	0		0	
2039	48936	0	0	0		0	
2040	48960	0	0	0		0	
2041	48984	0	0	0		0	
2042	49008	0	0	0		0	
2043	49032	0	0	0		0	
2044	49056	0	0	0		0	
2045	49080	0	0	0		0	
2046	49104	0	0	0		0	
2047	49128	0	0	0		0	
2048	49152	0	0	0		0	
2049	49176	0	0	0		0	
2050	49200	0	0	0		0	
2051	49224	0	0	0		0	
2052	49248	0	0	0		0	
2053	49272	0	0	0		0	
2054	49296	0	0	0		0	
2055	49320	0	0	0		0	
2056	49344	0	0	0		0	
2057	49368	0	0	0		0	
2058	49392	0	0	0		0	
2059	49416	0	0	0		0	
2060	49440	0	0	0		0	
2061	49464	0	0	0		0	
2062	49488	0	0	0		0	
2063	49512	0	0	0		0	
2064	49536	0	0	0		0	
2065	49560	0	0	0		0	
2066	49584	0	0	0		0	
2067	49608	0	0	0		0	
2068	49632	0	0	0		0	
2069	49656	0	0	0		0	
2070	49680	0	0	0		0	
2071	49704	0	0	0		0	
2072	49728	0	0	0		0	
2073	49752	0	0	0		0	
2074	49776	0	0	0		0	
2075	49800	0	0	0		0	
2076	49824	0	0	0		0	
2077	49848	0	0	0		0	
2078	49872	0	0	0		0	
2079	49896	0	0	0		0	
2080	49920	0	0	0		0	
2081	49944	0	0	0		0	
2082	49968	0	0	0		0	
2083	49992	0	0	0		0	
2084	50016	0	0	0		0	
2085	50040	0	0	0		0	
2086	50064	0	0	0		0	
2087	50088	0	0	0		0	
2088	50112	0	0	0		0	
2089	50136	0	0	0		0	
2090	50160	0	0	0		0	
2091	50184	0	0	0		0	
2092	50208	0	0	0		0	
2093	50232	0	0	0		0	
2094	50256	0	0	0		0	
2095	50280	0	0	0		0	
2096	50304	0	0	0		0	
2097	50328	0	0	0		0	
2098	50352	0	0	0		0	
2099	50376	0	0	0		0	
2100	50400	0	0	0		0	
2101	50424	0	0	0		0	
2102	50448	0	0	0		0	
2103	50472	0	0	0		0	
2104	50496	0	0	0		0	
2105	50520	0	0	0		0	
2106	50544	0	0	0		0	
2107	50568	0	0	0		0	
2108	50592	0	0	0		0	
2109	50616	0	0	0		0	
2110	50640	0	0	0		0	
2111	50664	0	0	0		0	
2112	50688	0	0	0		0	
2113	50712	0	0	0		0	
2114	50736	0	0	0		0	
2115	50760	0	0	0		0	
2116	50784	0	0	0		0	
2117	50808	0	0	0		0	
2118	50832	0	0	0		0	
2119	50856	0	0	0		0	
2120	50880	0	0	0		0	
2121	50904	0	0	0		0	
2122	50928	0	0	0		0	
2123	50952	0	0	0		0	
2124	50976	0	0	0		0	
2125	51000	0	0	0		0	
2126	51024	0	0	0		0	
2127	51048	0	0	0		0	
2128	51072	0	0	0		0	
2129	51096	0	0	0		0	
2130	51120	0	0	0		0	
2131	51144	0	0	0		0	
2132	51168	0	0	0		0	
2133	51192	0	0	0		0	
2134	51216	0	0	0		0	
2135	51240	0	0	0		0	
2136	51264	0	0	0		0	
2137	51288	0	0	0		0	
2138	51312	0	0	0		0	
2139	51336	0	0	0		0	
2140	51360	0	0	0		0	
2141	51384	0	0	0		0	
2142	51408	0	0	0		0	
2143	51432	0	0	0		0	
2144	51456	0	0	0		0	
2145	51480	0	0	0		0	
2146	51504	0	0	0		0	
2147	51528	0	0	0		0	
2148	51552	0	0	0		0	
2149	51576	0	0	0		0	
2150	51600	0	0	0		0	
2151	51624	0	0	0		0	
2152	51648	0	0	0		0	
2153	51672	0	0	0		0	
2154	51696	0	0	0		0	
2155	51720	0	0	0		0	
2156	51744	0	0	0		0	
2157	51768	0	0	0		0	
2158	51792	0	0	0		0	
2159	51816	0	0	0		0	
2160	51840	0	0	0		0	
2161	51864	0	0	0		0	
2162	51888	0	0.025	0		22639.1503808586	
2163	51912	0	0.0166666666666667	0		-2462.22707143782	
2164	51936	0	0.00833333333333333	0		8983.65200837962	
2165	51960	0	0	0		46237.3291961798	
2166	51984	0	0	0		1752.42499312393	
2167	52008	0	0	0		-64427.1842332017	
2168	52032	0	0	0		-49078.532385384	
2169	52056	0	0	0		-19287.0154455275	
2170	52080	0	0	0		0	
2171	52104	0	0	0		0	
2172	52128	0	0	0		0	
2173	52152	0	0	0		0	
2174	52176	0	0	0		0	
2175	52200	0	0	0.0763701129437667		218301.631582874	
2176	52224	0	0	0		28361.7388493535	
2177	52248	0	0	0.0600631084002652		140807.805625976	
2178	52272	0	0	0.0662363275340779		163248.60440476	
2179	52296	0	0	0.0886720872152776		265455.292554617	
2180	52320	0	0	0.159507718834066		290108.519555007	
2181	52344	0	0	0		-9404.85219020031	
2182	52368	0	0	0		-215887.658575003	
2183	52392	0	0.00833333333333333	0		-196123.29291146	
2184	52416	0	0.00833333333333333	0		-129417.11547089	
2185	52440	0	0	0.110022291421898		33300.1971703366	
2186	52464	0	0	0		59682.2876670467	
2187	52488	0	0	0.00758191786353524		-18877.1858902964	
2188	52512	0	0	0.109332618527748		215832.863291289	
2189	52536	0	0	0.0616432785923586		211278.738659458	
2190	52560	0	0	0.3442202607825		764879.425156699	
2191	52584	0	0	0.261630730325408		782652.470600032	
2192	52608	0	0.0333333333333333	0.170582074973321		440125.191805956	
2193	52632	0	0.00833333333333333	0.130821081013641		-84776.5318410417	
2194	52656	0	0	0.0280214479019238		-149875.232781482	
2195	52680	0	0	0.0455442039361491		-521885.870745043	
2196	52704	0	0	0.194358211430871		17950.0325043217	
2197	52728	0	0	0.0905741292898596		-71882.9048913284	
2198	52752	0	0	0.0412560812881959		-200302.198856204	
2199	52776	0	0	0.00989054043343484		-158361.908631593	
2200	52800	0	0	0.0997196041903514		164493.353572326	
2201	52824	0	0	0.0876323448963743		-69604.2369846476	
2202	52848	0	0	0.042271921392842		-45740.894979785	
2203	52872	0	0.025	0.181440608785008		387521.296395347	
2204	52896	0	0.00833333333333333	0.186528632881346		515841.854840254	
2205	52920	0	0.2	0.150436896892539		426065.127963753	
2206	52944	0	0.00833333333333333	0.249613413254925		346587.79476549	
2207	52968	0	0	0.109906619421112		263655.603157963	
2208	52992	0	0	0.0936678719504024		105284.315285126	
2209	53016	0	0	0.162912090240373		-263202.299007053	
2210	53040	0	0	0.17822500182722		-236607.507331425	
2211	53064	0	0.00833333333333333	0.218148408908951		131856.934924058	
2212	53088	0	0	0.314429985308626		620238.464633135	
2213	53112	0	0.291666666666667	0.184875446401328		573241.312884248	
2214	53136	0	0.391666666666667	0.107035541854846		15116.9631058812	
2215	53160	0	0	0.169502786608189		-161141.853979687	
2216	53184	0	0.05	0.151396301022404		738163.070945972	
2217	53208	0	0.0166666666666667	0.0688958218669838		-115198.945613325	
2218	53232	0	0.0583333333333333	0.0872078369461918		-1302954.56296438	
2219	53256	0	0	0.0464274121704307		-972513.095028922	
2220	53280	0	0.00833333333333333	0.0458589837287482		-200626.206325578	
2221	53304	0	0.00833333333333333	0.115026634906473		-17102.0424272135	
2222	53328	0	0	0.0798694283968225		1997.17012554975	
2223	53352	0	0	0.0939062144469985		-39501.5245587441	
2224	53376	0	0	0.216910152511889		479255.368091677	
2225	53400	0	0	0.245172908762128		600168.304027626	
2226	53424	0	0	0.195777673546828		294669.35217741	
2227	53448	0	0	0.227908369966927		361888.069796969	
2228	53472	0	0	0.229303951017351		374066.54474252	
2229	53496	0	0	0.147747002519027		-51622.958287659	
2230	53520	0	0.316666666666667	0.087253534667151		-46107.2468460046	
2231	53544	0	0.00833333333333333	0.0276565649512373		-616878.781534074	
2232	53568	0	0	0.0349893491247846		-222632.091957293	
2233	53592	0	0	0.0305828262317673		207620.368717622	
2234	53616	0	0	0.0314914082456825		-560783.75384263	
2235	53640	0	0	0.0558094544097303		-755508.63879577	
2236	53664	0	0.00833333333333333	0.0594024878816679		103522.792750489	
2237	53688	0	0	0.112911994922033		239759.465294871	
2238	53712	0	0.05	0.0519464061053219		131877.89272721	
2239	53736	0	0.00833333333333333	0.0431479576064593		-480.986562055114	
2240	53760	0	0	0.0294664806594476		-71161.4994023978	
2241	53784	0	0.0166666666666667	0.0719060808765856		166057.268898504	
2242	53808	0	0	0.121456546150179		84273.4070738319	
2243	53832	0	0.05	0.119494216170521		182241.999775955	
2244	53856	0	0.15	0.139361832601115		387225.558934993	
2245	53880	0	0	0.050626872400926		-69545.7135633362	
2246	53904	0	0	0.0777766330254952		128453.236429786	
2247	53928	0	0	0.116610884560155		255656.594753686	
2248	53952	0	0	0.139156143502433		-115496.599014806	
2249	53976	0	0	0.0834580958792124		-390013.774461705	
2250	54000	0	0	0.106507199208425		128392.501203563	
2251	54024	0	0.166666666666667	0.0843525281921629		191113.944280465	
2252	54048	0	0.00833333333333333	0.0490189792102509		-217210.409210921	
2253	54072	0	0	0.0100642686252268		-204143.991629455	
2254	54096	0	0	0.0360543843340011		196692.289276265	
2255	54120	0	0	0.0261444448177368		-316535.110195828	
2256	54144	0	0	0.00734650175295393		-526922.865731651	
2257	54168	0	0	0		-134400.317957139	
2258	54192	0	0	0		-31673.4253789623	
2259	54216	0	0	0		-63884.89970347	
2260	54240	0	0	0		-44725.3727114218	
2261	54264	0	0	0.000334453942320678		-11927.3037158111	
2262	54288	0	0	0		124.206905078435	
2263	54312	0	0	0		-135.238628805822	
2264	54336	0	0	0		-211.925688604537	
2265	54360	0	0	0		51.139891174357	
2266	54384	0	0	0		-586.521405681255	
2267	54408	0	0	0		0	
2268	54432	0	0	0		0	
2269	54456	0	0	0		0	
2270	54480	0	0	0		0	
2271	54504	0	0	0		0	
2272	54528	0	0	0		0	
2273	54552	0	0.00833333333333333	0		7546.38346028619	
2274	54576	0	0	0		-5851.6646640034	
2275	54600	0	0	0		4380.19929203341	
2276	54624	0	0	0		14442.8650920388	
2277	54648	0	0	0		-10504.501494329	
2278	54672	0	0	0		-19287.0154455275	
2279	54696	0	0	0		0	
2280	54720	0	0	0		0	
2281	54744	0	0	0		0	
2282	54768	0	0	0		0	
2283	54792	0	0	0		0	
2284	54816	0	0	0		0	
2285	54840	0	0	0		0	
2286	54864	0	0	0		0	
2287	54888	0	0	0		0	
2288	54912	0	0	0		0	
2289	54936	0	0	0		0	
2290	54960	0	0	0		0	
2291	54984	0	0	0		0	
2292	55008	0	0	0		0	
2293	55032	0	0	0		0	
2294	55056	0	0	0		0	
2295	55080	0	0	0		0	
2296	55104	0	0	0		0	
2297	55128	0	0	0		0	
2298	55152	0	0	0		0	
2299	55176	0	0				
2300	55200	0	0	0			
2301	55224	0	0	0			
2302	55248	0	0	0			
2303	55272	0	0	0			
2304	55296	0	0	0			
2305	55320	0	0	0		0	
2306	55344	0	0	0		0	
2307	55368	0	0	0		0	
2308	55392	0	0	0		0	
2309	55416	0	0	0		0	
2310	55440	0	0	0		0	
2311	55464	0	0	0		0	
2312	55488	0	0	0		0	
2313	55512	0	0	0		0	
2314	55536	0	0	0		0	
2315	55560	0	0	0		0	
2316	55584	0	0	0		0	
2317	55608	0	0	0		0	
2318	55632	0	0	0		0	
2319	55656	0	0	0		0	
2320	55680	0	0	0		0	
2321	55704	0	0	0		0	
2322	55728	0	0	0		0	
2323	55752	0	0	0		0	
2324	55776	0	0	0		0	
2325	55800	0	0	0		0	
2326	55824	0	0	0		0	
2327	55848	0	0	0		0	
2328	55872	0	0	0		0	
2329	55896	0	0	0		0	
2330	55920	0	0	0		0	
2331	55944	0	0	0		0	
2332	55968	0	0	0		0	
2333	55992	0	0	0		0	
2334	56016	0	0	0		0	
2335	56040	0	0	0		0	
2336	56064	0	0	0		0	
2337	56088	0	0	0		0	
2338	56112	0	0	0		0	
2339	56136	0	0	0		0	
2340	56160	0	0	0		0	
2341	56184	0	0	0		0	
2342	56208	0	0	0		0	
2343	56232	0	0	0		0	
2344	56256	0	0	0		0	
2345	56280	0	0	0		0	
2346	56304	0	0	0		0	
2347	56328	0	0	0		0	
2348	56352	0	0	0		0	
2349	56376	0	0	0		0	
2350	56400	0	0	0		0	
2351	56424	0	0	0		0	
2352	56448	0	0	0		0	
2353	56472	0	0	0		0	
2354	56496	0	0	0		0	
2355	56520	0	0	0		0	
2356	56544	0	0	0		0	
2357	56568	0	0	0		0	
2358	56592	0	0	0		0	
2359	56616	0	0	0		0	
2360	56640	0	0	0		0	
2361	56664	0	0	0		0	
2362	56688	0	0	0		0	
2363	56712	0	0	0		0	
2364	56736	0	0	0		0	
2365	56760	0	0	0		0	
2366	56784	0	0	0		0	
2367	56808	0	0	0		0	
2368	56832	0	0	0		0	
2369	56856	0	0	0		0	
2370	56880	0	0	0		0	
2371	56904	0	0	0		0	
2372	56928	0	0	0		0	
2373	56952	0	0	0		0	
2374	56976	0	0	0		0	
2375	57000	0	0	0		0	
2376	57024	0	0	0		0	
2377	57048	0	0	0		0	
2378	57072	0	0	0		0	
2379	57096	0	0	0		0	
2380	57120	0	0	0		0	
2381	57144	0	0	0		0	
2382	57168	0	0	0		0	
2383	57192	0	0	0		0	
2384	57216	0	0	0		0	
2385	57240	0	0	0		0	
2386	57264	0	0	0		0	
2387	57288	0	0	0		0	
2388	57312	0	0	0		0	
2389	57336	0	0	0		0	
2390	57360	0	0	0		0	
2391	57384	0	0	0		0	
2392	57408	0	0	0		0	
2393	57432	0	0	0		0	
2394	57456	0	0	0		0	
2395	57480	0	0	0		0	
2396	57504	0	0	0		0	
2397	57528	0	0	0		0	
2398	57552	0	0	0		0	
2399	57576	0	0	0		0	
2400	57600	0	0	0		0	
2401	57624	0	0	0		0	
2402	57648	0	0	0		0	
2403	57672	0	0	0		0	
2404	57696	0	0	0		0	
2405	57720	0	0	0		0	
2406	57744	0	0	0		0	
2407	57768	0	0	0		0	
2408	57792	0	0	0		0	
2409	57816	0	0	0		0	
2410	57840	0	0	0		0	
2411	57864	0	0	0		0	
2412	57888	0	0	0		0	
2413	57912	0	0	0		0	
2414	57936	0	0	0		0	
2415	57960	0	0	0		0	
2416	57984	0	0	0		0	
2417	58008	0	0	0		0	
2418	58032	0	0	0		0	
2419	58056	0	0	0		0	
2420	58080	0	0	0		0	
2421	58104	0	0	0		0	
2422	58128	0	0	0		0	
2423	58152	0	0	0		0	
2424	58176	0	0	0		0	
2425	58200	0	0	0		0	
2426	58224	0	0	0		0	
2427	58248	0	0	0		0	
2428	58272	0	0	0		0	
2429	58296	0	0	0		0	
2430	58320	0	0	0		0	
2431	58344	0	0	0		0	
2432	58368	0	0	0		0	
2433	58392	0	0	0		0	
2434	58416	0	0	0		0	
2435	58440	0	0	0		0	
2436	58464	0	0	0		0	
2437	58488	0	0	0		0	
2438	58512	0	0	0		0	
2439	58536	0	0	0		0	
2440	58560	0	0	0		0	
2441	58584	0	0	0		0	
2442	58608	0	0	0		0	
2443	58632	0	0	0		0	
2444	58656	0	0	0		0	
2445	58680	0	0	0		0	
2446	58704	0	0	0		0	
2447	58728	0	0	0		0	
2448	58752	0	0	0		0	
2449	58776	0	0	0		0	
2450	58800	0	0	0		0	
2451	58824	0	0	0		0	
2452	58848	0	0	0		0	
2453	58872	0	0	0		0	
2454	58896	0	0	0		0	
2455	58920	0	0	0		0	
2456	58944	0	0	0		0	
2457	58968	0	0	0		0	
2458	58992	0	0	0		0	
2459	59016	0	0	0		0	
2460	59040	0	0	0		0	
2461	59064	0	0	0		0	
2462	59088	0	0	0		0	
2463	59112	0	0	0		0	
2464	59136	0	0	0		0	
2465	59160	0	0	0		0	
2466	59184	0	0	0		0	
2467	59208	0	0	0		0	
2468	59232	0	0	0		0	
2469	59256	0	0	0		0	
2470	59280	0	0	0		0	
2471	59304	0	0	0		0	
2472	59328	0	0	0		0	
2473	59352	0	0	0		0	
2474	59376	0	0	0		0	
2475	59400	0	0	0		0	
2476	59424	0	0	0		0	
2477	59448	0	0	0		0	
2478	59472	0	0	0		0	
2479	59496	0	0	0		0	
2480	59520	0	0	0		0	
2481	59544	0	0	0		0	
2482	59568	0	0	0		0	
2483	59592	0	0	0		0	
2484	59616	0	0	0		0	
2485	59640	0	0	0		0	
2486	59664	0	0	0		0	
2487	59688	0	0	0		0	
2488	59712	0	0	0		0	
2489	59736	0	0	0		0	
2490	59760	0	0	0		0	
2491	59784	0	0	0		0	
2492	59808	0	0	0		0	
2493	59832	0	0	0		0	
2494	59856	0	0	0		0	
2495	59880	0	0	0		0	
2496	59904	0	0	0		0	
2497	59928	0	0	0		0	
2498	59952	0	0	0		0	
2499	59976	0	0	0		0	
2500	60000	0	0	0		0	
2501	60024	0	0	0		0	
2502	60048	0	0	0		0	
2503	60072	0	0	0		0	
2504	60096	0	0	0		0	
2505	60120	0	0	0		0	
2506	60144	0	0	0		0	
2507	60168	0	0	0		0	
2508	60192	0	0	0		0	
2509	60216	0	0	0		0	
2510	60240	0	0	0		0	
2511	60264	0	0	0		0	
2512	60288	0	0	0		0	
2513	60312	0	0	0		0	
2514	60336	0	0	0		0	
2515	60360	0	0	0		0	
2516	60384	0	0	0		0	
2517	60408	0	0	0		0	
2518	60432	0	0	0		0	
2519	60456	0	0	0		0	
2520	60480	0	0	0		0	
2521	60504	0	0	0		0	
2522	60528	0	0	0		0	
2523	60552	0	0	0		0	
2524	60576	0	0.00833333333333333	0		7546.38346028619	
2525	60600	0	0	0		-5851.6646640034	
2526	60624	0	0	0		4380.19929203341	
2527	60648	0	0	0		14442.8650920388	
2528	60672	0	0	0		-10504.501494329	
2529	60696	0	0	0		-19287.0154455275	
2530	60720	0	0	0		0	
2531	60744	0	0	0		0	
2532	60768	0	0	0		0	
2533	60792	0	0	0		0	
2534	60816	0	0	0		0	
2535	60840	0	0	0		0	
2536	60864	0	0	0		0	
2537	60888	0	0	0		0	
2538	60912	0	0	0		0	
2539	60936	0	0	0		0	
2540	60960	0	0	0		0	
2541	60984	0	0	0		0	
2542	61008	0	0	0		0	
2543	61032	0	0	0		0	
2544	61056	0	0	0		0	
2545	61080	0	0	0		0	
2546	61104	0	0	0		0	
2547	61128	0	0	0		0	
2548	61152	0	0	0.139580365146167		398986.203814808	
2549	61176	0	0	0		51836.2709203786	
2550	61200	0	0	0		-56440.2292871898	
2551	61224	0	0	0		-88444.659357347	
2552	61248	0	0	0		21342.6238426811	
2553	61272	0	0	0.237363992815097		433719.996581542	
2554	61296	0	0	0.224394512697125		729575.244408953	
2555	61320	0	0	0		-12645.7859881943	
2556	61344	0	0	0.0205931323431547		-182275.490616105	
2557	61368	0	0	0.123597844318604	0	255055.788323995	-255055.788323995
2558	61392	0	0	0.198524951765425	0	223104.724073063	-223104.724073063
2559	61416	0	0	0.133393400617243	0	-1512.38855165942	1512.38855165942
2560	61440	0	0	0.128732593940473	2824412.5	262073.349794108	2562339.15020589
2561	61464	0	0	0.116682174429462	3080350	184392.210003979	2895957.78999602
2562	61488	0	0	0.0660334795015618	2241575	-90885.0573816575	2332460.05738166
2563	61512	0	0	0.253977090929149	2716350	294006.155881178	2422343.84411882
2564	61536	0	0	0.419390309199835	2003312.5	978254.155526587	1025058.34447341
2565	61560	0	0	0.515854778218213	895387.5	1277852.86152712	-382465.361527121
2566	61584	0	0.0166666666666667	0.293122758175955	958562.5	519509.370253419	439053.129746581
2567	61608	0	0	0.108796653019798	1576750	-143154.679550778	1719904.67955078
2568	61632	0	0	0.1722091493328	1641150	-285241.345548037	1926391.34554804
2569	61656	0	0	0.0982820666612176	1329212.5	-512547.794487609	1841760.29448761
2570	61680	0	0	0.0372566205820899	3421075	-876403.661382397	4297478.6613824
2571	61704	0	0	0.0959413886552931	3553900	-396757.792927811	3950657.79292781
2572	61728	0	0	0.0613489076214755	1685250	-30808.6716133976	1716058.6716134
2573	61752	0	0	0.0871480486371072	1295175	-77478.6653192528	1372653.66531925
2574	61776	0	0	0.106239451877307	1047287.5	83789.3630270974	963498.136972903
2575	61800	0	0	0.0789014106194075	1032500	140213.436875194	892286.563124806
2576	61824	0	0	0.0979707031432056	693700	52299.5339334771	641400.466066523
2577	61848	0	0	0.145553496247446	684775	258960.990060826	425814.009939174
2578	61872	0	0	0.0761818039529137	953662.5	45622.9662281706	908039.53377183
2579	61896	0	0	0.128799165172504	758450	101281.617970239	657168.382029761
2580	61920	0	0	0.0775173184872964	676812.5	22992.5318658495	653819.968134151
2581	61944	0	0	0.167943878486031	603662.5	258944.871726908	344717.628273092
2582	61968	0	0	0.193405993193294	461037.5	258653.007001803	202384.492998197
2583	61992	0	0	0.205225405056523	361550	427524.824452211	-65974.8244522114
2584	62016	0	0.0416666666666667	0.150568469769524	325675	145701.98652915	179973.01347085
2585	62040	0	0.00833333333333333	0.190553093788252	160737.5	263099.740134428	-102362.240134428
2586	62064	0	0.108333333333333	0.105863061666477	0	31655.9380424315	-31655.9380424315
2587	62088	0	0.025	0.106816079174149	0	-112441.405099015	112441.405099015
2588	62112	0	0.0166666666666667	0.130143258498125	0	-72344.6166458718	72344.6166458718
2589	62136	0	0	0.0972923978065836	0	63511.7279408981	-63511.7279408981
2590	62160	0	0	0.0628783741121337	0	-326176.819576264	326176.819576264
2591	62184	0	0	0.185625554461057	0	9475.63846734099	-9475.63846734099
2592	62208	0	0	0.168565615208674	0	217411.102558066	-217411.102558066
2593	62232	0	0.00833333333333333	0.114791803845759	0	31448.6129957303	-31448.6129957303
2594	62256	0	0	0.0706871396001008	0	-107949.977355242	107949.977355242
2595	62280	0	0.025	0.0651427554371376	0	4366.63547197854	-4366.63547197854
2596	62304	0	0.0916666666666667	0.142760226581205	0	111094.67875215	-111094.67875215
2597	62328	0	0	0.146253283403361	0	60157.9960709515	-60157.9960709515
2598	62352	0	0.0666666666666667	0.0674895719808833	0	90324.2648569112	-90324.2648569112
2599	62376	0	0	0.0571069955784162	0	5247.88179751775	-5247.88179751775
2600	62400	0	0.0416666666666667	0.0420379732805198	0	-171637.587029726	171637.587029726
2601	62424	0	0.00833333333333333	0.0579567696791505	0	-230894.128980887	230894.128980887
2602	62448	0	0.0166666666666667	0.0871340999680355	0	-81644.4835229126	81644.4835229126
2603	62472	0	0.00833333333333333	0.0851477074636877	0	34197.9625044863	-34197.9625044863
2604	62496	0	0	0.0205453105611717	0	-110497.54550707	110497.54550707
2605	62520	0	0	0.00212867487120239	0	-214459.978647034	214459.978647034
2606	62544	0	0.025	0.00354338007301891		-142869.713377923	
2607	62568	0	0.0166666666666667	0.0272806759210535		-125907.862572337	
2608	62592	0	0	0.0260000266983225		-82359.1721622419	
2609	62616	0	0.00833333333333333	0.0508803863870888		165750.541152983	
2610	62640	0	0	0.0387871471102415		90297.2146144119	
2611	62664	0	0	0.0295579993058759		-14685.940374408	
2612	62688	0	0	0.0355665123579731		-3278.10709523065	
2613	62712	0	0	0.0592348991992093		97680.2023841038	
2614	62736	0	0	0.0277543669846914		-34361.2613267563	
2615	62760	0	0	0.0170499769344108		-50944.808031519	
2616	62784	0	0	0.0199843461484788		-31696.7543193389	
2617	62808	0	0	0.0231064337498808		-4324.60072972246	
2618	62832	0	0	0.0176876646899817		-59378.3174147102	
2619	62856	0	0	0.040728385028519		54918.3682855145	
2620	62880	0	0	0.0199952909288275		23643.5854284029	
2621	62904	0	0	0.00356042168629589		-41586.2867627854	
2622	62928	0	0	0.0277711904733682		8996.2152263389	
2623	62952	0	0	0.0290560394893848		54468.9116706261	
2624	62976	0	0	0.0579898486021193		94700.6017605234	
2625	63000	0	0.00833333333333333	0.0401495064664026		79981.505367308	
2626	63024	0	0.00833333333333333	0.0500174919909337		115721.331710864	
2627	63048	0	0	0.108453023209659		229874.856554	
2628	63072	0	0.0666666666666667	0.0639944822852563		214643.643475255	
2629	63096	0	0	0.0505374479673115		-45752.4397816366	
2630	63120	0	0.00833333333333333	0.0289265857211651		-43108.0528352313	
2631	63144	0	0.00833333333333333	0.0202798954819654		34546.5354691236	
2632	63168	0	0	0.0120062359853135		-267781.73134838	
2633	63192	0	0	0.0216076630912418		-200276.639774994	
2634	63216	0	0	0.040786952701966		26643.1123045321	
2635	63240	0	0	0.0136530427590227		-39589.2207232129	
2636	63264	0	0	0.0161074522007869		-32086.4893698372	
2637	63288	0	0.0666666666666667	0.00870098232519645		42108.1721282226	
2638	63312	0	0	0.00440509357651031		-77810.6770609455	
2639	63336	0	0	0.000178324187285028		-45976.6519360453	
2640	63360	0	0	0		86834.5736257051	
2641	63384	0	0	0		-113816.097536998	
2642	63408	0	0	0.000193826131598129		-168440.148687191	
2643	63432	0	0	0		-7625.82625127562	
2644	63456	0	0	0		-391.096401345552	
2645	63480	0	0	0		-122.817318652211	
2646	63504	0	0	0		29.6371070046199	
2647	63528	0	0	0		-339.90681758415	
2648	63552	0	0	0		0	
2649	63576	0	0	0		0	
2650	63600	0	0	0		0	
2651	63624	0	0	0		0	
2652	63648	0	0	0		0	
2653	63672	0	0	0		0	
2654	63696	0	0	0		0	
2655	63720	0	0	0		0	
2656	63744	0	0	0		0	
2657	63768	0	0	0		0	
2658	63792	0	0	0		0	
2659	63816	0	0	0		0	
2660	63840	0	0	0		0	
2661	63864	0	0	0		0	
2662	63888	0	0	0		0	
2663	63912	0	0	0		0	
2664	63936	0	0				
2665	63960	0	0	0			
2666	63984	0	0	0			
2667	64008	0	0	0			
2668	64032	0	0	0			
2669	64056	0	0	0			
2670	64080	0	0	0		0	
2671	64104	0	0	0		0	
2672	64128	0	0	0		0	
2673	64152	0	0	0		0	
2674	64176	0	0	0		0	
2675	64200	0	0	0		0	
2676	64224	0	0	0		0	
2677	64248	0	0	0		0	
2678	64272	0	0	0		0	
2679	64296	0	0	0		0	
2680	64320	0	0	0		0	
2681	64344	0	0	0		0	
2682	64368	0	0	0		0	
2683	64392	0	0	0		0	
2684	64416	0	0	0		0	
2685	64440	0	0	0		0	
2686	64464	0	0	0		0	
2687	64488	0	0	0		0	
2688	64512	0	0	0		0	
2689	64536	0	0	0		0	
2690	64560	0	0	0		0	
2691	64584	0	0	0		0	
2692	64608	0	0	0		0	
2693	64632	0	0	0		0	
2694	64656	0	0	0		0	
2695	64680	0	0	0		0	
2696	64704	0	0	0		0	
2697	64728	0	0	0		0	
2698	64752	0	0	0		0	
2699	64776	0	0	0		0	
2700	64800	0	0	0		0	
2701	64824	0	0	0		0	
2702	64848	0	0	0		0	
2703	64872	0	0	0		0	
2704	64896	0	0	0		0	
2705	64920	0	0	0		0	
2706	64944	0	0	0		0	
2707	64968	0	0	0		0	
2708	64992	0	0	0		0	
2709	65016	0	0	0		0	
2710	65040	0	0	0		0	
2711	65064	0	0	0		0	
2712	65088	0	0	0		0	
2713	65112	0	0	0		0	
2714	65136	0	0	0		0	
2715	65160	0	0	0		0	
2716	65184	0	0	0		0	
2717	65208	0	0	0		0	
2718	65232	0	0	0		0	
2719	65256	0	0	0		0	
2720	65280	0	0	0		0	
2721	65304	0	0	0		0	
2722	65328	0	0	0		0	
2723	65352	0	0	0		0	
2724	65376	0	0	0		0	
2725	65400	0	0	0		0	
2726	65424	0	0	0		0	
2727	65448	0	0	0		0	
2728	65472	0	0	0		0	
2729	65496	0	0	0		0	
2730	65520	0	0	0		0	
2731	65544	0	0	0		0	
2732	65568	0	0	0		0	
2733	65592	0	0	0		0	
2734	65616	0	0	0		0	
2735	65640	0	0	0		0	
2736	65664	0	0	0		0	
2737	65688	0	0	0		0	
2738	65712	0	0	0		0	
2739	65736	0	0	0		0	
2740	65760	0	0	0		0	
2741	65784	0	0	0		0	
2742	65808	0	0	0		0	
2743	65832	0	0	0		0	
2744	65856	0	0	0		0	
2745	65880	0	0	0		0	
2746	65904	0	0	0		0	
2747	65928	0	0	0		0	
2748	65952	0	0	0		0	
2749	65976	0	0	0		0	
2750	66000	0	0	0		0	
2751	66024	0	0	0		0	
2752	66048	0	0	0		0	
2753	66072	0	0	0		0	
2754	66096	0	0	0		0	
2755	66120	0	0	0		0	
2756	66144	0	0	0		0	
2757	66168	0	0	0		0	
2758	66192	0	0	0		0	
2759	66216	0	0	0		0	
2760	66240	0	0	0		0	
2761	66264	0	0	0		0	
2762	66288	0	0	0		0	
2763	66312	0	0	0		0	
2764	66336	0	0	0		0	
2765	66360	0	0	0		0	
2766	66384	0	0	0		0	
2767	66408	0	0	0		0	
2768	66432	0	0	0		0	
2769	66456	0	0	0		0	
2770	66480	0	0	0		0	
2771	66504	0	0	0		0	
2772	66528	0	0	0		0	
2773	66552	0	0	0		0	
2774	66576	0	0	0		0	
2775	66600	0	0	0		0	
2776	66624	0	0	0		0	
2777	66648	0	0	0		0	
2778	66672	0	0	0		0	
2779	66696	0	0	0		0	
2780	66720	0	0	0		0	
2781	66744	0	0	0		0	
2782	66768	0	0	0		0	
2783	66792	0	0	0		0	
2784	66816	0	0	0		0	
2785	66840	0	0	0		0	
2786	66864	0	0	0		0	
2787	66888	0	0	0		0	
2788	66912	0	0	0		0	
2789	66936	0	0	0		0	
2790	66960	0	0	0		0	
2791	66984	0	0	0		0	
2792	67008	0	0	0		0	
2793	67032	0	0	0		0	
2794	67056	0	0	0		0	
2795	67080	0	0	0		0	
2796	67104	0	0	0		0	
2797	67128	0	0	0		0	
2798	67152	0	0	0		0	
2799	67176	0	0	0		0	
2800	67200	0	0	0		0	
2801	67224	0	0	0		0	
2802	67248	0	0	0		0	
2803	67272	0	0	0		0	
2804	67296	0	0	0		0	
2805	67320	0	0	0		0	
2806	67344	0	0	0		0	
2807	67368	0	0	0		0	
2808	67392	0	0	0		0	
2809	67416	0	0	0		0	
2810	67440	0	0	0		0	
2811	67464	0	0	0		0	
2812	67488	0	0	0		0	
2813	67512	0	0	0		0	
2814	67536	0	0	0		0	
2815	67560	0	0	0		0	
2816	67584	0	0	0		0	
2817	67608	0	0	0		0	
2818	67632	0	0	0		0	
2819	67656	0	0	0		0	
2820	67680	0	0	0		0	
2821	67704	0	0	0		0	
2822	67728	0	0	0		0	
2823	67752	0	0	0		0	
2824	67776	0	0	0		0	
2825	67800	0	0	0		0	
2826	67824	0	0	0		0	
2827	67848	0	0	0		0	
2828	67872	0	0	0		0	
2829	67896	0	0	0		0	
2830	67920	0	0	0		0	
2831	67944	0	0	0		0	
2832	67968	0	0	0		0	
2833	67992	0	0	0		0	
2834	68016	0	0	0		0	
2835	68040	0	0	0		0	
2836	68064	0	0	0		0	
2837	68088	0	0	0		0	
2838	68112	0	0	0		0	
2839	68136	0	0	0		0	
2840	68160	0	0	0		0	
2841	68184	0	0	0		0	
2842	68208	0	0	0		0	
2843	68232	0	0	0		0	
2844	68256	0	0	0		0	
2845	68280	0	0	0		0	
2846	68304	0	0	0		0	
2847	68328	0	0	0		0	
2848	68352	0	0	0		0	
2849	68376	0	0	0		0	
2850	68400	0	0	0		0	
2851	68424	0	0	0		0	
2852	68448	0	0	0		0	
2853	68472	0	0	0		0	
2854	68496	0	0	0		0	
2855	68520	0	0	0		0	
2856	68544	0	0	0		0	
2857	68568	0	0	0		0	
2858	68592	0	0	0		0	
2859	68616	0	0	0		0	
2860	68640	0	0	0		0	
2861	68664	0	0	0		0	
2862	68688	0	0	0		0	
2863	68712	0	0	0		0	
2864	68736	0	0	0		0	
2865	68760	0	0	0		0	
2866	68784	0	0	0		0	
2867	68808	0	0	0		0	
2868	68832	0	0	0		0	
2869	68856	0	0	0		0	
2870	68880	0	0	0		0	
2871	68904	0	0	0		0	
2872	68928	0	0	0		0	
2873	68952	0	0	0		0	
2874	68976	0	0	0		0	
2875	69000	0	0	0		0	
2876	69024	0	0	0		0	
2877	69048	0	0	0		0	
2878	69072	0	0	0		0	
2879	69096	0	0	0		0	
2880	69120	0	0	0		0	
2881	69144	0	0	0		0	
2882	69168	0	0	0		0	
2883	69192	0	0.00833333333333333	0		7546.38346028619	
2884	69216	0	0	0		-5851.6646640034	
2885	69240	0	0	0		4380.19929203341	
2886	69264	0	0	0		14442.8650920388	
2887	69288	0	0	0		-10504.501494329	
2888	69312	0	0	0		-19287.0154455275	
2889	69336	0	0	0		0	
2890	69360	0	0	0		0	
2891	69384	0	0	0		0	
2892	69408	0	0	0		0	
2893	69432	0	0	0		0	
2894	69456	0	0	0		0	
2895	69480	0	0.0333333333333333	0.265256499053747		788413.12182483	
2896	69504	0	0	0.219545599681193		702666.618364416	
2897	69528	0	0	0		-8204.25691307066	
2898	69552	0	0	0		-199082.178383883	
2899	69576	0	0	0		-140573.172254976	
2900	69600	0	0	0		-508750.319521925	
2901	69624	0	0	0		-385010.243391549	
2902	69648	0	0	0		0	
2903	69672	0	0.00833333333333333	0		7546.38346028619	
2904	69696	0	0	0.000127966769744858		-5485.87556736736	
2905	69720	0	0	0.103791536581636		301112.654788805	
2906	69744	0	0	0.0197970762177925		109525.751632234	
2907	69768	0	0	0		-45202.2864497408	
2908	69792	0	0	0		-93039.7059523575	
2909	69816	0	0.0166666666666667	0		18194.3109446107	
2910	69840	0	0	0		-190692.212505627	
2911	69864	0	0	0		-25957.1140607848	
2912	69888	0	0	0		28885.7301840775	
2913	69912	0	0	0.147096408455939		399461.580701022	
2914	69936	0	0	0.368669714957464		1069884.59185636	
2915	69960	0	0	0.399294166408317		1218804.46212189	
2916	69984	0	0	0.115967687559284		237495.674943948	
2917	70008	0	0	0.0959640045500885		-55194.3820243924	
2918	70032	0	0	0.0736919413717151		-255205.945882039	
2919	70056	0	0.025	0.0861555483386702		-401477.148583559	
2920	70080	0	0	0.0873878864364219		-508866.285828707	
2921	70104	0	0	0.0445310489234414		-97343.0164308551	
2922	70128	0	0	0.124420875490971		168570.246463516	
2923	70152	0	0	0.175225192541971		326131.745099605	
2924	70176	0	0	0.0832769575319636		29003.8216423648	
2925	70200	0	0.075	0.021502793415082		-135823.418150532	
2926	70224	0	0.0166666666666667	0.140633234539601		168636.59838969	
2927	70248	0	0	0.291765157079845		661084.466374851	
2928	70272	0	0.075	0.139950462482113		350016.66839787	
2929	70296	0	0.15	0.0591905654557001		-111157.969384116	
2930	70320	0	0.166666666666667	0.0187999497429368		-291522.946474999	
2931	70344	0	0.00833333333333333	0.124031988967446		107667.032727978	
2932	70368	0	0	0.177469626778905		265168.910709728	
2933	70392	0	0	0.0524972886977313		-151899.324748865	
2934	70416	0	0	0.134306134391735		-390686.932859135	
2935	70440	0	0	0.142057215497907		-87985.4223778644	
2936	70464	0	0	0.192128982867533		304716.697477261	
2937	70488	0	0	0.197049416324156		188870.88093394	
2938	70512	0	0	0.228060380994668		485852.902993891	
2939	70536	0	0.05	0.2167843962902		334417.90319186	
2940	70560	0	0	0.107418602280871		-84370.6252676444	
2941	70584	0	0.0416666666666667	0.107783879346773		-126966.220218625	
2942	70608	0	0	0.195585377951915		165013.78956267	
2943	70632	0	0.00833333333333333	0.134455683746791		-55050.5595755405	
2944	70656	0	0.00833333333333333	0.19478305444803		53775.2254083725	
2945	70680	0	0	0.209902700428563		268147.524033071	
2946	70704	0	0.00833333333333333	0.081798857165003		-81364.3909991477	
2947	70728	0	0.00833333333333333	0.152689081865998		-58264.1391629957	
2948	70752	0	0	0.236420379606697		329154.54188884	
2949	70776	0	0	0.301392096934266		525794.04958684	
2950	70800	0	0	0.273435284841448		349532.051458407	
2951	70824	0	0	0.16782387685239		159696.211223686	
2952	70848	0	0	0.109870547040646		-176057.837020113	
2953	70872	0	0	0.10443744230986		-270306.449427134	
2954	70896	0	0	0.133554455463741		-216953.539762359	
2955	70920	0	0	0.165076978291966		-44236.8592286108	
2956	70944	0	0	0.200548998031832		236880.458079555	
2957	70968	0	0	0.218260202451466		370284.663375251	
2958	70992	0	0	0.184640362603485		260423.360430329	
2959	71016	0	0	0.173468127588344		140122.396149358	
2960	71040	0	0.0666666666666667	0.120161926490404		-3514.17658685084	
2961	71064	0	0.0916666666666667	0.140612411976956		-22705.0545629255	
2962	71088	0	0	0.137889229182045		-95984.3510944721	
2963	71112	0	0	0.188651337129381		323915.879513301	
2964	71136	0	0	0.179380237911245		226961.085410246	
2965	71160	0	0	0.108432686864131		-246156.534228385	
2966	71184	0	0	0.11175084987936		-270027.333343972	
2967	71208	0	0	0.0695953557509075		-130038.00069559	
2968	71232	0	0.125	0.0355499478584758		-176638.936135151	
2969	71256	0	0.116666666666667	0.0641286352050372		-182559.043728051	
2970	71280	0	0.00833333333333333	0.0425535120281229		-94761.8304868065	
2971	71304	0	0.00833333333333333	0.0345319595925932		160382.839807733	
2972	71328	0	0.0416666666666667	0.0253805274344003		-8186.39372491895	
2973	71352	0	0	0.0138821669527598		-491160.461633643	
2974	71376	0	0	0.0174554483481266		-327225.096732782	
2975	71400	0	0	0.029188429421291		41299.2434001764	
2976	71424	0	0	0.0251604697439056		-61580.724083195	
2977	71448	0	0.0166666666666667	0.0417732172211327		-17840.4432182218	
2978	71472	0	0	0.0382309554985536		62747.4587330753	
2979	71496	0	0.025	0.0841738866673065		227223.82127239	
2980	71520	0	0	0.0574082758582826		117422.319595873	
2981	71544	0	0.00833333333333333	0.040531975375238		40860.2777194078	
2982	71568	0	0.00833333333333333	0.0591569874649327		46639.5888953696	
2983	71592	0	0.00833333333333333	0.0762199158509897		107463.263752246	
2984	71616	0	0	0.0259139515763245		-130947.98125224	
2985	71640	0	0	0.0303236341710296		-58160.7212149814	
2986	71664	0	0.025	0.0289231467346713		-19581.4202627985	
2987	71688	0	0.05	0.0161633686503162		-65893.6168932976	
2988	71712	0	0.00833333333333333	0.0143934466852755		-147175.997526579	
2989	71736	0	0.0666666666666667	0.0438005471207088		189006.38912217	
2990	71760	0	0	0.0151599700700107		7494.13815108861	
2991	71784	0	0.00833333333333333	0.0280545873549975		-53115.5860913574	
2992	71808	0	0.05	0.0230466839023986		45011.4322074457	
2993	71832	0	0.15	0.0380058487440778		79485.4316673114	
2994	71856	0	0.00833333333333333	0.0408578968487792		-182039.659158781	
2995	71880	0	0	0.0557086400910283		271292.311726006	
2996	71904	0	0	0.0290777099814346		199566.205985138	
2997	71928	0	0	0.0215595944154305		-300954.728188443	
2998	71952	0	0	0.0265866068745364		-381126.772741074	
2999	71976	0	0	0.0184525622244784		-46943.2147760703	
3000	72000	0	0	0.0258140482072786		-37018.5526185738	
3001	72024	0	0.00833333333333333	0.0148281507325869		-12485.200291772	
3002	72048	0	0	0.0273015736585318		21822.1816297875	
3003	72072	0	0	0.0103907205716105		-21934.6466447398	
3004	72096	0	0.00833333333333333	0.0210211460269694		37088.4291038105	
3005	72120	0	0	0.0369738152358074		32635.9313637544	
3006	72144	0	0	0.0168819621589194		10167.6203955798	
3007	72168	0	0.025	0.00949674123500266		-4062.04942892745	
3008	72192	0	0	0.00181447439836191		-64608.3527142557	
3009	72216	0	0	0		-51220.4645177522	
3010	72240	0	0	0		-25681.1543865827	
3011	72264	0	0	0.000407165123949227		-59652.6346166906	
3012	72288	0	0	0		-74086.5308912517	
3013	72312	0	0	0		-3346.62680306256	
3014	72336	0	0	0		-257.998900147384	
3015	72360	0	0	0		62.257840300152	
3016	72384	0	0	0		-714.032728052307	
3017	72408	0	0	0		0	
3018	72432	0	0	0		0	
3019	72456	0	0	0		0	
3020	72480	0	0	0		0	
3021	72504	0	0	0		0	
3022	72528	0	0	0		0	
3023	72552	0	0	0		0	
3024	72576	0	0	0		0	
3025	72600	0	0	0		0	
3026	72624	0	0	0		0	
3027	72648	0	0	0		0	
3028	72672	0	0	0		0	
3029	72696	0	0				
3030	72720	0	0	0			
3031	72744	0	0	0			
3032	72768	0	0	0			
3033	72792	0	0	0			
3034	72816	0	0	0			
3035	72840	0	0	0		0	
3036	72864	0	0	0		0	
3037	72888	0	0	0		0	
3038	72912	0	0	0		0	
3039	72936	0	0	0		0	
3040	72960	0	0	0		0	
3041	72984	0	0	0		0	
3042	73008	0	0	0		0	
3043	73032	0	0	0		0	
3044	73056	0	0	0		0	
3045	73080	0	0	0		0	
3046	73104	0	0	0		0	
3047	73128	0	0	0		0	
3048	73152	0	0	0		0	
3049	73176	0	0	0		0	
3050	73200	0	0	0		0	
3051	73224	0	0	0		0	
3052	73248	0	0	0		0	
3053	73272	0	0	0		0	
3054	73296	0	0	0		0	
3055	73320	0	0	0		0	
3056	73344	0	0	0		0	
3057	73368	0	0	0		0	
3058	73392	0	0	0		0	
3059	73416	0	0	0		0	
3060	73440	0	0	0		0	
3061	73464	0	0	0		0	
3062	73488	0	0	0		0	
3063	73512	0	0	0		0	
3064	73536	0	0	0		0	
3065	73560	0	0	0		0	
3066	73584	0	0	0		0	
3067	73608	0	0	0		0	
3068	73632	0	0	0		0	
3069	73656	0	0	0		0	
3070	73680	0	0	0		0	
3071	73704	0	0	0		0	
3072	73728	0	0	0		0	
3073	73752	0	0	0		0	
3074	73776	0	0	0		0	
3075	73800	0	0	0		0	
3076	73824	0	0	0		0	
3077	73848	0	0	0		0	
3078	73872	0	0	0		0	
3079	73896	0	0	0		0	
3080	73920	0	0	0		0	
3081	73944	0	0	0		0	
3082	73968	0	0	0		0	
3083	73992	0	0	0		0	
3084	74016	0	0	0		0	
3085	74040	0	0	0		0	
3086	74064	0	0	0		0	
3087	74088	0	0	0		0	
3088	74112	0	0	0		0	
3089	74136	0	0	0		0	
3090	74160	0	0	0		0	
3091	74184	0	0	0		0	
3092	74208	0	0	0		0	
3093	74232	0	0	0		0	
3094	74256	0	0	0		0	
3095	74280	0	0	0		0	
3096	74304	0	0	0		0	
3097	74328	0	0	0		0	
3098	74352	0	0	0		0	
3099	74376	0	0	0		0	
3100	74400	0	0	0		0	
3101	74424	0	0	0		0	
3102	74448	0	0	0		0	
3103	74472	0	0	0		0	
3104	74496	0	0	0		0	
3105	74520	0	0	0		0	
3106	74544	0	0	0		0	
3107	74568	0	0	0		0	
3108	74592	0	0	0		0	
3109	74616	0	0	0		0	
3110	74640	0	0	0		0	
3111	74664	0	0	0		0	
3112	74688	0	0	0		0	
3113	74712	0	0	0		0	
3114	74736	0	0	0		0	
3115	74760	0	0	0		0	
3116	74784	0	0	0		0	
3117	74808	0	0	0		0	
3118	74832	0	0	0		0	
3119	74856	0	0	0		0	
3120	74880	0	0	0		0	
3121	74904	0	0	0		0	
3122	74928	0	0	0		0	
3123	74952	0	0	0		0	
3124	74976	0	0	0		0	
3125	75000	0	0	0		0	
3126	75024	0	0	0		0	
3127	75048	0	0	0		0	
3128	75072	0	0	0		0	
3129	75096	0	0	0		0	
3130	75120	0	0	0		0	
3131	75144	0	0	0		0	
3132	75168	0	0	0		0	
3133	75192	0	0	0		0	
3134	75216	0	0	0		0	
3135	75240	0	0	0		0	
3136	75264	0	0	0		0	
3137	75288	0	0	0		0	
3138	75312	0	0	0		0	
3139	75336	0	0	0		0	
3140	75360	0	0	0		0	
3141	75384	0	0	0		0	
3142	75408	0	0	0		0	
3143	75432	0	0	0		0	
3144	75456	0	0	0		0	
3145	75480	0	0	0		0	
3146	75504	0	0	0		0	
3147	75528	0	0	0		0	
3148	75552	0	0	0		0	
3149	75576	0	0	0		0	
3150	75600	0	0	0		0	
3151	75624	0	0	0		0	
3152	75648	0	0	0		0	
3153	75672	0	0	0		0	
3154	75696	0	0	0		0	
3155	75720	0	0	0		0	
3156	75744	0	0	0		0	
3157	75768	0	0	0		0	
3158	75792	0	0	0		0	
3159	75816	0	0	0		0	
3160	75840	0	0	0		0	
3161	75864	0	0	0		0	
3162	75888	0	0	0		0	
3163	75912	0	0	0		0	
3164	75936	0	0	0		0	
3165	75960	0	0	0		0	
3166	75984	0	0	0		0	
3167	76008	0	0	0		0	
3168	76032	0	0	0		0	
3169	76056	0	0	0		0	
3170	76080	0	0	0		0	
3171	76104	0	0	0		0	
3172	76128	0	0	0		0	
3173	76152	0	0	0		0	
3174	76176	0	0	0		0	
3175	76200	0	0	0		0	
3176	76224	0	0	0		0	
3177	76248	0	0	0		0	
3178	76272	0	0	0		0	
3179	76296	0	0	0		0	
3180	76320	0	0	0		0	
3181	76344	0	0	0		0	
3182	76368	0	0	0		0	
3183	76392	0	0	0		0	
3184	76416	0	0	0		0	
3185	76440	0	0	0		0	
3186	76464	0	0	0		0	
3187	76488	0	0	0		0	
3188	76512	0	0	0		0	
3189	76536	0	0	0		0	
3190	76560	0	0	0		0	
3191	76584	0	0	0		0	
3192	76608	0	0	0		0	
3193	76632	0	0	0		0	
3194	76656	0	0	0		0	
3195	76680	0	0	0		0	
3196	76704	0	0	0		0	
3197	76728	0	0	0		0	
3198	76752	0	0	0		0	
3199	76776	0	0	0		0	
3200	76800	0	0	0		0	
3201	76824	0	0	0		0	
3202	76848	0	0	0		0	
3203	76872	0	0	0		0	
3204	76896	0	0	0		0	
3205	76920	0	0	0		0	
3206	76944	0	0	0		0	
3207	76968	0	0	0		0	
3208	76992	0	0	0		0	
3209	77016	0	0	0		0	
3210	77040	0	0	0		0	
3211	77064	0	0	0		0	
3212	77088	0	0	0		0	
3213	77112	0	0	0		0	
3214	77136	0	0	0		0	
3215	77160	0	0	0		0	
3216	77184	0	0	0		0	
3217	77208	0	0	0		0	
3218	77232	0	0	0		0	
3219	77256	0	0	0		0	
3220	77280	0	0	0		0	
3221	77304	0	0	0		0	
3222	77328	0	0	0		0	
3223	77352	0	0	0		0	
3224	77376	0	0	0		0	
3225	77400	0	0	0		0	
3226	77424	0	0	0		0	
3227	77448	0	0	0		0	
3228	77472	0	0	0		0	
3229	77496	0	0	0		0	
3230	77520	0	0	0		0	
3231	77544	0	0	0		0	
3232	77568	0	0	0		0	
3233	77592	0	0	0		0	
3234	77616	0	0	0		0	
3235	77640	0	0	0		0	
3236	77664	0	0	0		0	
3237	77688	0	0	0		0	
3238	77712	0	0	0		0	
3239	77736	0	0	0		0	
3240	77760	0	0	0		0	
3241	77784	0	0	0		0	
3242	77808	0	0	0		0	
3243	77832	0	0	0		0	
3244	77856	0	0	0		0	
3245	77880	0	0	0		0	
3246	77904	0	0	0		0	
3247	77928	0	0	0		0	
3248	77952	0	0	0		0	
3249	77976	0	0	0		0	
3250	78000	0	0	0		0	
3251	78024	0	0	0		0	
3252	78048	0	0	0		0	
3253	78072	0	0	0		0	
3254	78096	0	0	0		0	
3255	78120	0	0.0333333333333333	0		30185.5338411448	
3256	78144	0	0.00833333333333333	0		-15860.2751957274	
3257	78168	0	0	0		11669.1325041302	
3258	78192	0	0	0		62151.6596601885	
3259	78216	0	0	0		-27575.1408852773	
3260	78240	0	0	0.0848376247273168		154853.191706871	
3261	78264	0	0	0.139068094271686		409741.215295354	
3262	78288	0	0	0		17341.381910864	
3263	78312	0	0	0		-109990.183295791	
3264	78336	0	0	0		-75147.9099663398	
3265	78360	0	0	0		-127512.791169179	
3266	78384	0	0	0		-243879.362197608	
3267	78408	0	0	0		0	
3268	78432	0	0	0		0	
3269	78456	0	0	0		0	
3270	78480	0	0	0		0	
3271	78504	0	0	0		0	
3272	78528	0	0	0		0	
3273	78552	0	0	0		0	
3274	78576	0	0	0		0	
3275	78600	0	0	0.0155336127112103		44402.3567403987	
3276	78624	0	0	0.0592632313214933		175170.886120177	
3277	78648	0	0.258333333333333	0.11150564743249		568400.970063023	
3278	78672	0	0.025	0.109791520614379		162677.05109213	
3279	78696	0	0.025	0.210565879641491		703275.163621605	
3280	78720	0	0.0416666666666667	0.203312896271015		1007179.10560081	
3281	78744	0	0	0.250919192201862		252729.953829261	
3282	78768	0	0	0.0543184308107741		-710120.920761718	
3283	78792	0	0.15	0.0960719145571059		22835.0332482319	
3284	78816	0	0	0.0478886662725802		-562280.060259631	
3285	78840	0	0	0.271013167106231		383433.368986357	
3286	78864	0	0	0.390102938059856	1027075	963752.352815484	63322.6471845158
3287	78888	0	0	0.451578179068379	1335950	1026117.74448867	309832.25551133
3288	78912	0	0.025	0.130063487142843	858462.5	-275664.199732788	1134126.69973279
3289	78936	0	0.0166666666666667	0.108236439648628	964075	-117097.199881455	1081172.19988146
3290	78960	0	0.00833333333333333	0.053154385807336	1476825	-553231.633991272	2030056.63399127
3291	78984	0	0	0.0698049257443185	979475	-475730.252331088	1455205.25233109
3292	79008	0	0	0.0906431140181554	632450	-575331.469772389	1207781.46977239
3293	79032	0	0.00833333333333333	0.160669496986159	807625	162604.887255053	645020.112744947
3294	79056	0	0	0.142358197939306	705337.5	149097.490699433	556240.009300567
3295	79080	0	0	0.172096430554157	588350	324948.349955352	263401.650044648
3296	79104	0	0	0.200628476102688	736225	383919.005702392	352305.994297608
3297	79128	0	0	0.335645791586129	543725	729252.713464288	-185527.713464288
3298	79152	0	0	0.382378282931341	201250	748211.645733804	-546961.645733803
3299	79176	0	0	0.181059174502288	0	173374.021307349	-173374.021307349
3300	79200	0	0.025	0.088193601606152	0	-296442.734272432	296442.734272432
3301	79224	0	0	0.127820244527864	0	-235451.077716301	235451.077716301
3302	79248	0	0	0.0927029926194728	0	-354934.799951255	354934.799951255
3303	79272	0	0	0.109113658693153	0	-360794.432532704	360794.432532704
3304	79296	0	0	0.108193411628936	0	-104234.625642395	104234.625642395
3305	79320	0	0	0.1496024670522	0	171973.357112322	-171973.357112322
3306	79344	0	0.133333333333333	0.136583659949193	0	243852.762605632	-243852.762605632
3307	79368	0	0.00833333333333333	0.216632136474176	0	308944.072867317	-308944.072867317
3308	79392	0	0	0.27818543054882	0	615037.776574157	-615037.776574157
3309	79416	0	0	0.26208048644636	0	746922.676938293	-746922.676938293
3310	79440	0	0	0.220617726788306	0	83106.1650534861	-83106.1650534861
3311	79464	0	0	0.167782880992951	0	-246206.707537742	246206.707537742
3312	79488	0	0	0.182022496333992	0	-29310.941244246	29310.941244246
3313	79512	0	0	0.226229618087335	0	58859.2171057242	-58859.2171057242
3314	79536	0	0.0833333333333333	0.140420341111258	0	-44919.2448621001	44919.2448621001
3315	79560	0	0.05	0.129231505906338	0	-159736.677822361	159736.677822361
3316	79584	0	0.216666666666667	0.124025862931572	0	140882.217210712	-140882.217210712
3317	79608	0	0.00833333333333333	0.105168963562505	0	-53052.9028890549	53052.9028890549
3318	79632	0	0.00833333333333333	0.169494009970388	0	113443.811973696	-113443.811973696
3319	79656	0	0.0583333333333333	0.0639959056846511	0	69241.3711411046	-69241.3711411046
3320	79680	0	0.0333333333333333	0.0460421621351346	0	-568256.753643126	568256.753643126
3321	79704	0	0.0416666666666667	0.0523131910618391	0	-620598.800473207	620598.800473207
3322	79728	0	0.0666666666666667	0.0431331710939871	0	44981.4145937982	-44981.4145937982
3323	79752	0	0.0583333333333333	0.0359516941852611	0	-226128.076416873	226128.076416873
3324	79776	0	0.00833333333333333	0.111778275028176	38587.5	73902.9994427475	-35315.4994427474
3325	79800	0	0.341666666666667	0.0613084866526634	47162.5	422231.367876161	-375068.867876161
3326	79824	0	0	0.0904421351508038	0	-186738.391125729	186738.391125729
3327	79848	0	0.0166666666666667	0.126334986549015	0	210246.047231745	-210246.047231745
3328	79872	0	0.00833333333333333	0.0985704032704166	0	649790.072366646	-649790.072366646
3329	79896	0	0.00833333333333333	0.0929403593983764	0	-432283.371659779	432283.371659779
3330	79920	0	0	0.0375168645539965	0	-835192.103248078	835192.103248078
3331	79944	0	0	0.078641985949977	240012.5	-2785.58085188121	242798.080851881
3332	79968	0	0	0.0595623507873135	203087.5	-115712.355266938	318799.855266938
3333	79992	0	0.333333333333333	0.0572703975629683	0	243668.736244459	-243668.736244459
3334	80016	0	0.0666666666666667	0.0603339343139382	31850	-230416.923201004	262266.923201004
3335	80040	0	0.00833333333333333	0.0377921036351516	59937.5	151708.455066959	-91770.9550669594
3336	80064	0	0.00833333333333333	0.0351319121589295	30187.5	539419.154906293	-509231.654906293
3337	80088	0	0.00833333333333333	0.0200829434837129	1925	-377316.278947316	379241.278947316
3338	80112	0	0	0.0197474834111819	0	-907999.974935416	907999.974935416
3339	80136	0	0.00833333333333333	0.0403255813224277	0	-146237.070188559	146237.070188559
3340	80160	0	0.0166666666666667	0.0503188596373256	0	71089.6932891122	-71089.6932891122
3341	80184	0	0.00833333333333333	0.0472891000484648		36935.4280849337	
3342	80208	0	0	0.0558474585877189		97166.4299115982	
3343	80232	0	0	0.0923880557913694		228119.476784458	
3344	80256	0	0	0.0939819580094508		161531.211359275	
3345	80280	0	0	0.0284216181329935		-86691.0345037702	
3346	80304	0	0	0.0759383559423306		37401.8110067486	
3347	80328	0	0	0.0301843828911501		-40372.5923503726	
3348	80352	0	0.175	0.0519265004743126		121750.899909813	
3349	80376	0	0.133333333333333	0.0860846280111609		42420.7697203553	
3350	80400	0	0.00833333333333333	0.044800642017881		87580.8813354606	
3351	80424	0	0	0.0132010054008056		225636.776974628	
3352	80448	0	0.166666666666667	0.0349700791021004		153006.328898692	
3353	80472	0	0.00833333333333333	0.0228677820200822		-701414.373385646	
3354	80496	0	0	0		-395470.769089657	
3355	80520	0	0	0		165998.093557793	
3356	80544	0	0.075	0.0024804964370091		-152932.456400389	
3357	80568	0	0.0166666666666667	0.00304454604765425		-482022.416272628	
3358	80592	0	0.0833333333333333	0.00564509927178669		60056.7687405435	
3359	80616	0	0.0583333333333333	0.00989359545082991		160628.3542356	
3360	80640	0	0	0.0233255185681322		3702.527048458	
3361	80664	0	0.00833333333333333	0.0372394424856068		91692.5645036959	
3362	80688	0	0	0.063104293298716		125663.903229405	
3363	80712	0	0	0.00869014093747112		-251970.781552832	
3364	80736	0	0	0.032351752515801		-87759.2439516281	
3365	80760	0	0	0.0272908618812391		809.271603603673	
3366	80784	0	0	0.000241396528949167		-82706.6873128924	
3367	80808	0	0	0.000724153793349558		-138710.456102601	
3368	80832	0	0	8.25755313336172e-05		-27178.2717171977	
3369	80856	0	0.0166666666666667	0		-37883.6721451977	
3370	80880	0	0	0		-60017.7960717274	
3371	80904	0	0	0		8395.47251743614	
3372	80928	0	0.00833333333333333	0		35174.8140765938	
3373	80952	0	0.00833333333333333	0		-19459.0943159355	
3374	80976	0	0	6.35193503484287e-06		-40027.3394510423	
3375	81000	0	0	0		18825.4233163259	
3376	81024	0	0	0		3935.7951514286	
3377	81048	0	0	0		-29795.5418235128	
3378	81072	0	0	0		-19286.0441988913	
3379	81096	0	0	0		-11.1391895684697	
3380	81120	0	0	0		0	
3381	81144	0	0	0		0	
3382	81168	0	0.00833333333333333	0		7546.38346028619	
3383	81192	0	0	0		-5851.6646640034	
3384	81216	0	0.00833333333333333	0		11926.5827523196	
3385	81240	0	0	0		8591.20042803537	
3386	81264	0	0	0.000806662179812179		-3818.48303820899	
3387	81288	0	0	0.00130830253730707		-804.835643966489	
3388	81312	0	0	6.35055590869625e-06		-10326.6605024969	
3389	81336	0	0.00833333333333333	6.35055178044296e-06		-12760.2803079831	
3390	81360	0	0	0		-6557.53273206911	
3391	81384	0	0	0		3159.03601541805	
3392	81408	0	0	0		12145.4829286616	
3393	81432	0	0	0		-10514.6672302384	
3394	81456	0	0	0		-19298.152209326	
3395	81480	0	0				
3396	81504	0	0	0			
3397	81528	0	0	0			
3398	81552	0	0	0			
3399	81576	0	0	0			
3400	81600	0	0	0			
3401	81624	0	0	0		0	
3402	81648	0	0	0		0	
3403	81672	0	0	0		0	
3404	81696	0	0	0		0	
3405	81720	0	0	0		0	
3406	81744	0	0	0		0	
3407	81768	0	0	0		0	
3408	81792	0	0	0		0	
3409	81816	0	0	0		0	
3410	81840	0	0	0		0	
3411	81864	0	0	0		0	
3412	81888	0	0	0		0	
3413	81912	0	0	0		0	
3414	81936	0	0	0		0	
3415	81960	0	0	0		0	
3416	81984	0	0	0		0	
3417	82008	0	0	0		0	
3418	82032	0	0	0		0	
3419	82056	0	0	0		0	
3420	82080	0	0	0		0	
3421	82104	0	0	0		0	
3422	82128	0	0	0		0	
3423	82152	0	0	0		0	
3424	82176	0	0	0		0	
3425	82200	0	0	0		0	
3426	82224	0	0	0		0	
3427	82248	0	0	0		0	
3428	82272	0	0	0		0	
3429	82296	0	0	0		0	
3430	82320	0	0	0		0	
3431	82344	0	0	0		0	
3432	82368	0	0	0		0	
3433	82392	0	0	0		0	
3434	82416	0	0	0		0	
3435	82440	0	0	0		0	
3436	82464	0	0	0		0	
3437	82488	0	0	0		0	
3438	82512	0	0	0		0	
3439	82536	0	0	0		0	
3440	82560	0	0	0		0	
3441	82584	0	0	0		0	
3442	82608	0	0	0		0	
3443	82632	0	0	0		0	
3444	82656	0	0	0		0	
3445	82680	0	0	0		0	
3446	82704	0	0	0		0	
3447	82728	0	0	0		0	
3448	82752	0	0	0		0	
3449	82776	0	0	0		0	
3450	82800	0	0	0		0	
3451	82824	0	0	0		0	
3452	82848	0	0	0		0	
3453	82872	0	0	0		0	
3454	82896	0	0	0		0	
3455	82920	0	0	0		0	
3456	82944	0	0	0		0	
3457	82968	0	0	0		0	
3458	82992	0	0	0		0	
3459	83016	0	0	0		0	
3460	83040	0	0	0		0	
3461	83064	0	0	0		0	
3462	83088	0	0	0		0	
3463	83112	0	0	0		0	
3464	83136	0	0	0		0	
3465	83160	0	0	0		0	
3466	83184	0	0	0		0	
3467	83208	0	0	0		0	
3468	83232	0	0	0		0	
3469	83256	0	0	0		0	
3470	83280	0	0	0		0	
3471	83304	0	0	0		0	
3472	83328	0	0	0		0	
3473	83352	0	0	0		0	
3474	83376	0	0	0		0	
3475	83400	0	0	0		0	
3476	83424	0	0	0		0	
3477	83448	0	0	0		0	
3478	83472	0	0	0		0	
3479	83496	0	0	0		0	
3480	83520	0	0	0		0	
3481	83544	0	0	0		0	
3482	83568	0	0	0		0	
3483	83592	0	0	0		0	
3484	83616	0	0	0		0	
3485	83640	0	0	0		0	
3486	83664	0	0	0		0	
3487	83688	0	0	0		0	
3488	83712	0	0	0		0	
3489	83736	0	0	0		0	
3490	83760	0	0	0		0	
3491	83784	0	0	0		0	
3492	83808	0	0	0		0	
3493	83832	0	0	0		0	
3494	83856	0	0	0		0	
3495	83880	0	0	0		0	
3496	83904	0	0	0		0	
3497	83928	0	0	0		0	
3498	83952	0	0	0		0	
3499	83976	0	0	0		0	
3500	84000	0	0	0		0	
3501	84024	0	0	0		0	
3502	84048	0	0	0		0	
3503	84072	0	0	0		0	
3504	84096	0	0	0		0	
3505	84120	0	0	0		0	
3506	84144	0	0	0		0	
3507	84168	0	0	0		0	
3508	84192	0	0	0		0	
3509	84216	0	0	0		0	
3510	84240	0	0	0		0	
3511	84264	0	0	0		0	
3512	84288	0	0	0		0	
3513	84312	0	0	0		0	
3514	84336	0	0	0		0	
3515	84360	0	0	0		0	
3516	84384	0	0	0		0	
3517	84408	0	0	0		0	
3518	84432	0	0	0		0	
3519	84456	0	0	0		0	
3520	84480	0	0	0		0	
3521	84504	0	0	0		0	
3522	84528	0	0	0		0	
3523	84552	0	0	0		0	
3524	84576	0	0	0		0	
3525	84600	0	0	0		0	
3526	84624	0	0	0		0	
3527	84648	0	0	0		0	
3528	84672	0	0	0		0	
3529	84696	0	0	0		0	
3530	84720	0	0	0		0	
3531	84744	0	0	0		0	
3532	84768	0	0	0		0	
3533	84792	0	0	0		0	
3534	84816	0	0	0		0	
3535	84840	0	0	0		0	
3536	84864	0	0	0		0	
3537	84888	0	0	0		0	
3538	84912	0	0	0		0	
3539	84936	0	0	0		0	
3540	84960	0	0	0		0	
3541	84984	0	0	0		0	
3542	85008	0	0	0		0	
3543	85032	0	0	0		0	
3544	85056	0	0	0		0	
3545	85080	0	0	0		0	
3546	85104	0	0	0		0	
3547	85128	0	0	0		0	
3548	85152	0	0	0		0	
3549	85176	0	0	0		0	
3550	85200	0	0	0		0	
3551	85224	0	0	0		0	
3552	85248	0	0	0		0	
3553	85272	0	0	0		0	
3554	85296	0	0	0		0	
3555	85320	0	0	0		0	
3556	85344	0	0	0		0	
3557	85368	0	0	0		0	
3558	85392	0	0	0		0	
3559	85416	0	0	0		0	
3560	85440	0	0	0		0	
3561	85464	0	0	0		0	
3562	85488	0	0	0		0	
3563	85512	0	0	0		0	
3564	85536	0	0	0		0	
3565	85560	0	0	0		0	
3566	85584	0	0	0		0	
3567	85608	0	0	0		0	
3568	85632	0	0	0		0	
3569	85656	0	0	0		0	
3570	85680	0	0	0		0	
3571	85704	0	0	0		0	
3572	85728	0	0	0		0	
3573	85752	0	0	0		0	
3574	85776	0	0	0		0	
3575	85800	0	0	0		0	
3576	85824	0	0	0		0	
3577	85848	0	0	0		0	
3578	85872	0	0	0		0	
3579	85896	0	0	0		0	
3580	85920	0	0	0		0	
3581	85944	0	0	0		0	
3582	85968	0	0	0		0	
3583	85992	0	0	0		0	
3584	86016	0	0	0		0	
3585	86040	0	0	0		0	
3586	86064	0	0	0		0	
3587	86088	0	0	0		0	
3588	86112	0	0	0		0	
3589	86136	0	0	0		0	
3590	86160	0	0	0		0	
3591	86184	0	0	0		0	
3592	86208	0	0	0		0	
3593	86232	0	0	0		0	
3594	86256	0	0	0		0	
3595	86280	0	0	0		0	
3596	86304	0	0	0		0	
3597	86328	0	0	0		0	
3598	86352	0	0	0		0	
3599	86376	0	0	0		0	
3600	86400	0	0	0		0	
3601	86424	0	0	0		0	
3602	86448	0	0	0		0	
3603	86472	0	0	0		0	
3604	86496	0	0	0		0	
3605	86520	0	0	0		0	
3606	86544	0	0	0		0	
3607	86568	0	0	0		0	
3608	86592	0	0	0		0	
3609	86616	0	0	0		0	
3610	86640	0	0	0		0	
3611	86664	0	0	0		0	
3612	86688	0	0	0		0	
3613	86712	0	0	0		0	
3614	86736	0	0	0		0	
3615	86760	0	0	0		0	
3616	86784	0	0	0		0	
3617	86808	0	0.00833333333333333	0		7546.38346028619	
3618	86832	0	0	0		-5851.6646640034	
3619	86856	0	0	0		4380.19929203341	
3620	86880	0	0	0		14442.8650920388	
3621	86904	0	0	0		-10504.501494329	
3622	86928	0	0	0		-19287.0154455275	
3623	86952	0	0.00833333333333333	0		7546.38346028619	
3624	86976	0	0.0166666666666667	0		9241.10225656898	
3625	87000	0	0.0166666666666667	0		7769.63688459899	
3626	87024	0	0	0		11499.9343480988	
3627	87048	0	0	0		27141.6272738154	
3628	87072	0	0.00833333333333333	0.334933601312498		953533.54848203	
3629	87096	0	0.00833333333333333	0.180872998181588		583516.654170623	
3630	87120	0	0	0.0766969789725759		110929.097793417	
3631	87144	0	0	0		-238060.605079742	
3632	87168	0	0	0		-90470.9318004847	
3633	87192	0	0	0		-638096.385105787	
3634	87216	0	0	0.0239169551513118		-256385.043934539	
3635	87240	0	0	0.104398065901482		172799.680210768	
3636	87264	0	0	0		29099.5656214817	
3637	87288	0	0	0		-57368.9409642684	
3638	87312	0	0	0		-62494.468973706	
3639	87336	0	0	0		-25979.3631543346	
3640	87360	0	0	0.00813156009905491		-159835.80330164	
3641	87384	0	0	0		3019.83557543032	
3642	87408	0	0	0		-3288.04926088722	
3643	87432	0	0	0		-5152.53748083818	
3644	87456	0	0	0		1243.36132998753	
3645	87480	0	0	0		-14260.0623170601	
3646	87504	0	0	0		0	
3647	87528	0	0	0		0	
3648	87552	0	0	0		0	
3649	87576	0	0	0		0	
3650	87600	0	0	0		0	
3651	87624	0	0	0.0257611301612796		73637.4024975841	
3652	87648	0	0	0.0660075888255808		198247.641649061	
3653	87672	0	0.0166666666666667	0.061291384914939		204389.020231407	
3654	87696	0	0.00833333333333333	0.0451335349650046		104603.743848801	
3655	87720	0	0	0.0713386096475191		160919.258937835	
3656	87744	0	0	0.0330706437428482		62119.8440085159	
3657	87768	0	0	0.0558120189530564		1423.73212825382	
3658	87792	0	0	0.187148098115369		347446.188159447	
3659	87816	0	0	0.248006598188136		647369.610001201	
3660	87840	0	0	0.352630656733501		868999.447018909	
3661	87864	0	0	0.131052043032957	110775	237235.621348339	-126460.621348339
3662	87888	0	0.0416666666666667	0.171749266656145	164500	208344.136561985	-43844.1365619854
3663	87912	0	0.00833333333333333	0.241780330163154	226012.5	166483.437829385	59529.062170615
3664	87936	0	0.00833333333333333	0.254637495276342	273612.5	307768.864235266	-34156.3642352661
3665	87960	0	0.025	0.12910352849246	273700	-247966.787591743	521666.787591743
3666	87984	0	0	0.095853245828819	289012.5	-189043.510106264	478056.010106264
3667	88008	0	0	0.242570106874645	638050	171844.510475647	466205.489524353
3668	88032	0	0	0.248846545295064	831775	309309.100339293	522465.899660707
3669	88056	0	0	0.279927693947989	787150	256147.870470374	531002.129529626
3670	88080	0	0	0.248407741515854	970200	290087.434531264	680112.565468736
3671	88104	0	0	0.313944123335756	1032587.5	587775.492070912	444812.007929088
3672	88128	0	0	0.371701420936045	1540262.5	513929.116060328	1026333.38393967
3673	88152	0	0	0.33574132072528	1736612.5	419805.871095793	1316806.62890421
3674	88176	0	0.0166666666666667	0.200273801562634	1039237.5	-89892.7806738338	1129130.28067383
3675	88200	0	0.0333333333333333	0.195991885753619	808762.5	-105812.536524499	914575.0365245
3676	88224	0	0.00833333333333333	0.17165790703593	632712.5	-231077.242942194	863789.742942194
3677	88248	0	0	0.114502930757274	242987.5	-375050.896796957	618038.396796957
3678	88272	0	0	0.127041480113216	241500	-304946.63346738	546446.63346738
3679	88296	0	0	0.0564825244473912	153037.5	-333832.056064787	486869.556064787
3680	88320	0	0.00833333333333333	0.0766884681954174	86450	-281300.342272403	367750.342272403
3681	88344	0	0.00833333333333333	0.0789806581133536	73150	-150209.998585704	223359.998585704
3682	88368	0	0.0583333333333333	0.0680576563389259	0	27050.8685775567	-27050.8685775567
3683	88392	0	0	0.0629616047042517	0	-111571.963375553	111571.963375553
3684	88416	0	0	0.0435199355858806	0	17491.4166832589	-17491.4166832589
3685	88440	0	0	0.061229426487488	0	71500.0440794285	-71500.0440794285
3686	88464	0	0	0.0733471058012274	0	-46011.6594547262	46011.6594547262
3687	88488	0	0	0.163232668262655	0	196767.374184103	-196767.374184103
3688	88512	0	0.00833333333333333	0.115763365647583	0	226856.937576175	-226856.937576175
3689	88536	0	0.0833333333333333	0.104612505908593	0	232197.537555634	-232197.537555634
3690	88560	0	0	0.0638308872847544	0	-79230.1092579831	79230.1092579831
3691	88584	0	0.025	0.0330079786072686	0	-20379.8446192154	20379.8446192154
3692	88608	0	0.141666666666667	0.0533568990398718	0	48782.0158371013	-48782.0158371013
3693	88632	0	0	0.0560805163675155	0	-271358.001072265	271358.001072265
3694	88656	0	0.00833333333333333	0.0617948234160632	0	-86252.6142018877	86252.6142018877
3695	88680	0	0	0.0465029129568997	0	200662.497078169	-200662.497078169
3696	88704	0	0.0583333333333333	0.0423110221656717	0	-151266.905497433	151266.905497433
3697	88728	0	0.00833333333333333	0.0715685756021199	0	-269517.091570497	269517.091570497
3698	88752	0	0.00833333333333333	0.0970315262440043	0	190318.812257984	-190318.812257984
3699	88776	0	0.00833333333333333	0.0558558436942693	0	126578.437578771	-126578.437578771
3700	88800	0	0	0.0990272926998878	0	83584.0442279319	-83584.0442279319
3701	88824	0	0	0.12126940146819	0	109404.643348977	-109404.643348977
3702	88848	0	0.00833333333333333	0.0904358089143278	0	109635.699099263	-109635.699099263
3703	88872	0	0	0.0427377031841951	0	-153298.297384995	153298.297384995
3704	88896	0	0	0.0622199202151519	0	-17402.5778483081	17402.5778483081
3705	88920	0	0	0.0522365629575958	0	-42837.6896971353	42837.6896971353
3706	88944	0	0.00833333333333333	0.0137596332402028	0	-195305.267174724	195305.267174724
3707	88968	0	0.0416666666666667	0.0349725307353497	0	-94936.1696963822	94936.1696963822
