shortt,years,months,airtemp,P,Q,ThawDepth,dZ
2003.40793378995,2003,5,-0.9625,0,4.47515492957746,0,7.01560760020114
2003.41067351598,2003,5,0.875,0,5.45780281690141,2.33853586673371,8.82046672394877
2003.41341324201,2003,5,3.58333333333333,0,11.1361690140845,5.2786914413833,4.60056556600816
2003.41615296804,2003,6,2.96666666666667,60,20.7633802816901,6.81221329671936,4.61642878415805
2003.41889269406,2003,6,3.73333333333333,48,91.5931267605634,8.35102289143871,4.31129110075815
2003.42163242009,2003,6,4.17083333333333,0,136.387267605634,9.78811992502476,3.37752853332969
2003.42437214612,2003,6,3.72916666666667,54,221.720957746479,10.913962769468,6.29235146900173
2003.42711187215,2003,6,8.02916666666667,0,317.199042253521,13.0114132591352,7.33048280345314
2003.42985159817,2003,6,11.1291666666667,0,390.569070422535,15.4549075269529,7.59943850609019
2003.4325913242,2003,6,13.5545454545455,30,483.491661971831,17.9880536956497,5.91382208982625
2003.43533105023,2003,6,11.96875,36,372.747549295775,19.9593277255918,4.67648312353722
2003.43807077626,2003,6,10.345,0,243.991774647887,21.5181554334375,4.41120265401712
2003.44081050228,2003,6,10.4708333333333,0,196.001746478873,22.9885563181099,2.81425333817627
2003.44355022831,2003,6,7.04166666666667,0,124.085915492958,23.9266407641686,1.8615087726098
2003.44628995434,2003,6,4.8125,0,79.6385915492958,24.5471436883719,2.96693413946353
2003.44902968037,2003,6,7.925,0,49.7530140845071,25.5361217348597,3.95467917259277
2003.45176940639,2003,6,11.05,0,34.9250704225352,26.854348125724,3.6442763812881
2003.45450913242,2003,6,10.675,120,46.081014084507,28.0691069194867,3.2641802822685
2003.45724885845,2003,6,9.9625,72,56.0474366197183,29.1571670135762,1.69441379963057
2003.45998858447,2003,6,5.32083333333333,0,60.0632112676056,29.7219716134531,1.19454938110321
2003.4627283105,2003,6,3.8125,0,45.0755492957746,30.1201547404875,1.98322665299955
2003.46546803653,2003,6,6.44166666666667,0,30.9823098591549,30.7812302914873,3.36753362046438
2003.46820776256,2003,6,11.2583333333333,0,22.8077746478873,31.9037414983088,2.92208184384641
2003.47094748858,2003,6,10.0958333333333,0,17.7941408450704,32.8777687795909,3.24712784423507
2003.47368721461,2003,6,11.575,0,12.8565633802817,33.9601447276693,3.43760080776756
2003.47642694064,2003,6,12.6625,0,10.667661971831,35.1060116635918,4.17446358478087
2003.47916666667,2003,6,15.9416666666667,0,11.0053521126761,36.4974995251854,3.28153320622491
2003.48190639269,2003,6,12.9666666666667,48,12.5158309859155,37.5913439272604,2.89223542399577
2003.48464611872,2003,6,11.7458333333333,60,24.5144788732394,38.5554224019256,3.23336639045493
2003.48738584475,2003,6,13.4833333333333,12,41.8294647887324,39.6332111987439,3.24851311225564
2003.49012557078,2003,6,13.9208333333333,18,31.1176901408451,40.7160489028292,3.53504029088082
2003.4928652968,2003,6,15.575,18,21.924,41.8943956664561,3.10478456365532
2003.49560502283,2003,6,14.0458333333333,6,15.5732957746479,42.9293238543412,3.17650422238683
2003.49834474886,2003,7,14.725,0,12.3409014084507,43.9881585951368,2.01114371051941
2003.50108447489,2003,7,9.50833333333333,516,15.4744225352113,44.6585398319766,1.13751964796753
2003.50382420091,2003,7,5.44166666666667,132,77.8178028169014,45.0377130479658,2.79765990504649
2003.50656392694,2003,7,13.5791666666667,0,54.6875492957746,45.970266349648,2.60865376566888
2003.50930365297,2003,7,12.9125,0,34.4945915492958,46.8398176048709,2.23311194104471
2003.512043379,2003,7,11.2458333333333,456,31.476676056338,47.5841882518858,1.95516134878446
2003.51478310502,2003,7,9.99166666666667,54,171.809746478873,48.2359087014806,2.28110550979391
2003.51752283105,2003,7,11.8291666666667,0,84.0711549295775,48.9962772047453,2.84966809234219
2003.52026255708,2003,7,15.0375,0,43.8875492957746,49.9461665688593,2.23343350043486
2003.52300228311,2003,7,11.9875,72,42.0180845070423,50.6906444023376,1.88325830765538
2003.52574200913,2003,7,10.2458333333333,24,54.7134084507042,51.3183971715561,1.36332515130491
2003.52848173516,2003,7,7.49583333333333,210,56.9312112676056,51.7728388886577,1.20254140391781
2003.53122146119,2003,7,6.66666666666667,168,85.894985915493,52.173686023297,0.337300790318238
2003.53396118721,2003,7,1.87916666666667,84,126.102929577465,52.2861196200697,0.0963451767140597
2003.53670091324,2003,7,0.5375,108,108.317915492958,52.3182346789744,0.172377474565927
2003.53944063927,2003,7,0.962500000000001,36,78.9267042253521,52.3756938371631,0.312185729304893
2003.5421803653,2003,7,1.74583333333333,84,61.1416901408451,52.4797557469314,1.99556778379576
2003.54492009132,2003,7,11.2416666666667,0,66.3409014084507,53.1449450081966,2.3306136018649
2003.54765981735,2003,7,13.3083333333333,0,65.9438873239437,53.9218162088183,2.91847513150705
2003.55039954338,2003,7,16.9375,0,45.8254647887324,54.8946412526539,2.69410383024398
2003.55313926941,2003,7,15.9041666666667,0,31.3960563380282,55.7926758627353,1.95941583266961
2003.55587899543,2003,7,11.7291666666667,60,24.8673802816901,56.4458144736251,1.98557311315071
2003.55861872146,2003,7,12.025,90,24.1448450704225,57.1076721780087,1.69534424953703
2003.56135844749,2003,7,10.3782608695652,438,31.9877746478873,57.6727869278544,0.68746106254315
2003.56409817352,2003,7,4.2375,402,164.593521126761,57.9019406153688,0
2003.56683789954,2003,7,NaN,0,198.964901408451,57.9019406153688,0
2003.56957762557,2003,7,NaN,0,143.411830985916,57.9019406153688,0
2003.5723173516,2003,7,NaN,0,107.714028169014,57.9019406153688,0
2003.57505707763,2003,7,NaN,0,86.3589295774648,57.9019406153688,0
2003.57779680365,2003,7,NaN,0,71.0183661971831,57.9019406153688,0
2003.58053652968,2003,7,NaN,0,69.3238309859155,57.9019406153688,0
2003.58327625571,2003,8,NaN,0,75.0752112676056,57.9019406153688,0
2003.58601598173,2003,8,NaN,0,62.7008450704225,57.9019406153688,0
2003.58875570776,2003,8,NaN,0,92.7765633802817,57.9019406153688,0
2003.59149543379,2003,8,NaN,0,70.4494647887324,57.9019406153688,0
2003.59423515982,2003,8,NaN,0,73.5510422535211,57.9019406153688,0
2003.59697488584,2003,8,NaN,0,68.977014084507,57.9019406153688,0.189039407767297
2003.59971461187,2003,8,1.16818181818182,96,53.6988169014084,57.9649537512912,1.82854711497412
2003.6024543379,2003,8,11.3652173913043,0,52.8180845070422,58.5744694562826,0
2003.60519406393,2003,8,NaN,0,218.99661971831,58.5744694562826,0
2003.60793378995,2003,8,NaN,0,265.62523943662,58.5744694562826,0
2003.61067351598,2003,8,NaN,0,195.85876056338,58.5744694562826,0
2003.61341324201,2003,8,NaN,0,107.925464788732,58.5744694562826,0
2003.61615296804,2003,8,NaN,0,61.9402816901408,58.5744694562826,0
2003.61889269406,2003,8,NaN,0,60.6701408450704,58.5744694562826,0
2003.62163242009,2003,8,NaN,0,144.228676056338,58.5744694562826,0
2003.62437214612,2003,8,NaN,0,106.357183098592,58.5744694562826,0
2003.62711187215,2003,8,NaN,0,65.2380845070423,58.5744694562826,0
2003.62985159817,2003,8,NaN,0,48.0052394366197,58.5744694562826,0
2003.6325913242,2003,8,NaN,0,38.4160563380282,58.5744694562826,0
2003.63533105023,2003,8,NaN,0,35.7677746478873,58.5744694562826,0
2003.63807077626,2003,8,NaN,0,34.8231549295775,58.5744694562826,0
2003.64081050228,2003,8,NaN,0,36.1997746478873,58.5744694562826,0
2003.64355022831,2003,8,NaN,0,36.4644507042253,58.5744694562826,0
2003.64628995434,2003,8,NaN,0,35.7084507042253,58.5744694562826,0
2003.64902968037,2003,8,NaN,0,42.517014084507,58.5744694562826,0
2003.65176940639,2003,8,NaN,0,39.4899718309859,58.5744694562826,0
2003.65450913242,2003,8,NaN,0,32.9962816901408,58.5744694562826,0
2003.65724885845,2003,8,NaN,0,28.4465915492958,58.5744694562826,0
2003.65998858448,2003,8,NaN,0,26.3352676056338,58.5744694562826,0
2003.6627283105,2003,8,NaN,0,32.4532394366197,58.5744694562826,0
2003.66546803653,2003,8,NaN,0,36.4614084507042,58.5744694562826,0
2003.66820776256,2003,9,NaN,0,31.6227042253521,58.5744694562826,0
2003.67094748858,2003,9,NaN,0,26.4797746478873,58.5744694562826,0
2003.67368721461,2003,9,NaN,0,24.4734084507042,58.5744694562826,0
2003.67642694064,2003,9,NaN,0,21.8494647887324,58.5744694562826,0
2003.67916666667,2003,9,NaN,0,19.2818028169014,58.5744694562826,0
2003.68190639269,2003,9,NaN,0,17.579661971831,58.5744694562826,0
2003.68464611872,2003,9,NaN,0,16.6821971830986,58.5744694562826,0
2003.68738584475,2003,9,NaN,0,15.2827605633803,58.5744694562826,0
2003.69012557078,2003,9,NaN,0,13.4817464788732,58.5744694562826,0
2003.6928652968,2003,9,NaN,0,18.0238309859155,58.5744694562826,0
2003.69560502283,2003,9,NaN,0,17.3012957746479,58.5744694562826,0
2003.69834474886,2003,9,NaN,0,13.2201126760563,58.5744694562826,0
2003.70108447489,2003,9,NaN,0,10.6889577464789,58.5744694562826,0
2003.70382420091,2003,9,NaN,0,0.956788732394366,58.5744694562826,0
2003.70656392694,2003,9,NaN,0,0,58.5744694562826,0
2003.70930365297,2003,9,NaN,0,0,58.5744694562826,0
2003.712043379,2003,9,NaN,0,0,58.5744694562826,0
2003.71478310502,2003,9,-5.6,0,0,58.5744694562826,0
2003.71752283105,2003,9,-8.12916666666667,0,0,58.5744694562826,0
2003.72026255708,2003,9,-7.5875,0,0,58.5744694562826,0
2003.7230022831,2003,9,-11.1,0,0,58.5744694562826,0
2003.72574200913,2003,9,-8.4375,0,0,58.5744694562826,0
2003.72848173516,2003,9,-12.6458333333333,0,0,58.5744694562826,0
2003.73122146119,2003,9,-9.73333333333334,0,0,58.5744694562826,0
2003.73396118721,2003,9,-12.4625,0,0,58.5744694562826,0
2003.73670091324,2003,9,-6.89583333333333,0,0,58.5744694562826,0
2003.73944063927,2003,9,-8.375,0,0,58.5744694562826,0.3837074691127
2003.7421803653,2003,9,2.4,0,0,58.7023719459868,0.634346116400508
2003.74492009132,2003,9,3.97916666666667,0,0,58.9138206514536,0.8149920926965
2003.74765981735,2003,9,5.13333333333333,0,0,59.1854846823525,1.8456710762666
2003.75039954338,2003,10,11.7125,0,0,59.8007083744413,1.55897393878051
2003.75313926941,2003,10,9.9875,0,0,60.3203663540348,0
2003.75587899543,2003,10,-0.825,0,0,60.3203663540348,0
2003.75861872146,2003,10,-7.5,0,0,60.3203663540348,0
2003.76135844749,2003,10,-8.73333333333333,0,0,60.3203663540348,0
2003.76409817352,2003,10,-0.383333333333334,0,0,60.3203663540348,0
2003.76683789954,2003,10,-2.43333333333333,0,0,60.3203663540348,0
2003.76957762557,2003,10,-2.04166666666667,0,0,60.3203663540348,0
2003.7723173516,2003,10,-4.4125,0,0,60.3203663540348,0.19417100687469
2003.77505707763,2003,10,1.25,0,0,60.3850900229931,0
2003.77779680365,2003,10,-4.71666666666667,0,0,60.3850900229931,0
2003.78053652968,2003,10,-8.22916666666667,0,0,60.3850900229931,0
2003.78327625571,2003,10,-9.16666666666666,0,0,60.3850900229931,0
2003.78601598174,2003,10,-10.5791666666667,0,0,60.3850900229931,0
2003.78875570776,2003,10,-8.9,0,0,60.3850900229931,0
2003.79149543379,2003,10,-9.85416666666667,0,0,60.3850900229931,0
2003.79423515982,2003,10,-11.2833333333333,0,0,60.3850900229931,0
2003.79697488584,2003,10,-13.1458333333333,0,0,60.3850900229931,0
2003.79971461187,2003,10,-11.1791666666667,0,0,60.3850900229931,0
2003.8024543379,2003,10,-10.9041666666667,0,0,60.3850900229931,0
2003.80519406393,2003,10,-11.5583333333333,0,0,60.3850900229931,0
2003.80793378995,2003,10,-12.7333333333333,0,0,60.3850900229931,0
2003.81067351598,2003,10,-10.9541666666667,0,0,60.3850900229931,0
2003.81341324201,2003,10,-17.3083333333333,0,0,60.3850900229931,0
2003.81615296804,2003,10,-16.55,0,0,60.3850900229931,0
2003.81889269406,2003,10,-12.4958333333333,0,0,60.3850900229931,0
2003.82163242009,2003,10,-9.925,0,0,60.3850900229931,0
2003.82437214612,2003,10,-15.125,0,0,60.3850900229931,0
2003.82711187215,2003,10,-2.19583333333333,0,0,60.3850900229931,0.265676899017834
2003.82985159817,2003,10,1.7125,0,0,60.4736489893324,0
2003.8325913242,2003,10,-3.60416666666667,0,0,60.4736489893324,0
2003.83533105023,2003,11,-7.2375,0,0,60.4736489893324,0
2003.83807077626,2003,11,-5.1,0,0,60.4736489893324,0
2003.84081050228,2003,11,-6.69583333333333,0,0,60.4736489893324,0
2003.84355022831,2003,11,-1.54166666666667,0,0,60.4736489893324,0
2003.84628995434,2003,11,-1.18333333333333,0,0,60.4736489893324,0
2003.84902968036,2003,11,-1.3,0,0,60.4736489893324,0
2003.85176940639,2003,11,-6.0125,0,0,60.4736489893324,0
2003.85450913242,2003,11,-8.92916666666667,0,0,60.4736489893324,0
2003.85724885845,2003,11,-20.3958333333333,0,0,60.4736489893324,0
2003.85998858447,2003,11,-28.95,0,0,60.4736489893324,0
2003.8627283105,2003,11,-32.1708333333333,0,0,60.4736489893324,0
2003.86546803653,2003,11,-24.6416666666667,0,0,60.4736489893324,0
2003.86820776256,2003,11,-28.95,0,0,60.4736489893324,0
2003.87094748858,2003,11,-32.9,0,0,60.4736489893324,0
2003.87368721461,2003,11,-35.0875,0,0,60.4736489893324,0
2003.87642694064,2003,11,-30.1416666666667,0,0,60.4736489893324,0
2003.87916666667,2003,11,-28.6583333333333,0,0,60.4736489893324,0
2003.88190639269,2003,11,-27.8208333333333,0,0,60.4736489893324,0
2003.88464611872,2003,11,-24.3833333333333,0,0,60.4736489893324,0
2003.88738584475,2003,11,-6.17083333333334,0,0,60.4736489893324,0
2003.89012557078,2003,11,-8.39166666666667,0,0,60.4736489893324,0
2003.8928652968,2003,11,-19.9583333333333,0,0,60.4736489893324,0
2003.89560502283,2003,11,-12.8458333333333,0,0,60.4736489893324,0
2003.89834474886,2003,11,-22.7791666666667,0,0,60.4736489893324,0
2003.90108447489,2003,11,-23.6833333333333,0,0,60.4736489893324,0
2003.90382420091,2003,11,-22.2166666666667,0,0,60.4736489893324,0
2003.90656392694,2003,11,-13.4541666666667,0,0,60.4736489893324,0
2003.90930365297,2003,11,-19.6625,0,0,60.4736489893324,0
2003.912043379,2003,11,-22.725,0,0,60.4736489893324,0
2003.91478310502,2003,11,-30.4083333333333,0,0,60.4736489893324,0
2003.91752283105,2003,12,-31.4791666666667,0,0,60.4736489893324,0
2003.92026255708,2003,12,-34.9708333333333,0,0,60.4736489893324,0
2003.92300228311,2003,12,-32.2916666666667,0,0,60.4736489893324,0
2003.92574200913,2003,12,-28.3875,0,0,60.4736489893324,0
2003.92848173516,2003,12,-27.8625,0,0,60.4736489893324,0
2003.93122146119,2003,12,-20.3291666666667,0,0,60.4736489893324,0
2003.93396118721,2003,12,-23.3625,0,0,60.4736489893324,0
2003.93670091324,2003,12,-23.6541666666667,0,0,60.4736489893324,0
2003.93944063927,2003,12,-18.3125,0,0,60.4736489893324,0
2003.9421803653,2003,12,-9.30416666666667,0,0,60.4736489893324,0
2003.94492009132,2003,12,-11.8791666666667,0,0,60.4736489893324,0
2003.94765981735,2003,12,-12.9291666666667,0,0,60.4736489893324,0
2003.95039954338,2003,12,-10.3041666666667,0,0,60.4736489893324,0
2003.95313926941,2003,12,-18.2958333333333,0,0,60.4736489893324,0
2003.95587899543,2003,12,-21.0791666666667,0,0,60.4736489893324,0
2003.95861872146,2003,12,-20.125,0,0,60.4736489893324,0
2003.96135844749,2003,12,-15.9791666666667,0,0,60.4736489893324,0
2003.96409817352,2003,12,-17.9916666666667,0,0,60.4736489893324,0
2003.96683789954,2003,12,-12.6,0,0,60.4736489893324,0
2003.96957762557,2003,12,-11.3333333333333,0,0,60.4736489893324,0
2003.9723173516,2003,12,-21.4583333333333,0,0,60.4736489893324,0
2003.97505707763,2003,12,-22.8625,0,0,60.4736489893324,0
2003.97779680365,2003,12,-23.7708333333333,0,0,60.4736489893324,0
2003.98053652968,2003,12,-25.7416666666667,0,0,60.4736489893324,0
2003.98327625571,2003,12,-24.9541666666667,0,0,60.4736489893324,0
2003.98601598173,2003,12,-26.7958333333333,0,0,60.4736489893324,0
2003.98875570776,2003,12,-21.2875,0,0,60.4736489893324,0
2003.99149543379,2003,12,-11.9583333333333,0,0,60.4736489893324,0
2003.99423515982,2003,12,-6.83333333333333,0,0,60.4736489893324,0
2003.99697488584,2003,12,-8.90416666666667,0,0,60.4736489893324,0
2003.99971402706,2003,7,-17.05,0,0,60.4736489893324,-181.420946967997
2004.00244763206,2004,1,-15.3,0,0,0,0
2004.0051798725,2004,1,-9.37083333333333,0,0,0,0
2004.00791211293,2004,1,-10.5791666666667,0,0,0,0
2004.01064435337,2004,1,-7.10416666666667,0,0,0,0
2004.01337659381,2004,1,-18.3166666666667,0,0,0,0
2004.01610883424,2004,1,-28.5958333333333,0,0,0,0
2004.01884107468,2004,1,-31.0833333333333,0,0,0,0
2004.02157331512,2004,1,-36.5125,0,0,0,0
2004.02430555556,2004,1,-28.9708333333333,0,0,0,0
2004.02703779599,2004,1,-19.8208333333333,0,0,0,0
2004.02977003643,2004,1,-19.8125,0,0,0,0
2004.03250227687,2004,1,-18.875,0,0,0,0
2004.0352345173,2004,1,-22.3791666666667,0,0,0,0
2004.03796675774,2004,1,-31.8875,0,0,0,0
2004.04069899818,2004,1,-36.0958333333333,0,0,0,0
2004.04343123862,2004,1,-30.7416666666667,0,0,0,0
2004.04616347905,2004,1,-36.1333333333333,0,0,0,0
2004.04889571949,2004,1,-35.6791666666667,0,0,0,0
2004.05162795993,2004,1,-29.3833333333333,0,0,0,0
2004.05436020036,2004,1,-21.8875,0,0,0,0
2004.0570924408,2004,1,-19.1666666666667,0,0,0,0
2004.05982468124,2004,1,-27.0333333333333,0,0,0,0
2004.06255692168,2004,1,-26.1916666666667,0,0,0,0
2004.06528916211,2004,1,-20.8333333333333,0,0,0,0
2004.06802140255,2004,1,-19.4791666666667,0,0,0,0
2004.07075364299,2004,1,-21.9291666666667,0,0,0,0
2004.07348588342,2004,1,-21.1958333333333,0,0,0,0
2004.07621812386,2004,1,-25.1208333333333,0,0,0,0
2004.0789503643,2004,1,-28.0166666666667,0,0,0,0
2004.08168260474,2004,1,-31.7291666666667,0,0,0,0
2004.08441484517,2004,1,-32.7458333333333,0,0,0,0
2004.08714708561,2004,2,-31,0,0,0,0
2004.08987932605,2004,2,-30.0208333333333,0,0,0,0
2004.09261156648,2004,2,-29.9208333333333,0,0,0,0
2004.09534380692,2004,2,-33.2333333333333,0,0,0,0
2004.09807604736,2004,2,-33.4041666666667,0,0,0,0
2004.1008082878,2004,2,-33.9,0,0,0,0
2004.10354052823,2004,2,-36.225,0,0,0,0
2004.10627276867,2004,2,-34.1166666666667,0,0,0,0
2004.10900500911,2004,2,-8.12916666666667,0,0,0,0
2004.11173724954,2004,2,-13.3708333333333,0,0,0,0
2004.11446948998,2004,2,-11.5916666666667,0,0,0,0
2004.11720173042,2004,2,-14.0375,0,0,0,0
2004.11993397086,2004,2,-25.7125,0,0,0,0
2004.12266621129,2004,2,-33.8833333333333,0,0,0,0
2004.12539845173,2004,2,-32.475,0,0,0,0
2004.12813069217,2004,2,-31.9875,0,0,0,0
2004.13086293261,2004,2,-37.0041666666667,0,0,0,0
2004.13359517304,2004,2,-37.0333333333333,0,0,0,0
2004.13632741348,2004,2,-33.3458333333333,0,0,0,0
2004.13905965392,2004,2,-26.1041666666667,0,0,0,0
2004.14179189435,2004,2,-29.5666666666667,0,0,0,0
2004.14452413479,2004,2,-22.7625,0,0,0,0
2004.14725637523,2004,2,-17.3583333333333,0,0,0,0
2004.14998861566,2004,2,-24.0791666666667,0,0,0,0
2004.1527208561,2004,2,-29.0166666666667,0,0,0,0
2004.15545309654,2004,2,-34.2708333333333,0,0,0,0
2004.15818533698,2004,2,-25.2458333333333,0,0,0,0
2004.16091757741,2004,2,-18.5208333333333,0,0,0,0
2004.16364981785,2004,2,-26.025,0,0,0,0
2004.16638205829,2004,3,-20.1041666666667,0,0,0,0
2004.16911429872,2004,3,-12.8125,0,0,0,0
2004.17184653916,2004,3,-18.9791666666667,0,0,0,0
2004.1745787796,2004,3,-31.3833333333333,0,0,0,0
2004.17731102004,2004,3,-32.8333333333333,0,0,0,0
2004.18004326047,2004,3,-37.3291666666667,0,0,0,0
2004.18277550091,2004,3,-33.5833333333333,0,0,0,0
2004.18550774135,2004,3,-31.4333333333333,0,0,0,0
2004.18823998179,2004,3,-21.7916666666667,0,0,0,0
2004.19097222222,2004,3,-8.19583333333333,0,0,0,0
2004.19370446266,2004,3,-9.47083333333333,0,0,0,0
2004.1964367031,2004,3,-13.3541666666667,0,0,0,0
2004.19916894353,2004,3,-8.9,0,0,0,0
2004.20190118397,2004,3,-16.425,0,0,0,0
2004.20463342441,2004,3,-18.8875,0,0,0,0
2004.20736566485,2004,3,-19.6875,0,0,0,0
2004.21009790528,2004,3,-26.95,0,0,0,0
2004.21283014572,2004,3,-34.7208333333333,0,0,0,0
2004.21556238616,2004,3,-22.2625,0,0,0,0
2004.21829462659,2004,3,-6.89583333333333,0,0,0,0
2004.22102686703,2004,3,-4.16666666666667,0,0,0,0
2004.22375910747,2004,3,-8.09166666666667,0,0,0,0
2004.22649134791,2004,3,-32.5083333333333,0,0,0,0
2004.22922358834,2004,3,-36.1375,0,0,0,0
2004.23195582878,2004,3,-27.3,0,0,0,0
2004.23468806922,2004,3,-31.1083333333333,0,0,0,0
2004.23742030965,2004,3,-32.7125,0,0,0,0
2004.24015255009,2004,3,-35.1916666666667,0,0,0,0
2004.24288479053,2004,3,-33.625,0,0,0,0
2004.24561703097,2004,3,-30.9833333333333,0,0,0,0
2004.2483492714,2004,3,-26.9166666666667,0,0,0,0
2004.25108151184,2004,4,-28.8,0,0,0,0
2004.25381375228,2004,4,-28.5458333333333,0,0,0,0
2004.25654599271,2004,4,-29.7541666666667,0,0,0,0
2004.25927823315,2004,4,-18.85,0,0,0,0
2004.26201047359,2004,4,-7.30416666666666,0,0,0,0
2004.26474271403,2004,4,-5.0375,0,0,0,0
2004.26747495446,2004,4,-2.54166666666667,0,0,0,0
2004.2702071949,2004,4,-3.8625,0,0,0,0
2004.27293943534,2004,4,-4.19583333333333,0,0,0,0
2004.27567167577,2004,4,-1.97083333333333,0,0,0,0
2004.27840391621,2004,4,-8.22916666666667,0,0,0,0
2004.28113615665,2004,4,-6.63333333333333,0,0,0,0
2004.28386839709,2004,4,-9.8125,0,0,0,0
2004.28660063752,2004,4,-12.275,0,0,0,0
2004.28933287796,2004,4,-10.6625,0,0,0,0
2004.2920651184,2004,4,-10,0,0,0,0
2004.29479735883,2004,4,-12.8458333333333,0,0,0,0
2004.29752959927,2004,4,-19.8708333333333,0,0,0,0
2004.30026183971,2004,4,-13.2625,0,0,0,0
2004.30299408015,2004,4,-7.92916666666667,0,0,0,0
2004.30572632058,2004,4,-9.34583333333333,0,0,0,0
2004.30845856102,2004,4,-9.85,0,0,0,0
2004.31119080146,2004,4,-11.4958333333333,0,0,0,0
2004.31392304189,2004,4,-6.9875,0,0,0,0
2004.31665528233,2004,4,-4.55833333333333,0,0,0,0
2004.31938752277,2004,4,-0.333333333333333,0,0,0,0
2004.32211976321,2004,4,-2.4625,0,0,0,0
2004.32485200364,2004,4,-3.275,0,0,0,0
2004.32758424408,2004,4,-4.79166666666667,0,0,0,0
2004.33031648452,2004,4,-8.05833333333333,0,0,0,0
2004.33304872495,2004,5,-8.50833333333333,0,0,0,0
2004.33578096539,2004,5,-3.825,0,0,0,0
2004.33851320583,2004,5,-8.69166666666667,0,0,0,0
2004.34124544627,2004,5,-7.7375,0,0,0,0
2004.3439776867,2004,5,-7.12083333333333,0,0,0,0
2004.34670992714,2004,5,-6.25833333333333,0,0,0,0
2004.34944216758,2004,5,-9.26666666666666,0,0,0,0
2004.35217440801,2004,5,-2.95833333333333,0,0,0,0
2004.35490664845,2004,5,-2.05416666666667,0,0,0,7.62397534098845
2004.35763888889,2004,5,1.03333333333333,0,0,2.54132511366282,3.20134220631703
2004.36037112933,2004,5,1.05,30,0,3.60843918243516,0
2004.36310336976,2004,5,-0.5,0,0,3.60843918243516,5.6419795897477
2004.3658356102,2004,5,2.7375,42,0,5.48909904568439,3.4818569803524
2004.36856785064,2004,5,2.25416666666667,0,0,6.64971803913519,5.08051577654228
2004.37130009107,2004,5,4.0625,0,0,8.34322329798262,5.20767249919245
2004.37403233151,2004,5,5.11666666666667,0,9.23222535211267,10.0791141310468,4.40367375823724
2004.37676457195,2004,5,5.07916666666667,0,46.0749295774648,11.5470053837925,0.829041643895362
2004.37949681239,2004,5,1.03333333333333,0,113.571887323944,11.8233525984243,1.42188746382125
2004.38222905282,2004,5,1.82916666666667,0,85.0842253521127,12.2973150863647,0.629923364416587
2004.38496129326,2004,5,0.833333333333333,0,66.4823661971831,12.5072895411702,3.26530767002543
2004.3876935337,2004,5,4.54583333333333,0,61.392676056338,13.5957254311787,4.63789938058901
2004.39042577413,2004,5,7.10833333333333,0,81.6951549295775,15.1416918913751,5.00975232201256
2004.39315801457,2004,5,8.5375,30,203.277295774648,16.8116093320459,2.56060223138282
2004.39589025501,2004,5,4.70833333333333,246,206.79414084507,17.6651434091735,0.273492466673268
2004.39862249545,2004,5,0.516666666666666,0,137.141746478873,17.7563075647313,3.35897458267845
2004.40135473588,2004,5,6.5625,78,76.3575211267606,18.8759657589574,3.58850933295457
2004.40408697632,2004,5,7.45416666666666,0,55.992676056338,20.072135536609,3.06495913080804
2004.40681921676,2004,5,6.72916666666667,0,47.8394366197183,21.0937885802116,3.1617490268111
2004.40955145719,2004,5,7.29166666666667,0,46.7244507042254,22.147704922482,4.45238491342234
2004.41228369763,2004,5,10.8708333333333,0,43.764338028169,23.6318332269561,4.51431814811201
2004.41501593807,2004,5,11.7416666666667,0,41.447661971831,25.1366059429934,3.53191305526111
2004.41774817851,2004,6,9.69166666666667,120,40.5654084507042,26.3139102947472,4.07511605058257
2004.42048041894,2004,6,11.7333333333333,0,37.0242253521127,27.672282311608,3.95028047547969
2004.42321265938,2004,6,11.9375,0,35.5183098591549,28.9890424701012,3.8365757080163
2004.42594489982,2004,6,12.125,0,32.6859718309859,30.26790103944,3.33050957823362
2004.42867714025,2004,6,10.95,0,26.926985915493,31.3780708988512,3.48470516776198
2004.43140938069,2004,6,11.8791666666667,0,23.0861408450704,32.5396392881052,3.31925937799443
2004.43414162113,2004,6,11.7166666666667,0,19.3380845070423,33.64605908077,2.28904482144598
2004.43687386157,2004,6,8.30833333333334,0,16.3186478873239,34.409074021252,2.17490967464858
2004.439606102,2004,6,8.06666666666667,0,13.7768450704225,35.1340439128015,2.89650052442686
2004.44233834244,2004,6,11.0041666666667,0,11.9621408450704,36.0995440876105,2.38567387403692
2004.44507058288,2004,6,9.2875,0,12.744,36.8947687122895,3.26161031036548
2004.44780282332,2004,6,13.025,0,12.1157746478873,37.981972149078,4.22470966179544
2004.45053506375,2004,6,17.4333333333333,12,16.548338028169,39.3902087030098,0
2004.45326730419,2004,6,NaN,0,23.4557746478873,39.3902087030098,0
2004.45599954463,2004,6,NaN,0,36.1054647887324,39.3902087030098,0
2004.45873178506,2004,6,NaN,0,38.1787605633803,39.3902087030098,0
2004.4614640255,2004,6,NaN,0,30.1958873239437,39.3902087030098,0
2004.46419626594,2004,6,NaN,0,22.4670422535211,39.3902087030098,0
2004.46692850638,2004,6,NaN,0,17.7941408450704,39.3902087030098,0
2004.46966074681,2004,6,NaN,0,14.8857464788732,39.3902087030098,0
2004.47239298725,2004,6,NaN,0,14.7655774647887,39.3902087030098,0
2004.47512522769,2004,6,NaN,0,16.7795492957746,39.3902087030098,3.90338722772822
2004.47785746812,2004,6,16.6714285714286,0,15.7254084507042,40.6913377789192,4.14857916214045
2004.48058970856,2004,6,18.3125,0,13.7874929577465,42.0741974996327,2.76881606052066
2004.483321949,2004,6,12.5625,0,13.7661971830986,42.9971361864729,2.54055896993469
2004.48605418944,2004,6,11.7666666666667,0,21.8190422535211,43.8439891764511,3.86167978152628
2004.48878642987,2004,6,18.325,0,22.3301408450704,45.1312157702932,3.60877751380774
2004.49151867031,2004,6,17.6041666666667,0,17.746985915493,46.3341416082291,3.02321892369653
2004.49425091075,2004,6,15.1041666666667,0,14.6225915492958,47.3418812494613,3.15969808109577
2004.49698315118,2004,6,16.1333333333333,0,12.5432112676056,48.3951139431599,4.22297782556117
2004.49971539162,2004,7,22.1166666666667,0,11.1422535211268,49.8027732183469,3.9036653042012
2004.50244763206,2004,7,21.0083333333333,0,9.94664788732395,51.103994986414,3.21787156066556
2004.5051798725,2004,7,17.725,0,9.40208450704225,52.1766188399692,2.79818277996851
2004.50791211293,2004,7,15.7125,0,9.14501408450704,53.109346433292,1.86609554113743
2004.51064435337,2004,7,10.6333333333333,0,14.4278873239437,53.7313782803378,2.38006195402765
2004.51337659381,2004,7,13.7416666666667,0,33.936338028169,54.5247322650137,1.31293992927355
2004.51610883424,2004,7,7.66666666666667,0,44.82,54.9623789081049,1.88118792740941
2004.51884107468,2004,7,11.0916666666667,0,47.5184788732394,55.5894415505747,1.42739202127218
2004.52157331512,2004,7,8.5,0,210.528507042254,56.0652388909988,2.02092574819251
2004.52430555556,2004,7,12.1583333333333,0,263.594535211268,56.7388808070629,2.7691835361504
2004.52703779599,2004,7,16.8958333333333,0,149.204281690141,57.6619419857797,2.09148477178656
2004.52977003643,2004,7,12.9416666666667,0,62.2353802816901,58.3591035763753,2.56753082880648
2004.53250227687,2004,7,16.1,0,35.3068732394366,59.2149471859774,2.64473206501148
2004.5352345173,2004,7,16.8291666666667,0,23.0709295774648,60.0965245409812,2.37824916515122
2004.53796675774,2004,7,15.3458333333333,0,16.4829295774648,60.8892742626983,2.41734100723158
2004.54069899818,2004,7,15.8041666666667,0,28.1864788732394,61.6950545984422,2.38929875129034
2004.54343123862,2004,7,15.825,0,51.564676056338,62.491487515539,2.1615845466055
2004.54616347905,2004,7,14.4916666666667,0,48.9894084507042,63.2120156977408,1.94280183625327
2004.54889571949,2004,7,13.1666666666667,0,40.7114366197183,63.8596163098252,1.72758456962664
2004.55162795993,2004,7,11.8208333333333,0,37.7421971830986,64.4354778330341,1.80960340494835
2004.55436020036,2004,7,12.4958333333333,0,36.9131830985916,65.0386789680169,2.22694430415663
2004.5570924408,2004,7,15.5375,0,29.7,65.7809937360691,2.09047976848753
2004.55982468124,2004,7,14.7458333333333,0,22.9842253521127,66.4778203255649,2.24144538783746
2004.56255692168,2004,7,15.9833333333333,0,16.9423098591549,67.2249687881774,2.53784050045377
2004.56528916211,2004,7,18.3125,0,12.3043943661972,68.070915621662,2.47267015117129
2004.56802140255,2004,7,18.0625,0,9.0096338028169,68.8951390053858,1.89468386152194
2004.57075364299,2004,7,13.9875,0,10.7361126760563,69.5267002925598,1.02228098412795
2004.57348588342,2004,7,7.6,0,22.1597746478873,69.8674606206024,1.52858100755229
2004.57621812386,2004,7,11.4333333333333,0,24.9738591549296,70.3769876231198,1.55561488566208
2004.5789503643,2004,7,11.7208333333333,0,29.4885633802817,70.8955259183405,0.510702614927908
2004.58168260474,2004,7,3.86666666666667,0,159.082478873239,71.0657601233165,0.562117919676268
2004.58441484517,2004,8,4.26666666666667,0,125.760676056338,71.2531327632086,1.56329351767741
2004.58714708561,2004,8,11.925,0,84.9655774647887,71.7742306024344,1.3509230080288
2004.58987932605,2004,8,10.375,0,166.312394366197,72.2245382717773,1.92712507852761
2004.59261156648,2004,8,14.9125,0,78.2437183098592,72.8669132979532,2.19654209154631
2004.59534380692,2004,8,17.1583333333333,0,44.3134647887324,73.5990939951353,2.11655867313837
2004.59807604736,2004,8,16.6958333333333,0,31.0857464788732,74.3046135528481,2.25908396194127
2004.6008082878,2004,8,17.9958333333333,0,23.2975774647887,75.0576415401618,2.35358972925539
2004.60354052823,2004,8,18.9416666666667,0,17.4944788732394,75.8421714499136,1.9222865452362
2004.60627276867,2004,8,15.6166666666667,0,13.4832676056338,76.482933631659,1.52661523657325
2004.60900500911,2004,8,12.4958333333333,0,12.3424225352113,76.9918053771835,1.63652408679452
2004.61173724954,2004,8,13.4875,0,11.3612957746479,77.537313406115,2.08790608996198
2004.61446948998,2004,8,17.3458333333333,0,10.0181408450704,78.233282102769,1.36612510041364
2004.61720173042,2004,8,11.4333333333333,0,35.5183098591549,78.6886571362402,1.52454235843906
2004.61993397086,2004,8,12.8375,0,54.491323943662,79.1968379223865,1.96774320208546
2004.62266621129,2004,8,16.6916666666667,0,38.9104225352113,79.8527523230817,2.09966056532043
2004.62539845173,2004,8,17.9625,0,28.8147042253521,80.5526391781885,2.29591207698797
2004.62813069217,2004,8,19.8208333333333,0,22.5978591549296,81.3179432038511,1.92921368778197
2004.63086293261,2004,8,16.8,0,18.9197746478873,81.9610144331118,1.79546375596571
2004.63359517304,2004,8,15.7541666666667,0,16.4814084507042,82.559502351767,1.94643482179347
2004.63632741348,2004,8,17.2083333333333,0,14.4765633802817,83.2083139590315,1.90808101879247
2004.63905965392,2004,8,17,0,12.587323943662,83.8443409652957,1.51888454039933
2004.64179189435,2004,8,13.625,0,11.1757183098592,84.3506358120955,0.611475035726841
2004.64452413479,2004,8,5.50833333333333,0,11.3323943661972,84.5544608240044,0.447725819503361
2004.64725637523,2004,8,4.04166666666667,0,11.4373521126761,84.7037027638389,0.270099951432911
2004.64998861566,2004,8,2.44166666666667,0,11.5012394366197,84.7937360809832,0.210442213507648
2004.6527208561,2004,8,1.90416666666667,0,11.4586478873239,84.8638834854857,0.761112368116287
2004.65545309654,2004,8,6.9,0,10.2630422535211,85.1175876081911,0.93266591093402
2004.65818533698,2004,8,8.48333333333334,0,8.40574647887324,85.4284762451692,0.416676791780503
2004.66091757741,2004,8,3.8,0,8.73278873239437,85.567368509096,0.694783502363805
2004.66364981785,2004,8,6.35,0,8.2703661971831,85.7989630098839,0.998766375277313
2004.66638205829,2004,8,9.15833333333333,0,7.4352676056338,86.1318851349764,0.149618158798731
2004.66911429872,2004,9,1.375,0,8.41335211267606,86.1817578545759,0.0820265365184696
2004.67184653916,2004,9,0.754166666666667,0,2.4216338028169,86.2091000334154,0.0362465334896029
2004.6745787796,2004,9,0.333333333333333,0,0,86.2211822112453,0
2004.67731102004,2004,9,-0.941666666666667,0,0,86.2211822112453,0
2004.68004326047,2004,9,-4.40416666666667,0,0,86.2211822112453,0
2004.68277550091,2004,9,-1.1375,0,0,86.2211822112453,0
2004.68550774135,2004,9,-0.420833333333333,0,0,86.2211822112453,0.264898563277654
2004.68823998179,2004,9,2.4375,0,0,86.3094817323378,0.271861722447596
2004.69097222222,2004,9,2.50416666666667,0,0,86.400102306487,0.137405546625942
2004.69370446266,2004,9,1.26666666666667,0,0,86.4459041553624,0.1296549081992
2004.6964367031,2004,9,1.19583333333333,0,0,86.4891224580954,0.0185168412965453
2004.69916894353,2004,9,0.170833333333333,0,0,86.4952947385276,0
2004.70190118397,2004,9,-2.52916666666667,0,0,86.4952947385276,0
2004.70463342441,2004,9,-3.34583333333333,0,0,86.4952947385276,0
2004.70736566485,2004,9,-4.125,0,0,86.4952947385276,0
2004.71009790528,2004,9,-5.3125,0,0,86.4952947385276,0
2004.71283014572,2004,9,-3.78333333333333,0,0,86.4952947385276,0
2004.71556238616,2004,9,-2.36666666666667,0,0,86.4952947385276,0
2004.71829462659,2004,9,-0.0583333333333333,0,0,86.4952947385276,0
2004.72102686703,2004,9,-3.825,0,0,86.4952947385276,0
2004.72375910747,2004,9,-4.4375,0,0,86.4952947385276,0.023031300132871
2004.72649134791,2004,9,0.2125,0,0,86.5029718385719,0
2004.72922358834,2004,9,-2.73333333333333,0,0,86.5029718385719,0
2004.73195582878,2004,9,-1.625,0,0,86.5029718385719,0
2004.73468806922,2004,9,-7.0125,0,0,86.5029718385719,0
2004.73742030965,2004,9,-6.41666666666667,0,0,86.5029718385719,0
2004.74015255009,2004,9,-5.9375,0,0,86.5029718385719,0
2004.74288479053,2004,9,-4.71666666666667,0,0,86.5029718385719,0
2004.74561703097,2004,9,-6.89583333333333,0,0,86.5029718385719,0
2004.7483492714,2004,9,-7.0875,0,0,86.5029718385719,0
2004.75108151184,2004,10,-10.2416666666667,0,0,86.5029718385719,0
2004.75381375228,2004,10,-6.6375,0,0,86.5029718385719,0.0541832332067003
2004.75654599271,2004,10,0.5,0,0,86.5210329163075,0
2004.75927823315,2004,10,-0.341666666666667,0,0,86.5210329163075,0
2004.76201047359,2004,10,-3.73333333333333,0,0,86.5210329163075,0
2004.76474271403,2004,10,-5.075,0,0,86.5210329163075,0
2004.76747495446,2004,10,-4.70833333333333,0,0,86.5210329163075,0
2004.7702071949,2004,10,-7.55833333333333,0,0,86.5210329163075,0
2004.77293943534,2004,10,-7.8375,0,0,86.5210329163075,0
2004.77567167577,2004,10,-13.9791666666667,0,0,86.5210329163075,0
2004.77840391621,2004,10,-16.5333333333333,0,0,86.5210329163075,0
2004.78113615665,2004,10,-17.6583333333333,0,0,86.5210329163075,0
2004.78386839709,2004,10,-9.30833333333333,0,0,86.5210329163075,0
2004.78660063752,2004,10,-2.66666666666667,0,0,86.5210329163075,0
2004.78933287796,2004,10,-1.025,0,0,86.5210329163075,0
2004.7920651184,2004,10,-5.4125,0,0,86.5210329163075,0
2004.79479735883,2004,10,-9.1375,0,0,86.5210329163075,0
2004.79752959927,2004,10,-1.52083333333333,0,0,86.5210329163075,0
2004.80026183971,2004,10,-0.2375,0,0,86.5210329163075,0
2004.80299408015,2004,10,-1.64166666666667,0,0,86.5210329163075,0
2004.80572632058,2004,10,-7.29583333333333,0,0,86.5210329163075,0
2004.80845856102,2004,10,-6.5625,0,0,86.5210329163075,0
2004.81119080146,2004,10,-10.1958333333333,0,0,86.5210329163075,0
2004.81392304189,2004,10,-13.3916666666667,0,0,86.5210329163075,0
2004.81665528233,2004,10,-12.0083333333333,0,0,86.5210329163075,0
2004.81938752277,2004,10,-9.79583333333333,0,0,86.5210329163075,0
2004.82211976321,2004,10,-12.7625,0,0,86.5210329163075,0
2004.82485200364,2004,10,-16.0625,0,0,86.5210329163075,0
2004.82758424408,2004,10,-17.9708333333333,0,0,86.5210329163075,0
2004.83031648452,2004,10,-21.6166666666667,0,0,86.5210329163075,0
2004.83304872495,2004,10,-19.2458333333333,0,0,86.5210329163075,0
2004.83578096539,2004,11,-20.8416666666667,0,0,86.5210329163075,0
2004.83851320583,2004,11,-23.9083333333333,0,0,86.5210329163075,0
2004.84124544627,2004,11,-22.4625,0,0,86.5210329163075,0
2004.8439776867,2004,11,-24.5,0,0,86.5210329163075,0
2004.84670992714,2004,11,-27.5625,0,0,86.5210329163075,0
2004.84944216758,2004,11,-25.95,0,0,86.5210329163075,0
2004.85217440801,2004,11,-21.1416666666667,0,0,86.5210329163075,0
2004.85490664845,2004,11,-22.7166666666667,0,0,86.5210329163075,0
2004.85763888889,2004,11,-19.0333333333333,0,0,86.5210329163075,0
2004.86037112933,2004,11,-22.8958333333333,0,0,86.5210329163075,0
2004.86310336976,2004,11,-18.2916666666667,0,0,86.5210329163075,0
2004.8658356102,2004,11,-13.5833333333333,0,0,86.5210329163075,0
2004.86856785064,2004,11,-15.3416666666667,0,0,86.5210329163075,0
2004.87130009107,2004,11,-5.57083333333333,0,0,86.5210329163075,0
2004.87403233151,2004,11,-6.99166666666666,0,0,86.5210329163075,0
2004.87676457195,2004,11,-7.4875,0,0,86.5210329163075,0
2004.87949681239,2004,11,-18.6125,0,0,86.5210329163075,0
2004.88222905282,2004,11,-15.9041666666667,0,0,86.5210329163075,0
2004.88496129326,2004,11,-5.74583333333333,0,0,86.5210329163075,0
2004.8876935337,2004,11,-4.07916666666667,0,0,86.5210329163075,0
2004.89042577413,2004,11,-9.60416666666667,0,0,86.5210329163075,0
2004.89315801457,2004,11,-10.0375,0,0,86.5210329163075,0
2004.89589025501,2004,11,-10.9416666666667,0,0,86.5210329163075,0
2004.89862249545,2004,11,-6.2625,0,0,86.5210329163075,0
2004.90135473588,2004,11,-14.25,0,0,86.5210329163075,0
2004.90408697632,2004,11,-20.1916666666667,0,0,86.5210329163075,0
2004.90681921676,2004,11,-13.5416666666667,0,0,86.5210329163075,0
2004.90955145719,2004,11,-7.37916666666667,0,0,86.5210329163075,0
2004.91228369763,2004,11,-5.475,0,0,86.5210329163075,0
2004.91501593807,2004,11,-8.69583333333333,0,0,86.5210329163075,0
2004.91774817851,2004,12,-18.175,0,0,86.5210329163075,0
2004.92048041894,2004,12,-22.1708333333333,0,0,86.5210329163075,0
2004.92321265938,2004,12,-21.6541666666667,0,0,86.5210329163075,0
2004.92594489982,2004,12,-21.1291666666667,0,0,86.5210329163075,0
2004.92867714025,2004,12,-28.9125,0,0,86.5210329163075,0
2004.93140938069,2004,12,-32.1,0,0,86.5210329163075,0
2004.93414162113,2004,12,-34.9333333333333,0,0,86.5210329163075,0
2004.93687386157,2004,12,-35.4416666666667,0,0,86.5210329163075,0
2004.939606102,2004,12,-32.2833333333333,0,0,86.5210329163075,0
2004.94233834244,2004,12,-27.8208333333333,0,0,86.5210329163075,0
2004.94507058288,2004,12,-26.3625,0,0,86.5210329163075,0
2004.94780282332,2004,12,-28.0791666666667,0,0,86.5210329163075,0
2004.95053506375,2004,12,-30.525,0,0,86.5210329163075,0
2004.95326730419,2004,12,-31.8416666666667,0,0,86.5210329163075,0
2004.95599954463,2004,12,-26.3041666666667,0,0,86.5210329163075,0
2004.95873178506,2004,12,-10.9708333333333,0,0,86.5210329163075,0
2004.9614640255,2004,12,-11.5875,0,0,86.5210329163075,0
2004.96419626594,2004,12,-13.5625,0,0,86.5210329163075,0
2004.96692850638,2004,12,-11.1416666666667,0,0,86.5210329163075,0
2004.96966074681,2004,12,-14.8416666666667,0,0,86.5210329163075,0
2004.97239298725,2004,12,-24.9416666666667,0,0,86.5210329163075,0
2004.97512522769,2004,12,-26.0916666666667,0,0,86.5210329163075,0
2004.97785746812,2004,12,-31.5625,0,0,86.5210329163075,0
2004.98058970856,2004,12,-22.1541666666667,0,0,86.5210329163075,0
2004.983321949,2004,12,-8.0125,0,0,86.5210329163075,0
2004.98605418944,2004,12,-12.7875,0,0,86.5210329163075,0
2004.98878642987,2004,12,-20.8,0,0,86.5210329163075,0
2004.99151867031,2004,12,-25.925,0,0,86.5210329163075,0
2004.99425091075,2004,12,-12.8291666666667,0,0,86.5210329163075,0
2004.99698315118,2004,12,-3.5375,0,0,86.5210329163075,0
2004.99971597643,2004,7,-10.4,0,0,86.5210329163075,-259.563098748922
2005.0024543379,2005,1,-4.625,0,0,0,0
2005.00519406393,2005,1,-1.94166666666667,0,0,0,0
2005.00793378995,2005,1,-3.31666666666667,0,0,0,0
2005.01067351598,2005,1,-8.6,0,0,0,0
2005.01341324201,2005,1,-11.4458333333333,0,0,0,0
2005.01615296804,2005,1,-2.6375,0,0,0,0
2005.01889269406,2005,1,-0.279166666666667,0,0,0,0
2005.02163242009,2005,1,-15.2958333333333,0,0,0,0
2005.02437214612,2005,1,-28.6541666666667,0,0,0,0
2005.02711187215,2005,1,-32.0041666666667,0,0,0,0
2005.02985159817,2005,1,-28.3541666666667,0,0,0,0
2005.0325913242,2005,1,-31.6125,0,0,0,0
2005.03533105023,2005,1,-30.2541666666667,0,0,0,0
2005.03807077626,2005,1,-32.9083333333333,0,0,0,0
2005.04081050228,2005,1,-37.3875,0,0,0,0
2005.04355022831,2005,1,-30.9875,0,0,0,0
2005.04628995434,2005,1,-20.0125,0,0,0,0
2005.04902968037,2005,1,-19.6875,0,0,0,0
2005.05176940639,2005,1,-18.4958333333333,0,0,0,0
2005.05450913242,2005,1,-7.02083333333333,0,0,0,0
2005.05724885845,2005,1,-8.72916666666666,0,0,0,0
2005.05998858447,2005,1,-5.8375,0,0,0,0
2005.0627283105,2005,1,-16.7541666666667,0,0,0,0
2005.06546803653,2005,1,-20.2208333333333,0,0,0,0
2005.06820776256,2005,1,-21.15,0,0,0,0
2005.07094748858,2005,1,-30.7916666666667,0,0,0,0
2005.07368721461,2005,1,-32.7791666666667,0,0,0,0
2005.07642694064,2005,1,-26.8833333333333,0,0,0,0
2005.07916666667,2005,1,-18.55,0,0,0,0
2005.08190639269,2005,1,-21.6666666666667,0,0,0,0
2005.08464611872,2005,1,-33.425,0,0,0,0
2005.08738584475,2005,2,-27.575,0,0,0,0
2005.09012557078,2005,2,-34.1583333333333,0,0,0,0
2005.0928652968,2005,2,-30.1875,0,0,0,0
2005.09560502283,2005,2,-27.125,0,0,0,0
2005.09834474886,2005,2,-23.0583333333333,0,0,0,0
2005.10108447489,2005,2,-14.6291666666667,0,0,0,0
2005.10382420091,2005,2,-17.4166666666667,0,0,0,0
2005.10656392694,2005,2,-6.05,0,0,0,0
2005.10930365297,2005,2,-14.4916666666667,0,0,0,0
2005.11204337899,2005,2,-22.2291666666667,0,0,0,0
2005.11478310502,2005,2,-24.4708333333333,0,0,0,0
2005.11752283105,2005,2,-26.9833333333333,0,0,0,0
2005.12026255708,2005,2,-15.6291666666667,0,0,0,0
2005.1230022831,2005,2,-6.25416666666667,0,0,0,0
2005.12574200913,2005,2,-7.3875,0,0,0,0
2005.12848173516,2005,2,-9.0125,0,0,0,0
2005.13122146119,2005,2,-9.45833333333333,0,0,0,0
2005.13396118722,2005,2,-23.5208333333333,0,0,0,0
2005.13670091324,2005,2,-17.4375,0,0,0,0
2005.13944063927,2005,2,-18.5583333333333,0,0,0,0
2005.1421803653,2005,2,-23.025,0,0,0,0
2005.14492009132,2005,2,-28.3583333333333,0,0,0,0
2005.14765981735,2005,2,-19.2791666666667,0,0,0,0
2005.15039954338,2005,2,-18.5291666666667,0,0,0,0
2005.15313926941,2005,2,-21.3375,0,0,0,0
2005.15587899543,2005,2,-23.1458333333333,0,0,0,0
2005.15861872146,2005,2,-29.2875,0,0,0,0
2005.16135844749,2005,2,-32.4458333333333,0,0,0,0
2005.16409817352,2005,3,-34.0166666666667,0,0,0,0
2005.16683789954,2005,3,-35.8666666666667,0,0,0,0
2005.16957762557,2005,3,-30.0333333333333,0,0,0,0
2005.1723173516,2005,3,-24.9583333333333,0,0,0,0
2005.17505707763,2005,3,-12.1625,0,0,0,0
2005.17779680365,2005,3,-11.7208333333333,0,0,0,0
2005.18053652968,2005,3,-24.7791666666667,0,0,0,0
2005.18327625571,2005,3,-21.6291666666667,0,0,0,0
2005.18601598174,2005,3,-11.875,0,0,0,0
2005.18875570776,2005,3,-6.57916666666667,0,0,0,0
2005.19149543379,2005,3,-2.75416666666667,0,0,0,0
2005.19423515982,2005,3,-3.63333333333333,0,0,0,0
2005.19697488584,2005,3,-3.43333333333333,0,0,0,0
2005.19971461187,2005,3,-9.4125,0,0,0,0
2005.2024543379,2005,3,-8.2,0,0,0,0
2005.20519406393,2005,3,-5.79166666666667,0,0,0,0
2005.20793378995,2005,3,-15.3958333333333,0,0,0,0
2005.21067351598,2005,3,-14.3875,0,0,0,0
2005.21341324201,2005,3,-21.5083333333333,0,0,0,0
2005.21615296804,2005,3,-31.5708333333333,0,0,0,0
2005.21889269406,2005,3,-15.0666666666667,0,0,0,0
2005.22163242009,2005,3,-9.44166666666667,0,0,0,0
2005.22437214612,2005,3,-10.6125,0,0,0,0
2005.22711187215,2005,3,-17.7291666666667,0,0,0,0
2005.22985159817,2005,3,-19.425,0,0,0,0
2005.2325913242,2005,3,-22.1,0,0,0,0
2005.23533105023,2005,3,-28.6625,0,0,0,0
2005.23807077625,2005,3,-26.2625,0,0,0,0
2005.24081050228,2005,3,-27.0375,0,0,0,0
2005.24355022831,2005,3,-29.1875,0,0,0,0
2005.24628995434,2005,3,-26.9333333333333,0,0,0,0
2005.24902968036,2005,4,-21.2416666666667,0,0,0,0
2005.25176940639,2005,4,-20.6458333333333,0,0,0,0
2005.25450913242,2005,4,-25.1333333333333,0,0,0,0
2005.25724885845,2005,4,-20.625,0,0,0,0
2005.25998858448,2005,4,-15.5666666666667,0,0,0,0
2005.2627283105,2005,4,-19.3958333333333,0,0,0,0
2005.26546803653,2005,4,-17.6916666666667,0,0,0,0
2005.26820776256,2005,4,-18.8541666666667,0,0,0,0
2005.27094748859,2005,4,-20.3625,0,0,0,0
2005.27368721461,2005,4,-22.3625,0,0,0,0
2005.27642694064,2005,4,-19.05,0,0,0,0
2005.27916666667,2005,4,-18.2791666666667,0,0,0,0
2005.28190639269,2005,4,-16.425,0,0,0,0
2005.28464611872,2005,4,-11.0541666666667,0,0,0,0
2005.28738584475,2005,4,-11.9041666666667,0,0,0,0
2005.29012557078,2005,4,-20.925,0,0,0,0
2005.2928652968,2005,4,-23.5208333333333,0,0,0,0
2005.29560502283,2005,4,-20.8791666666667,0,0,0,0
2005.29834474886,2005,4,-20.075,0,0,0,0
2005.30108447489,2005,4,-16.8833333333333,0,0,0,0
2005.30382420091,2005,4,-5.98333333333333,0,0,0,0
2005.30656392694,2005,4,-0.0250000000000002,0,0,0,0
2005.30930365297,2005,4,-4.45416666666667,0,0,0,0
2005.312043379,2005,4,-8.7,0,0,0,0
2005.31478310502,2005,4,-1.60416666666667,0,0,0,0
2005.31752283105,2005,4,-2.08333333333333,0,0,0,4.98435050934422
2005.32026255708,2005,4,0.441666666666667,0,0,1.66145016978141,5.95939770596117
2005.32300228311,2005,4,1.6875,0,0,3.64791607176846,4.32724143828287
2005.32574200913,2005,4,2.01666666666667,0,0,5.09032988452942,0
2005.32848173516,2005,4,-1.36666666666667,0,0,5.09032988452942,0
2005.33122146119,2005,5,-3.23333333333333,0,0,5.09032988452942,0
2005.33396118721,2005,5,-3.4125,0,0,5.09032988452942,0
2005.33670091324,2005,5,-5.55416666666667,0,0,5.09032988452942,0
2005.33944063927,2005,5,-6.90416666666667,0,0,5.09032988452942,0
2005.3421803653,2005,5,-0.370833333333333,0,0,5.09032988452942,4.53667931577812
2005.34492009132,2005,5,2.82916666666667,0,0,6.60255632312213,3.31395240544209
2005.34765981735,2005,5,2.52916666666667,0,0,7.70720712493616,4.5835789493184
2005.35039954338,2005,5,4.14166666666667,0,0,9.23506677470896,1.90159788169066
2005.35313926941,2005,5,1.9375,0,0,9.86893273527251,0.471225332972377
2005.35587899543,2005,5,0.5,0,0,10.0260078462633,3.28082086565552
2005.35861872146,2005,5,3.7,0,0,11.1196148014818,4.44926484476194
2005.36135844749,2005,5,5.62916666666667,0,2.73802816901408,12.6027030830691,2.99343024380686
2005.36409817352,2005,5,4.18333333333333,0,92.5757746478873,13.6005131643381,0
2005.36683789954,2005,5,-3.23333333333333,0,116.472676056338,13.6005131643381,0
2005.36957762557,2005,5,-6.175,0,80.2850704225352,13.6005131643381,0
2005.3723173516,2005,5,-6.175,0,47.4895774647887,13.6005131643381,0
2005.37505707763,2005,5,-3.05833333333333,0,26.6197183098591,13.6005131643381,4.34405829901861
2005.37779680365,2005,5,6.6375,0,80.7109859154929,15.0485325973443,1.153362779453
2005.38053652968,2005,5,1.875,0,90.0050704225352,15.4329868571619,1.33243663665829
2005.38327625571,2005,5,2.225,0,75.5695774647888,15.8771324027147,2.73134944054453
2005.38601598174,2005,5,4.75833333333333,0,76.1476056338028,16.7875822162296,0.377862088298329
2005.38875570776,2005,5,0.679166666666667,0,95.5267605633803,16.9135362456623,1.51776379794754
2005.39149543379,2005,5,2.77916666666667,0,75.2045070422535,17.4194575116448,3.55031294501563
2005.39423515982,2005,5,6.82083333333334,0,70.8845070422535,18.6028951599834,4.20693748607428
2005.39697488585,2005,5,8.6625,0,58.8371830985916,20.0052076553415,5.43772396902542
2005.39971461187,2005,5,12.1291666666667,0,50.6991549295775,21.8177823116833,4.60243441096042
2005.4024543379,2005,5,11.0875,90,57.5594366197183,23.3519271153368,4.72984979393532
2005.40519406393,2005,5,12.1791666666667,0,43.1391549295775,24.9285437133152,3.78708597611194
2005.40793378995,2005,5,10.325,0,36.0354929577465,26.1909057053525,2.75705141920882
2005.41067351598,2005,5,7.8375,12,28.4907042253521,27.1099228450888,0.837172809778252
2005.41341324201,2005,5,2.43333333333333,0,21.7216901408451,27.3889804483482,0.523180495475152
2005.41615296804,2005,6,1.53333333333333,12,18.9684507042254,27.5633739468399,2.11019508105786
2005.41889269406,2005,6,6.28333333333333,0,16.5802816901408,28.2667723071925,3.27945870824562
2005.42163242009,2005,6,10.0791666666667,6,16.5042253521127,29.3599252099411,3.03699354577914
2005.42437214612,2005,6,9.675,0,16.9149295774648,30.3722563918675,2.9950326879259
2005.42711187215,2005,6,9.8625,0,18.0557746478873,31.3706006211761,3.54552313055502
2005.42985159817,2005,6,12.0875,6,19.729014084507,32.5524416646944,3.18560671161439
2005.4325913242,2005,6,11.2416666666667,0,18.8315492957746,33.6143105685659,3.91683812509186
2005.43533105023,2005,6,14.3166666666667,0,17.2343661971831,34.9199232769298,2.6828020390238
2005.43807077626,2005,6,10.1208333333333,102,16.7932394366197,35.8141906232711,1.94242767308562
2005.44081050228,2005,6,7.4875,78,17.2039436619718,36.4616665142997,1.91063716402683
2005.44355022831,2005,6,7.49583333333333,0,17.3408450704225,37.0985455689753,2.43513089797523
2005.44628995434,2005,6,9.74166666666667,6,19.6225352112676,37.9102558683003,3.46498210471944
2005.44902968037,2005,6,14.225,0,21.2957746478873,39.0652499032068,3.6683268392036
2005.45176940639,2005,6,15.525,0,17.8276056338028,40.2880255162747,3.91103364948435
2005.45450913242,2005,6,17.0791666666667,0,15.1047887323944,41.5917033994361,2.83972779085334
2005.45724885845,2005,6,12.7416666666667,42,13.7205633802817,42.5382793297206,2.76621412348231
2005.45998858447,2005,6,12.6875,0,12.5949295774648,43.4603507042147,3.06925464983591
2005.4627283105,2005,6,14.3958333333333,0,10.7543661971831,44.4834355874933,2.22767827930933
2005.46546803653,2005,6,10.6583333333333,0,8.50309859154929,45.2259950139298,1.44080469907739
2005.46820776256,2005,6,6.9875,0,7.30140845070423,45.7062632469556,1.38267685786649
2005.47094748858,2005,6,6.775,0,6.28225352112676,46.1671555329111,1.36817136819661
2005.47368721461,2005,6,6.77083333333333,0,5.84112676056338,46.6232126556433,2.01141917249249
2005.47642694064,2005,6,10.075,0,4.88281690140845,47.2936857131408,2.54750435379486
2005.47916666667,2005,6,12.9666666666667,0,4.38084507042253,48.1428538310724,2.92464936423248
2005.48190639269,2005,6,15.1708333333333,0,4.01577464788732,49.1177369524832,3.01976294436095
2005.48464611872,2005,6,15.9833333333333,0,4.79154929577465,50.1243246006035,3.93546326499407
2005.48738584475,2005,6,21.3166666666667,114,3.11830985915493,51.4361456889349,0
2005.49012557078,2005,6,NaN,0,2.92056338028169,51.4361456889349,0
2005.4928652968,2005,6,NaN,114,2.90535211267606,51.4361456889349,0
2005.49560502283,2005,6,NaN,162,3.24,51.4361456889349,0
2005.49834474886,2005,7,NaN,6,5.2174647887324,51.4361456889349,0
2005.50108447489,2005,7,NaN,72,5.84112676056338,51.4361456889349,0
2005.50382420091,2005,7,NaN,6,4.57859154929577,51.4361456889349,0
2005.50656392694,2005,7,NaN,6,5.4456338028169,51.4361456889349,0
2005.50930365297,2005,7,NaN,528,7.17971830985916,51.4361456889349,0
2005.512043379,2005,7,NaN,48,25.3723943661972,51.4361456889349,0
2005.51478310502,2005,7,NaN,0,26.5132394366197,51.4361456889349,0
2005.51752283105,2005,7,NaN,180,27.2738028169014,51.4361456889349,0
2005.52026255708,2005,7,NaN,174,33.6169014084507,51.4361456889349,0
2005.52300228311,2005,7,NaN,126,39.6861971830986,51.4361456889349,0
2005.52574200913,2005,7,NaN,312,62.3205633802817,51.4361456889349,2.06401495080621
2005.52848173516,2005,7,11.4,132,144.491830985915,52.1241506725369,2.07928550836267
2005.53122146119,2005,7,11.6375,6,127.470422535211,52.8172458419912,2.19685023625987
2005.53396118721,2005,7,12.4625,0,60.9211267605634,53.5495292540778,2.50514533940302
2005.53670091324,2005,7,14.4208333333333,0,40.7205633802817,54.3845777005455,2.76416828335581
2005.53944063927,2005,7,16.1708333333333,114,29.4185915492958,55.3059671283307,2.22405872609964
2005.5421803653,2005,7,13.2083333333333,54,28.6732394366197,56.0473200370306,1.53880632989284
2005.54492009132,2005,7,9.24166666666667,0,35.9442253521127,56.5602554803282,0.856298811704576
2005.54765981735,2005,7,5.17916666666667,0,27.0912676056338,56.8456884175631,1.29179218982528
2005.55039954338,2005,7,7.8625,0,21.6912676056338,57.2762858141715,1.41004912872882
2005.55313926941,2005,7,8.65,0,16.8540845070423,57.7463021904145,1.664191600287
2005.55587899543,2005,7,10.3,0,13.5684507042254,58.3010327238435,1.47318637375649
2005.55861872146,2005,7,9.2,0,10.7239436619718,58.792094848429,1.91837150194298
2005.56135844749,2005,7,12.0958333333333,0,9.11154929577464,59.4315520157433,2.1864717750441
2005.56409817352,2005,7,13.9458333333333,0,7.63605633802817,60.160375940758,2.39113804929005
2005.56683789954,2005,7,15.4458333333333,0,7.30140845070423,60.957421957188,1.74367838840502
2005.56957762557,2005,7,11.3916666666667,0,6.98197183098591,61.5386480866563,1.14978522208585
2005.5723173516,2005,7,7.57083333333333,0,5.94760563380282,61.9219098273516,0.864754362358916
2005.57505707763,2005,7,5.725,0,5.84112676056338,62.2101612814713,0.686301642098314
2005.57779680365,2005,7,4.5625,0,5.84112676056338,62.438928495504,0.615216844118081
2005.58053652968,2005,7,4.10416666666667,0,5.36957746478873,62.6440007768767,1.17052442403798
2005.58327625571,2005,8,7.84583333333333,0,4.48732394366197,63.0341755848894,1.11774030433897
2005.58601598173,2005,8,7.5375,0,4.38084507042253,63.4067556863357,1.60729222276029
2005.58875570776,2005,8,10.9166666666667,0,4.38084507042253,63.9425197605891,1.6763166484061
2005.59149543379,2005,8,11.4833333333333,6,4.38084507042253,64.5012919767245,1.6433041032566
2005.59423515982,2005,8,11.3541666666667,0,4.38084507042253,65.0490600111434,2.00143935052597
2005.59697488584,2005,8,13.9583333333333,0,4.3656338028169,65.7162064613187,1.46690115761686
2005.59971461187,2005,8,10.3208333333333,60,4.00056338028169,66.2051735138576,2.26807448300835
2005.6024543379,2005,8,16.1083333333333,0,3.01183098591549,66.9611983415271,2.32408045791615
2005.60519406393,2005,8,16.6958333333333,0,2.92056338028169,67.7358918274991,2.2915261582875
2005.60793378995,2005,8,16.65,0,2.92056338028169,68.4997338802616,1.72802871275712
2005.61067351598,2005,8,12.6791666666667,0,2.92056338028169,69.0757434511807,1.57684198461899
2005.61341324201,2005,8,11.6625,0,2.92056338028169,69.6013574460537,1.69700396550063
2005.61615296804,2005,8,12.65,0,2.92056338028169,70.1670254345539,1.84519161739215
2005.61889269406,2005,8,13.8708333333333,0,2.92056338028169,70.7820893070179,1.48978931672818
2005.62163242009,2005,8,11.2875,0,2.92056338028169,71.2786857459273,0.895242879364361
2005.62437214612,2005,8,6.82083333333333,6,2.92056338028169,71.5771000390488,0.0873006836222459
2005.62711187215,2005,8,0.666666666666667,0,2.92056338028169,71.6062002669229,0.342857469526564
2005.62985159817,2005,8,2.62083333333333,0,2.92056338028169,71.7204860900984,0.761162418228267
2005.6325913242,2005,8,5.83333333333333,6,2.92056338028169,71.9742068961745,1.24253103937231
2005.63533105023,2005,8,9.56666666666667,0,2.92056338028169,72.3883839092986,0.761154623586236
2005.63807077626,2005,8,5.8875,0,2.92056338028169,72.6421021171607,1.36481008965428
2005.64081050228,2005,8,10.6083333333333,12,2.92056338028169,73.0970388137121,1.25224664195443
2005.64355022831,2005,8,9.79166666666667,12,2.92056338028169,73.5144543610302,0.928982820410297
2005.64628995434,2005,8,7.3,6,2.92056338028169,73.824115301167,0.334157608005583
2005.64902968037,2005,8,2.63333333333333,36,2.92056338028169,73.9355011705022,0.0734260111971707
2005.65176940639,2005,8,0.579166666666667,90,2.92056338028169,73.9599765075679,0.592329983959218
2005.65450913242,2005,8,4.67916666666667,6,2.92056338028169,74.1574198355543,0.973937876510178
2005.65724885845,2005,8,7.72083333333333,0,2.92056338028169,74.482065794391,0.829198336018436
2005.65998858448,2005,8,6.6,48,2.92056338028169,74.7584652397305,0
2005.6627283105,2005,8,-2.525,6,2.92056338028169,74.7584652397305,0
2005.66546803653,2005,8,-6.98333333333333,18,2.92056338028169,74.7584652397305,0.371723392093656
2005.66820776256,2005,9,2.96666666666667,84,2.92056338028169,74.8823730370951,0.400271731177057
2005.67094748858,2005,9,3.2,60,2.92056338028169,75.0157969474874,0.584534259017943
2005.67368721461,2005,9,4.68333333333333,30,2.92056338028169,75.2106417004934,0
2005.67642694064,2005,9,-2.11666666666667,66,2.92056338028169,75.2106417004934,0
2005.67916666667,2005,9,-2.9375,0,2.92056338028169,75.2106417004934,0
2005.68190639269,2005,9,-0.716666666666666,54,2.92056338028169,75.2106417004934,0.146416142758639
2005.68464611872,2005,9,1.175,0,2.92056338028169,75.259447081413,0.142690313250213
2005.68738584475,2005,9,1.14583333333333,0,2.92056338028169,75.307010519163,0.684697077071206
2005.69012557078,2005,9,5.50833333333333,54,2.92056338028169,75.5352428781868,0.755320964969755
2005.6928652968,2005,9,6.09583333333333,6,2.92056338028169,75.7870165331767,0.979259752542006
2005.69560502283,2005,9,7.93333333333333,0,0.12169014084507,76.1134364506907,0.914768290714235
2005.69834474886,2005,9,7.44166666666667,0,0,76.4183592142621,0.831183355127223
2005.70108447489,2005,9,6.7875,0,0,76.6954203326378,0.65659506701428
2005.70382420091,2005,9,5.37916666666667,6,0,76.9142853549759,0.855192825817383
2005.70656392694,2005,9,7.02916666666667,0,0,77.1993496302484,0.499889758007114
2005.70930365297,2005,9,4.12083333333333,0,0,77.3659795495841,0.618190734236521
2005.712043379,2005,9,5.10833333333333,0,0,77.5720431276629,0.197313498696289
2005.71478310502,2005,9,1.63333333333333,12,0,77.637814293895,0.27756653977606
2005.71752283105,2005,9,2.3,126,0,77.7303364738204,0.0246230948862234
2005.72026255708,2005,9,0.204166666666667,126,0,77.7385441721158,0.191368503330622
2005.7230022831,2005,9,1.5875,30,0,77.802333673226,0.626249823017375
2005.72574200913,2005,9,5.20416666666667,6,0,78.0110836142318,0.0695911413351666
2005.72848173516,2005,9,0.579166666666666,0,0,78.0342806613435,0
2005.73122146119,2005,9,-1.29166666666667,0,0,78.0342806613435,0
2005.73396118721,2005,9,-3.1,0,0,78.0342806613435,0
2005.73670091324,2005,9,-3.24166666666667,0,0,78.0342806613435,0
2005.73944063927,2005,9,-5.29166666666667,0,0,78.0342806613435,0
2005.7421803653,2005,9,-8.91666666666666,0,0,78.0342806613435,0
2005.74492009132,2005,9,-8.57083333333333,0,0,78.0342806613435,0
2005.74765981735,2005,9,-8.9875,0,0,78.0342806613435,0
2005.75039954338,2005,10,-11.9958333333333,0,0,78.0342806613435,0
2005.75313926941,2005,10,-4.22083333333333,0,0,78.0342806613435,0
2005.75587899543,2005,10,-8.68333333333333,0,0,78.0342806613435,0
2005.75861872146,2005,10,-8.11666666666667,0,0,78.0342806613435,0
2005.76135844749,2005,10,-11.6333333333333,0,0,78.0342806613435,0
2005.76409817352,2005,10,-14.7416666666667,0,0,78.0342806613435,0
2005.76683789954,2005,10,-14.425,0,0,78.0342806613435,0
2005.76957762557,2005,10,-13.1833333333333,0,0,78.0342806613435,0
2005.7723173516,2005,10,-18.5208333333333,0,0,78.0342806613435,0
2005.77505707763,2005,10,-7.4625,0,0,78.0342806613435,0
2005.77779680365,2005,10,-11.1875,0,0,78.0342806613435,0
2005.78053652968,2005,10,-10.275,0,0,78.0342806613435,0
2005.78327625571,2005,10,-10.1458333333333,0,0,78.0342806613435,0
2005.78601598174,2005,10,-14.325,0,0,78.0342806613435,0
2005.78875570776,2005,10,-17.6833333333333,0,0,78.0342806613435,0
2005.79149543379,2005,10,-9.75833333333333,0,0,78.0342806613435,0
2005.79423515982,2005,10,-4.80416666666667,0,0,78.0342806613435,0
2005.79697488584,2005,10,-3.7625,0,0,78.0342806613435,0
2005.79971461187,2005,10,-1.4875,0,0,78.0342806613435,0
2005.8024543379,2005,10,-0.3,0,0,78.0342806613435,0
2005.80519406393,2005,10,-1.8125,0,0,78.0342806613435,0
2005.80793378995,2005,10,-8.02916666666667,0,0,78.0342806613435,0
2005.81067351598,2005,10,-7.15120833333333,0,0,78.0342806613435,0
2005.81341324201,2005,10,-11.8991666666667,0,0,78.0342806613435,0
2005.81615296804,2005,10,-15.6141666666667,0,0,78.0342806613435,0
2005.81889269406,2005,10,-20.9070833333333,0,0,78.0342806613435,0
2005.82163242009,2005,10,-23.0554166666667,0,0,78.0342806613435,0
2005.82437214612,2005,10,-20.8141666666667,0,0,78.0342806613435,0
2005.82711187215,2005,10,-24.6466666666667,0,0,78.0342806613435,0
2005.82985159817,2005,10,-27.43,0,0,78.0342806613435,0
2005.8325913242,2005,10,-27.9433333333333,0,0,78.0342806613435,0
2005.83533105023,2005,11,-26.6929166666667,0,0,78.0342806613435,0
2005.83807077626,2005,11,-25.5854166666667,0,0,78.0342806613435,0
2005.84081050228,2005,11,-25.6129166666667,0,0,78.0342806613435,0
2005.84355022831,2005,11,-30.5979166666667,0,0,78.0342806613435,0
2005.84628995434,2005,11,-29.0908333333333,0,0,78.0342806613435,0
2005.84902968036,2005,11,-33.2904166666667,0,0,78.0342806613435,0
2005.85176940639,2005,11,-34.4670833333333,0,0,78.0342806613435,0
2005.85450913242,2005,11,-32.9870833333333,0,0,78.0342806613435,0
2005.85724885845,2005,11,-30.1358333333333,0,0,78.0342806613435,0
2005.85998858447,2005,11,-29.3520833333333,0,0,78.0342806613435,0
2005.8627283105,2005,11,-30.1158333333333,0,0,78.0342806613435,0
2005.86546803653,2005,11,-22.3079166666667,0,0,78.0342806613435,0
2005.86820776256,2005,11,-23.6816666666667,0,0,78.0342806613435,0
2005.87094748858,2005,11,-22.4504166666667,0,0,78.0342806613435,0
2005.87368721461,2005,11,-25.0595833333333,0,0,78.0342806613435,0
2005.87642694064,2005,11,-35.8170833333333,0,0,78.0342806613435,0
2005.87916666667,2005,11,-34.23125,0,0,78.0342806613435,0
2005.88190639269,2005,11,-29.3566666666667,0,0,78.0342806613435,0
2005.88464611872,2005,11,-32.1666666666667,0,0,78.0342806613435,0
2005.88738584475,2005,11,-30.24875,0,0,78.0342806613435,0
2005.89012557078,2005,11,-36.4833333333333,0,0,78.0342806613435,0
2005.8928652968,2005,11,-33.0879166666667,0,0,78.0342806613435,0
2005.89560502283,2005,11,-30.6091666666667,0,0,78.0342806613435,0
2005.89834474886,2005,11,-24.85625,0,0,78.0342806613435,0
2005.90108447489,2005,11,-22.6341666666667,0,0,78.0342806613435,0
2005.90382420091,2005,11,-20.95125,0,0,78.0342806613435,0
2005.90656392694,2005,11,-25.5745833333333,0,0,78.0342806613435,0
2005.90930365297,2005,11,-23.42375,0,0,78.0342806613435,0
2005.912043379,2005,11,-14.8241666666667,0,0,78.0342806613435,0
2005.91478310502,2005,11,-25.2633333333333,0,0,78.0342806613435,0
2005.91752283105,2005,12,-29.8045833333333,0,0,78.0342806613435,0
2005.92026255708,2005,12,-32.62375,0,0,78.0342806613435,0
2005.92300228311,2005,12,-35.98,0,0,78.0342806613435,0
2005.92574200913,2005,12,-33.5670833333333,0,0,78.0342806613435,0
2005.92848173516,2005,12,-29.83625,0,0,78.0342806613435,0
2005.93122146119,2005,12,-12.7038333333333,0,0,78.0342806613435,0
2005.93396118721,2005,12,-8.42895833333333,0,0,78.0342806613435,0
2005.93670091324,2005,12,-10.5993333333333,0,0,78.0342806613435,0
2005.93944063927,2005,12,-2.18583333333333,0,0,78.0342806613435,0
2005.9421803653,2005,12,-14.7325833333333,0,0,78.0342806613435,0
2005.94492009132,2005,12,-20.2929166666667,0,0,78.0342806613435,0
2005.94765981735,2005,12,-18.1054166666667,0,0,78.0342806613435,0
2005.95039954338,2005,12,-23.195,0,0,78.0342806613435,0
2005.95313926941,2005,12,-28.36875,0,0,78.0342806613435,0
2005.95587899543,2005,12,-24.9070833333333,0,0,78.0342806613435,0
2005.95861872146,2005,12,-17.219625,0,0,78.0342806613435,0
2005.96135844749,2005,12,-6.68891666666666,0,0,78.0342806613435,0
2005.96409817352,2005,12,-16.06875,0,0,78.0342806613435,0
2005.96683789954,2005,12,-21.17875,0,0,78.0342806613435,0
2005.96957762557,2005,12,-26.4916666666667,0,0,78.0342806613435,0
2005.9723173516,2005,12,-29.2804166666667,0,0,78.0342806613435,0
2005.97505707763,2005,12,-24.6525,0,0,78.0342806613435,0
2005.97779680365,2005,12,-18.4841666666667,0,0,78.0342806613435,0
2005.98053652968,2005,12,-23.8833333333333,0,0,78.0342806613435,0
2005.98327625571,2005,12,-25.4791666666667,0,0,78.0342806613435,0
2005.98601598173,2005,12,-26.6325,0,0,78.0342806613435,0
2005.98875570776,2005,12,-25.3779166666667,0,0,78.0342806613435,0
2005.99149543379,2005,12,-26.55375,0,0,78.0342806613435,0
2005.99423515982,2005,12,-17.6595833333333,0,0,78.0342806613435,0
2005.99697488584,2005,12,-18.3833333333333,0,0,78.0342806613435,0
2005.99971461187,2005,7,-22.3725,0,0,78.0342806613435,-234.102841984031
2006.0024543379,2006,1,-28.9416666666667,0,0,0,0
2006.00519406393,2006,1,-28.7966666666667,0,0,0,0
2006.00793378995,2006,1,-29.65125,0,0,0,0
2006.01067351598,2006,1,-21.0404166666667,0,0,0,0
2006.01341324201,2006,1,-22.2208333333333,0,0,0,0
2006.01615296804,2006,1,-29.415,0,0,0,0
2006.01889269406,2006,1,-34.2308333333333,0,0,0,0
2006.02163242009,2006,1,-34.6,0,0,0,0
2006.02437214612,2006,1,-28.8229166666667,0,0,0,0
2006.02711187215,2006,1,-27.0895833333333,0,0,0,0
2006.02985159817,2006,1,-32.9704166666667,0,0,0,0
2006.0325913242,2006,1,-30.0891666666667,0,0,0,0
2006.03533105023,2006,1,-30.4116666666667,0,0,0,0
2006.03807077626,2006,1,-30.4075,0,0,0,0
2006.04081050228,2006,1,-31.73125,0,0,0,0
2006.04355022831,2006,1,-25.8575,0,0,0,0
2006.04628995434,2006,1,-29.8220833333333,0,0,0,0
2006.04902968037,2006,1,-26.9679166666667,0,0,0,0
2006.05176940639,2006,1,-34.6095833333333,0,0,0,0
2006.05450913242,2006,1,-39.2275,0,0,0,0
2006.05724885845,2006,1,-39.76125,0,0,0,0
2006.05998858447,2006,1,-27.3025,0,0,0,0
2006.0627283105,2006,1,-25.6491666666667,0,0,0,0
2006.06546803653,2006,1,-30.10625,0,0,0,0
2006.06820776256,2006,1,-36.09,0,0,0,0
2006.07094748858,2006,1,-37.2233333333333,0,0,0,0
2006.07368721461,2006,1,-29.2795833333333,0,0,0,0
2006.07642694064,2006,1,-24.4066666666667,0,0,0,0
2006.07916666667,2006,1,-28.75625,0,0,0,0
2006.08190639269,2006,1,-33.0154166666667,0,0,0,0
2006.08464611872,2006,1,-37.3804166666667,0,0,0,0
2006.08738584475,2006,2,-37.295,0,0,0,0
2006.09012557078,2006,2,-33.7629166666667,0,0,0,0
2006.0928652968,2006,2,-19.1754166666667,0,0,0,0
2006.09560502283,2006,2,-14.1191666666667,0,0,0,0
2006.09834474886,2006,2,-10.0396666666667,0,0,0,0
2006.10108447489,2006,2,-4.73354166666667,0,0,0,0
2006.10382420091,2006,2,-9.105375,0,0,0,0
2006.10656392694,2006,2,-11.0408333333333,0,0,0,0
2006.10930365297,2006,2,-12.17625,0,0,0,0
2006.11204337899,2006,2,-6.10291666666667,0,0,0,0
2006.11478310502,2006,2,-2.119375,0,0,0,0
2006.11752283105,2006,2,-3.316875,0,0,0,0
2006.12026255708,2006,2,-8.00416666666666,0,0,0,0
2006.1230022831,2006,2,-0.550166666666667,0,0,0,1.17593048263917
2006.12574200913,2006,2,0.0245833333333333,0,0,0.391976827546391,0
2006.12848173516,2006,2,-6.13041666666667,0,0,0.391976827546391,0
2006.13122146119,2006,2,-9.30558333333333,0,0,0.391976827546391,0
2006.13396118722,2006,2,-3.57675,0,0,0.391976827546391,0
2006.13670091324,2006,2,-9.71791666666667,0,0,0.391976827546391,0
2006.13944063927,2006,2,-14.3,0,0,0.391976827546391,0
2006.1421803653,2006,2,-22.6245833333333,0,0,0.391976827546391,0
2006.14492009132,2006,2,-28.475,0,0,0.391976827546391,0
2006.14765981735,2006,2,-28.22875,0,0,0.391976827546391,0
2006.15039954338,2006,2,-20.6770833333333,0,0,0.391976827546391,0
2006.15313926941,2006,2,-16.9570833333333,0,0,0.391976827546391,0
2006.15587899543,2006,2,-25.2191666666667,0,0,0.391976827546391,0
2006.15861872146,2006,2,-31.2991666666667,0,0,0.391976827546391,0
2006.16135844749,2006,2,-32.34625,0,0,0.391976827546391,0
2006.16409817352,2006,3,-26.4258333333333,0,0,0.391976827546391,0
2006.16683789954,2006,3,-15.1945833333333,0,0,0.391976827546391,0
2006.16957762557,2006,3,-11.8525,0,0,0.391976827546391,0
2006.1723173516,2006,3,-16.2483333333333,0,0,0.391976827546391,0
2006.17505707763,2006,3,-16.6641666666667,0,0,0.391976827546391,0
2006.17779680365,2006,3,-19.0466666666667,0,0,0.391976827546391,0
2006.18053652968,2006,3,-28.58375,0,0,0.391976827546391,0
2006.18327625571,2006,3,-32.7520833333333,0,0,0.391976827546391,0
2006.18601598174,2006,3,-34.15875,0,0,0.391976827546391,0
2006.18875570776,2006,3,-34.0120833333333,0,0,0.391976827546391,0
2006.19149543379,2006,3,-30.1366666666667,0,0,0.391976827546391,0
2006.19423515982,2006,3,-25.3454166666667,0,0,0.391976827546391,0
2006.19697488584,2006,3,-22.2979166666667,0,0,0.391976827546391,0
2006.19971461187,2006,3,-17.47625,0,0,0.391976827546391,0
2006.2024543379,2006,3,-21.6454166666667,0,0,0.391976827546391,0
2006.20519406393,2006,3,-23.1191666666667,0,0,0.391976827546391,0
2006.20793378995,2006,3,-21.1820833333333,0,0,0.391976827546391,0
2006.21067351598,2006,3,-19.3829166666667,0,0,0.391976827546391,0
2006.21341324201,2006,3,-18.80125,0,0,0.391976827546391,0
2006.21615296804,2006,3,-26.0408333333333,0,0,0.391976827546391,0
2006.21889269406,2006,3,-24.36125,0,0,0.391976827546391,0
2006.22163242009,2006,3,-23.8054166666667,0,0,0.391976827546391,0
2006.22437214612,2006,3,-23.8420833333333,0,0,0.391976827546391,0
2006.22711187215,2006,3,-25.7008333333333,0,0,0.391976827546391,0
2006.22985159817,2006,3,-26.6341666666667,0,0,0.391976827546391,0
2006.2325913242,2006,3,-26.4204166666667,0,0,0.391976827546391,0
2006.23533105023,2006,3,-19.2779166666667,0,0,0.391976827546391,0
2006.23807077625,2006,3,-28.3829166666667,0,0,0.391976827546391,0
2006.24081050228,2006,3,-23.4308333333333,0,0,0.391976827546391,0
2006.24355022831,2006,3,-17.80875,0,0,0.391976827546391,0
2006.24628995434,2006,3,-10.74025,0,0,0.391976827546391,0
2006.24902968036,2006,4,-7.74883333333333,0,0,0.391976827546391,0
2006.25176940639,2006,4,-14.0729166666667,0,0,0.391976827546391,0
2006.25450913242,2006,4,-22.1870833333333,0,0,0.391976827546391,0
2006.25724885845,2006,4,-24.7833333333333,0,0,0.391976827546391,0
2006.25998858448,2006,4,-28.3408333333333,0,0,0.391976827546391,0
2006.2627283105,2006,4,-26.2708333333333,0,0,0.391976827546391,0
2006.26546803653,2006,4,-19.9745833333333,0,0,0.391976827546391,0
2006.26820776256,2006,4,-12.7791666666667,0,0,0.391976827546391,0
2006.27094748859,2006,4,-16.2870833333333,0,0,0.391976827546391,0
2006.27368721461,2006,4,-14.8875,0,0,0.391976827546391,0
2006.27642694064,2006,4,-15.2692916666667,0,0,0.391976827546391,0
2006.27916666667,2006,4,-23.05875,0,0,0.391976827546391,0
2006.28190639269,2006,4,-24.80625,0,0,0.391976827546391,0
2006.28464611872,2006,4,-24.6595833333333,0,0,0.391976827546391,0
2006.28738584475,2006,4,-21.4604166666667,0,0,0.391976827546391,0
2006.29012557078,2006,4,-20.7820833333333,0,0,0.391976827546391,0
2006.2928652968,2006,4,-22.4616666666667,0,0,0.391976827546391,0
2006.29560502283,2006,4,-23.0058333333333,0,0,0.391976827546391,0
2006.29834474886,2006,4,-25.1054166666667,0,0,0.391976827546391,0
2006.30108447489,2006,4,-25.35625,0,0,0.391976827546391,0
2006.30382420091,2006,4,-23.4316666666667,0,0,0.391976827546391,0
2006.30656392694,2006,4,-18.8129166666667,0,0,0.391976827546391,0
2006.30930365297,2006,4,-8.78616666666667,0,0,0.391976827546391,0
2006.312043379,2006,4,-13.1092916666667,0,0,0.391976827546391,0
2006.31478310502,2006,4,-14.7883333333333,0,0,0.391976827546391,0
2006.31752283105,2006,4,-18.8075,0,0,0.391976827546391,0
2006.32026255708,2006,4,-17.4404166666667,0,0,0.391976827546391,0
2006.32300228311,2006,4,-22.6925,0,0,0.391976827546391,0
2006.32574200913,2006,4,-18.0991666666667,0,0,0.391976827546391,0
2006.32848173516,2006,4,-16.79,0,0,0.391976827546391,0
2006.33122146119,2006,5,-14.3944583333333,0,0,0.391976827546391,0
2006.33396118721,2006,5,-6.23754166666667,0,0,0.391976827546391,0
2006.33670091324,2006,5,-4.247,0,0,0.391976827546391,0
2006.33944063927,2006,5,-2.38625,0,0,0.391976827546391,0
2006.3421803653,2006,5,-5.154125,0,0,0.391976827546391,0
2006.34492009132,2006,5,-10.4933333333333,0,0,0.391976827546391,0
2006.34765981735,2006,5,-9.75870833333334,0,0,0.391976827546391,0
2006.35039954338,2006,5,-4.16054166666667,0,0,0.391976827546391,0
2006.35313926941,2006,5,-0.490666666666667,0,0,0.391976827546391,0
2006.35587899543,2006,5,-3.1195,0,0,0.391976827546391,0
2006.35861872146,2006,5,-5.02158333333333,0,0,0.391976827546391,1.27308079744918
2006.36135844749,2006,5,0.0820416666666667,0,0,0.816337093362785,8.15250688949472
2006.36409817352,2006,5,1.89145833333333,0,0,3.53383938986102,6.83551139396358
2006.36683789954,2006,5,3.40725,0,0,5.81234318784888,6.52260445911738
2006.36957762557,2006,5,4.80025,0,0,7.98654467422135,4.67831337672197
2006.3723173516,2006,5,4.37454166666667,0,20.4196056338028,9.545982466462,2.28511741476202
2006.37505707763,2006,5,2.419625,0,25.8104788732394,10.3076882713827,2.45298854001594
2006.37779680365,2006,5,2.804,0,36.7625915492958,11.1253511180547,3.95782871025575
2006.38053652968,2006,5,4.97525,0,60.0753802816901,12.4446273548066,2.55952082064388
2006.38327625571,2006,5,3.51404166666667,0,86.4562816901408,13.2978009616879,0
2006.38601598174,2006,5,-3.47058333333333,0,45.3980281690141,13.2978009616879,0
2006.38875570776,2006,5,-1.24945833333333,150,29.8658028169014,13.2978009616879,2.68963180893162
2006.39149543379,2006,5,3.94366666666667,0,33.0708169014085,14.1943448979984,4.46287871779859
2006.39423515982,2006,5,7.11116666666667,0,43.956,15.6819711372646,4.50772218987836
2006.39697488585,2006,5,7.9015,6,49.488338028169,17.1845452005574,0.287023212139218
2006.39971461187,2006,5,0.527583333333334,324,52.1609577464789,17.2802196046038,3.14347241966362
2006.4024543379,2006,5,5.96979166666667,84,66.2055211267606,18.3280437444917,3.28474312282263
2006.40519406393,2006,5,6.61345833333333,72,53.9787042253521,19.4229581187659,0
2006.40793378995,2006,5,-1.12129166666667,24,40.9396056338028,19.4229581187659,1.67105651203087
2006.41067351598,2006,5,3.51170833333333,0,25.7405070422535,19.9799769561095,0.188077112561739
2006.41341324201,2006,5,0.401458333333333,6,20.7755492957747,20.0426693269634,1.82293026866335
2006.41615296804,2006,6,3.95629166666667,0,15.4394366197183,20.6503127498512,0.466738783879816
2006.41889269406,2006,6,1.03195833333333,0,9.24388732394366,20.8058923444778,0
2006.42163242009,2006,6,-7.59583333333334,0,6.29898591549296,20.8058923444778,0
2006.42437214612,2006,6,-5.40629166666667,204,7.49307042253521,20.8058923444778,1.53343955181474
2006.42711187215,2006,6,3.44495833333333,6,7.97983098591549,21.3170388617494,1.63513983520934
2006.42985159817,2006,6,3.76554166666667,0,12.012338028169,21.8620854734858,1.90869130713173
2006.4325913242,2006,6,4.51575,0,21.3642253521127,22.4983159091964,3.63537940156155
2006.43533105023,2006,6,8.95920833333333,0,29.2725633802817,23.7101090430503,4.60729562202886
2006.43807077626,2006,6,12.0295833333333,0,32.0653521126761,25.2458742503932,4.45471926942731
2006.44081050228,2006,6,12.348875,0,31.5314366197183,26.7307806735356,3.60364348884335
2006.44355022831,2006,6,10.505875,0,25.7009577464789,27.9319951698168,3.89956383599825
2006.44628995434,2006,6,11.88875,0,20.9383098591549,29.2318497818162,3.6935099354632
2006.44902968037,2006,6,11.759125,114,22.1339154929577,30.4630197603039,2.92068222944338
2006.45176940639,2006,6,9.64208333333333,228,61.1401690140845,31.4365805034517,1.35446613806478
2006.45450913242,2006,6,4.57445833333333,6,99.2900281690141,31.88806921614,0.997646578053534
2006.45724885845,2006,6,3.41108333333333,6,46.3517746478873,32.2206180754911,2.65827213268904
2006.45998858447,2006,6,9.26175,6,32.0318873239437,33.1067087863875,3.33811277681725
2006.4627283105,2006,6,11.98625,48,28.5393802816901,34.2194130453266,3.4789951411579
2006.46546803653,2006,6,12.91375,96,35.7662535211268,35.3790780923792,3.01772295110739
2006.46820776256,2006,6,11.5500833333333,12,32.7422535211268,36.3849857427483,2.7133631030713
2006.47094748858,2006,6,10.661625,36,27.0806197183099,37.2894401104388,2.86839254320348
2006.47368721461,2006,6,11.5554166666667,42,24.6605070422535,38.2455709581733,2.74425965401352
2006.47642694064,2006,6,11.3291666666667,96,50.362985915493,39.1603241761778,3.22189094205714
2006.47916666667,2006,6,13.6427083333333,0,59.7437746478873,40.2342878235302,3.13199379908139
2006.48190639269,2006,6,13.6158333333333,132,41.0187042253521,41.2782857565573,2.08209825062335
2006.48464611872,2006,6,9.24458333333333,78,80.2394366197183,41.9723185067651,2.65072485661759
2006.48738584475,2006,6,11.9923333333333,0,78.5874929577465,42.8558934589709,2.31198465455802
2006.49012557078,2006,6,10.6637916666667,6,48.6821408450704,43.6265550104903,2.4538072991859
2006.4928652968,2006,6,11.5258333333333,0,36.6074366197183,44.4444907768856,1.91583739493857
2006.49560502283,2006,6,9.14775,282,34.9630985915493,45.0831032418651,1.2556524094861
2006.49834474886,2006,7,6.06629166666667,300,55.296,45.5016540450271,1.14424384246866
2006.50108447489,2006,7,5.576875,0,95.9785352112676,45.8830686591833,1.9354037802954
2006.50382420091,2006,7,9.53883333333333,0,57.0194366197183,46.5282032526151,1.75322521124554
2006.50656392694,2006,7,8.75591666666667,108,38.8085070422535,47.1126116563637,1.17548677663214
2006.50930365297,2006,7,5.93179166666667,0,42.0485070422535,47.5044405819077,0.56273429615969
2006.512043379,2006,7,2.85708333333333,0,32.110985915493,47.6920186806276,0.829300225700237
2006.51478310502,2006,7,4.231,0,23.8254084507042,47.9684520891943,2.31966563786921
2006.51752283105,2006,7,11.9645416666667,0,17.4823098591549,48.7416739684841,2.22760627101349
2006.52026255708,2006,7,11.6697916666667,168,23.7782535211268,49.4842093921552,2.15931109130941
2006.52300228311,2006,7,11.4804166666667,36,41.9465915492958,50.203979755925,1.98468739464484
2006.52574200913,2006,7,10.6982083333333,60,45.5212394366197,50.8655422208067,2.79193620097094
2006.52848173516,2006,7,15.2866666666667,84,45.9699718309859,51.7961876211303,0
2006.53122146119,2006,7,NaN,0,36.0430985915493,51.7961876211303,0
2006.53396118721,2006,7,NaN,0,25.9276056338028,51.7961876211303,0
2006.53670091324,2006,7,NaN,0,18.7950422535211,51.7961876211303,0
2006.53944063927,2006,7,NaN,0,16.057014084507,51.7961876211303,0
2006.5421803653,2006,7,NaN,0,16.7506478873239,51.7961876211303,1.3802440917384
2006.54492009132,2006,7,7.65961538461538,144,12.9189295774648,52.2562689850431,1.37197117984321
2006.54765981735,2006,7,7.68083333333333,228,21.7749295774648,52.7135927116575,1.93063978257641
2006.55039954338,2006,7,10.9218333333333,192,38.1072676056338,53.3571393058496,0.801489770117975
2006.55313926941,2006,7,4.57304166666667,108,60.2107605633803,53.6243025625556,1.11879326606898
2006.55587899543,2006,7,6.42166666666667,180,85.2043943661972,53.9972336512453,1.71765303721541
2006.55861872146,2006,7,9.945625,66,153.582084507042,54.5697846636504,2.9499713080988
2006.56135844749,2006,7,17.3258333333333,0,97.7095774647887,55.5531084330167,2.91151007406057
2006.56409817352,2006,7,17.4033333333333,30,50.3416901408451,56.5236117910369,2.08530552821161
2006.56683789954,2006,7,12.65,102,33.4389295774648,57.2187136337741,1.92076772748873
2006.56957762557,2006,7,11.7886666666667,0,29.7471549295775,57.858969542937,2.42734670791261
2006.5723173516,2006,7,15.0854166666667,12,22.9051267605634,58.6680851122412,1.795610883374
2006.57505707763,2006,7,11.294125,18,18.2580845070423,59.2666220733659,1.7231657016717
2006.57779680365,2006,7,10.94625,36,14.1601690140845,59.8410106405898,1.84362085757877
2006.58053652968,2006,7,11.8283333333333,0,11.9606197183099,60.4555509264494,1.29946662401748
2006.58327625571,2006,8,8.40975,12,10.2889014084507,60.8887064677885,1.92721807224487
2006.58601598173,2006,8,12.5829166666667,72,8.73735211267606,61.5311124918701,1.36299414994784
2006.58875570776,2006,8,8.97879166666667,48,11.6274929577465,61.9854438751861,1.61511581950091
2006.59149543379,2006,8,10.7251666666667,36,15.0865352112676,62.5238158150197,2.44907222751357
2006.59423515982,2006,8,16.44,0,20.568676056338,63.3401732241909,0
2006.59697488584,2006,8,NaN,0,28.4815774647887,63.3401732241909,0
2006.59971461187,2006,8,NaN,0,43.4525070422535,63.3401732241909,0
2006.6024543379,2006,8,NaN,0,116.319042253521,63.3401732241909,0
2006.60519406393,2006,8,NaN,0,70.3901408450704,63.3401732241909,0
2006.60793378995,2006,8,NaN,0,42.6995492957746,63.3401732241909,0
2006.61067351598,2006,8,NaN,0,37.1063661971831,63.3401732241909,0
2006.61341324201,2006,8,NaN,0,41.8325070422535,63.3401732241909,0
2006.61615296804,2006,8,NaN,0,36.8356056338028,63.3401732241909,0
2006.61889269406,2006,8,NaN,0,44.2571830985916,63.3401732241909,0
2006.62163242009,2006,8,NaN,0,71.4792676056338,63.3401732241909,0
2006.62437214612,2006,8,NaN,0,108.228169014085,63.3401732241909,0
2006.62711187215,2006,8,NaN,0,82.644338028169,63.3401732241909,0
2006.62985159817,2006,8,NaN,0,62.3935774647887,63.3401732241909,0
2006.6325913242,2006,8,NaN,0,55.3325070422535,63.3401732241909,0
2006.63533105023,2006,8,NaN,0,54.7058028169014,63.3401732241909,0
2006.63807077626,2006,8,NaN,0,60.5819154929578,63.3401732241909,0.042770172243408
2006.64081050228,2006,8,0.289,12,52.139661971831,63.3544299482721,0.350684144449126
2006.64355022831,2006,8,2.37204166666667,0,47.5412957746479,63.4713246630884,0.670444339086664
2006.64628995434,2006,8,4.54708333333333,0,50.328,63.6948061094507,0.552633452833113
2006.64902968037,2006,8,3.76008333333333,0,42.3162253521127,63.879017260395,0.165616400554811
2006.65176940639,2006,8,1.12895833333333,24,34.5326197183099,63.9342227272466,0.0235273778984251
2006.65450913242,2006,8,0.160458333333333,0,27.5932394366197,63.9420651865461,0.211207835858062
2006.65724885845,2006,8,1.44133333333333,6,22.0380845070423,64.0124677984988,0.268290560466895
2006.65998858448,2006,8,1.83316666666667,0,18.7311549295775,64.1018979853211,0.529177735815054
2006.6627283105,2006,8,3.62325,0,17.5279436619718,64.2782905639261,0.927660781309982
2006.66546803653,2006,8,6.37566666666667,0,15.9946478873239,64.5875108243628,1.10895624546335
2006.66820776256,2006,9,7.66183333333333,0,5.41825352112676,64.9571629061839,1.26024974856799
2006.67094748858,2006,9,8.76020833333333,0,0,65.3772461557065,1.08403071826932
2006.67368721461,2006,9,7.58045833333333,0,0,65.738589728463,0.985068641762012
2006.67642694064,2006,9,6.92466666666667,0,0,66.0669459423837,0.930958015161991
2006.67916666667,2006,9,6.576,0,0,66.377265280771,0.519960167707183
2006.68190639269,2006,9,3.68625,0,0,66.5505853366734,0.364474401125761
2006.68464611872,2006,9,2.58966666666667,30,0,66.6720768037153,0.712987667300794
2006.68738584475,2006,9,5.07958333333333,0,0,66.9097393594822,1.22430246312395
2006.69012557078,2006,9,8.76454166666666,0,0,67.3178401805235,1.31918788330525
2006.6928652968,2006,9,9.50345833333333,24,0,67.7575694749586,1.66767221150481
2006.69560502283,2006,9,12.1025,6,0,68.3134602121269,1.49766301203357
2006.69834474886,2006,9,10.953,12,0,68.8126812161381,1.12776351375925
2006.70108447489,2006,9,8.30041666666667,264,0,69.1886023873912,0.976121902186563
2006.70382420091,2006,9,7.22083333333333,0,0,69.5139763547867,0.86117783208644
2006.70656392694,2006,9,6.39866666666667,0,0,69.8010356321488,0
2006.70930365297,2006,9,-0.480625,6,0,69.8010356321488,0
2006.712043379,2006,9,-1.37725,36,0,69.8010356321488,0.311295825766663
2006.71478310502,2006,9,2.31945833333333,0,0,69.9048009074044,0.223081104245523
2006.71752283105,2006,9,1.66429166666667,138,0,69.9791612754862,0
2006.72026255708,2006,9,-0.7345,72,0,69.9791612754862,0
2006.7230022831,2006,9,-1.70825,0,0,69.9791612754862,0
2006.72574200913,2006,9,-1.12366666666667,6,0,69.9791612754862,0.347990491513627
2006.72848173516,2006,9,2.59970833333333,0,0,70.0951581059908,0.118354863282349
2006.73122146119,2006,9,0.885166666666667,0,0,70.1346097270849,0
2006.73396118721,2006,9,-0.644375,84,0,70.1346097270849,0
2006.73670091324,2006,9,-0.354708333333333,42,0,70.1346097270849,0
2006.73944063927,2006,9,-1.9685,0,0,70.1346097270849,0
2006.7421803653,2006,9,-2.46695833333333,0,0,70.1346097270849,0
2006.74492009132,2006,9,-2.70004166666667,0,0,70.1346097270849,0
2006.74765981735,2006,9,-2.21920833333333,0,0,70.1346097270849,0
2006.75039954338,2006,10,-2.09154166666667,0,0,70.1346097270849,0
2006.75313926941,2006,10,-3.47883333333333,0,0,70.1346097270849,0
2006.75587899543,2006,10,-4.23741666666667,0,0,70.1346097270849,0
2006.75861872146,2006,10,-1.777375,0,0,70.1346097270849,0.359681113185545
2006.76135844749,2006,10,2.69308333333333,0,0,70.2545034314801,0.884126393013958
2006.76409817352,2006,10,6.639375,0,0,70.5492122291514,0.202808622166572
2006.76683789954,2006,10,1.52691666666667,0,0,70.6168151032069,0
2006.76957762557,2006,10,-4.06441666666667,0,0,70.6168151032069,0
2006.7723173516,2006,10,-11.0003333333333,0,0,70.6168151032069,0
2006.77505707763,2006,10,-9.0725,0,0,70.6168151032069,0
2006.77779680365,2006,10,-7.66658333333333,0,0,70.6168151032069,0
2006.78053652968,2006,10,-3.24508333333333,0,0,70.6168151032069,0
2006.78327625571,2006,10,-3.89245833333333,0,0,70.6168151032069,0
2006.78601598174,2006,10,-6.846,0,0,70.6168151032069,0
2006.78875570776,2006,10,-6.73408333333333,0,0,70.6168151032069,0
2006.79149543379,2006,10,-2.259625,0,0,70.6168151032069,0
2006.79423515982,2006,10,-7.30508333333333,0,0,70.6168151032069,0
2006.79697488584,2006,10,-9.13475,0,0,70.6168151032069,0
2006.79971461187,2006,10,-11.8629166666667,0,0,70.6168151032069,0
2006.8024543379,2006,10,-16.1425,0,0,70.6168151032069,0
2006.80519406393,2006,10,-17.4745833333333,0,0,70.6168151032069,0
2006.80793378995,2006,10,-14.5529166666667,0,0,70.6168151032069,0
2006.81067351598,2006,10,-20.2366666666667,0,0,70.6168151032069,0
2006.81341324201,2006,10,-9.61554166666667,0,0,70.6168151032069,0
2006.81615296804,2006,10,-6.35554166666667,0,0,70.6168151032069,0
2006.81889269406,2006,10,-10.378,0,0,70.6168151032069,0
2006.82163242009,2006,10,-18.2879166666667,0,0,70.6168151032069,0
2006.82437214612,2006,10,-12.360125,0,0,70.6168151032069,0
2006.82711187215,2006,10,-6.816125,0,0,70.6168151032069,0
2006.82985159817,2006,10,-6.78491666666667,0,0,70.6168151032069,0
2006.8325913242,2006,10,-15.4211666666667,0,0,70.6168151032069,0
2006.83533105023,2006,11,-7.880875,0,0,70.6168151032069,0
2006.83807077626,2006,11,-10.6529166666667,0,0,70.6168151032069,0
2006.84081050228,2006,11,-16.5929166666667,0,0,70.6168151032069,0
2006.84355022831,2006,11,-23.0508333333333,0,0,70.6168151032069,0
2006.84628995434,2006,11,-27.235,0,0,70.6168151032069,0
2006.84902968036,2006,11,-26.2454166666667,0,0,70.6168151032069,0
2006.85176940639,2006,11,-23.595,0,0,70.6168151032069,0
2006.85450913242,2006,11,-18.6316666666667,0,0,70.6168151032069,0
2006.85724885845,2006,11,-28.4025,0,0,70.6168151032069,0
2006.85998858447,2006,11,-21.8829166666667,0,0,70.6168151032069,0
2006.8627283105,2006,11,-29.5958333333333,0,0,70.6168151032069,0
2006.86546803653,2006,11,-31.3375,0,0,70.6168151032069,0
2006.86820776256,2006,11,-27.66125,0,0,70.6168151032069,0
2006.87094748858,2006,11,-25.08625,0,0,70.6168151032069,0
2006.87368721461,2006,11,-28.6295833333333,0,0,70.6168151032069,0
2006.87642694064,2006,11,-23.3066666666667,0,0,70.6168151032069,0
2006.87916666667,2006,11,-25.3225,0,0,70.6168151032069,0
2006.88190639269,2006,11,-15.71375,0,0,70.6168151032069,0
2006.88464611872,2006,11,-23.5175,0,0,70.6168151032069,0
2006.88738584475,2006,11,-29.76125,0,0,70.6168151032069,0
2006.89012557078,2006,11,-27.2770833333333,0,0,70.6168151032069,0
2006.8928652968,2006,11,-20.215,0,0,70.6168151032069,0
2006.89560502283,2006,11,-9.94666666666667,0,0,70.6168151032069,0
2006.89834474886,2006,11,-8.13358333333333,0,0,70.6168151032069,0
2006.90108447489,2006,11,-15.4133333333333,0,0,70.6168151032069,0
2006.90382420091,2006,11,-11.6457916666667,0,0,70.6168151032069,0
2006.90656392694,2006,11,-7.251,0,0,70.6168151032069,0
2006.90930365297,2006,11,-6.5635,0,0,70.6168151032069,0
2006.912043379,2006,11,-13.0368333333333,0,0,70.6168151032069,0
2006.91478310502,2006,11,-9.05245833333333,0,0,70.6168151032069,0
2006.91752283105,2006,12,-10.0729166666667,0,0,70.6168151032069,0
2006.92026255708,2006,12,-14.9658333333333,0,0,70.6168151032069,0
2006.92300228311,2006,12,-15.7433333333333,0,0,70.6168151032069,0
2006.92574200913,2006,12,-18.3341666666667,0,0,70.6168151032069,0
2006.92848173516,2006,12,-8.3325,0,0,70.6168151032069,0
2006.93122146119,2006,12,-14.6140833333333,0,0,70.6168151032069,0
2006.93396118721,2006,12,-9.09879166666667,0,0,70.6168151032069,0
2006.93670091324,2006,12,-14.402375,0,0,70.6168151032069,0
2006.93944063927,2006,12,-21.1333333333333,0,0,70.6168151032069,0
2006.9421803653,2006,12,-26.2879166666667,0,0,70.6168151032069,0
2006.94492009132,2006,12,-23.01875,0,0,70.6168151032069,0
2006.94765981735,2006,12,-21.2254166666667,0,0,70.6168151032069,0
2006.95039954338,2006,12,-23.3445833333333,0,0,70.6168151032069,0
2006.95313926941,2006,12,-23.71875,0,0,70.6168151032069,0
2006.95587899543,2006,12,-21.8083333333333,0,0,70.6168151032069,0
2006.95861872146,2006,12,-19.1916666666667,0,0,70.6168151032069,0
2006.96135844749,2006,12,-18.9216666666667,0,0,70.6168151032069,0
2006.96409817352,2006,12,-20.9625,0,0,70.6168151032069,0
2006.96683789954,2006,12,-21.1029166666667,0,0,70.6168151032069,0
2006.96957762557,2006,12,-24.20875,0,0,70.6168151032069,0
2006.9723173516,2006,12,-27.7345833333333,0,0,70.6168151032069,0
2006.97505707763,2006,12,-27.2070833333333,0,0,70.6168151032069,0
2006.97779680365,2006,12,-27.1470833333333,0,0,70.6168151032069,0
2006.98053652968,2006,12,-30.9070833333333,0,0,70.6168151032069,0
2006.98327625571,2006,12,-29.1516666666667,0,0,70.6168151032069,0
2006.98601598173,2006,12,-30.5408333333333,0,0,70.6168151032069,0
2006.98875570776,2006,12,-29.2020833333333,0,0,70.6168151032069,0
2006.99149543379,2006,12,-29.7766666666667,0,0,70.6168151032069,0
2006.99423515982,2006,12,-30.6841666666667,0,0,70.6168151032069,0
2006.99697488584,2006,12,-28.8441666666667,0,0,70.6168151032069,0
2006.99971461187,2006,7,-33.22,0,0,70.6168151032069,-211.850445309621
2007.0024543379,2007,1,-38.6491666666667,0,0,0,0
2007.00519406393,2007,1,-36.9366666666667,0,0,0,0
2007.00793378995,2007,1,-35.6779166666667,0,0,0,0
2007.01067351598,2007,1,-32.5125,0,0,0,0
2007.01341324201,2007,1,-33.7754166666667,0,0,0,0
2007.01615296804,2007,1,-33.0395833333333,0,0,0,0
2007.01889269406,2007,1,-35.5854166666667,0,0,0,0
2007.02163242009,2007,1,-32.3870833333333,0,0,0,0
2007.02437214612,2007,1,-23.8433333333333,0,0,0,0
2007.02711187215,2007,1,-13,0,0,0,0
2007.02985159817,2007,1,-14.44125,0,0,0,0
2007.0325913242,2007,1,-14.44375,0,0,0,0
2007.03533105023,2007,1,-14.0841666666667,0,0,0,0
2007.03807077626,2007,1,-22.7329166666667,0,0,0,0
2007.04081050228,2007,1,-28.5725,0,0,0,0
2007.04355022831,2007,1,-26.7566666666667,0,0,0,0
2007.04628995434,2007,1,-12.1063333333333,0,0,0,0
2007.04902968037,2007,1,-11.5072916666667,0,0,0,0
2007.05176940639,2007,1,-19.535,0,0,0,0
2007.05450913242,2007,1,-24.8325,0,0,0,0
2007.05724885845,2007,1,-28.2379166666667,0,0,0,0
2007.05998858447,2007,1,-29.2695833333333,0,0,0,0
2007.0627283105,2007,1,-31.4791666666667,0,0,0,0
2007.06546803653,2007,1,-29.4479166666667,0,0,0,0
2007.06820776256,2007,1,-23.1658333333333,0,0,0,0
2007.07094748858,2007,1,-9.38329166666667,0,0,0,0
2007.07368721461,2007,1,-7.05208333333333,0,0,0,0
2007.07642694064,2007,1,-5.08791666666667,0,0,0,0
2007.07916666667,2007,1,-10.5704583333333,0,0,0,0
2007.08190639269,2007,1,-10.858125,0,0,0,0
2007.08464611872,2007,1,-0.737666666666667,0,0,0,0
2007.08738584475,2007,2,-4.590625,0,0,0,0
2007.09012557078,2007,2,-1.15720833333333,0,0,0,0
2007.0928652968,2007,2,-10.9608333333333,0,0,0,0
2007.09560502283,2007,2,-7.87279166666667,0,0,0,0
2007.09834474886,2007,2,-14.3770833333333,0,0,0,0
2007.10108447489,2007,2,-12.8666666666667,0,0,0,0
2007.10382420091,2007,2,-11.8833333333333,0,0,0,0
2007.10656392694,2007,2,-14.1333333333333,0,0,0,0
2007.10930365297,2007,2,-21.0608333333333,0,0,0,0
2007.11204337899,2007,2,-26.1429166666667,0,0,0,0
2007.11478310502,2007,2,-15.7354166666667,0,0,0,0
2007.11752283105,2007,2,-24.115,0,0,0,0
2007.12026255708,2007,2,-26.2845833333333,0,0,0,0
2007.1230022831,2007,2,-23.8125,0,0,0,0
2007.12574200913,2007,2,-26.2183333333333,0,0,0,0
2007.12848173516,2007,2,-28.4858333333333,0,0,0,0
2007.13122146119,2007,2,-30.7395833333333,0,0,0,0
2007.13396118722,2007,2,-32.3470833333333,0,0,0,0
2007.13670091324,2007,2,-33.8958333333333,0,0,0,0
2007.13944063927,2007,2,-29.1670833333333,0,0,0,0
2007.1421803653,2007,2,-35.9108333333333,0,0,0,0
2007.14492009132,2007,2,-37.1516666666667,0,0,0,0
2007.14765981735,2007,2,-32.7195833333333,0,0,0,0
2007.15039954338,2007,2,-25.7566666666667,0,0,0,0
2007.15313926941,2007,2,-22.5008333333333,0,0,0,0
2007.15587899543,2007,2,-31.03125,0,0,0,0
2007.15861872146,2007,2,-31.1170833333333,0,0,0,0
2007.16135844749,2007,2,-34.415,0,0,0,0
2007.16409817352,2007,3,-26.5166666666667,0,0,0,0
2007.16683789954,2007,3,-24.54875,0,0,0,0
2007.16957762557,2007,3,-29.9529166666667,0,0,0,0
2007.1723173516,2007,3,-37.77875,0,0,0,0
2007.17505707763,2007,3,-34.9666666666667,0,0,0,0
2007.17779680365,2007,3,-29.7545833333333,0,0,0,0
2007.18053652968,2007,3,-33.4145833333333,0,0,0,0
2007.18327625571,2007,3,-37.7141666666667,0,0,0,0
2007.18601598174,2007,3,-38.66875,0,0,0,0
2007.18875570776,2007,3,-36.4091666666667,0,0,0,0
2007.19149543379,2007,3,-29.5875,0,0,0,0
2007.19423515982,2007,3,-37.3875,0,0,0,0
2007.19697488584,2007,3,-34.04875,0,0,0,0
2007.19971461187,2007,3,-34.4454166666667,0,0,0,0
2007.2024543379,2007,3,-30.8795833333333,0,0,0,0
2007.20519406393,2007,3,-30.5991666666667,0,0,0,0
2007.20793378995,2007,3,-25.4708333333333,0,0,0,0
2007.21067351598,2007,3,-22.1429166666667,0,0,0,0
2007.21341324201,2007,3,-27.5154166666667,0,0,0,0
2007.21615296804,2007,3,-28.1141666666667,0,0,0,0
2007.21889269406,2007,3,-29.0083333333333,0,0,0,0
2007.22163242009,2007,3,-30.0245833333333,0,0,0,0
2007.22437214612,2007,3,-33.35375,0,0,0,0
2007.22711187215,2007,3,-33.0541666666667,0,0,0,0
2007.22985159817,2007,3,-31.3966666666667,0,0,0,0
2007.2325913242,2007,3,-22.75375,0,0,0,0
2007.23533105023,2007,3,-20.01875,0,0,0,0
2007.23807077625,2007,3,-20.9595833333333,0,0,0,0
2007.24081050228,2007,3,-13.8879166666667,0,0,0,0
2007.24355022831,2007,3,-13.8767083333333,0,0,0,0
2007.24628995434,2007,3,-8.90141666666667,0,0,0,0
2007.24902968036,2007,4,-10.012,0,0,0,0
2007.25176940639,2007,4,-12.8014583333333,0,0,0,0
2007.25450913242,2007,4,-15.3616666666667,0,0,0,0
2007.25724885845,2007,4,-18.7720833333333,0,0,0,0
2007.25998858448,2007,4,-18.3870833333333,0,0,0,0
2007.2627283105,2007,4,-18.3645833333333,0,0,0,0
2007.26546803653,2007,4,-18.4379166666667,0,0,0,0
2007.26820776256,2007,4,-18.3441666666667,0,0,0,0
2007.27094748859,2007,4,-19.5058333333333,0,0,0,0
2007.27368721461,2007,4,-11.0532083333333,0,0,0,0
2007.27642694064,2007,4,-6.36720833333333,0,0,0,0
2007.27916666667,2007,4,-16.7045833333333,0,0,0,0
2007.28190639269,2007,4,-17.35875,0,0,0,0
2007.28464611872,2007,4,-10.21,0,0,0,0
2007.28738584475,2007,4,-10.4075833333333,0,0,0,0
2007.29012557078,2007,4,-8.826875,0,0,0,0
2007.2928652968,2007,4,-3.439,0,0,0,0
2007.29560502283,2007,4,-0.627958333333334,0,0,0,0
2007.29834474886,2007,4,-3.40454166666667,0,0,0,0
2007.30108447489,2007,4,-3.24641666666667,0,0,0,0
2007.30382420091,2007,4,-7.89395833333333,0,0,0,0
2007.30656392694,2007,4,-10.9402916666667,0,0,0,0
2007.30930365297,2007,4,-7.84079166666667,0,0,0,0
2007.312043379,2007,4,-0.505125,0,0,0,0
2007.31478310502,2007,4,-1.75295833333333,0,0,0,0
2007.31752283105,2007,4,-8.70108333333333,0,0,0,0
2007.32026255708,2007,4,-12.758625,0,0,0,0
2007.32300228311,2007,4,-10.8359583333333,0,0,0,0
2007.32574200913,2007,4,-13.27825,0,0,0,0
2007.32848173516,2007,4,-10.6399583333333,0,0,0,0
2007.33122146119,2007,5,-4.940125,0,0,0,0
2007.33396118721,2007,5,-5.46345833333333,0,0,0,0
2007.33670091324,2007,5,-2.071125,0,0,0,5.91343808625744
2007.33944063927,2007,5,0.621666666666667,0,0,1.97114602875248,0
2007.3421803653,2007,5,-6.43429166666667,0,0,1.97114602875248,0
2007.34492009132,2007,5,-11.9308333333333,0,0,1.97114602875248,0
2007.34765981735,2007,5,-9.33941666666667,0,0,1.97114602875248,0
2007.35039954338,2007,5,-7.096125,0,0,1.97114602875248,0
2007.35313926941,2007,5,-8.75270833333334,0,0,1.97114602875248,0
2007.35587899543,2007,5,-11.8866666666667,0,0,1.97114602875248,0
2007.35861872146,2007,5,-13.0258333333333,0,0,1.97114602875248,0
2007.36135844749,2007,5,-16.015,0,0,1.97114602875248,0
2007.36409817352,2007,5,-17.80875,0,0,1.97114602875248,0
2007.36683789954,2007,5,-10.2770416666667,0,0,1.97114602875248,0
2007.36957762557,2007,5,-4.35708333333333,0,0,1.97114602875248,0
2007.3723173516,2007,5,-0.953416666666667,0,0,1.97114602875248,2.33769819912775
2007.37505707763,2007,5,0.588666666666666,0,0,2.75037876179506,0
2007.37779680365,2007,5,-3.30995833333333,0,0,2.75037876179506,0
2007.38053652968,2007,5,-0.312166666666667,0,0.101915492957746,2.75037876179506,4.85080774975708
2007.38327625571,2007,5,1.84141666666667,0,1.28230985915493,4.36731467838075,4.74368305526843
2007.38601598174,2007,5,2.609875,0,9.09785915492958,5.94854236347023,7.4199312351043
2007.38875570776,2007,5,5.68679166666667,0,10.7923943661972,8.42185277517166,3.42116552019454
2007.39149543379,2007,5,3.28141666666667,0,33.5910422535211,9.56224128190318,2.56977547843103
2007.39423515982,2007,5,2.7385,0,96.6128450704226,10.4188331080469,1.5005609835244
2007.39697488585,2007,5,1.70766666666667,0,160.635549295775,10.919020102555,3.27830643460644
2007.39971461187,2007,5,4.00929166666667,0,169.744056338028,12.0117889140905,0.211669774525385
2007.4024543379,2007,5,0.272,0,166.13138028169,12.0823455055989,3.25771992151074
2007.40519406393,2007,5,4.38716666666667,0,92.0388169014085,13.1682521461025,3.45258068237536
2007.40793378995,2007,5,5.06145833333333,0,74.5123943661972,14.319112373561,2.32081365317272
2007.41067351598,2007,5,3.6405,0,56.7760563380282,15.0927169246185,5.55929697630197
2007.41341324201,2007,5,9.49929166666667,0,40.6201690140845,16.9458159167192,5.62961261471357
2007.41615296804,2007,6,10.73925,24,30.24,18.822353454957,6.10771365589542
2007.41889269406,2007,6,12.92575,0,26.7277183098592,20.8582580069222,6.19811989464172
2007.42163242009,2007,6,14.4730416666667,0,24.7441690140845,22.9242979718028,6.99396683188678
2007.42437214612,2007,6,17.9716666666667,0,21.2212394366197,25.2556202490983,6.87151751910124
2007.42711187215,2007,6,19.3508333333333,0,19.7350985915493,27.5461260887988,5.39029248921605
2007.42985159817,2007,6,16.3545833333333,0,16.2578028169014,29.3428902518708,4.49847897623663
2007.4325913242,2007,6,14.4395833333333,0,11.5666478873239,30.8423832439497,3.80435796423144
2007.43533105023,2007,6,12.7730833333333,0,7.79729577464789,32.1105025653601,3.72325465309515
2007.43807077626,2007,6,12.9990416666667,0,5.75898591549296,33.3515874497252,3.20470679893694
2007.44081050228,2007,6,11.5833333333333,0,6.15295774647887,34.4198230493708,1.86590243268144
2007.44355022831,2007,6,6.91245833333333,0,4.81892957746479,35.0417905269313,0.88406196169791
2007.44628995434,2007,6,3.31833333333333,0,3.13808450704225,35.3364778474973,2.02912294314432
2007.44902968037,2007,6,7.72141666666667,0,2.65892957746479,36.0128521618787,2.93464551601826
2007.45176940639,2007,6,11.4261666666667,12,2.87797183098592,36.9910673338848,2.73240059777773
2007.45450913242,2007,6,10.914,24,5.8943661971831,37.9018675331441,2.79828346772868
2007.45724885845,2007,6,11.4522916666667,0,10.0044507042254,38.8346286890536,3.38223176972633
2007.45998858447,2007,6,14.2137916666667,0,7.24208450704225,39.9620392789624,3.0329199227292
2007.4627283105,2007,6,13.0917083333333,6,5.29656338028169,40.9730125865388,3.07870217547134
2007.46546803653,2007,6,13.6238333333333,0,4.31087323943662,41.9992466450292,2.82046408709231
2007.46820776256,2007,6,12.776875,0,3.78912676056338,42.9394013407267,3.01065342659709
2007.47094748858,2007,6,13.9505416666667,12,3.35104225352113,43.9429524829257,1.79041862133185
2007.47368721461,2007,6,8.449125,54,3.22630985915493,44.5397586900363,1.61240013779729
2007.47642694064,2007,6,7.70658333333333,36,3.08028169014085,45.0772254026354,1.89607843625757
2007.47916666667,2007,6,9.18070833333333,24,2.94185915492958,45.7092515480546,1.72675835865506
2007.48190639269,2007,6,8.47208333333334,138,3.68569014084507,46.2848376676063,1.66363807116158
2007.48464611872,2007,6,8.26266666666667,18,4.37019718309859,46.8393836913268,1.73828551150412
2007.48738584475,2007,6,8.73854166666667,12,4.07966197183099,47.4188121951615,2.5967892372426
2007.49012557078,2007,6,13.2544583333333,6,4.48580281690141,48.2844086075757,3.25891760666892
2007.4928652968,2007,6,16.9733333333333,0,3.72980281690141,49.3707144764654,3.09227893896586
2007.49560502283,2007,6,16.4545833333333,0,3.0696338028169,50.4014741227873,2.65037423382394
2007.49834474886,2007,7,14.3737083333333,0,3.66591549295775,51.2849322007286,2.5244449470044
2007.50108447489,2007,7,13.923,0,3.41188732394366,52.1264138497301,3.03531236606553
2007.50382420091,2007,7,17.0405833333333,0,2.87188732394366,53.1381846384186,2.59198530461641
2007.50656392694,2007,7,14.811,0,2.45814084507042,54.0021797399574,2.67680038602113
2007.50930365297,2007,7,15.546375,0,2.05960563380282,54.8944465352978,2.63120791613174
2007.512043379,2007,7,15.529875,0,1.70518309859155,55.771515840675,2.8922063466155
2007.51478310502,2007,7,17.3543333333333,0,1.34467605633803,56.7355846228802,2.39134323848281
2007.51752283105,2007,7,14.5735833333333,0,1.31577464788732,57.5326990357078,2.16715839650924
2007.52026255708,2007,7,13.3829583333333,6,1.42985915492958,58.2550851678776,1.9017909778773
2007.52300228311,2007,7,11.8817916666667,162,1.57892957746479,58.8890154938367,2.15376554130802
2007.52574200913,2007,7,13.6113333333333,0,1.14845070422535,59.6069373409393,2.3868683814629
2007.52848173516,2007,7,15.2771666666667,24,1.05718309859155,60.4025601347603,2.88537945268384
2007.53122146119,2007,7,18.7383333333333,0,0.86856338028169,61.3643532856549,3.124940579692
2007.53396118721,2007,7,20.628,0,2.20715492957746,62.4060001455522,1.48789672874723
2007.53670091324,2007,7,9.94375,378,17.0746478873239,62.9019657218013,1.99136782547104
2007.53944063927,2007,7,13.4316666666667,48,38.7841690140845,63.5657549969583,2.29458231102531
2007.5421803653,2007,7,15.6516666666667,18,23.5105352112676,64.3306157673001,2.06637717863784
2007.54492009132,2007,7,14.25525,0,15.841014084507,65.0194081601794,1.8433213488433
2007.54765981735,2007,7,12.8445833333333,0,10.5718309859155,65.6338486097938,1.83331798104818
2007.55039954338,2007,7,12.8947083333333,0,7.28467605633803,66.2449546034765,1.46971905419913
2007.55313926941,2007,7,10.423625,0,5.33154929577465,66.7348609548763,1.16031446109683
2007.55587899543,2007,7,8.2835,0,4.37932394366197,67.1216324419085,1.41807047790925
2007.55861872146,2007,7,10.188625,0,3.79369014084507,67.5943226012116,1.37433597827743
2007.56135844749,2007,7,9.942625,0,3.35560563380282,68.0524345939708,1.74574530915876
2007.56409817352,2007,7,12.7264166666667,0,2.89622535211268,68.6343496970237,1.82984731679214
2007.56683789954,2007,7,13.4558333333333,6,2.8369014084507,69.2442988026211,1.68470000538001
2007.56957762557,2007,7,12.49375,6,4.01121126760563,69.8058654710811,1.58143350158842
2007.5723173516,2007,7,11.81975,6,8.03002816901408,70.3330099716105,1.48594381860681
2007.57505707763,2007,7,11.1870833333333,114,14.5343661971831,70.8283245778128,1.37777065534009
2007.57779680365,2007,7,10.4428333333333,30,21.0310985915493,71.2875814629262,1.10161857343437
2007.58053652968,2007,7,8.39829166666667,66,32.4334647887324,71.654787654071,1.14743536217294
2007.58327625571,2007,8,8.79345833333333,156,60.6686197183099,72.0372661081286,1.69171834832541
2007.58601598173,2007,8,13.05,6,53.8357183098591,72.6011722242371,1.66784037075355
2007.58875570776,2007,8,12.9654166666667,90,41.9861408450704,73.1571190144883,1.39536075541501
2007.59149543379,2007,8,10.9232083333333,108,38.855661971831,73.6222392662933,1.45857702550587
2007.59423515982,2007,8,11.4920833333333,192,40.750985915493,74.1084316081286,0.574980663331061
2007.59697488584,2007,8,4.55104166666667,144,82.3811830985915,74.3000918292389,0.611920068812125
2007.59971461187,2007,8,4.85633333333333,12,77.052676056338,74.5040651855096,0.934801945108475
2007.6024543379,2007,8,7.4445,18,51.9160563380282,74.8156658338791,1.16640593995787
2007.60519406393,2007,8,9.3325,0,36.4674929577465,75.2044678138651,1.31741613785286
2007.60793378995,2007,8,10.5989166666667,0,27.240338028169,75.6436065264827,1.89840850341729
2007.61067351598,2007,8,15.3816666666667,0,21.1512676056338,76.2764093609551,1.6369672419588
2007.61341324201,2007,8,13.36625,0,16.8449577464789,76.8220651082747,1.44838013885818
2007.61615296804,2007,8,11.9058333333333,30,14.5571830985915,77.3048584878941,1.12737354979464
2007.61889269406,2007,8,9.31875,108,14.7853521126761,77.680649671159,0.880714488801061
2007.62163242009,2007,8,7.31133333333333,108,24.3228169014085,77.974221167426,1.21141726335667
2007.62437214612,2007,8,10.10175,6,31.0233802816901,78.3780269218782,1.27688126605706
2007.62711187215,2007,8,10.704125,6,27.1794929577465,78.8036540105639,0.707693985185202
2007.62985159817,2007,8,5.95758333333333,6,23.4679436619718,79.0395520056257,0.536786535992022
2007.6325913242,2007,8,4.53070833333333,12,20.5884507042253,79.2184808509563,0.925400663848649
2007.63533105023,2007,8,7.83483333333333,6,18.0801126760563,79.5269477389059,1.28872094785079
2007.63807077626,2007,8,10.9615833333333,0,15.3557746478873,79.9565213881895,1.09657712918265
2007.64081050228,2007,8,9.37375,0,13.7099154929577,80.322047097917,1.02627691134484
2007.64355022831,2007,8,8.81154166666667,0,12.5858028169014,80.6641394016986,0.925420914430276
2007.64628995434,2007,8,7.97770833333333,0,11.4951549295775,80.9726130398421,1.201592460592
2007.64902968037,2007,8,10.4039166666667,0,10.3254084507042,81.3731438600394,1.23107821403329
2007.65176940639,2007,8,10.7124583333333,0,9.35188732394366,81.7835032647172,1.15252961408792
2007.65450913242,2007,8,10.0777916666667,0,8.61414084507042,82.1676798027465,1.34258574227644
2007.65724885845,2007,8,11.7992083333333,0,8.00264788732394,82.6152083835053,0.879703399875325
2007.65998858448,2007,8,7.76595833333333,0,7.54783098591549,82.9084428501304,0.791910019912862
2007.6627283105,2007,8,7.01445833333333,0,7.15994366197183,83.172412856768,0.416407311457988
2007.66546803653,2007,8,3.69733333333333,0,6.87092957746479,83.3112152939207,0.806835617536407
2007.66820776256,2007,9,7.18154166666667,0,6.60625352112676,83.5801604997661,0.908516052350933
2007.67094748858,2007,9,8.11429166666666,0,6.23661971830986,83.8829991838831,0.831227540336826
2007.67368721461,2007,9,7.44970833333333,0,5.88067605633803,84.1600750306621,0.653534015723608
2007.67642694064,2007,9,5.87441666666667,0,5.84112676056338,84.3779197025699,0.585076724890612
2007.67916666667,2007,9,5.27195833333333,0,5.84112676056338,84.5729452775335,0.656220985575089
2007.68190639269,2007,9,5.9275,120,5.84112676056338,84.7916856060585,0.607332279581669
2007.68464611872,2007,9,5.49954166666667,12,5.83047887323944,84.9941296992524,1.02088083985521
2007.68738584475,2007,9,9.273875,6,5.6950985915493,85.3344233125375,0.929501850554132
2007.69012557078,2007,9,8.476,0,5.6950985915493,85.6442572627222,0.688429966949201
2007.6928652968,2007,9,6.2975,0,5.6950985915493,85.8737339183719,0.8635490644443
2007.69560502283,2007,9,7.92325,0,5.6950985915493,86.16158360652,1.1739118392275
2007.69834474886,2007,9,10.8134166666667,0,5.6950985915493,86.5528875529292,0.83265647440362
2007.70108447489,2007,9,7.69966666666667,0,5.62056338028169,86.8304397110637,0.525540056498031
2007.70382420091,2007,9,4.87241666666667,0,5.54907042253521,87.0056197298964,0.261606663794538
2007.70656392694,2007,9,2.42908333333333,0,5.54907042253521,87.0928219511612,0.120802209282743
2007.70930365297,2007,9,1.1225,6,5.54907042253521,87.1330893542555,0.22426424319805
2007.712043379,2007,9,2.08525,18,5.54907042253521,87.2078441019882,0.294326657012732
2007.71478310502,2007,9,2.73941666666667,0,4.85543661971831,87.3059529876591,0
2007.71752283105,2007,9,-1.70220833333333,0,0,87.3059529876591,0
2007.72026255708,2007,9,-3.49625,0,0,87.3059529876591,0
2007.7230022831,2007,9,-7.734125,0,0,87.3059529876591,0
2007.72574200913,2007,9,-3.98983333333333,0,0,87.3059529876591,0
2007.72848173516,2007,9,-4.02825,0,0,87.3059529876591,0
2007.73122146119,2007,9,-4.184625,0,0,87.3059529876591,0
2007.73396118721,2007,9,-8.010125,0,0,87.3059529876591,0
2007.73670091324,2007,9,-10.238625,0,0,87.3059529876591,0
2007.73944063927,2007,9,-1.99279166666667,0,0,87.3059529876591,0
2007.7421803653,2007,9,-5.537625,0,0,87.3059529876591,0
2007.74492009132,2007,9,-4.54966666666667,0,0,87.3059529876591,0
2007.74765981735,2007,9,-3.62625,0,0,87.3059529876591,0
2007.75039954338,2007,10,-5.20770833333333,0,0,87.3059529876591,0
2007.75313926941,2007,10,-9.75758333333333,0,0,87.3059529876591,0
2007.75587899543,2007,10,-16.8983333333333,0,0,87.3059529876591,0
2007.75861872146,2007,10,-14.31375,0,0,87.3059529876591,0
2007.76135844749,2007,10,-18.3675,0,0,87.3059529876591,0
2007.76409817352,2007,10,-19.4216666666667,0,0,87.3059529876591,0
2007.76683789954,2007,10,-14.1804166666667,0,0,87.3059529876591,0
2007.76957762557,2007,10,-11.3630416666667,0,0,87.3059529876591,0
2007.7723173516,2007,10,-10.891,0,0,87.3059529876591,0
2007.77505707763,2007,10,-10.9604166666667,0,0,87.3059529876591,0
2007.77779680365,2007,10,-13.4091666666667,0,0,87.3059529876591,0
2007.78053652968,2007,10,-14.1375,0,0,87.3059529876591,0
2007.78327625571,2007,10,-19.0616666666667,0,0,87.3059529876591,0
2007.78601598174,2007,10,-10.9155416666667,0,0,87.3059529876591,0
2007.78875570776,2007,10,-11.9266666666667,0,0,87.3059529876591,0
2007.79149543379,2007,10,-11.4683333333333,0,0,87.3059529876591,0
2007.79423515982,2007,10,-11.8370833333333,0,0,87.3059529876591,0
2007.79697488584,2007,10,-12.4408333333333,0,0,87.3059529876591,0
2007.79971461187,2007,10,-11.63625,0,0,87.3059529876591,0
2007.8024543379,2007,10,-15.2225,0,0,87.3059529876591,0
2007.80519406393,2007,10,-13.9504166666667,0,0,87.3059529876591,0
2007.80793378995,2007,10,-16.60125,0,0,87.3059529876591,0
2007.81067351598,2007,10,-21.8804166666667,0,0,87.3059529876591,0
2007.81341324201,2007,10,-22.3716666666667,0,0,87.3059529876591,0
2007.81615296804,2007,10,-13.8333333333333,0,0,87.3059529876591,0
2007.81889269406,2007,10,-7.14425,0,0,87.3059529876591,0
2007.82163242009,2007,10,-5.40691666666667,0,0,87.3059529876591,0
2007.82437214612,2007,10,-11.5608333333333,0,0,87.3059529876591,0
2007.82711187215,2007,10,-17.2433333333333,0,0,87.3059529876591,0
2007.82985159817,2007,10,-15.2520833333333,0,0,87.3059529876591,0
2007.8325913242,2007,10,-15.1141666666667,0,0,87.3059529876591,0
2007.83533105023,2007,11,-13.17125,0,0,87.3059529876591,0
2007.83807077626,2007,11,-13.02875,0,0,87.3059529876591,0
2007.84081050228,2007,11,-14.7291666666667,0,0,87.3059529876591,0
2007.84355022831,2007,11,-15.815,0,0,87.3059529876591,0
2007.84628995434,2007,11,-15.5433333333333,0,0,87.3059529876591,0
2007.84902968036,2007,11,-27.6675,0,0,87.3059529876591,0
2007.85176940639,2007,11,-15.60175,0,0,87.3059529876591,0
2007.85450913242,2007,11,-4.68808333333333,0,0,87.3059529876591,0
2007.85724885845,2007,11,-4.905375,0,0,87.3059529876591,0
2007.85998858447,2007,11,-12.0350833333333,0,0,87.3059529876591,0
2007.8627283105,2007,11,-15.2195833333333,0,0,87.3059529876591,0
2007.86546803653,2007,11,-16.6595833333333,0,0,87.3059529876591,0
2007.86820776256,2007,11,-18.9091666666667,0,0,87.3059529876591,0
2007.87094748858,2007,11,-21.6370833333333,0,0,87.3059529876591,0
2007.87368721461,2007,11,-19.2195833333333,0,0,87.3059529876591,0
2007.87642694064,2007,11,-17.3075,0,0,87.3059529876591,0
2007.87916666667,2007,11,-18.2283333333333,0,0,87.3059529876591,0
2007.88190639269,2007,11,-20.5625,0,0,87.3059529876591,0
2007.88464611872,2007,11,-22.4908333333333,0,0,87.3059529876591,0
2007.88738584475,2007,11,-5.30175,0,0,87.3059529876591,0
2007.89012557078,2007,11,-1.17408333333333,0,0,87.3059529876591,0
2007.8928652968,2007,11,-1.85320833333333,0,0,87.3059529876591,0
2007.89560502283,2007,11,-2.76558333333333,0,0,87.3059529876591,0
2007.89834474886,2007,11,-5.594125,0,0,87.3059529876591,0
2007.90108447489,2007,11,-9.76795833333333,0,0,87.3059529876591,0
2007.90382420091,2007,11,-15.5375,0,0,87.3059529876591,0
2007.90656392694,2007,11,-17.4791666666667,0,0,87.3059529876591,0
2007.90930365297,2007,11,-17.3695833333333,0,0,87.3059529876591,0
2007.912043379,2007,11,-13.8102083333333,0,0,87.3059529876591,0
2007.91478310502,2007,11,-1.82945833333333,0,0,87.3059529876591,0
2007.91752283105,2007,12,-9.93370833333333,0,0,87.3059529876591,0
2007.92026255708,2007,12,-14.335,0,0,87.3059529876591,0
2007.92300228311,2007,12,-16.6804166666667,0,0,87.3059529876591,0
2007.92574200913,2007,12,-15.3745833333333,0,0,87.3059529876591,0
2007.92848173516,2007,12,-10.2604166666667,0,0,87.3059529876591,0
2007.93122146119,2007,12,-3.77841666666667,0,0,87.3059529876591,0
2007.93396118721,2007,12,-10.7092916666667,0,0,87.3059529876591,0
2007.93670091324,2007,12,-17.8620833333333,0,0,87.3059529876591,0
2007.93944063927,2007,12,-20.89625,0,0,87.3059529876591,0
2007.9421803653,2007,12,-11.8852916666667,0,0,87.3059529876591,0
2007.94492009132,2007,12,-11.6115833333333,0,0,87.3059529876591,0
2007.94765981735,2007,12,-11.50625,0,0,87.3059529876591,0
2007.95039954338,2007,12,-14.98375,0,0,87.3059529876591,0
2007.95313926941,2007,12,-20.42625,0,0,87.3059529876591,0
2007.95587899543,2007,12,-19.2520833333333,0,0,87.3059529876591,0
2007.95861872146,2007,12,-24.4154166666667,0,0,87.3059529876591,0
2007.96135844749,2007,12,-34.32,0,0,87.3059529876591,0
2007.96409817352,2007,12,-37.3095833333333,0,0,87.3059529876591,0
2007.96683789954,2007,12,-38.0345833333333,0,0,87.3059529876591,0
2007.96957762557,2007,12,-36.3454166666667,0,0,87.3059529876591,0
2007.9723173516,2007,12,-30.4579166666667,0,0,87.3059529876591,0
2007.97505707763,2007,12,-24.63125,0,0,87.3059529876591,0
2007.97779680365,2007,12,-16.0433333333333,0,0,87.3059529876591,0
2007.98053652968,2007,12,-17.4980833333333,0,0,87.3059529876591,0
2007.98327625571,2007,12,-20.02125,0,0,87.3059529876591,0
2007.98601598173,2007,12,-23.5504166666667,0,0,87.3059529876591,0
2007.98875570776,2007,12,-26.9145833333333,0,0,87.3059529876591,0
2007.99149543379,2007,12,-28.1745833333333,0,0,87.3059529876591,0
2007.99423515982,2007,12,-15.5254166666667,0,0,87.3059529876591,0
2007.99697488584,2007,12,-20.1220833333333,0,0,87.3059529876591,0
2007.99971402706,2007,7,-27.1513333333333,0,0,87.3059529876591,-261.917858962977
2008.00244763206,2008,1,NaN,0,0,0,0
2008.0051798725,2008,1,NaN,0,0,0,0
2008.00791211293,2008,1,NaN,0,0,0,0
2008.01064435337,2008,1,NaN,0,0,0,0
2008.01337659381,2008,1,NaN,0,0,0,0
2008.01610883424,2008,1,NaN,0,0,0,0
2008.01884107468,2008,1,NaN,0,0,0,0
2008.02157331512,2008,1,NaN,0,0,0,0
2008.02430555556,2008,1,NaN,0,0,0,0
2008.02703779599,2008,1,NaN,0,0,0,0
2008.02977003643,2008,1,NaN,0,0,0,0
2008.03250227687,2008,1,NaN,0,0,0,0
2008.0352345173,2008,1,NaN,0,0,0,0
2008.03796675774,2008,1,NaN,0,0,0,0
2008.04069899818,2008,1,NaN,0,0,0,0
2008.04343123862,2008,1,NaN,0,0,0,0
2008.04616347905,2008,1,NaN,0,0,0,0
2008.04889571949,2008,1,NaN,0,0,0,0
2008.05162795993,2008,1,NaN,0,0,0,0
2008.05436020036,2008,1,NaN,0,0,0,0
2008.0570924408,2008,1,NaN,0,0,0,0
2008.05982468124,2008,1,NaN,0,0,0,0
2008.06255692168,2008,1,NaN,0,0,0,0
2008.06528916211,2008,1,NaN,0,0,0,0
2008.06802140255,2008,1,NaN,0,0,0,0
2008.07075364299,2008,1,NaN,0,0,0,0
2008.07348588342,2008,1,NaN,0,0,0,0
2008.07621812386,2008,1,NaN,0,0,0,0
2008.0789503643,2008,1,NaN,0,0,0,0
2008.08168260474,2008,1,NaN,0,0,0,0
2008.08441484517,2008,1,NaN,0,0,0,0
2008.08714708561,2008,2,NaN,0,0,0,0
2008.08987932605,2008,2,NaN,0,0,0,0
2008.09261156648,2008,2,NaN,0,0,0,0
2008.09534380692,2008,2,NaN,0,0,0,0
2008.09807604736,2008,2,NaN,0,0,0,0
2008.1008082878,2008,2,NaN,0,0,0,0
2008.10354052823,2008,2,NaN,0,0,0,0
2008.10627276867,2008,2,NaN,0,0,0,0
2008.10900500911,2008,2,NaN,0,0,0,0
2008.11173724954,2008,2,NaN,0,0,0,0
2008.11446948998,2008,2,NaN,0,0,0,0
2008.11720173042,2008,2,NaN,0,0,0,0
2008.11993397086,2008,2,-16.6708333333333,0,0,0,0
2008.12266621129,2008,2,-14.9958333333333,0,0,0,0
2008.12539845173,2008,2,-16.2375,0,0,0,0
2008.12813069217,2008,2,-14.725,0,0,0,0
2008.13086293261,2008,2,-9.87083333333333,0,0,0,0
2008.13359517304,2008,2,-4.20416666666667,0,0,0,0
2008.13632741348,2008,2,-5.17916666666667,0,0,0,0
2008.13905965392,2008,2,-3.73333333333333,0,0,0,0
2008.14179189435,2008,2,-8.4875,0,0,0,0
2008.14452413479,2008,2,-21.9958333333333,0,0,0,0
2008.14725637523,2008,2,-27.4958333333333,0,0,0,0
2008.14998861566,2008,2,-32.525,0,0,0,0
2008.1527208561,2008,2,-32.4291666666667,0,0,0,0
2008.15545309654,2008,2,-27.225,0,0,0,0
2008.15818533698,2008,2,-17.6083333333333,0,0,0,0
2008.16091757741,2008,2,-29.775,0,0,0,0
2008.16364981785,2008,2,-37.3666666666667,0,0,0,0
2008.16638205829,2008,3,-30.3375,0,0,0,0
2008.16911429872,2008,3,-24.7166666666667,0,0,0,0
2008.17184653916,2008,3,-13.3333333333333,0,0,0,0
2008.1745787796,2008,3,-6.4375,0,0,0,0
2008.17731102004,2008,3,-20.5791666666667,0,0,0,0
2008.18004326047,2008,3,-19.2041666666667,0,0,0,0
2008.18277550091,2008,3,-26.5083333333333,0,0,0,0
2008.18550774135,2008,3,-20.9375,0,0,0,0
2008.18823998179,2008,3,-24.0708333333333,0,0,0,0
2008.19097222222,2008,3,-24.0791666666667,0,0,0,0
2008.19370446266,2008,3,-24.1041666666667,0,0,0,0
2008.1964367031,2008,3,-28.425,0,0,0,0
2008.19916894353,2008,3,-28.85,0,0,0,0
2008.20190118397,2008,3,-28.7666666666667,0,0,0,0
2008.20463342441,2008,3,-29.7458333333333,0,0,0,0
2008.20736566485,2008,3,-35.6583333333333,0,0,0,0
2008.21009790528,2008,3,-37.8791666666666,0,0,0,0
2008.21283014572,2008,3,-38.525,0,0,0,0
2008.21556238616,2008,3,-38.3166666666667,0,0,0,0
2008.21829462659,2008,3,-37.525,0,0,0,0
2008.22102686703,2008,3,-35.575,0,0,0,0
2008.22375910747,2008,3,-33.1583333333333,0,0,0,0
2008.22649134791,2008,3,-35.175,0,0,0,0
2008.22922358834,2008,3,-32.2041666666667,0,0,0,0
2008.23195582878,2008,3,-27.0791666666667,0,0,0,0
2008.23468806922,2008,3,-19.7666666666667,0,0,0,0
2008.23742030965,2008,3,-20.625,0,0,0,0
2008.24015255009,2008,3,-19.5291666666667,0,0,0,0
2008.24288479053,2008,3,-10.7,0,0,0,0
2008.24561703097,2008,3,-8.15833333333333,0,0,0,0
2008.2483492714,2008,3,-3.47916666666667,0,0,0,4.7925723781702
2008.25108151184,2008,4,0.408333333333333,0,0,1.59752412605673,0
2008.25381375228,2008,4,-4.025,0,0,1.59752412605673,0
2008.25654599271,2008,4,-3.425,0,0,1.59752412605673,0
2008.25927823315,2008,4,-1.17916666666667,0,0,1.59752412605673,0
2008.26201047359,2008,4,-6.73333333333333,0,0,1.59752412605673,0
2008.26474271403,2008,4,-12.8458333333333,0,0,1.59752412605673,0
2008.26747495446,2008,4,-16.2291666666667,0,0,1.59752412605673,0
2008.2702071949,2008,4,-21.875,0,0,1.59752412605673,0
2008.27293943534,2008,4,-22.4666666666667,0,0,1.59752412605673,0
2008.27567167577,2008,4,-19.725,0,0,1.59752412605673,0
2008.27840391621,2008,4,-19.15,0,0,1.59752412605673,0
2008.28113615665,2008,4,-19.6833333333333,0,0,1.59752412605673,0
2008.28386839709,2008,4,-11.8791666666667,0,0,1.59752412605673,0
2008.28660063752,2008,4,-17.0583333333333,0,0,1.59752412605673,0
2008.28933287796,2008,4,-20.2791666666667,0,0,1.59752412605673,0
2008.2920651184,2008,4,-20.7166666666667,0,0,1.59752412605673,0
2008.29479735883,2008,4,-16.5666666666667,0,0,1.59752412605673,0
2008.29752959927,2008,4,-4.95416666666667,0,0,1.59752412605673,0
2008.30026183971,2008,4,-1.65416666666667,0,0,1.59752412605673,0
2008.30299408015,2008,4,-4.97083333333333,0,0,1.59752412605673,0
2008.30572632058,2008,4,-1.51666666666667,0,0,1.59752412605673,0
2008.30845856102,2008,4,-0.458333333333333,0,0,1.59752412605673,6.46783947042574
2008.31119080146,2008,4,1.84583333333333,0,0,3.75347061619865,0
2008.31392304189,2008,4,-5.25,0,0,3.75347061619865,0
2008.31665528233,2008,4,-12.9125,0,0,3.75347061619865,0
2008.31938752277,2008,4,-13.525,0,0,3.75347061619865,0
2008.32211976321,2008,4,-13.7291666666667,0,0,3.75347061619865,0
2008.32485200364,2008,4,-10.3166666666667,0,0,3.75347061619865,0
2008.32758424408,2008,4,-13.9708333333333,0,0,3.75347061619865,0
2008.33031648452,2008,4,-14.8083333333333,0,0,3.75347061619865,0
2008.33304872495,2008,5,-13.4458333333333,0,0,3.75347061619865,0
2008.33578096539,2008,5,-14.45,0,0,3.75347061619865,0
2008.33851320583,2008,5,-10.0875,0,0,3.75347061619865,0
2008.34124544627,2008,5,-8.24166666666667,0,0,3.75347061619865,0
2008.3439776867,2008,5,-7.94166666666667,0,0,3.75347061619865,0
2008.34670992714,2008,5,-1,0,0,3.75347061619865,0
2008.34944216758,2008,5,-1.35,0,0,3.75347061619865,0
2008.35217440801,2008,5,-4.55833333333333,0,0,3.75347061619865,0
2008.35490664845,2008,5,-7.65,0,0,3.75347061619865,0
2008.35763888889,2008,5,-7.4875,0,0,3.75347061619865,0
2008.36037112933,2008,5,-2.37916666666667,0,0,3.75347061619865,0
2008.36310336976,2008,5,-7.60416666666667,0,0,3.75347061619865,0
2008.3658356102,2008,5,-5.70416666666667,0,0,3.75347061619865,0
2008.36856785064,2008,5,-3.44166666666667,0,0,3.75347061619865,3.80973662446164
2008.37130009107,2008,5,1.78333333333333,0,0,5.02338282435253,3.26910246584393
2008.37403233151,2008,5,1.94166666666667,0,0,6.1130836463005,2.44423108408973
2008.37676457195,2008,5,1.7,0,3.47121126760563,6.92782734099708,3.14512272112203
2008.37949681239,2008,5,2.5,0,8.34439436619718,7.97620158137109,0
2008.38222905282,2008,5,-0.2,60,7.128,7.97620158137109,0
2008.38496129326,2008,5,-0.65,6,14.0856338028169,7.97620158137109,4.36257100027742
2008.3876935337,2008,5,4.05,6,24.3197746478873,9.4303919147969,6.9634782037053
2008.39042577413,2008,5,7.86666666666667,0,42.8942535211268,11.751551316032,7.679707290893
2008.39315801457,2008,5,10.675,0,52.2172394366197,14.3114537463297,3.26831725479533
2008.39589025501,2008,5,5.17916666666667,0,30.755661971831,15.4008928312614,1.6643247548002
2008.39862249545,2008,5,2.78333333333333,204,17.8580281690141,15.9556677495282,2.08453576674513
2008.40135473588,2008,5,3.625,24,22.14,16.6505130051099,0
2008.40408697632,2008,5,-0.0708333333333332,96,23.8162816901408,16.6505130051099,0
2008.40681921676,2008,5,-0.245833333333333,36,21.0736901408451,16.6505130051099,0.881367403642699
2008.40955145719,2008,5,1.57916666666667,12,16.7004507042254,16.9443021396574,0.852741975915766
2008.41228369763,2008,5,1.55416666666667,12,14.364,17.2285494649627,0.825511133349316
2008.41501593807,2008,5,1.52916666666667,54,14.6210704225352,17.5037198427458,2.14543888403115
2008.41774817851,2008,6,4.0875,48,14.8918309859155,18.2188661374229,4.07012570035326
2008.42048041894,2008,6,8.20416666666666,6,15.1625915492958,19.5755747042073,5.72529292330962
2008.42321265938,2008,6,12.5375,0,15.4333521126761,21.4840056786438,4.10054035618921
2008.42594489982,2008,6,9.69583333333333,0,15.7025915492958,22.8508524640402,0.94901633106921
2008.42867714025,2008,6,2.32916666666667,24,13.8407323943662,23.1671912410633,2.79177399981986
2008.43140938069,2008,6,7.0375,72,9.17543661971831,24.0977825743366,3.80948156079546
2008.43414162113,2008,6,10.05,0,5.37566197183099,25.3676097612684,3.84930483405308
2008.43687386157,2008,6,10.6791666666667,30,17.2739154929577,26.6507113726194,2.05348687850999
2008.439606102,2008,6,5.9125,264,31.1541971830986,27.3352069987894,2.33464963397769
2008.44233834244,2008,6,6.90416666666667,6,43.9012394366197,28.1134235434487,3.23781952352756
2008.44507058288,2008,6,9.89583333333333,168,87.7659718309859,29.1926967179578,3.01630122881637
2008.44780282332,2008,6,9.55416666666667,0,76.5324507042254,30.1981304608966,3.33543614829196
2008.45053506375,2008,6,10.9416666666667,60,40.4908732394366,31.3099425103273,4.20631833281287
2008.45326730419,2008,6,14.3625,0,24.8628169014085,32.7120486212649,2.92733975292046
2008.45599954463,2008,6,10.3666666666667,50.4,22.0350422535211,33.6878285389051,2.21821351241415
2008.45873178506,2008,6,8.05833333333333,302.4,51.1646197183099,34.4272330430431,1.89672071068381
2008.4614640255,2008,6,7.02916666666667,223.2,88.1143098591549,35.0594732799377,1.31321715577442
2008.46419626594,2008,6,4.94166666666667,26.4,128.647774647887,35.4972123318625,2.82263185802548
2008.46692850638,2008,6,10.8291666666667,2.4,75.8722816901408,36.438089617871,3.26382903847249
2008.46966074681,2008,6,12.875,2.4,46.9374084507042,37.5260326306952,3.53472439727231
2008.47239298725,2008,6,14.3708333333333,2.4,40.0908169014084,38.7042740964526,3.72104708821002
2008.47512522769,2008,6,15.6083333333333,14.4,32.0075492957747,39.944623125856,3.78632769799092
2008.47785746812,2008,6,16.3875,0,26.9132957746479,41.2067323585196,3.71977602794078
2008.48058970856,2008,6,16.5958333333333,0,21.7794929577465,42.4466577011665,2.65041115626016
2008.483321949,2008,6,12.125,746.4,62.159323943662,43.3301280865866,2.89408153666056
2008.48605418944,2008,6,13.525,0,63.4568450704225,44.2948219321401,2.62153038087067
2008.48878642987,2008,6,12.5083333333333,19.2,37.9262535211268,45.1686653924303,1.89283023691095
2008.49151867031,2008,6,9.18333333333333,0,26.6364507042253,45.799608804734,2.55624450143155
2008.49425091075,2008,6,12.6041666666667,0,20.2842253521127,46.6516903052112,1.95241435205773
2008.49698315118,2008,6,9.78333333333333,96,38.4221408450704,47.3024950892304,1.68046687314821
2008.49971539162,2008,7,8.52916666666667,93.6,77.7858591549296,47.8626507136131,2.0534096009405
2008.50244763206,2008,7,10.5583333333333,0,77.7174084507042,48.5471205805933,2.93153703185239
2008.5051798725,2008,7,15.3333333333333,0,50.3432112676056,49.5242995912108,3.12066569104758
2008.50791211293,2008,7,16.6583333333333,0,32.6418591549296,50.5645214882266,2.85921778138643
2008.51064435337,2008,7,15.5666666666667,0,23.3949295774648,51.5175940820221,2.74545161242302
2008.51337659381,2008,7,15.2208333333333,0,17.6024788732394,52.4327446194964,2.85281788641804
2008.51610883424,2008,7,16.1,160.8,14.2179718309859,53.3836839149691,2.3109630462431
2008.51884107468,2008,7,13.2541666666667,103.2,18.2641690140845,54.1540049303835,2.41791311094436
2008.52157331512,2008,7,14.0708333333333,0,17.196338028169,54.9599759673649,1.66820703192356
2008.52430555556,2008,7,9.82916666666667,530.4,49.2114929577465,55.5160449780061,1.94820219234169
2008.52703779599,2008,7,11.6041666666667,0,103.255605633803,56.1654457087867,2.38053740615234
2008.52977003643,2008,7,14.3625,0,61.3105352112676,56.9589581775041,2.31399741228723
2008.53250227687,2008,7,14.1541666666667,177.6,45.6611830985916,57.7302906482666,2.0101286944661
2008.5352345173,2008,7,12.45,33.6,61.8231549295775,58.4003335464219,1.91257520967926
2008.53796675774,2008,7,11.9791666666667,0,51.8917183098592,59.037858616315,2.12700967788257
2008.54069899818,2008,7,13.475,153.6,38.4403943661972,59.7468618422759,0.714486991287338
2008.54343123862,2008,7,4.5625,52.8,42.586985915493,59.985024172705,0.862083056238696
2008.54616347905,2008,7,5.52916666666667,2.4,45.6550985915493,60.2723851914512,1.69204796070103
2008.54889571949,2008,7,10.9291666666667,0,37.0029295774648,60.8364011783516,1.43329767116468
2008.55162795993,2008,7,9.3375,446.4,54.7027605633803,61.3141670687398,0.300459989045876
2008.55436020036,2008,7,1.96666666666667,132,74.4941408450704,61.4143203984217,0.212317937645473
2008.5570924408,2008,7,1.39166666666667,124.8,74.3313802816901,61.4850930443036,0.563301015138251
2008.55982468124,2008,7,3.7,4.8,71.1750422535211,61.6728600493496,1.2247083216299
2008.56255692168,2008,7,8.08333333333333,0,61.7303661971831,62.0810961565596,1.74420280301197
2008.56528916211,2008,7,11.6041666666667,0,44.1522253521127,62.6624970908969,1.79425014360036
2008.56802140255,2008,7,12.05,0,32.0927323943662,63.2605804720971,1.96516207891524
2008.57075364299,2008,7,13.3291666666667,0,25.3936901408451,63.9156344984021,1.92949381484269
2008.57348588342,2008,7,13.2208333333333,36,21.1467042253521,64.5587991033497,0.310755937272901
2008.57621812386,2008,7,2.14166666666667,340.8,38.5955492957746,64.662384415774,0.406736510046642
2008.5789503643,2008,7,2.80833333333333,100.8,67.1075492957746,64.7979632524562,0.425136841677869
2008.58168260474,2008,7,2.94166666666667,76.8,60.1027605633803,64.9396755330155,0.82294550816772
2008.58441484517,2008,8,5.7125,24,54.3681126760563,65.2139907024047,0.0688716776920728
2008.58714708561,2008,8,0.479166666666667,98.4,52.7891830985915,65.2369479283021,0.75062667431628
2008.58987932605,2008,8,5.23333333333333,45.6,54.2296901408451,65.4871568197409,0.503389985477028
2008.59261156648,2008,8,3.52083333333333,110.4,57.5274929577465,65.6549534815665,0.234871743252398
2008.59534380692,2008,8,1.64583333333333,16.8,69.9444507042254,65.7332440626507,0.435703969129889
2008.59807604736,2008,8,3.05833333333333,0,62.1365070422535,65.8784787190273,0.683081321745576
2008.6008082878,2008,8,4.80833333333333,0,49.6054647887324,66.1061724929425,0.436789054105105
2008.60354052823,2008,8,3.08333333333333,0,40.7464225352113,66.2517688443109,0.333437812396994
2008.60627276867,2008,8,2.35833333333333,4.8,35.7586478873239,66.3629147817765,0.439801544725967
2008.60900500911,2008,8,3.11666666666667,60,32.3665352112676,66.5095152966852,0.673695605887772
2008.61173724954,2008,8,4.7875,2.4,39.2648450704225,66.7340804986478,0.779917227163239
2008.61446948998,2008,8,5.5625,0,36.3914366197183,66.9940529077022,0.877941346223665
2008.61720173042,2008,8,6.2875,4.8,29.0839436619718,67.2867000231101,0.903039147342994
2008.61993397086,2008,8,6.49583333333333,0,24.6422535211268,67.5877130722244,0.973823556408291
2008.62266621129,2008,8,7.0375,0,21.2014647887324,67.9123209243605,0.756695441543826
2008.62539845173,2008,8,5.49166666666666,2.4,18.635323943662,68.1645527382084,0.42305504956893
2008.62813069217,2008,8,3.07916666666667,2.4,16.7567323943662,68.3055710880648,0
2008.63086293261,2008,8,-0.0749999999999998,2.4,15.287323943662,68.3055710880648,0.114343834480408
2008.63359517304,2008,8,0.833333333333333,0,13.6992676056338,68.3436856995582,0.344361342773681
2008.63632741348,2008,8,2.5125,0,12.4732394366197,68.4584728138161,0.672778286889965
2008.63905965392,2008,8,4.92083333333333,2.4,11.2091830985916,68.6827322427794,0.496479128968659
2008.64179189435,2008,8,3.64166666666667,0,10.1809014084507,68.848225285769,0.5388670667989
2008.64452413479,2008,8,3.9625,0,9.11307042253521,69.0278476413686,0.782850463569943
2008.64725637523,2008,8,5.775,2.4,8.18214084507042,69.2887977958919,0.506207078412316
2008.64998861566,2008,8,3.74583333333333,12,7.32422535211268,69.457533488696,0.343339869095644
2008.6527208561,2008,8,2.54583333333333,2.4,6.91352112676056,69.5719801117279,0.517033882552766
2008.65545309654,2008,8,3.84166666666667,9.6,6.44349295774648,69.7443247392455,0.446468622995951
2008.65818533698,2008,8,3.325,0,6.13470422535211,69.8931476135775,0.391415740366313
2008.66091757741,2008,8,2.92083333333333,21.6,5.68597183098592,70.0236195270329,0.568792244665744
2008.66364981785,2008,8,4.25416666666667,9.6,5.69053521126761,70.2132169419215,0.393521922028839
2008.66638205829,2008,8,2.95,2.4,5.32850704225352,70.3443909159311,0.602754318005168
2008.66911429872,2008,9,4.52916666666667,0,5.0303661971831,70.5453090219329,0.672810389822885
2008.67184653916,2008,9,5.07083333333333,0,4.752,70.7695791518738,0.621158578261031
2008.6745787796,2008,9,4.69583333333333,0,4.52078873239437,70.9766320112942,0.307977302445863
2008.67731102004,2008,9,2.33333333333333,0,4.45842253521127,71.0792911121094,0.313020773249221
2008.68004326047,2008,9,2.375,2.4,4.32456338028169,71.1836313698592,0.231998096510821
2008.68277550091,2008,9,1.7625,0,4.16332394366197,71.2609640686961,0.0750849072286144
2008.68550774135,2008,9,0.570833333333332,0,4.11464788732394,71.2859923711057,0
2008.68823998179,2008,9,-3.975,0,0.85943661971831,71.2859923711057,0
2008.69097222222,2008,9,-1.98333333333333,0,0,71.2859923711057,0
2008.69370446266,2008,9,-2.97916666666667,0,0,71.2859923711057,0
2008.6964367031,2008,9,-2.8125,0,0,71.2859923711057,0
2008.69916894353,2008,9,-7.59166666666667,0,0,71.2859923711057,0
2008.70190118397,2008,9,-6.97083333333333,0,0,71.2859923711057,0
2008.70463342441,2008,9,-5.89166666666667,0,0,71.2859923711057,0
2008.70736566485,2008,9,-2.89166666666667,0,0,71.2859923711057,0.0120549739298923
2008.71009790528,2008,9,0.0916666666666666,0,0,71.290010695749,0.505696774487845
2008.71283014572,2008,9,3.85,0,0,71.4585762872449,0.573756483078341
2008.71556238616,2008,9,4.37916666666667,0,0,71.649828448271,0.320875190491478
2008.71829462659,2008,9,2.45416666666667,0,0,71.7567868451015,0.0810963903453086
2008.72102686703,2008,9,0.620833333333334,0,0,71.7838189752166,0
2008.72375910747,2008,9,-1.88333333333333,0,0,71.7838189752166,0
2008.72649134791,2008,9,-2.35416666666667,0,0,71.7838189752166,0
2008.72922358834,2008,9,-3.07083333333333,0,0,71.7838189752166,0
2008.73195582878,2008,9,-4.075,0,0,71.7838189752166,0
2008.73468806922,2008,9,-6.46666666666667,0,0,71.7838189752166,0
2008.73742030965,2008,9,-7.33333333333333,0,0,71.7838189752166,0
2008.74015255009,2008,9,-8.05416666666667,0,0,71.7838189752166,0
2008.74288479053,2008,9,-11.9708333333333,0,0,71.7838189752166,0
2008.74561703097,2008,9,-13.4083333333333,0,0,71.7838189752166,0
2008.7483492714,2008,9,-9.59166666666667,0,0,71.7838189752166,0
2008.75108151184,2008,10,-9.90416666666667,0,0,71.7838189752166,0
2008.75381375228,2008,10,-13.7666666666667,0,0,71.7838189752166,0
2008.75654599271,2008,10,-9.73333333333333,0,0,71.7838189752166,0
2008.75927823315,2008,10,-16.7458333333333,0,0,71.7838189752166,0
2008.76201047359,2008,10,-12.24125,0,0,71.7838189752166,0
2008.76474271403,2008,10,-15.5791666666667,0,0,71.7838189752166,0
2008.76747495446,2008,10,-12.025,0,0,71.7838189752166,0
2008.7702071949,2008,10,-12.2708333333333,0,0,71.7838189752166,0
2008.77293943534,2008,10,-17.0583333333333,0,0,71.7838189752166,0
2008.77567167577,2008,10,-14.4125,0,0,71.7838189752166,0
2008.77840391621,2008,10,-10.275,0,0,71.7838189752166,0
2008.78113615665,2008,10,-11.2833333333333,0,0,71.7838189752166,0
2008.78386839709,2008,10,-15.6833333333333,0,0,71.7838189752166,0
2008.78660063752,2008,10,-21.2625,0,0,71.7838189752166,0
2008.78933287796,2008,10,-12.4625,0,0,71.7838189752166,0
2008.7920651184,2008,10,-17.4916666666667,0,0,71.7838189752166,0
2008.79479735883,2008,10,-15.55,0,0,71.7838189752166,0
2008.79752959927,2008,10,-19.4041666666667,0,0,71.7838189752166,0
2008.80026183971,2008,10,-13.0583333333333,0,0,71.7838189752166,0
2008.80299408015,2008,10,-20.5375,0,0,71.7838189752166,0
2008.80572632058,2008,10,-13.6833333333333,0,0,71.7838189752166,0
2008.80845856102,2008,10,-16.5625,0,0,71.7838189752166,0
2008.81119080146,2008,10,-22,0,0,71.7838189752166,0
2008.81392304189,2008,10,-18.7208333333333,0,0,71.7838189752166,0
2008.81665528233,2008,10,-19.0875,0,0,71.7838189752166,0
2008.81938752277,2008,10,-17.6166666666667,0,0,71.7838189752166,0
2008.82211976321,2008,10,-10.5208333333333,0,0,71.7838189752166,0
2008.82485200364,2008,10,-13.3583333333333,0,0,71.7838189752166,0
2008.82758424408,2008,10,-17.2083333333333,0,0,71.7838189752166,0
2008.83031648452,2008,10,-18.1916666666667,0,0,71.7838189752166,0
2008.83304872495,2008,10,-21.6708333333333,0,0,71.7838189752166,0
2008.83578096539,2008,11,-20.5583333333333,0,0,71.7838189752166,0
2008.83851320583,2008,11,-18.8916666666667,0,0,71.7838189752166,0
2008.84124544627,2008,11,-12.9791666666667,0,0,71.7838189752166,0
2008.8439776867,2008,11,-15.6166666666667,0,0,71.7838189752166,0
2008.84670992714,2008,11,-13.6916666666667,0,0,71.7838189752166,0
2008.84944216758,2008,11,-15.9166666666667,0,0,71.7838189752166,0
2008.85217440801,2008,11,-18.7541666666667,0,0,71.7838189752166,0
2008.85490664845,2008,11,-21.1708333333333,0,0,71.7838189752166,0
2008.85763888889,2008,11,-20.5416666666667,0,0,71.7838189752166,0
2008.86037112933,2008,11,-8.37916666666666,0,0,71.7838189752166,0
2008.86310336976,2008,11,-15.9958333333333,0,0,71.7838189752166,0
2008.8658356102,2008,11,-16.8375,0,0,71.7838189752166,0
2008.86856785064,2008,11,-11.2,0,0,71.7838189752166,0
2008.87130009107,2008,11,-15.2625,0,0,71.7838189752166,0
2008.87403233151,2008,11,-14.25,0,0,71.7838189752166,0
2008.87676457195,2008,11,-16.7333333333333,0,0,71.7838189752166,0
2008.87949681239,2008,11,-21.6166666666667,0,0,71.7838189752166,0
2008.88222905282,2008,11,-19.5583333333333,0,0,71.7838189752166,0
2008.88496129326,2008,11,-24.0375,0,0,71.7838189752166,0
2008.8876935337,2008,11,-23.8291666666667,0,0,71.7838189752166,0
2008.89042577413,2008,11,-27.7541666666667,0,0,71.7838189752166,0
2008.89315801457,2008,11,-33.6125,0,0,71.7838189752166,0
2008.89589025501,2008,11,-28.4333333333333,0,0,71.7838189752166,0
2008.89862249545,2008,11,-14.425,0,0,71.7838189752166,0
2008.90135473588,2008,11,-15.0625,0,0,71.7838189752166,0
2008.90408697632,2008,11,-19.4708333333333,0,0,71.7838189752166,0
2008.90681921676,2008,11,-27.6125,0,0,71.7838189752166,0
2008.90955145719,2008,11,-22.3083333333333,0,0,71.7838189752166,0
2008.91228369763,2008,11,-21.5541666666667,0,0,71.7838189752166,0
2008.91501593807,2008,11,-22.1333333333333,0,0,71.7838189752166,0
2008.91774817851,2008,12,-29.625,0,0,71.7838189752166,0
2008.92048041894,2008,12,-30.3625,0,0,71.7838189752166,0
2008.92321265938,2008,12,-30.9041666666667,0,0,71.7838189752166,0
2008.92594489982,2008,12,-28.4583333333333,0,0,71.7838189752166,0
2008.92867714025,2008,12,-27.8291666666667,0,0,71.7838189752166,0
2008.93140938069,2008,12,-34.9125,0,0,71.7838189752166,0
2008.93414162113,2008,12,-26,0,0,71.7838189752166,0
2008.93687386157,2008,12,-17.0583333333333,0,0,71.7838189752166,0
2008.939606102,2008,12,-13.825,0,0,71.7838189752166,0
2008.94233834244,2008,12,-12.7916666666667,0,0,71.7838189752166,0
2008.94507058288,2008,12,-24.0458333333333,0,0,71.7838189752166,0
2008.94780282332,2008,12,-18.4291666666667,0,0,71.7838189752166,0
2008.95053506375,2008,12,-9.40833333333333,0,0,71.7838189752166,0
2008.95326730419,2008,12,-2.9,0,0,71.7838189752166,0
2008.95599954463,2008,12,-13.3541666666667,0,0,71.7838189752166,0
2008.95873178506,2008,12,-19.2208333333333,0,0,71.7838189752166,0
2008.9614640255,2008,12,-5.4375,0,0,71.7838189752166,0
2008.96419626594,2008,12,-5.06666666666667,0,0,71.7838189752166,0
2008.96692850638,2008,12,-7.52916666666667,0,0,71.7838189752166,0
2008.96966074681,2008,12,-17.975,0,0,71.7838189752166,0
2008.97239298725,2008,12,-9.93333333333333,0,0,71.7838189752166,0
2008.97512522769,2008,12,-9.94166666666667,0,0,71.7838189752166,0
2008.97785746812,2008,12,-15.8958333333333,0,0,71.7838189752166,0
2008.98058970856,2008,12,-17.3208333333333,0,0,71.7838189752166,0
2008.983321949,2008,12,-25.225,0,0,71.7838189752166,0
2008.98605418944,2008,12,-26.1666666666667,0,0,71.7838189752166,0
2008.98878642987,2008,12,-24.075,0,0,71.7838189752166,0
2008.99151867031,2008,12,-34.1833333333333,0,0,71.7838189752166,0
2008.99425091075,2008,12,-34.45,0,0,71.7838189752166,0
2008.99698315118,2008,12,-29.9416666666667,0,0,71.7838189752166,0
2008.99971597643,2008,7,-25.5208333333333,0,0,71.7838189752166,-215.35145692565
2009.0024543379,2009,1,-34.1833333333333,0,0,0,0
2009.00519406393,2009,1,-38.05,0,0,0,0
2009.00793378995,2009,1,-31.3,0,0,0,0
2009.01067351598,2009,1,-33.2625,0,0,0,0
2009.01341324201,2009,1,-36.1458333333333,0,0,0,0
2009.01615296804,2009,1,-36.9916666666667,0,0,0,0
2009.01889269406,2009,1,-36.05,0,0,0,0
2009.02163242009,2009,1,-34.0666666666667,0,0,0,0
2009.02437214612,2009,1,-33.3375,0,0,0,0
2009.02711187215,2009,1,-32.7916666666667,0,0,0,0
2009.02985159817,2009,1,-29.8166666666667,0,0,0,0
2009.0325913242,2009,1,-18.8625,0,0,0,0
2009.03533105023,2009,1,-11.3791666666667,0,0,0,0
2009.03807077626,2009,1,-1.6875,0,0,0,0
2009.04081050228,2009,1,-1.425,0,0,0,0
2009.04355022831,2009,1,0.729166666666667,0,0,0,0
2009.04628995434,2009,1,-5.92916666666667,0,0,0,0
2009.04902968037,2009,1,-17.9375,0,0,0,0
2009.05176940639,2009,1,-25.275,0,0,0,0
2009.05450913242,2009,1,-31.1333333333333,0,0,0,0
2009.05724885845,2009,1,-21.3791666666667,0,0,0,0
2009.05998858447,2009,1,-12.0041666666667,0,0,0,0
2009.0627283105,2009,1,-13.6666666666667,0,0,0,0
2009.06546803653,2009,1,-12.9958333333333,0,0,0,0
2009.06820776256,2009,1,-18.8833333333333,0,0,0,0
2009.07094748858,2009,1,-29.8333333333333,0,0,0,0
2009.07368721461,2009,1,-34.0291666666667,0,0,0,0
2009.07642694064,2009,1,-33.7291666666667,0,0,0,0
2009.07916666667,2009,1,-35.9125,0,0,0,0
2009.08190639269,2009,1,-33.8625,0,0,0,0
2009.08464611872,2009,1,-35.0583333333333,0,0,0,0
2009.08738584475,2009,2,-36.575,0,0,0,0
2009.09012557078,2009,2,-34.7416666666667,0,0,0,0
2009.0928652968,2009,2,-38.1333333333333,0,0,0,0
2009.09560502283,2009,2,-32.6416666666667,0,0,0,0
2009.09834474886,2009,2,-24.1,0,0,0,0
2009.10108447489,2009,2,-18.9625,0,0,0,0
2009.10382420091,2009,2,-27.3166666666667,0,0,0,0
2009.10656392694,2009,2,-32.7583333333333,0,0,0,0
2009.10930365297,2009,2,-36.05,0,0,0,0
2009.11204337899,2009,2,-35.2666666666667,0,0,0,0
2009.11478310502,2009,2,-20.3,0,0,0,0
2009.11752283105,2009,2,-13.8083333333333,0,0,0,0
2009.12026255708,2009,2,-5.33333333333333,0,0,0,0
2009.1230022831,2009,2,-8.98333333333333,0,0,0,0
2009.12574200913,2009,2,-9.57916666666667,0,0,0,0
2009.12848173516,2009,2,-13.2541666666667,0,0,0,0
2009.13122146119,2009,2,-28.6041666666667,0,0,0,0
2009.13396118722,2009,2,-11.5666666666667,0,0,0,0
2009.13670091324,2009,2,-10.7166666666667,0,0,0,0
2009.13944063927,2009,2,-25.3916666666667,0,0,0,0
2009.1421803653,2009,2,-20.5666666666667,0,0,0,0
2009.14492009132,2009,2,-5.78333333333333,0,0,0,0
2009.14765981735,2009,2,-7.06666666666667,0,0,0,0
2009.15039954338,2009,2,-8.25416666666666,0,0,0,0
2009.15313926941,2009,2,-16.5333333333333,0,0,0,0
2009.15587899543,2009,2,-28.3666666666667,0,0,0,0
2009.15861872146,2009,2,-15.7041666666667,0,0,0,0
2009.16135844749,2009,2,-15.65,0,0,0,0
2009.16409817352,2009,3,-26.0708333333333,0,0,0,0
2009.16683789954,2009,3,-27.7875,0,0,0,0
2009.16957762557,2009,3,-25.55,0,0,0,0
2009.1723173516,2009,3,-22.3708333333333,0,0,0,0
2009.17505707763,2009,3,-11.1125,0,0,0,0
2009.17779680365,2009,3,-18.3625,0,0,0,0
2009.18053652968,2009,3,-27.2857142857143,0,0,0,0
2009.18327625571,2009,3,NaN,0,0,0,0
2009.18601598174,2009,3,NaN,0,0,0,0
2009.18875570776,2009,3,NaN,0,0,0,0
2009.19149543379,2009,3,NaN,0,0,0,0
2009.19423515982,2009,3,NaN,0,0,0,0
2009.19697488584,2009,3,NaN,0,0,0,0
2009.19971461187,2009,3,NaN,0,0,0,0
2009.2024543379,2009,3,NaN,0,0,0,0
2009.20519406393,2009,3,NaN,0,0,0,0
2009.20793378995,2009,3,NaN,0,0,0,0
2009.21067351598,2009,3,NaN,0,0,0,0
2009.21341324201,2009,3,NaN,0,0,0,0
2009.21615296804,2009,3,NaN,0,0,0,0
2009.21889269406,2009,3,NaN,0,0,0,0
2009.22163242009,2009,3,NaN,0,0,0,0
2009.22437214612,2009,3,NaN,0,0,0,0
2009.22711187215,2009,3,NaN,0,0,0,0
2009.22985159817,2009,3,NaN,0,0,0,0
2009.2325913242,2009,3,NaN,0,0,0,0
2009.23533105023,2009,3,NaN,0,0,0,0
2009.23807077625,2009,3,NaN,0,0,0,0
2009.24081050228,2009,3,NaN,0,0,0,0
2009.24355022831,2009,3,NaN,0,0,0,0
2009.24628995434,2009,3,NaN,0,0,0,0
2009.24902968036,2009,4,NaN,0,0,0,0
2009.25176940639,2009,4,NaN,0,0,0,0
2009.25450913242,2009,4,NaN,0,0,0,0
2009.25724885845,2009,4,NaN,0,0,0,0
2009.25998858448,2009,4,NaN,0,0,0,0
2009.2627283105,2009,4,NaN,0,0,0,0
2009.26546803653,2009,4,NaN,0,0,0,0
2009.26820776256,2009,4,NaN,0,0,0,0
2009.27094748859,2009,4,NaN,0,0,0,0
2009.27368721461,2009,4,NaN,0,0,0,0
2009.27642694064,2009,4,NaN,0,0,0,0
2009.27916666667,2009,4,NaN,0,0,0,0
2009.28190639269,2009,4,NaN,0,0,0,0
2009.28464611872,2009,4,NaN,0,0,0,0
2009.28738584475,2009,4,NaN,0,0,0,0
2009.29012557078,2009,4,NaN,0,0,0,0
2009.2928652968,2009,4,NaN,0,0,0,0
2009.29560502283,2009,4,NaN,0,0,0,0
2009.29834474886,2009,4,NaN,0,0,0,0
2009.30108447489,2009,4,NaN,0,0,0,0
2009.30382420091,2009,4,NaN,0,0,0,0
2009.30656392694,2009,4,NaN,0,0,0,0
2009.30930365297,2009,4,NaN,0,0,0,0
2009.312043379,2009,4,NaN,0,0,0,0
2009.31478310502,2009,4,NaN,0,0,0,0
2009.31752283105,2009,4,NaN,0,0,0,0
2009.32026255708,2009,4,NaN,0,0,0,8.21583836257749
2009.32300228311,2009,4,1.2,0,0,2.73861278752583,8.30119829658144
2009.32574200913,2009,4,3.65,0,0,5.50567888638631,4.12500175762539
2009.32848173516,2009,4,2.725,0,0,6.88067947226144,1.81103765309973
2009.33122146119,2009,5,1.3875,0,0,7.48435868996135,0
2009.33396118721,2009,5,-3.4125,0,0,7.48435868996135,0
2009.33670091324,2009,5,-5.60416666666667,0,0,7.48435868996135,0
2009.33944063927,2009,5,-7.57083333333333,0,0,7.48435868996135,0
2009.3421803653,2009,5,-13.0333333333333,0,0,7.48435868996135,0
2009.34492009132,2009,5,-8.8,0,0,7.48435868996135,0
2009.34765981735,2009,5,-1.78333333333333,0,0,7.48435868996135,0
2009.35039954338,2009,5,-2.32083333333333,0,0,7.48435868996135,0
2009.35313926941,2009,5,-4.59583333333333,0,0,7.48435868996135,0
2009.35587899543,2009,5,-1.85,0,0,7.48435868996135,0
2009.35861872146,2009,5,-2.51666666666667,0,0,7.48435868996135,0
2009.36135844749,2009,5,-3.5125,0,0,7.48435868996135,0
2009.36409817352,2009,5,-6.55,0,0,7.48435868996135,0
2009.36683789954,2009,5,-4.2125,0,0,7.48435868996135,0
2009.36957762557,2009,5,-9.2375,0,0,7.48435868996135,0
2009.3723173516,2009,5,-3.2375,0,0,7.48435868996135,0.326437752847103
2009.37505707763,2009,5,0.2625,0,0,7.59317127424372,3.72815016336916
2009.37779680365,2009,5,3.26666666666667,0,0,8.83588799536677,2.45891157954084
2009.38053652968,2009,5,2.425,2.4,0,9.65552518854705,2.32215043910374
2009.38327625571,2009,5,2.4875,0,18.4603943661972,10.429575334915,3.05671583256446
2009.38601598174,2009,5,3.56666666666667,0,64.3284507042253,11.4484806124365,3.89414007724614
2009.38875570776,2009,5,5.025,0,122.438535211268,12.7465273048518,4.15643057482846
2009.39149543379,2009,5,5.95833333333333,0,178.031154929577,14.132004163128,4.77058056120642
2009.39423515982,2009,5,7.59583333333333,0,294.366929577465,15.7221976835301,3.69166586573511
2009.39697488585,2009,5,6.43333333333333,7.2,310.536507042254,16.9527529721085,0
2009.39971461187,2009,5,-1.225,2.4,157.276901408451,16.9527529721085,0
2009.4024543379,2009,5,-2.39166666666667,67.2,75.4539718309859,16.9527529721085,0.818319434025852
2009.40519406393,2009,5,1.49166666666667,0,71.1613521126761,17.2255261167838,0
2009.40793378995,2009,5,-0.6875,139.2,65.7263661971831,17.2255261167838,1.00169041391236
2009.41067351598,2009,5,1.85833333333333,67.2,70.1619718309859,17.5594229214212,1.84953377719216
2009.41341324201,2009,5,3.525,0,71.6998309859155,18.1759341804853,3.97900795954479
2009.41615296804,2009,6,7.99583333333333,0,128.551943661972,19.5022701670002,4.9723937709497
2009.41889269406,2009,6,10.7833333333333,4.8,214.705521126761,21.1597347573168,4.85247761866316
2009.42163242009,2009,6,11.3708333333333,0,225.488788732394,22.7772272968712,5.21836484628529
2009.42437214612,2009,6,13.1625,0,187.842422535211,24.5166822456329,5.25796760809024
2009.42711187215,2009,6,14.2416666666667,60,140.731605633803,26.2693381149963,3.12326402292121
2009.42985159817,2009,6,8.925,369.6,135.165802816901,27.3104261226368,2.31584695396645
2009.4325913242,2009,6,6.84166666666667,141.6,251.982253521127,28.0823751072922,3.35237168010384
2009.43533105023,2009,6,10.2416666666667,0,148.329633802817,29.1998323339935,3.27386955830486
2009.43807077626,2009,6,10.3875,244.8,124.108732394366,30.2911221867618,2.03409748324555
2009.44081050228,2009,6,6.64583333333333,297.6,246.26738028169,30.969154681177,2.13241245575748
2009.44355022831,2009,6,7.125,14.4,223.870309859155,31.6799588330961,2.39760345580892
2009.44628995434,2009,6,8.20416666666667,0,115.64214084507,32.4791599850325,2.58868849596348
2009.44902968037,2009,6,9.0875,122.4,72.9547605633803,33.3420561503536,1.48391417623288
2009.45176940639,2009,6,5.31666666666667,475.2,185.696112676056,33.8366942090979,2.63037240820149
2009.45450913242,2009,6,9.61666666666667,0,179.14614084507,34.7134850118317,3.74294556441172
2009.45724885845,2009,6,14.1083333333333,0,100.327436619718,35.9611335333023,3.04520819872535
2009.45998858447,2009,6,11.8458333333333,14.4,66.42,36.9762029328774,1.19367377713407
2009.4627283105,2009,6,4.73333333333333,0,52.1807323943662,37.3740941919221,0.586897950932524
2009.46546803653,2009,6,2.34583333333333,0,42.4531267605634,37.569726842233,1.3169266812559
2009.46820776256,2009,6,5.30833333333333,0,35.0726197183099,38.0087024026516,2.9654790279793
2009.47094748858,2009,6,12.1791666666667,0,29.8308169014085,38.997195411978,3.18894203299972
2009.47368721461,2009,6,13.4458333333333,0,25.1776901408451,40.0601760896446,2.45842353676291
2009.47642694064,2009,6,10.6125,31.2,22.6495774647887,40.8796506018989,2.73112536585167
2009.47916666667,2009,6,12.0416666666667,19.2,18.2398309859155,41.7900257238495,2.16392564730774
2009.48190639269,2009,6,9.72916666666667,516,33.6381971830986,42.511334272952,1.38639413213065
2009.48464611872,2009,6,6.32083333333333,24,96.792338028169,42.9734656503289,1.01949299817395
2009.48738584475,2009,6,4.69166666666667,0,66.2055211267606,43.3132966497202,1.22258086471194
2009.49012557078,2009,6,5.675,0,45.9517183098592,43.7208236046242,1.97749313384667
2009.4928652968,2009,6,9.29166666666667,134.4,35.8240563380282,44.3799879825731,2.21287357333156
2009.49560502283,2009,6,10.5625,28.8,30.6005070422535,45.117612507017,2.2275367152478
2009.49834474886,2009,7,10.8083333333333,81.6,26.425014084507,45.8601247454329,2.59306743508212
2009.50108447489,2009,7,12.8041666666667,0,22.4563943661972,46.7244805571269,2.35698271232754
2009.50382420091,2009,7,11.8458333333333,0,17.3469295774648,47.5101414612361,2.6556092937773
2009.50656392694,2009,7,13.5833333333333,0,13.9745915492958,48.3953445591619,2.58569695797792
2009.50930365297,2009,7,13.4666666666667,0,11.9803943661972,49.2572435451545,2.67292280891778
2009.512043379,2009,7,14.1708333333333,0,10.7574084507042,50.1482178147938,2.09401993060247
2009.51478310502,2009,7,11.2791666666667,60,10.225014084507,50.8462244583279,2.31634954968596
2009.51752283105,2009,7,12.6583333333333,631.2,21.2653521126761,51.6183409748899,1.29169293896921
2009.52026255708,2009,7,7.14166666666667,62.4,142.068676056338,52.0489052878797,1.40238362601218
2009.52300228311,2009,7,7.82083333333333,117.6,117.169352112676,52.5163664965504,1.85825016838686
2009.52574200913,2009,7,10.4708333333333,14.4,88.9570140845071,53.135783219346,2.76732469033242
2009.52848173516,2009,7,15.8208333333333,0,60.5712676056338,54.0582247827901,3.16375698264224
2009.53122146119,2009,7,18.4208333333333,0,42.2979718309859,55.1128104436709,2.83906976529925
2009.53396118721,2009,7,16.8333333333333,0,31.3412957746479,56.059167032104,2.41246783504111
2009.53670091324,2009,7,14.5291666666667,0,24.1752676056338,56.8633229771177,1.92701392830632
2009.53944063927,2009,7,11.7541666666667,7.2,20.4348169014084,57.5056609532198,2.21987286917651
2009.5421803653,2009,7,13.7041666666667,0,18.2656901408451,58.2456185762786,2.09065556394911
2009.54492009132,2009,7,13.0666666666667,0,15.7208450704225,58.9425037642617,2.69659920494178
2009.54765981735,2009,7,17.0833333333333,0,13.7388169014085,59.8413701659089,2.505462992407
2009.55039954338,2009,7,16.1041666666667,0,12.287661971831,60.6765244967113,1.51878526036012
2009.55313926941,2009,7,9.87083333333334,0,11.3628169014085,61.1827862501646,1.04155836309066
2009.55587899543,2009,7,6.81666666666667,14.4,10.9445070422535,61.5299723711948,0.973203885713183
2009.55861872146,2009,7,6.40416666666667,0,10.8045633802817,61.8543736664326,1.61347509380366
2009.56135844749,2009,7,10.6916666666667,124.8,11.88,62.3921986977005,1.59161494890647
2009.56409817352,2009,7,10.6375,0,11.0053521126761,62.9227370140026,2.03211816368303
2009.56683789954,2009,7,13.7125,0,10.4988169014084,63.6001097352303,2.38898047525399
2009.56957762557,2009,7,16.3083333333333,2.4,9.99684507042253,64.396436560315,2.15893704781391
2009.5723173516,2009,7,14.9125,0,9.49791549295775,65.1160822429196,2.31979886789304
2009.57505707763,2009,7,16.2083333333333,4.8,9.16478873239437,65.8893485322173,2.14808081710893
2009.57779680365,2009,7,15.1791666666667,0,8.74191549295774,66.6053754712536,1.81104344437126
2009.58053652968,2009,7,12.925,52.8,8.73583098591549,67.2090566193773,1.25325982891297
2009.58327625571,2009,8,9.0125,88.8,8.80276056338028,67.6268098956817,1.45614927032136
2009.58601598173,2009,8,10.5416666666667,0,8.94878873239437,68.1121929857888,1.4350253154293
2009.58875570776,2009,8,10.4625,0,8.88794366197183,68.5905347575985,1.8127159443152
2009.59149543379,2009,8,13.3208333333333,0,8.87729577464789,69.1947734057036,1.44300305666599
2009.59423515982,2009,8,10.6875,0,8.57002816901408,69.6757744245923,1.56892847349431
2009.59697488584,2009,8,11.7041666666667,0,8.3783661971831,70.1987505824237,1.38215222351077
2009.59971461187,2009,8,10.3833333333333,4.8,8.06045070422535,70.6594679902606,0.664011541739981
2009.6024543379,2009,8,5.0125,249.6,10.2265352112676,70.8808051708406,0
2009.60519406393,2009,8,-0.6625,216,21.4174647887324,70.8808051708406,0
2009.60793378995,2009,8,-2.925,196.8,30.2247887323944,70.8808051708406,0.522353504311667
2009.61067351598,2009,8,3.95416666666667,28.8,36.2758309859155,71.0549230056112,0.824680197374207
2009.61341324201,2009,8,6.2625,0,46.8552676056338,71.3298164047359,0.651238913649308
2009.61615296804,2009,8,4.9625,0,52.0012394366197,71.546896042619,1.13751831338668
2009.61889269406,2009,8,8.70416666666667,177.6,53.9558873239437,71.9260688137479,0.0787340309125
2009.62163242009,2009,8,0.604166666666666,60,81.7727323943662,71.9523134907188,0.590945865410035
2009.62437214612,2009,8,4.54166666666667,0,67.8057464788732,72.1492954458554,0.930851410632073
2009.62711187215,2009,8,7.17916666666667,2.4,50.2899718309859,72.4595792493995,0
2009.62985159817,2009,8,-0.483333333333333,74.4,42.3572957746479,72.4595792493995,0.204759155863755
2009.6325913242,2009,8,1.58333333333333,0,37.4394929577465,72.527832301354,0.851991284098375
2009.63533105023,2009,8,6.60416666666667,0,32.94,72.8118293960535,1.20697696828415
2009.63807077626,2009,8,9.4,0,27.4745915492958,73.2141550521482,0.964651682518664
2009.64081050228,2009,8,7.55,0,22.944676056338,73.5357056129878,0.702197244289877
2009.64355022831,2009,8,5.51666666666667,0,20.039323943662,73.7697713610844,0.595437443161899
2009.64628995434,2009,8,4.69166666666667,60,18.2078873239437,73.968250508805,0.00105619388772027
2009.64902968037,2009,8,0.00833333333333328,192,22.7697464788732,73.9686025734343,0.133568010669734
2009.65176940639,2009,8,1.05416666666667,14.4,26.5421408450704,74.0131252436575,0.513462096362304
2009.65450913242,2009,8,4.05833333333333,0,28.2640563380282,74.1842792757783,0.195268225219522
2009.65724885845,2009,8,1.54583333333333,2.4,28.9272676056338,74.2493686841848,0.478236478966764
2009.65998858448,2009,8,3.79166666666667,187.2,32.4638873239437,74.4087808438404,0
2009.6627283105,2009,8,-0.616666666666667,84,47.0225915492958,74.4087808438404,0.77822633929452
2009.66546803653,2009,8,6.1875,28.8,55.7812394366197,74.6681896236052,0.789607821998146
2009.66820776256,2009,9,6.3,0,53.4432676056338,74.9313922309379,0.96028754875995
2009.67094748858,2009,9,7.69166666666667,0,42.6889014084507,75.2514880805246,1.05906048744237
2009.67368721461,2009,9,8.52083333333333,9.6,35.6293521126761,75.6045082430054,1.19243736408356
2009.67642694064,2009,9,9.64166666666667,0,31.6150985915493,76.0019873643666,1.46115156373789
2009.67916666667,2009,9,11.8833333333333,0,28.2883943661972,76.4890378856125,0
2009.68190639269,2009,9,-0.341666666666667,9.6,25.1503098591549,76.4890378856125,0
2009.68464611872,2009,9,-1.19583333333333,16.8,23.3462535211268,76.4890378856125,0.308762198309623
2009.68738584475,2009,9,2.52083333333333,2.4,21.1664788732394,76.5919586183824,0.952251493904072
2009.69012557078,2009,9,7.79583333333333,0,18.9441126760563,76.9093757830171,1.03987356997122
2009.6928652968,2009,9,8.55,0,16.8540845070423,77.2560003063408,0.511128040081402
2009.69560502283,2009,9,4.21666666666667,33.6,16.140676056338,77.4263763197013,0.540711529201616
2009.69834474886,2009,9,4.47083333333333,110.4,16.2669295774648,77.6066134961018,0.178114170099192
2009.70108447489,2009,9,1.475,12,15.6767323943662,77.6659848861349,0.556107605560257
2009.70382420091,2009,9,4.6125,0,1.87554929577465,77.8513540879883,0.46416619270893
2009.70656392694,2009,9,3.85833333333333,2.4,0,78.0060761522246,0.483237423605857
2009.70930365297,2009,9,4.025,2.4,0,78.1671552934266,0
2009.712043379,2009,9,-0.779166666666667,0,0,78.1671552934266,0
2009.71478310502,2009,9,-2.6375,0,0,78.1671552934266,0
2009.71752283105,2009,9,-4.2875,0,0,78.1671552934266,0
2009.72026255708,2009,9,-6.28333333333333,0,0,78.1671552934266,0
2009.7230022831,2009,9,-8.09166666666667,0,0,78.1671552934266,0
2009.72574200913,2009,9,-6.86666666666667,0,0,78.1671552934266,0
2009.72848173516,2009,9,-5.7375,0,0,78.1671552934266,0
2009.73122146119,2009,9,-8.1,0,0,78.1671552934266,0
2009.73396118721,2009,9,-9.8,0,0,78.1671552934266,0
2009.73670091324,2009,9,-15.2708333333333,0,0,78.1671552934266,0
2009.73944063927,2009,9,-10.6333333333333,0,0,78.1671552934266,0
2009.7421803653,2009,9,-17.4083333333333,0,0,78.1671552934266,0
2009.74492009132,2009,9,-18.4583333333333,0,0,78.1671552934266,0
2009.74765981735,2009,9,-19.7291666666667,0,0,78.1671552934266,0
2009.75039954338,2009,10,-17.5375,0,0,78.1671552934266,0
2009.75313926941,2009,10,-14.6166666666667,0,0,78.1671552934266,0
2009.75587899543,2009,10,-6.79583333333333,0,0,78.1671552934266,0
2009.75861872146,2009,10,-0.741666666666667,0,0,78.1671552934266,0
2009.76135844749,2009,10,-7.06666666666667,0,0,78.1671552934266,0
2009.76409817352,2009,10,-12.4958333333333,0,0,78.1671552934266,0
2009.76683789954,2009,10,-7.375,0,0,78.1671552934266,0.0579615576299517
2009.76957762557,2009,10,0.483333333333333,0,0,78.1864758126366,0.234198700024507
2009.7723173516,2009,10,1.95416666666667,0,0,78.2645420459781,0.186093731674958
2009.77505707763,2009,10,1.55416666666667,0,0,78.3265732898697,0.174983198392439
2009.77779680365,2009,10,1.4625,0,0,78.3849010226672,0.178836828036182
2009.78053652968,2009,10,1.49583333333333,0,0,78.4445132986793,0.0378421791839401
2009.78327625571,2009,10,0.316666666666667,0,0,78.4571273584072,0
2009.78601598174,2009,10,-1.07916666666667,0,0,78.4571273584072,0
2009.78875570776,2009,10,-4.1,0,0,78.4571273584072,0
2009.79149543379,2009,10,-11.1416666666667,0,0,78.4571273584072,0
2009.79423515982,2009,10,-11.0541666666667,0,0,78.4571273584072,0
2009.79697488584,2009,10,-15.3166666666667,0,0,78.4571273584072,0
2009.79971461187,2009,10,-15.525,0,0,78.4571273584072,0
2009.8024543379,2009,10,-18.6708333333333,0,0,78.4571273584072,0
2009.80519406393,2009,10,-12.4458333333333,0,0,78.4571273584072,0
2009.80793378995,2009,10,-9.31666666666667,0,0,78.4571273584072,0
2009.81067351598,2009,10,-10.8958333333333,0,0,78.4571273584072,0
2009.81341324201,2009,10,-0.9875,0,0,78.4571273584072,0
2009.81615296804,2009,10,-5.96666666666667,0,0,78.4571273584072,0
2009.81889269406,2009,10,-6.66666666666667,0,0,78.4571273584072,0
2009.82163242009,2009,10,-11.3833333333333,0,0,78.4571273584072,0
2009.82437214612,2009,10,-15.3791666666667,0,0,78.4571273584072,0
2009.82711187215,2009,10,-15.1583333333333,0,0,78.4571273584072,0
2009.82985159817,2009,10,-24.5708333333333,0,0,78.4571273584072,0
2009.8325913242,2009,10,-25.6041666666667,0,0,78.4571273584072,0
2009.83533105023,2009,11,-25.7958333333333,0,0,78.4571273584072,0
2009.83807077626,2009,11,-27.4083333333333,0,0,78.4571273584072,0
2009.84081050228,2009,11,-23.4625,0,0,78.4571273584072,0
2009.84355022831,2009,11,-17.2125,0,0,78.4571273584072,0
2009.84628995434,2009,11,-25.4125,0,0,78.4571273584072,0
2009.84902968036,2009,11,-25.1458333333333,0,0,78.4571273584072,0
2009.85176940639,2009,11,-29.9833333333333,0,0,78.4571273584072,0
2009.85450913242,2009,11,-24.6333333333333,0,0,78.4571273584072,0
2009.85724885845,2009,11,-19.425,0,0,78.4571273584072,0
2009.85998858447,2009,11,-24.1583333333333,0,0,78.4571273584072,0
2009.8627283105,2009,11,-10.6375,0,0,78.4571273584072,0
2009.86546803653,2009,11,-20.9625,0,0,78.4571273584072,0
2009.86820776256,2009,11,-28.8833333333333,0,0,78.4571273584072,0
2009.87094748858,2009,11,-32.9583333333333,0,0,78.4571273584072,0
2009.87368721461,2009,11,-32.8666666666667,0,0,78.4571273584072,0
2009.87642694064,2009,11,-23.375,0,0,78.4571273584072,0
2009.87916666667,2009,11,-26.4625,0,0,78.4571273584072,0
2009.88190639269,2009,11,-24.125,0,0,78.4571273584072,0
2009.88464611872,2009,11,-24.2166666666667,0,0,78.4571273584072,0
2009.88738584475,2009,11,-29.0625,0,0,78.4571273584072,0
2009.89012557078,2009,11,-32.3625,0,0,78.4571273584072,0
2009.8928652968,2009,11,-24.8375,0,0,78.4571273584072,0
2009.89560502283,2009,11,-25.7458333333333,0,0,78.4571273584072,0
2009.89834474886,2009,11,-13.1541666666667,0,0,78.4571273584072,0
2009.90108447489,2009,11,-16.7541666666667,0,0,78.4571273584072,0
2009.90382420091,2009,11,-14.4833333333333,0,0,78.4571273584072,0
2009.90656392694,2009,11,-10.4375,0,0,78.4571273584072,0
2009.90930365297,2009,11,-17.1541666666667,0,0,78.4571273584072,0
2009.912043379,2009,11,-20.7291666666667,0,0,78.4571273584072,0
2009.91478310502,2009,11,-8.99583333333333,0,0,78.4571273584072,0
2009.91752283105,2009,12,-6.67916666666667,0,0,78.4571273584072,0
2009.92026255708,2009,12,-16.275,0,0,78.4571273584072,0
2009.92300228311,2009,12,-19.9375,0,0,78.4571273584072,0
2009.92574200913,2009,12,-17.4791666666667,0,0,78.4571273584072,0.0826341360122171
2009.92848173516,2009,12,0.691666666666667,0,0,78.4846720704113,0
2009.93122146119,2009,12,-4.45833333333333,0,0,78.4846720704113,0
2009.93396118721,2009,12,-2.44166666666667,0,0,78.4846720704113,0
2009.93670091324,2009,12,-7.45416666666667,0,0,78.4846720704113,0
2009.93944063927,2009,12,-7.02083333333333,0,0,78.4846720704113,0
2009.9421803653,2009,12,-5.61666666666667,0,0,78.4846720704113,0
2009.94492009132,2009,12,-9.55,0,0,78.4846720704113,0
2009.94765981735,2009,12,-15.9166666666667,0,0,78.4846720704113,0
2009.95039954338,2009,12,-27.8666666666667,0,0,78.4846720704113,0
2009.95313926941,2009,12,-31.8416666666667,0,0,78.4846720704113,0
2009.95587899543,2009,12,-35.9708333333333,0,0,78.4846720704113,0
2009.95861872146,2009,12,-34.7625,0,0,78.4846720704113,0
2009.96135844749,2009,12,-32.225,0,0,78.4846720704113,0
2009.96409817352,2009,12,-27.2458333333333,0,0,78.4846720704113,0
2009.96683789954,2009,12,-16.6166666666667,0,0,78.4846720704113,0
2009.96957762557,2009,12,-9.23333333333334,0,0,78.4846720704113,0
2009.9723173516,2009,12,-4.0625,0,0,78.4846720704113,0
2009.97505707763,2009,12,-11.2583333333333,0,0,78.4846720704113,0
2009.97779680365,2009,12,-15.1208333333333,0,0,78.4846720704113,0
2009.98053652968,2009,12,-19.9375,0,0,78.4846720704113,0
2009.98327625571,2009,12,-28.3541666666667,0,0,78.4846720704113,0
2009.98601598173,2009,12,-19.7083333333333,0,0,78.4846720704113,0
2009.98875570776,2009,12,-15.4541666666667,0,0,78.4846720704113,0
2009.99149543379,2009,12,-15.8875,0,0,78.4846720704113,0
2009.99423515982,2009,12,-11.025,0,0,78.4846720704113,0
2009.99697488584,2009,12,-16.0708333333333,0,0,78.4846720704113,0
2009.99971461187,2009,7,-27.2041666666667,0,0,78.4846720704113,-235.454016211234
2010.0024543379,2010,1,-20.5875,0,0,0,0
2010.00519406393,2010,1,-19.4333333333333,0,0,0,0
2010.00793378995,2010,1,-24.3666666666667,0,0,0,0
2010.01067351598,2010,1,-22.0833333333333,0,0,0,0
2010.01341324201,2010,1,-23.5541666666667,0,0,0,0
2010.01615296804,2010,1,-23.4875,0,0,0,0
2010.01889269406,2010,1,-30.1875,0,0,0,0
2010.02163242009,2010,1,-38.3041666666667,0,0,0,0
2010.02437214612,2010,1,-38.8833333333333,0,0,0,0
2010.02711187215,2010,1,-34.3291666666667,0,0,0,0
2010.02985159817,2010,1,-32.6833333333333,0,0,0,0
2010.0325913242,2010,1,-25.8583333333333,0,0,0,0
2010.03533105023,2010,1,-30.0708333333333,0,0,0,0
2010.03807077626,2010,1,-38.4541666666667,0,0,0,0
2010.04081050228,2010,1,-35.1416666666667,0,0,0,0
2010.04355022831,2010,1,-34.4416666666667,0,0,0,0
2010.04628995434,2010,1,-39.6666666666667,0,0,0,0
2010.04902968037,2010,1,-36.7666666666667,0,0,0,0
2010.05176940639,2010,1,-31.2791666666667,0,0,0,0
2010.05450913242,2010,1,-21.8583333333333,0,0,0,0
2010.05724885845,2010,1,-26.3708333333333,0,0,0,0
2010.05998858447,2010,1,-21.2125,0,0,0,0
2010.0627283105,2010,1,-11.8416666666667,0,0,0,0
2010.06546803653,2010,1,-9.59583333333333,0,0,0,0
2010.06820776256,2010,1,-12.4541666666667,0,0,0,0
2010.07094748858,2010,1,-18.475,0,0,0,0
2010.07368721461,2010,1,-27.7166666666667,0,0,0,0
2010.07642694064,2010,1,-25.6458333333333,0,0,0,0
2010.07916666667,2010,1,-8.7,0,0,0,0
2010.08190639269,2010,1,-10.4083333333333,0,0,0,0
2010.08464611872,2010,1,-20.0833333333333,0,0,0,0
2010.08738584475,2010,2,-28.8708333333333,0,0,0,0
2010.09012557078,2010,2,-22.0166666666667,0,0,0,0
2010.0928652968,2010,2,-28.3333333333333,0,0,0,0
2010.09560502283,2010,2,-30.4458333333333,0,0,0,0
2010.09834474886,2010,2,-32.8333333333333,0,0,0,0
2010.10108447489,2010,2,-25.8,0,0,0,0
2010.10382420091,2010,2,-19.8375,0,0,0,0
2010.10656392694,2010,2,-24.4833333333333,0,0,0,0
2010.10930365297,2010,2,-24.0541666666667,0,0,0,0
2010.11204337899,2010,2,-15.5,0,0,0,0
2010.11478310502,2010,2,-18.6458333333333,0,0,0,0
2010.11752283105,2010,2,-20.1666666666667,0,0,0,0
2010.12026255708,2010,2,-19.4958333333333,0,0,0,0
2010.1230022831,2010,2,-22.2958333333333,0,0,0,0
2010.12574200913,2010,2,-8.53333333333333,0,0,0,0
2010.12848173516,2010,2,-14.4083333333333,0,0,0,0
2010.13122146119,2010,2,-8.78333333333333,0,0,0,0
2010.13396118722,2010,2,-6.25416666666667,0,0,0,0
2010.13670091324,2010,2,-0.916666666666667,0,0,0,0
2010.13944063927,2010,2,-3.37083333333333,0,0,0,0
2010.1421803653,2010,2,-9.54166666666667,0,0,0,0
2010.14492009132,2010,2,-20.6916666666667,0,0,0,0
2010.14765981735,2010,2,-33.9125,0,0,0,0
2010.15039954338,2010,2,-37.7958333333333,0,0,0,0
2010.15313926941,2010,2,-38.8916666666667,0,0,0,0
2010.15587899543,2010,2,-36.0916666666667,0,0,0,0
2010.15861872146,2010,2,-33.8958333333333,0,0,0,0
2010.16135844749,2010,2,-29.9041666666667,0,0,0,0
2010.16409817352,2010,3,-29.7833333333333,0,0,0,0
2010.16683789954,2010,3,-29.3291666666667,0,0,0,0
2010.16957762557,2010,3,-24.2291666666667,0,0,0,0
2010.1723173516,2010,3,-16.2583333333333,0,0,0,0
2010.17505707763,2010,3,-14.65,0,0,0,0
2010.17779680365,2010,3,-15.3041666666667,0,0,0,0
2010.18053652968,2010,3,-21.0791666666667,0,0,0,0
2010.18327625571,2010,3,-27.2208333333333,0,0,0,0
2010.18601598174,2010,3,-25.5166666666667,0,0,0,0
2010.18875570776,2010,3,-27.1041666666667,0,0,0,0
2010.19149543379,2010,3,-30.3125,0,0,0,0
2010.19423515982,2010,3,-26.6708333333333,0,0,0,0
2010.19697488584,2010,3,-30.0083333333333,0,0,0,0
2010.19971461187,2010,3,-30.6833333333333,0,0,0,0
2010.2024543379,2010,3,-26.3625,0,0,0,0
2010.20519406393,2010,3,-21.0375,0,0,0,0
2010.20793378995,2010,3,-14.1,0,0,0,0
2010.21067351598,2010,3,-13.5083333333333,0,0,0,0
2010.21341324201,2010,3,-13.6125,0,0,0,0
2010.21615296804,2010,3,-18.0583333333333,0,0,0,0
2010.21889269406,2010,3,-22.6166666666667,0,0,0,0
2010.22163242009,2010,3,-25.1125,0,0,0,0
2010.22437214612,2010,3,-18.5041666666667,0,0,0,0
2010.22711187215,2010,3,-15.9791666666667,0,0,0,0
2010.22985159817,2010,3,-19.0458333333333,0,0,0,0
2010.2325913242,2010,3,-29.2541666666667,0,0,0,0
2010.23533105023,2010,3,-30.1833333333333,0,0,0,0
2010.23807077625,2010,3,-18.6625,0,0,0,0
2010.24081050228,2010,3,-20.3208333333333,0,0,0,0
2010.24355022831,2010,3,-15.8666666666667,0,0,0,0
2010.24628995434,2010,3,-17.0875,0,0,0,0
2010.24902968036,2010,4,-18.2041666666667,0,0,0,0
2010.25176940639,2010,4,-22.0666666666667,0,0,0,0
2010.25450913242,2010,4,-21.0875,0,0,0,0
2010.25724885845,2010,4,-17.6791666666667,0,0,0,0
2010.25998858448,2010,4,-18.4666666666667,0,0,0,0
2010.2627283105,2010,4,-18.8958333333333,0,0,0,0
2010.26546803653,2010,4,-23.6791666666667,0,0,0,0
2010.26820776256,2010,4,-21.4166666666667,0,0,0,0
2010.27094748859,2010,4,-19.4083333333333,0,0,0,0
2010.27368721461,2010,4,-6.8375,0,0,0,0
2010.27642694064,2010,4,-4.47083333333333,0,0,0,0
2010.27916666667,2010,4,-4.06666666666667,0,0,0,0
2010.28190639269,2010,4,-5.20833333333333,0,0,0,0
2010.28464611872,2010,4,-9.99583333333333,0,0,0,0
2010.28738584475,2010,4,-8.75,0,0,0,0
2010.29012557078,2010,4,-7.825,0,0,0,0
2010.2928652968,2010,4,-4.62083333333333,0,0,0,0
2010.29560502283,2010,4,-1.33333333333333,0,0,0,8.93990352296936
2010.29834474886,2010,4,1.42083333333333,0,0,2.97996784098979,0
2010.30108447489,2010,4,-4.21666666666667,0,0,2.97996784098979,0
2010.30382420091,2010,4,-4.74166666666667,0,0,2.97996784098979,0
2010.30656392694,2010,4,-2.74166666666667,0,0,2.97996784098979,0
2010.30930365297,2010,4,-1.79166666666667,0,0,2.97996784098979,0
2010.312043379,2010,4,-6.32916666666667,0,0,2.97996784098979,0
2010.31478310502,2010,4,-10.9458333333333,0,0,2.97996784098979,0
2010.31752283105,2010,4,-10.9291666666667,0,0,2.97996784098979,0
2010.32026255708,2010,4,-9.55,0,0,2.97996784098979,0
2010.32300228311,2010,4,-0.1125,0,0,2.97996784098979,0.321913253451992
2010.32574200913,2010,4,0.104166666666667,0,0,3.08727225880712,0
2010.32848173516,2010,4,-5.28333333333333,0,0,3.08727225880712,0
2010.33122146119,2010,5,-6.675,0,0,3.08727225880712,0
2010.33396118721,2010,5,-5.80416666666667,0,0,3.08727225880712,0
2010.33670091324,2010,5,-3.4875,0,0,3.08727225880712,0
2010.33944063927,2010,5,-9.09583333333333,0,0,3.08727225880712,0
2010.3421803653,2010,5,-10.9041666666667,0,0,3.08727225880712,0
2010.34492009132,2010,5,-7.15,0,0,3.08727225880712,0
2010.34765981735,2010,5,-5.4375,0,0,3.08727225880712,0
2010.35039954338,2010,5,-8.04166666666667,0,0,3.08727225880712,0
2010.35313926941,2010,5,-15.1125,0,0,3.08727225880712,0
2010.35587899543,2010,5,-14.4791666666667,0,0,3.08727225880712,0
2010.35861872146,2010,5,-9.9125,0,0,3.08727225880712,0
2010.36135844749,2010,5,-6.70833333333333,0,0,3.08727225880712,0
2010.36409817352,2010,5,-0.366666666666667,0,0,3.08727225880712,5.7538000940239
2010.36683789954,2010,5,2.48333333333333,0,0,5.00520562348175,0
2010.36957762557,2010,5,-2.50833333333333,0,0,5.00520562348175,0.30134676468818
2010.3723173516,2010,5,0.1625,0,0,5.10565454504448,0
2010.37505707763,2010,5,-1.79583333333333,0,46.0718873239437,5.10565454504448,0
2010.37779680365,2010,5,-3.3625,0,97.5285633802817,5.10565454504448,0
2010.38053652968,2010,5,-3.80416666666667,0,112.977126760563,5.10565454504448,0
2010.38327625571,2010,5,-3.29583333333333,0,111.525971830986,5.10565454504448,0.688406557398825
2010.38601598174,2010,5,0.383333333333333,0,117.37014084507,5.33512339751075,8.65165213377471
2010.38875570776,2010,5,6.25416666666667,0,163.466366197183,8.21900744210232,5.99602605391128
2010.39149543379,2010,5,5.89583333333333,0,173.019042253521,10.2176827934061,4.8037915805002
2010.39423515982,2010,5,5.64583333333333,0,120.643605633803,11.8189466535728,5.30734468708239
2010.39697488585,2010,5,7.19166666666667,2.4,86.905014084507,13.5880615492669,7.30558885905065
2010.39971461187,2010,5,11.5375,0,67.750985915493,16.0232578356172,7.28984625340338
2010.4024543379,2010,5,13.4041666666667,0,43.4372957746479,18.4532065867516,2.55532325966014
2010.40519406393,2010,5,5.14583333333333,0,37.3892957746479,19.3049810066383,4.1793652941326
2010.40793378995,2010,5,8.91666666666667,0,33.0267042253521,20.6981027713492,5.12733998469617
2010.41067351598,2010,5,11.7875,2.4,29.0900281690141,22.4072160995813,1.11860795626307
2010.41341324201,2010,5,2.69583333333333,24,25.8348169014084,22.7800854183356,0.714748994431829
2010.41615296804,2010,6,1.74583333333333,242.4,36.4218591549296,23.0183350831462,0.968986174929601
2010.41889269406,2010,6,2.39583333333333,7.2,30.7815211267606,23.3413304747894,3.50215188534164
2010.42163242009,2010,6,8.9375,0,24.240676056338,24.50871443657,2.95455278414112
2010.42437214612,2010,6,7.87916666666667,0,20.5656338028169,25.493565364617,5.26873050964264
2010.42711187215,2010,6,14.8208333333333,0,17.4686197183099,27.2498088678312,4.74208309543573
2010.42985159817,2010,6,14.1833333333333,0,14.8340281690141,28.8305032329765,3.93845284114908
2010.4325913242,2010,6,12.3875,0,12.5949295774648,30.1433208466928,3.94172614355162
2010.43533105023,2010,6,12.95,88.8,11.2928450704225,31.45722956121,3.68202746216418
2010.43807077626,2010,6,12.5958333333333,2.4,12.935661971831,32.6845720485981,3.81476524074645
2010.44081050228,2010,6,13.5583333333333,0,9.44315492957747,33.9561604621803,3.28096583026586
2010.44355022831,2010,6,12.075,0,7.30749295774648,35.0498157389355,2.90869685387416
2010.44628995434,2010,6,11.025,0,6.44957746478873,36.0193813568936,2.54142927840589
2010.44902968037,2010,6,9.87916666666667,0,5.6950985915493,36.8665244496956,3.45838888941731
2010.45176940639,2010,6,13.8125,0,5.62208450704225,38.019320746168,2.57246368029306
2010.45450913242,2010,6,10.55,136.8,5.77419718309859,38.876808639599,1.87392526714045
2010.45724885845,2010,6,7.83333333333333,148.8,9.60135211267606,39.5014503953125,2.47698776763833
2010.45998858447,2010,6,10.5458333333333,33.6,17.7545915492958,40.3271129845253,1.83330797422348
2010.4627283105,2010,6,7.94583333333333,2.4,27.9583098591549,40.9382156425998,1.3777441434737
2010.46546803653,2010,6,6.05,0,28.4146478873239,41.3974636904243,2.44531806388155
2010.46820776256,2010,6,10.9041666666667,0,21.6121690140845,42.2125697117182,2.48523373326061
2010.47094748858,2010,6,11.3,0,17.0913802816901,43.0409809561384,2.13777098001705
2010.47368721461,2010,6,9.89583333333333,0,13.3615774647887,43.7535712828107,2.42560276624606
2010.47642694064,2010,6,11.425,0,11.6335774647887,44.5621055382261,1.97352913932516
2010.47916666667,2010,6,9.45,0,10.2767323943662,45.2199485846678,1.78588217160367
2010.48190639269,2010,6,8.67083333333333,0,9.21194366197183,45.815242641869,1.31440683938945
2010.48464611872,2010,6,6.45416666666667,0,7.25881690140845,46.2533782549988,1.59460553614188
2010.48738584475,2010,6,7.9125,14.4,6.88766197183099,46.7849134337128,2.51484621047716
2010.49012557078,2010,6,12.6625,0,6.66253521126761,47.6231955038719,2.77338448252476
2010.4928652968,2010,6,14.225,0,6.29138028169014,48.5476569980468,2.38706185392736
2010.49560502283,2010,6,12.4625,0,6.09059154929577,49.3433442826892,2.68389318400143
2010.49834474886,2010,7,14.2541666666667,0,5.89588732394366,50.237975344023,2.4159208299976
2010.50108447489,2010,7,13.05,0,5.54298591549296,51.0432822873556,1.31446955974275
2010.50382420091,2010,7,7.1875,0,4.98321126760563,51.4814388072698,2.23733733829099
2010.50656392694,2010,7,12.375,26.4,5.15966197183099,52.2272179200335,0.62179502599578
2010.50930365297,2010,7,3.47083333333333,492,6.37047887323944,52.4344829286987,1.23849164292716
2010.512043379,2010,7,6.95416666666667,100.8,11.1163943661972,52.8473134763411,1.58349868044478
2010.51478310502,2010,7,8.97083333333333,28.8,30.8849577464789,53.3751463698227,2.69827691494886
2010.51752283105,2010,7,15.4916666666667,0,30.1730704225352,54.274572008139,3.21138945029875
2010.52026255708,2010,7,18.775,19.2,21.575661971831,55.3450351582386,2.54884060260201
2010.52300228311,2010,7,15.1625,0,16.2882253521127,56.1946486924393,1.25007215813465
2010.52574200913,2010,7,7.52083333333333,206.4,13.2581408450704,56.6113394118175,1.0387414426191
2010.52848173516,2010,7,6.29166666666667,0,16.1056901408451,56.9575865593572,1.02837469863928
2010.53122146119,2010,7,6.26666666666667,50.4,15.8014647887324,57.3003781255703,0.662712503219367
2010.53396118721,2010,7,4.05833333333333,88.8,15.2234366197183,57.5212822933101,1.00417832920788
2010.53670091324,2010,7,6.17916666666667,2.4,16.2760563380282,57.856008403046,1.52056843705007
2010.53944063927,2010,7,9.425,86.4,15.5459154929577,58.3628645487294,1.45371714643738
2010.5421803653,2010,7,9.0875,96,17.2982535211268,58.8474369308752,1.61426535599715
2010.54492009132,2010,7,10.1791666666667,72,20.784676056338,59.3855253828742,1.2362801054656
2010.54765981735,2010,7,7.85833333333333,261.6,38.8678309859155,59.7976187513628,1.59984905471688
2010.55039954338,2010,7,10.25,28.8,75.5209014084507,60.3309017696017,1.61727867345138
2010.55313926941,2010,7,10.4541666666667,110.4,91.2128450704225,60.8699946607522,1.87451739929579
2010.55587899543,2010,7,12.2333333333333,0,73.5616901408451,61.4948337938508,1.64738230579444
2010.55861872146,2010,7,10.8541666666667,79.2,60.6868732394366,62.0439612291156,1.75521672138269
2010.56135844749,2010,7,11.6708333333333,0,53.3002816901408,62.6290334695765,1.97489717109162
2010.56409817352,2010,7,13.2625,0,37.2736901408451,63.287332526607,1.96495080074403
2010.56683789954,2010,7,13.3333333333333,0,27.9157183098592,63.942316126855,1.97284360848732
2010.56957762557,2010,7,13.525,228,29.3394929577465,64.5999306630175,1.47225382140141
2010.5723173516,2010,7,10.1833333333333,508.8,67.8361690140845,65.090681936818,1.3682905272365
2010.57505707763,2010,7,9.53333333333333,235.2,96.7254084507042,65.5467787792301,1.45883390287372
2010.57779680365,2010,7,10.2375,0,125.304338028169,66.0330567468547,1.92739049575411
2010.58053652968,2010,7,13.6416666666667,0,75.2836056338028,66.6755202454394,2.09287332433811
2010.58327625571,2010,8,14.9625,0,52.7222535211268,67.3731446868854,2.36161640612897
2010.58601598173,2010,8,17.0708333333333,0,39.4762816901408,68.1603501555951,2.08745360631872
2010.58875570776,2010,8,15.2541666666667,0,31.3960563380282,68.856168024368,2.05926702892353
2010.59149543379,2010,8,15.2,86.4,26.5284507042253,69.5425903673425,1.47153577450646
2010.59423515982,2010,8,10.9541666666667,62.4,25.5305915492958,70.033102292178,0.67827139022566
2010.59697488584,2010,8,5.075,650.4,89.3570704225352,70.2591927555866,1.04487096844296
2010.59971461187,2010,8,7.85,9.6,162.529352112676,70.6074830784009,0.967610154328042
2010.6024543379,2010,8,7.30416666666667,38.4,108.535436619718,70.9300197965102,1.23279277817592
2010.60519406393,2010,8,9.35416666666667,105.6,75.8798873239437,71.3409507225689,1.01983981460653
2010.60793378995,2010,8,7.77916666666667,55.2,69.6676056338028,71.6808973274377,1.32450891699141
2010.61067351598,2010,8,10.1583333333333,96,70.5802816901409,72.1224002997682,1.32183333301504
2010.61341324201,2010,8,10.2,48,63.8264788732394,72.5630114107732,0.836028689533862
2010.61615296804,2010,8,6.48333333333333,88.8,62.1410704225352,72.8416876406178,1.6114359260205
2010.61889269406,2010,8,12.5666666666667,0,59.2691830985916,73.3788329492913,2.23829035944608
2010.62163242009,2010,8,17.6083333333333,0,47.7572957746479,74.1249297357733,1.8368504883033
2010.62437214612,2010,8,14.5833333333333,48,39.5918873239437,74.7372132318744,1.49869735166392
2010.62711187215,2010,8,11.9875,732,51.2315492957747,75.2367790157624,1.20030064958235
2010.62985159817,2010,8,9.65833333333333,117.6,98.4108169014084,75.6368792322899,0.771809749129204
2010.6325913242,2010,8,6.2375,112.8,126.673352112676,75.8941491486663,0.760994679180229
2010.63533105023,2010,8,6.17083333333333,0,101.672112676056,76.1478140417263,0.54618646092095
2010.63807077626,2010,8,4.44166666666667,4.8,72.3508732394366,76.3298761953667,0.393715948763784
2010.64081050228,2010,8,3.20833333333333,2.4,59.1292394366197,76.4611148449546,0.559243408300887
2010.64355022831,2010,8,4.56666666666667,0,50.3006197183099,76.6475293143882,0.403279721093682
2010.64628995434,2010,8,3.3,2.4,43.3156056338028,76.7819558880861,0.8536200622503
2010.64902968037,2010,8,7.00416666666667,2.4,37.7543661971831,77.0664959088362,0.752487367475041
2010.65176940639,2010,8,6.19583333333333,0,33.3430985915493,77.3173250313279,0.907625846153707
2010.65450913242,2010,8,7.5,0,30.1791549295775,77.6198669800458,0.717039319542749
2010.65724885845,2010,8,5.94583333333333,0,28.8405633802817,77.85888008656,0.529205192756223
2010.65998858448,2010,8,4.4,0,27.240338028169,78.0352818174788,0.669812091100326
2010.6627283105,2010,8,5.58333333333333,0,24.9708169014084,78.2585525145122,0.526508564215106
2010.66546803653,2010,8,4.4,0,4.97104225352113,78.4340553692506,0.542227773044161
2010.66820776256,2010,9,4.54166666666667,0,0,78.6147979602653,0.712945891192547
2010.67094748858,2010,9,5.9875,0,0,78.8524465906628,1.12137588214831
2010.67368721461,2010,9,9.45416666666667,0,0,79.2262385513789,1.01646784356178
2010.67642694064,2010,9,8.60833333333333,31.2,0,79.5650611658995,0.949084115778916
2010.67916666667,2010,9,8.07083333333333,60,0,79.8814225378258,1.03738156235814
2010.68190639269,2010,9,8.85833333333333,0,0,80.2272163919452,1.00044444096504
2010.68464611872,2010,9,8.57916666666667,12,0,80.5606978722669,0.935951105763237
2010.68738584475,2010,9,8.05833333333333,0,0,80.872681574188,0.572177891339734
2010.69012557078,2010,9,4.94166666666667,0,0,81.0634075379679,0.686667435153723
2010.6928652968,2010,9,5.94583333333333,2.4,0,81.2922966830191,0.76474837335023
2010.69560502283,2010,9,6.64166666666667,0,0,81.5472128074692,0.75711233847143
2010.69834474886,2010,9,6.59583333333333,0,0,81.7995835869597,0.737644353699693
2010.70108447489,2010,9,6.44583333333334,0,0,82.0454650381929,0.633360933442745
2010.70382420091,2010,9,5.55,0,0,82.2565853493405,0.904425085176229
2010.70656392694,2010,9,7.95,0,0,82.5580603777326,0.541639776751609
2010.70930365297,2010,9,4.775,96,0,82.7386069699831,0.228400697235628
2010.712043379,2010,9,2.01666666666667,0,0,82.8147405357283,0.501838062374873
2010.71478310502,2010,9,4.4375,0,0,82.9820198898533,0.158587015322453
2010.71752283105,2010,9,1.40416666666667,0,0,83.0348822282941,0
2010.72026255708,2010,9,-3.25833333333333,0,0,83.0348822282941,0
2010.7230022831,2010,9,-5.00833333333333,0,0,83.0348822282941,0
2010.72574200913,2010,9,-5.30416666666667,0,0,83.0348822282941,0
2010.72848173516,2010,9,-7.61666666666667,0,0,83.0348822282941,0
2010.73122146119,2010,9,-2.4,0,0,83.0348822282941,0
2010.73396118721,2010,9,-7.8,0,0,83.0348822282941,0
2010.73670091324,2010,9,-8.15,0,0,83.0348822282941,0
2010.73944063927,2010,9,-9.37916666666666,0,0,83.0348822282941,0
2010.7421803653,2010,9,-14.3083333333333,0,0,83.0348822282941,0
2010.74492009132,2010,9,-15.3,0,0,83.0348822282941,0
2010.74765981735,2010,9,-11.1791666666667,0,0,83.0348822282941,0
2010.75039954338,2010,10,-8.7375,0,0,83.0348822282941,0
2010.75313926941,2010,10,-5.79166666666667,0,0,83.0348822282941,0
2010.75587899543,2010,10,-8.7125,0,0,83.0348822282941,0
2010.75861872146,2010,10,-8.34166666666667,0,0,83.0348822282941,0
2010.76135844749,2010,10,-8.54583333333333,0,0,83.0348822282941,0
2010.76409817352,2010,10,-8.83333333333333,0,0,83.0348822282941,0
2010.76683789954,2010,10,-13.6416666666667,0,0,83.0348822282941,0
2010.76957762557,2010,10,-20.8875,0,0,83.0348822282941,0
2010.7723173516,2010,10,-16.2208333333333,0,0,83.0348822282941,0
2010.77505707763,2010,10,-13.8166666666667,0,0,83.0348822282941,0
2010.77779680365,2010,10,-16.4041666666667,0,0,83.0348822282941,0
2010.78053652968,2010,10,-12.5208333333333,0,0,83.0348822282941,0
2010.78327625571,2010,10,-15.0666666666667,0,0,83.0348822282941,0
2010.78601598174,2010,10,-16.9875,0,0,83.0348822282941,0
2010.78875570776,2010,10,-17.4541666666667,0,0,83.0348822282941,0
2010.79149543379,2010,10,-21.2291666666667,0,0,83.0348822282941,0
2010.79423515982,2010,10,-20.375,0,0,83.0348822282941,0
2010.79697488584,2010,10,-16.2125,0,0,83.0348822282941,0
2010.79971461187,2010,10,-15.8541666666667,0,0,83.0348822282941,0
2010.8024543379,2010,10,-6.00416666666667,0,0,83.0348822282941,0
2010.80519406393,2010,10,-8.5125,0,0,83.0348822282941,0
2010.80793378995,2010,10,-11.6333333333333,0,0,83.0348822282941,0
2010.81067351598,2010,10,-12.6791666666667,0,0,83.0348822282941,0
2010.81341324201,2010,10,-12.7375,0,0,83.0348822282941,0
2010.81615296804,2010,10,-13.0791666666667,0,0,83.0348822282941,0
2010.81889269406,2010,10,-15.8625,0,0,83.0348822282941,0
2010.82163242009,2010,10,-7.07083333333333,0,0,83.0348822282941,0
2010.82437214612,2010,10,-8.07083333333333,0,0,83.0348822282941,0
2010.82711187215,2010,10,-14.1708333333333,0,0,83.0348822282941,0
2010.82985159817,2010,10,-14.6291666666667,0,0,83.0348822282941,0
2010.8325913242,2010,10,-21.0958333333333,0,0,83.0348822282941,0
2010.83533105023,2010,11,-17.075,0,0,83.0348822282941,0
2010.83807077626,2010,11,-15.2416666666667,0,0,83.0348822282941,0
2010.84081050228,2010,11,-14.2375,0,0,83.0348822282941,0
2010.84355022831,2010,11,-15.8833333333333,0,0,83.0348822282941,0
2010.84628995434,2010,11,-12.3666666666667,0,0,83.0348822282941,0
2010.84902968036,2010,11,-19.6666666666667,0,0,83.0348822282941,0
2010.85176940639,2010,11,-16.0833333333333,0,0,83.0348822282941,0
2010.85450913242,2010,11,-15.025,0,0,83.0348822282941,0
2010.85724885845,2010,11,-16.0958333333333,0,0,83.0348822282941,0
2010.85998858447,2010,11,-19.575,0,0,83.0348822282941,0
2010.8627283105,2010,11,-24.7666666666667,0,0,83.0348822282941,0
2010.86546803653,2010,11,-21.525,0,0,83.0348822282941,0
2010.86820776256,2010,11,-22.2875,0,0,83.0348822282941,0
2010.87094748858,2010,11,-23.3458333333333,0,0,83.0348822282941,0
2010.87368721461,2010,11,-24.3083333333333,0,0,83.0348822282941,0
2010.87642694064,2010,11,-15.3166666666667,0,0,83.0348822282941,0
2010.87916666667,2010,11,-5.68333333333333,0,0,83.0348822282941,0
2010.88190639269,2010,11,-7.62916666666667,0,0,83.0348822282941,0
2010.88464611872,2010,11,-5.49583333333333,0,0,83.0348822282941,0
2010.88738584475,2010,11,-1.77916666666667,0,0,83.0348822282941,0
2010.89012557078,2010,11,-2.0375,0,0,83.0348822282941,0
2010.8928652968,2010,11,-1.75,0,0,83.0348822282941,0
2010.89560502283,2010,11,-6.28333333333333,0,0,83.0348822282941,0
2010.89834474886,2010,11,-11.9958333333333,0,0,83.0348822282941,0
2010.90108447489,2010,11,-17.0375,0,0,83.0348822282941,0
2010.90382420091,2010,11,-16.0041666666667,0,0,83.0348822282941,0
2010.90656392694,2010,11,-15.6625,0,0,83.0348822282941,0
2010.90930365297,2010,11,-19.4791666666667,0,0,83.0348822282941,0
2010.912043379,2010,11,-28.9708333333333,0,0,83.0348822282941,0
2010.91478310502,2010,11,-24.3583333333333,0,0,83.0348822282941,0
2010.91752283105,2010,12,-24.6958333333333,0,0,83.0348822282941,0
2010.92026255708,2010,12,-22.5166666666667,0,0,83.0348822282941,0
2010.92300228311,2010,12,-16.1541666666667,0,0,83.0348822282941,0
2010.92574200913,2010,12,-26.65,0,0,83.0348822282941,0
2010.92848173516,2010,12,-31.0625,0,0,83.0348822282941,0
2010.93122146119,2010,12,-25.3708333333333,0,0,83.0348822282941,0
2010.93396118721,2010,12,-24.6916666666667,0,0,83.0348822282941,0
2010.93670091324,2010,12,-24.8125,0,0,83.0348822282941,0
2010.93944063927,2010,12,-21.3,0,0,83.0348822282941,0
2010.9421803653,2010,12,-29.6166666666667,0,0,83.0348822282941,0
2010.94492009132,2010,12,-31.5083333333333,0,0,83.0348822282941,0
2010.94765981735,2010,12,-14.1583333333333,0,0,83.0348822282941,0
2010.95039954338,2010,12,-27.1291666666667,0,0,83.0348822282941,0
2010.95313926941,2010,12,-25.0958333333333,0,0,83.0348822282941,0
2010.95587899543,2010,12,-26.6875,0,0,83.0348822282941,0
2010.95861872146,2010,12,-28.0083333333333,0,0,83.0348822282941,0
2010.96135844749,2010,12,-26.225,0,0,83.0348822282941,0
2010.96409817352,2010,12,-19.0208333333333,0,0,83.0348822282941,0
2010.96683789954,2010,12,-9.09166666666667,0,0,83.0348822282941,0
2010.96957762557,2010,12,-17.7166666666667,0,0,83.0348822282941,0
2010.9723173516,2010,12,-22.9625,0,0,83.0348822282941,0
2010.97505707763,2010,12,-31.3333333333333,0,0,83.0348822282941,0
2010.97779680365,2010,12,-30.8458333333333,0,0,83.0348822282941,0
2010.98053652968,2010,12,-37.225,0,0,83.0348822282941,0
2010.98327625571,2010,12,-38.8041666666667,0,0,83.0348822282941,0
2010.98601598173,2010,12,-38.3041666666667,0,0,83.0348822282941,0
2010.98875570776,2010,12,-39.6875,0,0,83.0348822282941,0
2010.99149543379,2010,12,-39.1583333333333,0,0,83.0348822282941,0
2010.99423515982,2010,12,-38.9625,0,0,83.0348822282941,0
2010.99697488584,2010,12,-35.9416666666667,0,0,83.0348822282941,0
2010.99971461187,2010,7,-36.7125,0,0,83.0348822282941,-249.104646684882
2011.0024543379,2011,1,-16.5958333333333,0,0,0,0
2011.00519406393,2011,1,-1.66666666666667,0,0,0,0
2011.00793378995,2011,1,-5.99583333333333,0,0,0,0
2011.01067351598,2011,1,-11.6041666666667,0,0,0,0
2011.01341324201,2011,1,-7.81666666666667,0,0,0,0
2011.01615296804,2011,1,-14.2666666666667,0,0,0,0
2011.01889269406,2011,1,-16.4666666666667,0,0,0,0
2011.02163242009,2011,1,-6.63333333333333,0,0,0,0
2011.02437214612,2011,1,-1.15416666666667,0,0,0,0
2011.02711187215,2011,1,-8.56666666666666,0,0,0,0
2011.02985159817,2011,1,-19.5875,0,0,0,0
2011.0325913242,2011,1,-20.9041666666667,0,0,0,0
2011.03533105023,2011,1,-24.1416666666667,0,0,0,0
2011.03807077626,2011,1,-20.5708333333333,0,0,0,0
2011.04081050228,2011,1,-23.0125,0,0,0,0
2011.04355022831,2011,1,-22.325,0,0,0,0
2011.04628995434,2011,1,-25.775,0,0,0,0
2011.04902968037,2011,1,-26.0041666666667,0,0,0,0
2011.05176940639,2011,1,-34.9083333333333,0,0,0,0
2011.05450913242,2011,1,-37.4291666666667,0,0,0,0
2011.05724885845,2011,1,-37.0166666666667,0,0,0,0
2011.05998858447,2011,1,-39.6125,0,0,0,0
2011.0627283105,2011,1,-38.9208333333333,0,0,0,0
2011.06546803653,2011,1,-31.5541666666667,0,0,0,0
2011.06820776256,2011,1,-19.4458333333333,0,0,0,0
2011.07094748858,2011,1,-23.0833333333333,0,0,0,0
2011.07368721461,2011,1,-17.575,0,0,0,0
2011.07642694064,2011,1,-11,0,0,0,0
2011.07916666667,2011,1,-7.01666666666667,0,0,0,0
2011.08190639269,2011,1,-10.1875,0,0,0,0
2011.08464611872,2011,1,-7.98333333333333,0,0,0,0
2011.08738584475,2011,2,-11.0625,0,0,0,0
2011.09012557078,2011,2,-15.4208333333333,0,0,0,0
2011.0928652968,2011,2,-23.7875,0,0,0,0
2011.09560502283,2011,2,-14.9708333333333,0,0,0,0
2011.09834474886,2011,2,-15.2916666666667,0,0,0,0
2011.10108447489,2011,2,-21.5583333333333,0,0,0,0
2011.10382420091,2011,2,-11.8833333333333,0,0,0,0
2011.10656392694,2011,2,-9.84583333333333,0,0,0,0
2011.10930365297,2011,2,-20.725,0,0,0,0
2011.11204337899,2011,2,-33.1416666666667,0,0,0,0
2011.11478310502,2011,2,-37.8166666666667,0,0,0,0
2011.11752283105,2011,2,-34.7916666666667,0,0,0,0
2011.12026255708,2011,2,-25.3916666666667,0,0,0,0
2011.1230022831,2011,2,-27.3333333333333,0,0,0,0
2011.12574200913,2011,2,-27.4916666666667,0,0,0,0
2011.12848173516,2011,2,-21.7666666666667,0,0,0,0
2011.13122146119,2011,2,-12.05,0,0,0,0
2011.13396118722,2011,2,-17.2791666666667,0,0,0,0
2011.13670091324,2011,2,-22.9333333333333,0,0,0,0
2011.13944063927,2011,2,-18.0166666666667,0,0,0,0
2011.1421803653,2011,2,-22.3875,0,0,0,0
2011.14492009132,2011,2,-19.5083333333333,0,0,0,0
2011.14765981735,2011,2,-7.56666666666667,0,0,0,0
2011.15039954338,2011,2,-5.175,0,0,0,0
2011.15313926941,2011,2,-19.8833333333333,0,0,0,0
2011.15587899543,2011,2,-25.575,0,0,0,0
2011.15861872146,2011,2,-22.4541666666667,0,0,0,0
2011.16135844749,2011,2,-18.7458333333333,0,0,0,0
2011.16409817352,2011,3,-14.6166666666667,0,0,0,0
2011.16683789954,2011,3,-19.6458333333333,0,0,0,0
2011.16957762557,2011,3,-20.9875,0,0,0,0
2011.1723173516,2011,3,-21.225,0,0,0,0
2011.17505707763,2011,3,-19.5041666666667,0,0,0,0
2011.17779680365,2011,3,-15.925,0,0,0,0
2011.18053652968,2011,3,-18.5333333333333,0,0,0,0
2011.18327625571,2011,3,-21.2708333333333,0,0,0,0
2011.18601598174,2011,3,-20.5791666666667,0,0,0,0
2011.18875570776,2011,3,-18.5458333333333,0,0,0,0
2011.19149543379,2011,3,-19.4208333333333,0,0,0,0
2011.19423515982,2011,3,-23.2291666666667,0,0,0,0
2011.19697488584,2011,3,-23.75,0,0,0,0
2011.19971461187,2011,3,-22.85,0,0,0,0
2011.2024543379,2011,3,-24.0708333333333,0,0,0,0
2011.20519406393,2011,3,-25.225,0,0,0,0
2011.20793378995,2011,3,-23.3708333333333,0,0,0,0
2011.21067351598,2011,3,-21.4916666666667,0,0,0,0
2011.21341324201,2011,3,-20.2,0,0,0,0
2011.21615296804,2011,3,-18.0458333333333,0,0,0,0
2011.21889269406,2011,3,-14.675,0,0,0,0
2011.22163242009,2011,3,-14.8333333333333,0,0,0,0
2011.22437214612,2011,3,-11.95,0,0,0,0
2011.22711187215,2011,3,-12.8666666666667,0,0,0,0
2011.22985159817,2011,3,-15.1333333333333,0,0,0,0
2011.2325913242,2011,3,-16.3083333333333,0,0,0,0
2011.23533105023,2011,3,-17.0958333333333,0,0,0,0
2011.23807077625,2011,3,-16.3166666666667,0,0,0,0
2011.24081050228,2011,3,-12.675,0,0,0,0
2011.24355022831,2011,3,-14.7291666666667,0,0,0,0
2011.24628995434,2011,3,-18.65,0,0,0,0
2011.24902968036,2011,4,-19.2833333333333,0,0,0,0
2011.25176940639,2011,4,-18.7,0,0,0,0
2011.25450913242,2011,4,-18.1041666666667,0,0,0,0
2011.25724885845,2011,4,-16.9125,0,0,0,0
2011.25998858448,2011,4,-17.6416666666667,0,0,0,0
2011.2627283105,2011,4,-19.4875,0,0,0,0
2011.26546803653,2011,4,-14.9083333333333,0,0,0,0
2011.26820776256,2011,4,-15.625,0,0,0,0
2011.27094748859,2011,4,-18.7666666666667,0,0,0,0
2011.27368721461,2011,4,-18.9041666666667,0,0,0,0
2011.27642694064,2011,4,-16.9166666666667,0,0,0,0
2011.27916666667,2011,4,-17.9041666666667,0,0,0,0
2011.28190639269,2011,4,-19.0833333333333,0,0,0,0
2011.28464611872,2011,4,-15.5083333333333,0,0,0,0
2011.28738584475,2011,4,-13.1875,0,0,0,0
2011.29012557078,2011,4,-12.9125,0,0,0,0
2011.2928652968,2011,4,-8.8375,0,0,0,0
2011.29560502283,2011,4,-7.62916666666667,0,0,0,0
2011.29834474886,2011,4,-12.9541666666667,0,0,0,0
2011.30108447489,2011,4,-14.5916666666667,0,0,0,0
2011.30382420091,2011,4,-14.7541666666667,0,0,0,0
2011.30656392694,2011,4,-14.5125,0,0,0,0
2011.30930365297,2011,4,-12.9708333333333,0,0,0,0
2011.312043379,2011,4,-12.9666666666667,0,0,0,0
2011.31478310502,2011,4,-12.2333333333333,0,0,0,0
2011.31752283105,2011,4,-7.1,0,0,0,0
2011.32026255708,2011,4,-4.325,0,0,0,0
2011.32300228311,2011,4,-6.22083333333333,0,0,0,0
2011.32574200913,2011,4,-7.54166666666667,0,0,0,0
2011.32848173516,2011,4,-3.49166666666667,0,0,0,0
2011.33122146119,2011,5,-1.9875,0,0,0,0
2011.33396118721,2011,5,-3.22083333333333,0,0,0,0
2011.33670091324,2011,5,-5.0125,0,0,0,0
2011.33944063927,2011,5,-6.4875,0,0,0,0
2011.3421803653,2011,5,-6.19583333333333,0,0,0,0
2011.34492009132,2011,5,-4.50833333333333,0,0,0,0
2011.34765981735,2011,5,-7.1,0,0,0,0
2011.35039954338,2011,5,-6.02916666666667,0,0,0,0
2011.35313926941,2011,5,-6.3625,0,0,0,0
2011.35587899543,2011,5,-7.18333333333333,0,0,0,0
2011.35861872146,2011,5,-6.47083333333333,0,0,0,0
2011.36135844749,2011,5,-4.2,0,0,0,0
2011.36409817352,2011,5,-1.2125,0,0,0,0
2011.36683789954,2011,5,-1.54166666666667,0,0,0,0
2011.36957762557,2011,5,-3.25416666666667,0,0,0,0
2011.3723173516,2011,5,-3.80416666666667,0,0,0,5.7282196186948
2011.37505707763,2011,5,0.583333333333333,0,0,1.90940653956493,7.37891107417616
2011.37779680365,2011,5,2.47083333333333,0,0,4.36904356429032,6.82439270600651
2011.38053652968,2011,5,4.00833333333333,0,0,6.64384113295916,5.73612403909393
2011.38327625571,2011,5,4.65,0,0,8.5558824793238,4.59293955236968
2011.38601598174,2011,5,4.56666666666667,0,85.7793802816902,10.0868623301137,6.02926179688866
2011.38875570776,2011,5,7.13333333333333,0,347.833014084507,12.0966162624099,4.57482880846408
2011.39149543379,2011,5,6.275,2.4,498.85047887324,13.6215591985646,5.38616699118913
2011.39423515982,2011,5,8.34166666666667,0,337.191211267606,15.4169481956277,4.59128238475347
2011.39697488585,2011,5,7.925,0,289.350253521127,16.9473756572121,5.26393887689728
2011.39971461187,2011,5,10.0083333333333,0,174.448901408451,18.7020219495112,5.67795817871787
2011.4024543379,2011,5,11.9,0,119.309577464789,20.5946746757505,5.03546227726891
2011.40519406393,2011,5,11.5125,0,81.888338028169,22.2731621015068,3.26639850832897
2011.40793378995,2011,5,7.95,0,61.1629859154929,23.3619616042831,3.53741737470528
2011.41067351598,2011,5,9.0375,0,47.495661971831,24.5411007291849,0.471232023816086
2011.41341324201,2011,5,1.2375,52.8,38.4449577464789,24.6981780704569,0
2011.41615296804,2011,6,-0.0916666666666665,0,28.8162253521127,24.6981780704569,2.07909557610879
2011.41889269406,2011,6,5.55416666666667,0,23.2352112676056,25.3912099291599,3.65528884480554
2011.42163242009,2011,6,10.1375,0,21.443323943662,26.609639544095,3.43740859547243
2011.42437214612,2011,6,9.96666666666667,0,19.4871549295775,27.7554424092525,3.18452586230742
2011.42711187215,2011,6,9.60833333333333,0,20.2705352112676,28.8169510300217,3.3079382620917
2011.42985159817,2011,6,10.3625,0,19.5008450704225,29.9195971173856,1.94257518618887
2011.4325913242,2011,6,6.26666666666667,0,20.0514929577465,30.5671221794485,0.310011834114441
2011.43533105023,2011,6,1.0125,0,17.6465915492958,30.6704594574867,1.30763094504188
2011.43807077626,2011,6,4.30833333333333,0,14.8127323943662,31.1063364391673,1.63204715371387
2011.44081050228,2011,6,5.4625,0,13.7312112676056,31.6503521570719,1.33708532204973
2011.44355022831,2011,6,4.54583333333333,0,12.7303098591549,32.0960472644218,0.194531521687807
2011.44628995434,2011,6,0.666666666666667,28.8,11.8465352112676,32.1608911049844,0.479787204569412
2011.44902968037,2011,6,1.65,117.6,12.9919436619718,32.3208201731742,2.22368077551914
2011.45176940639,2011,6,7.75416666666667,7.2,13.0360563380282,33.0620470983473,2.53152863009949
2011.45450913242,2011,6,9.04166666666667,0,15.0439436619718,33.9058899750471,2.72616964905281
2011.45724885845,2011,6,9.99166666666667,7.2,13.2779154929577,34.814613191398,2.47281897348028
2011.45998858447,2011,6,9.29166666666667,21.6,16.1330704225352,35.6388861825581,2.57328105866566
2011.4627283105,2011,6,9.9,9.6,14.722985915493,36.4966465354467,3.33563096611481
2011.46546803653,2011,6,13.1833333333333,0,12.2161690140845,37.6085235241516,3.56547289739292
2011.46820776256,2011,6,14.5291666666667,26.4,16.126985915493,38.7970144899493,3.1539924998653
2011.47094748858,2011,6,13.2291666666667,0,20.0712676056338,39.8483453232377,3.09296028348732
2011.47368721461,2011,6,13.3166666666667,110.4,23.1454647887324,40.8793320844001,2.60208568944285
2011.47642694064,2011,6,11.4666666666667,62.4,37.4668732394366,41.7466939808811,3.05705851652677
2011.47916666667,2011,6,13.7791666666667,0,42.1975774647887,42.76571348639,3.67586814486233
2011.48190639269,2011,6,17.0083333333333,0,25.0833802816901,43.9910028680108,4.0577783524504
2011.48464611872,2011,6,19.3333333333333,0,16.9818591549296,45.3435956521609,3.09033832648783
2011.48738584475,2011,6,15.1166666666667,0,14.639323943662,46.3737084276569,1.53720410068161
2011.49012557078,2011,6,7.64583333333333,0,10.6904788732394,46.8861097945507,0.301272541864037
2011.4928652968,2011,6,1.50833333333333,16.8,8.79211267605634,46.9865339751721,0.465621249135317
2011.49560502283,2011,6,2.3375,67.2,10.1413521126761,47.1417410582172,1.58291689087057
2011.49834474886,2011,7,8.00416666666666,48,14.9800563380282,47.6693800218407,2.84950671722284
2011.50108447489,2011,7,14.6333333333333,0,12.2481126760563,48.6192155942483,1.76094960673432
2011.50382420091,2011,7,9.1875,31.2,10.6052957746479,49.2061987964931,1.19231550880859
2011.50656392694,2011,7,6.28333333333333,110.4,13.3783098591549,49.6036372994293,2.20750585266062
2011.50930365297,2011,7,11.7666666666667,0,12.670985915493,50.3394725836495,2.63780364929288
2011.512043379,2011,7,14.2875,0,9.54811267605634,51.2187404667471,2.8300998869561
2011.51478310502,2011,7,15.6041666666667,0,8.20495774647888,52.1621070957325,1.970593203777
2011.51752283105,2011,7,11.0333333333333,0,7.37138028169014,52.8189714969915,1.81336503707774
2011.52026255708,2011,7,10.275,0,6.73554929577465,53.4234265093507,1.74172812878782
2011.52300228311,2011,7,9.97916666666667,7.2,6.87549295774648,54.00400255228,2.0806681394916
2011.52574200913,2011,7,12.0625,7.2,6.61842253521127,54.6975585987772,2.08776077789329
2011.52848173516,2011,7,12.2583333333333,151.2,6.36591549295775,55.393478858075,1.36946270954068
2011.53122146119,2011,7,8.125,156,7.20101408450704,55.8499664279219,1.68689857651062
2011.53396118721,2011,7,10.1,0,13.5806197183099,56.4122659534254,2.22406684359725
2011.53670091324,2011,7,13.4708333333333,0,15.1230422535211,57.1536215679578,1.57363330158209
2011.53944063927,2011,7,9.6375,184.8,13.2094647887324,57.6781660018185,1.67687111516006
2011.5421803653,2011,7,10.3666666666667,4.8,14.6028169014084,58.2371230402052,1.66491542467124
2011.54492009132,2011,7,10.3916666666667,98.4,13.7372957746479,58.792094848429,1.92034329719366
2011.54765981735,2011,7,12.1083333333333,0,13.0786478873239,59.4322092808268,1.91678730744665
2011.55039954338,2011,7,12.2166666666667,0,10.8197746478873,60.0711383833091,1.5126836911584
2011.55313926941,2011,7,9.73333333333333,79.2,10.044,60.5753662803619,1.67407836711672
2011.55587899543,2011,7,10.8666666666667,0,12.2983098591549,61.1333924027341,2.0113161653208
2011.55861872146,2011,7,13.1875,36,11.2776338028169,61.8038311245077,1.51763758256947
2011.56135844749,2011,7,10.0458333333333,0,11.8039436619718,62.3097103186975,1.33369231233716
2011.56409817352,2011,7,8.89583333333333,2.4,12.3500281690141,62.7542744228099,1.52200555094667
2011.56683789954,2011,7,10.2291666666667,0,10.451661971831,63.2616096064588,1.76579275361669
2011.56957762557,2011,7,11.9708333333333,0,9.20585915492958,63.8502071909977,2.27758844814907
2011.5723173516,2011,7,15.6041666666667,2.4,8.12738028169014,64.6094033403807,1.28834168577995
2011.57505707763,2011,7,8.90833333333333,201.6,8.13650704225352,65.038850568974,0.963988186765434
2011.57779680365,2011,7,6.70416666666667,69.6,14.9146478873239,65.3601799645625,1.20237085886596
2011.58053652968,2011,7,8.40833333333333,62.4,23.5896338028169,65.7609702508512,1.57378230805232
2011.58327625571,2011,8,11.0833333333333,0,23.9531830985916,66.2855643535353,1.30047174994996
2011.58601598173,2011,8,9.225,55.2,19.6194929577465,66.7190549368519,1.75749847569494
2011.58875570776,2011,8,12.5625,7.2,16.440338028169,67.3048877620836,1.71701247908788
2011.59149543379,2011,8,12.3791666666667,24,13.9107042253521,67.8772252551129,1.28846874222315
2011.59423515982,2011,8,9.35833333333333,0,12.0914366197183,68.3067148358539,1.06036124480305
2011.59697488584,2011,8,7.74583333333333,0,10.3695211267606,68.6601685841216,0.99492304293932
2011.59971461187,2011,8,7.30416666666667,72,9.72304225352113,68.9918095984347,0.853189000705868
2011.6024543379,2011,8,6.29166666666667,0,9.41577464788732,69.2762059320033,0.986117675412146
2011.60519406393,2011,8,7.30416666666667,0,8.92597183098591,69.6049118238074,0.937909029189569
2011.60793378995,2011,8,6.97916666666667,0,8.424,69.9175481668706,1.19999384506055
2011.61067351598,2011,8,8.975,0,7.95245070422535,70.3175461152241,1.4427403116799
2011.61341324201,2011,8,10.8583333333333,0,7.69081690140845,70.7984595524507,1.24055581997307
2011.61615296804,2011,8,9.39583333333333,12,7.31814084507042,71.2119781591084,0.49147356517642
2011.61889269406,2011,8,3.7375,24,7.26033802816902,71.3758026808339,0.322651703351539
2011.62163242009,2011,8,2.45833333333333,4.8,7.14777464788732,71.4833532486177,0.31561925104802
2011.62437214612,2011,8,2.40833333333333,4.8,7.08692957746479,71.5885596656337,0.48127220101938
2011.62711187215,2011,8,3.67916666666667,2.4,7.47633802816901,71.7489837326402,0.466074312825967
2011.62985159817,2011,8,3.57083333333333,0,7.24512676056338,71.9043418369155,0.916698903979139
2011.6325913242,2011,8,7.04583333333333,0,7.04433802816902,72.2099081382419,0.750091518124918
2011.63533105023,2011,8,5.7875,7.2,6.93025352112676,72.4599386442835,0.241917241940541
2011.63807077626,2011,8,1.87083333333333,0,6.67470422535211,72.5405777249304,0.762782931548216
2011.64081050228,2011,8,5.9125,0,6.42067605633803,72.7948387021131,0.726436095963834
2011.64355022831,2011,8,5.65,0,6.06625352112676,73.0369840674344,1.1506110582893
2011.64628995434,2011,8,8.9875,0,5.78940845070423,73.4205210868642,1.10334334160585
2011.64902968037,2011,8,8.6625,0,5.65554929577465,73.7883022007328,0.874934279224163
2011.65176940639,2011,8,6.9,0,5.61295774647887,74.0799469604742,1.31174712456773
2011.65450913242,2011,8,10.3958333333333,0,5.46540845070423,74.5171960019968,1.09813934750557
2011.65724885845,2011,8,8.75,0,5.34523943661972,74.8832424511653,1.26767320476134
2011.65998858448,2011,8,10.1541666666667,0,5.27830985915493,75.3058001860857,1.29773703164906
2011.6627283105,2011,8,10.4541666666667,0,5.28287323943662,75.7383791966354,0.805729053916536
2011.66546803653,2011,8,6.52083333333333,211.2,6.78422535211268,76.0069555479409,0.888913619057249
2011.66820776256,2011,9,7.22083333333333,33.6,7.73340845070423,76.3032600876267,0.589504866725562
2011.67094748858,2011,9,4.80416666666667,86.4,9.46292957746479,76.4997617098685,0.572205118534484
2011.67368721461,2011,9,4.675,19.2,11.0144788732394,76.69049674938,0.323720476822714
2011.67642694064,2011,9,2.65,19.2,11.5590422535211,76.7984035749876,0.0518751212244979
2011.67916666667,2011,9,0.425,2.4,12.4230422535211,76.8156952820624,0
2011.68190639269,2011,9,-0.658333333333333,43.2,14.0323943661972,76.8156952820624,0.0406781999763552
2011.68464611872,2011,9,0.333333333333333,208.8,15.9307605633803,76.8292546820545,0
2011.68738584475,2011,9,-1.6125,0,1.41008450704225,76.8292546820545,0
2011.69012557078,2011,9,-0.825,170.4,0,76.8292546820545,0.550483599112638
2011.6928652968,2011,9,4.51666666666667,0,0,77.0127492150921,0.631135582201608
2011.69560502283,2011,9,5.19166666666667,0,0,77.2231277424926,0.376544338596844
2011.69834474886,2011,9,3.10416666666667,0,0,77.3486425220249,0.570474746831835
2011.70108447489,2011,9,4.7125,0,0,77.5388007709688,0.723311141533102
2011.70382420091,2011,9,5.99166666666667,0,0,77.7799044848132,0.0959040078491
2011.70656392694,2011,9,0.795833333333333,4.8,0,77.8118724874296,0
2011.70930365297,2011,9,-1.03333333333333,0,0,77.8118724874296,0
2011.712043379,2011,9,-0.929166666666667,0,0,77.8118724874296,0
2011.71478310502,2011,9,-1.10416666666667,0,0,77.8118724874296,0
2011.71752283105,2011,9,-0.558333333333333,0,0,77.8118724874296,0
2011.72026255708,2011,9,-2.62916666666667,0,0,77.8118724874296,0
2011.7230022831,2011,9,-1.42916666666667,0,0,77.8118724874296,0
2011.72574200913,2011,9,-1.76666666666667,0,0,77.8118724874296,0
2011.72848173516,2011,9,-3.1125,0,0,77.8118724874296,0
2011.73122146119,2011,9,-4.64583333333333,0,0,77.8118724874296,0
2011.73396118721,2011,9,-9.08333333333333,0,0,77.8118724874296,0
2011.73670091324,2011,9,-8.05,0,0,77.8118724874296,0
2011.73944063927,2011,9,-6.87916666666667,0,0,77.8118724874296,0
2011.7421803653,2011,9,-5.4125,0,0,77.8118724874296,0
2011.74492009132,2011,9,-4.05833333333333,0,0,77.8118724874296,0
2011.74765981735,2011,9,-7.70416666666667,0,0,77.8118724874296,0
2011.75039954338,2011,10,-12.1916666666667,0,0,77.8118724874296,0
2011.75313926941,2011,10,-3.10416666666667,0,0,77.8118724874296,0
2011.75587899543,2011,10,-0.970833333333333,0,0,77.8118724874296,0
2011.75861872146,2011,10,-3.85833333333333,0,0,77.8118724874296,0
2011.76135844749,2011,10,-7.525,0,0,77.8118724874296,0
2011.76409817352,2011,10,-8.4125,0,0,77.8118724874296,0
2011.76683789954,2011,10,-6.0875,0,0,77.8118724874296,0
2011.76957762557,2011,10,-6.24166666666667,0,0,77.8118724874296,0
2011.7723173516,2011,10,-8.24166666666667,0,0,77.8118724874296,0
2011.77505707763,2011,10,-9.5875,0,0,77.8118724874296,0
2011.77779680365,2011,10,-14.3333333333333,0,0,77.8118724874296,0
2011.78053652968,2011,10,-10.1375,0,0,77.8118724874296,0
2011.78327625571,2011,10,-5.17583333333333,0,0,77.8118724874296,0
2011.78601598174,2011,10,-8.36254166666667,0,0,77.8118724874296,0
2011.78875570776,2011,10,-3.73604166666667,0,0,77.8118724874296,0
2011.79149543379,2011,10,-6.26158333333333,0,0,77.8118724874296,0
2011.79423515982,2011,10,-6.41466666666667,0,0,77.8118724874296,0
2011.79697488584,2011,10,-10.3545416666667,0,0,77.8118724874296,0
2011.79971461187,2011,10,-8.874625,0,0,77.8118724874296,0
2011.8024543379,2011,10,-14.9179166666667,0,0,77.8118724874296,0
2011.80519406393,2011,10,-19.4729166666667,0,0,77.8118724874296,0
2011.80793378995,2011,10,-14.1120833333333,0,0,77.8118724874296,0
2011.81067351598,2011,10,-18.9020833333333,0,0,77.8118724874296,0
2011.81341324201,2011,10,-13.73875,0,0,77.8118724874296,0
2011.81615296804,2011,10,-11.1894583333333,0,0,77.8118724874296,0
2011.81889269406,2011,10,-12.6070833333333,0,0,77.8118724874296,0
2011.82163242009,2011,10,-16.4479166666667,0,0,77.8118724874296,0
2011.82437214612,2011,10,-16.91125,0,0,77.8118724874296,0
2011.82711187215,2011,10,-16.5920833333333,0,0,77.8118724874296,0
2011.82985159817,2011,10,-15.3233333333333,0,0,77.8118724874296,0
2011.8325913242,2011,10,-13.7170833333333,0,0,77.8118724874296,0
2011.83533105023,2011,11,-9.35208333333333,0,0,77.8118724874296,0
2011.83807077626,2011,11,-12.8679166666667,0,0,77.8118724874296,0
2011.84081050228,2011,11,-16.0783333333333,0,0,77.8118724874296,0
2011.84355022831,2011,11,-17.3141666666667,0,0,77.8118724874296,0
2011.84628995434,2011,11,-25.7779166666667,0,0,77.8118724874296,0
2011.84902968036,2011,11,-20.18625,0,0,77.8118724874296,0
2011.85176940639,2011,11,-19.0691666666667,0,0,77.8118724874296,0
2011.85450913242,2011,11,-22.8925,0,0,77.8118724874296,0
2011.85724885845,2011,11,-8.775875,0,0,77.8118724874296,0
2011.85998858447,2011,11,-8.66229166666666,0,0,77.8118724874296,0
2011.8627283105,2011,11,-19.6816666666667,0,0,77.8118724874296,0
2011.86546803653,2011,11,-29.4533333333333,0,0,77.8118724874296,0
2011.86820776256,2011,11,-29.88875,0,0,77.8118724874296,0
2011.87094748858,2011,11,-26.18625,0,0,77.8118724874296,0
2011.87368721461,2011,11,-21.2629166666667,0,0,77.8118724874296,0
2011.87642694064,2011,11,-25.4191666666667,0,0,77.8118724874296,0
2011.87916666667,2011,11,-25.3970833333333,0,0,77.8118724874296,0
2011.88190639269,2011,11,-31.1120833333333,0,0,77.8118724874296,0
2011.88464611872,2011,11,-27.5720833333333,0,0,77.8118724874296,0
2011.88738584475,2011,11,-28.79625,0,0,77.8118724874296,0
2011.89012557078,2011,11,-33.0891666666667,0,0,77.8118724874296,0
2011.8928652968,2011,11,-37.8295833333333,0,0,77.8118724874296,0
2011.89560502283,2011,11,-37.69875,0,0,77.8118724874296,0
2011.89834474886,2011,11,-34.5154166666667,0,0,77.8118724874296,0
2011.90108447489,2011,11,-33.2758333333333,0,0,77.8118724874296,0
2011.90382420091,2011,11,-33.1170833333333,0,0,77.8118724874296,0
2011.90656392694,2011,11,-32.95375,0,0,77.8118724874296,0
2011.90930365297,2011,11,-31.9854166666667,0,0,77.8118724874296,0
2011.912043379,2011,11,-22.8929166666667,0,0,77.8118724874296,0
2011.91478310502,2011,11,-25.0645833333333,0,0,77.8118724874296,0
2011.91752283105,2011,12,-21.5129166666667,0,0,77.8118724874296,0
2011.92026255708,2011,12,-23.87875,0,0,77.8118724874296,0
2011.92300228311,2011,12,-13.9269583333333,0,0,77.8118724874296,0
2011.92574200913,2011,12,-6.55875,0,0,77.8118724874296,0
2011.92848173516,2011,12,-19.8120833333333,0,0,77.8118724874296,0
2011.93122146119,2011,12,-27.1,0,0,77.8118724874296,0
2011.93396118721,2011,12,-9.59625,0,0,77.8118724874296,0
2011.93670091324,2011,12,-5.321625,0,0,77.8118724874296,0
2011.93944063927,2011,12,-7.49458333333333,0,0,77.8118724874296,0
2011.9421803653,2011,12,-9.299875,0,0,77.8118724874296,0
2011.94492009132,2011,12,-10.59075,0,0,77.8118724874296,0
2011.94765981735,2011,12,-15.4670833333333,0,0,77.8118724874296,0
2011.95039954338,2011,12,-19.82625,0,0,77.8118724874296,0
2011.95313926941,2011,12,-25.4591666666667,0,0,77.8118724874296,0
2011.95587899543,2011,12,-32.2720833333333,0,0,77.8118724874296,0
2011.95861872146,2011,12,-28.0591666666667,0,0,77.8118724874296,0
2011.96135844749,2011,12,-12.344875,0,0,77.8118724874296,0
2011.96409817352,2011,12,-22.5191666666667,0,0,77.8118724874296,0
2011.96683789954,2011,12,-20.6208333333333,0,0,77.8118724874296,0
2011.96957762557,2011,12,-18.3804166666667,0,0,77.8118724874296,0
2011.9723173516,2011,12,-27.5483333333333,0,0,77.8118724874296,0
2011.97505707763,2011,12,-32.8675,0,0,77.8118724874296,0
2011.97779680365,2011,12,-30.6404166666667,0,0,77.8118724874296,0
2011.98053652968,2011,12,-33.2345833333333,0,0,77.8118724874296,0
2011.98327625571,2011,12,-38.1825,0,0,77.8118724874296,0
2011.98601598173,2011,12,-36.0945833333333,0,0,77.8118724874296,0
2011.98875570776,2011,12,-34.08625,0,0,77.8118724874296,0
2011.99149543379,2011,12,-33.4129166666667,0,0,77.8118724874296,0
2011.99423515982,2011,12,-29.0816666666667,0,0,77.8118724874296,0
2011.99697488584,2011,12,-33.0270833333333,0,0,77.8118724874296,0
2011.99971402706,2011,7,-32.6683333333333,0,0,77.8118724874296,-233.435617462289
2012.00244763206,2012,1,-32.05,0,0,0,0
2012.0051798725,2012,1,-29.575,0,0,0,0
2012.00791211293,2012,1,-34.9041666666667,0,0,0,0
2012.01064435337,2012,1,-26.6041666666667,0,0,0,0
2012.01337659381,2012,1,-27.35,0,0,0,0
2012.01610883424,2012,1,-26.1625,0,0,0,0
2012.01884107468,2012,1,-36.2291666666667,0,0,0,0
2012.02157331512,2012,1,-32.0791666666667,0,0,0,0
2012.02430555556,2012,1,-23.8375,0,0,0,0
2012.02703779599,2012,1,-20.05,0,0,0,0
2012.02977003643,2012,1,-27.6541666666667,0,0,0,0
2012.03250227687,2012,1,-33.125,0,0,0,0
2012.0352345173,2012,1,-27.9375,0,0,0,0
2012.03796675774,2012,1,-26.2958333333333,0,0,0,0
2012.04069899818,2012,1,-25.1208333333333,0,0,0,0
2012.04343123862,2012,1,-24.0375,0,0,0,0
2012.04616347905,2012,1,-23.8833333333333,0,0,0,0
2012.04889571949,2012,1,-15.8083333333333,0,0,0,0
2012.05162795993,2012,1,-19.7583333333333,0,0,0,0
2012.05436020036,2012,1,-21.0375,0,0,0,0
2012.0570924408,2012,1,-35.9583333333333,0,0,0,0
2012.05982468124,2012,1,-39.7,0,0,0,0
2012.06255692168,2012,1,NaN,0,0,0,0
2012.06528916211,2012,1,NaN,0,0,0,0
2012.06802140255,2012,1,-39.3636363636364,0,0,0,0
2012.07075364299,2012,1,-39.355,0,0,0,0
2012.07348588342,2012,1,-39.2416666666667,0,0,0,0
2012.07621812386,2012,1,-36.4666666666667,0,0,0,0
2012.0789503643,2012,1,-34.1791666666667,0,0,0,0
2012.08168260474,2012,1,-39.4166666666667,0,0,0,0
2012.08441484517,2012,1,-39.6583333333333,0,0,0,0
2012.08714708561,2012,2,-38.425,0,0,0,0
2012.08987932605,2012,2,-26.6041666666667,0,0,0,0
2012.09261156648,2012,2,-26.5125,0,0,0,0
2012.09534380692,2012,2,-10.4416666666667,0,0,0,0
2012.09807604736,2012,2,-4.1875,0,0,0,0
2012.1008082878,2012,2,-7.50416666666667,0,0,0,0
2012.10354052823,2012,2,-6.55416666666667,0,0,0,0
2012.10627276867,2012,2,-7.45,0,0,0,0
2012.10900500911,2012,2,-6.48333333333333,0,0,0,0
2012.11173724954,2012,2,-7.72916666666667,0,0,0,0
2012.11446948998,2012,2,-12.625,0,0,0,0
2012.11720173042,2012,2,-14.2625,0,0,0,0
2012.11993397086,2012,2,-12.1416666666667,0,0,0,0
2012.12266621129,2012,2,-13.1541666666667,0,0,0,0
2012.12539845173,2012,2,-17.7375,0,0,0,0
2012.12813069217,2012,2,-14.9666666666667,0,0,0,0
2012.13086293261,2012,2,-16.9291666666667,0,0,0,0
2012.13359517304,2012,2,-19.0958333333333,0,0,0,0
2012.13632741348,2012,2,-19.6583333333333,0,0,0,0
2012.13905965392,2012,2,-29.8333333333333,0,0,0,0
2012.14179189435,2012,2,-33.3416666666667,0,0,0,0
2012.14452413479,2012,2,-27.1833333333333,0,0,0,0
2012.14725637523,2012,2,-27.3083333333333,0,0,0,0
2012.14998861566,2012,2,-31.4041666666667,0,0,0,0
2012.1527208561,2012,2,-34.0333333333333,0,0,0,0
2012.15545309654,2012,2,-32.9458333333333,0,0,0,0
2012.15818533698,2012,2,-37.1208333333333,0,0,0,0
2012.16091757741,2012,2,-38.8791666666666,0,0,0,0
2012.16364981785,2012,2,-38.5833333333333,0,0,0,0
2012.16638205829,2012,3,-38.3458333333333,0,0,0,0
2012.16911429872,2012,3,-38.375,0,0,0,0
2012.17184653916,2012,3,-32.4583333333333,0,0,0,0
2012.1745787796,2012,3,-34.2333333333333,0,0,0,0
2012.17731102004,2012,3,-21.7916666666667,0,0,0,0
2012.18004326047,2012,3,-26.5208333333333,0,0,0,0
2012.18277550091,2012,3,-28.1541666666667,0,0,0,0
2012.18550774135,2012,3,-32.6708333333333,0,0,0,0
2012.18823998179,2012,3,-34.4791666666667,0,0,0,0
2012.19097222222,2012,3,-33.0708333333333,0,0,0,0
2012.19370446266,2012,3,-26.8333333333333,0,0,0,0
2012.1964367031,2012,3,-30.3,0,0,0,0
2012.19916894353,2012,3,-35.2583333333333,0,0,0,0
2012.20190118397,2012,3,-36.5333333333333,0,0,0,0
2012.20463342441,2012,3,-36.6846153846154,0,0,0,0
2012.20736566485,2012,3,-38.1166666666667,0,0,0,0
2012.21009790528,2012,3,-37.2916666666667,0,0,0,0
2012.21283014572,2012,3,-36.6625,0,0,0,0
2012.21556238616,2012,3,-37.1708333333333,0,0,0,0
2012.21829462659,2012,3,-33.4333333333333,0,0,0,0
2012.22102686703,2012,3,-34.4791666666667,0,0,0,0
2012.22375910747,2012,3,-29.25,0,0,0,0
2012.22649134791,2012,3,-21.2416666666667,0,0,0,0
2012.22922358834,2012,3,-19.8083333333333,0,0,0,0
2012.23195582878,2012,3,-29.5458333333333,0,0,0,0
2012.23468806922,2012,3,-33.55,0,0,0,0
2012.23742030965,2012,3,-28.0666666666667,0,0,0,0
2012.24015255009,2012,3,-24.4833333333333,0,0,0,0
2012.24288479053,2012,3,-30.9333333333333,0,0,0,0
2012.24561703097,2012,3,-30.7625,0,0,0,0
2012.2483492714,2012,3,-31.4083333333333,0,0,0,0
2012.25108151184,2012,4,-32.225,0,0,0,0
2012.25381375228,2012,4,-28.9333333333333,0,0,0,0
2012.25654599271,2012,4,-21.6541666666667,0,0,0,0
2012.25927823315,2012,4,-15.8166666666667,0,0,0,0
2012.26201047359,2012,4,-2.9625,0,0,0,0
2012.26474271403,2012,4,-9.4,0,0,0,0
2012.26747495446,2012,4,-14.9958333333333,0,0,0,0
2012.2702071949,2012,4,-14.4458333333333,0,0,0,0
2012.27293943534,2012,4,-11.5041666666667,0,0,0,0
2012.27567167577,2012,4,-12.2208333333333,0,0,0,0
2012.27840391621,2012,4,-12.7208333333333,0,0,0,0
2012.28113615665,2012,4,-13.2,0,0,0,0
2012.28386839709,2012,4,-2.96666666666667,0,0,0,0
2012.28660063752,2012,4,-4.51666666666667,0,0,0,0
2012.28933287796,2012,4,-6.46666666666667,0,0,0,0
2012.2920651184,2012,4,-5.15833333333333,0,0,0,0
2012.29479735883,2012,4,-5.31666666666667,0,0,0,0
2012.29752959927,2012,4,-10.8166666666667,0,0,0,0
2012.30026183971,2012,4,-14.8083333333333,0,0,0,0
2012.30299408015,2012,4,-12.9041666666667,0,0,0,0
2012.30572632058,2012,4,-5.71666666666667,0,0,0,0
2012.30845856102,2012,4,-5.81666666666667,0,0,0,0
2012.31119080146,2012,4,-3.80416666666667,0,0,0,0
2012.31392304189,2012,4,-5.6625,0,0,0,0
2012.31665528233,2012,4,-5.025,0,0,0,0
2012.31938752277,2012,4,-10.9666666666667,0,0,0,0
2012.32211976321,2012,4,-8.50416666666667,0,0,0,0
2012.32485200364,2012,4,-5.03333333333333,0,0,0,0
2012.32758424408,2012,4,-13.5333333333333,0,0,0,0
2012.33031648452,2012,4,-16.7041666666667,0,0,0,0
2012.33304872495,2012,5,-18.5583333333333,0,0,0,0
2012.33578096539,2012,5,-19.1916666666667,0,0,0,0
2012.33851320583,2012,5,-15.45,0,0,0,0
2012.34124544627,2012,5,-18.9333333333333,0,0,0,0
2012.3439776867,2012,5,-16.975,0,0,0,0
2012.34670992714,2012,5,-16.8375,0,0,0,0
2012.34944216758,2012,5,-13.6208333333333,0,0,0,0
2012.35217440801,2012,5,-8.6125,0,0,0,0
2012.35490664845,2012,5,-3.70833333333333,0,0,0,0
2012.35763888889,2012,5,-0.0916666666666666,0,0,0,10.1435016143342
2012.36037112933,2012,5,1.82916666666667,0,0,3.38116720477806,0.896199468575634
2012.36310336976,2012,5,0.3375,0,0,3.67990036096994,0
2012.3658356102,2012,5,-3.6,0,0,3.67990036096994,0
2012.36856785064,2012,5,-1.02916666666667,0,0,3.67990036096994,2.03161771054022
2012.37130009107,2012,5,0.870833333333333,0,0,4.35710626448334,4.8150412331177
2012.37403233151,2012,5,2.65,0,0,5.96212000885591,3.6285330710054
2012.37676457195,2012,5,2.54166666666667,0,0,7.17163103252438,4.66358088392549
2012.37949681239,2012,5,3.95416666666667,0,3.13960563380282,8.72615799383287,3.64522674460176
2012.38222905282,2012,5,3.62916666666667,0,5.26918309859155,9.94123357536679,4.13054238135234
2012.38496129326,2012,5,4.68333333333333,0,9.13284507042254,11.3180810358176,4.17792834920578
2012.3876935337,2012,5,5.35416666666667,0,22.8290704225352,12.7107238188862,4.50913773994101
2012.39042577413,2012,5,6.475,0,59.257014084507,14.2137697321998,5.20610452661025
2012.39315801457,2012,5,8.375,0,107.19076056338,15.9491379077366,0.849672945296408
2012.39589025501,2012,5,1.45833333333333,2.4,160.533633802817,16.2323622228354,0
2012.39862249545,2012,5,-1.92083333333333,4.8,136.603267605634,16.2323622228354,0
2012.40135473588,2012,5,-3.7375,64.8,79.7009577464789,16.2323622228354,0
2012.40408697632,2012,5,-1.84166666666667,16.8,45.4512676056338,16.2323622228354,3.31177675879824
2012.40681921676,2012,5,5.92916666666667,0,64.7330704225352,17.3362878091015,2.33811210951827
2012.40955145719,2012,5,4.42083333333333,21.6,190.913577464789,18.1156585122742,4.4176503021972
2012.41228369763,2012,5,8.88333333333333,0,169.321183098592,19.5882086130066,3.42774206090819
2012.41501593807,2012,5,7.37083333333333,0,113.142929577465,20.730789299976,1.95894249198836
2012.41774817851,2012,6,4.4,0,91.7741408450704,21.3837701306388,3.00929469022979
2012.42048041894,2012,6,7.025,9.6,73.8065915492958,22.3868683607154,4.33731883876217
2012.42321265938,2012,6,10.6916666666667,0,72.4543098591549,23.8326413069695,4.89078188695306
2012.42594489982,2012,6,12.8583333333333,0,71.6511549295775,25.4629019359538,5.04761901098093
2012.42867714025,2012,6,14.1625,0,62.2825352112676,27.1454416062808,3.46757305987698
2012.43140938069,2012,6,10.2541666666667,0,52.752676056338,28.3012992929064,3.32343632106253
2012.43414162113,2012,6,10.2291666666667,0,43.7491267605634,29.4091113999273,3.54429131704114
2012.43687386157,2012,6,11.3416666666667,0,35.9259718309859,30.590541838941,5.41054877455617
2012.439606102,2012,6,18.175,0,36.3686197183099,32.3940580971264,4.30250743448525
2012.44233834244,2012,6,15.1958333333333,112.8,30.5274929577465,33.8282272419548,0.790223553974378
2012.44507058288,2012,6,2.8625,43.2,46.4095774647887,34.0916350932796,0.338598948405931
2012.44780282332,2012,6,1.23333333333333,9.6,42.8455774647887,34.2045014094149,2.7552678297042
2012.45053506375,2012,6,10.1875,0,35.4848450704225,35.1229240193163,3.35859627679925
2012.45326730419,2012,6,12.7833333333333,0,25.3541408450704,36.2424561115827,3.49520626590871
2012.45599954463,2012,6,13.7291666666667,0,19.0308169014084,37.4075248668856,3.30441088325504
2012.45873178506,2012,6,13.3791666666667,0,15.0530704225352,38.508995161304,1.30823501915383
2012.4614640255,2012,6,5.40416666666667,12,12.695323943662,38.9450735010219,3.49635266042277
2012.46419626594,2012,6,14.7416666666667,0,11.183323943662,40.1105243878295,3.70030277975436
2012.46692850638,2012,6,16.075,0,10.0622535211268,41.3439586477476,3.20222178610009
2012.46966074681,2012,6,14.3041666666667,0,9.40969014084507,42.411365909781,2.80586007209588
2012.47239298725,2012,6,12.8333333333333,0,8.39814084507042,43.3466526004796,2.97672348327819
2012.47512522769,2012,6,13.9208333333333,0,7.60107042253521,44.3388937615724,3.12519094789182
2012.47785746812,2012,6,14.9541666666667,0,7.47025352112676,45.3806240775363,3.1333162433002
2012.48058970856,2012,6,15.3416666666667,31.2,7.14929577464789,46.425062825303,1.9867026164871
2012.483321949,2012,6,9.90833333333333,72,7.5310985915493,47.0872970307987,1.93377923321106
2012.48605418944,2012,6,9.77916666666667,0,11.5970704225352,47.7318901085357,2.15251077756308
2012.48878642987,2012,6,11.0416666666667,0,10.7345915492958,48.4493937010568,1.88330117898288
2012.49151867031,2012,6,9.79583333333333,38.4,9.91470422535211,49.0771607607177,2.30843713737838
2012.49425091075,2012,6,12.1791666666667,86.4,11.8784788732394,49.8466398065105,2.03462907064205
2012.49698315118,2012,6,10.8916666666667,4.8,69.6676056338028,50.5248494967245,2.0183590609239
2012.49971539162,2012,7,10.95,4.8,56.2725633802817,51.1976358503658,2.51477763768489
2012.50244763206,2012,7,13.8458333333333,228,42.2812394366197,52.0358950629275,2.79160485053777
2012.5051798725,2012,7,15.6333333333333,0,38.8495774647887,52.9664300131067,2.59471139726568
2012.50791211293,2012,7,14.7791666666667,0,27.8031549295775,53.8313338121953,2.22689292329724
2012.51064435337,2012,7,12.875,268.8,26.376338028169,54.5736314532944,2.03447885619094
2012.51337659381,2012,7,11.9166666666667,43.2,72.325014084507,55.2517910720247,2.03774717329116
2012.51610883424,2012,7,12.0833333333333,316.8,148.589746478873,55.9310401297884,1.93460274389311
2012.51884107468,2012,7,11.6083333333333,4.8,106.471267605634,56.5759077110861,1.94283709766769
2012.52157331512,2012,7,11.7916666666667,124.8,70.6152676056338,57.2235200769753,1.75156746620495
2012.52430555556,2012,7,10.7458333333333,2.4,85.5025352112676,57.8073758990436,2.44514292193559
2012.52703779599,2012,7,15.1833333333333,0,60.5089014084507,58.6224235396888,2.34915328737367
2012.52977003643,2012,7,14.7875,4.8,40.8848450704225,59.4054746354801,2.0717568625719
2012.53250227687,2012,7,13.2041666666667,280.8,33.0708169014084,60.0960602563374,1.46177624611345
2012.5352345173,2012,7,9.40833333333333,33.6,82.3644507042253,60.5833190050419,1.72943556071655
2012.53796675774,2012,7,11.2291666666667,91.2,85.260676056338,61.1597975252807,1.36555934332713
2012.54069899818,2012,7,8.94166666666667,108,62.6597746478873,61.6149839730564,0.97312948035438
2012.54343123862,2012,7,6.4125,261.6,100.759436619718,61.9393604665079,1.20443562717022
2012.54616347905,2012,7,7.98333333333333,151.2,110.038309859155,62.3408390088979,1.48229060430531
2012.54889571949,2012,7,9.89583333333333,28.8,85.6774647887324,62.8349358769997,1.19787915809193
2012.55162795993,2012,7,8.05416666666667,146.4,86.9597746478873,63.234228929697,0.854268279465757
2012.55436020036,2012,7,5.775,0,109.992676056338,63.5189850228523,2.0454933193076
2012.5570924408,2012,7,13.9333333333333,0,66.6861971830986,64.2008161292881,2.10646897341101
2012.55982468124,2012,7,14.5041666666667,136.8,69.3998873239437,64.9029724537585,1.63500920636756
2012.56255692168,2012,7,11.3666666666667,43.2,125.068563380282,65.4479755225477,1.89480262017234
2012.56528916211,2012,7,13.2916666666667,2.4,80.6699154929578,66.0795763959384,2.03783740198814
2012.56802140255,2012,7,14.4375,0,53.1785915492958,66.7588555299345,2.19912639579906
2012.57075364299,2012,7,15.7458333333333,0,38.4601690140845,67.4918976618675,2.0787007584576
2012.57348588342,2012,7,15.0416666666667,0,29.1873802816901,68.1847979146867,2.18819983549227
2012.57621812386,2012,7,16,0,23.6261408450704,68.9141978598508,1.70985153683374
2012.5789503643,2012,7,12.6208333333333,76.8,20.6462535211268,69.4841483721287,1.30634492589068
2012.58168260474,2012,7,9.7125,252,22.6921690140845,69.9195966807589,1.6588579320585
2012.58441484517,2012,8,12.4208333333333,0,22.7165070422535,70.4725493247784,1.28703286273509
2012.58714708561,2012,8,9.70416666666667,412.8,32.110985915493,70.9015602790235,1.10835811284953
2012.58987932605,2012,8,8.40416666666667,141.6,118.278253521127,71.2710129833066,0.907346086061153
2012.59261156648,2012,8,6.9125,24,131.872563380282,71.5734616786604,1.18541039341443
2012.59534380692,2012,8,9.075,0,77.9045070422535,71.9685984764652,0.48252738401321
2012.59807604736,2012,8,3.70833333333333,362.4,67.980676056338,72.1294409378029,0.434977940915147
2012.6008082878,2012,8,3.35,14.4,102.03261971831,72.2744335847746,0.852274931144279
2012.60354052823,2012,8,6.58333333333333,0,79.1244507042254,72.5585252284894,1.14423460372844
2012.60627276867,2012,8,8.87916666666667,0,56.3699154929577,72.9399367630655,0.967729166524109
2012.60900500911,2012,8,7.54583333333334,14.4,43.9164507042254,73.2625131519069,0.895526557510124
2012.61173724954,2012,8,7.0125,0,36.0841690140845,73.5610220044103,0.933685102292912
2012.61446948998,2012,8,7.34166666666667,0,30.1456901408451,73.8722503718412,1.62638987653452
2012.61720173042,2012,8,12.8625,0,26.003661971831,74.4143803306861,1.65892102605662
2012.61993397086,2012,8,13.2166666666667,158.4,23.1454647887324,74.9673540060383,1.55157562102748
2012.62266621129,2012,8,12.45,28.8,25.5351549295775,75.4845458797141,1.49886563730777
2012.62539845173,2012,8,12.1083333333333,0,25.1579154929577,75.9841677588167,1.35061897660596
2012.62813069217,2012,8,10.9791666666667,0,22.2997183098592,76.434374084352,1.47680538364284
2012.63086293261,2012,8,12.0791666666667,0,19.9039436619718,76.9266425455663,1.280140018208
2012.63359517304,2012,8,10.5333333333333,0,18.0481690140845,77.353355884969,1.28115244990011
2012.63632741348,2012,8,10.6,105.6,16.4327323943662,77.7804067016023,1.02927985199213
2012.63905965392,2012,8,8.55833333333333,2.4,16.8403943661972,78.1234999855997,1.13228665091806
2012.64179189435,2012,8,9.45833333333333,0,15.9657464788732,78.5009288692391,1.34318786725667
2012.64452413479,2012,8,11.2791666666667,0,15.0393802816901,78.9486581583246,1.21011791713437
2012.64725637523,2012,8,10.2166666666667,0,14.2377464788732,79.3520307973694,0.755908719644893
2012.64998861566,2012,8,6.40833333333333,33.6,13.4574084507042,79.6040003705844,0.619454371857003
2012.6527208561,2012,8,5.26666666666667,86.4,13.5425915492958,79.8104851612034,0.0787869904852698
2012.65545309654,2012,8,0.670833333333333,256.8,16.116338028169,79.8367474913651,0.482921491047534
2012.65818533698,2012,8,4.11666666666667,0,20.8957183098592,79.9977213217143,0.604724117857444
2012.66091757741,2012,8,5.16666666666667,60,30.2856338028169,80.1992960276668,0.873674683715436
2012.66364981785,2012,8,7.4875,33.6,47.1929577464789,80.4905209222386,0.279374408303198
2012.66638205829,2012,8,2.4,12,51.334985915493,80.5836457250063,0.140535132294829
2012.66911429872,2012,9,1.20833333333333,120,47.4774084507042,80.6304907691046,0.0736271905269206
2012.67184653916,2012,9,0.633333333333333,264,57.6461408450704,80.6550331659469,0.683373091623466
2012.6745787796,2012,9,5.8875,4.8,66.0381971830986,80.8828241964881,0.959659202148941
2012.67731102004,2012,9,8.29583333333333,0,70.5665915492958,81.2027105972044,0.796278203378534
2012.68004326047,2012,9,6.90833333333333,0,55.1165070422535,81.4681366649972,0.286562202594695
2012.68277550091,2012,9,2.49166666666667,57.6,44.0016338028169,81.5636573991955,0
2012.68550774135,2012,9,-2.3,112.8,39.8778591549296,81.5636573991955,0
2012.68823998179,2012,9,-5.24166666666667,0,34.4839436619718,81.5636573991955,0
2012.69097222222,2012,9,-4.2625,2.4,29.4307605633803,81.5636573991955,0
2012.69370446266,2012,9,-2.9125,0,25.6629295774648,81.5636573991955,0.0205927109809494
2012.6964367031,2012,9,0.179166666666667,0,7.94028169014085,81.5705216361891,0
2012.69916894353,2012,9,-1.7,2.4,0,81.5705216361891,0
2012.70190118397,2012,9,-0.895833333333333,12,0,81.5705216361891,0
2012.70463342441,2012,9,-0.954166666666666,0,0,81.5705216361891,0.0186756114795088
2012.70736566485,2012,9,0.1625,0,0,81.5767468400156,0.622662203764392
2012.71009790528,2012,9,5.425,2.4,0,81.7843009079371,0.33411234821078
2012.71283014572,2012,9,2.91666666666667,0,0,81.895671690674,0.369380902559342
2012.71556238616,2012,9,3.22916666666667,0,0,82.0187986581938,0.485784747095494
2012.71829462659,2012,9,4.25416666666667,0,0,82.1807269072256,0.5227778418555
2012.72102686703,2012,9,4.5875,72,0,82.3549861878441,0.093423096891982
2012.72375910747,2012,9,0.820833333333333,112.8,0,82.3861272201415,0.946938717837568
2012.72649134791,2012,9,8.3375,12,0,82.7017734594207,0.603847124667055
2012.72922358834,2012,9,5.33333333333333,2.4,0,82.9030558343097,0
2012.73195582878,2012,9,-4.68333333333333,0,0,82.9030558343097,0
2012.73468806922,2012,9,-5.57083333333333,0,0,82.9030558343097,0
2012.73742030965,2012,9,-5.22916666666667,0,0,82.9030558343097,0
2012.74015255009,2012,9,-7.2125,0,0,82.9030558343097,0
2012.74288479053,2012,9,-4.98333333333333,0,0,82.9030558343097,0
2012.74561703097,2012,9,-4.19166666666667,0,0,82.9030558343097,0
2012.7483492714,2012,9,-4.425,0,0,82.9030558343097,0
2012.75108151184,2012,10,-1.59583333333333,0,0,82.9030558343097,0.142256543629372
2012.75381375228,2012,10,1.25833333333333,0,0,82.9504746821861,0.185941372769818
2012.75654599271,2012,10,1.64583333333333,0,0,83.0124551397761,0.44569387528604
2012.75927823315,2012,10,3.95,0,0,83.1610197648714,0.216447613188848
2012.76201047359,2012,10,1.92083333333333,0,0,83.2331689692677,0
2012.76474271403,2012,10,-0.0416666666666667,0,0,83.2331689692677,0
2012.76747495446,2012,10,-1.23333333333333,0,0,83.2331689692677,0
2012.7702071949,2012,10,-6.79583333333333,0,0,83.2331689692677,0
2012.77293943534,2012,10,-10.8083333333333,0,0,83.2331689692677,0
2012.77567167577,2012,10,-12.6,0,0,83.2331689692677,0
2012.77840391621,2012,10,-8.5875,0,0,83.2331689692677,0
2012.78113615665,2012,10,-9.46666666666667,0,0,83.2331689692677,0
2012.78386839709,2012,10,-18.075,0,0,83.2331689692677,0
2012.78660063752,2012,10,-13.1791666666667,0,0,83.2331689692677,0
2012.78933287796,2012,10,-12.925,0,0,83.2331689692677,0
2012.7920651184,2012,10,-9.59583333333333,0,0,83.2331689692677,0
2012.79479735883,2012,10,-8.65,0,0,83.2331689692677,0
2012.79752959927,2012,10,-9.67916666666667,0,0,83.2331689692677,0
2012.80026183971,2012,10,-18.875,0,0,83.2331689692677,0
2012.80299408015,2012,10,-18.3375,0,0,83.2331689692677,0
2012.80572632058,2012,10,-15.0208333333333,0,0,83.2331689692677,0
2012.80845856102,2012,10,-15.95,0,0,83.2331689692677,0
2012.81119080146,2012,10,-7.5125,0,0,83.2331689692677,0
2012.81392304189,2012,10,-13.8291666666667,0,0,83.2331689692677,0
2012.81665528233,2012,10,-4.825,0,0,83.2331689692677,0
2012.81938752277,2012,10,-5.375,0,0,83.2331689692677,0
2012.82211976321,2012,10,-4.61666666666667,0,0,83.2331689692677,0
2012.82485200364,2012,10,-8.925,0,0,83.2331689692677,0
2012.82758424408,2012,10,-12.7,0,0,83.2331689692677,0
2012.83031648452,2012,10,-11.7375,0,0,83.2331689692677,0
2012.83304872495,2012,10,-12.9291666666667,0,0,83.2331689692677,0
2012.83578096539,2012,11,-15.425,0,0,83.2331689692677,0
2012.83851320583,2012,11,-19.3625,0,0,83.2331689692677,0
2012.84124544627,2012,11,-30.1958333333333,0,0,83.2331689692677,0
2012.8439776867,2012,11,-28.2458333333333,0,0,83.2331689692677,0
2012.84670992714,2012,11,-26.4041666666667,0,0,83.2331689692677,0
2012.84944216758,2012,11,-20.6625,0,0,83.2331689692677,0
2012.85217440801,2012,11,-17.0333333333333,0,0,83.2331689692677,0
2012.85490664845,2012,11,-20.4583333333333,0,0,83.2331689692677,0
2012.85763888889,2012,11,-23.3666666666667,0,0,83.2331689692677,0
2012.86037112933,2012,11,-13.9,0,0,83.2331689692677,0
2012.86310336976,2012,11,-18.9041666666667,0,0,83.2331689692677,0
2012.8658356102,2012,11,-16.1416666666667,0,0,83.2331689692677,0
2012.86856785064,2012,11,-19.8208333333333,0,0,83.2331689692677,0
2012.87130009107,2012,11,-31.2166666666667,0,0,83.2331689692677,0
2012.87403233151,2012,11,-21.2416666666667,0,0,83.2331689692677,0
2012.87676457195,2012,11,-31.8,0,0,83.2331689692677,0
2012.87949681239,2012,11,-32.3,0,0,83.2331689692677,0
2012.88222905282,2012,11,-33.5375,0,0,83.2331689692677,0
2012.88496129326,2012,11,-32.725,0,0,83.2331689692677,0
2012.8876935337,2012,11,-29.2541666666667,0,0,83.2331689692677,0
2012.89042577413,2012,11,-32.3291666666667,0,0,83.2331689692677,0
2012.89315801457,2012,11,-28.675,0,0,83.2331689692677,0
2012.89589025501,2012,11,-23.3,0,0,83.2331689692677,0
2012.89862249545,2012,11,-19.4375,0,0,83.2331689692677,0
2012.90135473588,2012,11,-10.1625,0,0,83.2331689692677,0
2012.90408697632,2012,11,-22.025,0,0,83.2331689692677,0
2012.90681921676,2012,11,-27.2416666666667,0,0,83.2331689692677,0
2012.90955145719,2012,11,-17.9541666666667,0,0,83.2331689692677,0
2012.91228369763,2012,11,-23.3666666666667,0,0,83.2331689692677,0
2012.91501593807,2012,11,-18.0875,0,0,83.2331689692677,0
2012.91774817851,2012,12,-19.825,0,0,83.2331689692677,0
2012.92048041894,2012,12,-27.3541666666667,0,0,83.2331689692677,0
2012.92321265938,2012,12,-32.6125,0,0,83.2331689692677,0
2012.92594489982,2012,12,-27,0,0,83.2331689692677,0
2012.92867714025,2012,12,-26.7458333333333,0,0,83.2331689692677,0
2012.93140938069,2012,12,-29.1208333333333,0,0,83.2331689692677,0
2012.93414162113,2012,12,-34.4541666666667,0,0,83.2331689692677,0
2012.93687386157,2012,12,-29.2083333333333,0,0,83.2331689692677,0
2012.939606102,2012,12,-32.2208333333333,0,0,83.2331689692677,0
2012.94233834244,2012,12,-27,0,0,83.2331689692677,0
2012.94507058288,2012,12,-28.1,0,0,83.2331689692677,0
2012.94780282332,2012,12,-31.5583333333333,0,0,83.2331689692677,0
2012.95053506375,2012,12,-36.7958333333333,0,0,83.2331689692677,0
2012.95326730419,2012,12,-38.0166666666667,0,0,83.2331689692677,0
2012.95599954463,2012,12,-31.0916666666667,0,0,83.2331689692677,0
2012.95873178506,2012,12,-28.3416666666667,0,0,83.2331689692677,0
2012.9614640255,2012,12,-19.1166666666667,0,0,83.2331689692677,0
2012.96419626594,2012,12,-25.5125,0,0,83.2331689692677,0
2012.96692850638,2012,12,-33.2541666666667,0,0,83.2331689692677,0
2012.96966074681,2012,12,-25.4166666666667,0,0,83.2331689692677,0
2012.97239298725,2012,12,-20.5875,0,0,83.2331689692677,0
2012.97512522769,2012,12,-20.1458333333333,0,0,83.2331689692677,0
2012.97785746812,2012,12,-20.3875,0,0,83.2331689692677,0
2012.98058970856,2012,12,-24.475,0,0,83.2331689692677,0
2012.983321949,2012,12,-11.7708333333333,0,0,83.2331689692677,0
2012.98605418944,2012,12,-20.0708333333333,0,0,83.2331689692677,0
2012.98878642987,2012,12,-25.4958333333333,0,0,83.2331689692677,0
2012.99151867031,2012,12,-29.5541666666667,0,0,83.2331689692677,0
2012.99425091075,2012,12,-27.1791666666667,0,0,83.2331689692677,0
2012.99698315118,2012,12,-28.4041666666667,0,0,83.2331689692677,0
2012.99971597643,2012,7,-21.0054166666667,0,0,83.2331689692677,-249.699506907803
2013.0024543379,2013,1,-14.0826666666667,0,0,0,0
2013.00519406393,2013,1,-13.851,0,0,0,0
2013.00793378995,2013,1,-9.80008333333333,0,0,0,0
2013.01067351598,2013,1,-12.9975,0,0,0,0
2013.01341324201,2013,1,-18.9708333333333,0,0,0,0
2013.01615296804,2013,1,-29.5491666666667,0,0,0,0
2013.01889269406,2013,1,-32.7733333333333,0,0,0,0
2013.02163242009,2013,1,-31.1741666666667,0,0,0,0
2013.02437214612,2013,1,-27.5129166666667,0,0,0,0
2013.02711187215,2013,1,-25.4125,0,0,0,0
2013.02985159817,2013,1,-14.2245833333333,0,0,0,0
2013.0325913242,2013,1,-11.672,0,0,0,0
2013.03533105023,2013,1,-6.27225,0,0,0,0
2013.03807077626,2013,1,-7.170125,0,0,0,0
2013.04081050228,2013,1,-20.8554166666667,0,0,0,0
2013.04355022831,2013,1,-30.98125,0,0,0,0
2013.04628995434,2013,1,-34.8191666666667,0,0,0,0
2013.04902968037,2013,1,-33.2504166666667,0,0,0,0
2013.05176940639,2013,1,-21.5883333333333,0,0,0,0
2013.05450913242,2013,1,-13.0966666666667,0,0,0,0
2013.05724885845,2013,1,-16.195,0,0,0,0
2013.05998858447,2013,1,-22.6220833333333,0,0,0,0
2013.0627283105,2013,1,-38.9891666666667,0,0,0,0
2013.06546803653,2013,1,-34.0220833333333,0,0,0,0
2013.06820776256,2013,1,-32.5058333333333,0,0,0,0
2013.07094748858,2013,1,-35.0254166666667,0,0,0,0
2013.07368721461,2013,1,-29.0545833333333,0,0,0,0
2013.07642694064,2013,1,-32.9991666666667,0,0,0,0
2013.07916666667,2013,1,-32.4591666666667,0,0,0,0
2013.08190639269,2013,1,-26.2329166666667,0,0,0,0
2013.08464611872,2013,1,-27.72375,0,0,0,0
2013.08738584475,2013,2,-25.0241666666667,0,0,0,0
2013.09012557078,2013,2,-18.43125,0,0,0,0
2013.0928652968,2013,2,-29.6891666666667,0,0,0,0
2013.09560502283,2013,2,-30.0091666666667,0,0,0,0
2013.09834474886,2013,2,-38.1883333333333,0,0,0,0
2013.10108447489,2013,2,-38.1008333333333,0,0,0,0
2013.10382420091,2013,2,-29.5879166666667,0,0,0,0
2013.10656392694,2013,2,-27.9395833333333,0,0,0,0
2013.10930365297,2013,2,-17.0608333333333,0,0,0,0
2013.11204337899,2013,2,-26.09,0,0,0,0
2013.11478310502,2013,2,-18.93625,0,0,0,0
2013.11752283105,2013,2,-22.8120833333333,0,0,0,0
2013.12026255708,2013,2,-21.9883333333333,0,0,0,0
2013.1230022831,2013,2,-21.4025,0,0,0,0
2013.12574200913,2013,2,-29.4658333333333,0,0,0,0
2013.12848173516,2013,2,-32.9641666666667,0,0,0,0
2013.13122146119,2013,2,-36.1054166666667,0,0,0,0
2013.13396118722,2013,2,-38.995,0,0,0,0
2013.13670091324,2013,2,-37.8495833333333,0,0,0,0
2013.13944063927,2013,2,-39.1516666666666,0,0,0,0
2013.1421803653,2013,2,-39.78625,0,0,0,0
2013.14492009132,2013,2,-38.5066666666667,0,0,0,0
2013.14765981735,2013,2,-36.3204166666667,0,0,0,0
2013.15039954338,2013,2,-22.8879166666667,0,0,0,0
2013.15313926941,2013,2,-14.9041666666667,0,0,0,0
2013.15587899543,2013,2,-24.6770833333333,0,0,0,0
2013.15861872146,2013,2,-27.03125,0,0,0,0
2013.16135844749,2013,2,-21.8595833333333,0,0,0,0
2013.16409817352,2013,3,-23.1220833333333,0,0,0,0
2013.16683789954,2013,3,-27.35625,0,0,0,0
2013.16957762557,2013,3,-16.8329166666667,0,0,0,0
2013.1723173516,2013,3,-16.57125,0,0,0,0
2013.17505707763,2013,3,-14.5466666666667,0,0,0,0
2013.17779680365,2013,3,-14.3279166666667,0,0,0,0
2013.18053652968,2013,3,-6.597375,0,0,0,0
2013.18327625571,2013,3,-8.342,0,0,0,0
2013.18601598174,2013,3,-9.317625,0,0,0,0
2013.18875570776,2013,3,-16.8720833333333,0,0,0,0
2013.19149543379,2013,3,-24.8379166666667,0,0,0,0
2013.19423515982,2013,3,-25.0941666666667,0,0,0,0
2013.19697488584,2013,3,-27.43875,0,0,0,0
2013.19971461187,2013,3,-17.3733333333333,0,0,0,0
2013.2024543379,2013,3,-16.0079166666667,0,0,0,0
2013.20519406393,2013,3,-13.7145833333333,0,0,0,0
2013.20793378995,2013,3,-21.8733333333333,0,0,0,0
2013.21067351598,2013,3,-29.59,0,0,0,0
2013.21341324201,2013,3,-22.6775,0,0,0,0
2013.21615296804,2013,3,-22.895,0,0,0,0
2013.21889269406,2013,3,-28.69125,0,0,0,0
2013.22163242009,2013,3,-29.5270833333333,0,0,0,0
2013.22437214612,2013,3,-27.58625,0,0,0,0
2013.22711187215,2013,3,-28.9904166666667,0,0,0,0
2013.22985159817,2013,3,-28.36375,0,0,0,0
2013.2325913242,2013,3,-26.1104166666667,0,0,0,0
2013.23533105023,2013,3,-28.3554166666667,0,0,0,0
2013.23807077625,2013,3,-25.2475,0,0,0,0
2013.24081050228,2013,3,-17.0629166666667,0,0,0,0
2013.24355022831,2013,3,-11.9542916666667,0,0,0,0
2013.24628995434,2013,3,-12.7811666666667,0,0,0,0
2013.24902968036,2013,4,-20.6883333333333,0,0,0,0
2013.25176940639,2013,4,-25.3870833333333,0,0,0,0
2013.25450913242,2013,4,-21.725,0,0,0,0
2013.25724885845,2013,4,-25.48875,0,0,0,0
2013.25998858448,2013,4,-34.2495833333333,0,0,0,0
2013.2627283105,2013,4,-35.9654166666667,0,0,0,0
2013.26546803653,2013,4,-31.4754166666667,0,0,0,0
2013.26820776256,2013,4,-28.7654166666667,0,0,0,0
2013.27094748859,2013,4,-26.6079166666667,0,0,0,0
2013.27368721461,2013,4,-24.5495833333333,0,0,0,0
2013.27642694064,2013,4,-26.5141666666667,0,0,0,0
2013.27916666667,2013,4,-22.4891666666667,0,0,0,0
2013.28190639269,2013,4,-19.6433333333333,0,0,0,0
2013.28464611872,2013,4,-23.2795833333333,0,0,0,0
2013.28738584475,2013,4,-22.0275,0,0,0,0
2013.29012557078,2013,4,-18.2320833333333,0,0,0,0
2013.2928652968,2013,4,-17.1929166666667,0,0,0,0
2013.29560502283,2013,4,-15.1325416666667,0,0,0,0
2013.29834474886,2013,4,-11.3484583333333,0,0,0,0
2013.30108447489,2013,4,-11.5264166666667,0,0,0,0
2013.30382420091,2013,4,-11.2482083333333,0,0,0,0
2013.30656392694,2013,4,-5.69045833333333,0,0,0,0
2013.30930365297,2013,4,-6.33891666666667,0,0,0,0
2013.312043379,2013,4,-15.0654166666667,0,0,0,0
2013.31478310502,2013,4,-13.6691666666667,0,0,0,0
2013.31752283105,2013,4,-14.4283333333333,0,0,0,0
2013.32026255708,2013,4,-15.5,0,0,0,0
2013.32300228311,2013,4,NaN,0,0,0,0
2013.32574200913,2013,4,NaN,0,0,0,0
2013.32848173516,2013,4,NaN,0,0,0,0
2013.33122146119,2013,5,NaN,0,0,0,0
2013.33396118721,2013,5,NaN,0,0,0,0
2013.33670091324,2013,5,NaN,0,0,0,0
2013.33944063927,2013,5,NaN,0,0,0,0
2013.3421803653,2013,5,NaN,0,0,0,0
2013.34492009132,2013,5,NaN,0,0,0,0
2013.34765981735,2013,5,NaN,0,0,0,0
2013.35039954338,2013,5,NaN,0,0,0,0
2013.35313926941,2013,5,NaN,0,0,0,0
2013.35587899543,2013,5,NaN,0,0,0,0
2013.35861872146,2013,5,NaN,0,0,0,0
2013.36135844749,2013,5,NaN,0,0,0,0
2013.36409817352,2013,5,NaN,0,0,0,0
2013.36683789954,2013,5,NaN,0,0,0,0
2013.36957762557,2013,5,NaN,0,0,0,0
2013.3723173516,2013,5,NaN,0,0,0,0
2013.37505707763,2013,5,NaN,0,0,0,0
2013.37779680365,2013,5,NaN,0,0,0,0
2013.38053652968,2013,5,NaN,0,0,0,0
2013.38327625571,2013,5,NaN,0,0,0,0
2013.38601598174,2013,5,NaN,0,0,0,0
2013.38875570776,2013,5,NaN,0,0,0,0
2013.39149543379,2013,5,NaN,0,0,0,0
2013.39423515982,2013,5,NaN,0,0,0,13.380828169437
2013.39697488585,2013,5,3.18305,0,0,4.46027605647902,3.62947661178307
2013.39971461187,2013,5,1.96095833333333,0,0,5.67010159374004,3.02765918720741
2013.4024543379,2013,5,1.994125,0,0,6.67932132280918,4.09862003801381
2013.40519406393,2013,5,3.21875,9.6,24.0703098591549,8.04552800214711,0
2013.40793378995,2013,5,-0.378875,33.6,142.07323943662,8.04552800214711,0
2013.41067351598,2013,5,-0.898208333333333,0,211.162816901408,8.04552800214711,0
2013.41341324201,2013,5,-0.598583333333333,0,152.569014084507,8.04552800214711,5.25439037345971
2013.41615296804,2013,6,5.00008333333333,0,169.72123943662,9.79699145996702,5.38884196521498
2013.41889269406,2013,6,6.14766666666667,0,324.760563380282,11.5932721150387,0
2013.42163242009,2013,6,-0.240166666666667,0,366.129126760563,11.5932721150387,0
2013.42437214612,2013,6,-5.09925,136.8,168.139267605634,11.5932721150387,0
2013.42711187215,2013,6,-0.656,36,76.4092394366197,11.5932721150387,2.14502920296988
2013.42985159817,2013,6,2.734375,12,53.902647887324,12.308281849362,5.29065071809578
2013.4325913242,2013,6,7.443625,7.2,140.844169014085,14.0718320887272,4.95149927890259
2013.43533105023,2013,6,7.86804166666667,4.8,127.579943661972,15.7223318483614,1.13452811100757
2013.43807077626,2013,6,1.92554166666667,256.8,252.196732394366,16.1005078853639,2.52375610211509
2013.44081050228,2013,6,4.4475,38.4,212.799549295775,16.9417599194023,4.51922793000003
2013.44355022831,2013,6,8.529875,2.4,172.009014084507,18.4481692294023,5.95025656617288
2013.44628995434,2013,6,12.338375,0,130.676957746479,20.4315880847933,6.54946564949628
2013.44902968037,2013,6,15.0362916666667,0,117.820394366197,22.614743301292,6.11159834008312
2013.45176940639,2013,6,15.4066666666667,12,109.934873239437,24.6519427479864,4.42871363931006
2013.45450913242,2013,6,11.9941666666667,115.2,109.661070422535,26.1281806277564,3.49225485274131
2013.45724885845,2013,6,9.94975,60,121.793577464789,27.2922655786702,4.96666696448902
2013.45998858447,2013,6,14.897375,0,132.173746478873,28.9478212334999,5.68315662441009
2013.4627283105,2013,6,18.1224583333333,0,77.3219154929577,30.8422067749699,6.05616769485566
2013.46546803653,2013,6,20.5758333333333,0,69.7041126760564,32.8609293399218,4.93462672891348
2013.46820776256,2013,6,17.7295833333333,0,57.839323943662,34.5058049162263,3.71704872389135
2013.47094748858,2013,6,13.9266666666667,76.8,50.5622535211267,35.7448211575234,2.80371740116107
2013.47368721461,2013,6,10.8297083333333,144,78.3927887323944,36.6793936245771,2.59160051755971
2013.47642694064,2013,6,10.2589583333333,26.4,91.0303098591549,37.5432604637637,1.51197052819725
2013.47916666667,2013,6,6.0955,2.4,72.7281126760563,38.0472506398294,3.61131531763301
2013.48190639269,2013,6,14.8879166666667,0,53.4280563380282,39.2510224123738,4.35419414093931
2013.48464611872,2013,6,18.5670833333333,0,39.9265352112676,40.7024204593535,3.45483294681917
2013.48738584475,2013,6,15.2116666666667,48,33.9150422535211,41.8540314416266,2.67582725547807
2013.49012557078,2013,6,12.0733333333333,43.2,32.6312112676056,42.7459738601193,2.46516393218852
2013.4928652968,2013,6,11.348125,88.8,31.7611267605634,43.5676951708488,3.88720597424701
2013.49560502283,2013,6,18.3333333333333,0,29.9905352112676,44.8634304955978,3.18460304228984
2013.49834474886,2013,7,15.42,4.8,24.550985915493,45.9249648430277,2.18849242443406
2013.50108447489,2013,7,10.8058333333333,223.2,62.2384225352113,46.6544623178391,2.68828561817044
2013.50382420091,2013,7,13.5066666666667,2.4,97.1452394366197,47.5505575238959,2.27486485331258
2013.50656392694,2013,7,11.63025,31.2,57.4194929577465,48.3088458083334,1.53038510258118
2013.50930365297,2013,7,7.927625,0,51.6757183098591,48.8189741758605,2.26510372861909
2013.512043379,2013,7,11.8864166666667,0,45.7615774647887,49.5740087520668,2.18464916771833
2013.51478310502,2013,7,11.6370416666667,7.2,31.6941971830986,50.3022251413063,0.823727964788965
2013.51752283105,2013,7,4.43183333333333,96,27.6297464788732,50.5768011295693,1.21611912815096
2013.52026255708,2013,7,6.58708333333333,0,29.6285070422535,50.9821741722863,1.47344461822386
2013.52300228311,2013,7,8.05133333333333,0,25.5305915492958,51.4733223783609,1.99202788927602
2013.52574200913,2013,7,11.00775,0,21.6943098591549,52.1373316747862,2.44848474090579
2013.52848173516,2013,7,13.723375,0,18.0679436619718,52.9534932550881,2.98828644875398
2013.53122146119,2013,7,17.0377083333333,0,15.5976338028169,53.9495887380061,3.03826329406625
2013.53396118721,2013,7,17.6481666666667,2.4,13.8392112676056,54.9623431693616,2.57765333579138
2013.53670091324,2013,7,15.23,67.2,13.0117183098592,55.8215609479587,2.20779024766579
2013.53944063927,2013,7,13.2325,398.4,14.7214647887324,56.557491030514,1.61794777678922
2013.5421803653,2013,7,9.80729166666667,9.6,76.2753802816901,57.0968069561104,1.93321890118768
2013.54492009132,2013,7,11.840375,9.6,72.9319436619718,57.7412132565062,1.65475458638787
2013.54765981735,2013,7,10.2404166666667,345.6,94.9122253521127,58.2927981186355,1.45861342323201
2013.55039954338,2013,7,9.10733333333333,36,227.42061971831,58.7790025930462,2.24378538602794
2013.55313926941,2013,7,14.1575,0,139.432563380282,59.5269310550555,2.20111013961667
2013.55587899543,2013,7,14.0621666666667,2.4,80.062985915493,60.2606344349277,1.42811803048802
2013.55861872146,2013,7,9.21591666666667,139.2,53.4889014084507,60.7366737784238,0.866622450876392
2013.56135844749,2013,7,5.62783333333333,24,54.7149295774648,61.0255479287159,1.29726638012291
2013.56409817352,2013,7,8.47433333333333,0,47.1670985915493,61.4579700554235,1.63645496831004
2013.56683789954,2013,7,10.7754166666667,319.2,40.2459718309859,62.0034550448602,1.8331651639101
2013.56957762557,2013,7,12.18375,69.6,162.413746478873,62.6145100994969,2.25302329336166
2013.5723173516,2013,7,15.1379166666667,21.6,115.304450704225,63.3655178639508,1.60026025099688
2013.57505707763,2013,7,10.8616666666667,52.8,90.4249014084507,63.8989379476164,1.8703087206171
2013.57779680365,2013,7,12.81,36,76.1658591549296,64.5223741878221,1.49021996687779
2013.58053652968,2013,7,10.29575,38.4,70.3794929577465,65.0191141767814,2.23449713871059
2013.58327625571,2013,8,15.5858333333333,0,65.207661971831,65.7639465563516,2.24054257127236
2013.58601598173,2013,8,15.80625,0,49.9720563380282,66.510794080109,2.16692133432585
2013.58875570776,2013,8,15.4566666666667,0,37.1641690140845,67.233101191551,1.82670367012159
2013.59149543379,2013,8,13.1595833333333,7.2,29.0991549295775,67.8420024149248,1.47667680777639
2013.59423515982,2013,8,10.7247083333333,57.6,24.913014084507,68.334228017517,2.00845808417081
2013.59697488584,2013,8,14.7113333333333,0,21.7581971830986,69.0037140455739,2.36498584531449
2013.59971461187,2013,8,17.5066666666667,31.2,19.464338028169,69.7920426606787,1.94384859377168
2013.6024543379,2013,8,14.538125,0,18.1531267605634,70.439992191936,1.86333582809488
2013.60519406393,2013,8,14.0620833333333,19.2,16.5894084507042,71.0611041346342,1.53941505525559
2013.60793378995,2013,8,11.7106666666667,38.4,15.5854647887324,71.5742424863861,1.6669449203247
2013.61067351598,2013,8,12.7758333333333,2.4,15.1139154929577,72.129890793161,1.36862898351893
2013.61341324201,2013,8,10.5633333333333,122.4,15.5580845070423,72.586100454334,1.36195778422977
2013.61615296804,2013,8,10.5779583333333,0,21.5695774647887,73.0400863824106,0.61087378856773
2013.61889269406,2013,8,4.76591666666667,223.2,28.1895211267606,73.2437109785998,0.863225063787638
2013.62163242009,2013,8,6.75733333333333,26.4,37.1824225352113,73.531452666529,0.831960515737521
2013.62437214612,2013,8,6.53766666666667,19.2,37.3771267605634,73.8087728384415,0.647862503090892
2013.62711187215,2013,8,5.10804166666667,105.6,37.4288450704225,74.0247270061385,0.431862789949378
2013.62985159817,2013,8,3.41329166666667,24,55.536338028169,74.168681269455,0
2013.6325913242,2013,8,-0.136125,60,61.7060281690141,74.168681269455,0
2013.63533105023,2013,8,-4.33508333333333,120,59.1566197183099,74.168681269455,0.108420428575457
2013.63807077626,2013,8,0.857958333333333,38.4,58.4325633802817,74.2048214123134,0.186388544192397
2013.64081050228,2013,8,1.47591666666667,0,55.3112112676056,74.2669509270442,0
2013.64355022831,2013,8,-0.449458333333333,14.4,52.846985915493,74.2669509270442,0.00548584335517432
2013.64628995434,2013,8,0.0434583333333332,2.4,44.1065915492958,74.268779541496,0
2013.64902968037,2013,8,-1.08970833333333,0,39.2176901408451,74.268779541496,0.421774104397514
2013.65176940639,2013,8,3.34445833333333,0,34.7729577464789,74.4093709096285,0.943707882559835
2013.65450913242,2013,8,7.50604166666667,0,29.3972957746479,74.7239402038151,0.720227449952361
2013.65724885845,2013,8,5.74983333333333,4.8,25.6644507042254,74.9640160204659,0.378602698416117
2013.65998858448,2013,8,3.02991666666667,4.8,23.4679436619718,75.0902169199379,0
2013.6627283105,2013,8,-2.73508333333333,2.4,2.91143661971831,75.0902169199379,0
2013.66546803653,2013,8,-5.32258333333333,93.6,0,75.0902169199379,0
2013.66820776256,2013,9,-1.263625,4.8,0,75.0902169199379,0.724607417763906
2013.67094748858,2013,9,5.81316666666667,156,0,75.3317527258592,0.744950748298493
2013.67368721461,2013,9,5.99583333333333,50.4,0,75.5800696419587,0
2013.67642694064,2013,9,-0.24525,132,0,75.5800696419587,0.619723230165761
2013.67916666667,2013,9,5.00295833333333,31.2,0,75.786644052014,0.524661374872309
2013.68190639269,2013,9,4.24620833333333,0,0,75.9615311769714,0
2013.68464611872,2013,9,-0.139,4.8,0,75.9615311769714,0
2013.68738584475,2013,9,-0.0556250000000001,2.4,0,75.9615311769714,0.744955699385372
2013.69012557078,2013,9,6.04591666666667,0,0,76.2098497434332,0.899422592975867
2013.6928652968,2013,9,7.32583333333333,0,0,76.5096572744252,0.952468251082763
2013.69560502283,2013,9,7.78925,2.4,0,76.8271466914527,0.71860621943037
2013.69834474886,2013,9,5.89808333333333,0,0,77.0666820979295,0.220974251018433
2013.70108447489,2013,9,1.817375,0,0,77.1403401816023,0
2013.70382420091,2013,9,-1.79520833333333,136.8,0,77.1403401816023,0
2013.70656392694,2013,9,-4.612625,0,0,77.1403401816023,0
2013.70930365297,2013,9,-10.3772916666667,0,0,77.1403401816023,0
2013.712043379,2013,9,-8.50208333333333,0,0,77.1403401816023,0
2013.71478310502,2013,9,-6.61108333333333,0,0,77.1403401816023,0
2013.71752283105,2013,9,-7.22391666666667,0,0,77.1403401816023,0
2013.72026255708,2013,9,-7.23458333333333,0,0,77.1403401816023,0
2013.7230022831,2013,9,-12.8691666666667,0,0,77.1403401816023,0
2013.72574200913,2013,9,-7.688,0,0,77.1403401816023,0
2013.72848173516,2013,9,-6.85425,0,0,77.1403401816023,0
2013.73122146119,2013,9,-3.83095833333333,0,0,77.1403401816023,0
2013.73396118721,2013,9,-4.37845833333333,0,0,77.1403401816023,0
2013.73670091324,2013,9,-6.33304166666667,0,0,77.1403401816023,0
2013.73944063927,2013,9,-5.73216666666667,0,0,77.1403401816023,0
2013.7421803653,2013,9,-7.01679166666667,0,0,77.1403401816023,0
2013.74492009132,2013,9,-8.86525,0,0,77.1403401816023,0
2013.74765981735,2013,9,-9.98375,0,0,77.1403401816023,0
2013.75039954338,2013,10,-14.1491666666667,0,0,77.1403401816023,0
2013.75313926941,2013,10,-6.21895833333333,0,0,77.1403401816023,0
2013.75587899543,2013,10,-9.33004166666667,0,0,77.1403401816023,0
2013.75861872146,2013,10,-10.5008333333333,0,0,77.1403401816023,0
2013.76135844749,2013,10,-2.14245833333333,0,0,77.1403401816023,0
2013.76409817352,2013,10,-2.731,0,0,77.1403401816023,0
2013.76683789954,2013,10,-5.773,0,0,77.1403401816023,0
2013.76957762557,2013,10,-1.163625,0,0,77.1403401816023,0
2013.7723173516,2013,10,-2.951625,0,0,77.1403401816023,0
2013.77505707763,2013,10,-7.94729166666667,0,0,77.1403401816023,0
2013.77779680365,2013,10,-1.43791666666667,0,0,77.1403401816023,0
2013.78053652968,2013,10,-0.936291666666667,0,0,77.1403401816023,0.0951397982670414
2013.78327625571,2013,10,0.783,0,0,77.1720534476914,0
2013.78601598174,2013,10,-0.922291666666667,0,0,77.1720534476914,0
2013.78875570776,2013,10,-0.183208333333333,0,0,77.1720534476914,0.292682308042231
2013.79149543379,2013,10,2.41079166666667,0,0,77.2696142170388,0.438399999361678
2013.79423515982,2013,10,3.61675,0,0,77.4157475501593,0.20981084274257
2013.79697488584,2013,10,1.73333333333333,0,0,77.4856844977402,0.144190592016457
2013.79971461187,2013,10,1.192125,0,0,77.5337480284123,0
2013.8024543379,2013,10,-1.29016666666667,0,0,77.5337480284123,0
2013.80519406393,2013,10,-5.67883333333333,0,0,77.5337480284123,0
2013.80793378995,2013,10,-9.729625,0,0,77.5337480284123,0
2013.81067351598,2013,10,-6.68766666666667,0,0,77.5337480284123,0
2013.81341324201,2013,10,-12.0812916666667,0,0,77.5337480284123,0
2013.81615296804,2013,10,-5.4995,0,0,77.5337480284123,0
2013.81889269406,2013,10,-3.13154166666667,0,0,77.5337480284123,0
2013.82163242009,2013,10,-1.74354166666667,0,0,77.5337480284123,0
2013.82437214612,2013,10,-2.909,0,0,77.5337480284123,0
2013.82711187215,2013,10,-8.51254166666667,0,0,77.5337480284123,0
2013.82985159817,2013,10,-16.6708333333333,0,0,77.5337480284123,0
2013.8325913242,2013,10,-15.7779166666667,0,0,77.5337480284123,0
2013.83533105023,2013,11,-16.1375,0,0,77.5337480284123,0
2013.83807077626,2013,11,-15.2608333333333,0,0,77.5337480284123,0
2013.84081050228,2013,11,-3.97866666666667,0,0,77.5337480284123,0
2013.84355022831,2013,11,-4.517,0,0,77.5337480284123,0
2013.84628995434,2013,11,-17.9016666666667,0,0,77.5337480284123,0
2013.84902968036,2013,11,-21.19,0,0,77.5337480284123,0
2013.85176940639,2013,11,-8.23695833333333,0,0,77.5337480284123,0
2013.85450913242,2013,11,-7.67191666666666,0,0,77.5337480284123,0
2013.85724885845,2013,11,-2.53195833333333,0,0,77.5337480284123,0
2013.85998858447,2013,11,-9.32383333333333,0,0,77.5337480284123,0
2013.8627283105,2013,11,-15.0633333333333,0,0,77.5337480284123,0
2013.86546803653,2013,11,-13.8059583333333,0,0,77.5337480284123,0
2013.86820776256,2013,11,-4.95958333333333,0,0,77.5337480284123,0
2013.87094748858,2013,11,-13.7325,0,0,77.5337480284123,0
2013.87368721461,2013,11,-14.8920833333333,0,0,77.5337480284123,0
2013.87642694064,2013,11,-16.07375,0,0,77.5337480284123,0
2013.87916666667,2013,11,-17.13,0,0,77.5337480284123,0
2013.88190639269,2013,11,-30.7908333333333,0,0,77.5337480284123,0
2013.88464611872,2013,11,-24.5304166666667,0,0,77.5337480284123,0
2013.88738584475,2013,11,-25.82625,0,0,77.5337480284123,0
2013.89012557078,2013,11,-21.1895833333333,0,0,77.5337480284123,0
2013.8928652968,2013,11,-17.78875,0,0,77.5337480284123,0
2013.89560502283,2013,11,-18.3504166666667,0,0,77.5337480284123,0
2013.89834474886,2013,11,-23.3966666666667,0,0,77.5337480284123,0
2013.90108447489,2013,11,-25.8970833333333,0,0,77.5337480284123,0
2013.90382420091,2013,11,-24.3066666666667,0,0,77.5337480284123,0
2013.90656392694,2013,11,-20.8308333333333,0,0,77.5337480284123,0
2013.90930365297,2013,11,-22.2654166666667,0,0,77.5337480284123,0
2013.912043379,2013,11,-23.3116666666667,0,0,77.5337480284123,0
2013.91478310502,2013,11,-14.2025,0,0,77.5337480284123,0
2013.91752283105,2013,12,-6.61008333333333,0,0,77.5337480284123,0
2013.92026255708,2013,12,-8.27041666666667,0,0,77.5337480284123,0
2013.92300228311,2013,12,-6.10454166666667,0,0,77.5337480284123,0
2013.92574200913,2013,12,-12.9477916666667,0,0,77.5337480284123,0
2013.92848173516,2013,12,-0.565208333333333,0,0,77.5337480284123,0.122882766170477
2013.93122146119,2013,12,1.01654166666667,0,0,77.5747089504692,0
2013.93396118721,2013,12,-0.697375,0,0,77.5747089504692,0
2013.93670091324,2013,12,-9.43875,0,0,77.5747089504692,0
2013.93944063927,2013,12,-15.06875,0,0,77.5747089504692,0
2013.9421803653,2013,12,-29.27875,0,0,77.5747089504692,0
2013.94492009132,2013,12,-32.7116666666667,0,0,77.5747089504692,0
2013.94765981735,2013,12,-32.8483333333333,0,0,77.5747089504692,0
2013.95039954338,2013,12,-36.95125,0,0,77.5747089504692,0
2013.95313926941,2013,12,-36.0566666666667,0,0,77.5747089504692,0
2013.95587899543,2013,12,-32.1691666666667,0,0,77.5747089504692,0
2013.95861872146,2013,12,-20.28375,0,0,77.5747089504692,0
2013.96135844749,2013,12,-19.4420833333333,0,0,77.5747089504692,0
2013.96409817352,2013,12,-21.68875,0,0,77.5747089504692,0
2013.96683789954,2013,12,-28.9483333333333,0,0,77.5747089504692,0
2013.96957762557,2013,12,-21.4525,0,0,77.5747089504692,0
2013.9723173516,2013,12,-8.27679166666667,0,0,77.5747089504692,0
2013.97505707763,2013,12,-22.5495833333333,0,0,77.5747089504692,0
2013.97779680365,2013,12,-25.9033333333333,0,0,77.5747089504692,0
2013.98053652968,2013,12,-27.0933333333333,0,0,77.5747089504692,0
2013.98327625571,2013,12,-34.5504166666667,0,0,77.5747089504692,0
2013.98601598173,2013,12,-34.17375,0,0,77.5747089504692,0
2013.98875570776,2013,12,-21.7291666666667,0,0,77.5747089504692,0
2013.99149543379,2013,12,-13.5745833333333,0,0,77.5747089504692,0
2013.99423515982,2013,12,-13.1841666666667,0,0,77.5747089504692,0
2013.99697488584,2013,12,-16.9520833333333,0,0,77.5747089504692,0
2013.99971461187,2013,7,-13.215,0,0,77.5747089504692,-232.724126851407
2014.0024543379,2014,1,-9.79166666666667,0,0,0,0
2014.00519406393,2014,1,-16.1008333333333,0,0,0,0
2014.00793378995,2014,1,-12.8725,0,0,0,0
2014.01067351598,2014,1,-14.515,0,0,0,0
2014.01341324201,2014,1,-10.94125,0,0,0,0
2014.01615296804,2014,1,-15.2195833333333,0,0,0,0
2014.01889269406,2014,1,-22.9845833333333,0,0,0,0
2014.02163242009,2014,1,-32.6691666666667,0,0,0,0
2014.02437214612,2014,1,-31.7133333333333,0,0,0,0
2014.02711187215,2014,1,-27.0025,0,0,0,0
2014.02985159817,2014,1,-27.3445833333333,0,0,0,0
2014.0325913242,2014,1,-32.8629166666667,0,0,0,0
2014.03533105023,2014,1,-32.2754166666667,0,0,0,0
2014.03807077626,2014,1,-27.3875,0,0,0,0
2014.04081050228,2014,1,-35.2008333333333,0,0,0,0
2014.04355022831,2014,1,-36.7529166666667,0,0,0,0
2014.04628995434,2014,1,-30.6845833333333,0,0,0,0
2014.04902968037,2014,1,-23.28875,0,0,0,0
2014.05176940639,2014,1,-13.4604166666667,0,0,0,0
2014.05450913242,2014,1,-5.56704166666667,0,0,0,0
2014.05724885845,2014,1,-1.86483333333333,0,0,0,0
2014.05998858447,2014,1,-11.3469583333333,0,0,0,0
2014.0627283105,2014,1,-5.33183333333333,0,0,0,0
2014.06546803653,2014,1,-2.9185,0,0,0,0
2014.06820776256,2014,1,-5.939125,0,0,0,0
2014.07094748858,2014,1,-1.20966666666667,0,0,0,0
2014.07368721461,2014,1,-5.27158333333333,0,0,0,0
2014.07642694064,2014,1,-7.91854166666667,0,0,0,0
2014.07916666667,2014,1,-6.67354166666667,0,0,0,0
2014.08190639269,2014,1,-14.9079166666667,0,0,0,0
2014.08464611872,2014,1,-13.7379166666667,0,0,0,0
2014.08738584475,2014,2,-5.93508333333333,0,0,0,0
2014.09012557078,2014,2,-13.34125,0,0,0,0
2014.0928652968,2014,2,-9.132875,0,0,0,0
2014.09560502283,2014,2,-5.33541666666667,0,0,0,0
2014.09834474886,2014,2,-8.64791666666667,0,0,0,0
2014.10108447489,2014,2,-18.7271428571429,0,0,0,0
2014.10382420091,2014,2,NaN,0,0,0,0
2014.10656392694,2014,2,NaN,0,0,0,0
2014.10930365297,2014,2,NaN,0,0,0,0
2014.11204337899,2014,2,NaN,0,0,0,0
2014.11478310502,2014,2,NaN,0,0,0,0
2014.11752283105,2014,2,NaN,0,0,0,0
2014.12026255708,2014,2,NaN,0,0,0,0
2014.1230022831,2014,2,NaN,0,0,0,0
2014.12574200913,2014,2,NaN,0,0,0,0
2014.12848173516,2014,2,NaN,0,0,0,0
2014.13122146119,2014,2,NaN,0,0,0,0
2014.13396118722,2014,2,NaN,0,0,0,0
2014.13670091324,2014,2,NaN,0,0,0,0
2014.13944063927,2014,2,NaN,0,0,0,0
2014.1421803653,2014,2,NaN,0,0,0,0
2014.14492009132,2014,2,NaN,0,0,0,0
2014.14765981735,2014,2,NaN,0,0,0,0
2014.15039954338,2014,2,NaN,0,0,0,0
2014.15313926941,2014,2,NaN,0,0,0,0
2014.15587899543,2014,2,NaN,0,0,0,0
2014.15861872146,2014,2,NaN,0,0,0,0
2014.16135844749,2014,2,NaN,0,0,0,0
2014.16409817352,2014,3,NaN,0,0,0,0
2014.16683789954,2014,3,NaN,0,0,0,0
2014.16957762557,2014,3,NaN,0,0,0,0
2014.1723173516,2014,3,NaN,0,0,0,0
2014.17505707763,2014,3,NaN,0,0,0,0
2014.17779680365,2014,3,NaN,0,0,0,0
2014.18053652968,2014,3,NaN,0,0,0,0
2014.18327625571,2014,3,NaN,0,0,0,0
2014.18601598174,2014,3,NaN,0,0,0,0
2014.18875570776,2014,3,NaN,0,0,0,0
2014.19149543379,2014,3,NaN,0,0,0,0
2014.19423515982,2014,3,NaN,0,0,0,0
2014.19697488584,2014,3,NaN,0,0,0,0
2014.19971461187,2014,3,NaN,0,0,0,0
2014.2024543379,2014,3,NaN,0,0,0,0
2014.20519406393,2014,3,NaN,0,0,0,0
2014.20793378995,2014,3,NaN,0,0,0,0
2014.21067351598,2014,3,NaN,0,0,0,0
2014.21341324201,2014,3,NaN,0,0,0,0
2014.21615296804,2014,3,NaN,0,0,0,0
2014.21889269406,2014,3,NaN,0,0,0,0
2014.22163242009,2014,3,NaN,0,0,0,0
2014.22437214612,2014,3,NaN,0,0,0,0
2014.22711187215,2014,3,NaN,0,0,0,0
2014.22985159817,2014,3,NaN,0,0,0,0
2014.2325913242,2014,3,NaN,0,0,0,0
2014.23533105023,2014,3,NaN,0,0,0,0
2014.23807077625,2014,3,NaN,0,0,0,0
2014.24081050228,2014,3,NaN,0,0,0,0
2014.24355022831,2014,3,NaN,0,0,0,0
2014.24628995434,2014,3,NaN,0,0,0,0
2014.24902968036,2014,4,NaN,0,0,0,0
2014.25176940639,2014,4,NaN,0,0,0,0
2014.25450913242,2014,4,NaN,0,0,0,0
2014.25724885845,2014,4,NaN,0,0,0,0
2014.25998858448,2014,4,-26.0172727272727,0,0,0,0
2014.2627283105,2014,4,-27.5575,0,0,0,0
2014.26546803653,2014,4,-25.54625,0,0,0,0
2014.26820776256,2014,4,-29.825,0,0,0,0
2014.27094748859,2014,4,-25.1579166666667,0,0,0,0
2014.27368721461,2014,4,-18.0133333333333,0,0,0,0
2014.27642694064,2014,4,-19.29375,0,0,0,0
2014.27916666667,2014,4,-12.6891666666667,0,0,0,0
2014.28190639269,2014,4,-4.761875,0,0,0,0
2014.28464611872,2014,4,-5.68066666666667,0,0,0,0
2014.28738584475,2014,4,-7.12575,0,0,0,0
2014.29012557078,2014,4,-5.98708333333333,0,0,0,0
2014.2928652968,2014,4,-7.82004166666667,0,0,0,0
2014.29560502283,2014,4,-12.07125,0,0,0,0
2014.29834474886,2014,4,-11.9990416666667,0,0,0,0
2014.30108447489,2014,4,-11.1652916666667,0,0,0,0
2014.30382420091,2014,4,-6.29508333333333,0,0,0,0
2014.30656392694,2014,4,-6.62379166666667,0,0,0,0
2014.30930365297,2014,4,-7.853875,0,0,0,0
2014.312043379,2014,4,-5.73970833333333,0,0,0,0
2014.31478310502,2014,4,-2.98045833333333,0,0,0,0
2014.31752283105,2014,4,-4.558125,0,0,0,0
2014.32026255708,2014,4,-6.9575,0,0,0,0
2014.32300228311,2014,4,-1.16679166666667,0,0,0,0
2014.32574200913,2014,4,-0.828708333333333,0,0,0,0
2014.32848173516,2014,4,-0.087375,0,0,0,0
2014.33122146119,2014,5,-0.230958333333333,0,0,0,5.27871610810811
2014.33396118721,2014,5,0.495375,0,0,1.75957203603604,9.85328124022632
2014.33670091324,2014,5,3.57533333333333,0,0,5.04399911611148,0
2014.33944063927,2014,5,-4.83608333333333,0,0,5.04399911611148,0
2014.3421803653,2014,5,-6.106125,0,0,5.04399911611148,0
2014.34492009132,2014,5,-2.204375,0,0,5.04399911611148,0
2014.34765981735,2014,5,-10.0965416666667,0,0,5.04399911611148,0
2014.35039954338,2014,5,-7.42454166666667,0,0,5.04399911611148,0
2014.35313926941,2014,5,-2.49129166666667,0,0,5.04399911611148,2.79774836235539
2014.35587899543,2014,5,1.64441666666667,0,0,5.97658190356327,3.58531079051417
2014.35861872146,2014,5,2.51416666666667,0,1.23971830985915,7.17168550040133,3.90102785004886
2014.36135844749,2014,5,3.25475,0,3.18067605633803,8.47202811708428,0
2014.36409817352,2014,5,-4.628625,0,3.22935211267606,8.47202811708428,1.06273973517516
2014.36683789954,2014,5,0.980458333333333,0,4.11312676056338,8.826274695476,2.56298306292136
2014.36957762557,2014,5,2.52975,0,7.30292957746479,9.68060238311645,0.838265641726633
2014.3723173516,2014,5,0.878083333333333,0,16.8632112676056,9.960024263692,0
2014.37505707763,2014,5,-2.580375,0,22.6298028169014,9.960024263692,0
2014.37779680365,2014,5,-9.91579166666667,0,2.92816901408451,9.960024263692,0
2014.38053652968,2014,5,-7.130125,0,13.3509295774648,9.960024263692,0
2014.38327625571,2014,5,-2.99325,0,17.2617464788732,9.960024263692,0
2014.38601598174,2014,5,-6.51179166666667,0,12.744,9.960024263692,0
2014.38875570776,2014,5,-5.037875,0,9.20738028169014,9.960024263692,0
2014.39149543379,2014,5,-6.503875,0,8.50005633802817,9.960024263692,0
2014.39423515982,2014,5,-1.44895833333333,0,7.13712676056338,9.960024263692,0
2014.39697488585,2014,5,-1.62975,0,5.59166197183099,9.960024263692,1.41771566913313
2014.39971461187,2014,5,1.54191666666667,0,8.72518309859155,10.432596153403,1.99283521974015
2014.4024543379,2014,5,2.28825,14.4,18.7965633802817,11.0968745599831,3.46926019500332
2014.40519406393,2014,5,4.32041666666667,7.2,139.100957746479,12.2532946249842,3.98874531978228
2014.40793378995,2014,5,5.49620833333333,0,334.302591549296,13.582876398245,3.20677256375209
2014.41067351598,2014,5,4.82891666666667,0,479.521521126761,14.6518005861623,0.793297594119906
2014.41341324201,2014,5,1.251,201.6,327.197408450704,14.9162331175356,0.912433599828709
2014.41615296804,2014,6,1.46654166666667,36,450.445183098592,15.2203776508119,0.686222352371173
2014.41889269406,2014,6,1.12245833333333,4.8,232.411436619718,15.4491184349356,3.33219594618583
2014.42163242009,2014,6,5.68854166666667,0,217.480056338028,16.5598504169975,3.64891206832685
2014.42437214612,2014,6,6.68208333333333,127.2,231.301014084507,17.7761544397731,1.48586105168781
2014.42711187215,2014,6,2.856625,31.2,280.492732394366,18.2714414570024,0.631489548981335
2014.42985159817,2014,6,1.23783333333333,201.6,209.530647887324,18.4819379733295,1.92702100648162
2014.4325913242,2014,6,3.86495833333333,60,185.099830985915,19.1242783088234,3.47319257327705
2014.43533105023,2014,6,7.2995,0,130.622197183099,20.2820091665824,3.58236661922795
2014.43807077626,2014,6,7.97829166666667,141.6,116.366197183099,21.4761313729917,2.59104102859969
2014.44081050228,2014,6,6.054875,64.8,158.76,22.3398117158583,2.55458680925894
2014.44355022831,2014,6,6.203375,31.2,230.84923943662,23.1913406522779,2.29863561369153
2014.44628995434,2014,6,5.78016666666667,0,205.650253521127,23.9575525235085,2.91841078826998
2014.44902968037,2014,6,7.60933333333333,0,141.257915492958,24.9303561195984,2.7744432668621
2014.45176940639,2014,6,7.51475,0,96.708676056338,25.8551705418858,3.38732475917838
2014.45450913242,2014,6,9.54583333333333,0,66.3728450704225,26.9842787949453,4.90129590505456
2014.45724885845,2014,6,14.5345833333333,0,47.5078309859155,28.6180440966301,3.34115030678061
2014.45998858447,2014,6,10.397625,86.4,54.8259718309859,29.731760865557,1.30733735849935
2014.4627283105,2014,6,4.17645833333333,122.4,117.332112676056,30.1675399850568,1.0957134767213
2014.46546803653,2014,6,3.54720833333333,16.8,93.3302535211268,30.5327778106306,3.53710456310577
2014.46820776256,2014,6,11.7421666666667,0,65.1224788732394,31.7118126649991,3.53567764934905
2014.47094748858,2014,6,12.182,19.2,48.5285070422535,32.8903718814488,2.33155681410879
2014.47368721461,2014,6,8.27645833333333,14.4,49.5461408450704,33.6675574861518,3.13259489247633
2014.47642694064,2014,6,11.42425,0,42.8288450704225,34.7117557836439,3.3779258801784
2014.47916666667,2014,6,12.7099166666667,0,38.2198309859155,35.8377310770367,2.02611906132682
2014.48190639269,2014,6,7.81820833333333,100.8,50.160676056338,36.5131040974789,1.26328878826886
2014.48464611872,2014,6,4.94854166666667,98.4,64.6889577464789,36.9342003602352,0.886717595029836
2014.48738584475,2014,6,3.50733333333333,28.8,62.0041690140845,37.2297728919118,2.7715507294896
2014.49012557078,2014,6,11.142875,0,48.8327323943662,38.153623135075,3.44645980398901
2014.4928652968,2014,6,14.2372916666667,0,35.664338028169,39.302443069738,3.16966398623155
2014.49560502283,2014,6,13.4666666666667,232.8,33.3932957746479,40.3589977318152,2.95062154719944
2014.49834474886,2014,7,12.8570833333333,163.2,51.4308169014084,41.3425382475484,2.24264043944438
2014.50108447489,2014,7,9.97916666666667,158.4,112.323042253521,42.0900850606965,1.95259464878114
2014.50382420091,2014,7,8.83416666666666,340.8,149.943549295775,42.7409499436235,2.80333433664605
2014.50656392694,2014,7,12.9202083333333,0,114.893746478873,43.6753947225056,3.30923732938412
2014.50930365297,2014,7,15.6114583333333,0,65.423661971831,44.7784738323003,3.62091500581298
2014.512043379,2014,7,17.5279166666667,0,40.3509295774648,45.9854455009046,2.79976072312577
2014.51478310502,2014,7,13.8725,0,29.8779718309859,46.9186990752798,1.99409432394435
2014.51752283105,2014,7,10.0504583333333,2.4,23.603323943662,47.5833971832613,2.80641792742259
2014.52026255708,2014,7,14.3841666666667,0,19.788338028169,48.5188698257355,2.90566477116948
2014.52300228311,2014,7,15.1879166666667,16.8,17.6268169014085,49.4874247494587,2.29050868613572
2014.52574200913,2014,7,12.1840833333333,396,18.3691267605634,50.2509276448372,2.17786924156449
2014.52848173516,2014,7,11.7579166666667,67.2,93.8048450704225,50.9768840586921,1.70951482460964
2014.53122146119,2014,7,9.3475,187.2,81.7468732394366,51.5467223335619,1.2669342447353
2014.53396118721,2014,7,6.99454166666667,98.4,70.3003943661972,51.9690337484737,1.85768362037204
2014.53670091324,2014,7,10.3591666666667,28.8,64.500338028169,52.5882616219311,2.31583691195355
2014.53944063927,2014,7,13.0858333333333,12,44.2571830985916,53.3602072592489,1.91135574351819
2014.5421803653,2014,7,10.9439166666667,16.8,32.0151549295775,53.9973258404216,0.780723948453286
2014.54492009132,2014,7,4.50758333333333,88.8,27.2935774647887,54.2575671565727,0.963159083949165
2014.54765981735,2014,7,5.59075,285.6,32.8730704225352,54.5786201845558,1.45369675474725
2014.55039954338,2014,7,8.50058333333333,12,66.0062535211268,55.0631857694715,1.39348785975369
2014.55313926941,2014,7,8.21904166666667,62.4,47.6447323943662,55.5276817227228,1.15584930401429
2014.55587899543,2014,7,6.86979166666667,148.8,54.108,55.9129648240609,1.07144890537825
2014.55861872146,2014,7,6.41058333333333,175.2,66.9965070422535,56.2701144591869,0.0931354387441843
2014.56135844749,2014,7,0.559166666666667,16.8,79.1350985915493,56.301159605435,0
2014.56409817352,2014,7,-0.243166666666667,148.8,71.8139154929577,56.301159605435,0.330064512137987
2014.56683789954,2014,7,1.984125,0,65.9089014084507,56.411181109481,1.42415271468891
2014.56957762557,2014,7,8.60545833333333,0,65.3217464788732,56.885898681044,0.866363858095944
2014.5723173516,2014,7,5.27029166666667,0,53.5117183098592,57.1746866337426,0.783625015173939
2014.57505707763,2014,7,4.78995833333333,0,39.900676056338,57.4358949721339,1.95086490971146
2014.57779680365,2014,7,12.019625,0,30.215661971831,58.0861832753711,2.02800223472885
2014.58053652968,2014,7,12.6383333333333,132,24.3851830985916,58.7621840202807,1.53066887824467
2014.58327625571,2014,8,9.63583333333333,566.4,52.4469295774648,59.2724069796956,0.949740668756192
2014.58601598173,2014,8,6.02066666666667,31.2,157.791042253521,59.5889872026143,1.07743728325401
2014.58875570776,2014,8,6.869,2.4,113.302647887324,59.948132963699,0.85613894706222
2014.59149543379,2014,8,5.48758333333333,2.4,69.0424225352113,60.2335126127197,1.02120171162609
2014.59423515982,2014,8,6.57966666666667,2.4,44.4305915492958,60.5739131832618,1.17876490892307
2014.59697488584,2014,8,7.64095833333333,0,33.6975211267605,60.9668348195694,1.42912979064395
2014.59971461187,2014,8,9.330125,0,27.4715492957747,61.4432114164508,1.36390107834831
2014.6024543379,2014,8,8.972,2.4,22.8108169014085,61.8978451092335,1.32150626320992
2014.60519406393,2014,8,8.75620833333334,0,19.8461408450704,62.3383471969702,1.46578054359736
2014.60793378995,2014,8,9.78479166666667,0,17.461014084507,62.8269407115026,1.91896696070093
2014.61067351598,2014,8,12.9255,0,15.6676056338028,63.4665963650696,1.04612771290698
2014.61341324201,2014,8,7.1015,0,14.3716056338028,63.8153056027053,1.89825494267684
2014.61615296804,2014,8,12.9854166666667,0,13.3874366197183,64.4480572502642,1.77565921853756
2014.61889269406,2014,8,12.26275,2.4,12.5067042253521,65.0399436564434,1.73289396100952
2014.62163242009,2014,8,12.0755,0,11.9590985915493,65.6175749767799,1.7760529601009
2014.62437214612,2014,8,12.4870416666667,0,11.3901971830986,66.2095926301469,1.74370922730218
2014.62711187215,2014,8,12.36875,19.2,10.9384225352113,66.7908290392476,1.14438562496329
2014.62985159817,2014,8,8.17629166666667,33.6,11.0433802816901,67.1722909142354,1.14097083236996
2014.6325913242,2014,8,8.19825,0,14.074985915493,67.5526145250253,1.28560561795393
2014.63533105023,2014,8,9.29295833333333,19.2,16.1589295774648,67.98114973101,0.987880768984382
2014.63807077626,2014,8,7.18079166666667,184.8,20.1914366197183,68.3104433206715,1.01276135890697
2014.64081050228,2014,8,7.39766666666667,36,28.2260281690141,68.6480304403071,0.755373482449656
2014.64355022831,2014,8,5.54133333333333,24,32.0714366197183,68.8998216011237,0.724032012322468
2014.64628995434,2014,8,5.33045833333333,2.4,33.2624788732394,69.1411656052312,0.654082241373615
2014.64902968037,2014,8,4.8315,2.4,28.212338028169,69.3591930190224,1.00650615149202
2014.65176940639,2014,8,7.46445833333333,220.8,27.4426478873239,69.6946950695197,0.970862959771367
2014.65450913242,2014,8,7.23425,38.4,36.6910985915493,70.0183160561102,0.44768691018821
2014.65724885845,2014,8,3.34716666666667,21.6,35.9183661971831,70.1675450261729,0
2014.65998858448,2014,8,-3.14541666666667,165.6,33.8176901408451,70.1675450261729,0
2014.6627283105,2014,8,-0.656083333333333,31.2,31.2880563380282,70.1675450261729,0.196986346746343
2014.66546803653,2014,8,1.47504166666667,2.4,29.8597183098592,70.233207141755,0
2014.66820776256,2014,9,-0.789583333333333,24,28.0754366197183,70.233207141755,0
2014.67094748858,2014,9,-3.12170833333333,81.6,25.7192112676056,70.233207141755,0
2014.67368721461,2014,9,-3.133875,0,3.68264788732394,70.233207141755,0
2014.67642694064,2014,9,-6.406,9.6,0,70.233207141755,0
2014.67916666667,2014,9,-8.964625,43.2,0,70.233207141755,0
2014.68190639269,2014,9,-6.72883333333333,64.8,0,70.233207141755,0
2014.68464611872,2014,9,-1.92425,2.4,0,70.233207141755,0
2014.68738584475,2014,9,-1.35141666666667,0,0,70.233207141755,0.199569540466285
2014.69012557078,2014,9,1.49579166666667,0,0,70.2997303219104,0.425409397667039
2014.6928652968,2014,9,3.19320833333333,0,0,70.4415334544661,0.513084403736542
2014.69560502283,2014,9,3.859875,0,0,70.612561589045,0.719552009809505
2014.69834474886,2014,9,5.428875,0,0,70.8524122589815,0.97904892761683
2014.70108447489,2014,9,7.41629166666667,31.2,0,71.1787619015204,0.807899398510799
2014.70382420091,2014,9,6.1455,0,0,71.448061701024,1.32866828255928
2014.70656392694,2014,9,10.1573333333333,0,0,71.8909511285438,0.905230469245382
2014.70930365297,2014,9,6.95620833333334,0,0,72.1926946182922,0.517234712221864
2014.712043379,2014,9,3.98775,0,0,72.3651061890328,0.0295788853815537
2014.71478310502,2014,9,0.228333333333333,0,0,72.3749658174934,0.126625485219932
2014.71752283105,2014,9,0.977833333333333,0,0,72.4171743125667,0
2014.72026255708,2014,9,-2.37058333333333,0,0,72.4171743125667,0
2014.7230022831,2014,9,-6.88225,0,0,72.4171743125667,0
2014.72574200913,2014,9,-1.064125,0,0,72.4171743125667,0
2014.72848173516,2014,9,-5.25004166666667,0,0,72.4171743125667,0
2014.73122146119,2014,9,-3.33695833333333,0,0,72.4171743125667,0
2014.73396118721,2014,9,-4.38475,0,0,72.4171743125667,0
2014.73670091324,2014,9,-9.39541666666667,0,0,72.4171743125667,0
2014.73944063927,2014,9,-9.1095,0,0,72.4171743125667,0
2014.7421803653,2014,9,-0.432708333333333,0,0,72.4171743125667,0
2014.74492009132,2014,9,-3.76758333333333,0,0,72.4171743125667,0
2014.74765981735,2014,9,-3.3305,0,0,72.4171743125667,0
2014.75039954338,2014,10,-2.276625,0,0,72.4171743125667,0
2014.75313926941,2014,10,-7.83616666666666,0,0,72.4171743125667,0
2014.75587899543,2014,10,-9.96325,0,0,72.4171743125667,0
2014.75861872146,2014,10,-10.20875,0,0,72.4171743125667,0
2014.76135844749,2014,10,-10.185,0,0,72.4171743125667,0
2014.76409817352,2014,10,-11.03875,0,0,72.4171743125667,0
2014.76683789954,2014,10,-11.8016666666667,0,0,72.4171743125667,0
2014.76957762557,2014,10,-11.9979166666667,0,0,72.4171743125667,0
2014.7723173516,2014,10,-13.8695833333333,0,0,72.4171743125667,0
2014.77505707763,2014,10,-11.2204166666667,0,0,72.4171743125667,0
2014.77779680365,2014,10,-11.9670833333333,0,0,72.4171743125667,0
2014.78053652968,2014,10,-10.5829166666667,0,0,72.4171743125667,0
2014.78327625571,2014,10,-11.5420833333333,0,0,72.4171743125667,0
2014.78601598174,2014,10,-10.93875,0,0,72.4171743125667,0
2014.78875570776,2014,10,-10.872375,0,0,72.4171743125667,0
2014.79149543379,2014,10,-14.96625,0,0,72.4171743125667,0
2014.79423515982,2014,10,-19.725,0,0,72.4171743125667,0
2014.79697488584,2014,10,-15.96,0,0,72.4171743125667,0
2014.79971461187,2014,10,-15.2004166666667,0,0,72.4171743125667,0
2014.8024543379,2014,10,-12.8175,0,0,72.4171743125667,0
2014.80519406393,2014,10,-9.83833333333333,0,0,72.4171743125667,0
2014.80793378995,2014,10,-11.895,0,0,72.4171743125667,0
2014.81067351598,2014,10,-10.20625,0,0,72.4171743125667,0
2014.81341324201,2014,10,-14.3220833333333,0,0,72.4171743125667,0
2014.81615296804,2014,10,-8.43408333333334,0,0,72.4171743125667,0
2014.81889269406,2014,10,-6.95108333333333,0,0,72.4171743125667,0
2014.82163242009,2014,10,-5.85154166666667,0,0,72.4171743125667,0
2014.82437214612,2014,10,-10.2354166666667,0,0,72.4171743125667,0
2014.82711187215,2014,10,-12.5025,0,0,72.4171743125667,0
2014.82985159817,2014,10,-14.4329166666667,0,0,72.4171743125667,0
2014.8325913242,2014,10,-17.7808333333333,0,0,72.4171743125667,0
2014.83533105023,2014,11,-28.0604166666667,0,0,72.4171743125667,0
2014.83807077626,2014,11,-21.2016666666667,0,0,72.4171743125667,0
2014.84081050228,2014,11,-19.84125,0,0,72.4171743125667,0
2014.84355022831,2014,11,-27.0029166666667,0,0,72.4171743125667,0
2014.84628995434,2014,11,-23.5458333333333,0,0,72.4171743125667,0
2014.84902968036,2014,11,-10.8120833333333,0,0,72.4171743125667,0
2014.85176940639,2014,11,-10.0320833333333,0,0,72.4171743125667,0
2014.85450913242,2014,11,-8.28429166666667,0,0,72.4171743125667,0
2014.85724885845,2014,11,-2.51979166666667,0,0,72.4171743125667,0
2014.85998858447,2014,11,-1.935875,0,0,72.4171743125667,0.0479266272954533
2014.8627283105,2014,11,0.37025,0,0,72.4331498549985,0
2014.86546803653,2014,11,-1.32570833333333,0,0,72.4331498549985,0
2014.86820776256,2014,11,-5.30033333333333,0,0,72.4331498549985,0
2014.87094748858,2014,11,-4.55283333333333,0,0,72.4331498549985,0
2014.87368721461,2014,11,-10.4775,0,0,72.4331498549985,0
2014.87642694064,2014,11,-12.79625,0,0,72.4331498549985,0
2014.87916666667,2014,11,-9.344875,0,0,72.4331498549985,0
2014.88190639269,2014,11,-8.08958333333333,0,0,72.4331498549985,0
2014.88464611872,2014,11,-4.75308333333333,0,0,72.4331498549985,0
2014.88738584475,2014,11,-11.09875,0,0,72.4331498549985,0
2014.89012557078,2014,11,-14.60125,0,0,72.4331498549985,0
2014.8928652968,2014,11,-18.4404166666667,0,0,72.4331498549985,0
2014.89560502283,2014,11,-18.16625,0,0,72.4331498549985,0
2014.89834474886,2014,11,-17.4058333333333,0,0,72.4331498549985,0
2014.90108447489,2014,11,-23.4154166666667,0,0,72.4331498549985,0
2014.90382420091,2014,11,-22.9525,0,0,72.4331498549985,0
2014.90656392694,2014,11,-18.50375,0,0,72.4331498549985,0
2014.90930365297,2014,11,-12.7341666666667,0,0,72.4331498549985,0
2014.912043379,2014,11,-13.2375,0,0,72.4331498549985,0
2014.91478310502,2014,11,-12.12875,0,0,72.4331498549985,0
2014.91752283105,2014,12,-17.725,0,0,72.4331498549985,0
2014.92026255708,2014,12,-24.1079166666667,0,0,72.4331498549985,0
2014.92300228311,2014,12,-16.2033333333333,0,0,72.4331498549985,0
2014.92574200913,2014,12,-18.93375,0,0,72.4331498549985,0
2014.92848173516,2014,12,-29.4795833333333,0,0,72.4331498549985,0
2014.93122146119,2014,12,-34.665,0,0,72.4331498549985,0
2014.93396118721,2014,12,-34.3804166666667,0,0,72.4331498549985,0
2014.93670091324,2014,12,-36.1445833333333,0,0,72.4331498549985,0
2014.93944063927,2014,12,-38.4904166666667,0,0,72.4331498549985,0
2014.9421803653,2014,12,-32.03625,0,0,72.4331498549985,0
2014.94492009132,2014,12,-30.9654166666667,0,0,72.4331498549985,0
2014.94765981735,2014,12,-28.4141666666667,0,0,72.4331498549985,0
2014.95039954338,2014,12,-22.5941666666667,0,0,72.4331498549985,0
2014.95313926941,2014,12,-23.6129166666667,0,0,72.4331498549985,0
2014.95587899543,2014,12,-25.4816666666667,0,0,72.4331498549985,0
2014.95861872146,2014,12,-25.7229166666667,0,0,72.4331498549985,0
2014.96135844749,2014,12,-21.05875,0,0,72.4331498549985,0
2014.96409817352,2014,12,-12.17875,0,0,72.4331498549985,0
2014.96683789954,2014,12,-26.5654166666667,0,0,72.4331498549985,0
2014.96957762557,2014,12,-32.375,0,0,72.4331498549985,0
2014.9723173516,2014,12,-22.6458333333333,0,0,72.4331498549985,0
2014.97505707763,2014,12,-21.7433333333333,0,0,72.4331498549985,0
2014.97779680365,2014,12,-22.0575,0,0,72.4331498549985,0
2014.98053652968,2014,12,-22.3620833333333,0,0,72.4331498549985,0
2014.98327625571,2014,12,-21.6725,0,0,72.4331498549985,0
2014.98601598173,2014,12,-26.0920833333333,0,0,72.4331498549985,0
2014.98875570776,2014,12,-22.1495416666667,0,0,72.4331498549985,0
2014.99149543379,2014,12,-6.325,0,0,72.4331498549985,0
2014.99423515982,2014,12,-11.0211666666667,0,0,72.4331498549985,0
2014.99697488584,2014,12,-3.67241666666667,0,0,72.4331498549985,0
2014.99971461187,2014,7,-4.86441666666667,0,0,72.4331498549985,-217.299449564995
2015.0024543379,2015,1,-17.3179583333333,0,0,0,0
2015.00519406393,2015,1,-18.9075,0,0,0,0
2015.00793378995,2015,1,-16.56625,0,0,0,0
2015.01067351598,2015,1,-21.7975,0,0,0,0
2015.01341324201,2015,1,-18.9495833333333,0,0,0,0
2015.01615296804,2015,1,-20.18625,0,0,0,0
2015.01889269406,2015,1,-14.8954166666667,0,0,0,0
2015.02163242009,2015,1,-8.66591666666667,0,0,0,0
2015.02437214612,2015,1,-4.53904166666667,0,0,0,0
2015.02711187215,2015,1,-17.975,0,0,0,0
2015.02985159817,2015,1,-9.6135,0,0,0,0
2015.0325913242,2015,1,-19.6733333333333,0,0,0,0
2015.03533105023,2015,1,-26.7466666666667,0,0,0,0
2015.03807077626,2015,1,-15.1558333333333,0,0,0,0
2015.04081050228,2015,1,-25.7520833333333,0,0,0,0
2015.04355022831,2015,1,-20.075,0,0,0,0
2015.04628995434,2015,1,-11.747,0,0,0,0
2015.04902968037,2015,1,-13.287875,0,0,0,0
2015.05176940639,2015,1,-19.2383333333333,0,0,0,0
2015.05450913242,2015,1,-17.1825,0,0,0,0
2015.05724885845,2015,1,-27.8408333333333,0,0,0,0
2015.05998858447,2015,1,-30.0666666666667,0,0,0,0
2015.0627283105,2015,1,-31.0429166666667,0,0,0,0
2015.06546803653,2015,1,-36.7133333333333,0,0,0,0
2015.06820776256,2015,1,-31.255,0,0,0,0
2015.07094748858,2015,1,-26.8879166666667,0,0,0,0
2015.07368721461,2015,1,-24.5766666666667,0,0,0,0
2015.07642694064,2015,1,-30.0870833333333,0,0,0,0
2015.07916666667,2015,1,-25.74875,0,0,0,0
2015.08190639269,2015,1,-9.28458333333333,0,0,0,0
2015.08464611872,2015,1,-15.1695833333333,0,0,0,0
2015.08738584475,2015,2,-12.6235,0,0,0,0
2015.09012557078,2015,2,-14.0079166666667,0,0,0,0
2015.0928652968,2015,2,-25.22875,0,0,0,0
2015.09560502283,2015,2,-34.68125,0,0,0,0
2015.09834474886,2015,2,-25.55,0,0,0,0
2015.10108447489,2015,2,-34.0525,0,0,0,0
2015.10382420091,2015,2,-30.2366666666667,0,0,0,0
2015.10656392694,2015,2,-34.1391666666667,0,0,0,0
2015.10930365297,2015,2,-32.1125,0,0,0,0
2015.11204337899,2015,2,-31.1016666666667,0,0,0,0
2015.11478310502,2015,2,-30.5504166666667,0,0,0,0
2015.11752283105,2015,2,-24.8983333333333,0,0,0,0
2015.12026255708,2015,2,-24.9020833333333,0,0,0,0
2015.1230022831,2015,2,-26.4666666666667,0,0,0,0
2015.12574200913,2015,2,-17.75,0,0,0,0
2015.12848173516,2015,2,-6.85154166666667,0,0,0,0
2015.13122146119,2015,2,-5.06466666666667,0,0,0,0
2015.13396118722,2015,2,-5.74408333333333,0,0,0,0
2015.13670091324,2015,2,-12.4311666666667,0,0,0,0
2015.13944063927,2015,2,-10.5438333333333,0,0,0,0
2015.1421803653,2015,2,-7.29533333333333,0,0,0,0
2015.14492009132,2015,2,-6.30466666666667,0,0,0,0
2015.14765981735,2015,2,-2.9985,0,0,0,0
2015.15039954338,2015,2,-11.7223333333333,0,0,0,0
2015.15313926941,2015,2,-10.24,0,0,0,0
2015.15587899543,2015,2,-5.69570833333333,0,0,0,0
2015.15861872146,2015,2,-8.180375,0,0,0,0
2015.16135844749,2015,2,-13.632125,0,0,0,0
2015.16409817352,2015,3,-22.4754166666667,0,0,0,0
2015.16683789954,2015,3,-11.18,0,0,0,0
2015.16957762557,2015,3,-7.10679166666667,0,0,0,0
2015.1723173516,2015,3,-17.0404166666667,0,0,0,0
2015.17505707763,2015,3,-12.8533333333333,0,0,0,0
2015.17779680365,2015,3,-11.6525,0,0,0,0
2015.18053652968,2015,3,-10.0808333333333,0,0,0,0
2015.18327625571,2015,3,-19.78125,0,0,0,0
2015.18601598174,2015,3,-25.5758333333333,0,0,0,0
2015.18875570776,2015,3,-28.29375,0,0,0,0
2015.19149543379,2015,3,-29.9229166666667,0,0,0,0
2015.19423515982,2015,3,-32.7754166666667,0,0,0,0
2015.19697488584,2015,3,-33.6920833333333,0,0,0,0
2015.19971461187,2015,3,-32.17375,0,0,0,0
2015.2024543379,2015,3,-29.0517391304348,0,0,0,0
2015.20519406393,2015,3,NaN,0,0,0,0
2015.20793378995,2015,3,NaN,0,0,0,0
2015.21067351598,2015,3,NaN,0,0,0,0
2015.21341324201,2015,3,NaN,0,0,0,0
2015.21615296804,2015,3,NaN,0,0,0,0
2015.21889269406,2015,3,NaN,0,0,0,0
2015.22163242009,2015,3,NaN,0,0,0,0
2015.22437214612,2015,3,NaN,0,0,0,0
2015.22711187215,2015,3,NaN,0,0,0,0
2015.22985159817,2015,3,NaN,0,0,0,0
2015.2325913242,2015,3,NaN,0,0,0,0
2015.23533105023,2015,3,NaN,0,0,0,0
2015.23807077625,2015,3,NaN,0,0,0,0
2015.24081050228,2015,3,NaN,0,0,0,0
2015.24355022831,2015,3,NaN,0,0,0,0
2015.24628995434,2015,3,NaN,0,0,0,0
2015.24902968036,2015,4,NaN,0,0,0,0
2015.25176940639,2015,4,NaN,0,0,0,0
2015.25450913242,2015,4,NaN,0,0,0,0
2015.25724885845,2015,4,NaN,0,0,0,0
2015.25998858448,2015,4,NaN,0,0,0,0
2015.2627283105,2015,4,NaN,0,0,0,0
2015.26546803653,2015,4,NaN,0,0,0,0
2015.26820776256,2015,4,NaN,0,0,0,0
2015.27094748859,2015,4,NaN,0,0,0,0
2015.27368721461,2015,4,NaN,0,0,0,0
2015.27642694064,2015,4,NaN,0,0,0,0
2015.27916666667,2015,4,NaN,0,0,0,0
2015.28190639269,2015,4,NaN,0,0,0,0
2015.28464611872,2015,4,NaN,0,0,0,0
2015.28738584475,2015,4,NaN,0,0,0,0
2015.29012557078,2015,4,NaN,0,0,0,0
2015.2928652968,2015,4,NaN,0,0,0,0
2015.29560502283,2015,4,NaN,0,0,0,0
2015.29834474886,2015,4,NaN,0,0,0,0
2015.30108447489,2015,4,NaN,0,0,0,0
2015.30382420091,2015,4,NaN,0,0,0,0
2015.30656392694,2015,4,NaN,0,0,0,0
2015.30930365297,2015,4,NaN,0,0,0,0
2015.312043379,2015,4,NaN,0,0,0,0
2015.31478310502,2015,4,NaN,0,0,0,0
2015.31752283105,2015,4,NaN,0,0,0,0
2015.32026255708,2015,4,NaN,0,0,0,0
2015.32300228311,2015,4,NaN,0,0,0,0
2015.32574200913,2015,4,NaN,0,0,0,0
2015.32848173516,2015,4,NaN,0,0,0,0
2015.33122146119,2015,5,NaN,0,0,0,0
2015.33396118721,2015,5,NaN,0,0,0,0
2015.33670091324,2015,5,NaN,0,0,0,0
2015.33944063927,2015,5,NaN,0,0,0,0
2015.3421803653,2015,5,NaN,0,0,0,0
2015.34492009132,2015,5,NaN,0,0,0,0
2015.34765981735,2015,5,NaN,0,0,0,12.4982498774828
2015.35039954338,2015,5,2.777,0,0,4.16608329249428,1.75980705535341
2015.35313926941,2015,5,0.837083333333334,0,0,4.75268564427875,4.09032940629449
2015.35587899543,2015,5,2.37104166666667,0,0,6.11612877971025,2.73548634830502
2015.35861872146,2015,5,1.917625,0,0,7.02795756247859,2.06722744841091
2015.36135844749,2015,5,1.62566666666667,0,0.0136901408450704,7.71703337861556,3.07737318037972
2015.36409817352,2015,5,2.7015,0,14.3168450704225,8.74282443874213,4.76980032522015
2015.36683789954,2015,5,4.852625,0,39.0153802816901,10.3327578804822,3.78689291701627
2015.36957762557,2015,5,4.42870833333333,0,120.388056338028,11.5950555194876,4.16353768827689
2015.3723173516,2015,5,5.45766666666667,0,339.600676056338,12.9829014155799,4.44677902917277
2015.37505707763,2015,5,6.509625,0,447.036338028169,14.4651610919708,5.47369796339212
2015.37779680365,2015,5,8.97829166666667,0,495.995323943662,16.2897270797682,4.71425982460992
2015.38053652968,2015,5,8.58645833333333,0,420.075887323944,17.8611470213048,5.81139772701075
2015.38327625571,2015,5,11.6722083333333,0,147.979774647887,19.7982795969751,4.80522692165792
2015.38601598174,2015,5,10.55825,0,101.16861971831,21.4000219041944,3.29128790030563
2015.38875570776,2015,5,7.7055,0,77.8695211267605,22.4971178709629,6.01733528679161
2015.39149543379,2015,5,15.0834583333333,0,52.7891830985916,24.5028962998935,4.42558328688715
2015.39423515982,2015,5,11.9150833333333,0,35.7875492957746,25.9780907288559,2.05467236203864
2015.39697488585,2015,5,5.76854166666667,220.8,30.9001690140845,26.6629815162021,2.37277194485937
2015.39971461187,2015,5,6.848375,0,32.7163943661972,27.4539054978219,3.8557909731157
2015.4024543379,2015,5,11.5556666666667,38.4,32.3421971830986,28.7391691555271,2.75870072976748
2015.40519406393,2015,5,8.592125,770.4,94.8605070422535,29.6587360654496,0
2015.40793378995,2015,5,-0.570833333333333,38.4,170.776901408451,29.6587360654496,0.858953349673961
2015.41067351598,2015,5,2.7305,2.4,82.1971267605634,29.9450538486742,0
2015.41341324201,2015,5,-3.9895,12,42.5793802816901,29.9450538486742,0
2015.41615296804,2015,6,-1.70325,24,25.7572394366197,29.9450538486742,0
2015.41889269406,2015,6,-3.72533333333333,62.4,22.9461971830986,29.9450538486742,0
2015.42163242009,2015,6,-2.52595833333333,2.4,18.6900845070423,29.9450538486742,0
2015.42437214612,2015,6,-2.23908333333333,12,15.3162253521127,29.9450538486742,1.10227402096476
2015.42711187215,2015,6,3.54241666666667,160.8,21.2638309859155,30.3124785223292,1.87300632938537
2015.42985159817,2015,6,6.11841666666667,0,83.3090704225352,30.9368139654576,2.57505474095667
2015.4325913242,2015,6,8.615375,12,70.381014084507,31.7951655457765,2.4668953875975
2015.43533105023,2015,6,8.474625,12,41.9085633802817,32.617464008309,2.40086150706566
2015.43807077626,2015,6,8.45554166666667,0,27.9096338028169,33.4177511773309,0.84889546222999
2015.44081050228,2015,6,3.03875,12,22.2206197183099,33.7007163314076,0.0969354260427266
2015.44355022831,2015,6,0.348625,168,20.6781971830986,33.7330281400885,1.76276379304127
2015.44628995434,2015,6,6.398,0,24.0763943661972,34.3206160711022,3.11710602008498
2015.44902968037,2015,6,11.5840416666667,0,27.2905352112676,35.3596514111305,3.77539536187928
2015.45176940639,2015,6,14.4930416666667,2.4,22.8701408450704,36.618116531757,2.59481600301176
2015.45450913242,2015,6,10.254875,57.6,23.9562253521127,37.4830551994276,2.83694926925027
2015.45724885845,2015,6,11.48575,0,24.5935774647887,38.4287049558443,3.419610431418
2015.45998858447,2015,6,14.2250833333333,0,22.6054647887324,39.5685750996503,2.62140867156696
2015.4627283105,2015,6,11.1862083333333,0,20.9930704225352,40.4423779901726,3.36670985306467
2015.46546803653,2015,6,14.725,0,18.6185915492958,41.5646146078609,3.9377157759185
2015.46820776256,2015,6,17.73375,0,17.1415774647887,42.877186533167,4.28976346418197
2015.47094748858,2015,6,19.9466666666667,0,15.2842816901408,44.3071076878944,3.29614725033359
2015.47368721461,2015,6,15.7710416666667,0,14.6788732394366,45.4058234380055,3.54182331703318
2015.47642694064,2015,6,17.3770833333333,0,12.8945915492958,46.5864312103499,3.07081742750815
2015.47916666667,2015,6,15.4272083333333,0,11.5544788732394,47.6100370195193,2.87824491322561
2015.48190639269,2015,6,14.7641666666667,0,10.549014084507,48.5694519905945,2.32659292120586
2015.48464611872,2015,6,12.1497083333333,0,9.69566197183099,49.3449829643298,1.49262747254254
2015.48738584475,2015,6,7.896,0,9.12523943661972,49.8425254551773,2.38279760132388
2015.49012557078,2015,6,12.7691666666667,0,8.34185915492958,50.6367913222853,2.7357568649564
2015.4928652968,2015,6,14.9095833333333,0,7.71667605633803,51.5487102772708,2.45472501006405
2015.49560502283,2015,6,13.6045,0,7.40788732394366,52.3669519472921,2.12150488754511
2015.49834474886,2015,7,11.9303333333333,189.6,7.76230985915493,53.0741202431405,2.10974772624217
2015.50108447489,2015,7,12.0229166666667,139.2,9.90405633802817,53.7773694852212,1.68675787964742
2015.50382420091,2015,7,9.72625,0,13.9532957746479,54.3396221117703,2.18783657803935
2015.50656392694,2015,7,12.7662916666667,0,11.1270422535211,55.0689009711168,2.91875247636747
2015.50930365297,2015,7,17.29625,0,9.01571830985915,56.0418184632393,3.34745154458477
2015.512043379,2015,7,20.2095833333333,0,7.8672676056338,57.1576356447675,2.04725579902358
2015.51478310502,2015,7,12.55625,0,7.35160563380282,57.8400542444421,1.03014564867009
2015.51752283105,2015,7,6.37445833333333,0,7.66039436619718,58.1834361273321,1.16687160832226
2015.52026255708,2015,7,7.26608333333333,0,7.50980281690141,58.5723933301062,1.15217062617465
2015.52300228311,2015,7,7.22204166666667,0,7.05194366197183,58.9564502054977,2.11969845495141
2015.52574200913,2015,7,13.41,0,6.51194366197183,59.6630163571482,1.52781233847872
2015.52848173516,2015,7,9.76457894736842,0,6.47391549295775,60.1722871366411,1.90602401920662
2015.53122146119,2015,7,12.2981666666667,0,6.17729577464789,60.8076284763766,1.65527749572509
2015.53396118721,2015,7,10.7850833333333,0,6.32788732394366,61.3593876416183,2.0040007241349
2015.53670091324,2015,7,13.1875833333333,0,6.48912676056338,62.0273878829966,2.25328691937617
2015.53944063927,2015,7,14.9985833333333,2.4,6.26704225352113,62.7784835227887,1.66969468312302
2015.5421803653,2015,7,11.2304583333333,93.6,6.44957746478873,63.335048417163,1.65296034488129
2015.54492009132,2015,7,11.2155416666667,57.6,6.16056338028169,63.8860351987901,1.0488563712489
2015.54765981735,2015,7,7.167,117.6,6.40394366197183,64.2356539892064,1.0073808887874
2015.55039954338,2015,7,6.92041666666667,33.6,8.92597183098592,64.5714476188022,1.91513329887385
2015.55313926941,2015,7,13.2559166666667,0,11.507323943662,65.2098253850935,1.79083942366252
2015.55587899543,2015,7,12.5135833333333,0,9.88276056338028,65.8067718596477,1.23574650648503
2015.55861872146,2015,7,8.70133333333333,2.4,8.65369014084507,66.2186873618094,0.974932823402327
2015.56135844749,2015,7,6.90316666666667,0,7.94332394366197,66.5436649696101,1.09114217572103
2015.56409817352,2015,7,7.76608333333334,0,7.53414084507042,66.9073790281838,1.00794380211124
2015.56683789954,2015,7,7.21154166666667,0,7.2192676056338,67.2433602955542,0.797115751935635
2015.56957762557,2015,7,5.72870833333333,0,6.9743661971831,67.5090655461995,0.768726994389127
2015.5723173516,2015,7,5.54608333333333,14.4,6.8161690140845,67.7653078776625,0.581348128210735
2015.57505707763,2015,7,4.20816666666667,24,6.76445070422535,67.9590905870661,1.34274676352922
2015.57779680365,2015,7,9.76558333333333,0,6.61233802816902,68.4066728415758,1.455439780775
2015.58053652968,2015,7,10.6575833333333,55.2,6.56822535211267,68.8918194351675,1.13588696236181
2015.58327625571,2015,8,8.36995833333333,28.8,6.82985915492958,69.2704484226214,1.80748790806842
2015.58601598173,2015,8,13.4133333333333,4.8,6.87853521126761,69.8729443919776,1.64258420083178
2015.58875570776,2015,8,12.2903333333333,21.6,7.55391549295775,70.4204724589215,0.846324784005077
2015.59149543379,2015,8,6.36991666666666,16.8,7.95853521126761,70.7025807202565,0.164285708635532
2015.59423515982,2015,8,1.23945833333333,62.4,8.85295774647887,70.757342623135,1.19675037354895
2015.59697488584,2015,8,9.057875,0,10.2752112676056,71.156259414318,1.65789534911706
2015.59971461187,2015,8,12.6322916666667,0,9.91166197183098,71.708891197357,0.868095738784447
2015.6024543379,2015,8,6.65341666666667,2.4,9.32907042253521,71.9982564436185,0.833427499698516
2015.60519406393,2015,8,6.41291666666667,55.2,9.15718309859155,72.2760656101847,0
2015.60793378995,2015,8,-0.276208333333333,177.6,10.1672112676056,72.2760656101847,0.0825507352120098
2015.61067351598,2015,8,0.636541666666667,84,12.1233802816901,72.303582521922,1.02621057130507
2015.61341324201,2015,8,7.93325,12,13.0847323943662,72.645652712357,1.08261448325312
2015.61615296804,2015,8,8.409875,26.4,13.9259154929577,73.0065242067747,0.819215408630058
2015.61889269406,2015,8,6.39145833333333,28.8,17.8184788732394,73.2795960096514,0.88228468679138
2015.62163242009,2015,8,6.91020833333333,4.8,19.2392112676056,73.5736909052486,0.581251048126006
2015.62437214612,2015,8,4.56758333333333,48,17.9812394366197,73.7674412546239,0.461174071185667
2015.62711187215,2015,8,3.63254166666667,48,18.6094647887324,73.9211659450191,0.186707173384804
2015.62985159817,2015,8,1.47279166666667,19.2,20.2036056338028,73.9834016694807,0.121309521876427
2015.6325913242,2015,8,0.957583333333334,172.8,22.9857464788732,74.0238381767729,0.24021179004329
2015.63533105023,2015,8,1.89770833333333,79.2,31.1678873239437,74.103908773454,0.857465179135886
2015.63807077626,2015,8,6.79083333333333,0,35.856,74.3897304998326,0.792024597820088
2015.64081050228,2015,8,6.29579166666667,139.2,32.100338028169,74.6537386991059,0.38871405542254
2015.64355022831,2015,8,3.09804166666667,28.8,46.6590422535211,74.7833100509135,1.01820043483735
2015.64628995434,2015,8,8.1405,4.8,45.1303098591549,75.1227101958592,1.26898072043267
2015.64902968037,2015,8,10.1970833333333,175.2,43.2699718309859,75.5457037693368,0.515388891832188
2015.65176940639,2015,8,4.15783333333333,256.8,84.5731267605634,75.7175000666142,0
2015.65450913242,2015,8,-1.349875,103.2,106.480394366197,75.7175000666142,0
2015.65724885845,2015,8,-0.1765,84,73.3304788732394,75.7175000666142,0
2015.65998858448,2015,8,-0.477625,19.2,50.5135774647887,75.7175000666142,0
2015.6627283105,2015,8,-1.951,146.4,40.8635492957746,75.7175000666142,0
2015.66546803653,2015,8,-2.49679166666667,0,33.406985915493,75.7175000666142,0
2015.66820776256,2015,9,-3.280625,100.8,28.0374084507042,75.7175000666142,0.126169066081886
2015.67094748858,2015,9,1.01929166666667,0,25.4058591549296,75.7595564219748,0.354855567939765
2015.67368721461,2015,9,2.86983333333333,0,24.9814647887324,75.8778416112881,0.285575198448697
2015.67642694064,2015,9,2.31279166666667,0,26.1466478873239,75.9730333441043,0.482370594606365
2015.67916666667,2015,9,3.91316666666667,0,26.7885633802817,76.1338235423064,0.499242504428295
2015.68190639269,2015,9,4.05875,0,28.2686197183099,76.3002377104492,0.0325530802046927
2015.68464611872,2015,9,0.264958333333333,24,29.4642253521127,76.3110887371841,0
2015.68738584475,2015,9,-1.55191666666667,64.8,28.6306478873239,76.3110887371841,0
2015.69012557078,2015,9,-4.45183333333333,24,25.6644507042254,76.3110887371841,0
2015.6928652968,2015,9,-4.42616666666667,31.2,22.4594366197183,76.3110887371841,0
2015.69560502283,2015,9,-0.00266666666666668,98.4,19.9906478873239,76.3110887371841,0
2015.69834474886,2015,9,-1.89658333333333,57.6,18.4832112676056,76.3110887371841,0
2015.70108447489,2015,9,-1.33975,2.4,17.3575774647887,76.3110887371841,0
2015.70382420091,2015,9,-3.75816666666667,2.4,16.2136901408451,76.3110887371841,0
2015.70656392694,2015,9,-4.44604166666667,2.4,14.8188169014085,76.3110887371841,0
2015.70930365297,2015,9,-6.04679166666667,21.6,13.6870985915493,76.3110887371841,0
2015.712043379,2015,9,-5.78433333333333,0,12.9143661971831,76.3110887371841,0
2015.71478310502,2015,9,-8.115375,0,12.0534084507042,76.3110887371841,0
2015.71752283105,2015,9,-9.37779166666667,0,11.6031549295775,76.3110887371841,0
2015.72026255708,2015,9,-9.84375,0,10.7543661971831,76.3110887371841,0
2015.7230022831,2015,9,-10.498,0,10.8167323943662,76.3110887371841,0
2015.72574200913,2015,9,-13.1770833333333,0,0.352901408450704,76.3110887371841,0
2015.72848173516,2015,9,-8.61504166666667,0,0,76.3110887371841,0
2015.73122146119,2015,9,-4.98716666666667,0,0,76.3110887371841,0
2015.73396118721,2015,9,-4.24795833333333,0,0,76.3110887371841,0
2015.73670091324,2015,9,-8.434,0,0,76.3110887371841,0
2015.73944063927,2015,9,-4.78383333333333,0,0,76.3110887371841,0
2015.7421803653,2015,9,-8.39645833333333,0,0,76.3110887371841,0
2015.74492009132,2015,9,-7.27158333333334,0,0,76.3110887371841,0
2015.74765981735,2015,9,-7.05629166666667,0,0,76.3110887371841,0
2015.75039954338,2015,10,-6.52220833333333,0,0,76.3110887371841,0.0565767745275139
2015.75313926941,2015,10,0.460583333333333,0,0,76.3299476620266,0.181929524824085
2015.75587899543,2015,10,1.48183333333333,0,0,76.390590836968,0.0611700187192099
2015.75861872146,2015,10,0.4985,0,0,76.4109808432077,0
2015.76135844749,2015,10,-1.33608333333333,0,0,76.4109808432077,0
2015.76409817352,2015,10,-7.37979166666667,0,0,76.4109808432077,0
2015.76683789954,2015,10,-12.6765833333333,0,0,76.4109808432077,0
2015.76957762557,2015,10,-16.8191666666667,0,0,76.4109808432077,0
2015.7723173516,2015,10,-15.3620833333333,0,0,76.4109808432077,0
2015.77505707763,2015,10,-6.26495833333333,0,0,76.4109808432077,0
2015.77779680365,2015,10,-8.410625,0,0,76.4109808432077,0
2015.78053652968,2015,10,-10.5545833333333,0,0,76.4109808432077,0
2015.78327625571,2015,10,-5.65454166666667,0,0,76.4109808432077,0
2015.78601598174,2015,10,-10.2266666666667,0,0,76.4109808432077,0
2015.78875570776,2015,10,-16.4575,0,0,76.4109808432077,0
2015.79149543379,2015,10,-15.7195833333333,0,0,76.4109808432077,0
2015.79423515982,2015,10,-14.1166666666667,0,0,76.4109808432077,0
2015.79697488584,2015,10,-8.61325,0,0,76.4109808432077,0
2015.79971461187,2015,10,-10.1483333333333,0,0,76.4109808432077,0
2015.8024543379,2015,10,-10.3395833333333,0,0,76.4109808432077,0
2015.80519406393,2015,10,-14.62625,0,0,76.4109808432077,0
2015.80793378995,2015,10,-14.0058333333333,0,0,76.4109808432077,0
2015.81067351598,2015,10,-11.653625,0,0,76.4109808432077,0
2015.81341324201,2015,10,-7.961,0,0,76.4109808432077,0
2015.81615296804,2015,10,-3.86895833333333,0,0,76.4109808432077,0
2015.81889269406,2015,10,-9.65033333333333,0,0,76.4109808432077,0
2015.82163242009,2015,10,-13.9891666666667,0,0,76.4109808432077,0
2015.82437214612,2015,10,-18.99375,0,0,76.4109808432077,0
2015.82711187215,2015,10,-15.1254166666667,0,0,76.4109808432077,0
2015.82985159817,2015,10,-23.37625,0,0,76.4109808432077,0
2015.8325913242,2015,10,-20.80375,0,0,76.4109808432077,0
2015.83533105023,2015,11,-6.19491666666667,0,0,76.4109808432077,0
2015.83807077626,2015,11,-4.61266666666667,0,0,76.4109808432077,0
2015.84081050228,2015,11,-5.218625,0,0,76.4109808432077,0
2015.84355022831,2015,11,-5.56666666666667,0,0,76.4109808432077,0
2015.84628995434,2015,11,-7.79083333333333,0,0,76.4109808432077,0
2015.84902968036,2015,11,-13.5916666666667,0,0,76.4109808432077,0
2015.85176940639,2015,11,-10.0240833333333,0,0,76.4109808432077,0
2015.85450913242,2015,11,-8.634,0,0,76.4109808432077,0
2015.85724885845,2015,11,-9.27166666666667,0,0,76.4109808432077,0
2015.85998858447,2015,11,-10.9479166666667,0,0,76.4109808432077,0
2015.8627283105,2015,11,-13.6991666666667,0,0,76.4109808432077,0
2015.86546803653,2015,11,-20.32125,0,0,76.4109808432077,0
2015.86820776256,2015,11,-31.52125,0,0,76.4109808432077,0
2015.87094748858,2015,11,-32.8691666666667,0,0,76.4109808432077,0
2015.87368721461,2015,11,-34.7725,0,0,76.4109808432077,0
2015.87642694064,2015,11,-33.4920833333333,0,0,76.4109808432077,0
2015.87916666667,2015,11,-29.1883333333333,0,0,76.4109808432077,0
2015.88190639269,2015,11,-29.6320833333333,0,0,76.4109808432077,0
2015.88464611872,2015,11,-13.4941666666667,0,0,76.4109808432077,0
2015.88738584475,2015,11,-20.5745833333333,0,0,76.4109808432077,0
2015.89012557078,2015,11,-21.4795833333333,0,0,76.4109808432077,0
2015.8928652968,2015,11,-22.2475,0,0,76.4109808432077,0
2015.89560502283,2015,11,-13.8190833333333,0,0,76.4109808432077,0
2015.89834474886,2015,11,-5.77529166666667,0,0,76.4109808432077,0
2015.90108447489,2015,11,-9.511375,0,0,76.4109808432077,0
2015.90382420091,2015,11,-14.3841666666667,0,0,76.4109808432077,0
2015.90656392694,2015,11,-14.9275,0,0,76.4109808432077,0
2015.90930365297,2015,11,-14.6483333333333,0,0,76.4109808432077,0
2015.912043379,2015,11,-14.5425,0,0,76.4109808432077,0
2015.91478310502,2015,11,-19.8845833333333,0,0,76.4109808432077,0
2015.91752283105,2015,12,-25.83625,0,0,76.4109808432077,0
2015.92026255708,2015,12,-33.81375,0,0,76.4109808432077,0
2015.92300228311,2015,12,-39.1420833333333,0,0,76.4109808432077,0
2015.92574200913,2015,12,-35.4279166666667,0,0,76.4109808432077,0
2015.92848173516,2015,12,-28.23125,0,0,76.4109808432077,0
2015.93122146119,2015,12,-26.8720833333333,0,0,76.4109808432077,0
2015.93396118721,2015,12,-30.2895833333333,0,0,76.4109808432077,0
2015.93670091324,2015,12,-27.1991666666667,0,0,76.4109808432077,0
2015.93944063927,2015,12,-34.7520833333333,0,0,76.4109808432077,0
2015.9421803653,2015,12,-33.9691666666667,0,0,76.4109808432077,0
2015.94492009132,2015,12,-25.175,0,0,76.4109808432077,0
2015.94765981735,2015,12,-32.9841666666667,0,0,76.4109808432077,0
2015.95039954338,2015,12,-20.63875,0,0,76.4109808432077,0
2015.95313926941,2015,12,-15.4004166666667,0,0,76.4109808432077,0
2015.95587899543,2015,12,-16.4066666666667,0,0,76.4109808432077,0
2015.95861872146,2015,12,-17.7795833333333,0,0,76.4109808432077,0
2015.96135844749,2015,12,-18.685,0,0,76.4109808432077,0
2015.96409817352,2015,12,-19.935,0,0,76.4109808432077,0
2015.96683789954,2015,12,-25.0533333333333,0,0,76.4109808432077,0
2015.96957762557,2015,12,-24.9175,0,0,76.4109808432077,0
2015.9723173516,2015,12,-30.44625,0,0,76.4109808432077,0
2015.97505707763,2015,12,-35.5641666666667,0,0,76.4109808432077,0
2015.97779680365,2015,12,-30.2166666666667,0,0,76.4109808432077,0
2015.98053652968,2015,12,-30.8025,0,0,76.4109808432077,0
2015.98327625571,2015,12,-24.6208333333333,0,0,76.4109808432077,0
2015.98601598173,2015,12,-17.6016666666667,0,0,76.4109808432077,0
2015.98875570776,2015,12,-20.0241666666667,0,0,76.4109808432077,0
2015.99149543379,2015,12,-23.15875,0,0,76.4109808432077,0
2015.99423515982,2015,12,-3.478375,0,0,76.4109808432077,0
2015.99697488584,2015,12,-6.54325,0,0,76.4109808432077,0
2015.99971402706,2015,7,-4.59858333333333,0,0,76.4109808432077,-229.232942529623
2016.00244763206,2016,1,-7.90775,0,0,0,0
2016.0051798725,2016,1,-3.62195833333333,0,0,0,0
2016.00791211293,2016,1,-5.203125,0,0,0,0
2016.01064435337,2016,1,-3.81470833333333,0,0,0,0
2016.01337659381,2016,1,-3.10195833333333,0,0,0,0
2016.01610883424,2016,1,-8.74808333333333,0,0,0,0
2016.01884107468,2016,1,-19.8920833333333,0,0,0,0
2016.02157331512,2016,1,-22.6229166666667,0,0,0,0
2016.02430555556,2016,1,-23.2545833333333,0,0,0,0
2016.02703779599,2016,1,-20.54875,0,0,0,0
2016.02977003643,2016,1,-29.6841666666667,0,0,0,0
2016.03250227687,2016,1,-28.11125,0,0,0,0
2016.0352345173,2016,1,-17.80625,0,0,0,0
2016.03796675774,2016,1,-12.5783333333333,0,0,0,0
2016.04069899818,2016,1,-19.2508333333333,0,0,0,0
2016.04343123862,2016,1,-31.4983333333333,0,0,0,0
2016.04616347905,2016,1,-35.3616666666667,0,0,0,0
2016.04889571949,2016,1,-38.92375,0,0,0,0
2016.05162795993,2016,1,-37.2445833333333,0,0,0,0
2016.05436020036,2016,1,-37.8925,0,0,0,0
2016.0570924408,2016,1,-36.9808333333333,0,0,0,0
2016.05982468124,2016,1,-37.2966666666667,0,0,0,0
2016.06255692168,2016,1,-21.0939583333333,0,0,0,0
2016.06528916211,2016,1,-10.6389166666667,0,0,0,0
2016.06802140255,2016,1,-8.43816666666667,0,0,0,0
2016.07075364299,2016,1,-6.271,0,0,0,0
2016.07348588342,2016,1,-12.945,0,0,0,0
2016.07621812386,2016,1,-14.0179166666667,0,0,0,0
2016.0789503643,2016,1,-7.37345833333333,0,0,0,0
2016.08168260474,2016,1,-11.6114583333333,0,0,0,0
2016.08441484517,2016,1,-11.88625,0,0,0,0
2016.08714708561,2016,2,-19.59375,0,0,0,0
2016.08987932605,2016,2,-20.0979166666667,0,0,0,0
2016.09261156648,2016,2,-16.45,0,0,0,0
2016.09534380692,2016,2,-19.625,0,0,0,0
2016.09807604736,2016,2,-35.8870833333333,0,0,0,0
2016.1008082878,2016,2,-20.6641666666667,0,0,0,0
2016.10354052823,2016,2,-16.41125,0,0,0,0
2016.10627276867,2016,2,-14.9595833333333,0,0,0,0
2016.10900500911,2016,2,-15.6070833333333,0,0,0,0
2016.11173724954,2016,2,-24.70125,0,0,0,0
2016.11446948998,2016,2,-22.0886666666667,0,0,0,0
2016.11720173042,2016,2,-8.51729166666667,0,0,0,0
2016.11993397086,2016,2,-7.438375,0,0,0,0
2016.12266621129,2016,2,-9.593625,0,0,0,0
2016.12539845173,2016,2,-12.7754166666667,0,0,0,0
2016.12813069217,2016,2,-18.1308333333333,0,0,0,0
2016.13086293261,2016,2,-19.9683333333333,0,0,0,0
2016.13359517304,2016,2,-23.73625,0,0,0,0
2016.13632741348,2016,2,-17.4066666666667,0,0,0,0
2016.13905965392,2016,2,-14.73875,0,0,0,0
2016.14179189435,2016,2,-4.0945,0,0,0,0
2016.14452413479,2016,2,-5.58304166666667,0,0,0,0
2016.14725637523,2016,2,-8.61254166666667,0,0,0,0
2016.14998861566,2016,2,-7.25175,0,0,0,0
2016.1527208561,2016,2,-6.65429166666667,0,0,0,0
2016.15545309654,2016,2,-9.22033333333333,0,0,0,0
2016.15818533698,2016,2,-8.48025,0,0,0,0
2016.16091757741,2016,2,-6.37991666666667,0,0,0,0
2016.16364981785,2016,2,-5.22620833333333,0,0,0,0
2016.16638205829,2016,3,-8.980125,0,0,0,0
2016.16911429872,2016,3,-11.5637916666667,0,0,0,0
2016.17184653916,2016,3,-13.5125,0,0,0,0
2016.1745787796,2016,3,-20.13375,0,0,0,0
2016.17731102004,2016,3,-17.0558333333333,0,0,0,0
2016.18004326047,2016,3,-16.5466666666667,0,0,0,0
2016.18277550091,2016,3,-22.5966666666667,0,0,0,0
2016.18550774135,2016,3,-23.0291666666667,0,0,0,0
2016.18823998179,2016,3,-21.6904166666667,0,0,0,0
2016.19097222222,2016,3,-24.6725,0,0,0,0
2016.19370446266,2016,3,-24.0895833333333,0,0,0,0
2016.1964367031,2016,3,-24.1666666666667,0,0,0,0
2016.19916894353,2016,3,-27.96125,0,0,0,0
2016.20190118397,2016,3,-27.8845833333333,0,0,0,0
2016.20463342441,2016,3,-27.3479166666667,0,0,0,0
2016.20736566485,2016,3,-28.31875,0,0,0,0
2016.21009790528,2016,3,-27.9829166666667,0,0,0,0
2016.21283014572,2016,3,-33.3429166666667,0,0,0,0
2016.21556238616,2016,3,-30.88375,0,0,0,0
2016.21829462659,2016,3,-18.75125,0,0,0,0
2016.22102686703,2016,3,-14.1633333333333,0,0,0,0
2016.22375910747,2016,3,-11.2180416666667,0,0,0,0
2016.22649134791,2016,3,-11.9054166666667,0,0,0,0
2016.22922358834,2016,3,-12.420625,0,0,0,0
2016.23195582878,2016,3,-9.17775,0,0,0,0
2016.23468806922,2016,3,-19.91125,0,0,0,0
2016.23742030965,2016,3,-22.8758333333333,0,0,0,0
2016.24015255009,2016,3,-27.15,0,0,0,0
2016.24288479053,2016,3,-24.8029166666667,0,0,0,0
2016.24561703097,2016,3,-25.3458333333333,0,0,0,0
2016.2483492714,2016,3,-23.2925,0,0,0,0
2016.25108151184,2016,4,-25.57875,0,0,0,0
2016.25381375228,2016,4,-20.6425,0,0,0,0
2016.25654599271,2016,4,-8.5155,0,0,0,0
2016.25927823315,2016,4,-11.9896666666667,0,0,0,0
2016.26201047359,2016,4,-11.3837083333333,0,0,0,0
2016.26474271403,2016,4,-11.3545,0,0,0,0
2016.26747495446,2016,4,-12.34875,0,0,0,0
2016.2702071949,2016,4,-7.820875,0,0,0,0
2016.27293943534,2016,4,-5.72008333333333,0,0,0,9.08140270002382
2016.27567167577,2016,4,1.46616666666667,0,0,3.02713423334127,0
2016.27840391621,2016,4,-0.266458333333333,0,0,3.02713423334127,0
2016.28113615665,2016,4,-10.5985833333333,0,0,3.02713423334127,0
2016.28386839709,2016,4,-11.743,0,0,3.02713423334127,0
2016.28660063752,2016,4,-15.4427916666667,0,0,3.02713423334127,0
2016.28933287796,2016,4,-23.8858333333333,0,0,3.02713423334127,0
2016.2920651184,2016,4,-20.8279166666667,0,0,3.02713423334127,0
2016.29479735883,2016,4,-16.7016666666667,0,0,3.02713423334127,0
2016.29752959927,2016,4,-13.5530416666667,0,0,3.02713423334127,0
2016.30026183971,2016,4,-5.278625,0,0,3.02713423334127,0
2016.30299408015,2016,4,-4.18070833333333,0,0,3.02713423334127,0
2016.30572632058,2016,4,-4.03308333333333,0,0,3.02713423334127,0
2016.30845856102,2016,4,-5.248875,0,0,3.02713423334127,0
2016.31119080146,2016,4,-6.36366666666667,0,0,3.02713423334127,0
2016.31392304189,2016,4,-6.47508333333333,0,0,3.02713423334127,0
2016.31665528233,2016,4,-8.41220833333333,0,0,3.02713423334127,0
2016.31938752277,2016,4,-3.49025,0,0,3.02713423334127,0
2016.32211976321,2016,4,-6.61879166666667,0,0,3.02713423334127,0
2016.32485200364,2016,4,-8.44079166666667,0,0,3.02713423334127,0
2016.32758424408,2016,4,-0.490125,0,0,3.02713423334127,0
2016.33031648452,2016,4,-2.044875,0,0,3.02713423334127,0
2016.33304872495,2016,5,-5.44929166666667,0,0,3.02713423334127,0
2016.33578096539,2016,5,-5.885375,0,0,3.02713423334127,0
2016.33851320583,2016,5,-6.547625,0,0,3.02713423334127,0
2016.34124544627,2016,5,-5.85233333333333,0,0,3.02713423334127,0
2016.3439776867,2016,5,-3.48266666666667,0,0,3.02713423334127,0
2016.34670992714,2016,5,-7.25891666666667,0,0,3.02713423334127,0
2016.34944216758,2016,5,-3.32325,0,0,3.02713423334127,1.78238462300492
2016.35217440801,2016,5,0.632,0,0,3.62126244100958,5.09120307966345
2016.35490664845,2016,5,2.427375,0,0,5.31833013423073,6.39828116994343
2016.35763888889,2016,5,4.35745833333333,0,8.11267605633803,7.45109052421188,5.79588472022686
2016.36037112933,2016,5,5.20366666666667,0,56.734985915493,9.38305209762083,5.03294072495722
2016.36310336976,2016,5,5.48758333333333,0,186.695492957746,11.0606990059399,2.72628248822316
2016.3658356102,2016,5,3.348625,0,218.239098591549,11.9694598353476,0
2016.36856785064,2016,5,-1.73395833333333,0,187.235492957746,11.9694598353476,0
2016.37130009107,2016,5,-4.06745833333333,0,103.505070422535,11.9694598353476,0
2016.37403233151,2016,5,-4.730375,0,50.8634366197183,11.9694598353476,0
2016.37676457195,2016,5,-2.02504166666667,0,35.2779718309859,11.9694598353476,3.29586332875754
2016.37949681239,2016,5,4.40108333333333,0,26.6668732394366,13.0680809449335,3.76013194244963
2016.38222905282,2016,5,5.49270833333333,0,52.846985915493,14.3214582590833,5.03530783888816
2016.38496129326,2016,5,8.14279166666667,0,117.522253521127,15.9998942053794,4.40572323573933
2016.3876935337,2016,5,7.864125,0,156.453971830986,17.4684686172925,1.67816663090137
2016.39042577413,2016,5,3.177,0,195.089070422535,18.0278574942596,2.34906850406487
2016.39315801457,2016,5,4.61529166666667,110.4,133.516901408451,18.8108803289479,1.08719254907669
2016.39589025501,2016,5,2.20245833333333,129.6,113.597746478873,19.1732778453068,0.751051936586297
2016.39862249545,2016,5,1.54604166666667,57.6,112.064450704225,19.4236284908356,3.01140831003699
2016.40135473588,2016,5,6.40041666666667,0,108.882253521127,20.4274312608479,2.34877174365971
2016.40408697632,2016,5,5.215875,0,109.750816901408,21.2103551754012,2.62302632856426
2016.40681921676,2016,5,6.05675,0,77.4861971830986,22.0846972849226,3.76435995438041
2016.40955145719,2016,5,9.119625,0,64.8076056338028,23.3394839363827,4.87929098060487
2016.41228369763,2016,5,12.5704583333333,0,48.9148732394366,24.965914263251,1.66881832702956
2016.41501593807,2016,5,4.493625,0,43.9514366197183,25.5221870389275,0
2016.41774817851,2016,6,-3.33579166666667,4.8,30.9275492957746,25.5221870389275,0
2016.42048041894,2016,6,-3.078,12,21.5285070422535,25.5221870389275,0.971327806955866
2016.42321265938,2016,6,2.66108333333333,9.6,17.5979154929577,25.8459629745795,2.02734080162589
2016.42594489982,2016,6,5.66225,172.8,17.4245070422535,26.5217432417881,0
2016.42867714025,2016,6,-3.14241666666667,72,25.6096901408451,26.5217432417881,0.974099758745496
2016.43140938069,2016,6,2.77258333333333,16.8,31.4219154929578,26.8464431613699,0.18571019534776
2016.43414162113,2016,6,0.532416666666667,31.2,57.3784225352113,26.9083465598192,0
2016.43687386157,2016,6,-3.27854166666667,168,60.8207323943662,26.9083465598192,0
2016.439606102,2016,6,-0.732958333333333,43.2,48.5543661971831,26.9083465598192,1.01337693109341
2016.44233834244,2016,6,2.926875,158.4,56.6330704225352,27.2461388701837,4.48958330102066
2016.44507058288,2016,6,13.4062083333333,0,125.09138028169,28.7426666371905,3.47784751489214
2016.44780282332,2016,6,10.8777083333333,242.4,169.594985915493,29.9019491421546,0.68539851997728
2016.45053506375,2016,6,2.19445833333333,105.6,171.364056338028,30.1304153154804,2.12912765445831
2016.45326730419,2016,6,6.92341666666667,9.6,128.16861971831,30.8401245336331,1.63793723781523
2016.45599954463,2016,6,5.435875,110.4,123.433352112676,31.3861036129049,2.93971871775991
2016.45873178506,2016,6,9.995375,0,106.883492957746,32.3660098521582,4.99240599578475
2016.4614640255,2016,6,17.67875,0,74.6127887323944,34.0301451840864,3.36929461760226
2016.46419626594,2016,6,12.4319583333333,88.8,60.1058028169014,35.1532433899538,2.96037290147852
2016.46692850638,2016,6,11.25625,151.2,44.7774084507042,36.1400343571134,2.05287510092614
2016.46966074681,2016,6,7.988625,331.2,87.323323943662,36.8243260574221,0
2016.47239298725,2016,6,-1.026375,364.8,143.131943661972,36.8243260574221,2.26879328467874
2016.47512522769,2016,6,9.00316666666667,7.2,155.624957746479,37.5805904856483,3.84865750272569
2016.47785746812,2016,6,15.6910416666667,0,139.893464788732,38.8634763198902,3.47956039549675
2016.48058970856,2016,6,14.6395416666667,0,85.2561126760563,40.0233297850558,3.25170315572059
2016.483321949,2016,6,14.07,7.2,52.6325070422535,41.1072308369626,2.39299562259947
2016.48605418944,2016,6,10.5945416666667,290.4,56.302985915493,41.9048960444958,1.62870833841449
2016.48878642987,2016,6,7.32725,24,109.148450704225,42.4477988239673,3.50690563894534
2016.49151867031,2016,6,16.0970833333333,4.8,83.5159436619718,43.6167673702824,2.81548329252365
2016.49425091075,2016,6,13.2398333333333,0,120.625352112676,44.5552618011236,3.21418882131253
2016.49698315118,2016,6,15.4592916666667,0,121.507605633803,45.6266580748945,3.10165403417059
2016.49971539162,2016,7,15.2662916666667,0,66.4671549295775,46.6605427529513,2.8722415697229
2016.50244763206,2016,7,14.4421666666667,0,40.9000563380282,47.6179566095256,3.24897280290646
2016.5051798725,2016,7,16.69,0,29.6741408450704,48.7009475438278,2.74920219827366
2016.50791211293,2016,7,14.4158333333333,0,24.5874929577465,49.6173482765857,2.55971784078319
2016.51064435337,2016,7,13.6638333333333,0,20.7785915492958,50.4705875568467,2.63236148711793
2016.51337659381,2016,7,14.2945833333333,0,17.7789295774648,51.3480413858861,2.24546582676784
2016.51610883424,2016,7,12.3883333333333,554.4,39.2815774647887,52.0965299948087,2.32073735115451
2016.51884107468,2016,7,12.992,28.8,63.6196056338028,52.8701091118602,2.48179013917365
2016.52157331512,2016,7,14.1055,2.4,46.0718873239437,53.6973724915847,2.20971914611791
2016.52430555556,2016,7,12.7434583333333,319.2,40.6870985915493,54.4339455402907,2.20093431514579
2016.52703779599,2016,7,12.865375,0,93.4823661971831,55.167590312006,2.86051512644292
2016.52977003643,2016,7,16.9782916666667,0,59.5003943661972,56.1210953541536,3.42782320744521
2016.53250227687,2016,7,20.7286956521739,0,36.7565070422535,57.2637030899687,3.13353988062047
2016.5352345173,2016,7,19.314625,0,26.4067605633803,58.3082163835088,1.79169994226343
2016.53796675774,2016,7,11.200625,33.6,21.3444507042254,58.9054496975966,1.62214596067516
2016.54069899818,2016,7,10.239125,153.6,18.6611830985915,59.4461650178217,1.22312408585653
2016.54343123862,2016,7,7.78233333333333,273.6,46.9663098591549,59.8538730464405,0.601657690155477
2016.54616347905,2016,7,3.84766666666667,76.8,117.218028169014,60.0544256098257,0.522141454441972
2016.54889571949,2016,7,3.34958333333333,132,117.856901408451,60.2284727613063,0.881870996625054
2016.55162795993,2016,7,5.67929166666667,2.4,118.276732394366,60.5224297601814,0.97918829211352
2016.55436020036,2016,7,6.33841666666667,0,79.4028169014084,60.8488258575525,0.955891892111957
2016.5570924408,2016,7,6.2205,0,45.9441126760563,61.1674564882565,0.994725886172994
2016.55982468124,2016,7,6.50770833333333,0,32.5216901408451,61.4990317836475,1.38854045555215
2016.56255692168,2016,7,9.14295833333333,0,24.9221408450704,61.9618786021649,1.64229771058105
2016.56528916211,2016,7,10.9023333333333,0,19.8902535211268,62.5093111723586,1.95751506456279
2016.56802140255,2016,7,13.1201666666667,0,16.5011830985916,63.1618161938795,2.05760933663942
2016.57075364299,2016,7,13.9379166666667,0,14.6758309859155,63.8476859727593,1.09288046144077
2016.57348588342,2016,7,7.46420833333333,141.6,14.4141971830986,64.2119794599062,0.629572978192158
2016.57621812386,2016,7,4.31916666666667,117.6,18.2230985915493,64.4218371193036,0.592676353969864
2016.5789503643,2016,7,4.07891666666667,105.6,24.3684507042254,64.6193959039603,1.27409131425779
2016.58168260474,2016,7,8.81083333333333,0,31.3595492957746,65.0440930087128,1.60352114234831
2016.58441484517,2016,8,11.171,117.6,26.8874366197183,65.5786000561623,0
2016.58714708561,2016,8,-0.185291666666667,110.4,30.313014084507,65.5786000561623,0.194624742025113
2016.58987932605,2016,8,1.36208333333333,0,32.905014084507,65.6434749701707,0.611230283233922
2016.59261156648,2016,8,4.28645833333333,0,33.6108169014085,65.8472183979153,1.64263268229314
2016.59534380692,2016,8,11.5853333333333,0,29.1569577464789,66.3947626253463,1.97285507862907
2016.59807604736,2016,8,14.0411666666667,0,23.1698028169014,67.0523809848894,1.9457367773406
2016.6008082878,2016,8,13.9837083333333,0,19.0505915492958,67.7009599106696,1.13542143034623
2016.60354052823,2016,8,8.22229166666667,405.6,24.5327323943662,68.079433720785,0.800773023359241
2016.60627276867,2016,8,5.82645833333333,12,98.039661971831,68.3463580619047,0.72877529625616
2016.60900500911,2016,8,5.32241666666667,0,80.6440563380282,68.5892831606568,1.33757371581751
2016.61173724954,2016,8,9.81775,0,52.8865352112676,69.0351410659293,1.5258736794659
2016.61446948998,2016,8,11.2775416666667,7.2,39.7865915492958,69.5437656257512,1.21052243061155
2016.61720173042,2016,8,9.00570833333333,12,36.312338028169,69.9472731026218,1.21706629739606
2016.61993397086,2016,8,9.10691666666666,21.6,33.2822535211267,70.3529618684205,0.657679580802451
2016.62266621129,2016,8,4.943125,21.6,31.0005633802817,70.5721883953546,0.40535230582293
2016.62539845173,2016,8,3.05429166666667,2.4,30.2947605633803,70.7073058306289,1.40582164388645
2016.62813069217,2016,8,10.638,0,27.3924507042254,71.1759130452577,1.55724059418101
2016.63086293261,2016,8,11.8658333333333,96,24.7396056338028,71.6949932433181,1.33503127107318
2016.63359517304,2016,8,10.2412916666667,151.2,25.7252957746479,72.1400036670091,0.892929548850589
2016.63632741348,2016,8,6.88520833333333,120,31.1100845070423,72.4376468499593,1.020482593911
2016.63905965392,2016,8,7.90345833333333,93.6,35.1988732394366,72.7778077145963,0.138348286033974
2016.64179189435,2016,8,1.07433333333333,115.2,52.8196056338028,72.823923809941,1.4070287913098
2016.64452413479,2016,8,10.9648333333333,0,62.8529577464789,73.2929334070442,1.57804004167062
2016.64725637523,2016,8,12.38125,16.8,45.0436056338028,73.8189467542678,1.21297745882862
2016.64998861566,2016,8,9.57716666666667,21.6,37.942985915493,74.2232725738773,0.951839057032473
2016.6527208561,2016,8,7.55195833333334,0,35.5091830985915,74.5405522595548,1.18290258720964
2016.65545309654,2016,8,9.430125,0,31.1161690140845,74.934853121958,0.63771270545864
2016.65818533698,2016,8,5.1045,127.2,31.1161690140845,75.1474240237776,0.551313787170798
2016.66091757741,2016,8,4.42458333333333,0,36.6774084507042,75.3311952861678,1.33040527075411
2016.66364981785,2016,8,10.7217083333333,156,33.3309295774648,75.7746637097525,0.258087276940273
2016.66638205829,2016,8,2.08720833333333,52.8,48.9011830985916,75.860692802066,0.280517400869115
2016.66911429872,2016,9,2.27129166666667,14.4,51.1159436619718,75.9541986023557,0.0619429781081209
2016.67184653916,2016,9,0.501916666666666,2.4,41.8492394366197,75.974846261725,0.316656087014394
2016.6745787796,2016,9,2.56795833333333,0,34.511323943662,76.0803982907298,0.412348806199191
2016.67731102004,2016,9,3.34933333333333,12,29.9236056338028,76.2178478927962,0
2016.68004326047,2016,9,-2.50679166666667,40.8,28.4754929577465,76.2178478927962,0
2016.68277550091,2016,9,-3.926375,0,27.5841126760563,76.2178478927962,0
2016.68550774135,2016,9,-0.523541666666667,2.4,25.8632112676056,76.2178478927962,0.320632825065061
2016.68823998179,2016,9,2.60854166666667,69.6,25.2674366197183,76.3247255011513,0.450630907241901
2016.69097222222,2016,9,3.67233333333333,19.2,25.812,76.4749358035652,0.280700534662046
2016.69370446266,2016,9,2.29116666666667,168,38.7887323943662,76.5685026484526,0.0704734592155347
2016.6964367031,2016,9,0.575666666666667,0,54.1794929577465,76.5919938015244,0
2016.69916894353,2016,9,-2.92695833333333,0,49.7849577464789,76.5919938015244,0
2016.70190118397,2016,9,-5.007,0,39.5538591549296,76.5919938015244,0
2016.70463342441,2016,9,-6.4185,0,32.0242816901408,76.5919938015244,0
2016.70736566485,2016,9,-8.30283333333333,0,26.9330704225352,76.5919938015244,0
2016.71009790528,2016,9,-2.60983333333333,0,25.2141971830986,76.5919938015244,0
2016.71283014572,2016,9,-1.92866666666667,0,22.6830422535211,76.5919938015244,0
2016.71556238616,2016,9,-4.42245833333333,0,19.656,76.5919938015244,0.305424173832378
2016.71829462659,2016,9,2.49691666666667,0,20.7451267605634,76.6938018594686,0.589137158816897
2016.72102686703,2016,9,4.82570833333333,0,24.5312112676056,76.8901809124075,0.502259521339241
2016.72375910747,2016,9,4.12382608695652,0,43.4190422535211,77.0576007528539,0
2016.72649134791,2016,9,-1.17995833333333,0,47.9687323943662,77.0576007528539,0
2016.72922358834,2016,9,-4.42025,0,38.1620281690141,77.0576007528539,0
2016.73195582878,2016,9,-3.75533333333333,0,0,77.0576007528539,0
2016.73468806922,2016,9,-5.23591666666667,0,0,77.0576007528539,0
2016.73742030965,2016,9,-5.34908333333333,0,0,77.0576007528539,0
2016.74015255009,2016,9,-7.38058333333333,0,0,77.0576007528539,0
2016.74288479053,2016,9,-0.602375,0,0,77.0576007528539,0.0936457463879208
2016.74561703097,2016,9,0.769875,0,0,77.0888160016499,0.0457827521507994
2016.7483492714,2016,9,0.3765,0,0,77.1040769190335,0.133157248528377
2016.75108151184,2016,10,1.09545833333333,0,0,77.148462668543,0
2016.75381375228,2016,10,-5.969,0,0,77.148462668543,0
2016.75654599271,2016,10,-2.08533333333333,0,0,77.148462668543,0
2016.75927823315,2016,10,-1.166875,0,0,77.148462668543,0
2016.76201047359,2016,10,-4.68954166666667,0,0,77.148462668543,0
2016.76474271403,2016,10,-6.78083333333333,0,0,77.148462668543,0
2016.76747495446,2016,10,-5.64083333333333,0,0,77.148462668543,0
2016.7702071949,2016,10,-4.58275,0,0,77.148462668543,0
2016.77293943534,2016,10,-2.10670833333333,0,0,77.148462668543,0
2016.77567167577,2016,10,-1.51745833333333,0,0,77.148462668543,0
2016.77840391621,2016,10,-1.73179166666667,0,0,77.148462668543,0
2016.78113615665,2016,10,-3.80141666666667,0,0,77.148462668543,0
2016.78386839709,2016,10,-10.1914583333333,0,0,77.148462668543,0
2016.78660063752,2016,10,-12.9723333333333,0,0,77.148462668543,0
2016.78933287796,2016,10,-11.2954166666667,0,0,77.148462668543,0
2016.7920651184,2016,10,-15.2433333333333,0,0,77.148462668543,0
2016.79479735883,2016,10,-23.3354166666667,0,0,77.148462668543,0
2016.79752959927,2016,10,-18.4691666666667,0,0,77.148462668543,0
2016.80026183971,2016,10,-14.1075,0,0,77.148462668543,0
2016.80299408015,2016,10,-10.9475,0,0,77.148462668543,0
2016.80572632058,2016,10,-9.654875,0,0,77.148462668543,0
2016.80845856102,2016,10,-8.64258333333333,0,0,77.148462668543,0
2016.81119080146,2016,10,-14.15,0,0,77.148462668543,0
2016.81392304189,2016,10,-6.2215,0,0,77.148462668543,0
2016.81665528233,2016,10,-0.042125,0,0,77.148462668543,0
2016.81938752277,2016,10,-6.38641666666667,0,0,77.148462668543,0
2016.82211976321,2016,10,-12.1235833333333,0,0,77.148462668543,0
2016.82485200364,2016,10,-5.3075,0,0,77.148462668543,0.108116484318558
2016.82758424408,2016,10,0.889916666666667,0,0,77.1845014966491,0
2016.83031648452,2016,10,-0.870041666666667,0,0,77.1845014966491,0
2016.83304872495,2016,10,-4.11545833333333,0,0,77.1845014966491,0
2016.83578096539,2016,11,-11.2458333333333,0,0,77.1845014966491,0
2016.83851320583,2016,11,-12.2279166666667,0,0,77.1845014966491,0
2016.84124544627,2016,11,-18.9970833333333,0,0,77.1845014966491,0
2016.8439776867,2016,11,-24.74125,0,0,77.1845014966491,0
2016.84670992714,2016,11,-18.6583333333333,0,0,77.1845014966491,0
2016.84944216758,2016,11,-18.04625,0,0,77.1845014966491,0
2016.85217440801,2016,11,-17.5475,0,0,77.1845014966491,0
2016.85490664845,2016,11,-13.27875,0,0,77.1845014966491,0
2016.85763888889,2016,11,-13.39625,0,0,77.1845014966491,0
2016.86037112933,2016,11,-13.3404166666667,0,0,77.1845014966491,0
2016.86310336976,2016,11,-11.17125,0,0,77.1845014966491,0
2016.8658356102,2016,11,-11.1552916666667,0,0,77.1845014966491,0
2016.86856785064,2016,11,-17.4154166666667,0,0,77.1845014966491,0
2016.87130009107,2016,11,-17.9041666666667,0,0,77.1845014966491,0
2016.87403233151,2016,11,-11.40125,0,0,77.1845014966491,0
2016.87676457195,2016,11,-16.6929166666667,0,0,77.1845014966491,0
2016.87949681239,2016,11,-20.52125,0,0,77.1845014966491,0
2016.88222905282,2016,11,-20.2954166666667,0,0,77.1845014966491,0
2016.88496129326,2016,11,-22.6966666666667,0,0,77.1845014966491,0
2016.8876935337,2016,11,-21.96625,0,0,77.1845014966491,0
2016.89042577413,2016,11,-23.33625,0,0,77.1845014966491,0
2016.89315801457,2016,11,-25.4129166666667,0,0,77.1845014966491,0
2016.89589025501,2016,11,-23.2279166666667,0,0,77.1845014966491,0
2016.89862249545,2016,11,-28.80375,0,0,77.1845014966491,0
2016.90135473588,2016,11,-33.5304166666667,0,0,77.1845014966491,0
2016.90408697632,2016,11,-28.0404166666667,0,0,77.1845014966491,0
2016.90681921676,2016,11,-25.9095833333333,0,0,77.1845014966491,0
2016.90955145719,2016,11,-27.8491666666667,0,0,77.1845014966491,0
2016.91228369763,2016,11,-29.8016666666667,0,0,77.1845014966491,0
2016.91501593807,2016,11,-29.5279166666667,0,0,77.1845014966491,0
2016.91774817851,2016,12,-25.3358333333333,0,0,77.1845014966491,0
2016.92048041894,2016,12,-25.8233333333333,0,0,77.1845014966491,0
2016.92321265938,2016,12,-33.8629166666667,0,0,77.1845014966491,0
2016.92594489982,2016,12,-30.4920833333333,0,0,77.1845014966491,0
2016.92867714025,2016,12,-24.8154166666667,0,0,77.1845014966491,0
2016.93140938069,2016,12,-24.81,0,0,77.1845014966491,0
2016.93414162113,2016,12,-25.0783333333333,0,0,77.1845014966491,0
2016.93687386157,2016,12,-23.77375,0,0,77.1845014966491,0
2016.939606102,2016,12,-18.8033333333333,0,0,77.1845014966491,0
2016.94233834244,2016,12,-17.10875,0,0,77.1845014966491,0
2016.94507058288,2016,12,-15.7104166666667,0,0,77.1845014966491,0
2016.94780282332,2016,12,-15.9058333333333,0,0,77.1845014966491,0
2016.95053506375,2016,12,-20.4741666666667,0,0,77.1845014966491,0
2016.95326730419,2016,12,-8.84241666666667,0,0,77.1845014966491,0
2016.95599954463,2016,12,-7.72741666666667,0,0,77.1845014966491,0
2016.95873178506,2016,12,-15.4425416666667,0,0,77.1845014966491,0
2016.9614640255,2016,12,-16.635,0,0,77.1845014966491,0
2016.96419626594,2016,12,-18.0683333333333,0,0,77.1845014966491,0
2016.96692850638,2016,12,-18.6004166666667,0,0,77.1845014966491,0
2016.96966074681,2016,12,-20.1633333333333,0,0,77.1845014966491,0
2016.97239298725,2016,12,-25.2558333333333,0,0,77.1845014966491,0
2016.97512522769,2016,12,-20.8658333333333,0,0,77.1845014966491,0
2016.97785746812,2016,12,-19.4416666666667,0,0,77.1845014966491,0
2016.98058970856,2016,12,-20.22,0,0,77.1845014966491,0
2016.983321949,2016,12,-26.67,0,0,77.1845014966491,0
2016.98605418944,2016,12,-30.25,0,0,77.1845014966491,0
2016.98878642987,2016,12,-32.8183333333333,0,0,77.1845014966491,0
2016.99151867031,2016,12,-29.5066666666667,0,0,77.1845014966491,0
2016.99425091075,2016,12,-10.21275,0,0,77.1845014966491,0
2016.99698315118,2016,12,-8.894375,0,0,77.1845014966491,0
2016.99971597643,2016,7,-2.76383333333333,0,0,77.1845014966491,-231.553504489947
2017.0024543379,2017,1,-1.45133333333333,0,0,0,0
2017.00519406393,2017,1,-1.190375,0,0,0,0
2017.00793378995,2017,1,-10.3713333333333,0,0,0,0
2017.01067351598,2017,1,-11.5925416666667,0,0,0,0
2017.01341324201,2017,1,-26.8416666666667,0,0,0,0
2017.01615296804,2017,1,-14.3841666666667,0,0,0,0
2017.01889269406,2017,1,-10.0995833333333,0,0,0,0
2017.02163242009,2017,1,-9.66108333333333,0,0,0,0
2017.02437214612,2017,1,-9.46908333333333,0,0,0,0
2017.02711187215,2017,1,-10.1458333333333,0,0,0,0
2017.02985159817,2017,1,-21.1870833333333,0,0,0,0
2017.0325913242,2017,1,-35.76,0,0,0,0
2017.03533105023,2017,1,-36.9879166666667,0,0,0,0
2017.03807077626,2017,1,-33.5529166666667,0,0,0,0
2017.04081050228,2017,1,-39.03875,0,0,0,0
2017.04355022831,2017,1,-36.8125,0,0,0,0
2017.04628995434,2017,1,-34.34625,0,0,0,0
2017.04902968037,2017,1,-39.5395833333333,0,0,0,0
2017.05176940639,2017,1,-37.9220833333333,0,0,0,0
2017.05450913242,2017,1,-32.2891666666667,0,0,0,0
2017.05724885845,2017,1,-34.74375,0,0,0,0
2017.05998858447,2017,1,-33.9058333333333,0,0,0,0
2017.0627283105,2017,1,-27.1766666666667,0,0,0,0
2017.06546803653,2017,1,-14.62375,0,0,0,0
2017.06820776256,2017,1,-9.913,0,0,0,0
2017.07094748858,2017,1,-5.94508333333333,0,0,0,0
2017.07368721461,2017,1,-12.1452916666667,0,0,0,0
2017.07642694064,2017,1,-12.2833333333333,0,0,0,0
2017.07916666667,2017,1,-13.3354166666667,0,0,0,0
2017.08190639269,2017,1,-7.69633333333333,0,0,0,0
2017.08464611872,2017,1,-8.04345833333333,0,0,0,0
2017.08738584475,2017,2,-11.9830833333333,0,0,0,0
2017.09012557078,2017,2,-9.91516666666667,0,0,0,0
2017.0928652968,2017,2,-13.0270833333333,0,0,0,0
2017.09560502283,2017,2,-13.3595833333333,0,0,0,0
2017.09834474886,2017,2,-19.42625,0,0,0,0
2017.10108447489,2017,2,-21.7833333333333,0,0,0,0
2017.10382420091,2017,2,-15.23625,0,0,0,0
2017.10656392694,2017,2,-25.30875,0,0,0,0
2017.10930365297,2017,2,-34.8279166666667,0,0,0,0
2017.11204337899,2017,2,-30.4866666666667,0,0,0,0
2017.11478310502,2017,2,-31.4529166666667,0,0,0,0
2017.11752283105,2017,2,-33.3570833333333,0,0,0,0
2017.12026255708,2017,2,-26.9995833333333,0,0,0,0
2017.1230022831,2017,2,-28.49875,0,0,0,0
2017.12574200913,2017,2,-27.88375,0,0,0,0
2017.12848173516,2017,2,-31.4420833333333,0,0,0,0
2017.13122146119,2017,2,-29.2195833333333,0,0,0,0
2017.13396118722,2017,2,-17.9491666666667,0,0,0,0
2017.13670091324,2017,2,-18.995,0,0,0,0
2017.13944063927,2017,2,-27.8391666666667,0,0,0,0
2017.1421803653,2017,2,-32.8008333333333,0,0,0,0
2017.14492009132,2017,2,-31.2545833333333,0,0,0,0
2017.14765981735,2017,2,-7.20725,0,0,0,0
2017.15039954338,2017,2,-10.214125,0,0,0,0
2017.15313926941,2017,2,-7.36066666666667,0,0,0,0
2017.15587899543,2017,2,-9.68816666666667,0,0,0,0
2017.15861872146,2017,2,-26.1841666666667,0,0,0,0
2017.16135844749,2017,2,-29.89625,0,0,0,0
2017.16409817352,2017,3,-23.36125,0,0,0,0
2017.16683789954,2017,3,-22.09625,0,0,0,0
2017.16957762557,2017,3,-19.6816666666667,0,0,0,0
2017.1723173516,2017,3,-27.1383333333333,0,0,0,0
2017.17505707763,2017,3,-33.93375,0,0,0,0
2017.17779680365,2017,3,-31.055,0,0,0,0
2017.18053652968,2017,3,-26.2416666666667,0,0,0,0
2017.18327625571,2017,3,-19.8308333333333,0,0,0,0
2017.18601598174,2017,3,-10.9114285714286,0,0,0,0
2017.18875570776,2017,3,NaN,0,0,0,0
2017.19149543379,2017,3,NaN,0,0,0,0
2017.19423515982,2017,3,NaN,0,0,0,0
2017.19697488584,2017,3,NaN,0,0,0,0
2017.19971461187,2017,3,NaN,0,0,0,0
2017.2024543379,2017,3,NaN,0,0,0,0
2017.20519406393,2017,3,NaN,0,0,0,0
2017.20793378995,2017,3,NaN,0,0,0,0
2017.21067351598,2017,3,NaN,0,0,0,0
2017.21341324201,2017,3,NaN,0,0,0,0
2017.21615296804,2017,3,NaN,0,0,0,0
2017.21889269406,2017,3,NaN,0,0,0,0
2017.22163242009,2017,3,NaN,0,0,0,0
2017.22437214612,2017,3,NaN,0,0,0,0
2017.22711187215,2017,3,NaN,0,0,0,0
2017.22985159817,2017,3,NaN,0,0,0,0
2017.2325913242,2017,3,NaN,0,0,0,0
2017.23533105023,2017,3,NaN,0,0,0,0
2017.23807077625,2017,3,NaN,0,0,0,0
2017.24081050228,2017,3,NaN,0,0,0,0
2017.24355022831,2017,3,NaN,0,0,0,0
2017.24628995434,2017,3,NaN,0,0,0,0
2017.24902968036,2017,4,NaN,0,0,0,0
2017.25176940639,2017,4,NaN,0,0,0,0
2017.25450913242,2017,4,NaN,0,0,0,0
2017.25724885845,2017,4,NaN,0,0,0,0
2017.25998858448,2017,4,NaN,0,0,0,0
2017.2627283105,2017,4,NaN,0,0,0,0
2017.26546803653,2017,4,NaN,0,0,0,0
2017.26820776256,2017,4,NaN,0,0,0,0
2017.27094748859,2017,4,NaN,0,0,0,0
2017.27368721461,2017,4,NaN,0,0,0,0
2017.27642694064,2017,4,NaN,0,0,0,0
2017.27916666667,2017,4,NaN,0,0,0,0
2017.28190639269,2017,4,NaN,0,0,0,0
2017.28464611872,2017,4,NaN,0,0,0,0
2017.28738584475,2017,4,NaN,0,0,0,0
2017.29012557078,2017,4,NaN,0,0,0,0
2017.2928652968,2017,4,NaN,0,0,0,0
2017.29560502283,2017,4,NaN,0,0,0,0
2017.29834474886,2017,4,NaN,0,0,0,0
2017.30108447489,2017,4,NaN,0,0,0,0
2017.30382420091,2017,4,NaN,0,0,0,0
2017.30656392694,2017,4,NaN,0,0,0,0
2017.30930365297,2017,4,NaN,0,0,0,0
2017.312043379,2017,4,NaN,0,0,0,0
2017.31478310502,2017,4,NaN,0,0,0,0
2017.31752283105,2017,4,NaN,0,0,0,0
2017.32026255708,2017,4,NaN,0,0,0,0
2017.32300228311,2017,4,NaN,0,0,0,0
2017.32574200913,2017,4,NaN,0,0,0,0
2017.32848173516,2017,4,NaN,0,0,0,0
2017.33122146119,2017,5,NaN,0,0,0,0
2017.33396118721,2017,5,NaN,0,0,0,0
2017.33670091324,2017,5,NaN,0,0,0,0
2017.33944063927,2017,5,NaN,0,0,0,0
2017.3421803653,2017,5,-2.13606666666667,0,0,0,0
2017.34492009132,2017,5,-0.3975,0,0,0,0
2017.34765981735,2017,5,-1.05041666666667,0,0,0,0
2017.35039954338,2017,5,-5.47516666666667,0,0,0,0
2017.35313926941,2017,5,-6.85208333333333,0,0,0,0
2017.35587899543,2017,5,-7.74316666666667,0,0,0,0
2017.35861872146,2017,5,-3.810125,0,0,0,6.54246943057436
2017.36135844749,2017,5,0.760958333333333,0,0,2.18082314352479,0
2017.36409817352,2017,5,-3.17966666666667,0,0,2.18082314352479,0.0519173870152771
2017.36683789954,2017,5,0.012125,0,0,2.19812893919655,7.60511251337271
2017.36957762557,2017,5,2.811375,0,0,4.73316644365411,5.92243366514914
2017.3723173516,2017,5,3.613625,0,0,6.70731099870383,5.70165723646462
2017.37505707763,2017,5,4.65716666666667,0,9.48422535211267,8.6078634108587,0.715311049315728
2017.37779680365,2017,5,0.665875,31.2,27.9811267605634,8.84630042729728,0
2017.38053652968,2017,5,-2.62691666666667,0,46.6620845070423,8.84630042729728,0
2017.38327625571,2017,5,-2.28508695652174,0,47.0180281690141,8.84630042729728,0
2017.38601598174,2017,5,-0.350739130434782,0,52.968676056338,8.84630042729728,0.362786049017354
2017.38875570776,2017,5,0.344666666666667,0,70.6015774647887,8.96722911030306,2.23290068316783
2017.39149543379,2017,5,2.22441666666667,105.6,140.524732394366,9.71152933802567,3.59648953463806
2017.39423515982,2017,5,3.95554166666667,62.4,169.769915492958,10.910359182905,1.1291590866069
2017.39697488585,2017,5,1.33675,84,129.207549295775,11.2867455451073,1.72306132523812
2017.39971461187,2017,5,2.12720833333333,0,99.4299718309859,11.8610993201867,3.06708811448449
2017.4024543379,2017,5,4.04766666666667,0,0,12.8834620250149,4.09062175116373
2017.40519406393,2017,5,5.91895833333333,2.4,0,14.2470026087361,2.73968003963206
2017.40793378995,2017,5,4.296875,16.8,0,15.1602292886135,1.46001608606048
2017.41067351598,2017,5,2.398875,19.2,0,15.6469013173003,1.93607830460617
2017.41341324201,2017,5,3.29795833333333,0,0,16.292260752169,3.14872981449522
2017.41615296804,2017,6,5.64825,0,0,17.3418373570007,4.34475519153609
2017.41889269406,2017,6,8.3725,0,0,18.7900890875128,4.42510545405911
2017.42163242009,2017,6,9.21725,0,0,20.2651242388658,2.82968867826488
2017.42437214612,2017,6,6.25904166666667,0,43.9164507042253,21.2083537982874,1.21783167176449
2017.42711187215,2017,6,2.781375,0,115.50523943662,21.6142976888756,1.21578113669034
2017.42985159817,2017,6,2.82929166666667,0,84.7130704225352,22.0195580677724,2.87893345752353
2017.4325913242,2017,6,6.90925,0,75.1710422535211,22.9792025536136,2.10937283446255
2017.43533105023,2017,6,5.24941666666667,0,80.5603943661972,23.6823268317677,1.36382670914655
2017.43807077626,2017,6,3.47825,4.8,59.2494084507042,24.1369357348166,2.58669275388215
2017.44081050228,2017,6,6.77866666666667,0,48.7779718309859,24.9991666527773,2.35363226512034
2017.44355022831,2017,6,6.374625,0,48.025014084507,25.7837107411508,2.0830828935236
2017.44628995434,2017,6,5.80616666666667,0,34.765352112676,26.4780717056586,3.3445327217659
2017.44902968037,2017,6,9.64491666666666,0,27.8959436619718,27.5929159462473,3.42995151201978
2017.45176940639,2017,6,10.3043333333333,0,25.9032676056338,28.7362331169205,2.27318438822762
2017.45450913242,2017,6,7.059625,0,25.0651267605634,29.4939612463297,2.32532963087477
2017.45724885845,2017,6,7.41166666666667,4.8,18.9380281690141,30.269071123288,3.28996877444894
2017.45998858447,2017,6,10.81475,21.6,17.5172957746479,31.3657273814376,3.48123583963476
2017.4627283105,2017,6,11.8625416666667,0,21.324676056338,32.5261393279825,3.53138078081104
2017.46546803653,2017,6,12.4736666666667,4.8,19.2802816901408,33.7032662549196,2.92357553767369
2017.46820776256,2017,6,10.66225,45.6,19.067323943662,34.6777914341441,3.33249405199392
2017.47094748858,2017,6,12.5242083333333,14.4,18.708338028169,35.7886227848088,3.19994208216391
2017.47368721461,2017,6,12.3976666666667,14.4,18.2398309859155,36.8552701455301,2.77258635593549
2017.47642694064,2017,6,11.0363333333333,0,16.3490704225352,37.7794655975086,2.60557539878745
2017.47916666667,2017,6,10.6206666666667,0,13.9259154929577,38.6479907304377,2.21411841191215
2017.48190639269,2017,6,9.21475,0,12.0260281690141,39.3860302010751,3.37688700096074
2017.48464611872,2017,6,14.389625,0,10.9262535211268,40.5116592013953,3.56415496175147
2017.48738584475,2017,6,15.6274166666667,0,10.2402253521127,41.6997108553125,3.70515210658418
2017.49012557078,2017,6,16.7244583333333,0,9.98315492957747,42.9347615575072,3.45623593926179
2017.4928652968,2017,6,16.0409166666667,19.2,9.54050704225352,44.0868402039278,3.68799618317827
2017.49560502283,2017,6,17.5849583333333,0,9.54354929577465,45.3161722649873,2.82743516988698
2017.49834474886,2017,7,13.8091666666667,4.8,8.84991549295775,46.2586506549496,1.95803080495
2017.50108447489,2017,7,9.72958333333333,52.8,8.75864788732394,46.9113275899329,2.06156600536443
2017.50382420091,2017,7,10.391375,16.8,10.8988732394366,47.5985162583877,2.66365942424925
2017.50656392694,2017,7,13.65,160.8,11.5605633802817,48.4864027331375,2.65274533996268
2017.50930365297,2017,7,13.8447916666667,0,14.8385915492958,49.3706511797917,3.23581186781551
2017.512043379,2017,7,17.2265833333333,0,12.7287887323944,50.4492551357302,2.94700119232827
2017.51478310502,2017,7,16.0129583333333,0,10.3710422535211,51.4315888665063,2.90964352468854
2017.51752283105,2017,7,16.1129166666667,0,8.77081690140845,52.4014700414025,2.44050134544194
2017.52026255708,2017,7,13.7470434782609,0,7.9129014084507,53.2149704898831,1.78704287382063
2017.52300228311,2017,7,10.2005,9.6,7.15233802816901,53.8106514478233,2.0673650607776
2017.52574200913,2017,7,11.94225,0,6.62907042253521,54.4997731347492,2.13447783955824
2017.52848173516,2017,7,12.489375,100.8,6.58191549295775,55.2112657479353,2.79529375787408
2017.53122146119,2017,7,16.6009583333333,0,6.25487323943662,56.1430303338933,3.01662091072744
2017.53396118721,2017,7,18.2270833333333,57.6,17.7743661971831,57.1485706374691,2.51442659467185
2017.53670091324,2017,7,15.4399583333333,0,26.9452394366197,57.9867128356931,2.23514584213994
2017.53944063927,2017,7,13.91375,189.6,47.5352112676056,58.7317614497397,2.34264520470556
2017.5421803653,2017,7,14.7735833333333,0,65.3856338028169,59.5126431846416,2.5900339536524
2017.54492009132,2017,7,16.5608333333333,14.4,35.7981971830986,60.375987835859,2.28714613623657
2017.54765981735,2017,7,14.8224583333333,96,29.9631549295775,61.1383698812712,0.572307407331927
2017.55039954338,2017,7,3.73808333333333,362.4,80.3717746478873,61.3291390170485,1.44983044285758
2017.55313926941,2017,7,9.52183333333333,24,104.67938028169,61.8124158313344,1.46249821382861
2017.55587899543,2017,7,9.68075,273.6,94.0178028169014,62.2999152359439,1.84445770157675
2017.55861872146,2017,7,12.3175,326.4,140.755943661972,62.9147344698028,1.27558406850698
2017.56135844749,2017,7,8.58925,136.8,160.670535211268,63.3399291593052,1.46369159574292
2017.56409817352,2017,7,9.92716666666667,43.2,129.22123943662,63.8278263578861,1.25273786714432
2017.56683789954,2017,7,8.55691666666667,0,88.6710422535211,64.2454056469342,2.10225006944188
2017.56957762557,2017,7,14.4849583333333,0,54.0562816901408,64.9461556700815,2.19753884122959
2017.5723173516,2017,7,15.3095,0,35.3981408450704,65.6786686171581,2.03543258684667
2017.57505707763,2017,7,14.3333333333333,273.6,47.7785915492958,66.357146146107,1.57910925443319
2017.57779680365,2017,7,11.2214166666667,7.2,74.4515492957747,66.8835158975847,2.01960098336987
2017.58053652968,2017,7,14.4808333333333,0,48.4524507042254,67.5567162253746,1.8355666520844
2017.58327625571,2017,8,13.2870833333333,0,32.6768450704225,68.1685717760694,1.55208172616715
2017.58601598173,2017,8,11.3285,91.2,26.4310985915493,68.6859323514585,1.40614207578319
2017.58875570776,2017,8,10.33725,345.6,37.3467042253521,69.1546463767196,1.67789023308033
2017.59149543379,2017,8,12.427,0,70.774985915493,69.7139431210797,1.80214300123075
2017.59423515982,2017,8,13.45875,172.8,81.5567323943662,70.3146574548232,1.74283547020107
2017.59697488584,2017,8,13.1256666666667,0,134.566478873239,70.8956026115569,1.78432245307255
2017.59971461187,2017,8,13.55,16.8,92.4419154929577,71.4903767625811,1.79144906176448
2017.6024543379,2017,8,13.718,0,65.3841126760563,72.0875264498359,1.45918821325145
2017.60519406393,2017,8,11.2580416666667,2.4,44.663323943662,72.5739225209198,1.79987703214661
2017.60793378995,2017,8,13.9908333333333,16.8,34.0458591549296,73.1738815316353,1.33291220244023
2017.61067351598,2017,8,10.43525,0,27.3027042253521,73.6181855991154,0.598612861392724
2017.61341324201,2017,8,4.70704166666667,196.8,25.7374647887324,73.8177232195796,0
2017.61615296804,2017,8,-0.241,79.2,40.5015211267606,73.8177232195796,0.035563001981771
2017.61889269406,2017,8,0.280041666666667,129.6,56.8232112676056,73.8295775535735,0.483399476744253
2017.62163242009,2017,8,3.811,105.6,65.0631549295775,73.9907107124883,1.09524510403625
2017.62437214612,2017,8,8.665375,9.6,55.6808450704225,74.3557924138337,0.880904543383693
2017.62711187215,2017,8,7.0005,127.2,49.5309295774648,74.6494272616283,0.637884742913982
2017.62985159817,2017,8,5.08645833333333,64.8,73.1859718309859,74.8620555092663,0.478032872954799
2017.6325913242,2017,8,3.82129166666667,148.8,78.5418591549296,75.0213998002512,0.420918474356242
2017.63533105023,2017,8,3.37145833333333,4.8,85.6120563380282,75.16170595837,0.762118175747091
2017.63807077626,2017,8,6.12041666666667,0,64.510985915493,75.4157453502856,0.987943145503777
2017.64081050228,2017,8,7.96470833333333,19.2,47.0362816901408,75.7450597321202,0.542729923799953
2017.64355022831,2017,8,4.39020833333333,146.4,39.3165633802817,75.9259697067202,0.259937468738187
2017.64628995434,2017,8,2.106375,31.2,41.9952676056338,76.012615529633,0
2017.64902968037,2017,8,-0.211208333333333,67.2,49.4214084507042,76.012615529633,0.0710195022773519
2017.65176940639,2017,8,0.575916666666666,76.8,53.7672676056338,76.0362886970587,0
2017.65450913242,2017,8,-0.150041666666667,74.4,56.3547042253521,76.0362886970587,0
2017.65724885845,2017,8,-2.150375,124.8,52.4590985915493,76.0362886970587,0
2017.65998858448,2017,8,-3.88366666666667,108,42.649352112676,76.0362886970587,0
2017.6627283105,2017,8,-2.661,134.4,35.7145352112676,76.0362886970587,0
2017.66546803653,2017,8,-3.20916666666667,132,30.156338028169,76.0362886970587,0.257533359570104
2017.66820776256,2017,9,2.08991304347826,36,31.1511549295775,76.1221331502488,0.104557178532559
2017.67094748858,2017,9,0.849166666666667,2.4,54.2920563380282,76.156985543093,0.224753918815651
2017.67368721461,2017,9,1.82666666666667,0,74.2264225352113,76.2319035160315,0.24864825846754
2017.67642694064,2017,9,2.02295833333333,0,72.3584788732394,76.314786268854,0.558091938735728
2017.67916666667,2017,9,4.54854166666667,69.6,73.6925070422535,76.5008169150993,0.768043846058433
2017.68190639269,2017,9,6.27779166666667,2.4,97.3353802816901,76.7568315304521,0.693057507449666
2017.68464611872,2017,9,5.682875,52.8,123.520056338028,76.987850699602,0.0538222301562712
2017.68738584475,2017,9,0.442041666666667,16.8,109.735605633803,77.0057914429874,0
2017.69012557078,2017,9,-2.61204166666667,9.6,83.2223661971831,77.0057914429874,0.279223796362274
2017.6928652968,2017,9,2.29491666666667,12,55.2701408450704,77.0988660417748,0.222648627181741
2017.69560502283,2017,9,1.83191666666667,81.6,45.2474366197183,77.1730822508354,0.896559356604712
2017.69834474886,2017,9,7.39458333333333,0,36.8797183098592,77.4719353697036,1.07345500228973
2017.70108447489,2017,9,8.89116666666667,0,30.3662535211268,77.8297537038002,0.95755766760908
2017.70382420091,2017,9,7.96579166666667,0,27.3665915492958,78.1489395930032,0.40318965317627
2017.70656392694,2017,9,3.36383333333333,0,23.7265352112676,78.283336144062,0.436513821741315
2017.70930365297,2017,9,3.648375,0,20.7177464788732,78.4288407513091,0.518713635986373
2017.712043379,2017,9,4.34420833333333,0,18.3752112676056,78.6017452966379,0.438156659164491
2017.71478310502,2017,9,3.677,12,16.7034929577465,78.7477975163594,0
2017.71752283105,2017,9,-1.36758333333333,115.2,15.9718309859155,78.7477975163594,0
2017.72026255708,2017,9,-3.6125,0,14.9785352112676,78.7477975163594,0
2017.7230022831,2017,9,-4.17733333333333,0,13.8757183098592,78.7477975163594,0
2017.72574200913,2017,9,-4.975625,0,12.7379154929578,78.7477975163594,0
2017.72848173516,2017,9,-4.80325,0,11.4632112676056,78.7477975163594,0
2017.73122146119,2017,9,-4.23283333333333,0,10.9353802816901,78.7477975163594,-236.243392549078
