timestep	time	weight	P.V1	P.V2	Q	Qfitted	Qresidual
9	9	1	0.2	0.615023010228971	1.38403571428572	1.30143725311228	0.0825984611734425
10	10	1	0.4	0.411761070662535	1.68942857142857	3.3763810117705	-1.68695244034192
11	11	1	0	1.08117855011922	2.33124285714286	1.46341647174273	0.867826385400123
12	12	1	0.6	0.803961323353828	2.21928571428571	4.86396681962191	-2.6446811053362
13	13	1	0.6	0.446014579374936	8.42717857142855	1.40466179470765	7.0225167767209
14	14	1	9.2	0.48757102465185	27.1557	11.8900114227011	15.2656885772989
15	15	1	0	0.698346162666315	17.2572857142857	7.00875296175243	10.2485327525333
16	16	1	0	0.571309251534787	9.68689870129871	3.7890184483137	5.897880252985
17	17	0	0	0.588505872106747		3.62006102890137	
18	18	0	0	0.675499916180323		4.19027835396975	
19	19	0	0	0.578965974916883		4.33141842688054	
20	20	0	1.6	0.387614327067753		3.42431646337451	
21	21	0	0	0.7651757213234		2.90311878491121	
22	22	0	0	1.20116719885642		2.36769344864643	
23	23	0	0	0.809430415456905		2.07902138632024	
24	24	0	0	0.770427418369099		2.81876049201485	
25	25	0	0	1.01217513328147		4.0376238923054	
26	26	0	0	1.0272175721909		2.18000215357133	
27	27	0	0	1.02239549965988		3.17552346775083	
28	28	0	0	0.98117125255196		3.55346305725868	
29	29	0	0	0.65829666502502		3.13046710766294	
30	30	0	0	0.737353307305636		3.09920279476257	
31	31	0	0	0.637356779700955		3.47331747450467	
32	32	0	0	0.779469351681946		2.04742152805512	
33	33	0	0	0.789930227772491		3.17782836975636	
34	34	0	0	0.434056497399013		2.06541503742652	
35	35	0	2	0.267528154844847		4.14073211646765	
36	36	0	9.8	0.365754538345819		11.392033391179	
37	37	0	0	0.365634705122506		7.20042771870529	
38	38	0	0	0.491893259446488		3.27641056296854	
39	39	0	0	0.402401215365494		3.40041266621708	
40	40	0	0	0.276021766951924		3.32311582025223	
41	41	0	0	0.270416047974461		4.42964749931334	
42	42	0	0	0.233492141463721		1.16248487047008	
43	43	0	0.4	0.236102625109819		1.32474422558979	
44	44	0	2.2	0.0838610578185026		3.16227782407403	
45	45	0	0	0.0700814115816897		1.91593518486623	
46	46	0	2	0.0825257912236061		2.91597204523587	
47	47	0	0.2	0.129326304016129		1.88133443988214	
48	48	0	0	0.0691398090530271		1.48000404997167	
49	49	0	0	0.0733040934785159		1.18501707252099	
50	50	0	0.4	0.0725579438223498		1.15628482903455	
51	51	0	0.6	0.131731167968784		1.44973414343372	
52	52	0	0.4	0.13649631195932		1.1804870505705	
53	53	0	0	0.0612058540429281		0.625186449049192	
54	54	0	0.6	0.193774842653987		1.06694059941376	
55	55	0	0.8	0.299117370662099		1.75004281354956	
56	56	0	0	0.281798212244219		1.04538815509253	
57	57	0	0	0.284019292951164		1.10678613529412	
58	58	0	0	0.195748335677997		1.07843716716796	
59	59	0	0	0.243874427745151		0.999245134338523	
60	60	0	0	0.157325290492711		1.30341858162246	
61	61	0	0	0.149291272675075		0.539014905396266	
62	62	0	0	0.221953289918186		0.968206977501655	
63	63	0	0	0.171509174148802		0.515867338607962	
64	64	0	0	0.0801810787259143		0.59494630016686	
65	65	0	0.2	0.117303496467876		0.856870848319956	
66	66	0	0	0.0309240649879712		0.634908941847813	
67	67	0	0	0.0602857362923501		0.257161651077738	
68	68	0	0	0.159821949204911		0.600971867081773	
69	69	0	0	0.0339527273195266		0.178602196216539	
70	70	0	0	0.0156700471539928		0.266186479502518	
71	71	0	0	0.0555966520437821		0.519769265801081	
72	72	0	0.2	0.0149475467779325		0.136722694756977	
73	73	0	0	0.0249177368287192		0.304789739462679	
74	74	0	0	0.0590804472568607		0.271222715434775	
75	75	0	0	0.0226535409027875		0.0443538966042566	
76	76	0	1.2	0.00165809480889223		1.12366239423839	
77	77	0	0.2	0		1.06122334784824	
78	78	0	1	0.0385168182512245		1.1280581637553	
79	79	0	0.4	0.0491019497078788		1.16921054284256	
80	80	0	0	0.0115541632308478		0.672616419132347	
81	81	0	0	0		0.697209603766424	
82	82	0	0	0		0.396468168695295	
83	83	0	0	0		0.374465468357839	
84	84	0	0	0		0.171287394370675	
85	85	0	0	0		0.0181113634316567	
86	86	0	0	0		0	
87	87	0	0	0.0155174168336174		-0.00357406972500452	
88	88	0	0	0		0.0189392104011641	
89	89	0	0	0		-0.0183227511136585	
90	90	0	0	0		0.0599259556532639	
91	91	0	0	0		-0.0288652561320322	
92	92	0	0	0		0.0243238363678137	
93	93	0	0	0		0	
94	94	0	0	0		0	
95	95	0	0	0		0	
96	96	0	0	0		0	
97	97	0	0.4	0		0.32498189778059	
98	98	0	0	0		0.220104253807125	
99	99	0	0	0		0.0665791643947423	
100	100	0	0	0		0.0560347928194045	
101	101	0	0	0		0.0712777198426941	
102	102	0	0	0		0.115812058609867	
103	103	0	0	0		0	
104	104	0	0	0		0	
105	105	0	0	0		0	
106	106	0	0	0		0	
107	107	0	0	0		0	
108	108	0	0	0		0	
109	109	0	0	0		0	
110	110	0	0	0		0	
111	111	0	0	0		0	
112	112	0	0	0		0	
113	113	0	0	0		0	
114	114	0	0	0		0	
115	115	0	0	0		0	
116	116	0	0	0		0	
117	117	0	0	0		0	
118	118	0	0	0		0	
119	119	0	0	0		0	
120	120	0	0	0		0	
121	121	0	0	0		0	
122	122	0	0	0		0	
123	123	0	0	0		0	
124	124	0	0	0		0	
125	125	0	0	0		0	
126	126	0	0	0		0	
127	127	0	0	0		0	
128	128	0	0	0		0	
129	129	0	0	0		0	
130	130	0	0	0		0	
131	131	0	0	0		0	
132	132	0	0	0		0	
133	133	0	0	0		0	
134	134	0	0	0		0	
135	135	0	0	0		0	
136	136	0	0	0		0	
137	137	0	0	0		0	
138	138	0	0	0		0	
139	139	0	0	0		0	
140	140	0	0	0		0	
141	141	0	0	0		0	
142	142	0	0	0		0	
143	143	0	0	0		0	
144	144	0	0	0		0	
145	145	0	0	0		0	
146	146	0	0	0		0	
147	147	0	0	0		0	
148	148	0	0	0		0	
149	149	0	0	0		0	
150	150	0	0	0		0	
151	151	0	0	0		0	
152	152	0	0	0		0	
153	153	0	0	0		0	
154	154	0	0	0		0	
155	155	0	0	0		0	
156	156	0	0	0		0	
157	157	0	0	0		0	
158	158	0	0	0		0	
159	159	0	0	0		0	
160	160	0	0	0		0	
161	161	0	0	0		0	
162	162	0	0	0		0	
163	163	0	0	0		0	
164	164	0	0	0		0	
165	165	0	0	0		0	
166	166	0	0	0		0	
167	167	0	0	0		0	
168	168	0	0	0		0	
169	169	0	0	0		0	
170	170	0	0	0		0	
171	171	0	0	0		0	
172	172	0	0	0		0	
173	173	0	0	0		0	
174	174	0	0	0		0	
175	175	0	0	0		0	
176	176	0	0	0		0	
177	177	0	0	0		0	
178	178	0	0	0		0	
179	179	0	0	0		0	
180	180	0	0	0		0	
181	181	0	0	0		0	
182	182	0	0	0		0	
183	183	0	0	0		0	
184	184	0	0	0		0	
185	185	0	0	0		0	
186	186	0	0	0		0	
187	187	0	0	0		0	
188	188	0	0	0		0	
189	189	0	0	0		0	
190	190	0	0	0		0	
191	191	0	0	0		0	
192	192	0	0	0		0	
193	193	0	0	0		0	
194	194	0	0	0		0	
195	195	0	0	0		0	
196	196	0	0	0		0	
197	197	0	0	0		0	
198	198	0	0	0		0	
199	199	0	0	0		0	
200	200	0	0	0		0	
201	201	0	0	0		0	
202	202	0	0	0		0	
203	203	0	0	0		0	
204	204	0	0	0		0	
205	205	0	0	0		0	
206	206	0	0	0		0	
207	207	0	0	0		0	
208	208	0	0	0		0	
209	209	0	0	0		0	
210	210	0	0	0		0	
211	211	0	0	0		0	
212	212	0	0	0		0	
213	213	0	0	0		0	
214	214	0	0	0		0	
215	215	0	0	0		0	
216	216	0	0	0		0	
217	217	0	0	0		0	
218	218	0	0	0		0	
219	219	0	0	0		0	
220	220	0	0	0		0	
221	221	0	0	0		0	
222	222	0	0	0		0	
223	223	0	0	0		0	
224	224	0	0	0		0	
225	225	0	0	0		0	
226	226	0	0	0		0	
227	227	0	0	0		0	
228	228	0	0	0		0	
229	229	0	0	0		0	
230	230	0	0	0		0	
231	231	0	0	0		0	
232	232	0	0	0		0	
233	233	0	0	0		0	
234	234	0	0	0		0	
235	235	0	0	0		0	
236	236	0	0	0		0	
237	237	0	0	0		0	
238	238	0	0	0		0	
239	239	0	0	0		0	
240	240	0	0	0		0	
241	241	0	0	0		0	
242	242	0	0	0		0	
243	243	0	0	0		0	
244	244	0	0	0		0	
245	245	0	0	0		0	
246	246	0	0	0		0	
247	247	0	0	0		0	
248	248	0	0	0		0	
249	249	0	0	0		0	
250	250	0	0	0		0	
251	251	0	0	0		0	
252	252	0	0	0		0	
253	253	0	0	0		0	
254	254	0	0	0		0	
255	255	0	0	0		0	
256	256	0	0	0		0	
257	257	0	0	0		0	
258	258	0	0	0		0	
259	259	0	0	0		0	
260	260	0	0	0		0	
261	261	0	0	0		0	
262	262	0	0	0		0	
263	263	0	0	0		0	
264	264	0	0	0		0	
265	265	0	0	0		0	
266	266	0	0	0		0	
267	267	0	0	0		0	
268	268	0	0	0		0	
269	269	0	0	0		0	
270	270	0	0	0		0	
271	271	0	0	0		0	
272	272	0	0	0		0	
273	273	0	0	0		0	
274	274	0	0	0		0	
275	275	0	0	0		0	
276	276	0	0	0		0	
277	277	0	0	0		0	
278	278	0	0	0		0	
279	279	0	0	0		0	
280	280	0	0	0		0	
281	281	0	0	0		0	
282	282	0	0	0		0	
283	283	0	0	0		0	
284	284	0	0	0		0	
285	285	0	0	0		0	
286	286	0	0	0		0	
287	287	0	0	0		0	
288	288	0	0	0		0	
289	289	0	0	0		0	
290	290	0	0	-30.1528171621243		6.94498782228192	
291	291	0	0	0		-36.8019081103835	
292	292	0	0	0		35.6040293407817	
293	293	0	0	0		-116.445694760473	
294	294	0	0	0		56.0897989542603	
295	295	0	0	0		-47.2650956369998	
296	296	0	0	0		0	
297	297	0	0	0		0	
298	298	0	0	0		0	
299	299	0	0	0		0	
300	300	0	0	0		0	
301	301	0	0	0		0	
302	302	0	0	0		0	
303	303	0	0	0		0	
304	304	0	0	0		0	
305	305	0	0	0		0	
306	306	0	0	0		0	
307	307	0	0	0		0	
308	308	0	0	0		0	
309	309	0	0	0		0	
310	310	0	0	0		0	
311	311	0	0	0		0	
312	312	0	0	0		0	
313	313	0	0	0		0	
314	314	0	0	0		0	
315	315	0	0	0		0	
316	316	0	0	0		0	
317	317	0	0	0		0	
318	318	0	0	0		0	
319	319	0	0	0		0	
320	320	0	0	0		0	
321	321	0	0	0		0	
322	322	0	0	0		0	
323	323	0	0	0		0	
324	324	0	0	0		0	
325	325	0	0	0		0	
326	326	0	0	0		0	
327	327	0	0	0		0	
328	328	0	0	0		0	
329	329	0	0	0		0	
330	330	0	0	0		0	
331	331	0	0	0		0	
332	332	0	0	0		0	
333	333	0	0	0		0	
334	334	0	0	0		0	
335	335	0	0	0		0	
336	336	0	0	0		0	
337	337	0	0	0		0	
338	338	0	0	0		0	
339	339	0	0	0		0	
340	340	0	0	0		0	
341	341	0	0	0		0	
342	342	0	0	0		0	
343	343	0	0	0		0	
344	344	0	0	0		0	
345	345	0	0	0		0	
346	346	0	0	0		0	
347	347	0	0	0		0	
348	348	0	0	0		0	
349	349	0	0	0		0	
350	350	0	0	1.20424055424986		-0.277368311537697	
351	351	0	0	0		1.46979136251222	
352	352	0	0	0		-1.421950585789	
353	353	0	0	0		4.65059789419963	
354	354	0	0	0		-2.24010944706312	
355	355	0	0	0.0292440929995534		1.88093353904123	
356	356	0	0	0.322125160832296		-0.0385011088565245	
357	357	0	0	0		0.358626955672163	
358	358	0	0	0		-0.267424596094892	
359	359	0	0	0		1.18960005173441	
360	360	0	0	0.045171251276507		-0.563775661669749	
361	361	0	0	0.27109133212578		0.497629746882816	
362	362	0	0.4	0.198661205200688		0.556757922228013	
363	363	0	0.4	0.43492918491875		0.541722867874561	
364	364	0	0	0.170201563470518		1.50662942344447	
365	365	0	1	0.272454758693741		0.900217003347422	
366	366	0	0	0.578841786999318	18.1074285714286	2.41083959058813	15.6965889808404
367	367	0	0.6	0.478162780856628	18.18	1.27529997254628	16.9047000274537
368	368	0	0	0.706895534619054	21.348	1.74068728872603	19.607312711274
369	369	1	0.6	0.269881629532746	42.9026785714287	2.99692118653381	39.9057573848949
370	370	1	0	0.463406059845783	25.6430571428571	1.28862463378436	24.3544325090728
371	371	1	0	0.584323715991734	10.7829257142857	3.06692048545704	7.71600522882866
372	372	1	0	0.64486023975541	8.9941142857143	0.752048909940139	8.24206537577416
373	373	1	0	0.977293560616855	9.02065714285716	2.37456658460663	6.64609055825053
374	374	1	0	0.579551008983844	6.1885142857143	2.28918475387376	3.89932953184054
375	375	1	0	0.927633885126461	5.77188571428571	1.46951837773822	4.3023673365475
376	376	1	0	0.919724960772575	10.84895	3.72656821365597	7.12238178634403
377	377	1	0	0.305902198570507	3.97015714285715	1.38776564794138	2.58239149491577
378	378	1	2	0.136494703019158	0.724300000000001	4.91706828776382	-4.19276828776382
379	379	1	0.2	0.397687451996998	1.29342857142857	3.71153062828019	-2.41810205685161
380	380	1	0	0.716213724837091	1.22982857142857	1.52677073319643	-0.296942161767855
381	381	1	0	0.896569371529399	0.541200000000001	1.91129794732876	-1.37009794732876
382	382	1	0	0.937043270797178	0.6396	2.17857145029275	-1.53897145029275
383	383	1	0	0.928524717638796	1.1808	2.72594917936191	-1.54514917936191
384	384	0	0	0.769844593362786		2.66092976895521	
385	385	0	0	0.586559531127525		2.78173175441547	
386	386	0	0	0.45554927201982		2.95009683900485	
387	387	0	0	0.562358398592718		2.4485072380082	
388	388	0	0	0.828357637343178		2.24629929695188	
389	389	0	0	0.664188438603851		2.06891646006172	
390	390	0	0	0.638310564395269		1.9292994261268	
391	391	0	0	0.747392736319085		2.68964319901835	
392	392	0	0	0.421130995164052		1.9671029451496	
393	393	0	0	0.330905229949749		2.08328204455909	
394	394	0	0	0.202879292734313		2.59995191171261	
395	395	0	0.6	0.173518370132683		1.54101604641654	
396	396	0	0	0.155993432034375		1.93252871580802	
397	397	0	1.8	0.0719030751486365		2.35930554980636	
398	398	0	0	0.0861545950053966		1.76965070087324	
399	399	0	0	0.063474050443638		1.00981802528435	
400	400	0	0	0.167569527374472		0.62251541204374	
401	401	0	4.4	0.120975938008058		4.44074402139506	
402	402	0	5.6	0.0456959542491688		7.62888488359495	
403	403	0	0	0.167373249357137		4.35230975735378	
404	404	0	0	0.230343387125409		1.90073857160095	
405	405	0	1.6	0.214339762819865		3.1167083667649	
406	406	0	0.2	0.088721051235197		4.03491179599886	
407	407	0	0	0.178372842036087		2.46168546660994	
408	408	0	0	0.346484276189887		0.952197862420077	
409	409	0	0	0.380296057856029		0.742788015385443	
410	410	0	0	0.297010472033751		1.3453036321847	
411	411	0	12.2	0.104092229874698		11.0046718209422	
412	412	0	0.2	0.201868816153524		7.70923994591853	
413	413	0	7	0.128055869152146		8.90458804276686	
414	414	0	0	0.247011603263228		5.90082742765777	
415	415	0	0.2	0.203909871023818		4.68444864317745	
416	416	0	0	0.301759689098265		4.82845721865282	
417	417	0	6.2	0.312600050464621		7.46345042515374	
418	418	0	2.4	0.147076971681788		7.93629123153009	
419	419	0	4.6	0.131906084690534		7.07878367805888	
420	420	0	2.6	0.159454775626823		6.88562029115784	
421	421	0	0	0.170867683936947		4.09636941530716	
422	422	0	1.2	0.10019198013806		4.99786873362459	
423	423	0	1.6	0.127277133329127		4.33121163463351	
424	424	0	0	0.0343840038938836		3.47443243727703	
425	425	0	0	0.135967246195776		1.36659105330332	
426	426	0	0	0.0770323229121708		1.11856744666338	
427	427	0	0.6	0.0952586730543103		1.0846297840346	
428	428	0	1.2	0.00327728335466659		2.45353516218981	
429	429	0	0	0		0.750162138399288	
430	430	0	0	0		0.717631574948134	
431	431	0	0.4	0		0.556210126241612	
432	432	0	0.4	0.0103722277641651		1.07347177312379	
433	433	0	2.8	0.00327556867727452		2.92603507050462	
434	434	0	0.2	0.0212531282481301		1.81269001905965	
435	435	0	0	0.0412781563722433		0.756039319810463	
436	436	0	0	0.0557313743225798		0.618427140865397	
437	437	0	0	0.0331996471333653		0.746648853144334	
438	438	0	0	0.0767958312299051		0.928358813467513	
439	439	0	0	0		0.2841906290794	
440	440	0	0	0.0153953366995552		-0.00497966905539957	
441	441	0	0	0.0924053994580838		0.31968338040579	
442	442	0	0	0.0961894263332077		-0.0183649052982027	
443	443	0	0	0.142525624073169		0.155295411121288	
444	444	0	0	0.0752148523417802		0.371269028313991	
445	445	0	0.2	0.0496431356343692		0.298275905573024	
446	446	0	0	0.0119545989002248		0.595405964934499	
447	447	0	0	0		0.165385729073789	
448	448	0	0	0.00211336817474717		0.288627258395712	
449	449	0	0	0		0.109940416419702	
450	450	0	0	0		0.110989363889523	
451	451	0	0	0		0.0269005672456066	
452	452	0	0	0		-0.00393125442974528	
453	453	0	0	0		0.00331274349453122	
454	454	0	0	0		0	
455	455	0	0	0		0	
456	456	0	0	0		0	
457	457	0	0	0		0	
458	458	0	0	0		0	
459	459	0	0	0		0	
460	460	0	0	0		0	
461	461	0	0	0		0	
462	462	0	0	0		0	
463	463	0	0	0		0	
464	464	0	0	0		0	
465	465	0	0	0		0	
466	466	0	0	0		0	
467	467	0	0	0		0	
468	468	0	0	0		0	
469	469	0	0	0		0	
470	470	0	0	0		0	
471	471	0	0	0		0	
472	472	0	0	0		0	
473	473	0	0	0		0	
474	474	0	0	0		0	
475	475	0	0	0		0	
476	476	0	0	0		0	
477	477	0	0	0		0	
478	478	0	0	0		0	
479	479	0	0	0		0	
480	480	0	0	0		0	
481	481	0	0	0		0	
482	482	0	0	0		0	
483	483	0	0	0		0	
484	484	0	0	0		0	
485	485	0	0	0		0	
486	486	0	0	0		0	
487	487	0	0	0		0	
488	488	0	0	0		0	
489	489	0	0	0		0	
490	490	0	0	0		0	
491	491	0	0	0		0	
492	492	0	0	0		0	
493	493	0	0	0		0	
494	494	0	0	0		0	
495	495	0	0	0		0	
496	496	0	0	0		0	
497	497	0	0	0		0	
498	498	0	0	0		0	
499	499	0	0	0		0	
500	500	0	0	0		0	
501	501	0	0	0		0	
502	502	0	0	0		0	
503	503	0	0	0		0	
504	504	0	0	0		0	
505	505	0	0	0		0	
506	506	0	0	0		0	
507	507	0	0	0		0	
508	508	0	0	0		0	
509	509	0	0	0		0	
510	510	0	0	0		0	
511	511	0	0	0		0	
512	512	0	0	0		0	
513	513	0	0	0		0	
514	514	0	0	0		0	
515	515	0	0	0		0	
516	516	0	0	0		0	
517	517	0	0	0		0	
518	518	0	0	0		0	
519	519	0	0	0		0	
520	520	0	0	0		0	
521	521	0	0	0		0	
522	522	0	0	0		0	
523	523	0	0	0		0	
524	524	0	0	0		0	
525	525	0	0	0		0	
526	526	0	0	0		0	
527	527	0	0	0		0	
528	528	0	0	0		0	
529	529	0	0	0		0	
530	530	0	0	0		0	
531	531	0	0	0		0	
532	532	0	0	0		0	
533	533	0	0	0		0	
534	534	0	0	0		0	
535	535	0	0	0		0	
536	536	0	0	0		0	
537	537	0	0	0		0	
538	538	0	0	0		0	
539	539	0	0	0		0	
540	540	0	0	0		0	
541	541	0	0	0		0	
542	542	0	0	0		0	
543	543	0	0	0		0	
544	544	0	0	0		0	
545	545	0	0	0		0	
546	546	0	0	0		0	
547	547	0	0	0		0	
548	548	0	0	0		0	
549	549	0	0	0		0	
550	550	0	0	0		0	
551	551	0	0	0		0	
552	552	0	0	0		0	
553	553	0	0	0		0	
554	554	0	0	0		0	
555	555	0	0	0		0	
556	556	0	0	0		0	
557	557	0	0	0		0	
558	558	0	0	0		0	
559	559	0	0	0		0	
560	560	0	0	0		0	
561	561	0	0	0		0	
562	562	0	0	0		0	
563	563	0	0	0		0	
564	564	0	0	0		0	
565	565	0	0	0		0	
566	566	0	0	0		0	
567	567	0	0	0		0	
568	568	0	0	0		0	
569	569	0	0	0		0	
570	570	0	0	0		0	
571	571	0	0	0		0	
572	572	0	0	0		0	
573	573	0	0	0		0	
574	574	0	0	0		0	
575	575	0	0	0		0	
576	576	0	0	0		0	
577	577	0	0	0		0	
578	578	0	0	0		0	
579	579	0	0	0		0	
580	580	0	0	0		0	
581	581	0	0	0		0	
582	582	0	0	0		0	
583	583	0	0	0		0	
584	584	0	0	0		0	
585	585	0	0	0		0	
586	586	0	0	0		0	
587	587	0	0	0		0	
588	588	0	0	0		0	
589	589	0	0	0		0	
590	590	0	0	0		0	
591	591	0	0	0		0	
592	592	0	0	0		0	
593	593	0	0	0		0	
594	594	0	0	0		0	
595	595	0	0	0		0	
596	596	0	0	0		0	
597	597	0	0	0		0	
598	598	0	0	0		0	
599	599	0	0	0		0	
600	600	0	0	0		0	
601	601	0	0	0		0	
602	602	0	0	0		0	
603	603	0	0	0		0	
604	604	0	0	0		0	
605	605	0	0	0		0	
606	606	0	0	0		0	
607	607	0	0	0		0	
608	608	0	0	0		0	
609	609	0	0	0		0	
610	610	0	0	0		0	
611	611	0	0	0		0	
612	612	0	0	0		0	
613	613	0	0	0		0	
614	614	0	0	0		0	
615	615	0	0	0		0	
616	616	0	0	0		0	
617	617	0	0	0		0	
618	618	0	0	0		0	
619	619	0	0	0		0	
620	620	0	0	0		0	
621	621	0	0	0		0	
622	622	0	0	0		0	
623	623	0	0	0		0	
624	624	0	0	0		0	
625	625	0	0	0		0	
626	626	0	0	0		0	
627	627	0	0	0		0	
628	628	0	0	0		0	
629	629	0	0	0		0	
630	630	0	0	0		0	
631	631	0	0	0		0	
632	632	0	0	0		0	
633	633	0	0	0		0	
634	634	0	0	0		0	
635	635	0	0	0		0	
636	636	0	0	0		0	
637	637	0	0	0		0	
638	638	0	0	0		0	
639	639	0	0	0		0	
640	640	0	0	0		0	
641	641	0	0	0		0	
642	642	0	0	0		0	
643	643	0	0	0		0	
644	644	0	0	0		0	
645	645	0	0	0		0	
646	646	0	0	0		0	
647	647	0	0	0		0	
648	648	0	0	0		0	
649	649	0	0	0		0	
650	650	0	0	0		0	
651	651	0	0	0		0	
652	652	0	0	0		0	
653	653	0	0	0		0	
654	654	0	0	0		0	
655	655	0	0	-26.8021723991265		6.17324609908921	
656	656	0	0	0		-32.7124023101335	
657	657	0	0	0		31.6476343608075	
658	658	0	0	0		-103.506003081749	
659	659	0	0	0		49.8569819636222	
660	660	0	0	0		-42.0128983276342	
661	661	0	0	0		0	
662	662	0	0	0		0	
663	663	0	0	0		0	
664	664	0	0	0		0	
665	665	0	0	0		0	
666	666	0	0	0		0	
667	667	0	0	0		0	
668	668	0	0	0		0	
669	669	0	0	0		0	
670	670	0	0	0		0	
671	671	0	0	0		0	
672	672	0	0	0		0	
673	673	0	0	0		0	
674	674	0	0	0		0	
675	675	0	0	0		0	
676	676	0	0	0		0	
677	677	0	0	0		0	
678	678	0	0	0		0	
679	679	0	0	0		0	
680	680	0	0	0		0	
681	681	0	0	0		0	
682	682	0	0	0		0	
683	683	0	0	0		0	
684	684	0	0	0		0	
685	685	0	0	0		0	
686	686	0	0	0		0	
687	687	0	0	0		0	
688	688	0	0	0		0	
689	689	0	0	0		0	
690	690	0	0	0		0	
691	691	0	0	0		0	
692	692	0	0	0		0	
693	693	0	0	0		0	
694	694	0	0	0		0	
695	695	0	0	0		0	
696	696	0	0	0		0	
697	697	0	0	0		0	
698	698	0	0	0		0	
699	699	0	0	0		0	
700	700	0	0	0		0	
701	701	0	0	0		0	
702	702	0	0	0		0	
703	703	0	0	0		0	
704	704	0	0	0		0	
705	705	0	0	0		0	
706	706	0	0	0		0	
707	707	0	0	0		0	
708	708	0	0	0		0	
709	709	0	0	0		0	
710	710	0	0	0.57282196186948		-0.131935982237718	
711	711	0	0	0.430103446623096		0.600072554014603	
712	712	0	0	0		-0.151433360017795	
713	713	0	0	0		1.70429301230798	
714	714	0	0	0		0.595441078905524	
715	715	0	0	0		0.097837258265096	
716	716	0	0	0.0687263539750647		0.658365576267059	
717	717	0	0	0.101368511227576		0.0605335772740467	
718	718	0	0	0		0.0425704671364126	
719	719	0	0	0		0.145716420637529	
720	720	0	0	0.368083227047028		0.178847163135234	
721	721	0	0	0.288022827590493		0.3020768606129	
722	722	0	0	0.34606224107912		-0.00390219104953402	
723	723	0	0	0.762477649289648		1.32814411638837	
724	724	0	0	0.829611686165616		0.758505683956284	
725	725	0	0	0.00142545305321384		1.4895431155494	
726	726	0	0	0.214660484361714		1.72502059830362	
727	727	0	0	0.260542634950927		2.52824980675662	
728	728	0	0	0.410875170438589		-0.372635859171456	
729	729	0	0	0.743604974737024		2.14932841457377	
730	730	0	0	0.500583759149536		0.916229517538329	
731	731	0	0	0.201506674582649		1.12508398717023	
732	732	0	0	0.0747791379373313		2.15342916337642	
733	733	0	0	0.0610569445078673		1.03326166229801	
734	734	0	0	0.03022747406468		0.991885646945423	
735	735	0	0	0.0698929761278189		0.647320234197516	
736	736	0	0	0.0695115259177213		0.446158048653162	
737	737	0	0	0.0597093378708502		0.108932945037452	
738	738	0	0	0.0277316055693451		0.293805948184498	
739	739	0	0	0.206806336489309		0.101521356364594	
740	740	0	0	0.49586229700916		0.316297453985669	
741	741	0	0	0.786714838734916		0.284796774966915	
742	742	0	0	0.856893836382383		1.01798810127695	
743	743	0	0	0.909284893829602		1.48119421495474	
744	744	0	0	0.96661248944435		2.31530255272945	
745	745	0	0	0.970226223365973		2.50565869613234	
746	746	0	0	0.942074707233029		2.97655901644219	
747	747	0	0	0.568484582166729		3.25792081032149	
748	748	0	0	0.669043145281059		2.80146855963731	
749	749	0	0.2	0.380052571293701		3.56880762332695	
750	750	0	0.4	0.109197133564807		2.04756301148196	
751	751	0	0	0.182792367990531		2.89878606806793	
752	752	0	0.2	0.0961463988209399		1.4433774196866	
753	753	0	2.4	0.209678691003315		2.76830455777913	
754	754	0	0	0.210131492659999		2.67561682066043	
755	755	0	0.2	0.0986732134465402		0.894394993449414	
756	756	0	0.2	0.166145567863138		1.39586287056613	
757	757	0	0	0.370351386523868		1.20205005130166	
758	758	0	1.4	0.0968681963231308		2.44599416618636	
759	759	0	0.2	0.212467720964934		1.41596237239434	
760	760	0	0	0.529190629193891		1.73552921982325	
761	761	0	0	0.564437014895251		0.497922766007835	
762	762	0	0.2	0.419691132963052		1.62821488014659	
763	763	0	15	0.123508462565042		14.3554352543209	
764	764	0	4.4	0.142244264420643		13.0707483393067	
765	765	0	8.6	0.170957059756763		13.321735512364	
766	766	0	0.2	0.206256386441559		8.33826963128805	
767	767	0	0	0.184645836329295		5.8735047487659	
768	768	0	1.6	0.149294138381958		8.20161590326829	
769	769	0	2.6	0.206094812444086		6.44542984438959	
770	770	0	0	0.275617220010396		4.83174567355702	
771	771	0	0.8	0.422273239331492		1.91694057855345	
772	772	0	12	0.2498817352628		11.7790217803904	
773	773	0	0.2	0.317763456043298		8.47355021206625	
774	774	0	0	0.160203246677462		4.46926856763082	
775	775	0	0	0.258354080304983		2.22923760507467	
776	776	0	0	0.301426383944012		3.87895561145363	
777	777	0	0	0.370151698747605		3.90685557332225	
778	778	0	0	0.449479143191578		1.24805155483195	
779	779	0	0	0.440762177865491		0.944605212883592	
780	780	0	0	0.512623599087615		1.16288347091402	
781	781	0	0	0.279364497163566		1.56063552538371	
782	782	0	0	0.335529879794755		1.10465129922648	
783	783	0	0.2	0.22056780293558		2.05568125782375	
784	784	0	0.4	0.0803323497131068		1.10574077401258	
785	785	0	0.6	0.105864043038977		2.13373062075909	
786	786	0	0.2	0.27904525722019		1.22288714262328	
787	787	0	0	0.180455956163492		0.901490426984454	
788	788	0	0	0.0914878794150198		0.721351826285771	
789	789	0	0	0.147078422237328		1.12207933438451	
790	790	0	1.2	0.0943312048372604		1.57782147014122	
791	791	0	0	0.13914274321893		1.08267466575205	
792	792	0	0	0.0965412020981695		0.916620768174476	
793	793	0	0.6	0.0926089222564066		0.8218879613145	
794	794	0	0	0.118375232476541		1.108183771221	
795	795	0	0.2	0.137152719779881		0.875195681473854	
796	796	0	0	0.129442202311065		0.58807747955596	
797	797	0	0	0.0650648567708956		0.557465862034474	
798	798	0	0	0.0520977528710773		0.570934783731167	
799	799	0	0	0.0875724311612487		0.432539471133703	
800	800	0	0	0.00409052111624675		0.327804717189261	
801	801	0	0	0.0980319260393969		0.162073062025405	
802	802	0	0	0.100884675208331		0.434853458987886	
803	803	0	0.2	0.107476742694292		0.0796728529036759	
804	804	0	0	0.140855593260081		0.597909907383518	
805	805	0	0	0.104486200309776		0.26788882436119	
806	806	0	3.2	0.10334584162338		2.94633769544697	
807	807	0	0.2	0.150933386658725		2.42913437647078	
808	808	0	0.6	0.165371838545401		1.52212622650852	
809	809	0	0.2	0.118032395275876		1.39618413072323	
810	810	0	0	0.0413291354849292		1.30185615639492	
811	811	0	1	0.0232909695710362		2.31751307713402	
812	812	0	1	0.0148242831902508		1.91655932963284	
813	813	0	0.4	3.70502599906786e-05		1.44089879167867	
814	814	0	0	0.0105757201071448		0.762734620748134	
815	815	0	0	0		0.476432361941287	
816	816	0	0	0		0.520347781085871	
817	817	0	0	0		0.424818140637731	
818	818	0	0	0.00542512419689345		0.0949477974490065	
819	819	0	0	0		0.0231990709430133	
820	820	0	0	0		-0.00640591159509327	
821	821	0	0	0		0.0209510226813117	
822	822	0	1.4	0.00583122689277005		1.12600182592913	
823	823	0	0	0		0.785985959077788	
824	824	0	0.2	0		0.38863259223194	
825	825	0	0	0.000499759471367156		0.328578124891314	
826	826	0	0	0		0.272524407547493	
827	827	0	0	0		0.441910047908823	
828	828	0	0	0		0.0375688566624003	
829	829	0	0	0		0.056976384551551	
830	830	0	0	0		0.000783382165674929	
831	831	0	0	0		0	
832	832	0	0	0		0	
833	833	0	0	0		0	
834	834	0	0	0		0	
835	835	0	0	0		0	
836	836	0	0	0		0	
837	837	0	0	0		0	
838	838	0	0	0		0	
839	839	0	0	0		0	
840	840	0	0	0		0	
841	841	0	0	0		0	
842	842	0	0	0		0	
843	843	0	0	0		0	
844	844	0	0	0		0	
845	845	0	0	0		0	
846	846	0	0	0		0	
847	847	0	0	0		0	
848	848	0	0	0		0	
849	849	0	0	0		0	
850	850	0	0	0		0	
851	851	0	0	0		0	
852	852	0	0	0		0	
853	853	0	0	0		0	
854	854	0	0	0		0	
855	855	0	0	0		0	
856	856	0	0	0		0	
857	857	0	0	0		0	
858	858	0	0	0		0	
859	859	0	0	0		0	
860	860	0	0	0		0	
861	861	0	0	0		0	
862	862	0	0	0		0	
863	863	0	0	0		0	
864	864	0	0	0		0	
865	865	0	0	0		0	
866	866	0	0	0		0	
867	867	0	0	0		0	
868	868	0	0	0		0	
869	869	0	0	0		0	
870	870	0	0	0		0	
871	871	0	0	0		0	
872	872	0	0	0		0	
873	873	0	0	0		0	
874	874	0	0	0		0	
875	875	0	0	0		0	
876	876	0	0	0		0	
877	877	0	0	0		0	
878	878	0	0	0		0	
879	879	0	0	0		0	
880	880	0	0	0		0	
881	881	0	0	0		0	
882	882	0	0	0		0	
883	883	0	0	0		0	
884	884	0	0	0		0	
885	885	0	0	0		0	
886	886	0	0	0		0	
887	887	0	0	0		0	
888	888	0	0	0		0	
889	889	0	0	0		0	
890	890	0	0	0		0	
891	891	0	0	0		0	
892	892	0	0	0		0	
893	893	0	0	0		0	
894	894	0	0	0		0	
895	895	0	0	0		0	
896	896	0	0	0		0	
897	897	0	0	0		0	
898	898	0	0	0		0	
899	899	0	0	0		0	
900	900	0	0	0		0	
901	901	0	0	0		0	
902	902	0	0	0		0	
903	903	0	0	0		0	
904	904	0	0	0		0	
905	905	0	0	0		0	
906	906	0	0	0		0	
907	907	0	0	0		0	
908	908	0	0	0		0	
909	909	0	0	0		0	
910	910	0	0	0		0	
911	911	0	0	0		0	
912	912	0	0	0		0	
913	913	0	0	0		0	
914	914	0	0	0		0	
915	915	0	0	0		0	
916	916	0	0	0		0	
917	917	0	0	0		0	
918	918	0	0	0		0	
919	919	0	0	0		0	
920	920	0	0	0		0	
921	921	0	0	0		0	
922	922	0	0	0		0	
923	923	0	0	0		0	
924	924	0	0	0		0	
925	925	0	0	0		0	
926	926	0	0	0		0	
927	927	0	0	0		0	
928	928	0	0	0		0	
929	929	0	0	0		0	
930	930	0	0	0		0	
931	931	0	0	0		0	
932	932	0	0	0		0	
933	933	0	0	0		0	
934	934	0	0	0		0	
935	935	0	0	0		0	
936	936	0	0	0		0	
937	937	0	0	0		0	
938	938	0	0	0		0	
939	939	0	0	0		0	
940	940	0	0	0		0	
941	941	0	0	0		0	
942	942	0	0	0		0	
943	943	0	0	0		0	
944	944	0	0	0		0	
945	945	0	0	0		0	
946	946	0	0	0		0	
947	947	0	0	0		0	
948	948	0	0	0		0	
949	949	0	0	0		0	
950	950	0	0	0		0	
951	951	0	0	0		0	
952	952	0	0	0		0	
953	953	0	0	0		0	
954	954	0	0	0		0	
955	955	0	0	0		0	
956	956	0	0	0		0	
957	957	0	0	0		0	
958	958	0	0	0		0	
959	959	0	0	0		0	
960	960	0	0	0		0	
961	961	0	0	0		0	
962	962	0	0	0		0	
963	963	0	0	0		0	
964	964	0	0	0		0	
965	965	0	0	0		0	
966	966	0	0	0		0	
967	967	0	0	0		0	
968	968	0	0	0		0	
969	969	0	0	0		0	
970	970	0	0	0		0	
971	971	0	0	0		0	
972	972	0	0	0		0	
973	973	0	0	0		0	
974	974	0	0	0		0	
975	975	0	0	0		0	
976	976	0	0	0		0	
977	977	0	0	0		0	
978	978	0	0	0		0	
979	979	0	0	0		0	
980	980	0	0	0		0	
981	981	0	0	0		0	
982	982	0	0	0		0	
983	983	0	0	0		0	
984	984	0	0	0		0	
985	985	0	0	0		0	
986	986	0	0	0		0	
987	987	0	0	0		0	
988	988	0	0	0		0	
989	989	0	0	0		0	
990	990	0	0	0		0	
991	991	0	0	0		0	
992	992	0	0	0		0	
993	993	0	0	0		0	
994	994	0	0	0		0	
995	995	0	0	0		0	
996	996	0	0	0		0	
997	997	0	0	0		0	
998	998	0	0	0		0	
999	999	0	0	0		0	
1000	1000	0	0	0		0	
1001	1001	0	0	0		0	
1002	1002	0	0	0		0	
1003	1003	0	0	0		0	
1004	1004	0	0	0		0	
1005	1005	0	0	0		0	
1006	1006	0	0	0		0	
1007	1007	0	0	0		0	
1008	1008	0	0	0		0	
1009	1009	0	0	0		0	
1010	1010	0	0	0		0	
1011	1011	0	0	0		0	
1012	1012	0	0	0		0	
1013	1013	0	0	0		0	
1014	1014	0	0	0		0	
1015	1015	0	0	0		0	
1016	1016	0	0	0		0	
1017	1017	0	0	0		0	
1018	1018	0	0	0		0	
1019	1019	0	0	0		0	
1020	1020	0	0	-26.3801276117554		6.07603807063237	
1021	1021	0	0	0		-32.1972911216902	
1022	1022	0	0	0		31.1492897148697	
1023	1023	0	0	0		-101.876128890518	
1024	1024	0	0	0		49.0719008501044	
1025	1025	0	0	0		-41.3513353588762	
1026	1026	0	0	0		0	
1027	1027	0	0	0		0	
1028	1028	0	0	0		0	
1029	1029	0	0	0		0	
1030	1030	0	0	0		0	
1031	1031	0	0	0		0	
1032	1032	0	0	0		0	
1033	1033	0	0	0		0	
1034	1034	0	0	0		0	
1035	1035	0	0	0		0	
1036	1036	0	0	0		0	
1037	1037	0	0	0		0	
1038	1038	0	0	0		0	
1039	1039	0	0	0		0	
1040	1040	0	0	0		0	
1041	1041	0	0	0		0	
1042	1042	0	0	0		0	
1043	1043	0	0	0		0	
1044	1044	0	0	0		0	
1045	1045	0	0	0		0	
1046	1046	0	0	0		0	
1047	1047	0	0	0		0	
1048	1048	0	0	0		0	
1049	1049	0	0	0		0	
1050	1050	0	0	0		0	
1051	1051	0	0	0		0	
1052	1052	0	0	0		0	
1053	1053	0	0	0		0	
1054	1054	0	0	0		0	
1055	1055	0	0	0		0	
1056	1056	0	0	0		0	
1057	1057	0	0	0		0	
1058	1058	0	0	0		0	
1059	1059	0	0	0		0	
1060	1060	0	0	0		0	
1061	1061	0	0	0		0	
1062	1062	0	0	0		0	
1063	1063	0	0	0		0	
1064	1064	0	0	0		0	
1065	1065	0	0	0		0	
1066	1066	0	0	0		0	
1067	1067	0	0	0		0	
1068	1068	0	0	0		0	
1069	1069	0	0	0		0	
1070	1070	0	0	0		0	
1071	1071	0	0	0		0	
1072	1072	0	0	0		0	
1073	1073	0	0	0		0	
1074	1074	0	0	0		0	
1075	1075	0	0	0		0	
1076	1076	0	0	0		0	
1077	1077	0	0	0		0	
1078	1078	0	0	0		0	
1079	1079	0	0	0		0	
1080	1080	0	0	0.214239206262533		-0.0493449308749038	
1081	1081	0	0	0.0838667941802629		0.242165024879057	
1082	1082	0	0	0		-0.150610170464835	
1083	1083	0	0	0		0.728331197028169	
1084	1084	0	0	0		-0.0746433369601911	
1085	1085	0	0	0		0.179816198252114	
1086	1086	0	0	0		0.131462742813894	
1087	1087	0	0	0		0	
1088	1088	0	0	0		0	
1089	1089	0	0	1.37836257218241		-0.317473197513383	
1090	1090	0	0	1.20938052252859		1.40375738343783	
1091	1091	0	0	0.311287074529938		-0.223184305044991	
1092	1092	0	0	0.337430856487926	69.7583411159477	4.19722217610692	65.5611189398407
1093	1093	0	0	0.363048430745553	120.967314285714	2.06709487837872	118.900219407336
1094	1094	0	0	0.284517297431932	58.1645999999999	1.09222218350266	57.0723778164973
1095	1095	1	4.2	0.221345984102986	42.0278285714286	5.8996852865804	36.1281432848482
1096	1096	1	0.6	0.553563285275323	25.3510714285713	3.86757254391635	21.4834988846549
1097	1097	1	0	0.69091460345197	12.675	2.23672628444656	10.4382737155535
1098	1098	1	0	0.190694222974229	13.3866857142857	1.72857835351735	11.6581073607684
1099	1099	1	0	0.386848000340174	7.11814285714284	2.3323101839646	4.78583267317824
1100	1100	1	0	0.421648681530717	7.24279999999999	3.45825391236123	3.78454608763876
1101	1101	1	0	0.403035311349094	4.93871428571429	0.457656228793986	4.48105805692031
1102	1102	1	0	0.386923238631645	5.28660000000001	2.12715870913732	3.15944129086269
1103	1103	1	0	0.217932087396616	3.43980000000001	1.15380345160388	2.28599654839613
1104	1104	1	0	0.443054295030695	3.42428571428571	1.08557778379144	2.33870793049427
1105	1105	1	0	1.01159074218881	4.85228571428572	1.45588846349428	3.39639725079144
1106	1106	1	0	0.484321268830962	3.96045	1.35359343320669	2.60685656679331
1107	1107	1	0	0.526943787926912	1.62035714285714	1.18740428447485	0.432952858382295
1108	1108	1	0	0.717982582188473	1.1844	3.32995450387082	-2.14555450387082
1109	1109	1	0	0.90919899230432	1.3815	0.727813915052313	0.653686084947687
1110	1110	1	0	1.00501009412115	1.33851428571429	2.75016386023035	-1.41164957451607
1111	1111	1	0	1.00814804824323	0.82136103896104	2.47256718304095	-1.65120614407991
1112	1112	0	0	1.05249756524449		2.80294335035707	
1113	1113	0	0	1.04847558353217		3.1680609044294	
1114	1114	0	0	0.773749087907897		3.30768871296351	
1115	1115	0	0	0.723076470603779		3.30442149624536	
1116	1116	0	0	0.58040035398507		3.50671844313985	
1117	1117	0	0	0.56674079535631		2.41160750613795	
1118	1118	0	0.4	0.392608519507739		3.23754225698817	
1119	1119	0	1.6	0.274509400170516		3.37601947099138	
1120	1120	0	0.2	0.159445969885052		3.18667079095238	
1121	1121	0	0	0.25415386240596		1.61607581310303	
1122	1122	0	0	0.193909462514085		1.62413740510833	
1123	1123	0	2.8	0.18721027337585		3.31780143878176	
1124	1124	0	0.8	0.212588506667206		3.75534696176938	
1125	1125	0	1.6	0.162952158881119		2.79098681211344	
1126	1126	0	0.2	0.175796984411019		2.23634457781801	
1127	1127	0	0	0.24068963860822		1.73079233130373	
1128	1128	0	0	0.296100804559206		1.75595372992274	
1129	1129	0	0	0.437219453886026		1.23025829470133	
1130	1130	0	0	0.426674591020735		1.44253632261367	
1131	1131	0	2.2	0.182942766431395		2.77900434142456	
1132	1132	0	0.2	0.174472085364634		2.56731126313506	
1133	1133	0	0	0.194333356735932		1.72699509038698	
1134	1134	0	0	0.273463465288998		0.907821174675192	
1135	1135	0	0	0.259859082556574		1.46679030590226	
1136	1136	0	0	0.368630185292158		1.29466190380777	
1137	1137	0	0	0.460211895825253		1.06305462717535	
1138	1138	0	0	0.465461981605404		0.818678843572764	
1139	1139	0	0.6	0.547274959929673		1.75497976900704	
1140	1140	0	0	0.418593036331337		1.85097224027202	
1141	1141	0	0.4	0.108187997584047		1.78391624224949	
1142	1142	0	0	0.0999092088824582		1.88796072695898	
1143	1143	0	0.2	0.175913089295449		1.61779482235025	
1144	1144	0	8.8	0.144254955095526		8.04992316292105	
1145	1145	0	0	0.0447692364248979		5.74563583875137	
1146	1146	0	0	0.100678863362869		2.13277657527138	
1147	1147	0	0.2	0.104677123557888		1.86327225302719	
1148	1148	0	0	0.100093495744932		1.90219173967915	
1149	1149	0	0	0.0986884014980873		3.08863851388194	
1150	1150	0	0	0.146526498452658		0.283672791718327	
1151	1151	0	0	0.211384969997962		0.398902359677817	
1152	1152	0	0.4	0.118335881982965		0.799624606946959	
1153	1153	0	0	0.00831376503038328		0.652202736577856	
1154	1154	0	0	0.0568115438658232		0.622378551921678	
1155	1155	0	0	0.064730916567342		0.394111553175505	
1156	1156	0	0	0.064647799040813		0.211640071645617	
1157	1157	0	0	0.0354276744674848		0.499548514912938	
1158	1158	0	0	0.0852415792447374		0.104604538852903	
1159	1159	0	0	0.139528552108555		0.248370741001438	
1160	1160	0	0	0.252887727889711		0.129424130810527	
1161	1161	0	0	0.291952433491652		0.441279973203977	
1162	1162	0	0	0.268486415695108		0.43169293792815	
1163	1163	0	3.6	0.30614045602605		3.68796636436501	
1164	1164	0	0.6	0.167065379804111		3.36232761095932	
1165	1165	0	0	0.262148990565478		1.60158352849438	
1166	1166	0	0	0.123326493428461		1.83893981157668	
1167	1167	0	0.2	0.097591171262863		1.2031058523021	
1168	1168	0	0	0.155045581350112		2.37854403682338	
1169	1169	0	0	0.257116270625254		0.472289056198095	
1170	1170	0	0	0.176450606431498		0.676510210461738	
1171	1171	0	0	0.0818793906803847		0.539082769598853	
1172	1172	0	2.4	0.0880164234087921		2.7366167319431	
1173	1173	0	0.2	0.144661276502543		1.90671944674374	
1174	1174	0	0	0.110747387642633		0.947661333669173	
1175	1175	0	0.2	0.0721358863018686		0.943914241228818	
1176	1176	0	0	0.0365633414741708		1.03786916135869	
1177	1177	0	0	0		1.01981043064612	
1178	1178	0	0	0		0.342076654604987	
1179	1179	0	0	0		0.216253565998725	
1180	1180	0	0	0.0303706227264833		0.0959706479896028	
1181	1181	0	0	0.0221377602259629		0.0892825439415278	
1182	1182	0	0	0.000308029824900302		-0.00891273233223275	
1183	1183	0	0	0.00539811662661194		0.0902794924769	
1184	1184	0	0	0.00380889957824238		0.0343452444092242	
1185	1185	0	0	0.0156033570346636		0.00229668620595398	
1186	1186	0	0	0		0.0695216832475264	
1187	1187	0	0	0.00155503214653407		-0.0136316390707979	
1188	1188	0	0	0.0185084420140313		0.0592691911237557	
1189	1189	0	0	0		-0.00230096523915973	
1190	1190	0	0	0		0.00860933979283419	
1191	1191	0	0	0		0.0685842035147869	
1192	1192	0	0	0		-0.0319915729005501	
1193	1193	0	0	0		0.0290123233653908	
1194	1194	0	0	0		0	
1195	1195	0	0	0		0	
1196	1196	0	0	0		0	
1197	1197	0	0	0		0	
1198	1198	0	0	0		0	
1199	1199	0	0	0		0	
1200	1200	0	0	0		0	
1201	1201	0	0	0		0	
1202	1202	0	0	0		0	
1203	1203	0	0	0		0	
1204	1204	0	0	0		0	
1205	1205	0	0	0		0	
1206	1206	0	0	0		0	
1207	1207	0	0	0		0	
1208	1208	0	0	0		0	
1209	1209	0	0	0		0	
1210	1210	0	0	0		0	
1211	1211	0	0	0		0	
1212	1212	0	0	0		0	
1213	1213	0	0	0		0	
1214	1214	0	0	0		0	
1215	1215	0	0	0		0	
1216	1216	0	0	0		0	
1217	1217	0	0	0		0	
1218	1218	0	0	0		0	
1219	1219	0	0	0		0	
1220	1220	0	0	0		0	
1221	1221	0	0	0		0	
1222	1222	0	0	0		0	
1223	1223	0	0	0		0	
1224	1224	0	0	0		0	
1225	1225	0	0	0		0	
1226	1226	0	0	0		0	
1227	1227	0	0	0		0	
1228	1228	0	0	0		0	
1229	1229	0	0	0		0	
1230	1230	0	0	0		0	
1231	1231	0	0	0		0	
1232	1232	0	0	0		0	
1233	1233	0	0	0		0	
1234	1234	0	0	0		0	
1235	1235	0	0	0		0	
1236	1236	0	0	0		0	
1237	1237	0	0	0		0	
1238	1238	0	0	0		0	
1239	1239	0	0	0		0	
1240	1240	0	0	0		0	
1241	1241	0	0	0		0	
1242	1242	0	0	0		0	
1243	1243	0	0	0		0	
1244	1244	0	0	0		0	
1245	1245	0	0	0		0	
1246	1246	0	0	0		0	
1247	1247	0	0	0		0	
1248	1248	0	0	0		0	
1249	1249	0	0	0		0	
1250	1250	0	0	0		0	
1251	1251	0	0	0		0	
1252	1252	0	0	0		0	
1253	1253	0	0	0		0	
1254	1254	0	0	0		0	
1255	1255	0	0	0		0	
1256	1256	0	0	0		0	
1257	1257	0	0	0		0	
1258	1258	0	0	0		0	
1259	1259	0	0	0		0	
1260	1260	0	0	0		0	
1261	1261	0	0	0		0	
1262	1262	0	0	0		0	
1263	1263	0	0	0		0	
1264	1264	0	0	0		0	
1265	1265	0	0	0		0	
1266	1266	0	0	0		0	
1267	1267	0	0	0		0	
1268	1268	0	0	0		0	
1269	1269	0	0	0		0	
1270	1270	0	0	0		0	
1271	1271	0	0	0		0	
1272	1272	0	0	0		0	
1273	1273	0	0	0		0	
1274	1274	0	0	0		0	
1275	1275	0	0	0		0	
1276	1276	0	0	0		0	
1277	1277	0	0	0		0	
1278	1278	0	0	0		0	
1279	1279	0	0	0		0	
1280	1280	0	0	0		0	
1281	1281	0	0	0		0	
1282	1282	0	0	0		0	
1283	1283	0	0	0		0	
1284	1284	0	0	0		0	
1285	1285	0	0	0		0	
1286	1286	0	0	0		0	
1287	1287	0	0	0		0	
1288	1288	0	0	0		0	
1289	1289	0	0	0		0	
1290	1290	0	0	0		0	
1291	1291	0	0	0		0	
1292	1292	0	0	0		0	
1293	1293	0	0	0		0	
1294	1294	0	0	0		0	
1295	1295	0	0	0		0	
1296	1296	0	0	0		0	
1297	1297	0	0	0		0	
1298	1298	0	0	0		0	
1299	1299	0	0	0		0	
1300	1300	0	0	0		0	
1301	1301	0	0	0		0	
1302	1302	0	0	0		0	
1303	1303	0	0	0		0	
1304	1304	0	0	0		0	
1305	1305	0	0	0		0	
1306	1306	0	0	0		0	
1307	1307	0	0	0		0	
1308	1308	0	0	0		0	
1309	1309	0	0	0		0	
1310	1310	0	0	0		0	
1311	1311	0	0	0		0	
1312	1312	0	0	0		0	
1313	1313	0	0	0		0	
1314	1314	0	0	0		0	
1315	1315	0	0	0		0	
1316	1316	0	0	0		0	
1317	1317	0	0	0		0	
1318	1318	0	0	0		0	
1319	1319	0	0	0		0	
1320	1320	0	0	0		0	
1321	1321	0	0	0		0	
1322	1322	0	0	0		0	
1323	1323	0	0	0		0	
1324	1324	0	0	0		0	
1325	1325	0	0	0		0	
1326	1326	0	0	0		0	
1327	1327	0	0	0		0	
1328	1328	0	0	0		0	
1329	1329	0	0	0		0	
1330	1330	0	0	0		0	
1331	1331	0	0	0		0	
1332	1332	0	0	0		0	
1333	1333	0	0	0		0	
1334	1334	0	0	0		0	
1335	1335	0	0	0		0	
1336	1336	0	0	0		0	
1337	1337	0	0	0		0	
1338	1338	0	0	0		0	
1339	1339	0	0	0		0	
1340	1340	0	0	0		0	
1341	1341	0	0	0		0	
1342	1342	0	0	0		0	
1343	1343	0	0	0		0	
1344	1344	0	0	0		0	
1345	1345	0	0	0		0	
1346	1346	0	0	0		0	
1347	1347	0	0	0		0	
1348	1348	0	0	0		0	
1349	1349	0	0	0		0	
1350	1350	0	0	0		0	
1351	1351	0	0	0		0	
1352	1352	0	0	0		0	
1353	1353	0	0	0		0	
1354	1354	0	0	0		0	
1355	1355	0	0	0		0	
1356	1356	0	0	0		0	
1357	1357	0	0	0		0	
1358	1358	0	0	0		0	
1359	1359	0	0	0		0	
1360	1360	0	0	0		0	
1361	1361	0	0	0		0	
1362	1362	0	0	0		0	
1363	1363	0	0	0		0	
1364	1364	0	0	0		0	
1365	1365	0	0	0		0	
1366	1366	0	0	0		0	
1367	1367	0	0	0		0	
1368	1368	0	0	0		0	
1369	1369	0	0	0		0	
1370	1370	0	0	0		0	
1371	1371	0	0	0		0	
1372	1372	0	0	0		0	
1373	1373	0	0	0		0	
1374	1374	0	0	0		0	
1375	1375	0	0	0		0	
1376	1376	0	0	0		0	
1377	1377	0	0	0		0	
1378	1378	0	0	0		0	
1379	1379	0	0	0		0	
1380	1380	0	0	0		0	
1381	1381	0	0	0		0	
1382	1382	0	0	0		0	
1383	1383	0	0	0		0	
1384	1384	0	0	0		0	
1385	1385	0	0	-30.1633573230833		6.94741549891033	
1386	1386	0	0	0		-36.8147725148269	
1387	1387	0	0	0		35.616475017019	
1388	1388	0	0	0		-116.486399294287	
1389	1389	0	0	0		56.1094055968488	
1390	1390	0	0	0		-47.2816175332153	
1391	1391	0	0	0		0	
1392	1392	0	0	0		0	
1393	1393	0	0	0		0	
1394	1394	0	0	0		0	
1395	1395	0	0	0		0	
1396	1396	0	0	0		0	
1397	1397	0	0	0		0	
1398	1398	0	0	0		0	
1399	1399	0	0	0		0	
1400	1400	0	0	0		0	
1401	1401	0	0	0		0	
1402	1402	0	0	0		0	
1403	1403	0	0	0		0	
1404	1404	0	0	0		0	
1405	1405	0	0	0		0	
1406	1406	0	0	0		0	
1407	1407	0	0	0		0	
1408	1408	0	0	0		0	
1409	1409	0	0	0		0	
1410	1410	0	0	0		0	
1411	1411	0	0	0		0	
1412	1412	0	0	0		0	
1413	1413	0	0	0		0	
1414	1414	0	0	0		0	
1415	1415	0	0	0		0	
1416	1416	0	0	0		0	
1417	1417	0	0	0		0	
1418	1418	0	0	0		0	
1419	1419	0	1.8	0		1.46241854001266	
1420	1420	0	0	0		0.990469142132063	
1421	1421	0	0	0		0.29960623977634	
1422	1422	0	0	0		0.25215656768732	
1423	1423	0	0	0		0.320749739292124	
1424	1424	0	0	0		0.521154263744401	
1425	1425	0	0	0		0	
1426	1426	0	0	0		0	
1427	1427	0	0	0		0	
1428	1428	0	0	0		0	
1429	1429	0	0.2	0		0.162490948890295	
1430	1430	0	0.4	0		0.435034024684153	
1431	1431	0	0	0		0.253393836004496	
1432	1432	0	0.8	0		0.744560356365625	
1433	1433	0	0.2	0		0.694373109245297	
1434	1434	0	0.2	0		0.53488515373097	
1435	1435	0	0	0		0.37122335334961	
1436	1436	0	0	0		0.203862418292462	
1437	1437	0	0	0.554632479665589		0.167533908057734	
1438	1438	0	0	0.513825082664333		0.652133644606566	
1439	1439	0	0	0.0656203946465812		0.0150198062000694	
1440	1440	0	0	0		1.61528113888155	
1441	1441	0	0	0.163832021604446		0.837378891372146	
1442	1442	0	0	0.112154293003861		0.341130475661713	
1443	1443	0	0	0		0.626799436660346	
1444	1444	0	1.6	0.0386016017275974		1.89416246209273	
1445	1445	0	0	0.0144216155275456		1.05257453015343	
1446	1446	0	0	0		0.286520236858324	
1447	1447	0	0	0		0.531987888850864	
1448	1448	0	0	0.000667314738843183		0.268845217338678	
1449	1449	0	0	0.0578987994136853		0.484408939831497	
1450	1450	0	0	0.00608471720505799		0.0910829637467778	
1451	1451	0	0	0.0369476506924662		-0.0668725709625609	
1452	1452	0	0	0.0170703709654647		0.256333808205297	
1453	1453	0	0	0.394420127364827		-0.196796145668372	
1454	1454	0	0	0.736820317084471		0.5136544179039	
1455	1455	0	0.2	0.476340919238501		0.493081803048048	
1456	1456	0	0.6	0.675315820324219		1.70268899687871	
1457	1457	0	0	0.410433278806776		2.6692418362637	
1458	1458	0	0	0.377386495893942		0.831696658368735	
1459	1459	0	1.8	0.466807044363103		4.32742957701956	
1460	1460	0	0.2	0.585792096545664		2.38248420855326	
1461	1461	0	0	0.622878945030356		2.35617757223001	
1462	1462	0	0	0.450633919439629		1.99428262239871	
1463	1463	0	0	0.193667177110437		2.10413329628517	
1464	1464	0	0	0.415844997011475		2.2127972653349	
1465	1465	0	0.6	0.37203953950108		2.23840449494493	
1466	1466	0	0.2	0.508603532200915		1.22458351884272	
1467	1467	0	0	0.835312889554046		2.15103627498509	
1468	1468	0	0	0.734238696414238		1.3339754326835	
1469	1469	0	0	0.357544175433009		1.88633791381858	
1470	1470	0	0	0.214870315102408		2.59221172404266	
1471	1471	0	0	0.383759908451553		1.88851488311208	
1472	1472	0	0.2	0.306059562855827		1.63099687223543	
1473	1473	0	5.2	0.3964164287601		5.47955474498736	
1474	1474	0	0	0.335547171632342		4.58258243213856	
1475	1475	0	1.8	0.216280011597828		3.05251227087361	
1476	1476	0	9	0.392694794767058		10.4070929706971	
1477	1477	0	0	0.592932595655894		7.36198865900755	
1478	1478	0	0	0.802014609951687		4.16346453667292	
1479	1479	0	0	0.665305589376461		3.34722246130622	
1480	1480	0	0	0.698412478139094		3.72740227019144	
1481	1481	0	0	0.812377539037085		5.09535081673274	
1482	1482	0	0	0.74195220911583		2.00279943958773	
1483	1483	0	0	0.445706260103115		2.56040704453351	
1484	1484	0	0	0.680624358413247		2.39212170796139	
1485	1485	0	0	0.785533557934947		2.57240957375099	
1486	1486	0	0	0.281693177654788		1.70470092975738	
1487	1487	0	0	0.195254618991303		2.33368872803619	
1488	1488	0	0	0.256410358792088		2.31281308423218	
1489	1489	0	0	0.363466453706828		0.692193466052575	
1490	1490	0	0	0.465621421994701		1.49498624121751	
1491	1491	0	0	0.583378347403968		1.07332180085032	
1492	1492	0	0	0.61712785446932		1.25282882912488	
1493	1493	0	0	0.642340451395413		1.44039363697565	
1494	1494	0	0	0.436194755658903		1.91134082671991	
1495	1495	0	0	0.357132854540101		1.71959243555949	
1496	1496	0	0.8	0.359315105493312		2.73514464214601	
1497	1497	0	0	0.441875719669003		1.81229101669758	
1498	1498	0	0	0.452549582656466		1.71863681197552	
1499	1499	0	0	0.457011794225476		1.44442153256508	
1500	1500	0	0	0.29310013625788		1.69634963343203	
1501	1501	0	0	0.309047655808424		1.46748356134762	
1502	1502	0	0	0.494083312396434		1.533041960141	
1503	1503	0	0	0.345907623478951		1.14960705281225	
1504	1504	0	0	0.288744720022954		1.13692271318499	
1505	1505	0	0	0.388658544438684		1.64708597622366	
1506	1506	0	0	0.262265980113696		0.974205933965612	
1507	1507	0	0	0.314884851655766		1.03477204600238	
1508	1508	0	0	0.38779784179512		1.49136062598182	
1509	1509	0	0.6	0.296427120436768		1.2631668598691	
1510	1510	0	0.8	0.215932628554139		2.17167686358797	
1511	1511	0	0	0.0412714749323122		1.76708335763759	
1512	1512	0	0	0.112130701972962		0.903755743508708	
1513	1513	0	2.4	0.263207259144632		3.08674904221785	
1514	1514	0	0	0.209749363670269		1.99979853584037	
1515	1515	0	0	0.30669099126477		1.20040835394308	
1516	1516	0	0	0.245041762507267		1.27899771118422	
1517	1517	0	0	0.220779618958442		0.809928912644993	
1518	1518	0	0	0.354858813714948		1.8000662385139	
1519	1519	0	0	0.159424554395923		0.840295673575386	
1520	1520	0	0	0.0659176591334365		0.637923770106497	
1521	1521	0	0	0.0726244805733103		1.21930835833243	
1522	1522	0	0	0.179501462102092		0.271107769575601	
1523	1523	0	0	0.105763237411896		0.623222694518583	
1524	1524	0	0	0.103021353240312		0.301150906989465	
1525	1525	0	4.8	0.0802368745897866		4.54359741793775	
1526	1526	0	0.2	0.153105031021035		2.93313812908625	
1527	1527	0	0	0.0312162257287874		1.47642215029489	
1528	1528	0	0	0.0622748376459192		0.832689055672036	
1529	1529	0	3.2	0.123467786194571		4.09741624462526	
1530	1530	0	0.2	0.108618044826752		3.36237334244979	
1531	1531	0	0	0.0837389208024213		1.09050806252086	
1532	1532	0	0	0.131125009763757		0.835219700483371	
1533	1533	0	0	0.145232146311937		0.913361240559134	
1534	1534	0	0	0.0404840391626244		1.29011362127359	
1535	1535	0	0	0.020979886780502		0.451873235593167	
1536	1536	0	0	0.0123464185446878		0.423170080454647	
1537	1537	0	0	0.0136851350640654		0.0788697935810766	
1538	1538	0	0	0.0815246628680271		0.216714616371749	
1539	1539	0	0.2	0.0549561904353588		0.305288842075325	
1540	1540	0	0	0.113290115163828		0.117539685758173	
1541	1541	0	0.2	0.0185643751518363		0.573617711521123	
1542	1542	0	0	0.00990576697384071		0.106708057563411	
1543	1543	0	0	0		0.52217033918656	
1544	1544	0	0	0		0.0213240275413739	
1545	1545	0	0	0		0.216944637951216	
1546	1546	0	0	0.00866311032454803		0.0665841336368839	
1547	1547	0	6.4	0.0497749478815734		5.21434679478468	
1548	1548	0	0	0		3.57218975564549	
1549	1549	0	0	0		1.03994870396166	
1550	1550	0	1.8	0.0103733909550776		2.5326944225464	
1551	1551	0	7	0.0157598889090451		7.74811581796255	
1552	1552	0	0.6	0.00705278310775981		6.57528156491245	
1553	1553	0	0	0		1.77750777350421	
1554	1554	0	0	0		1.43446545861196	
1555	1555	0	0	0		1.86674753177872	
1556	1556	0	0	0		2.14521204439823	
1557	1557	0	0	0		0.184773455189538	
1558	1558	0	0	0		0	
1559	1559	0	0.2	0.00228953028151579		0.161963609775068	
1560	1560	0	0	0		0.112846528586936	
1561	1561	0	0	0		0.0305861365166109	
1562	1562	0	0	0		0.0368592217977836	
1563	1563	0	0	0		0.0313799114954195	
1564	1564	0	0	0		0.0614949101427605	
1565	1565	0	0	0		0	
1566	1566	0	0	0		0	
1567	1567	0	0	0		0	
1568	1568	0	0	0		0	
1569	1569	0	0	0		0	
1570	1570	0	0	0		0	
1571	1571	0	0	0		0	
1572	1572	0	0	0		0	
1573	1573	0	0	0		0	
1574	1574	0	0	0		0	
1575	1575	0	0	0		0	
1576	1576	0	0	0		0	
1577	1577	0	0	0		0	
1578	1578	0	0	0		0	
1579	1579	0	0	0		0	
1580	1580	0	0	0		0	
1581	1581	0	0	0		0	
1582	1582	0	0	0		0	
1583	1583	0	0	0		0	
1584	1584	0	0	0		0	
1585	1585	0	0	0		0	
1586	1586	0	0	0		0	
1587	1587	0	0	0		0	
1588	1588	0	0	0		0	
1589	1589	0	0	0		0	
1590	1590	0	0	0		0	
1591	1591	0	0	0		0	
1592	1592	0	0	0		0	
1593	1593	0	0	0		0	
1594	1594	0	0	0		0	
1595	1595	0	0	0		0	
1596	1596	0	0	0		0	
1597	1597	0	0	0		0	
1598	1598	0	0	0		0	
1599	1599	0	0	0		0	
1600	1600	0	0	0		0	
1601	1601	0	0	0		0	
1602	1602	0	0	0		0	
1603	1603	0	0	0		0	
1604	1604	0	0	0		0	
1605	1605	0	0	0		0	
1606	1606	0	0	0		0	
1607	1607	0	0	0		0	
1608	1608	0	0	0		0	
1609	1609	0	0	0		0	
1610	1610	0	0	0		0	
1611	1611	0	0	0		0	
1612	1612	0	0	0		0	
1613	1613	0	0	0		0	
1614	1614	0	0	0		0	
1615	1615	0	0	0		0	
1616	1616	0	0	0		0	
1617	1617	0	0	0		0	
1618	1618	0	0	0		0	
1619	1619	0	0	0		0	
1620	1620	0	0	0		0	
1621	1621	0	0	0		0	
1622	1622	0	0	0		0	
1623	1623	0	0	0		0	
1624	1624	0	0	0		0	
1625	1625	0	0	0		0	
1626	1626	0	0	0		0	
1627	1627	0	0	0		0	
1628	1628	0	0	0		0	
1629	1629	0	0	0		0	
1630	1630	0	0	0		0	
1631	1631	0	0	0		0	
1632	1632	0	0	0		0	
1633	1633	0	0	0		0	
1634	1634	0	0	0		0	
1635	1635	0	0	0		0	
1636	1636	0	0	0		0	
1637	1637	0	0	0		0	
1638	1638	0	0	0		0	
1639	1639	0	0	0		0	
1640	1640	0	0	0		0	
1641	1641	0	0	0		0	
1642	1642	0	0	0		0	
1643	1643	0	0	0		0	
1644	1644	0	0	0		0	
1645	1645	0	0	0		0	
1646	1646	0	0	0		0	
1647	1647	0	0	0		0	
1648	1648	0	0	0		0	
1649	1649	0	0	0		0	
1650	1650	0	0	0		0	
1651	1651	0	0	0		0	
1652	1652	0	0	0		0	
1653	1653	0	0	0		0	
1654	1654	0	0	0		0	
1655	1655	0	0	0		0	
1656	1656	0	0	0		0	
1657	1657	0	0	0		0	
1658	1658	0	0	0		0	
1659	1659	0	0	0		0	
1660	1660	0	0	0		0	
1661	1661	0	0	0		0	
1662	1662	0	0	0		0	
1663	1663	0	0	0		0	
1664	1664	0	0	0		0	
1665	1665	0	0	0		0	
1666	1666	0	0	0		0	
1667	1667	0	0	0		0	
1668	1668	0	0	0		0	
1669	1669	0	0	0		0	
1670	1670	0	0	0		0	
1671	1671	0	0	0		0	
1672	1672	0	0	0		0	
1673	1673	0	0	0		0	
1674	1674	0	0	0		0	
1675	1675	0	0	0		0	
1676	1676	0	0	0		0	
1677	1677	0	0	0		0	
1678	1678	0	0	0		0	
1679	1679	0	0	0		0	
1680	1680	0	0	0		0	
1681	1681	0	0	0		0	
1682	1682	0	0	0		0	
1683	1683	0	0	0		0	
1684	1684	0	0	0		0	
1685	1685	0	0	0		0	
1686	1686	0	0	0		0	
1687	1687	0	0	0		0	
1688	1688	0	0	0		0	
1689	1689	0	0	0		0	
1690	1690	0	0	0		0	
1691	1691	0	0	0		0	
1692	1692	0	0	0		0	
1693	1693	0	0	0		0	
1694	1694	0	0	0		0	
1695	1695	0	0	0		0	
1696	1696	0	0	0		0	
1697	1697	0	0	0		0	
1698	1698	0	0	0		0	
1699	1699	0	0	0		0	
1700	1700	0	0	0		0	
1701	1701	0	0	0		0	
1702	1702	0	0	0		0	
1703	1703	0	0	0		0	
1704	1704	0	0	0		0	
1705	1705	0	0	0		0	
1706	1706	0	0	0		0	
1707	1707	0	0	0		0	
1708	1708	0	0	0		0	
1709	1709	0	0	0		0	
1710	1710	0	0	0		0	
1711	1711	0	0	0		0	
1712	1712	0	0	0		0	
1713	1713	0	0	0		0	
1714	1714	0	0	0		0	
1715	1715	0	0	0		0	
1716	1716	0	0	0		0	
1717	1717	0	0	0		0	
1718	1718	0	0	0		0	
1719	1719	0	0	0		0	
1720	1720	0	0	0		0	
1721	1721	0	0	0		0	
1722	1722	0	0	0		0	
1723	1723	0	0	0		0	
1724	1724	0	0	0		0	
1725	1725	0	0	0		0	
1726	1726	0	0	0		0	
1727	1727	0	0	0		0	
1728	1728	0	0	0		0	
1729	1729	0	0	0		0	
1730	1730	0	0	0		0	
1731	1731	0	0	0		0	
1732	1732	0	0	0		0	
1733	1733	0	0	0		0	
1734	1734	0	0	0		0	
1735	1735	0	0	0		0	
1736	1736	0	0	0		0	
1737	1737	0	0	0		0	
1738	1738	0	0	0		0	
1739	1739	0	0	0		0	
1740	1740	0	0	0		0	
1741	1741	0	0	0		0	
1742	1742	0	0	0		0	
1743	1743	0	0	0		0	
1744	1744	0	0	0		0	
1745	1745	0	0	0		0	
1746	1746	0	0	0		0	
1747	1747	0	0	0		0	
1748	1748	0	0	0		0	
1749	1749	0	0	0		0	
1750	1750	0	0	0		0	
1751	1751	0	0	-31.9911944671889		7.36841452658571	
1752	1752	0	0	0		-39.0456716794534	
1753	1753	0	0	0		37.7747598286502	
1754	1754	0	0	0		-123.545234460831	
1755	1755	0	0	0		59.5095196685381	
1756	1756	0	0	0		-50.146785884169	
1757	1757	0	0	0		0	
1758	1758	0	0	0		0	
1759	1759	0	0	0		0	
1760	1760	0	0	0		0	
1761	1761	0	0	0		0	
1762	1762	0	0	0		0	
1763	1763	0	0	0		0	
1764	1764	0	0	0		0	
1765	1765	0	0	0		0	
1766	1766	0	0	0		0	
1767	1767	0	0	0		0	
1768	1768	0	0	0		0	
1769	1769	0	1	0		0.812454744451476	
1770	1770	0	0	0		0.550260634517813	
1771	1771	0	0	0		0.166447910986856	
1772	1772	0	0	0		0.140086982048511	
1773	1773	0	0	0		0.178194299606735	
1774	1774	0	0	0		0.289530146524667	
1775	1775	0	0	0		0	
1776	1776	0	0	0		0	
1777	1777	0	0	0		0	
1778	1778	0	0	0		0	
1779	1779	0	0	0		0	
1780	1780	0	0	0		0	
1781	1781	0	0	0		0	
1782	1782	0	0	0		0	
1783	1783	0	0	0		0	
1784	1784	0	0	0		0	
1785	1785	0	0	0		0	
1786	1786	0	0.4	0		0.32498189778059	
1787	1787	0	0	0		0.220104253807125	
1788	1788	0	0	0		0.0665791643947423	
1789	1789	0	0	0		0.0560347928194045	
1790	1790	0	0	0		0.0712777198426941	
1791	1791	0	0	0		0.115812058609867	
1792	1792	0	0	0		0	
1793	1793	0	0	0		0	
1794	1794	0	0	0		0	
1795	1795	0	0	0		0	
1796	1796	0	0	0		0	
1797	1797	0	0	0		0	
1798	1798	0	0	0		0	
1799	1799	0	0	0		0	
1800	1800	0	0	0		0	
1801	1801	0	0	0		0	
1802	1802	0	0	0		0	
1803	1803	0	0	0		0	
1804	1804	0	0	0		0	
1805	1805	0	0	0		0	
1806	1806	0	0	0		0	
1807	1807	0	0	0		0	
1808	1808	0	0	0		0	
1809	1809	0	0	0		0	
1810	1810	0	0	0		0	
1811	1811	0	0	0.0441941738241592		-0.0101790820199094	
1812	1812	0	0	0		0.0539395677473884	
1813	1813	0	0	0.442945115804588		-0.154205793499446	
1814	1814	0	0	1.69879765193659		0.320013803950728	
1815	1815	0	3.4	1.33645238423328		3.92269795295038	
1816	1816	0	0	0.134394823218118		3.24503568920909	
1817	1817	0	0	0.440065822302699	10.1654505494506	4.7870745700665	5.37837597938409
1818	1818	0	0	0.197154751838196	1.17000714285715	3.50472846483202	-2.33472132197487
1819	1819	0	0	0.312376720014444	33.94135	0.950779919042086	32.9905700809579
1820	1820	1	0	0.261501984201679	46.525642857143	4.61701727678369	41.9086255803593
1821	1821	1	0	0.27442727648303	9.38074999999999	0.0405537802554268	9.34019621974457
1822	1822	1	0	0.69650740214721	4.79254285714286	1.39515967662329	3.39738318051956
1823	1823	1	0	0.981847871376813	2.94462857142858	1.03775822799065	1.90687034343793
1824	1824	1	0	0.806382927667599	2.53790000000001	1.25321232972276	1.28468767027726
1825	1825	1	0	0.754594914931067	4.5684	2.24027728496706	2.32812271503294
1826	1826	1	0	0.315798781871953	3.03109285714286	2.82237845288717	0.208714404255693
1827	1827	1	0	0.441940326579797	2.31253571428572	1.77213184781524	0.54040386647048
1828	1828	1	0	0.346060277476452	2.82252857142857	3.03997333543535	-0.217444764006782
1829	1829	1	0	0.263705394739464	2.3463	0.919698115076024	1.42660188492398
1830	1830	1	0	0.369387144459465	1.76788571428571	2.13025837269485	-0.362372658409143
1831	1831	1	0	0.370763117305509	1.67539285714285	1.06342888719865	0.611963969944202
1832	1832	1	0	0.472816296169285	1.42665714285715	0.974856650431274	0.451800492425872
1833	1833	1	0	0.312337433451622	1.41100714285714	1.54578039141372	-0.134773248556579
1834	1834	1	0	0.511935544817899	1.06825	0.86307162606939	0.205178373930612
1835	1835	1	0.2	0.55997234660736	0.896457142857146	2.00481448401616	-1.10835734115901
1836	1836	1	0	0.470140416260808	0.344142857142857	0.988586816363907	-0.64444395922105
1837	1837	1	0	0.588911370144166	0	1.94741467814034	-1.94741467814034
1838	1838	1	0	0.647744348402277	0	1.74229364094478	-1.74229364094478
1839	1839	1	0	0.511086839600731	0	1.58955309981536	-1.58955309981536
1840	1840	1	0	0.83883684486865	0	2.00114764652902	-2.00114764652902
1841	1841	1	0	1.2136058233403	0	2.28376405687802	-2.28376405687802
1842	1842	1	0	1.08386669897804	0	1.93303866412786	-1.93303866412786
1843	1843	1	0	0.872019147818484	0	2.9931141145217	-2.9931141145217
1844	1844	1	0	0.90543044331563	0	3.50346352244642	-3.50346352244642
1845	1845	1	0	0.855424304055848	0	3.12148840408142	-3.12148840408142
1846	1846	1	0	0.760068648590298	0	3.05363880724114	-3.05363880724114
1847	1847	1	1	0.623995601867982	0	4.15983498001894	-4.15983498001894
1848	1848	1	0	0.763772929766841	0	3.22461979947033	-3.22461979947033
1849	1849	1	0	0.637231806432688	0	2.97837015961654	-2.97837015961654
1850	1850	1	3.2	0.324045417623026	0	4.87800694264843	-4.87800694264843
1851	1851	1	6.2	0.357426870464959	3.08573571428572	9.51724227464111	-6.4315065603554
1852	1852	1	0	0.456091975923439	1.67498571428571	6.20060580843891	-4.5256200941532
1853	1853	1	0	0.534330840095379	0	2.75508113149125	-2.75508113149125
1854	1854	1	0	0.510185084117584	0	3.21128044773563	-3.21128044773563
1855	1855	1	0.2	0.462542729179393	0	3.68344006324982	-3.68344006324982
1856	1856	1	0	0.56908154250619	0	3.51154879659446	-3.51154879659446
1857	1857	1	0	0.46171821964381	0	1.76658873237558	-1.76658873237558
1858	1858	1	0	0.512663495254603	0	1.47631333858474	-1.47631333858474
1859	1859	1	0.8	0.322324092152471	2.90605714285714	2.82890297334949	0.0771541695076463
1860	1860	1	0.8	0.320214232550711	7.81354285714282	2.3119141111738	5.50162874596902
1861	1861	1	0.2	0.267328343148012	6.28800000000002	2.69750980021875	3.59049019978127
1862	1862	1	0	0.276080624768593	2.48474285714286	1.25473549663732	1.23000736050553
1863	1863	1	0	0.253003766677487	4.11255	1.69159054572695	2.42095945427305
1864	1864	1	0.8	0.16581796028294	3.47985	1.93874446714737	1.54110553285263
1865	1865	1	3.8	0.128963211164471	0	4.73957953823758	-4.73957953823758
1866	1866	1	2.2	0.103423154324169	0	4.8897840140834	-4.8897840140834
1867	1867	1	0	0.170128639563735	0	2.49240338191577	-2.49240338191577
1868	1868	0	0	0.00886018836140678		1.71072706406621	
1869	1869	0	0	0.0674461838406621		1.43077980891046	
1870	1870	0	0	0.120683774779764		2.20307989887055	
1871	1871	0	0	0.147139153491814		0.550596698795265	
1872	1872	0	0	0.278917626674719		0.483506775533422	
1873	1873	0	0	0.203173508248934		0.474375487722986	
1874	1874	0	0	0.281142625463854		0.303337889719154	
1875	1875	0	0	0.326039712307228		1.02074472711622	
1876	1876	0	0	0.306270017794315		0.491855354833907	
1877	1877	0	0	0.269002108000365		1.0718644446591	
1878	1878	0	0	0.221033347166951		0.970389362835718	
1879	1879	0	0	0.243989748368211		0.912914378074109	
1880	1880	0	0	0.169942675275834		0.977857968317932	
1881	1881	0	0	0.196040443419761		0.707452545967153	
1882	1882	0	0	0.123240547150566		0.962973517604252	
1883	1883	0	0	0.0543240945293633		0.455323845706225	
1884	1884	0	0	0.0196273179791575		0.73967459194024	
1885	1885	0	0	0.00857189109404999		0.335489491431073	
1886	1886	0	0	0.00924845527419649		0.272994712687152	
1887	1887	0	0	0.0108895724261586		0.166584911436952	
1888	1888	0	0	0.0170660332112504		0.0801866168173182	
1889	1889	0	0	0.0261695466461376		0.0524805676273566	
1890	1890	0	0	0.0259227245433777		0.0441049263338952	
1891	1891	0	0	0.0750470501305216		0.0436000673736892	
1892	1892	0	0	0.124056951712404		0.118799663415519	
1893	1893	0	0	0.141015302563538		0.108499923481254	
1894	1894	0	0	0.134716888450001		0.277218187372497	
1895	1895	0	0	0.0868680855999102		0.358029293176858	
1896	1896	0	0	0.0803989555812166		0.359882754213475	
1897	1897	0	0	0.100188047757769		0.424883076592217	
1898	1898	0	0	0.0317465132406838		0.325952248720007	
1899	1899	0	0	0.067406655620367		0.264990200620359	
1900	1900	0	0	0.0588086629373734		0.404761458624663	
1901	1901	0	0	0.0960278864754684		0.0323250599263719	
1902	1902	0	0	0.127328733572803		0.376742394821733	
1903	1903	0	0	0.0868039573331814		0.173509494871763	
1904	1904	0	0	0.036537048298193		0.31429354641895	
1905	1905	0	0	0.0248862928806588		0.34164378304638	
1906	1906	0	0	0.00205613612827449		0.235652553991704	
1907	1907	0	0	0		0.152343564922463	
1908	1908	0	0	0		0.161780458483457	
1909	1909	0	0	2.89587684818571e-05		0.0189132244703063	
1910	1910	0	0	0.00322874673140916		0.0344766088227681	
1911	1911	0	0	0.0141275610449867		0.00387561541528925	
1912	1912	0	0	0.00761137645028498		0.0117891477697864	
1913	1913	0	0	0		0.00502322694379039	
1914	1914	0	0	0.00072342552746818		0.0394438365988905	
1915	1915	0	0	0.000188088097061723		0.00901488414627216	
1916	1916	0	0	0.000882553225459048		0.00715872628557778	
1917	1917	0	0	0.000173614311343329		0.0155398223916331	
1918	1918	0	0	0		-0.00144954469832377	
1919	1919	0	0	0		0.00398739219000081	
1920	1920	0	0	0		-0.000676407510191542	
1921	1921	0	0	0		0.00106046379067362	
1922	1922	0	0	0.000998264958809614		4.2216919248586e-05	
1923	1923	0	0	0.00296568549960341		0.000535319984122048	
1924	1924	0	0	0.00467223435344266		0.00136478191900275	
1925	1925	0	0	0		0.00605583357282954	
1926	1926	0	0	0		0.00407916971509997	
1927	1927	0	0	0		0.0140915509950755	
1928	1928	0	0	4.33923345966036e-05		-0.00405244509533295	
1929	1929	0	0	0.00182242768983087		0.00695702113085141	
1930	1930	0	0	0		0.00217305978650438	
1931	1931	0	0	0		-0.00198432266110009	
1932	1932	0	0	0		0.00695722691652538	
1933	1933	0	0	0		-0.00332203320665154	
1934	1934	0	0	0		0.00285668893185781	
1935	1935	0	0	0		0	
1936	1936	0	0	0		0	
1937	1937	0	0	0		0	
1938	1938	0	0	0		0	
1939	1939	0	0	0		0	
1940	1940	0	0	0		0	
1941	1941	0	0	0		0	
1942	1942	0	0	0		0	
1943	1943	0	0	0		0	
1944	1944	0	0	0		0	
1945	1945	0	0	0		0	
1946	1946	0	0	0		0	
1947	1947	0	0	0		0	
1948	1948	0	0	0		0	
1949	1949	0	0	0		0	
1950	1950	0	0	0		0	
1951	1951	0	0	0		0	
1952	1952	0	0	0		0	
1953	1953	0	0	0		0	
1954	1954	0	0	0		0	
1955	1955	0	0	0		0	
1956	1956	0	0	0		0	
1957	1957	0	0	0		0	
1958	1958	0	0	0		0	
1959	1959	0	0	0		0	
1960	1960	0	0	0		0	
1961	1961	0	0	0		0	
1962	1962	0	0	0		0	
1963	1963	0	0	0		0	
1964	1964	0	0	0		0	
1965	1965	0	0	0		0	
1966	1966	0	0	0		0	
1967	1967	0	0	0		0	
1968	1968	0	0	0		0	
1969	1969	0	0	0		0	
1970	1970	0	0	0		0	
1971	1971	0	0	0		0	
1972	1972	0	0	0		0	
1973	1973	0	0	0		0	
1974	1974	0	0	0		0	
1975	1975	0	0	0		0	
1976	1976	0	0	0		0	
1977	1977	0	0	0		0	
1978	1978	0	0	0		0	
1979	1979	0	0	0		0	
1980	1980	0	0	0		0	
1981	1981	0	0	0		0	
1982	1982	0	0	0		0	
1983	1983	0	0	0		0	
1984	1984	0	0	0		0	
1985	1985	0	0	0		0	
1986	1986	0	0	0		0	
1987	1987	0	0	0		0	
1988	1988	0	0	0		0	
1989	1989	0	0	0		0	
1990	1990	0	0	0		0	
1991	1991	0	0	0		0	
1992	1992	0	0	0		0	
1993	1993	0	0	0		0	
1994	1994	0	0	0		0	
1995	1995	0	0	0		0	
1996	1996	0	0	0		0	
1997	1997	0	0	0		0	
1998	1998	0	0	0		0	
1999	1999	0	0	0		0	
2000	2000	0	0	0		0	
2001	2001	0	0	0		0	
2002	2002	0	0	0		0	
2003	2003	0	0	0		0	
2004	2004	0	0	0		0	
2005	2005	0	0	0		0	
2006	2006	0	0	0		0	
2007	2007	0	0	0		0	
2008	2008	0	0	0		0	
2009	2009	0	0	0		0	
2010	2010	0	0	0		0	
2011	2011	0	0	0		0	
2012	2012	0	0	0		0	
2013	2013	0	0	0		0	
2014	2014	0	0	0		0	
2015	2015	0	0	0		0	
2016	2016	0	0	0		0	
2017	2017	0	0	0		0	
2018	2018	0	0	0		0	
2019	2019	0	0	0		0	
2020	2020	0	0	0		0	
2021	2021	0	0	0		0	
2022	2022	0	0	0		0	
2023	2023	0	0	0		0	
2024	2024	0	0	0		0	
2025	2025	0	0	0		0	
2026	2026	0	0	0		0	
2027	2027	0	0	0		0	
2028	2028	0	0	0		0	
2029	2029	0	0	0		0	
2030	2030	0	0	0		0	
2031	2031	0	0	0		0	
2032	2032	0	0	0		0	
2033	2033	0	0	0		0	
2034	2034	0	0	0		0	
2035	2035	0	0	0		0	
2036	2036	0	0	0		0	
2037	2037	0	0	0		0	
2038	2038	0	0	0		0	
2039	2039	0	0	0		0	
2040	2040	0	0	0		0	
2041	2041	0	0	0		0	
2042	2042	0	0	0		0	
2043	2043	0	0	0		0	
2044	2044	0	0	0		0	
2045	2045	0	0	0		0	
2046	2046	0	0	0		0	
2047	2047	0	0	0		0	
2048	2048	0	0	0		0	
2049	2049	0	0	0		0	
2050	2050	0	0	0		0	
2051	2051	0	0	0		0	
2052	2052	0	0	0		0	
2053	2053	0	0	0		0	
2054	2054	0	0	0		0	
2055	2055	0	0	0		0	
2056	2056	0	0	0		0	
2057	2057	0	0	0		0	
2058	2058	0	0	0		0	
2059	2059	0	0	0		0	
2060	2060	0	0	0		0	
2061	2061	0	0	0		0	
2062	2062	0	0	0		0	
2063	2063	0	0	0		0	
2064	2064	0	0	0		0	
2065	2065	0	0	0		0	
2066	2066	0	0	0		0	
2067	2067	0	0	0		0	
2068	2068	0	0	0		0	
2069	2069	0	0	0		0	
2070	2070	0	0	0		0	
2071	2071	0	0	0		0	
2072	2072	0	0	0		0	
2073	2073	0	0	0		0	
2074	2074	0	0	0		0	
2075	2075	0	0	0		0	
2076	2076	0	0	0		0	
2077	2077	0	0	0		0	
2078	2078	0	0	0		0	
2079	2079	0	0	0		0	
2080	2080	0	0	0		0	
2081	2081	0	0	0		0	
2082	2082	0	0	0		0	
2083	2083	0	0	0		0	
2084	2084	0	0	0		0	
2085	2085	0	0	0		0	
2086	2086	0	0	0		0	
2087	2087	0	0	0		0	
2088	2088	0	0	0		0	
2089	2089	0	0	0		0	
2090	2090	0	0	0		0	
2091	2091	0	0	0		0	
2092	2092	0	0	0		0	
2093	2093	0	0	0		0	
2094	2094	0	0	0		0	
2095	2095	0	0	0		0	
2096	2096	0	0	0		0	
2097	2097	0	0	0		0	
2098	2098	0	0	0		0	
2099	2099	0	0	0		0	
2100	2100	0	0	0		0	
2101	2101	0	0	0		0	
2102	2102	0	0	0		0	
2103	2103	0	0	0		0	
2104	2104	0	0	0		0	
2105	2105	0	0	0		0	
2106	2106	0	0	0		0	
2107	2107	0	0	0		0	
2108	2108	0	0	0		0	
2109	2109	0	0	0		0	
2110	2110	0	0	0		0	
2111	2111	0	0	0		0	
2112	2112	0	0	0		0	
2113	2113	0	0	0		0	
2114	2114	0	0	0		0	
2115	2115	0	0	0		0	
2116	2116	0	0	-33.7599666996652		7.77580934972577	
2117	2117	0	0	0		-41.2044813461521	
2118	2118	0	0	0		39.8633016097927	
2119	2119	0	0	0		-130.375969724349	
2120	2120	0	0	0		62.7997621152735	
2121	2121	0	0	0		-52.9193688994992	
2122	2122	0	0	0		0	
2123	2123	0	0	0		0	
2124	2124	0	0	0		0	
2125	2125	0	0	0		0	
2126	2126	0	0	0		0	
2127	2127	0	0	0		0	
2128	2128	0	0	0		0	
2129	2129	0	0	0		0	
2130	2130	0	0	0		0	
2131	2131	0	0	0		0	
2132	2132	0	0	0		0	
2133	2133	0	0	0		0	
2134	2134	0	0	0		0	
2135	2135	0	0	0		0	
2136	2136	0	0	0		0	
2137	2137	0	0	0		0	
2138	2138	0	0	0		0	
2139	2139	0	0	0		0	
2140	2140	0	0	0		0	
2141	2141	0	0	0		0	
2142	2142	0	0	0		0	
2143	2143	0	0	0		0	
2144	2144	0	0	0		0	
2145	2145	0	0	0		0	
2146	2146	0	0	0		0	
2147	2147	0	0	0		0	
2148	2148	0	0	0		0	
2149	2149	0	0	0		0	
2150	2150	0	0	0		0	
2151	2151	0	0	0		0	
2152	2152	0	0	0		0	
2153	2153	0	0	0		0	
2154	2154	0	0	0		0	
2155	2155	0	0	0		0	
2156	2156	0	0	0		0	
2157	2157	0	0	0		0	
2158	2158	0	0	0		0	
2159	2159	0	0	0		0	
2160	2160	0	0	0		0	
2161	2161	0	0	0		0	
2162	2162	0	0.6	0		0.487472846670885	
2163	2163	0	0.4	0		0.655138278491278	
2164	2164	0	0.2	0		0.482463949289534	
2165	2165	0	0	0		0.260683480527411	
2166	2166	0	0	0		0.196240954780817	
2167	2167	0	0	0		0.273013204167197	
2168	2168	0	0	0		0.151450918531214	
2169	2169	0	0	0		0.0579060293049335	
2170	2170	0	0	0		0	
2171	2171	0	0	0		0	
2172	2172	0	0	0		0	
2173	2173	0	0	0		0	
2174	2174	0	0	0		0	
2175	2175	0	0	0.214239206262533		-0.0493449308749038	
2176	2176	0	0	0		0.261481756086759	
2177	2177	0	0	0.168493566047339		-0.291779196044739	
2178	2178	0	0	0.185811146398261		0.990211350518939	
2179	2179	0	0	0.248749633205743		-0.427987947031884	
2180	2180	0	0	0.447463094639127		0.967657405598185	
2181	2181	0	0	0		0.656560351823527	
2182	2182	0	0	0		0.350749627182415	
2183	2183	0	0.2	0		1.71906907461047	
2184	2184	0	0.2	0		-0.16990114899916	
2185	2185	0	0	0.308642837843759		0.773659768925889	
2186	2186	0	0	0		0.438009602981484	
2187	2187	0	0	0.0212693683748715		-0.305683832154993	
2188	2188	0	0	0.306708115375397		1.24079420638906	
2189	2189	0	0	0.172926378762479		-0.206829355517986	
2190	2190	0	0	0.965632661874227		0.192434042874762	
2191	2191	0	0	0.733946276078894		1.95022724905611	
2192	2192	0	0.8	0.478529714520777		0.425953591126133	
2193	2193	0	0.2	0.366989172576004		4.12381573267332	
2194	2194	0	0	0.0786078810863549		1.41718066352635	
2195	2195	0	0	0.127764039164432		1.77492011081999	
2196	2196	0	0	0.545228327450756		1.78568937358245	
2197	2197	0	0	0.254085385224815		1.09434527950636	
2198	2198	0	0	0.115734673787818		0.62000860297661	
2199	2199	0	0	0.0277456906935152		1.82598994579634	
2200	2200	0	0	0.279740961837853		6.16040248922756e-05	
2201	2201	0	0	0.245832869559166		1.08100386407206	
2202	2202	0	0	0.118584385138504		0.232560287543492	
2203	2203	0	0.6	0.508990893315989		1.43481869835646	
2204	2204	0	0.2	0.523264202622824		1.32582514555901	
2205	2205	0	4.8	0.422016940142376		4.48930333836302	
2206	2206	0	0.2	0.700234391005721		4.78742126196352	
2207	2207	0	0	0.308318346014692		2.58909054121969	
2208	2208	0	0	0.262764185693046		1.85827338098182	
2209	2209	0	0	0.45701329431537		3.53204097136786	
2210	2210	0	0	0.499970229921185		2.10738349212187	
2211	2211	0	0.2	0.611966385417041		1.68888776516329	
2212	2212	0	0	0.882062732148388		1.8228671209597	
2213	2213	0	7	0.518626559104558		7.4475564820484	
2214	2214	0	9.4	0.300264182478649		13.1888838184895	
2215	2215	0	0	0.475502013319858		9.06953016738439	
2216	2216	0	1.2	0.424708333036069		5.02738598180444	
2217	2217	0	0.4	0.193271760674962		5.03933684869955	
2218	2218	0	1.4	0.2446420078098		7.02779730733107	
2219	2219	0	0	0.130241681579554		4.99331850111183	
2220	2220	0	0.2	0.1286470832024		1.20755609060262	
2221	2221	0	0.2	0.322681399981146		2.06727265951943	
2222	2222	0	0	0.224055750146354		1.04980382962285	
2223	2223	0	0	0.263432802057762		0.936442124165649	
2224	2224	0	0	0.608492735091925		1.19146211819785	
2225	2225	0	0	0.687777552574143		0.833426903981744	
2226	2226	0	0	0.549210309738335		1.15871246186246	
2227	2227	0	0	0.639345764988647		1.92202835226284	
2228	2228	0	0	0.643260754308336		1.92079174731714	
2229	2229	0	0	0.414471045376764		1.73011297447549	
2230	2230	0	7.6	0.244770202506515		8.39012275403389	
2231	2231	0	0.2	0.0775842838868641		6.29171924928163	
2232	2232	0	0	0.0981547636266562		2.56434816842577	
2233	2233	0	0	0.0857932529441641		2.28897554846646	
2234	2234	0	0	0.0883420758014601		1.84475081838256	
2235	2235	0	0	0.156560894750665		2.82494687154975	
2236	2236	0	0.2	0.166640343496141		0.539136457161274	
2237	2237	0	0	0.316749252255622		0.391050301879101	
2238	2238	0	1.2	0.145723980012836		1.73926604481353	
2239	2239	0	0.2	0.121041908059816		1.11757277886593	
2240	2240	0	0	0.0826615960680677		1.46072253037313	
2241	2241	0	0.4	0.201716366503117		0.730550379814318	
2242	2242	0	0	0.340719072417279		1.2249526881329	
2243	2243	0	1.2	0.335214196215556		1.84755097404059	
2244	2244	0	3.6	0.390948333698802		4.43083012783566	
2245	2245	0	0	0.142022324449297		3.37073360949436	
2246	2246	0	0	0.218184882578651		1.52153010443329	
2247	2247	0	0	0.327125656709907		2.16170767295132	
2248	2248	0	0	0.390371319111029		1.38734185049467	
2249	2249	0	0	0.234122951088345		2.2698002635387	
2250	2250	0	0	0.298782035800571		0.836056830640743	
2251	2251	0	4	0.236632080136289		4.52458537782492	
2252	2252	0	0.2	0.137511741085639		2.95863664360456	
2253	2253	0	0	0.028233046132442		1.98801810244456	
2254	2254	0	0	0.101142480798586		1.16746883247082	
2255	2255	0	0	0.073342370333414		1.37322737995152	
2256	2256	0	0	0.0206089613291311		1.38326011398909	
2257	2257	0	0	0		0.550088609612246	
2258	2258	0	0	0		0.115014706526693	
2259	2259	0	0	0		0.101701112199655	
2260	2260	0	0	0		0.0766290472303982	
2261	2261	0	0	0.000938235448032287		0.0320888257053136	
2262	2262	0	0	0		0.00114512864780546	
2263	2263	0	0	0		-0.00110785543654819	
2264	2264	0	0	0		0.00362332574125973	
2265	2265	0	0	0		-0.00174529090827359	
2266	2266	0	0	0		0.00147070132594354	
2267	2267	0	0	0		0	
2268	2268	0	0	0		0	
2269	2269	0	0	0		0	
2270	2270	0	0	0		0	
2271	2271	0	0	0		0	
2272	2272	0	0	0		0	
2273	2273	0	0.2	0		0.162490948890295	
2274	2274	0	0	0		0.110052126903563	
2275	2275	0	0	0		0.0332895821973711	
2276	2276	0	0	0		0.0280173964097022	
2277	2277	0	0	0		0.0356388599213471	
2278	2278	0	0	0		0.0579060293049335	
2279	2279	0	0	0		0	
2280	2280	0	0	0		0	
2281	2281	0	0	0		0	
2282	2282	0	0	0		0	
2283	2283	0	0	0		0	
2284	2284	0	0	0		0	
2285	2285	0	0	0		0	
2286	2286	0	0	0		0	
2287	2287	0	0	0		0	
2288	2288	0	0	0		0	
2289	2289	0	0	0		0	
2290	2290	0	0	0		0	
2291	2291	0	0	0		0	
2292	2292	0	0	0		0	
2293	2293	0	0	0		0	
2294	2294	0	0	0		0	
2295	2295	0	0	0		0	
2296	2296	0	0	0		0	
2297	2297	0	0	0		0	
2298	2298	0	0	0		0	
2299	2299	0	0	0		0	
2300	2300	0	0	0		0	
2301	2301	0	0	0		0	
2302	2302	0	0	0		0	
2303	2303	0	0	0		0	
2304	2304	0	0	0		0	
2305	2305	0	0	0		0	
2306	2306	0	0	0		0	
2307	2307	0	0	0		0	
2308	2308	0	0	0		0	
2309	2309	0	0	0		0	
2310	2310	0	0	0		0	
2311	2311	0	0	0		0	
2312	2312	0	0	0		0	
2313	2313	0	0	0		0	
2314	2314	0	0	0		0	
2315	2315	0	0	0		0	
2316	2316	0	0	0		0	
2317	2317	0	0	0		0	
2318	2318	0	0	0		0	
2319	2319	0	0	0		0	
2320	2320	0	0	0		0	
2321	2321	0	0	0		0	
2322	2322	0	0	0		0	
2323	2323	0	0	0		0	
2324	2324	0	0	0		0	
2325	2325	0	0	0		0	
2326	2326	0	0	0		0	
2327	2327	0	0	0		0	
2328	2328	0	0	0		0	
2329	2329	0	0	0		0	
2330	2330	0	0	0		0	
2331	2331	0	0	0		0	
2332	2332	0	0	0		0	
2333	2333	0	0	0		0	
2334	2334	0	0	0		0	
2335	2335	0	0	0		0	
2336	2336	0	0	0		0	
2337	2337	0	0	0		0	
2338	2338	0	0	0		0	
2339	2339	0	0	0		0	
2340	2340	0	0	0		0	
2341	2341	0	0	0		0	
2342	2342	0	0	0		0	
2343	2343	0	0	0		0	
2344	2344	0	0	0		0	
2345	2345	0	0	0		0	
2346	2346	0	0	0		0	
2347	2347	0	0	0		0	
2348	2348	0	0	0		0	
2349	2349	0	0	0		0	
2350	2350	0	0	0		0	
2351	2351	0	0	0		0	
2352	2352	0	0	0		0	
2353	2353	0	0	0		0	
2354	2354	0	0	0		0	
2355	2355	0	0	0		0	
2356	2356	0	0	0		0	
2357	2357	0	0	0		0	
2358	2358	0	0	0		0	
2359	2359	0	0	0		0	
2360	2360	0	0	0		0	
2361	2361	0	0	0		0	
2362	2362	0	0	0		0	
2363	2363	0	0	0		0	
2364	2364	0	0	0		0	
2365	2365	0	0	0		0	
2366	2366	0	0	0		0	
2367	2367	0	0	0		0	
2368	2368	0	0	0		0	
2369	2369	0	0	0		0	
2370	2370	0	0	0		0	
2371	2371	0	0	0		0	
2372	2372	0	0	0		0	
2373	2373	0	0	0		0	
2374	2374	0	0	0		0	
2375	2375	0	0	0		0	
2376	2376	0	0	0		0	
2377	2377	0	0	0		0	
2378	2378	0	0	0		0	
2379	2379	0	0	0		0	
2380	2380	0	0	0		0	
2381	2381	0	0	0		0	
2382	2382	0	0	0		0	
2383	2383	0	0	0		0	
2384	2384	0	0	0		0	
2385	2385	0	0	0		0	
2386	2386	0	0	0		0	
2387	2387	0	0	0		0	
2388	2388	0	0	0		0	
2389	2389	0	0	0		0	
2390	2390	0	0	0		0	
2391	2391	0	0	0		0	
2392	2392	0	0	0		0	
2393	2393	0	0	0		0	
2394	2394	0	0	0		0	
2395	2395	0	0	0		0	
2396	2396	0	0	0		0	
2397	2397	0	0	0		0	
2398	2398	0	0	0		0	
2399	2399	0	0	0		0	
2400	2400	0	0	0		0	
2401	2401	0	0	0		0	
2402	2402	0	0	0		0	
2403	2403	0	0	0		0	
2404	2404	0	0	0		0	
2405	2405	0	0	0		0	
2406	2406	0	0	0		0	
2407	2407	0	0	0		0	
2408	2408	0	0	0		0	
2409	2409	0	0	0		0	
2410	2410	0	0	0		0	
2411	2411	0	0	0		0	
2412	2412	0	0	0		0	
2413	2413	0	0	0		0	
2414	2414	0	0	0		0	
2415	2415	0	0	0		0	
2416	2416	0	0	0		0	
2417	2417	0	0	0		0	
2418	2418	0	0	0		0	
2419	2419	0	0	0		0	
2420	2420	0	0	0		0	
2421	2421	0	0	0		0	
2422	2422	0	0	0		0	
2423	2423	0	0	0		0	
2424	2424	0	0	0		0	
2425	2425	0	0	0		0	
2426	2426	0	0	0		0	
2427	2427	0	0	0		0	
2428	2428	0	0	0		0	
2429	2429	0	0	0		0	
2430	2430	0	0	0		0	
2431	2431	0	0	0		0	
2432	2432	0	0	0		0	
2433	2433	0	0	0		0	
2434	2434	0	0	0		0	
2435	2435	0	0	0		0	
2436	2436	0	0	0		0	
2437	2437	0	0	0		0	
2438	2438	0	0	0		0	
2439	2439	0	0	0		0	
2440	2440	0	0	0		0	
2441	2441	0	0	0		0	
2442	2442	0	0	0		0	
2443	2443	0	0	0		0	
2444	2444	0	0	0		0	
2445	2445	0	0	0		0	
2446	2446	0	0	0		0	
2447	2447	0	0	0		0	
2448	2448	0	0	0		0	
2449	2449	0	0	0		0	
2450	2450	0	0	0		0	
2451	2451	0	0	0		0	
2452	2452	0	0	0		0	
2453	2453	0	0	0		0	
2454	2454	0	0	0		0	
2455	2455	0	0	0		0	
2456	2456	0	0	0		0	
2457	2457	0	0	0		0	
2458	2458	0	0	0		0	
2459	2459	0	0	0		0	
2460	2460	0	0	0		0	
2461	2461	0	0	0		0	
2462	2462	0	0	0		0	
2463	2463	0	0	0		0	
2464	2464	0	0	0		0	
2465	2465	0	0	0		0	
2466	2466	0	0	0		0	
2467	2467	0	0	0		0	
2468	2468	0	0	0		0	
2469	2469	0	0	0		0	
2470	2470	0	0	0		0	
2471	2471	0	0	0		0	
2472	2472	0	0	0		0	
2473	2473	0	0	0		0	
2474	2474	0	0	0		0	
2475	2475	0	0	0		0	
2476	2476	0	0	0		0	
2477	2477	0	0	0		0	
2478	2478	0	0	0		0	
2479	2479	0	0	0		0	
2480	2480	0	0	0		0	
2481	2481	0	0	-23.4195973292134		5.3941499853765	
2482	2482	0	0	0		-28.5839251522584	
2483	2483	0	0	0		27.6535365161835	
2484	2484	0	0	0		-90.4430013072331	
2485	2485	0	0	0		43.5647687153874	
2486	2486	0	0	0		-36.7106496747421	
2487	2487	0	0	0		0	
2488	2488	0	0	0		0	
2489	2489	0	0	0		0	
2490	2490	0	0	0		0	
2491	2491	0	0	0		0	
2492	2492	0	0	0		0	
2493	2493	0	0	0		0	
2494	2494	0	0	0		0	
2495	2495	0	0	0		0	
2496	2496	0	0	0		0	
2497	2497	0	0	0		0	
2498	2498	0	0	0		0	
2499	2499	0	0	0		0	
2500	2500	0	0	0		0	
2501	2501	0	0	0		0	
2502	2502	0	0	0		0	
2503	2503	0	0	0		0	
2504	2504	0	0	0		0	
2505	2505	0	0	0		0	
2506	2506	0	0	0		0	
2507	2507	0	0	0		0	
2508	2508	0	0	0		0	
2509	2509	0	0	0		0	
2510	2510	0	0	0		0	
2511	2511	0	0	0		0	
2512	2512	0	0	0		0	
2513	2513	0	0	0		0	
2514	2514	0	0	0		0	
2515	2515	0	0	0		0	
2516	2516	0	0	0		0	
2517	2517	0	0	0		0	
2518	2518	0	0	0		0	
2519	2519	0	0	0		0	
2520	2520	0	0	0		0	
2521	2521	0	0	0		0	
2522	2522	0	0	0		0	
2523	2523	0	0	0		0	
2524	2524	0	0.2	0		0.162490948890295	
2525	2525	0	0	0		0.110052126903563	
2526	2526	0	0	0		0.0332895821973711	
2527	2527	0	0	0		0.0280173964097022	
2528	2528	0	0	0		0.0356388599213471	
2529	2529	0	0	0		0.0579060293049335	
2530	2530	0	0	0		0	
2531	2531	0	0	0		0	
2532	2532	0	0	0		0	
2533	2533	0	0	0		0	
2534	2534	0	0	0		0	
2535	2535	0	0	0		0	
2536	2536	0	0	0		0	
2537	2537	0	0	0		0	
2538	2538	0	0	0		0	
2539	2539	0	0	0		0	
2540	2540	0	0	0		0	
2541	2541	0	0	0		0	
2542	2542	0	0	0		0	
2543	2543	0	0	0		0	
2544	2544	0	0	0		0	
2545	2545	0	0	0		0	
2546	2546	0	0	0		0	
2547	2547	0	0	0		0	
2548	2548	0	0	0.391561377691927		-0.0901868964722227	
2549	2549	0	0	0		0.477905787837777	
2550	2550	0	0	0		-0.462350257526588	
2551	2551	0	0	0		1.51215179734443	
2552	2552	0	0	0		-0.72837635153312	
2553	2553	0	0	0.665871392038612		0.460411946943674	
2554	2554	0	0	0.629488427302683		0.667716990190351	
2555	2555	0	0	0		-0.0179528605329377	
2556	2556	0	0	0.0577694094927599		1.81489922789055	
2557	2557	0	0	0.346726003693034		1.18299531306591	
2558	2558	0	0	0.556917181998272		0.099498743646047	
2559	2559	0	0	0.374205237720953		1.39395768051878	
2560	2560	0	0	0.361130390971551		0.947486949263054	
2561	2561	0	0	0.327325644433196		1.51982792676539	
2562	2562	0	0	0.185242101783778		0.88307705411826	
2563	2563	0	0	0.712475709045931		1.24700595065152	
2564	2564	0	0	1.17650535653037		1.5587618935666	
2565	2565	0	0	1.44711476744287		0.933920021574134	
2566	2566	0	0.4	0.822290090042698		3.43258782657471	
2567	2567	0	0	0.305204584470689		2.95321324113605	
2568	2568	0	0	0.483094106347217		3.87371119391421	
2569	2569	0	0	0.27570827303666		2.54962879370234	
2570	2570	0	0	0.10451508468252		1.73070242515371	
2571	2571	0	0	0.269142026388909		2.44268670649436	
2572	2572	0	0	0.172100587091917		0.809956142643664	
2573	2573	0	0	0.244474285131542		0.483955365041892	
2574	2574	0	0	0.298030930774189		1.30367263813815	
2575	2575	0	0	0.221340193598284		0.351900721470777	
2576	2576	0	0	0.27483481259007		0.900805691226078	
2577	2577	0	0	0.408317655988677		0.945992457990031	
2578	2578	0	0	0.213710947665321		0.808221008484382	
2579	2579	0	0	0.361317141617329		0.812286883729401	
2580	2580	0	0	0.217457433859586		1.55113265474946	
2581	2581	0	0	0.471128846568442		0.22684038094364	
2582	2582	0	0	0.542557092964598		1.83113974126719	
2583	2583	0	0	0.575713799409865		0.475961171881976	
2584	2584	0	1	0.422386038309764		2.75848031303563	
2585	2585	0	0.2	0.534553924178756		1.98511934337911	
2586	2586	0	2.6	0.296975052539825		4.42673164383413	
2587	2587	0	0.6	0.299648529198794		3.1645046449885	
2588	2588	0	0.4	0.365087693684414		3.40617996404088	
2589	2589	0	0	0.27293197925226		1.85288072482803	
2590	2590	0	0	0.176391161956005		1.97593439864318	
2591	2591	0	0	0.520730818861844		2.00683186861215	
2592	2592	0	0	0.472872989359768		1.40795611412432	
2593	2593	0	0.2	0.322022634161456		0.912182949476673	
2594	2594	0	0	0.198296900412409		2.00974086953711	
2595	2595	0	0.6	0.182743375394544		1.47446212136197	
2596	2596	0	2.2	0.400481765047765		3.22245487607268	
2597	2597	0	0	0.410280751747703		2.43260370485264	
2598	2598	0	1.6	0.189326842332012		2.63396930149109	
2599	2599	0	0	0.160200855192745		2.5227472110534	
2600	2600	0	1	0.117928096232298		2.7152546499581	
2601	2601	0	0.2	0.162584705652385		2.08689616941185	
2602	2602	0	0.4	0.244435155272029		1.79909352782906	
2603	2603	0	0.2	0.238862777059488		1.52475309900303	
2604	2604	0	0	0.0576352562197151		1.03210530381652	
2605	2605	0	0	0.00597151944941032		1.02780584989135	
2606	2606	0	0.6	0.00994015728232966		1.30423049571042	
2607	2607	0	0.4	0.0765298116022883		0.955449957485596	
2608	2608	0	0	0.0729372377222326		0.733018815027347	
2609	2609	0	0.2	0.142733501021887		0.39652613557837	
2610	2610	0	0	0.108808633243804		0.622443521749085	
2611	2611	0	0	0.0829183310840733		0.378346316481415	
2612	2612	0	0	0.0997738655003602		0.62907281478794	
2613	2613	0	0	0.166170211072284		0.290254567556571	
2614	2614	0	0	0.077858645534512		0.466525982698931	
2615	2615	0	0	0.0478298824556163		0.289427507660676	
2616	2616	0	0	0.0560615965001716		0.539632987368637	
2617	2617	0	0	0.0648199123363504		0.144985965834424	
2618	2618	0	0	0.0496187722887065		0.3018436038308	
2619	2619	0	0	0.114254340402631		0.207280128803314	
2620	2620	0	0	0.0560922996242645		0.288954400040618	
2621	2621	0	0	0.00998796370241806		0.090171865164325	
2622	2622	0	0	0.0779058400550063		0.378553271166849	
2623	2623	0	0	0.0815101955122444		0.146381822651454	
2624	2624	0	0	0.162677501144334		0.0833510023982323	
2625	2625	0	0.2	0.112630426558727		0.609060128287159	
2626	2626	0	0.2	0.140312844519038		0.371122242456594	
2627	2627	0	0	0.304240608185534		0.710259457865741	
2628	2628	0	1.6	0.179522152861949		1.78565661172275	
2629	2629	0	0	0.14177146427717		1.3586395591587	
2630	2630	0	0.2	0.0811470420287428		1.55519332959534	
2631	2631	0	0.2	0.0568906938024618		0.820411289694019	
2632	2632	0	0	0.0336807995765085		1.08477230170734	
2633	2633	0	0	0.0606154477375789		0.815587014426574	
2634	2634	0	0	0.114418638861654		0.362499073210979	
2635	2635	0	0	0.0383005462610129		0.304241369870008	
2636	2636	0	0	0.0451858409185419		0.219753467948475	
2637	2637	0	1.6	0.0244086524846061		1.68613791990973	
2638	2638	0	0	0.0123575010559271		0.884094100793572	
2639	2639	0	0	0.000500248472455667		0.535070770467033	
2640	2640	0	0	0		0.280403566243856	
2641	2641	0	0	0		0.357668067137134	
2642	2642	0	0	0.000543735696933112		0.480328664590198	
2643	2643	0	0	0		0.0191036924030415	
2644	2644	0	0	0		0.000142113095522825	
2645	2645	0	0	0		0.00209982638288865	
2646	2646	0	0	0		-0.00101144864047868	
2647	2647	0	0	0		0.000852315708300594	
2648	2648	0	0	0		0	
2649	2649	0	0	0		0	
2650	2650	0	0	0		0	
2651	2651	0	0	0		0	
2652	2652	0	0	0		0	
2653	2653	0	0	0		0	
2654	2654	0	0	0		0	
2655	2655	0	0	0		0	
2656	2656	0	0	0		0	
2657	2657	0	0	0		0	
2658	2658	0	0	0		0	
2659	2659	0	0	0		0	
2660	2660	0	0	0		0	
2661	2661	0	0	0		0	
2662	2662	0	0	0		0	
2663	2663	0	0	0		0	
2664	2664	0	0	0		0	
2665	2665	0	0	0		0	
2666	2666	0	0	0		0	
2667	2667	0	0	0		0	
2668	2668	0	0	0		0	
2669	2669	0	0	0		0	
2670	2670	0	0	0		0	
2671	2671	0	0	0		0	
2672	2672	0	0	0		0	
2673	2673	0	0	0		0	
2674	2674	0	0	0		0	
2675	2675	0	0	0		0	
2676	2676	0	0	0		0	
2677	2677	0	0	0		0	
2678	2678	0	0	0		0	
2679	2679	0	0	0		0	
2680	2680	0	0	0		0	
2681	2681	0	0	0		0	
2682	2682	0	0	0		0	
2683	2683	0	0	0		0	
2684	2684	0	0	0		0	
2685	2685	0	0	0		0	
2686	2686	0	0	0		0	
2687	2687	0	0	0		0	
2688	2688	0	0	0		0	
2689	2689	0	0	0		0	
2690	2690	0	0	0		0	
2691	2691	0	0	0		0	
2692	2692	0	0	0		0	
2693	2693	0	0	0		0	
2694	2694	0	0	0		0	
2695	2695	0	0	0		0	
2696	2696	0	0	0		0	
2697	2697	0	0	0		0	
2698	2698	0	0	0		0	
2699	2699	0	0	0		0	
2700	2700	0	0	0		0	
2701	2701	0	0	0		0	
2702	2702	0	0	0		0	
2703	2703	0	0	0		0	
2704	2704	0	0	0		0	
2705	2705	0	0	0		0	
2706	2706	0	0	0		0	
2707	2707	0	0	0		0	
2708	2708	0	0	0		0	
2709	2709	0	0	0		0	
2710	2710	0	0	0		0	
2711	2711	0	0	0		0	
2712	2712	0	0	0		0	
2713	2713	0	0	0		0	
2714	2714	0	0	0		0	
2715	2715	0	0	0		0	
2716	2716	0	0	0		0	
2717	2717	0	0	0		0	
2718	2718	0	0	0		0	
2719	2719	0	0	0		0	
2720	2720	0	0	0		0	
2721	2721	0	0	0		0	
2722	2722	0	0	0		0	
2723	2723	0	0	0		0	
2724	2724	0	0	0		0	
2725	2725	0	0	0		0	
2726	2726	0	0	0		0	
2727	2727	0	0	0		0	
2728	2728	0	0	0		0	
2729	2729	0	0	0		0	
2730	2730	0	0	0		0	
2731	2731	0	0	0		0	
2732	2732	0	0	0		0	
2733	2733	0	0	0		0	
2734	2734	0	0	0		0	
2735	2735	0	0	0		0	
2736	2736	0	0	0		0	
2737	2737	0	0	0		0	
2738	2738	0	0	0		0	
2739	2739	0	0	0		0	
2740	2740	0	0	0		0	
2741	2741	0	0	0		0	
2742	2742	0	0	0		0	
2743	2743	0	0	0		0	
2744	2744	0	0	0		0	
2745	2745	0	0	0		0	
2746	2746	0	0	0		0	
2747	2747	0	0	0		0	
2748	2748	0	0	0		0	
2749	2749	0	0	0		0	
2750	2750	0	0	0		0	
2751	2751	0	0	0		0	
2752	2752	0	0	0		0	
2753	2753	0	0	0		0	
2754	2754	0	0	0		0	
2755	2755	0	0	0		0	
2756	2756	0	0	0		0	
2757	2757	0	0	0		0	
2758	2758	0	0	0		0	
2759	2759	0	0	0		0	
2760	2760	0	0	0		0	
2761	2761	0	0	0		0	
2762	2762	0	0	0		0	
2763	2763	0	0	0		0	
2764	2764	0	0	0		0	
2765	2765	0	0	0		0	
2766	2766	0	0	0		0	
2767	2767	0	0	0		0	
2768	2768	0	0	0		0	
2769	2769	0	0	0		0	
2770	2770	0	0	0		0	
2771	2771	0	0	0		0	
2772	2772	0	0	0		0	
2773	2773	0	0	0		0	
2774	2774	0	0	0		0	
2775	2775	0	0	0		0	
2776	2776	0	0	0		0	
2777	2777	0	0	0		0	
2778	2778	0	0	0		0	
2779	2779	0	0	0		0	
2780	2780	0	0	0		0	
2781	2781	0	0	0		0	
2782	2782	0	0	0		0	
2783	2783	0	0	0		0	
2784	2784	0	0	0		0	
2785	2785	0	0	0		0	
2786	2786	0	0	0		0	
2787	2787	0	0	0		0	
2788	2788	0	0	0		0	
2789	2789	0	0	0		0	
2790	2790	0	0	0		0	
2791	2791	0	0	0		0	
2792	2792	0	0	0		0	
2793	2793	0	0	0		0	
2794	2794	0	0	0		0	
2795	2795	0	0	0		0	
2796	2796	0	0	0		0	
2797	2797	0	0	0		0	
2798	2798	0	0	0		0	
2799	2799	0	0	0		0	
2800	2800	0	0	0		0	
2801	2801	0	0	0		0	
2802	2802	0	0	0		0	
2803	2803	0	0	0		0	
2804	2804	0	0	0		0	
2805	2805	0	0	0		0	
2806	2806	0	0	0		0	
2807	2807	0	0	0		0	
2808	2808	0	0	0		0	
2809	2809	0	0	0		0	
2810	2810	0	0	0		0	
2811	2811	0	0	0		0	
2812	2812	0	0	0		0	
2813	2813	0	0	0		0	
2814	2814	0	0	0		0	
2815	2815	0	0	0		0	
2816	2816	0	0	0		0	
2817	2817	0	0	0		0	
2818	2818	0	0	0		0	
2819	2819	0	0	0		0	
2820	2820	0	0	0		0	
2821	2821	0	0	0		0	
2822	2822	0	0	0		0	
2823	2823	0	0	0		0	
2824	2824	0	0	0		0	
2825	2825	0	0	0		0	
2826	2826	0	0	0		0	
2827	2827	0	0	0		0	
2828	2828	0	0	0		0	
2829	2829	0	0	0		0	
2830	2830	0	0	0		0	
2831	2831	0	0	0		0	
2832	2832	0	0	0		0	
2833	2833	0	0	0		0	
2834	2834	0	0	0		0	
2835	2835	0	0	0		0	
2836	2836	0	0	0		0	
2837	2837	0	0	0		0	
2838	2838	0	0	0		0	
2839	2839	0	0	0		0	
2840	2840	0	0	0		0	
2841	2841	0	0	0		0	
2842	2842	0	0	0		0	
2843	2843	0	0	0		0	
2844	2844	0	0	0		0	
2845	2845	0	0	0		0	
2846	2846	0	0	-22.4505750552742		5.17095863791988	
2847	2847	0	0	0		-27.401220780369	
2848	2848	0	0	0		26.5093284215401	
2849	2849	0	0	0		-86.700781423747	
2850	2850	0	0	0		41.7622086350072	
2851	2851	0	0	0		-35.19168943279	
2852	2852	0	0	0		0	
2853	2853	0	0	0		0	
2854	2854	0	0	0		0	
2855	2855	0	0	0		0	
2856	2856	0	0	0		0	
2857	2857	0	0	0		0	
2858	2858	0	0	0		0	
2859	2859	0	0	0		0	
2860	2860	0	0	0		0	
2861	2861	0	0	0		0	
2862	2862	0	0	0		0	
2863	2863	0	0	0		0	
2864	2864	0	0	0		0	
2865	2865	0	0	0		0	
2866	2866	0	0	0		0	
2867	2867	0	0	0		0	
2868	2868	0	0	0		0	
2869	2869	0	0	0		0	
2870	2870	0	0	0		0	
2871	2871	0	0	0		0	
2872	2872	0	0	0		0	
2873	2873	0	0	0		0	
2874	2874	0	0	0		0	
2875	2875	0	0	0		0	
2876	2876	0	0	0		0	
2877	2877	0	0	0		0	
2878	2878	0	0	0		0	
2879	2879	0	0	0		0	
2880	2880	0	0	0		0	
2881	2881	0	0	0		0	
2882	2882	0	0	0		0	
2883	2883	0	0.2	0		0.162490948890295	
2884	2884	0	0	0		0.110052126903563	
2885	2885	0	0	0		0.0332895821973711	
2886	2886	0	0	0		0.0280173964097022	
2887	2887	0	0	0		0.0356388599213471	
2888	2888	0	0	0		0.0579060293049335	
2889	2889	0	0	0		0	
2890	2890	0	0	0		0	
2891	2891	0	0	0		0	
2892	2892	0	0	0		0	
2893	2893	0	0	0		0	
2894	2894	0	0	0		0	
2895	2895	0	0.8	0.744117556236916		0.478573927124507	
2896	2896	0	0	0.615885890449893		1.20655898805594	
2897	2897	0	0	0		0.00621140579220281	
2898	2898	0	0	0		2.25851136443948	
2899	2899	0	0	0		1.13681929628465	
2900	2900	0	0	0		0.252380774325543	
2901	2901	0	0	0		0.96541246401874	
2902	2902	0	0	0		0	
2903	2903	0	0.2	0		0.162490948890295	
2904	2904	0	0	0.000358982043123568		0.10996944388577	
2905	2905	0	0	0.291163853985544		-0.0333349784615054	
2906	2906	0	0	0.0555362527529812		0.370171349644281	
2907	2907	0	0	0		-0.23899433178752	
2908	2908	0	0	0		1.11609331216492	
2909	2909	0	0.4	0		-0.00160109189614182	
2910	2910	0	0	0		0.573201282712613	
2911	2911	0	0	0		0.153633262311254	
2912	2912	0	0	0		0.0560347928194045	
2913	2913	0	0	0.412645949795494		-0.0237655088160028	
2914	2914	0	0	1.03422011649608		0.381243715255363	
2915	2915	0	0	1.12013013964725		0.517037095614646	
2916	2916	0	0	0.325321311925993		1.66458790874904	
2917	2917	0	0	0.269205470204336		2.23882635020305	
2918	2918	0	0	0.206726197184575		2.94558542403155	
2919	2919	0	0.6	0.241690048367232		1.16009620618324	
2920	2920	0	0	0.245147096232328		2.51487745055472	
2921	2921	0	0	0.124921860236359		0.892438087134686	
2922	2922	0	0	0.349034832871105		0.837469446519151	
2923	2923	0	0	0.491554938448671		1.0933748017528	
2924	2924	0	0	0.233614808121908		0.712988626891147	
2925	2925	0	1.8	0.0603212594050557		2.65304912612862	
2926	2926	0	0.4	0.394514966398986		2.46721783924294	
2927	2927	0	0	0.818481644958087		1.27639814217069	
2928	2928	0	1.8	0.392599602678597		2.79276452203131	
2929	2929	0	3.6	0.166045842708089		5.54411214028332	
2930	2930	0	4	0.0527390382893369		8.37127172133848	
2931	2931	0	0.2	0.347943899036981		3.73092198235473	
2932	2932	0	0	0.497851194809892		3.04255670338197	
2933	2933	0	0	0.14726935744901		2.42935934178603	
2934	2934	0	0	0.376765707410453		2.794095595808	
2935	2935	0	0	0.398509625284262		2.74598291769461	
2936	2936	0	0	0.538974727193038		0.163318245316331	
2937	2937	0	0	0.552777898585367		2.02140762292719	
2938	2938	0	0	0.639772197799488		0.95988102264453	
2939	2939	0	1.2	0.608139954245093		2.89373892660957	
2940	2940	0	0	0.301338772504234		2.33453995373655	
2941	2941	0	1	0.302363475305482		2.87954370183884	
2942	2942	0	0	0.548670867618455		2.63015492327213	
2943	2943	0	0.2	0.377185234551229		1.80385746986831	
2944	2944	0	0.2	0.546420129155297		2.00711549649026	
2945	2945	0	0	0.588834901492024		2.4362371789877	
2946	2946	0	0.2	0.229468329385821		1.4439154660187	
2947	2947	0	0.2	0.428334939454821		2.09093437618958	
2948	2948	0	0	0.663224297029924		2.1847593681065	
2949	2949	0	0	0.845487863407275		0.875531540518556	
2950	2950	0	0	0.767061303572195		2.28610673718746	
2951	2951	0	0	0.470792208926433		2.04716449243522	
2952	2952	0	0	0.308217153049782		2.35863997956563	
2953	2953	0	0	0.29297579749592		2.18192774474227	
2954	2954	0	0	0.37465704093491		1.62392068524008	
2955	2955	0	0	0.463086401712268		1.52158226161132	
2956	2956	0	0	0.562595189386748		1.28929634983278	
2957	2957	0	0	0.612279997102171		1.38384139517175	
2958	2958	0	0	0.517967084287591		1.51437426193648	
2959	2959	0	0	0.486625887194108		1.69564576074238	
2960	2960	0	1.6	0.337087307612553		3.24851236202716	
2961	2961	0	2.2	0.39445655337429		4.15701854611634	
2962	2962	0	0	0.386817275415918		3.34672988936529	
2963	2963	0	0	0.52921897282938		1.68326832771723	
2964	2964	0	0	0.503210985396688		2.3256527241647	
2965	2965	0	0	0.304183559133801		2.06295478827391	
2966	2966	0	0	0.313491920523237		2.28436773586291	
2967	2967	0	0	0.195234145936269		1.54370200320535	
2968	2968	0	3	0.0997273975158635		3.35072022567331	
2969	2969	0	2.8	0.179898488760163		5.20902278839661	
2970	2970	0	0.2	0.119374324446806		2.92450692579785	
2971	2971	0	0.2	0.0968716599810975		1.58318758046367	
2972	2972	0	1	0.0711993716190307		2.65876436500163	
2973	2973	0	0	0.0389433027466275		2.22533353211564	
2974	2974	0	0	0.0489673414757519		1.42700956804868	
2975	2975	0	0	0.0818815857437869		0.510437639392851	
2976	2976	0	0	0.0705820491727671		0.431758406446314	
2977	2977	0	0.4	0.117185382547195		0.805252027466888	
2978	2978	0	0	0.107248362545949		0.541256683341631	
2979	2979	0	0.6	0.236130941444525		0.689211727626502	
2980	2980	0	0	0.161046029378472		0.96026933929416	
2981	2981	0	0.2	0.113703357215634		0.532016644351573	
2982	2982	0	0.2	0.165951647193474		1.27889089033293	
2983	2983	0	0.2	0.213817862038997		0.782590667690546	
2984	2984	0	0	0.0726957732919118		0.90301727551374	
2985	2985	0	0	0.0850661478081101		0.595419817978639	
2986	2986	0	0.6	0.0811373947242089		1.30359746132475	
2987	2987	0	1.2	0.0453427019640813		1.52991954708022	
2988	2988	0	0.2	0.0403775832504785		1.45926261508152	
2989	2989	0	1.6	0.122872601431336		1.93026373218951	
2990	2990	0	0	0.0425278925167234		1.43874159840318	
2991	2991	0	0.2	0.0787008463819276		0.931839749025894	
2992	2992	0	1.2	0.0646522975534793		2.19364144735088	
2993	2993	0	3.6	0.106616876084242		3.92184307110414	
2994	2994	0	0.2	0.114617656738101		3.27924595211774	
2995	2995	0	0	0.156278082813042		1.06095623198621	
2996	2996	0	0	0.081570987212519		1.26079281103903	
2997	2997	0	0	0.0604806018593287		1.26370319691028	
2998	2998	0	0	0.0745827567154294		1.59570513984586	
2999	2999	0	0	0.0517645205971249		0.269572129237054	
3000	3000	0	0	0.0724155168190244		0.285232570582084	
3001	3001	0	0.2	0.0415970478612451		0.483557775862298	
3002	3002	0	0	0.0765884355130986		0.213647951633816	
3003	3003	0	0	0.0291488337773806		0.371212053796818	
3004	3004	0	0.2	0.0589701057907703		0.229145183093079	
3005	3005	0	0	0.103721737775214		0.491264008413504	
3006	3006	0	0	0.0473585547234165		0.172554331077862	
3007	3007	0	0.6	0.0266409754528674		0.738248021888884	
3008	3008	0	0	0.00509010056296688		0.677772177206563	
3009	3009	0	0	0		0.214916880091904	
3010	3010	0	0	0		0.255415442636337	
3011	3011	0	0	0.00114221034394291		0.15098898976529	
3012	3012	0	0	0		0.20740386427421	
3013	3013	0	0	0		0.00663012010574617	
3014	3014	0	0	0		0.00441104644875777	
3015	3015	0	0	0		-0.00212472181988055	
3016	3016	0	0	0		0.00179043572790426	
3017	3017	0	0	0		0	
3018	3018	0	0	0		0	
3019	3019	0	0	0		0	
3020	3020	0	0	0		0	
3021	3021	0	0	0		0	
3022	3022	0	0	0		0	
3023	3023	0	0	0		0	
3024	3024	0	0	0		0	
3025	3025	0	0	0		0	
3026	3026	0	0	0		0	
3027	3027	0	0	0		0	
3028	3028	0	0	0		0	
3029	3029	0	0	0		0	
3030	3030	0	0	0		0	
3031	3031	0	0	0		0	
3032	3032	0	0	0		0	
3033	3033	0	0	0		0	
3034	3034	0	0	0		0	
3035	3035	0	0	0		0	
3036	3036	0	0	0		0	
3037	3037	0	0	0		0	
3038	3038	0	0	0		0	
3039	3039	0	0	0		0	
3040	3040	0	0	0		0	
3041	3041	0	0	0		0	
3042	3042	0	0	0		0	
3043	3043	0	0	0		0	
3044	3044	0	0	0		0	
3045	3045	0	0	0		0	
3046	3046	0	0	0		0	
3047	3047	0	0	0		0	
3048	3048	0	0	0		0	
3049	3049	0	0	0		0	
3050	3050	0	0	0		0	
3051	3051	0	0	0		0	
3052	3052	0	0	0		0	
3053	3053	0	0	0		0	
3054	3054	0	0	0		0	
3055	3055	0	0	0		0	
3056	3056	0	0	0		0	
3057	3057	0	0	0		0	
3058	3058	0	0	0		0	
3059	3059	0	0	0		0	
3060	3060	0	0	0		0	
3061	3061	0	0	0		0	
3062	3062	0	0	0		0	
3063	3063	0	0	0		0	
3064	3064	0	0	0		0	
3065	3065	0	0	0		0	
3066	3066	0	0	0		0	
3067	3067	0	0	0		0	
3068	3068	0	0	0		0	
3069	3069	0	0	0		0	
3070	3070	0	0	0		0	
3071	3071	0	0	0		0	
3072	3072	0	0	0		0	
3073	3073	0	0	0		0	
3074	3074	0	0	0		0	
3075	3075	0	0	0		0	
3076	3076	0	0	0		0	
3077	3077	0	0	0		0	
3078	3078	0	0	0		0	
3079	3079	0	0	0		0	
3080	3080	0	0	0		0	
3081	3081	0	0	0		0	
3082	3082	0	0	0		0	
3083	3083	0	0	0		0	
3084	3084	0	0	0		0	
3085	3085	0	0	0		0	
3086	3086	0	0	0		0	
3087	3087	0	0	0		0	
3088	3088	0	0	0		0	
3089	3089	0	0	0		0	
3090	3090	0	0	0		0	
3091	3091	0	0	0		0	
3092	3092	0	0	0		0	
3093	3093	0	0	0		0	
3094	3094	0	0	0		0	
3095	3095	0	0	0		0	
3096	3096	0	0	0		0	
3097	3097	0	0	0		0	
3098	3098	0	0	0		0	
3099	3099	0	0	0		0	
3100	3100	0	0	0		0	
3101	3101	0	0	0		0	
3102	3102	0	0	0		0	
3103	3103	0	0	0		0	
3104	3104	0	0	0		0	
3105	3105	0	0	0		0	
3106	3106	0	0	0		0	
3107	3107	0	0	0		0	
3108	3108	0	0	0		0	
3109	3109	0	0	0		0	
3110	3110	0	0	0		0	
3111	3111	0	0	0		0	
3112	3112	0	0	0		0	
3113	3113	0	0	0		0	
3114	3114	0	0	0		0	
3115	3115	0	0	0		0	
3116	3116	0	0	0		0	
3117	3117	0	0	0		0	
3118	3118	0	0	0		0	
3119	3119	0	0	0		0	
3120	3120	0	0	0		0	
3121	3121	0	0	0		0	
3122	3122	0	0	0		0	
3123	3123	0	0	0		0	
3124	3124	0	0	0		0	
3125	3125	0	0	0		0	
3126	3126	0	0	0		0	
3127	3127	0	0	0		0	
3128	3128	0	0	0		0	
3129	3129	0	0	0		0	
3130	3130	0	0	0		0	
3131	3131	0	0	0		0	
3132	3132	0	0	0		0	
3133	3133	0	0	0		0	
3134	3134	0	0	0		0	
3135	3135	0	0	0		0	
3136	3136	0	0	0		0	
3137	3137	0	0	0		0	
3138	3138	0	0	0		0	
3139	3139	0	0	0		0	
3140	3140	0	0	0		0	
3141	3141	0	0	0		0	
3142	3142	0	0	0		0	
3143	3143	0	0	0		0	
3144	3144	0	0	0		0	
3145	3145	0	0	0		0	
3146	3146	0	0	0		0	
3147	3147	0	0	0		0	
3148	3148	0	0	0		0	
3149	3149	0	0	0		0	
3150	3150	0	0	0		0	
3151	3151	0	0	0		0	
3152	3152	0	0	0		0	
3153	3153	0	0	0		0	
3154	3154	0	0	0		0	
3155	3155	0	0	0		0	
3156	3156	0	0	0		0	
3157	3157	0	0	0		0	
3158	3158	0	0	0		0	
3159	3159	0	0	0		0	
3160	3160	0	0	0		0	
3161	3161	0	0	0		0	
3162	3162	0	0	0		0	
3163	3163	0	0	0		0	
3164	3164	0	0	0		0	
3165	3165	0	0	0		0	
3166	3166	0	0	0		0	
3167	3167	0	0	0		0	
3168	3168	0	0	0		0	
3169	3169	0	0	0		0	
3170	3170	0	0	0		0	
3171	3171	0	0	0		0	
3172	3172	0	0	0		0	
3173	3173	0	0	0		0	
3174	3174	0	0	0		0	
3175	3175	0	0	0		0	
3176	3176	0	0	0		0	
3177	3177	0	0	0		0	
3178	3178	0	0	0		0	
3179	3179	0	0	0		0	
3180	3180	0	0	0		0	
3181	3181	0	0	0		0	
3182	3182	0	0	0		0	
3183	3183	0	0	0		0	
3184	3184	0	0	0		0	
3185	3185	0	0	0		0	
3186	3186	0	0	0		0	
3187	3187	0	0	0		0	
3188	3188	0	0	0		0	
3189	3189	0	0	0		0	
3190	3190	0	0	0		0	
3191	3191	0	0	0		0	
3192	3192	0	0	0		0	
3193	3193	0	0	0		0	
3194	3194	0	0	0		0	
3195	3195	0	0	0		0	
3196	3196	0	0	0		0	
3197	3197	0	0	0		0	
3198	3198	0	0	0		0	
3199	3199	0	0	0		0	
3200	3200	0	0	0		0	
3201	3201	0	0	0		0	
3202	3202	0	0	0		0	
3203	3203	0	0	0		0	
3204	3204	0	0	0		0	
3205	3205	0	0	0		0	
3206	3206	0	0	0		0	
3207	3207	0	0	0		0	
3208	3208	0	0	0		0	
3209	3209	0	0	0		0	
3210	3210	0	0	0		0	
3211	3211	0	0	0		0	
3212	3212	0	0	-29.0697571584285		6.6955305826474	
3213	3213	0	0	0		-35.4800191963316	
3214	3214	0	0	0		34.3251670725539	
3215	3215	0	0	0		-112.263078127356	
3216	3216	0	0	0		54.0751076723125	
3217	3217	0	0	0		-45.5673791556492	
3218	3218	0	0	0		0	
3219	3219	0	0	0		0	
3220	3220	0	0	0		0	
3221	3221	0	0	0		0	
3222	3222	0	0	0		0	
3223	3223	0	0	0		0	
3224	3224	0	0	0		0	
3225	3225	0	0	0		0	
3226	3226	0	0	0		0	
3227	3227	0	0	0		0	
3228	3228	0	0	0		0	
3229	3229	0	0	0		0	
3230	3230	0	0	0		0	
3231	3231	0	0	0		0	
3232	3232	0	0	0		0	
3233	3233	0	0	0		0	
3234	3234	0	0	0		0	
3235	3235	0	0	0		0	
3236	3236	0	0	0		0	
3237	3237	0	0	0		0	
3238	3238	0	0	0		0	
3239	3239	0	0	0		0	
3240	3240	0	0	0		0	
3241	3241	0	0	0		0	
3242	3242	0	0	0		0	
3243	3243	0	0	0		0	
3244	3244	0	0	0		0	
3245	3245	0	0	0		0	
3246	3246	0	0	0		0	
3247	3247	0	0	0		0	
3248	3248	0	0	0		0	
3249	3249	0	0	0		0	
3250	3250	0	0	0		0	
3251	3251	0	0	0		0	
3252	3252	0	0	0		0	
3253	3253	0	0	0		0	
3254	3254	0	0	0		0	
3255	3255	0	0.8	0		0.649963795561181	
3256	3256	0	0.2	0		0.602699456504545	
3257	3257	0	0	0		0.243210455693047	
3258	3258	0	0	0		0.14535916783618	
3259	3259	0	0	0		0.17057283609509	
3260	3260	0	0	0.237992909558247		0.212446942878529	
3261	3261	0	0	0.390124316761808		0.258523587753075	
3262	3262	0	0	0		0.195133101184162	
3263	3263	0	0	0		0.458439820289838	
3264	3264	0	0	0		1.06389139317031	
3265	3265	0	0	0		-0.352644889065166	
3266	3266	0	0	0		0.61152704382223	
3267	3267	0	0	0		0	
3268	3268	0	0	0		0	
3269	3269	0	0	0		0	
3270	3270	0	0	0		0	
3271	3271	0	0	0		0	
3272	3272	0	0	0		0	
3273	3273	0	0	0		0	
3274	3274	0	0	0		0	
3275	3275	0	0	0.0435760630613407		-0.0100367148341996	
3276	3276	0	0	0.166249690480599		0.0148934738115925	
3277	3277	0	6.2	0.312804060108128		5.11662831472687	
3278	3278	0	0.6	0.307995462152853		4.18190970508017	
3279	3279	0	0.6	0.590695301885724		2.28108344427435	
3280	3280	0	1	0.570348685383136		3.30398136554747	
3281	3281	0	0	0.703897460685247		2.54365219306806	
3282	3282	0	0	0.152378162788567		4.5016382831488	
3283	3283	0	3.6	0.269508187502506		4.2248992322551	
3284	3284	0	0	0.134340901901813		5.03424000783198	
3285	3285	0	0	0.760266596047677	11.1407701863354	0.732481306446472	10.4082888798889
3286	3286	0	0	1.09434621200788	7.67450714285714	2.88226511619112	4.79224202666601
3287	3287	0	0	1.26680119905448	3.5424642857143	1.0439986420016	2.4984656437127
3288	3288	1	0.6	0.364863913056372	2.41344999999999	4.8082988929088	-2.39484889290881
3289	3289	1	0.4	0.303633031629519	2.20657857142858	2.55725154186164	-0.35067297043306
3290	3290	1	0.2	0.149112695867312	1.61142857142858	4.4361251633232	-2.82469659189463
3291	3291	1	0	0.195822047502922	1.75268571428571	0.807023021209424	0.945662693076285
3292	3292	1	0	0.254278906392514	1.78842142857143	2.68021263497517	-0.891791206403745
3293	3293	1	0.2	0.450722202417857	1.6275	0.993786261096296	0.6337137389037
3294	3294	1	0	0.399353963951034	1.24451428571429	1.37419352316456	-0.12967923745027
3295	3295	1	0	0.482777899119856	0.970971428571429	0.786668445626801	0.184302982944627
3296	3296	1	0	0.562818147271178	1.3311	1.59064178631918	-0.259541786319178
3297	3297	1	0	0.941578913569497	1.3768	1.03804397189864	0.338756028101361
3298	3298	1	0	1.07267642628159	0.678971428571428	2.12354169132747	-1.44457026275605
3299	3299	1	0	0.507920865070364	0	1.98188347190427	-1.98188347190427
3300	3300	1	0.6	0.247407349252562	0	3.12986643134208	-3.12986643134208
3301	3301	1	0	0.358570999523023	0	3.22302024689671	-3.22302024689671
3302	3302	1	0	0.260057433351987	0	1.62755728133755	-1.62755728133755
3303	3303	1	0	0.306093872717391	0	1.59962250080259	-1.59962250080259
3304	3304	1	0	0.303512326180352	0	1.82422894054621	-1.82422894054621
3305	3305	1	0	0.419676134560387	0	0.811175510880121	-0.811175510880121
3306	3306	1	3.2	0.383154794042177	0	3.92584247830029	-3.92584247830029
3307	3307	1	0.2	0.607712823514586	0	2.76582361506746	-2.76582361506746
3308	3308	1	0	0.780386770914742	0	2.28818509628829	-2.28818509628829
3309	3309	1	0	0.735207965902966	0	1.72189654038507	-1.72189654038507
3310	3310	1	0	0.618893502349195	0	2.72356076447508	-2.72356076447508
3311	3311	1	0	0.47067720424662	0	3.22485212928335	-3.22485212928335
3312	3312	1	0	0.510623248197017	0	2.12418442204883	-2.12418442204883
3313	3313	1	0	0.63463640348148	0	2.16700266021314	-2.16700266021314
3314	3314	1	2	0.393917741681769	0	3.52470638096819	-3.52470638096819
3315	3315	1	1.2	0.362529976482708	0	3.78991024535687	-3.78991024535687
3316	3316	1	5.2	0.347926713818673	0	7.35398971947489	-7.35398971947489
3317	3317	1	0.2	0.295027916138803	0	4.5735060831387	-4.5735060831387
3318	3318	1	0.2	0.475477392432921	0	3.1643900695679	-3.1643900695679
3319	3319	1	1.4	0.179526145889387	0	4.2794779425467	-4.2794779425467
3320	3320	1	0.8	0.12916094909674	0	3.44402841655069	-3.44402841655069
3321	3321	1	1	0.146752912862667	0	4.79956109840664	-4.79956109840664
3322	3322	1	1.6	0.121000427818746	0	2.54303537134947	-2.54303537134947
3323	3323	1	1.4	0.10085440664092	0	3.46508677853055	-3.46508677853055
3324	3324	1	0.2	0.313568855621106	0	2.40303772876117	-2.40303772876117
3325	3325	1	8.2	0.171987195138694	8.13874285714288	8.25994026457943	-0.121197407436549
3326	3326	1	0	0.253715105301257	8.46481428571427	5.49184667679634	2.97296760891793
3327	3327	1	0.4	0.354404441713712	0	3.66856513448057	-3.66856513448057
3328	3328	1	0.2	0.276517136660274	0	2.28055653854811	-2.28055653854811
3329	3329	1	0.2	0.260723312559769	0	2.86859406221563	-2.86859406221563
3330	3330	1	0	0.105245140719191	0	3.70728504186845	-3.70728504186845
3331	3331	1	0	0.220612435930768	0	0.708679982588716	-0.708679982588716
3332	3332	1	0	0.167088802987639	0	1.33400900439594	-1.33400900439594
3333	3333	1	8	0.160659242775566	0	6.85451009865934	-6.85451009865934
3334	3334	1	1.6	0.169253307345919	0	6.78461140156434	-6.78461140156434
3335	3335	1	0.2	0.106017262168354	0	2.76681034532441	-2.76681034532441
3336	3336	1	0.2	0.0985546922125984	1.56891428571429	2.22183951341049	-0.652925227696201
3337	3337	1	0.2	0.0563381891884056	2.74302857142858	2.55434369212993	0.188684879298651
3338	3338	1	0	0.0553971312679487	2.27005714285715	3.05875807943309	-0.788700936575947
3339	3339	1	0.2	0.113124365037326	0.993771428571431	1.14641865284285	-0.152647224271418
3340	3340	1	0.4	0.141158263791937	0	0.797165265551939	-0.797165265551939
3341	3341	1	0.2	0.132658953466688	0	0.781207003146534	-0.781207003146534
3342	3342	0	0	0.156667506939822		0.643836070783356	
3343	3343	0	0	0.259173948786167		0.521377601607514	
3344	3344	0	0	0.263645283617283		0.654864341250171	
3345	3345	0	0	0.0797304688287284		0.728365072074698	
3346	3346	0	0	0.213028008927338		0.712249589512984	
3347	3347	0	0	0.0846755096052512		0.927982581617717	
3348	3348	0	4.2	0.14566813923399		3.45430407081071	
3349	3349	0	3.2	0.24149109731049		6.02077223351915	
3350	3350	0	0.2	0.125678143137357		2.77191117077379	
3351	3351	0	0	0.037032456937947		1.82972563954001	
3352	3352	0	4	0.0981007059042618		5.14837089225591	
3353	3353	0	0.2	0.0641504284873129		4.50349932766358	
3354	3354	0	0	0		1.98821064278265	
3355	3355	0	0	0		1.0827615395918	
3356	3356	0	1.8	0.0069584758659893		2.32491348582844	
3357	3357	0	0.4	0.00854079041573641		2.55017926530992	
3358	3358	0	2	0.015836058644453		2.30164320181275	
3359	3359	0	1.4	0.0277542608589449		2.58641697469544	
3360	3360	0	0	0.0654345056079499		1.50018860661809	
3361	3361	0	0.2	0.104466895389432		1.34733091559287	
3362	3362	0	0	0.177024927513592		0.878952796232171	
3363	3363	0	0	0.0243782394053049		1.17480871983895	
3364	3364	0	0	0.0907555784982321		0.558402258361324	
3365	3365	0	0	0.0765583860267718		0.691874375969001	
3366	3366	0	0	0.000677183766832457		-0.0273724499596269	
3367	3367	0	0	0.00203145088987355		0.492585887560842	
3368	3368	0	0	0.000231647114393496		0.166674778694933	
3369	3369	0	0.4	0		0.325329426493725	
3370	3370	0	0	0		0.346422881189078	
3371	3371	0	0	0		0.0647563759294067	
3372	3372	0	0.2	0		0.221279172013431	
3373	3373	0	0.2	0		0.344183906750083	
3374	3374	0	0	1.78189276880403e-05		0.259149663542519	
3375	3375	0	0	0		0.061328726841604	
3376	3376	0	0	0		0.0636352159877601	
3377	3377	0	0	0		0.0936137032745124	
3378	3378	0	0	0		0.0578728828143011	
3379	3379	0	0	0		2.79314969740849e-05	
3380	3380	0	0	0		0	
3381	3381	0	0	0		0	
3382	3382	0	0.2	0		0.162490948890295	
3383	3383	0	0	0		0.110052126903563	
3384	3384	0	0.2	0		0.195780531087666	
3385	3385	0	0	0		0.138069523313265	
3386	3386	0	0	0.00226290964441134		0.0684072344372316	
3387	3387	0	0	0.00367014904574248		0.0878400045887211	
3388	3388	0	0	1.7815058857451e-05		0.0374422092037203	
3389	3389	0	0.2	1.78150472791572e-05		0.224819977663887	
3390	3390	0	0	0		0.120016975187503	
3391	3391	0	0	0		0.0300573441818308	
3392	3392	0	0	0		0.0338060823291145	
3393	3393	0	0	0		0.0356336460815016	
3394	3394	0	0	0		0.0579339547192952	
3395	3395	0	0	0		0	
3396	3396	0	0	0		0	
3397	3397	0	0	0		0	
3398	3398	0	0	0		0	
3399	3399	0	0	0		0	
3400	3400	0	0	0		0	
3401	3401	0	0	0		0	
3402	3402	0	0	0		0	
3403	3403	0	0	0		0	
3404	3404	0	0	0		0	
3405	3405	0	0	0		0	
3406	3406	0	0	0		0	
3407	3407	0	0	0		0	
3408	3408	0	0	0		0	
3409	3409	0	0	0		0	
3410	3410	0	0	0		0	
3411	3411	0	0	0		0	
3412	3412	0	0	0		0	
3413	3413	0	0	0		0	
3414	3414	0	0	0		0	
3415	3415	0	0	0		0	
3416	3416	0	0	0		0	
3417	3417	0	0	0		0	
3418	3418	0	0	0		0	
3419	3419	0	0	0		0	
3420	3420	0	0	0		0	
3421	3421	0	0	0		0	
3422	3422	0	0	0		0	
3423	3423	0	0	0		0	
3424	3424	0	0	0		0	
3425	3425	0	0	0		0	
3426	3426	0	0	0		0	
3427	3427	0	0	0		0	
3428	3428	0	0	0		0	
3429	3429	0	0	0		0	
3430	3430	0	0	0		0	
3431	3431	0	0	0		0	
3432	3432	0	0	0		0	
3433	3433	0	0	0		0	
3434	3434	0	0	0		0	
3435	3435	0	0	0		0	
3436	3436	0	0	0		0	
3437	3437	0	0	0		0	
3438	3438	0	0	0		0	
3439	3439	0	0	0		0	
3440	3440	0	0	0		0	
3441	3441	0	0	0		0	
3442	3442	0	0	0		0	
3443	3443	0	0	0		0	
3444	3444	0	0	0		0	
3445	3445	0	0	0		0	
3446	3446	0	0	0		0	
3447	3447	0	0	0		0	
3448	3448	0	0	0		0	
3449	3449	0	0	0		0	
3450	3450	0	0	0		0	
3451	3451	0	0	0		0	
3452	3452	0	0	0		0	
3453	3453	0	0	0		0	
3454	3454	0	0	0		0	
3455	3455	0	0	0		0	
3456	3456	0	0	0		0	
3457	3457	0	0	0		0	
3458	3458	0	0	0		0	
3459	3459	0	0	0		0	
3460	3460	0	0	0		0	
3461	3461	0	0	0		0	
3462	3462	0	0	0		0	
3463	3463	0	0	0		0	
3464	3464	0	0	0		0	
3465	3465	0	0	0		0	
3466	3466	0	0	0		0	
3467	3467	0	0	0		0	
3468	3468	0	0	0		0	
3469	3469	0	0	0		0	
3470	3470	0	0	0		0	
3471	3471	0	0	0		0	
3472	3472	0	0	0		0	
3473	3473	0	0	0		0	
3474	3474	0	0	0		0	
3475	3475	0	0	0		0	
3476	3476	0	0	0		0	
3477	3477	0	0	0		0	
3478	3478	0	0	0		0	
3479	3479	0	0	0		0	
3480	3480	0	0	0		0	
3481	3481	0	0	0		0	
3482	3482	0	0	0		0	
3483	3483	0	0	0		0	
3484	3484	0	0	0		0	
3485	3485	0	0	0		0	
3486	3486	0	0	0		0	
3487	3487	0	0	0		0	
3488	3488	0	0	0		0	
3489	3489	0	0	0		0	
3490	3490	0	0	0		0	
3491	3491	0	0	0		0	
3492	3492	0	0	0		0	
3493	3493	0	0	0		0	
3494	3494	0	0	0		0	
3495	3495	0	0	0		0	
3496	3496	0	0	0		0	
3497	3497	0	0	0		0	
3498	3498	0	0	0		0	
3499	3499	0	0	0		0	
3500	3500	0	0	0		0	
3501	3501	0	0	0		0	
3502	3502	0	0	0		0	
3503	3503	0	0	0		0	
3504	3504	0	0	0		0	
3505	3505	0	0	0		0	
3506	3506	0	0	0		0	
3507	3507	0	0	0		0	
3508	3508	0	0	0		0	
3509	3509	0	0	0		0	
3510	3510	0	0	0		0	
3511	3511	0	0	0		0	
3512	3512	0	0	0		0	
3513	3513	0	0	0		0	
3514	3514	0	0	0		0	
3515	3515	0	0	0		0	
3516	3516	0	0	0		0	
3517	3517	0	0	0		0	
3518	3518	0	0	0		0	
3519	3519	0	0	0		0	
3520	3520	0	0	0		0	
3521	3521	0	0	0		0	
3522	3522	0	0	0		0	
3523	3523	0	0	0		0	
3524	3524	0	0	0		0	
3525	3525	0	0	0		0	
3526	3526	0	0	0		0	
3527	3527	0	0	0		0	
3528	3528	0	0	0		0	
3529	3529	0	0	0		0	
3530	3530	0	0	0		0	
3531	3531	0	0	0		0	
3532	3532	0	0	0		0	
3533	3533	0	0	0		0	
3534	3534	0	0	0		0	
3535	3535	0	0	0		0	
3536	3536	0	0	0		0	
3537	3537	0	0	0		0	
3538	3538	0	0	0		0	
3539	3539	0	0	0		0	
3540	3540	0	0	0		0	
3541	3541	0	0	0		0	
3542	3542	0	0	0		0	
3543	3543	0	0	0		0	
3544	3544	0	0	0		0	
3545	3545	0	0	0		0	
3546	3546	0	0	0		0	
3547	3547	0	0	0		0	
3548	3548	0	0	0		0	
3549	3549	0	0	0		0	
3550	3550	0	0	0		0	
3551	3551	0	0	0		0	
3552	3552	0	0	0		0	
3553	3553	0	0	0		0	
3554	3554	0	0	0		0	
3555	3555	0	0	0		0	
3556	3556	0	0	0		0	
3557	3557	0	0	0		0	
3558	3558	0	0	0		0	
3559	3559	0	0	0		0	
3560	3560	0	0	0		0	
3561	3561	0	0	0		0	
3562	3562	0	0	0		0	
3563	3563	0	0	0		0	
3564	3564	0	0	0		0	
3565	3565	0	0	0		0	
3566	3566	0	0	0		0	
3567	3567	0	0	0		0	
3568	3568	0	0	0		0	
3569	3569	0	0	0		0	
3570	3570	0	0	0		0	
3571	3571	0	0	0		0	
3572	3572	0	0	0		0	
3573	3573	0	0	0		0	
3574	3574	0	0	0		0	
3575	3575	0	0	0		0	
3576	3576	0	0	0		0	
3577	3577	0	0	-27.4083700719324		6.31286938645557	
3578	3578	0	0	0		-33.4522745062	
3579	3579	0	0	0		32.3634241861113	
3580	3580	0	0	0		-105.847048324471	
3581	3581	0	0	0		50.984621394837	
3582	3582	0	0	0		-42.9631243322573	
3583	3583	0	0	0		0	
3584	3584	0	0	0		0	
3585	3585	0	0	0		0	
3586	3586	0	0	0		0	
3587	3587	0	0	0		0	
3588	3588	0	0	0		0	
3589	3589	0	0	0		0	
3590	3590	0	0	0		0	
3591	3591	0	0	0		0	
3592	3592	0	0	0		0	
3593	3593	0	0	0		0	
3594	3594	0	0	0		0	
3595	3595	0	0	0		0	
3596	3596	0	0	0		0	
3597	3597	0	0	0		0	
3598	3598	0	0	0		0	
3599	3599	0	0	0		0	
3600	3600	0	0	0		0	
3601	3601	0	0	0		0	
3602	3602	0	0	0		0	
3603	3603	0	0	0		0	
3604	3604	0	0	0		0	
3605	3605	0	0	0		0	
3606	3606	0	0	0		0	
3607	3607	0	0	0		0	
3608	3608	0	0	0		0	
3609	3609	0	0	0		0	
3610	3610	0	0	0		0	
3611	3611	0	0	0		0	
3612	3612	0	0	0		0	
3613	3613	0	0	0		0	
3614	3614	0	0	0		0	
3615	3615	0	0	0		0	
3616	3616	0	0	0		0	
3617	3617	0	0.2	0		0.162490948890295	
3618	3618	0	0	0		0.110052126903563	
3619	3619	0	0	0		0.0332895821973711	
3620	3620	0	0	0		0.0280173964097022	
3621	3621	0	0	0		0.0356388599213471	
3622	3622	0	0	0		0.0579060293049335	
3623	3623	0	0.2	0		0.162490948890295	
3624	3624	0	0.4	0		0.435034024684153	
3625	3625	0	0.4	0		0.578375733785086	
3626	3626	0	0	0		0.31470081461157	
3627	3627	0	0	0		0.158252817135494	
3628	3628	0	0.2	0.939581023648307		0.131299238634481	
3629	3629	0	0.2	0.507398589200472		1.48953653802337	
3630	3630	0	0	0.215156155522747		-0.280560013307266	
3631	3631	0	0	0		3.3533008031422	
3632	3632	0	0	0		0.0213067954181709	
3633	3633	0	0	0		1.45340157773702	
3634	3634	0	0	0.0670936481605902		0.43757910285606	
3635	3635	0	0	0.292865335822481		0.351695309071597	
3636	3636	0	0	0		0.278222725089305	
3637	3637	0	0	0		-0.0867056474819506	
3638	3638	0	0	0		1.00619580921888	
3639	3639	0	0	0		-0.439612990014744	
3640	3640	0	0	0.0228112662682634		0.453817766558688	
3641	3641	0	0	0		0.0278414491280315	
3642	3642	0	0	0		-0.0269352276156745	
3643	3643	0	0	0		0.0880937172368319	
3644	3644	0	0	0		-0.0424331607889089	
3645	3645	0	0	0		0.0357570795449542	
3646	3646	0	0	0		0	
3647	3647	0	0	0		0	
3648	3648	0	0	0		0	
3649	3649	0	0	0		0	
3650	3650	0	0	0		0	
3651	3651	0	0	0.0722670671214298		-0.0166450086043967	
3652	3652	0	0	0.185169471304943		0.045553496144431	
3653	3653	0	0.4	0.171939220052963		0.426049578582127	
3654	3654	0	0.2	0.126611999563818		0.62372630804787	
3655	3655	0	0	0.200124453371056		0.66271239729556	
3656	3656	0	0	0.0927722664398267		0.595543591950193	
3657	3657	0	0	0.156568089001212		0.3995335561405	
3658	3658	0	0	0.525001973262787		0.918925432865039	
3659	3659	0	0	0.695726832076577		0.538031120826646	
3660	3660	0	0	0.989226139524613	0.12220416	0.74715172470257	-0.624947564702569
3661	3661	0	0	0.367637084668678	1.61030225	2.18283858695622	-0.572536336956226
3662	3662	0	1	0.4818040087446	5.50734652380953	1.93774036701384	3.56960615679569
3663	3663	1	0.2	0.678260434971309	9.55348705357141	4.05949194712651	5.4939951064449
3664	3664	1	0.2	0.714328325176789	4.54960000000001	1.20356194572313	3.34603805427688
3665	3665	1	0.6	0.362170964579861	1.74752546428571	3.48586339489452	-1.73833793060881
3666	3666	1	0	0.268894761477891	1.55210357142857	2.40566403697125	-0.853560465542684
3667	3667	1	0	0.680475976225244	8.11304957142856	2.44904365658745	5.66400591484112
3668	3668	1	0	0.698083115111318	4.25039207142857	1.66288650162001	2.58750556980856
3669	3669	1	0	0.785274299731324	3.62313249999999	1.51692582044094	2.10620667955905
3670	3670	1	0	0.696852149623131	3.11026607142856	2.84277818825864	0.267487883169915
3671	3671	1	0	0.880699755462762	2.80926942857143	1.57200766663616	1.23726176193527
3672	3672	1	0	1.04272488698072	2.50310071428572	2.81261306095254	-0.309512346666828
3673	3673	1	0	0.941846899122456	1.63527423571429	2.34045164760174	-0.70517741188745
3674	3674	1	0.4	0.561823187475865	0.871523587500002	3.44967046894657	-2.57814688144657
3675	3675	1	0.8	0.549811233992415	1.030665	3.79793787565679	-2.76727287565679
3676	3676	1	0.2	0.481547719840933	0.845936999999999	3.6441494314166	-2.7982124314166
3677	3677	1	0	0.321212265565654	0.383913428571428	2.21594655482325	-1.83203312625182
3678	3678	1	0	0.356386350795546	0.309279053571429	2.51254745401097	-2.20326840043954
3679	3679	1	0	0.158449041632601	0.110458321428571	2.02316470425611	-1.91270638282754
3680	3680	1	0.2	0.215132280448152	0.132836571428571	1.35932203089305	-1.22648545946448
3681	3681	1	0.2	0.221562504650958	0.0524857142857143	1.88852670681755	-1.83604099253184
3682	3682	1	1.4	0.190920475459762	0	1.70566750475045	-1.70566750475045
3683	3683	1	0	0.176624646696364	0	1.85710015835096	-1.85710015835096
3684	3684	1	0	0.122085408769539	0	0.962527805115899	-0.962527805115899
3685	3685	1	0	0.17176540959483	0	0.852938646272583	-0.852938646272583
3686	3686	1	0	0.205758838409466	0	0.999725672152349	-0.999725672152349
3687	3687	1	0	0.457912603984969	0	0.79037865173639	-0.79037865173639
3688	3688	1	0.2	0.324748132674351	0	1.11671751797205	-1.11671751797205
3689	3689	1	2	0.293466899119217	0	2.18949676445252	-2.18949676445252
3690	3690	1	0	0.179063223816208	0	2.72217639555923	-2.72217639555923
3691	3691	1	0.6	0.0925964734706994	0	1.42394389631649	-1.42394389631649
3692	3692	1	3.4	0.149680801275618	0	4.522440282004	-4.522440282004
3693	3693	1	0	0.157321298218012	0	3.07682670886088	-3.07682670886088
3694	3694	1	0.2	0.173351503742555	0	1.85138855891902	-1.85138855891902
3695	3695	1	0	0.13045348208556	0	1.37551591664832	-1.37551591664832
3696	3696	1	1.4	0.11869407357829	0	2.35175992836959	-2.35175992836959
3697	3697	1	0.2	0.200769571227795	0	2.50130172957892	-2.50130172957892
3698	3698	1	0.2	0.272200162650854	0	1.01133393210915	-1.01133393210915
3699	3699	1	0.2	0.156691029473738	0	1.10637132284224	-1.10637132284224
3700	3700	1	0	0.277798837379919	0	0.985717598017157	-0.985717598017157
3701	3701	1	0	0.340194080027192	0	1.44175417337849	-1.44175417337849
3702	3702	1	0.2	0.253697358465111	0	0.726295316108406	-0.726295316108406
3703	3703	1	0	0.119891031383016	0	1.29194978725451	-1.29194978725451
3704	3704	1	0	0.174544017375325	0	0.940397723208209	-0.940397723208209
3705	3705	1	0	0.146537949919736	0	0.848105977412813	-0.848105977412813
3706	3706	1	0.2	0.038599561925686	0	0.686329588822549	-0.686329588822549
3707	3707	1	1	0.0981075834109362	0	1.68061631484169	-1.68061631484169
