timestep	time	weight	P.V1	P.V2	Q	Qfitted	Qresidual
7	7	1	4.6	0.291940450404244	0.526642857142857	7.44163941291363	-6.91499655577077
8	8	1	0	0.285406123561282	0.303321428571429	2.73810008961191	-2.43477866104048
9	9	1	0.2	0.615023010228971	0.159892857142857	4.67089490540347	-4.51100204826061
10	10	1	0.4	0.411761070662535	0.195	5.42408218584003	-5.22908218584003
11	11	1	0	1.08117855011922	0.352450000000001	6.95138121060905	-6.59893121060905
12	12	1	0.6	0.803961323353828	0.427514285714286	11.1349465026859	-10.7074322169716
13	13	1	0.6	0.446014579374936	1.37492142857143	5.05474291214246	-3.67982148357104
14	14	1	9.2	0.48757102465185	1.59342857142857	16.081613231251	-14.4881846598224
15	15	1	0	0.698346162666315	1.17537142857143	16.5741064369166	-15.3987350083452
16	16	1	0	0.571309251534787	1.16097662337662	5.64773958370415	-4.48676296032753
17	17	0	0	0.588505872106747		8.17222306923199	
18	18	0	0	0.675499916180323		2.8943268847421	
19	19	0	0	0.578965974916883		-3.41108833676092	
20	20	0	1.6	0.387614327067753		1.96530934786267	
21	21	0	0	0.7651757213234		3.83422472995945	
22	22	0	0	1.20116719885642		14.8112677232199	
23	23	0	0	0.809430415456905		10.6257128954264	
24	24	0	0	0.770427418369099		-1.20484689168137	
25	25	0	0	1.01217513328147		10.7648902878713	
26	26	0	0	1.0272175721909		13.6249923985795	
27	27	0	0	1.02239549965988		1.02248689269269	
28	28	0	0	0.98117125255196		6.21551877383745	
29	29	0	0	0.65829666502502		5.72977401322376	
30	30	0	0	0.737353307305636		-0.142422896639784	
31	31	0	0	0.637356779700955		3.23963974651601	
32	32	0	0	0.779469351681946		1.45979434296927	
33	33	0	0	0.789930227772491		2.13035554275107	
34	34	0	0	0.434056497399013		2.60002769738637	
35	35	0	2	0.267528154844847		-0.834224205485226	
36	36	0	9.8	0.365754538345819		21.3904924131632	
37	37	0	0	0.365634705122506		6.15857286333922	
38	38	0	0	0.491893259446488		5.1725431215104	
39	39	0	0	0.402401215365494		13.9482122070587	
40	40	0	0	0.276021766951924		-2.8278063770013	
41	41	0	0	0.270416047974461		-10.7315523595363	
42	42	0	0	0.233492141463721		2.11029146870451	
43	43	0	0.4	0.236102625109819		-0.328893599254398	
44	44	0	2.2	0.0838610578185026		2.64417942332948	
45	45	0	0	0.0700814115816897		-1.06760916989254	
46	46	0	2	0.0825257912236061		4.97982804676473	
47	47	0	0.2	0.129326304016129		4.14537598089468	
48	48	0	0	0.0691398090530271		-1.17575020892433	
49	49	0	0	0.0733040934785159		-0.219636156496233	
50	50	0	0.4	0.0725579438223498		1.29613065709236	
51	51	0	0.6	0.131731167968784		0.412084146889501	
52	52	0	0.4	0.13649631195932		1.84183467804892	
53	53	0	0	0.0612058540429281		1.3990922433138	
54	54	0	0.6	0.193774842653987		2.82396905898988	
55	55	0	0.8	0.299117370662099		6.39701892564563	
56	56	0	0	0.281798212244219		3.06406536431766	
57	57	0	0	0.284019292951164		2.06331842403234	
58	58	0	0	0.195748335677997		4.16086019006247	
59	59	0	0	0.243874427745151		0.852630534654748	
60	60	0	0	0.157325290492711		-0.0532124533737379	
61	61	0	0	0.149291272675075		-0.7054626414112	
62	62	0	0	0.221953289918186		0.106279439327261	
63	63	0	0	0.171509174148802		2.11047878101067	
64	64	0	0	0.0801810787259143		-1.62222427192431	
65	65	0	0.2	0.117303496467876		-0.0319354933784277	
66	66	0	0	0.0309240649879712		1.02668798080468	
67	67	0	0	0.0602857362923501		-1.80386405195723	
68	68	0	0	0.159821949204911		0.530393317149598	
69	69	0	0	0.0339527273195266		1.38225270408346	
70	70	0	0	0.0156700471539928		-2.80726171900829	
71	71	0	0	0.0555966520437821		0.730935812305817	
72	72	0	0.2	0.0149475467779325		1.66198669208395	
73	73	0	0	0.0249177368287192		-2.12348285645729	
74	74	0	0	0.0590804472568607		0.517217622077422	
75	75	0	0	0.0226535409027875		1.16236228594078	
76	76	0	1.2	0.00165809480889223		1.3408769966589	
77	77	0	0.2	0		0.54127641656224	
78	78	0	1	0.0385168182512245		3.25902968022837	
79	79	0	0.4	0.0491019497078788		3.05340425702286	
80	80	0	0	0.0115541632308478		0.555444138467576	
81	81	0	0	0		-0.271401867391589	
82	82	0	0	0		0.374092646940453	
83	83	0	0	0		-1.276761954361	
84	84	0	0	0		-1.04164632581708	
85	85	0	0	0		-0.166234690673809	
86	86	0	0	0		0	
87	87	0	0	0.0155174168336174		0.138412633190324	
88	88	0	0	0		0.177893705353262	
89	89	0	0	0		-0.178567729542221	
90	90	0	0	0		0.0327974114651462	
91	91	0	0	0		0.142395928558007	
92	92	0	0	0		-0.223255716217164	
93	93	0	0	0		0	
94	94	0	0	0		0	
95	95	0	0	0		0	
96	96	0	0	0		0	
97	97	0	0.4	0		0.801197794653595	
98	98	0	0	0		0.154831423936365	
99	99	0	0	0		0.207535236279838	
100	100	0	0	0		0.50681602198187	
101	101	0	0	0		-0.0945533830848314	
102	102	0	0	0		-0.441222605321312	
103	103	0	0	0		0	
104	104	0	0	0		0	
105	105	0	0	0		0	
106	106	0	0	0		0	
107	107	0	0	0		0	
108	108	0	0	0		0	
109	109	0	0	0		0	
110	110	0	0	0		0	
111	111	0	0	0		0	
112	112	0	0	0		0	
113	113	0	0	0		0	
114	114	0	0	0		0	
115	115	0	0	0		0	
116	116	0	0	0		0	
117	117	0	0	0		0	
118	118	0	0	0		0	
119	119	0	0	0		0	
120	120	0	0	0		0	
121	121	0	0	0		0	
122	122	0	0	0		0	
123	123	0	0	0		0	
124	124	0	0	0		0	
125	125	0	0	0		0	
126	126	0	0	0		0	
127	127	0	0	0		0	
128	128	0	0	0		0	
129	129	0	0	0		0	
130	130	0	0	0		0	
131	131	0	0	0		0	
132	132	0	0	0		0	
133	133	0	0	0		0	
134	134	0	0	0		0	
135	135	0	0	0		0	
136	136	0	0	0		0	
137	137	0	0	0		0	
138	138	0	0	0		0	
139	139	0	0	0		0	
140	140	0	0	0		0	
141	141	0	0	0		0	
142	142	0	0	0		0	
143	143	0	0	0		0	
144	144	0	0	0		0	
145	145	0	0	0		0	
146	146	0	0	0		0	
147	147	0	0	0		0	
148	148	0	0	0		0	
149	149	0	0	0		0	
150	150	0	0	0		0	
151	151	0	0	0		0	
152	152	0	0	0		0	
153	153	0	0	0		0	
154	154	0	0	0		0	
155	155	0	0	0		0	
156	156	0	0	0		0	
157	157	0	0	0		0	
158	158	0	0	0		0	
159	159	0	0	0		0	
160	160	0	0	0		0	
161	161	0	0	0		0	
162	162	0	0	0		0	
163	163	0	0	0		0	
164	164	0	0	0		0	
165	165	0	0	0		0	
166	166	0	0	0		0	
167	167	0	0	0		0	
168	168	0	0	0		0	
169	169	0	0	0		0	
170	170	0	0	0		0	
171	171	0	0	0		0	
172	172	0	0	0		0	
173	173	0	0	0		0	
174	174	0	0	0		0	
175	175	0	0	0		0	
176	176	0	0	0		0	
177	177	0	0	0		0	
178	178	0	0	0		0	
179	179	0	0	0		0	
180	180	0	0	0		0	
181	181	0	0	0		0	
182	182	0	0	0		0	
183	183	0	0	0		0	
184	184	0	0	0		0	
185	185	0	0	0		0	
186	186	0	0	0		0	
187	187	0	0	0		0	
188	188	0	0	0		0	
189	189	0	0	0		0	
190	190	0	0	0		0	
191	191	0	0	0		0	
192	192	0	0	0		0	
193	193	0	0	0		0	
194	194	0	0	0		0	
195	195	0	0	0		0	
196	196	0	0	0		0	
197	197	0	0	0		0	
198	198	0	0	0		0	
199	199	0	0	0		0	
200	200	0	0	0		0	
201	201	0	0	0		0	
202	202	0	0	0		0	
203	203	0	0	0		0	
204	204	0	0	0		0	
205	205	0	0	0		0	
206	206	0	0	0		0	
207	207	0	0	0		0	
208	208	0	0	0		0	
209	209	0	0	0		0	
210	210	0	0	0		0	
211	211	0	0	0		0	
212	212	0	0	0		0	
213	213	0	0	0		0	
214	214	0	0	0		0	
215	215	0	0	0		0	
216	216	0	0	0		0	
217	217	0	0	0		0	
218	218	0	0	0		0	
219	219	0	0	0		0	
220	220	0	0	0		0	
221	221	0	0	0		0	
222	222	0	0	0		0	
223	223	0	0	0		0	
224	224	0	0	0		0	
225	225	0	0	0		0	
226	226	0	0	0		0	
227	227	0	0	0		0	
228	228	0	0	0		0	
229	229	0	0	0		0	
230	230	0	0	0		0	
231	231	0	0	0		0	
232	232	0	0	0		0	
233	233	0	0	0		0	
234	234	0	0	0		0	
235	235	0	0	0		0	
236	236	0	0	0		0	
237	237	0	0	0		0	
238	238	0	0	0		0	
239	239	0	0	0		0	
240	240	0	0	0		0	
241	241	0	0	0		0	
242	242	0	0	0		0	
243	243	0	0	0		0	
244	244	0	0	0		0	
245	245	0	0	0		0	
246	246	0	0	0		0	
247	247	0	0	0		0	
248	248	0	0	0		0	
249	249	0	0	0		0	
250	250	0	0	0		0	
251	251	0	0	0		0	
252	252	0	0	0		0	
253	253	0	0	0		0	
254	254	0	0	0		0	
255	255	0	0	0		0	
256	256	0	0	0		0	
257	257	0	0	0		0	
258	258	0	0	0		0	
259	259	0	0	0		0	
260	260	0	0	0		0	
261	261	0	0	0		0	
262	262	0	0	0		0	
263	263	0	0	0		0	
264	264	0	0	0		0	
265	265	0	0	0		0	
266	266	0	0	0		0	
267	267	0	0	0		0	
268	268	0	0	0		0	
269	269	0	0	0		0	
270	270	0	0	0		0	
271	271	0	0	0		0	
272	272	0	0	0		0	
273	273	0	0	0		0	
274	274	0	0	0		0	
275	275	0	0	0		0	
276	276	0	0	0		0	
277	277	0	0	0		0	
278	278	0	0	0		0	
279	279	0	0	0		0	
280	280	0	0	0		0	
281	281	0	0	0		0	
282	282	0	0	0		0	
283	283	0	0	0		0	
284	284	0	0	0		0	
285	285	0	0	0		0	
286	286	0	0	0		0	
287	287	0	0	0		0	
288	288	0	0	0		0	
289	289	0	0	0		0	
290	290	0	0	-30.1528171621243		-268.957834043251	
291	291	0	0	0		-345.675857607241	
292	292	0	0	0		346.985594166516	
293	293	0	0	0		-63.7306042560547	
294	294	0	0	0		-276.69801259309	
295	295	0	0	0		433.821483541725	
296	296	0	0	0		0	
297	297	0	0	0		0	
298	298	0	0	0		0	
299	299	0	0	0		0	
300	300	0	0	0		0	
301	301	0	0	0		0	
302	302	0	0	0		0	
303	303	0	0	0		0	
304	304	0	0	0		0	
305	305	0	0	0		0	
306	306	0	0	0		0	
307	307	0	0	0		0	
308	308	0	0	0		0	
309	309	0	0	0		0	
310	310	0	0	0		0	
311	311	0	0	0		0	
312	312	0	0	0		0	
313	313	0	0	0		0	
314	314	0	0	0		0	
315	315	0	0	0		0	
316	316	0	0	0		0	
317	317	0	0	0		0	
318	318	0	0	0		0	
319	319	0	0	0		0	
320	320	0	0	0		0	
321	321	0	0	0		0	
322	322	0	0	0		0	
323	323	0	0	0		0	
324	324	0	0	0		0	
325	325	0	0	0		0	
326	326	0	0	0		0	
327	327	0	0	0		0	
328	328	0	0	0		0	
329	329	0	0	0		0	
330	330	0	0	0		0	
331	331	0	0	0		0	
332	332	0	0	0		0	
333	333	0	0	0		0	
334	334	0	0	0		0	
335	335	0	0	0		0	
336	336	0	0	0		0	
337	337	0	0	0		0	
338	338	0	0	0		0	
339	339	0	0	0		0	
340	340	0	0	0		0	
341	341	0	0	0		0	
342	342	0	0	0		0	
343	343	0	0	0		0	
344	344	0	0	0		0	
345	345	0	0	0		0	
346	346	0	0	0		0	
347	347	0	0	0		0	
348	348	0	0	0		0	
349	349	0	0	0		0	
350	350	0	0	1.20424055424986		10.7416142709522	
351	351	0	0	0		13.8055719343742	
352	352	0	0	0		-13.8578800776426	
353	353	0	0	0		2.5452672557705	
354	354	0	0	0		11.0507408396815	
355	355	0	0	0.0292440929995534		-17.065071999986	
356	356	0	0	0.322125160832296		3.20855799163539	
357	357	0	0	0		3.35635677748173	
358	358	0	0	0		-3.64506725917658	
359	359	0	0	0		0.949198657130337	
360	360	0	0	0.045171251276507		2.93816121480898	
361	361	0	0	0.27109133212578		-1.69861629652541	
362	362	0	0.4	0.198661205200688		5.16123626175189	
363	363	0	0.4	0.43492918491875		4.08887076035594	
364	364	0	0	0.170201563470518		5.56800285494265	
365	365	0	1	0.272454758693741		4.35149566579249	
366	366	0	0	0.578841786999318	3.96342857142857	5.9693321396295	-2.00590356820093
367	367	1	0.6	0.478162780856628	7.5555	10.4432630746448	-2.88776307464477
368	368	1	0	0.706895534619054	30.3408	2.06431140487935	28.2764885951207
369	369	1	0.6	0.269881629532746	104.772857142857	7.56032247256566	97.2125346702917
370	370	1	0	0.463406059845783	73.1082857142857	1.38469564224642	71.7235900720393
371	371	1	0	0.584323715991734	62.9938697142856	5.14231686798379	57.8515528463019
372	372	1	0	0.64486023975541	104.595557142857	7.3942460542801	97.2013110885771
373	373	1	0	0.977293560616855	100.494257142857	2.52968989279792	97.9645672500593
374	374	1	0	0.579551008983844	55.0042	9.8952808390862	45.1089191609138
375	375	1	0	0.927633885126461	49.7270857142856	3.72991500189275	45.9971707123928
376	376	1	0	0.919724960772575	63.5741142857142	11.7453335653318	51.8287807203825
377	377	1	0	0.305902198570507	11.0721214285714	3.51283954729711	7.55928188127433
378	378	1	2	0.136494703019158	0.759799999999999	-8.63523945091925	9.39503945091925
379	379	1	0.2	0.397687451996998	1.97931428571429	4.88478496499728	-2.90547067928299
380	380	1	0	0.716213724837091	1.97091428571429	6.23217396310213	-4.26125967738784
381	381	1	0	0.896569371529399	0.310985714285716	4.13257726174059	-3.82159154745488
382	382	1	0	0.937043270797178	1.27279285714286	7.86736141179887	-6.59456855465601
383	383	1	0	0.928524717638796	4.18834285714285	9.65330217201294	-5.46495931487008
384	384	0	0	0.769844593362786		9.25353688372209	
385	385	0	0	0.586559531127525		3.27598466701716	
386	386	0	0	0.45554927201982		-0.409234464054418	
387	387	0	0	0.562358398592718		0.154860420980562	
388	388	0	0	0.828357637343178		3.53864960942973	
389	389	0	0	0.664188438603851		4.21880383842431	
390	390	0	0	0.638310564395269		0.705448537734474	
391	391	0	0	0.747392736319085		6.69821281452245	
392	392	0	0	0.421130995164052		5.89359268624902	
393	393	0	0	0.330905229949749		-5.29502567551748	
394	394	0	0	0.202879292734313		-1.36181712512439	
395	395	0	0.6	0.173518370132683		-0.167613255626549	
396	396	0	0	0.155993432034375		-4.91087266239935	
397	397	0	1.8	0.0719030751486365		1.75598106907437	
398	398	0	0	0.0861545950053966		-1.27775194640173	
399	399	0	0	0.063474050443638		0.521603710945604	
400	400	0	0	0.167569527374472		1.93674158495139	
401	401	0	4.4	0.120975938008058		9.25494794848411	
402	402	0	5.6	0.0456959542491688		10.690836488901	
403	403	0	0	0.167373249357137		4.77229394296706	
404	404	0	0	0.230343387125409		12.8082021644589	
405	405	0	1.6	0.214339762819865		10.6824554491068	
406	406	0	0.2	0.088721051235197		-5.52681291245765	
407	407	0	0	0.178372842036087		-3.76261701462522	
408	408	0	0	0.346484276189887		6.40424329087174	
409	409	0	0	0.380296057856029		4.02723668273193	
410	410	0	0	0.297010472033751		-0.682953871043196	
411	411	0	12.2	0.104092229874698		25.2657895667406	
412	412	0	0.2	0.201868816153524		6.1160337731658	
413	413	0	7	0.128055869152146		21.8193752742823	
414	414	0	0	0.247011603263228		17.0935857316622	
415	415	0	0.2	0.203909871023818		1.68765272634807	
416	416	0	0	0.301759689098265		-1.74558833550982	
417	417	0	6.2	0.312600050464621		13.3410965815762	
418	418	0	2.4	0.147076971681788		2.01744919581608	
419	419	0	4.6	0.131906084690534		11.5328224586962	
420	420	0	2.6	0.159454775626823		17.6066680267536	
421	421	0	0	0.170867683936947		5.64047584168003	
422	422	0	1.2	0.10019198013806		0.323233239504623	
423	423	0	1.6	0.127277133329127		2.97792367369643	
424	424	0	0	0.0343840038938836		-3.90727570040292	
425	425	0	0	0.135967246195776		-0.889429923388795	
426	426	0	0	0.0770323229121708		2.32386764352437	
427	427	0	0.6	0.0952586730543103		-0.532807480041742	
428	428	0	1.2	0.00327728335466659		-0.122500236083874	
429	429	0	0	0		0.632996345636834	
430	430	0	0	0		0.297123588911972	
431	431	0	0.4	0		1.95258899635922	
432	432	0	0.4	0.0103722277641651		-1.23739961561022	
433	433	0	2.8	0.00327556867727452		4.74805780802838	
434	434	0	0.2	0.0212531282481301		2.30653672819618	
435	435	0	0	0.0412781563722433		2.53849634262722	
436	436	0	0	0.0557313743225798		3.94356842865069	
437	437	0	0	0.0331996471333653		-0.463903659729702	
438	438	0	0	0.0767958312299051		-2.47640927980202	
439	439	0	0	0		0.468544201100025	
440	440	0	0	0.0153953366995552		-0.758705481513516	
441	441	0	0	0.0924053994580838		0.665874960264748	
442	442	0	0	0.0961894263332077		1.96723870950167	
443	443	0	0	0.142525624073169		0.238315238993384	
444	444	0	0	0.0752148523417802		1.53451190383426	
445	445	0	0.2	0.0496431356343692		0.895322266945927	
446	446	0	0	0.0119545989002248		-0.257927214729446	
447	447	0	0	0		-0.24751071680757	
448	448	0	0	0.00211336817474717		-1.12075072646142	
449	449	0	0	0		-0.624378578805746	
450	450	0	0	0		-0.849466417636479	
451	451	0	0	0		-0.167529142371312	
452	452	0	0	0		0.0193933711296657	
453	453	0	0	0		-0.0304059322851707	
454	454	0	0	0		0	
455	455	0	0	0		0	
456	456	0	0	0		0	
457	457	0	0	0		0	
458	458	0	0	0		0	
459	459	0	0	0		0	
460	460	0	0	0		0	
461	461	0	0	0		0	
462	462	0	0	0		0	
463	463	0	0	0		0	
464	464	0	0	0		0	
465	465	0	0	0		0	
466	466	0	0	0		0	
467	467	0	0	0		0	
468	468	0	0	0		0	
469	469	0	0	0		0	
470	470	0	0	0		0	
471	471	0	0	0		0	
472	472	0	0	0		0	
473	473	0	0	0		0	
474	474	0	0	0		0	
475	475	0	0	0		0	
476	476	0	0	0		0	
477	477	0	0	0		0	
478	478	0	0	0		0	
479	479	0	0	0		0	
480	480	0	0	0		0	
481	481	0	0	0		0	
482	482	0	0	0		0	
483	483	0	0	0		0	
484	484	0	0	0		0	
485	485	0	0	0		0	
486	486	0	0	0		0	
487	487	0	0	0		0	
488	488	0	0	0		0	
489	489	0	0	0		0	
490	490	0	0	0		0	
491	491	0	0	0		0	
492	492	0	0	0		0	
493	493	0	0	0		0	
494	494	0	0	0		0	
495	495	0	0	0		0	
496	496	0	0	0		0	
497	497	0	0	0		0	
498	498	0	0	0		0	
499	499	0	0	0		0	
500	500	0	0	0		0	
501	501	0	0	0		0	
502	502	0	0	0		0	
503	503	0	0	0		0	
504	504	0	0	0		0	
505	505	0	0	0		0	
506	506	0	0	0		0	
507	507	0	0	0		0	
508	508	0	0	0		0	
509	509	0	0	0		0	
510	510	0	0	0		0	
511	511	0	0	0		0	
512	512	0	0	0		0	
513	513	0	0	0		0	
514	514	0	0	0		0	
515	515	0	0	0		0	
516	516	0	0	0		0	
517	517	0	0	0		0	
518	518	0	0	0		0	
519	519	0	0	0		0	
520	520	0	0	0		0	
521	521	0	0	0		0	
522	522	0	0	0		0	
523	523	0	0	0		0	
524	524	0	0	0		0	
525	525	0	0	0		0	
526	526	0	0	0		0	
527	527	0	0	0		0	
528	528	0	0	0		0	
529	529	0	0	0		0	
530	530	0	0	0		0	
531	531	0	0	0		0	
532	532	0	0	0		0	
533	533	0	0	0		0	
534	534	0	0	0		0	
535	535	0	0	0		0	
536	536	0	0	0		0	
537	537	0	0	0		0	
538	538	0	0	0		0	
539	539	0	0	0		0	
540	540	0	0	0		0	
541	541	0	0	0		0	
542	542	0	0	0		0	
543	543	0	0	0		0	
544	544	0	0	0		0	
545	545	0	0	0		0	
546	546	0	0	0		0	
547	547	0	0	0		0	
548	548	0	0	0		0	
549	549	0	0	0		0	
550	550	0	0	0		0	
551	551	0	0	0		0	
552	552	0	0	0		0	
553	553	0	0	0		0	
554	554	0	0	0		0	
555	555	0	0	0		0	
556	556	0	0	0		0	
557	557	0	0	0		0	
558	558	0	0	0		0	
559	559	0	0	0		0	
560	560	0	0	0		0	
561	561	0	0	0		0	
562	562	0	0	0		0	
563	563	0	0	0		0	
564	564	0	0	0		0	
565	565	0	0	0		0	
566	566	0	0	0		0	
567	567	0	0	0		0	
568	568	0	0	0		0	
569	569	0	0	0		0	
570	570	0	0	0		0	
571	571	0	0	0		0	
572	572	0	0	0		0	
573	573	0	0	0		0	
574	574	0	0	0		0	
575	575	0	0	0		0	
576	576	0	0	0		0	
577	577	0	0	0		0	
578	578	0	0	0		0	
579	579	0	0	0		0	
580	580	0	0	0		0	
581	581	0	0	0		0	
582	582	0	0	0		0	
583	583	0	0	0		0	
584	584	0	0	0		0	
585	585	0	0	0		0	
586	586	0	0	0		0	
587	587	0	0	0		0	
588	588	0	0	0		0	
589	589	0	0	0		0	
590	590	0	0	0		0	
591	591	0	0	0		0	
592	592	0	0	0		0	
593	593	0	0	0		0	
594	594	0	0	0		0	
595	595	0	0	0		0	
596	596	0	0	0		0	
597	597	0	0	0		0	
598	598	0	0	0		0	
599	599	0	0	0		0	
600	600	0	0	0		0	
601	601	0	0	0		0	
602	602	0	0	0		0	
603	603	0	0	0		0	
604	604	0	0	0		0	
605	605	0	0	0		0	
606	606	0	0	0		0	
607	607	0	0	0		0	
608	608	0	0	0		0	
609	609	0	0	0		0	
610	610	0	0	0		0	
611	611	0	0	0		0	
612	612	0	0	0		0	
613	613	0	0	0		0	
614	614	0	0	0		0	
615	615	0	0	0		0	
616	616	0	0	0		0	
617	617	0	0	0		0	
618	618	0	0	0		0	
619	619	0	0	0		0	
620	620	0	0	0		0	
621	621	0	0	0		0	
622	622	0	0	0		0	
623	623	0	0	0		0	
624	624	0	0	0		0	
625	625	0	0	0		0	
626	626	0	0	0		0	
627	627	0	0	0		0	
628	628	0	0	0		0	
629	629	0	0	0		0	
630	630	0	0	0		0	
631	631	0	0	0		0	
632	632	0	0	0		0	
633	633	0	0	0		0	
634	634	0	0	0		0	
635	635	0	0	0		0	
636	636	0	0	0		0	
637	637	0	0	0		0	
638	638	0	0	0		0	
639	639	0	0	0		0	
640	640	0	0	0		0	
641	641	0	0	0		0	
642	642	0	0	0		0	
643	643	0	0	0		0	
644	644	0	0	0		0	
645	645	0	0	0		0	
646	646	0	0	0		0	
647	647	0	0	0		0	
648	648	0	0	0		0	
649	649	0	0	0		0	
650	650	0	0	0		0	
651	651	0	0	0		0	
652	652	0	0	0		0	
653	653	0	0	0		0	
654	654	0	0	0		0	
655	655	0	0	-26.8021723991265		-239.070671153667	
656	656	0	0	0		-307.263625816131	
657	657	0	0	0		308.427821681161	
658	658	0	0	0		-56.6487248334757	
659	659	0	0	0		-245.950744706244	
660	660	0	0	0		385.614323524488	
661	661	0	0	0		0	
662	662	0	0	0		0	
663	663	0	0	0		0	
664	664	0	0	0		0	
665	665	0	0	0		0	
666	666	0	0	0		0	
667	667	0	0	0		0	
668	668	0	0	0		0	
669	669	0	0	0		0	
670	670	0	0	0		0	
671	671	0	0	0		0	
672	672	0	0	0		0	
673	673	0	0	0		0	
674	674	0	0	0		0	
675	675	0	0	0		0	
676	676	0	0	0		0	
677	677	0	0	0		0	
678	678	0	0	0		0	
679	679	0	0	0		0	
680	680	0	0	0		0	
681	681	0	0	0		0	
682	682	0	0	0		0	
683	683	0	0	0		0	
684	684	0	0	0		0	
685	685	0	0	0		0	
686	686	0	0	0		0	
687	687	0	0	0		0	
688	688	0	0	0		0	
689	689	0	0	0		0	
690	690	0	0	0		0	
691	691	0	0	0		0	
692	692	0	0	0		0	
693	693	0	0	0		0	
694	694	0	0	0		0	
695	695	0	0	0		0	
696	696	0	0	0		0	
697	697	0	0	0		0	
698	698	0	0	0		0	
699	699	0	0	0		0	
700	700	0	0	0		0	
701	701	0	0	0		0	
702	702	0	0	0		0	
703	703	0	0	0		0	
704	704	0	0	0		0	
705	705	0	0	0		0	
706	706	0	0	0		0	
707	707	0	0	0		0	
708	708	0	0	0		0	
709	709	0	0	0		0	
710	710	0	0	0.57282196186948		5.10947130838395	
711	711	0	0	0.430103446623096		10.4033534464506	
712	712	0	0	0		-1.66102526176409	
713	713	0	0	0		-3.73873557526519	
714	714	0	0	0		6.16557484381218	
715	715	0	0	0		-4.29458062632074	
716	716	0	0	0.0687263539750647		-5.57505532832192	
717	717	0	0	0.101368511227576		1.6920772707963	
718	718	0	0	0		0.371228738722495	
719	719	0	0	0		-1.02124590433327	
720	720	0	0	0.368083227047028		4.12815787180627	
721	721	0	0	0.288022827590493		6.73028250425975	
722	722	0	0	0.34606224107912		0.694571040085176	
723	723	0	0	0.762477649289648		8.23200340473835	
724	724	0	0	0.829611686165616		16.1452851589386	
725	725	0	0	0.00142545305321384		-1.17206143757266	
726	726	0	0	0.214660484361714		-6.97243424334555	
727	727	0	0	0.260542634950927	0.29622857142857	8.53989151921998	-8.24366294779141
728	728	1	0	0.410875170438589	0.322971428571428	0.827480352066484	-0.504508923495056
729	729	1	0	0.743604974737024	1.81382142857143	-3.12425337368923	4.93807480226066
730	730	1	0	0.500583759149536	7.78525714285715	10.7617381454097	-2.9764810025525
731	731	1	0	0.201506674582649	22.8608571428572	-0.850039068265054	23.7108962111222
732	732	1	0	0.0747791379373313	16.0518	-1.18984506000877	17.2416450600088
733	733	1	0	0.0610569445078673	10.3626	1.05334174686595	9.30925825313404
734	734	1	0	0.03022747406468	9.2667	-5.56998024364801	14.836680243648
735	735	1	0	0.0698929761278189	8.013	-4.92758208554049	12.9405820855405
736	736	1	0	0.0695115259177213	4.04871428571429	-1.01045297565049	5.05916726136478
737	737	1	0	0.0597093378708502	9.07207142857145	0.0734872794495689	8.99858414912188
738	738	1	0	0.0277316055693451	22.3606857142858	-0.321376260512612	22.6820619747984
739	739	1	0	0.206806336489309	18.7731857142857	1.82888325119019	16.9443024630955
740	740	1	0	0.49586229700916	33.4704428571429	6.23323111497966	27.2372117421632
741	741	1	0	0.786714838734916	34.4023642857142	9.92859594050267	24.4737683452116
742	742	1	0	0.856893836382383	25.7594571428572	10.7886948243647	14.9707623184925
743	743	1	0	0.909284893829602	30.3355285714285	11.4278553004538	18.9076732709746
744	744	1	0	0.96661248944435	28.344	12.423081746742	15.920918253258
745	745	1	0	0.970226223365973	23.2835499999999	11.1682056399156	12.1153443600843
746	746	1	0	0.942074707233029	17.3222857142857	6.86893842448664	10.453347289799
747	747	1	0	0.568484582166729	7.0564	2.7645014699882	4.2918985300118
748	748	1	0	0.669043145281059	4.73213571428572	-0.517531233897087	5.24966694818281
749	749	1	0.2	0.380052571293701	2.96845714285715	1.90611702500135	1.06234011785579
750	750	1	0.4	0.109197133564807	2.88822857142856	-5.60200233922067	8.49023091064923
751	751	1	0	0.182792367990531	2.808	-8.15579497074616	10.9637949707462
752	752	1	0.2	0.0961463988209399	2.92834285714285	1.32184630957751	1.60649654756534
753	753	1	2.4	0.209678691003315	3.20914285714285	0.305726940827181	2.90341591631567
754	754	1	0	0.210131492659999	2.96845714285715	-0.190281082257076	3.15873822511422
755	755	1	0.2	0.0986732134465402	2.88822857142856	2.64377291955528	0.244455651873282
756	756	1	0.2	0.166145567863138	2.88822857142856	2.3622753447081	0.525953226720457
757	757	1	0	0.370351386523868	3.00857142857144	4.4509000643349	-1.44232863576346
758	758	1	1.4	0.0968681963231308	3.04868571428571	2.83199890779165	0.216686806494061
759	759	1	0.2	0.212467720964934	2.76788571428571	-1.87413067133632	4.64201638562203
760	760	1	0	0.529190629193891	3.61028571428571	7.46498377482239	-3.85469806053669
761	761	1	0	0.564437014895251	3.12891428571429	11.5262855063326	-8.39737122061835
762	762	1	0.2	0.419691132963052	2.88822857142856	0.457302569668149	2.43092600176041
763	763	1	15	0.123508462565042	7.45327142857143	29.6230691020647	-22.1697976734933
764	764	1	4.4	0.142244264420643	7.75382142857142	15.3498498985027	-7.5960284699313
765	765	1	8.6	0.170957059756763	25.2153714285714	27.1521402967764	-1.93676886820493
766	766	1	0.2	0.206256386441559	21.8701	23.12499988784	-1.25489988783997
767	767	1	0	0.184645836329295	4.61999999999999	3.78804305055968	0.831956949440309
768	768	1	1.6	0.149294138381958	1.82944285714286	-2.41618815846885	4.24563101561171
769	769	1	2.6	0.206094812444086	3.08703571428571	0.577408686972725	2.50962702731299
770	770	1	0	0.275617220010396	1.61614285714285	-4.77052564803082	6.38666850517368
771	771	1	0.8	0.422273239331492	24.9846857142858	8.35514648654947	16.6295392277364
772	772	1	12	0.2498817352628	130.605635714286	30.3089222133847	100.296713500901
773	773	1	0.2	0.317763456043298	10.6583214285714	4.24667399697631	6.41164743159512
774	774	1	0	0.160203246677462	1.60008311688312	7.10203836988843	-5.50195525300531
775	775	0	0	0.258354080304983		16.0412449286043	
776	776	0	0	0.301426383944012		-2.76947255209504	
777	777	0	0	0.370151698747605		-9.84029054298954	
778	778	0	0	0.449479143191578		2.00781057641746	
779	779	0	0	0.440762177865491		5.52783366740435	
780	780	0	0	0.512623599087615		4.28439939376849	
781	781	0	0	0.279364497163566		3.30653422323573	
782	782	0	0	0.335529879794755		0.0272019100695635	
783	783	0	0.2	0.22056780293558		1.66106762545169	
784	784	0	0.4	0.0803323497131068		-0.784221438842167	
785	785	0	0.6	0.105864043038977		-3.31514278020707	
786	786	0	0.2	0.27904525722019		3.39788355589416	
787	787	0	0	0.180455956163492		1.80509006804944	
788	788	0	0	0.0914878794150198		-1.98995756063951	
789	789	0	0	0.147078422237328		0.359963264433062	
790	790	0	1.2	0.0943312048372604		4.58818716471028	
791	791	0	0	0.13914274321893		-1.29149555632146	
792	792	0	0	0.0965412020981695		0.547470807628855	
793	793	0	0.6	0.0926089222564066		3.28663695685609	
794	794	0	0	0.118375232476541		-0.0011577735232029	
795	795	0	0.2	0.137152719779881		1.02668923185003	
796	796	0	0	0.129442202311065		1.28211058806086	
797	797	0	0	0.0650648567708956		0.158997458738672	
798	798	0	0	0.0520977528710773		-0.643622935958786	
799	799	0	0	0.0875724311612487		0.411428527825786	
800	800	0	0	0.00409052111624675		-0.427626466812734	
801	801	0	0	0.0980319260393969		-1.24158195165365	
802	802	0	0	0.100884675208331		1.70370475189285	
803	803	0	0.2	0.107476742694292		1.45042209878359	
804	804	0	0	0.140855593260081		0.389806836225939	
805	805	0	0	0.104486200309776		2.46772594393859	
806	806	0	3.2	0.10334584162338		6.90426003666306	
807	807	0	0.2	0.150933386658725		2.7531634926737	
808	808	0	0.6	0.165371838545401		4.70212297331204	
809	809	0	0.2	0.118032395275876		5.15363907102872	
810	810	0	0	0.0413291354849292		-0.531462003917722	
811	811	0	1	0.0232909695710362		-1.13909262730812	
812	812	0	1	0.0148242831902508		1.80014954129761	
813	813	0	0.4	3.70502599906786e-05		-0.308536279657034	
814	814	0	0	0.0105757201071448		0.374567799641356	
815	815	0	0	0		1.00944948735755	
816	816	0	0	0		-1.15330823247013	
817	817	0	0	0		-1.38820050452138	
818	818	0	0	0.00542512419689345		-0.296316171983683	
819	819	0	0	0		-0.0899630741774964	
820	820	0	0	0		-0.0624299856548992	
821	821	0	0	0		0.0114664723157763	
822	822	0	1.4	0.00583122689277005		2.90598957676885	
823	823	0	0	0		0.530706351671614	
824	824	0	0.2	0		1.05986898425975	
825	825	0	0	0.000499759471367156		1.86805436134799	
826	826	0	0	0		-0.167929528187753	
827	827	0	0	0		-1.38051848035072	
828	828	0	0	0		-0.0462204063893016	
829	829	0	0	0		-0.216025248503316	
830	830	0	0	0		-0.00719025337224092	
831	831	0	0	0		0	
832	832	0	0	0		0	
833	833	0	0	0		0	
834	834	0	0	0		0	
835	835	0	0	0		0	
836	836	0	0	0		0	
837	837	0	0	0		0	
838	838	0	0	0		0	
839	839	0	0	0		0	
840	840	0	0	0		0	
841	841	0	0	0		0	
842	842	0	0	0		0	
843	843	0	0	0		0	
844	844	0	0	0		0	
845	845	0	0	0		0	
846	846	0	0	0		0	
847	847	0	0	0		0	
848	848	0	0	0		0	
849	849	0	0	0		0	
850	850	0	0	0		0	
851	851	0	0	0		0	
852	852	0	0	0		0	
853	853	0	0	0		0	
854	854	0	0	0		0	
855	855	0	0	0		0	
856	856	0	0	0		0	
857	857	0	0	0		0	
858	858	0	0	0		0	
859	859	0	0	0		0	
860	860	0	0	0		0	
861	861	0	0	0		0	
862	862	0	0	0		0	
863	863	0	0	0		0	
864	864	0	0	0		0	
865	865	0	0	0		0	
866	866	0	0	0		0	
867	867	0	0	0		0	
868	868	0	0	0		0	
869	869	0	0	0		0	
870	870	0	0	0		0	
871	871	0	0	0		0	
872	872	0	0	0		0	
873	873	0	0	0		0	
874	874	0	0	0		0	
875	875	0	0	0		0	
876	876	0	0	0		0	
877	877	0	0	0		0	
878	878	0	0	0		0	
879	879	0	0	0		0	
880	880	0	0	0		0	
881	881	0	0	0		0	
882	882	0	0	0		0	
883	883	0	0	0		0	
884	884	0	0	0		0	
885	885	0	0	0		0	
886	886	0	0	0		0	
887	887	0	0	0		0	
888	888	0	0	0		0	
889	889	0	0	0		0	
890	890	0	0	0		0	
891	891	0	0	0		0	
892	892	0	0	0		0	
893	893	0	0	0		0	
894	894	0	0	0		0	
895	895	0	0	0		0	
896	896	0	0	0		0	
897	897	0	0	0		0	
898	898	0	0	0		0	
899	899	0	0	0		0	
900	900	0	0	0		0	
901	901	0	0	0		0	
902	902	0	0	0		0	
903	903	0	0	0		0	
904	904	0	0	0		0	
905	905	0	0	0		0	
906	906	0	0	0		0	
907	907	0	0	0		0	
908	908	0	0	0		0	
909	909	0	0	0		0	
910	910	0	0	0		0	
911	911	0	0	0		0	
912	912	0	0	0		0	
913	913	0	0	0		0	
914	914	0	0	0		0	
915	915	0	0	0		0	
916	916	0	0	0		0	
917	917	0	0	0		0	
918	918	0	0	0		0	
919	919	0	0	0		0	
920	920	0	0	0		0	
921	921	0	0	0		0	
922	922	0	0	0		0	
923	923	0	0	0		0	
924	924	0	0	0		0	
925	925	0	0	0		0	
926	926	0	0	0		0	
927	927	0	0	0		0	
928	928	0	0	0		0	
929	929	0	0	0		0	
930	930	0	0	0		0	
931	931	0	0	0		0	
932	932	0	0	0		0	
933	933	0	0	0		0	
934	934	0	0	0		0	
935	935	0	0	0		0	
936	936	0	0	0		0	
937	937	0	0	0		0	
938	938	0	0	0		0	
939	939	0	0	0		0	
940	940	0	0	0		0	
941	941	0	0	0		0	
942	942	0	0	0		0	
943	943	0	0	0		0	
944	944	0	0	0		0	
945	945	0	0	0		0	
946	946	0	0	0		0	
947	947	0	0	0		0	
948	948	0	0	0		0	
949	949	0	0	0		0	
950	950	0	0	0		0	
951	951	0	0	0		0	
952	952	0	0	0		0	
953	953	0	0	0		0	
954	954	0	0	0		0	
955	955	0	0	0		0	
956	956	0	0	0		0	
957	957	0	0	0		0	
958	958	0	0	0		0	
959	959	0	0	0		0	
960	960	0	0	0		0	
961	961	0	0	0		0	
962	962	0	0	0		0	
963	963	0	0	0		0	
964	964	0	0	0		0	
965	965	0	0	0		0	
966	966	0	0	0		0	
967	967	0	0	0		0	
968	968	0	0	0		0	
969	969	0	0	0		0	
970	970	0	0	0		0	
971	971	0	0	0		0	
972	972	0	0	0		0	
973	973	0	0	0		0	
974	974	0	0	0		0	
975	975	0	0	0		0	
976	976	0	0	0		0	
977	977	0	0	0		0	
978	978	0	0	0		0	
979	979	0	0	0		0	
980	980	0	0	0		0	
981	981	0	0	0		0	
982	982	0	0	0		0	
983	983	0	0	0		0	
984	984	0	0	0		0	
985	985	0	0	0		0	
986	986	0	0	0		0	
987	987	0	0	0		0	
988	988	0	0	0		0	
989	989	0	0	0		0	
990	990	0	0	0		0	
991	991	0	0	0		0	
992	992	0	0	0		0	
993	993	0	0	0		0	
994	994	0	0	0		0	
995	995	0	0	0		0	
996	996	0	0	0		0	
997	997	0	0	0		0	
998	998	0	0	0		0	
999	999	0	0	0		0	
1000	1000	0	0	0		0	
1001	1001	0	0	0		0	
1002	1002	0	0	0		0	
1003	1003	0	0	0		0	
1004	1004	0	0	0		0	
1005	1005	0	0	0		0	
1006	1006	0	0	0		0	
1007	1007	0	0	0		0	
1008	1008	0	0	0		0	
1009	1009	0	0	0		0	
1010	1010	0	0	0		0	
1011	1011	0	0	0		0	
1012	1012	0	0	0		0	
1013	1013	0	0	0		0	
1014	1014	0	0	0		0	
1015	1015	0	0	0		0	
1016	1016	0	0	0		0	
1017	1017	0	0	0		0	
1018	1018	0	0	0		0	
1019	1019	0	0	0		0	
1020	1020	0	0	-26.3801276117554		-235.306105764296	
1021	1021	0	0	0		-302.425248922896	
1022	1022	0	0	0		303.571112587498	
1023	1023	0	0	0		-55.756696431033	
1024	1024	0	0	0		-242.077841114418	
1025	1025	0	0	0		379.542184566661	
1026	1026	0	0	0		0	
1027	1027	0	0	0		0	
1028	1028	0	0	0		0	
1029	1029	0	0	0		0	
1030	1030	0	0	0		0	
1031	1031	0	0	0		0	
1032	1032	0	0	0		0	
1033	1033	0	0	0		0	
1034	1034	0	0	0		0	
1035	1035	0	0	0		0	
1036	1036	0	0	0		0	
1037	1037	0	0	0		0	
1038	1038	0	0	0		0	
1039	1039	0	0	0		0	
1040	1040	0	0	0		0	
1041	1041	0	0	0		0	
1042	1042	0	0	0		0	
1043	1043	0	0	0		0	
1044	1044	0	0	0		0	
1045	1045	0	0	0		0	
1046	1046	0	0	0		0	
1047	1047	0	0	0		0	
1048	1048	0	0	0		0	
1049	1049	0	0	0		0	
1050	1050	0	0	0		0	
1051	1051	0	0	0		0	
1052	1052	0	0	0		0	
1053	1053	0	0	0		0	
1054	1054	0	0	0		0	
1055	1055	0	0	0		0	
1056	1056	0	0	0		0	
1057	1057	0	0	0		0	
1058	1058	0	0	0		0	
1059	1059	0	0	0		0	
1060	1060	0	0	0		0	
1061	1061	0	0	0		0	
1062	1062	0	0	0		0	
1063	1063	0	0	0		0	
1064	1064	0	0	0		0	
1065	1065	0	0	0		0	
1066	1066	0	0	0		0	
1067	1067	0	0	0		0	
1068	1068	0	0	0		0	
1069	1069	0	0	0		0	
1070	1070	0	0	0		0	
1071	1071	0	0	0		0	
1072	1072	0	0	0		0	
1073	1073	0	0	0		0	
1074	1074	0	0	0		0	
1075	1075	0	0	0		0	
1076	1076	0	0	0		0	
1077	1077	0	0	0		0	
1078	1078	0	0	0		0	
1079	1079	0	0	0		0	
1080	1080	0	0	0.214239206262533		1.91097609797786	
1081	1081	0	0	0.0838667941802629		3.20414348514438	
1082	1082	0	0	0		-1.50391228892195	
1083	1083	0	0	0		-0.512289623088154	
1084	1084	0	0	0		2.143230720865	
1085	1085	0	0	0		-2.3127455934359	
1086	1086	0	0	0		-1.20662745625215	
1087	1087	0	0	0		0	
1088	1088	0	0	0		0	
1089	1089	0	0	1.37836257218241		12.2947520938819	
1090	1090	0	0	1.20938052252859		26.589191510548	
1091	1091	0	0	0.311287074529938		0.779522205763218	
1092	1092	0	0	0.337430856487926	11.1555495053423	-4.42527940609654	15.5808289114388
1093	1093	1	0	0.363048430745553	177.885085714286	18.7292292646809	159.155856449605
1094	1094	1	0	0.284517297431932	78.2574000000001	-5.25838123758783	83.5157812375879
1095	1095	1	4.2	0.221345984102986	29.2835571428571	-4.3592693598703	33.6428265027274
1096	1096	1	0.6	0.553563285275323	177.618728571428	6.41380728097936	171.204921290449
1097	1097	1	0	0.69091460345197	240.066964285714	11.4512844535683	228.615679832146
1098	1098	1	0	0.190694222974229	235.752228571429	6.73977903577439	229.012449535654
1099	1099	1	0	0.386848000340174	95.1678214285716	-3.438854873508	98.6066763020796
1100	1100	1	0	0.421648681530717	81.8881000000002	4.58230918170246	77.3057908182977
1101	1101	1	0	0.403035311349094	56.8210714285714	2.09421705522069	54.7268543733507
1102	1102	1	0	0.386923238631645	85.7452499999999	-4.153351027217	89.8986010272169
1103	1103	1	0	0.217932087396616	45.6868285714286	3.43920982290622	42.2476187485224
1104	1104	1	0	0.443054295030695	30.3657142857142	1.15319432455378	29.2125199611604
1105	1105	1	0	1.01159074218881	28.7567142857143	10.0443947507683	18.7123195349459
1106	1106	1	0	0.484321268830962	16.9227500000001	9.03117926291773	7.89157073708233
1107	1107	1	0	0.526943787926912	7.0060714285714	-4.01891817446855	11.02498960304
1108	1108	1	0	0.717982582188473	2.6997	9.94017215187239	-7.24047215187239
1109	1109	1	0	0.90919899230432	1.2465	14.2092294181941	-12.9627294181941
1110	1110	1	0	1.00501009412115	1.00388571428572	2.12939468713595	-1.12550897285024
1111	1111	1	0	1.00814804824323	0.61602077922078	9.43629508547456	-8.82027430625378
1112	1112	0	0	1.05249756524449		10.309302087667	
1113	1113	0	0	1.04847558353217		9.95439514623217	
1114	1114	0	0	0.773749087907897		5.08215221591372	
1115	1115	0	0	0.723076470603779		0.271000706341926	
1116	1116	0	0	0.58040035398507		1.93219754527179	
1117	1117	0	0	0.56674079535631		-0.497824128505064	
1118	1118	0	0.4	0.392608519507739		-2.33486446793565	
1119	1119	0	1.6	0.274509400170516		0.517100779743178	
1120	1120	0	0.2	0.159445969885052		-2.60056506643288	
1121	1121	0	0	0.25415386240596		0.0304082863314648	
1122	1122	0	0	0.193909462514085		0.873972789146396	
1123	1123	0	2.8	0.18721027337585		3.21796781635997	
1124	1124	0	0.8	0.212588506667206		0.735929111283446	
1125	1125	0	1.6	0.162952158881119		6.93097747017227	
1126	1126	0	0.2	0.175796984411019		4.49099313914376	
1127	1127	0	0	0.24068963860822		2.9238062394682	
1128	1128	0	0	0.296100804559206		1.83259829614591	
1129	1129	0	0	0.437219453886026		2.32575076757623	
1130	1130	0	0	0.426674591020735		3.37609752206439	
1131	1131	0	2.2	0.182942766431395		5.98317722003117	
1132	1132	0	0.2	0.174472085364634		0.174097451434442	
1133	1133	0	0	0.194333356735932		3.50106268742657	
1134	1134	0	0	0.273463465288998		3.56220674972677	
1135	1135	0	0	0.259859082556574		-1.1412309604126	
1136	1136	0	0	0.368630185292158		0.0259864004727297	
1137	1137	0	0	0.460211895825253		4.97116556201518	
1138	1138	0	0	0.465461981605404		5.4484531913583	
1139	1139	0	0.6	0.547274959929673		5.35288972858167	
1140	1140	0	0	0.418593036331337		5.50045751793911	
1141	1141	0	0.4	0.108187997584047		0.481819466326946	
1142	1142	0	0	0.0999092088824582		-2.96370810202979	
1143	1143	0	0.2	0.175913089295449		1.14582271594142	
1144	1144	0	8.8	0.144254955095526		15.898471160715	
1145	1145	0	0	0.0447692364248979		-1.37425549807281	
1146	1146	0	0	0.100678863362869		3.86129482761163	
1147	1147	0	0.2	0.104677123557888		13.5577162648775	
1148	1148	0	0	0.100093495744932		-2.40164452012348	
1149	1149	0	0	0.0986884014980873		-10.2317789293667	
1150	1150	0	0	0.146526498452658		2.04095466941199	
1151	1151	0	0	0.211384969997962		2.10599409133279	
1152	1152	0	0.4	0.118335881982965		1.9943654007102	
1153	1153	0	0	0.00831376503038328		-1.07169515428681	
1154	1154	0	0	0.0568115438658232		-0.180651863389294	
1155	1155	0	0	0.064730916567342		1.72158095705087	
1156	1156	0	0	0.064647799040813		-1.36738758111071	
1157	1157	0	0	0.0354276744674848		-1.63515990757687	
1158	1158	0	0	0.0852415792447374		0.961081645828486	
1159	1159	0	0	0.139528552108555		1.72737596087559	
1160	1160	0	0	0.252887727889711		2.61117458355367	
1161	1161	0	0	0.291952433491652		3.47282108447601	
1162	1162	0	0	0.268486415695108		3.39912392931898	
1163	1163	0	3.6	0.30614045602605		10.2482804053265	
1164	1164	0	0.6	0.167065379804111		5.43572196720322	
1165	1165	0	0	0.262148990565478		2.43888817379694	
1166	1166	0	0	0.123326493428461		5.96587358210012	
1167	1167	0	0.2	0.097591171262863		-1.12294449052723	
1168	1168	0	0	0.155045581350112		-5.27024822477269	
1169	1169	0	0	0.257116270625254		2.65242791387223	
1170	1170	0	0	0.176450606431498		0.557059673387519	
1171	1171	0	0	0.0818793906803847		-0.803958037560491	
1172	1172	0	2.4	0.0880164234087921		4.84195622962137	
1173	1173	0	0.2	0.144661276502543		3.18840970804901	
1174	1174	0	0	0.110747387642633		1.0490556949976	
1175	1175	0	0.2	0.0721358863018686		2.1923532938084	
1176	1176	0	0	0.0365633414741708		-0.422410724905361	
1177	1177	0	0	0		-2.70655457969844	
1178	1178	0	0	0		-1.30052072102237	
1179	1179	0	0	0		-0.901410341638333	
1180	1180	0	0	0.0303706227264833		-0.652036211166025	
1181	1181	0	0	0.0221377602259629		0.019585302867197	
1182	1182	0	0	0.000308029824900302		-0.0929542427411235	
1183	1183	0	0	0.00539811662661194		-0.138879279349489	
1184	1184	0	0	0.00380889957824238		0.417801553373246	
1185	1185	0	0	0.0156033570346636		-0.112430701561809	
1186	1186	0	0	0		-0.169221633256457	
1187	1187	0	0	0.00155503214653407		-0.112531454591245	
1188	1188	0	0	0.0185084420140313		0.173185638702073	
1189	1189	0	0	0		0.282672865444384	
1190	1190	0	0	0		-0.434192634061844	
1191	1191	0	0	0		0.0533889914564552	
1192	1192	0	0	0		0.147470226241347	
1193	1193	0	0	0		-0.266288875410916	
1194	1194	0	0	0		0	
1195	1195	0	0	0		0	
1196	1196	0	0	0		0	
1197	1197	0	0	0		0	
1198	1198	0	0	0		0	
1199	1199	0	0	0		0	
1200	1200	0	0	0		0	
1201	1201	0	0	0		0	
1202	1202	0	0	0		0	
1203	1203	0	0	0		0	
1204	1204	0	0	0		0	
1205	1205	0	0	0		0	
1206	1206	0	0	0		0	
1207	1207	0	0	0		0	
1208	1208	0	0	0		0	
1209	1209	0	0	0		0	
1210	1210	0	0	0		0	
1211	1211	0	0	0		0	
1212	1212	0	0	0		0	
1213	1213	0	0	0		0	
1214	1214	0	0	0		0	
1215	1215	0	0	0		0	
1216	1216	0	0	0		0	
1217	1217	0	0	0		0	
1218	1218	0	0	0		0	
1219	1219	0	0	0		0	
1220	1220	0	0	0		0	
1221	1221	0	0	0		0	
1222	1222	0	0	0		0	
1223	1223	0	0	0		0	
1224	1224	0	0	0		0	
1225	1225	0	0	0		0	
1226	1226	0	0	0		0	
1227	1227	0	0	0		0	
1228	1228	0	0	0		0	
1229	1229	0	0	0		0	
1230	1230	0	0	0		0	
1231	1231	0	0	0		0	
1232	1232	0	0	0		0	
1233	1233	0	0	0		0	
1234	1234	0	0	0		0	
1235	1235	0	0	0		0	
1236	1236	0	0	0		0	
1237	1237	0	0	0		0	
1238	1238	0	0	0		0	
1239	1239	0	0	0		0	
1240	1240	0	0	0		0	
1241	1241	0	0	0		0	
1242	1242	0	0	0		0	
1243	1243	0	0	0		0	
1244	1244	0	0	0		0	
1245	1245	0	0	0		0	
1246	1246	0	0	0		0	
1247	1247	0	0	0		0	
1248	1248	0	0	0		0	
1249	1249	0	0	0		0	
1250	1250	0	0	0		0	
1251	1251	0	0	0		0	
1252	1252	0	0	0		0	
1253	1253	0	0	0		0	
1254	1254	0	0	0		0	
1255	1255	0	0	0		0	
1256	1256	0	0	0		0	
1257	1257	0	0	0		0	
1258	1258	0	0	0		0	
1259	1259	0	0	0		0	
1260	1260	0	0	0		0	
1261	1261	0	0	0		0	
1262	1262	0	0	0		0	
1263	1263	0	0	0		0	
1264	1264	0	0	0		0	
1265	1265	0	0	0		0	
1266	1266	0	0	0		0	
1267	1267	0	0	0		0	
1268	1268	0	0	0		0	
1269	1269	0	0	0		0	
1270	1270	0	0	0		0	
1271	1271	0	0	0		0	
1272	1272	0	0	0		0	
1273	1273	0	0	0		0	
1274	1274	0	0	0		0	
1275	1275	0	0	0		0	
1276	1276	0	0	0		0	
1277	1277	0	0	0		0	
1278	1278	0	0	0		0	
1279	1279	0	0	0		0	
1280	1280	0	0	0		0	
1281	1281	0	0	0		0	
1282	1282	0	0	0		0	
1283	1283	0	0	0		0	
1284	1284	0	0	0		0	
1285	1285	0	0	0		0	
1286	1286	0	0	0		0	
1287	1287	0	0	0		0	
1288	1288	0	0	0		0	
1289	1289	0	0	0		0	
1290	1290	0	0	0		0	
1291	1291	0	0	0		0	
1292	1292	0	0	0		0	
1293	1293	0	0	0		0	
1294	1294	0	0	0		0	
1295	1295	0	0	0		0	
1296	1296	0	0	0		0	
1297	1297	0	0	0		0	
1298	1298	0	0	0		0	
1299	1299	0	0	0		0	
1300	1300	0	0	0		0	
1301	1301	0	0	0		0	
1302	1302	0	0	0		0	
1303	1303	0	0	0		0	
1304	1304	0	0	0		0	
1305	1305	0	0	0		0	
1306	1306	0	0	0		0	
1307	1307	0	0	0		0	
1308	1308	0	0	0		0	
1309	1309	0	0	0		0	
1310	1310	0	0	0		0	
1311	1311	0	0	0		0	
1312	1312	0	0	0		0	
1313	1313	0	0	0		0	
1314	1314	0	0	0		0	
1315	1315	0	0	0		0	
1316	1316	0	0	0		0	
1317	1317	0	0	0		0	
1318	1318	0	0	0		0	
1319	1319	0	0	0		0	
1320	1320	0	0	0		0	
1321	1321	0	0	0		0	
1322	1322	0	0	0		0	
1323	1323	0	0	0		0	
1324	1324	0	0	0		0	
1325	1325	0	0	0		0	
1326	1326	0	0	0		0	
1327	1327	0	0	0		0	
1328	1328	0	0	0		0	
1329	1329	0	0	0		0	
1330	1330	0	0	0		0	
1331	1331	0	0	0		0	
1332	1332	0	0	0		0	
1333	1333	0	0	0		0	
1334	1334	0	0	0		0	
1335	1335	0	0	0		0	
1336	1336	0	0	0		0	
1337	1337	0	0	0		0	
1338	1338	0	0	0		0	
1339	1339	0	0	0		0	
1340	1340	0	0	0		0	
1341	1341	0	0	0		0	
1342	1342	0	0	0		0	
1343	1343	0	0	0		0	
1344	1344	0	0	0		0	
1345	1345	0	0	0		0	
1346	1346	0	0	0		0	
1347	1347	0	0	0		0	
1348	1348	0	0	0		0	
1349	1349	0	0	0		0	
1350	1350	0	0	0		0	
1351	1351	0	0	0		0	
1352	1352	0	0	0		0	
1353	1353	0	0	0		0	
1354	1354	0	0	0		0	
1355	1355	0	0	0		0	
1356	1356	0	0	0		0	
1357	1357	0	0	0		0	
1358	1358	0	0	0		0	
1359	1359	0	0	0		0	
1360	1360	0	0	0		0	
1361	1361	0	0	0		0	
1362	1362	0	0	0		0	
1363	1363	0	0	0		0	
1364	1364	0	0	0		0	
1365	1365	0	0	0		0	
1366	1366	0	0	0		0	
1367	1367	0	0	0		0	
1368	1368	0	0	0		0	
1369	1369	0	0	0		0	
1370	1370	0	0	0		0	
1371	1371	0	0	0		0	
1372	1372	0	0	0		0	
1373	1373	0	0	0		0	
1374	1374	0	0	0		0	
1375	1375	0	0	0		0	
1376	1376	0	0	0		0	
1377	1377	0	0	0		0	
1378	1378	0	0	0		0	
1379	1379	0	0	0		0	
1380	1380	0	0	0		0	
1381	1381	0	0	0		0	
1382	1382	0	0	0		0	
1383	1383	0	0	0		0	
1384	1384	0	0	0		0	
1385	1385	0	0	-30.1633573230833		-269.05185042808	
1386	1386	0	0	0		-345.796691397305	
1387	1387	0	0	0		347.106885785582	
1388	1388	0	0	0		-63.7528818038958	
1389	1389	0	0	0		-276.794734619894	
1390	1390	0	0	0		433.973129347801	
1391	1391	0	0	0		0	
1392	1392	0	0	0		0	
1393	1393	0	0	0		0	
1394	1394	0	0	0		0	
1395	1395	0	0	0		0	
1396	1396	0	0	0		0	
1397	1397	0	0	0		0	
1398	1398	0	0	0		0	
1399	1399	0	0	0		0	
1400	1400	0	0	0		0	
1401	1401	0	0	0		0	
1402	1402	0	0	0		0	
1403	1403	0	0	0		0	
1404	1404	0	0	0		0	
1405	1405	0	0	0		0	
1406	1406	0	0	0		0	
1407	1407	0	0	0		0	
1408	1408	0	0	0		0	
1409	1409	0	0	0		0	
1410	1410	0	0	0		0	
1411	1411	0	0	0		0	
1412	1412	0	0	0		0	
1413	1413	0	0	0		0	
1414	1414	0	0	0		0	
1415	1415	0	0	0		0	
1416	1416	0	0	0		0	
1417	1417	0	0	0		0	
1418	1418	0	0	0		0	
1419	1419	0	1.8	0		3.60539007594118	
1420	1420	0	0	0		0.696741407713641	
1421	1421	0	0	0		0.933908563259273	
1422	1422	0	0	0		2.28067209891842	
1423	1423	0	0	0		-0.425490223881741	
1424	1424	0	0	0		-1.9855017239459	
1425	1425	0	0	0		0	
1426	1426	0	0	0		0	
1427	1427	0	0	0		0	
1428	1428	0	0	0		0	
1429	1429	0	0.2	0		0.400598897326798	
1430	1430	0	0.4	0		0.878613506621777	
1431	1431	0	0	0		0.258599042076284	
1432	1432	0	0.8	0		2.06333883657796	
1433	1433	0	0.2	0		1.16980107563898	
1434	1434	0	0.2	0		0.577920396109169	
1435	1435	0	0	0		0.753592768750531	
1436	1436	0	0	0		0.168068862961191	
1437	1437	0	0	0.554632479665589		4.27091043012981	
1438	1438	0	0	0.513825082664333		10.6737211298077	
1439	1439	0	0	0.0656203946465812		-0.127201628620721	
1440	1440	0	0	0		-3.98833222429045	
1441	1441	0	0	0.163832021604446		6.88183332188241	
1442	1442	0	0	0.112154293003861		-0.247324427969374	
1443	1443	0	0	0		-7.39001087697656	
1444	1444	0	1.6	0.0386016017275974		1.66065207620468	
1445	1445	0	0	0.0144216155275456		2.93095394338904	
1446	1446	0	0	0		-0.776673297851346	
1447	1447	0	0	0		0.329282405800092	
1448	1448	0	0	0.000667314738843183		0.0124486142953901	
1449	1449	0	0	0.0578987994136853		-1.66383059365557	
1450	1450	0	0	0.00608471720505799		0.502864928874969	
1451	1451	0	0	0.0369476506924662		-0.265541390713547	
1452	1452	0	0	0.0170703709654647		0.634314918491806	
1453	1453	0	0	0.394420127364827		3.82324693236285	
1454	1454	0	0	0.736820317084471		10.1984673633098	
1455	1455	0	0.2	0.476340919238501		8.84525197333738	
1456	1456	0	0.6	0.675315820324219		4.74344216904401	
1457	1457	0	0	0.410433278806776		11.1885317223213	
1458	1458	0	0	0.377386495893942		2.9584956922103	
1459	1459	0	1.8	0.466807044363103		3.28303664075271	
1460	1460	0	0.2	0.585792096545664		7.18001489475033	
1461	1461	0	0	0.622878945030356		2.09717677026825	
1462	1462	0	0	0.450633919439629		5.34839269578027	
1463	1463	0	0	0.193667177110437		-0.354133314513516	
1464	1464	0	0	0.415844997011475		-1.31309790385709	
1465	1465	0	0.6	0.37203953950108		5.0786514834976	
1466	1466	0	0.2	0.508603532200915		0.232204730692891	
1467	1467	0	0	0.835312889554046		5.56164309527892	
1468	1468	0	0	0.734238696414238		12.952595344145	
1469	1469	0	0	0.357544175433009		0.611865414833456	
1470	1470	0	0	0.214870315102408		-2.06284711114202	
1471	1471	0	0	0.383759908451553		3.45094577998841	
1472	1472	0	0.2	0.306059562855827		0.53289055202257	
1473	1473	0	5.2	0.3964164287601		6.2928688239814	
1474	1474	0	0	0.335547171632342		3.77089802360346	
1475	1475	0	1.8	0.216280011597828		8.84793762063835	
1476	1476	0	9	0.392694794767058		25.5110277163045	
1477	1477	0	0	0.592932595655894		10.2132353653024	
1478	1478	0	0	0.802014609951687		8.47951574173051	
1479	1479	0	0	0.665305589376461		17.2705003263126	
1480	1480	0	0	0.698412478139094		2.25975113817893	
1481	1481	0	0	0.812377539037085		-0.844281435565657	
1482	1482	0	0	0.74195220911583		8.12936878166286	
1483	1483	0	0	0.445706260103115		-0.824610540439306	
1484	1484	0	0	0.680624358413247		1.19661181066543	
1485	1485	0	0	0.785533557934947		8.65521572916561	
1486	1486	0	0	0.281693177654788		-0.251660477519067	
1487	1487	0	0	0.195254618991303		-9.21476778560629	
1488	1488	0	0	0.256410358792088		2.77744836083812	
1489	1489	0	0	0.363466453706828		1.9460888958501	
1490	1490	0	0	0.465621421994701		-2.93472709978185	
1491	1491	0	0	0.583378347403968		4.63982641676889	
1492	1492	0	0	0.61712785446932		7.14638965959656	
1493	1493	0	0	0.642340451395413		6.72153686342726	
1494	1494	0	0	0.436194755658903		4.42947428921866	
1495	1495	0	0	0.357132854540101		0.753023383811696	
1496	1496	0	0.8	0.359315105493312		2.50951672129998	
1497	1497	0	0	0.441875719669003		2.1981264692282	
1498	1498	0	0	0.452549582656466		0.898567105744217	
1499	1499	0	0	0.457011794225476		2.95423088788757	
1500	1500	0	0	0.29310013625788		1.54977597333097	
1501	1501	0	0	0.309047655808424		-0.182984868535812	
1502	1502	0	0	0.494083312396434		3.33854024989751	
1503	1503	0	0	0.345907623478951		3.49553162975342	
1504	1504	0	0	0.288744720022954		-2.37699973344296	
1505	1505	0	0	0.388658544438684		2.45973172697932	
1506	1506	0	0	0.262265980113696		4.29092136277857	
1507	1507	0	0	0.314884851655766		-1.98121716170578	
1508	1508	0	0	0.38779784179512		2.54534151966123	
1509	1509	0	0.6	0.296427120436768		4.63464322534139	
1510	1510	0	0.8	0.215932628554139		0.176822756450394	
1511	1511	0	0	0.0412714749323122		-0.0107155924548206	
1512	1512	0	0	0.112130701972962		-0.181459984394495	
1513	1513	0	2.4	0.263207259144632		6.4344471900014	
1514	1514	0	0	0.209749363670269		1.47998398586058	
1515	1515	0	0	0.30669099126477		-0.0168736794365607	
1516	1516	0	0	0.245041762507267		7.32035739815835	
1517	1517	0	0	0.220779618958442		1.92729720274212	
1518	1518	0	0	0.354858813714948		-0.984733068220742	
1519	1519	0	0	0.159424554395923		3.26407071840279	
1520	1520	0	0	0.0659176591334365		-3.36515022772146	
1521	1521	0	0	0.0726244805733103		-1.18060908619419	
1522	1522	0	0	0.179501462102092		2.09202295954735	
1523	1523	0	0	0.105763237411896		-1.33773314189356	
1524	1524	0	0	0.103021353240312		-1.46952547793132	
1525	1525	0	4.8	0.0802368745897866		10.3914916452698	
1526	1526	0	0.2	0.153105031021035		4.18442639939224	
1527	1527	0	0	0.0312162257287874		2.28388570494869	
1528	1528	0	0	0.0622748376459192		4.93034531051931	
1529	1529	0	3.2	0.123467786194571		6.56204884608364	
1530	1530	0	0.2	0.108618044826752		-1.71847702640181	
1531	1531	0	0	0.0837389208024213		0.303712456648078	
1532	1532	0	0	0.131125009763757		5.4212774891231	
1533	1533	0	0	0.145232146311937		1.79863310640945	
1534	1534	0	0	0.0404840391626244		-3.66257499050267	
1535	1535	0	0	0.020979886780502		-1.75778690867811	
1536	1536	0	0	0.0123464185446878		0.190215963020512	
1537	1537	0	0	0.0136851350640654		-0.446076498953984	
1538	1538	0	0	0.0815246628680271		-0.931674901515394	
1539	1539	0	0.2	0.0549561904353588		1.30408173256013	
1540	1540	0	0	0.113290115163828		0.620193336139078	
1541	1541	0	0.2	0.0185643751518363		1.45657636684902	
1542	1542	0	0	0.00990576697384071		-0.00431412225798819	
1543	1543	0	0	0		-0.472753826372453	
1544	1544	0	0	0		0.206973934509036	
1545	1545	0	0	0		-1.48593694585082	
1546	1546	0	0	0.00866311032454803		-0.31953099329909	
1547	1547	0	6.4	0.0497749478815734		13.2199450353689	
1548	1548	0	0	0		2.9482379939996	
1549	1549	0	0	0		2.76608542047276	
1550	1550	0	1.8	0.0103733909550776		11.9916761681758	
1551	1551	0	7	0.0157598889090451		13.7964671092748	
1552	1552	0	0.6	0.00705278310775981		-2.80622946395932	
1553	1553	0	0	0		6.06620697338287	
1554	1554	0	0	0		8.80243418932909	
1555	1555	0	0	0		-2.86968065941643	
1556	1556	0	0	0		-8.02524990885309	
1557	1557	0	0	0		-0.763305316588845	
1558	1558	0	0	0		0	
1559	1559	0	0.2	0.00228953028151579		0.421021105380592	
1560	1560	0	0	0		0.103663187927903	
1561	1561	0	0	0		0.0774206927159195	
1562	1562	0	0	0		0.258247132573472	
1563	1563	0	0	0		-0.026266764832719	
1564	1564	0	0	0		-0.25355175455941	
1565	1565	0	0	0		0	
1566	1566	0	0	0		0	
1567	1567	0	0	0		0	
1568	1568	0	0	0		0	
1569	1569	0	0	0		0	
1570	1570	0	0	0		0	
1571	1571	0	0	0		0	
1572	1572	0	0	0		0	
1573	1573	0	0	0		0	
1574	1574	0	0	0		0	
1575	1575	0	0	0		0	
1576	1576	0	0	0		0	
1577	1577	0	0	0		0	
1578	1578	0	0	0		0	
1579	1579	0	0	0		0	
1580	1580	0	0	0		0	
1581	1581	0	0	0		0	
1582	1582	0	0	0		0	
1583	1583	0	0	0		0	
1584	1584	0	0	0		0	
1585	1585	0	0	0		0	
1586	1586	0	0	0		0	
1587	1587	0	0	0		0	
1588	1588	0	0	0		0	
1589	1589	0	0	0		0	
1590	1590	0	0	0		0	
1591	1591	0	0	0		0	
1592	1592	0	0	0		0	
1593	1593	0	0	0		0	
1594	1594	0	0	0		0	
1595	1595	0	0	0		0	
1596	1596	0	0	0		0	
1597	1597	0	0	0		0	
1598	1598	0	0	0		0	
1599	1599	0	0	0		0	
1600	1600	0	0	0		0	
1601	1601	0	0	0		0	
1602	1602	0	0	0		0	
1603	1603	0	0	0		0	
1604	1604	0	0	0		0	
1605	1605	0	0	0		0	
1606	1606	0	0	0		0	
1607	1607	0	0	0		0	
1608	1608	0	0	0		0	
1609	1609	0	0	0		0	
1610	1610	0	0	0		0	
1611	1611	0	0	0		0	
1612	1612	0	0	0		0	
1613	1613	0	0	0		0	
1614	1614	0	0	0		0	
1615	1615	0	0	0		0	
1616	1616	0	0	0		0	
1617	1617	0	0	0		0	
1618	1618	0	0	0		0	
1619	1619	0	0	0		0	
1620	1620	0	0	0		0	
1621	1621	0	0	0		0	
1622	1622	0	0	0		0	
1623	1623	0	0	0		0	
1624	1624	0	0	0		0	
1625	1625	0	0	0		0	
1626	1626	0	0	0		0	
1627	1627	0	0	0		0	
1628	1628	0	0	0		0	
1629	1629	0	0	0		0	
1630	1630	0	0	0		0	
1631	1631	0	0	0		0	
1632	1632	0	0	0		0	
1633	1633	0	0	0		0	
1634	1634	0	0	0		0	
1635	1635	0	0	0		0	
1636	1636	0	0	0		0	
1637	1637	0	0	0		0	
1638	1638	0	0	0		0	
1639	1639	0	0	0		0	
1640	1640	0	0	0		0	
1641	1641	0	0	0		0	
1642	1642	0	0	0		0	
1643	1643	0	0	0		0	
1644	1644	0	0	0		0	
1645	1645	0	0	0		0	
1646	1646	0	0	0		0	
1647	1647	0	0	0		0	
1648	1648	0	0	0		0	
1649	1649	0	0	0		0	
1650	1650	0	0	0		0	
1651	1651	0	0	0		0	
1652	1652	0	0	0		0	
1653	1653	0	0	0		0	
1654	1654	0	0	0		0	
1655	1655	0	0	0		0	
1656	1656	0	0	0		0	
1657	1657	0	0	0		0	
1658	1658	0	0	0		0	
1659	1659	0	0	0		0	
1660	1660	0	0	0		0	
1661	1661	0	0	0		0	
1662	1662	0	0	0		0	
1663	1663	0	0	0		0	
1664	1664	0	0	0		0	
1665	1665	0	0	0		0	
1666	1666	0	0	0		0	
1667	1667	0	0	0		0	
1668	1668	0	0	0		0	
1669	1669	0	0	0		0	
1670	1670	0	0	0		0	
1671	1671	0	0	0		0	
1672	1672	0	0	0		0	
1673	1673	0	0	0		0	
1674	1674	0	0	0		0	
1675	1675	0	0	0		0	
1676	1676	0	0	0		0	
1677	1677	0	0	0		0	
1678	1678	0	0	0		0	
1679	1679	0	0	0		0	
1680	1680	0	0	0		0	
1681	1681	0	0	0		0	
1682	1682	0	0	0		0	
1683	1683	0	0	0		0	
1684	1684	0	0	0		0	
1685	1685	0	0	0		0	
1686	1686	0	0	0		0	
1687	1687	0	0	0		0	
1688	1688	0	0	0		0	
1689	1689	0	0	0		0	
1690	1690	0	0	0		0	
1691	1691	0	0	0		0	
1692	1692	0	0	0		0	
1693	1693	0	0	0		0	
1694	1694	0	0	0		0	
1695	1695	0	0	0		0	
1696	1696	0	0	0		0	
1697	1697	0	0	0		0	
1698	1698	0	0	0		0	
1699	1699	0	0	0		0	
1700	1700	0	0	0		0	
1701	1701	0	0	0		0	
1702	1702	0	0	0		0	
1703	1703	0	0	0		0	
1704	1704	0	0	0		0	
1705	1705	0	0	0		0	
1706	1706	0	0	0		0	
1707	1707	0	0	0		0	
1708	1708	0	0	0		0	
1709	1709	0	0	0		0	
1710	1710	0	0	0		0	
1711	1711	0	0	0		0	
1712	1712	0	0	0		0	
1713	1713	0	0	0		0	
1714	1714	0	0	0		0	
1715	1715	0	0	0		0	
1716	1716	0	0	0		0	
1717	1717	0	0	0		0	
1718	1718	0	0	0		0	
1719	1719	0	0	0		0	
1720	1720	0	0	0		0	
1721	1721	0	0	0		0	
1722	1722	0	0	0		0	
1723	1723	0	0	0		0	
1724	1724	0	0	0		0	
1725	1725	0	0	0		0	
1726	1726	0	0	0		0	
1727	1727	0	0	0		0	
1728	1728	0	0	0		0	
1729	1729	0	0	0		0	
1730	1730	0	0	0		0	
1731	1731	0	0	0		0	
1732	1732	0	0	0		0	
1733	1733	0	0	0		0	
1734	1734	0	0	0		0	
1735	1735	0	0	0		0	
1736	1736	0	0	0		0	
1737	1737	0	0	0		0	
1738	1738	0	0	0		0	
1739	1739	0	0	0		0	
1740	1740	0	0	0		0	
1741	1741	0	0	0		0	
1742	1742	0	0	0		0	
1743	1743	0	0	0		0	
1744	1744	0	0	0		0	
1745	1745	0	0	0		0	
1746	1746	0	0	0		0	
1747	1747	0	0	0		0	
1748	1748	0	0	0		0	
1749	1749	0	0	0		0	
1750	1750	0	0	0		0	
1751	1751	0	0	-31.9911944671889		-285.355836772679	
1752	1752	0	0	0		-366.751256569701	
1753	1753	0	0	0		368.140846031385	
1754	1754	0	0	0		-67.6161747442927	
1755	1755	0	0	0		-293.567923751726	
1756	1756	0	0	0		460.271004510345	
1757	1757	0	0	0		0	
1758	1758	0	0	0		0	
1759	1759	0	0	0		0	
1760	1760	0	0	0		0	
1761	1761	0	0	0		0	
1762	1762	0	0	0		0	
1763	1763	0	0	0		0	
1764	1764	0	0	0		0	
1765	1765	0	0	0		0	
1766	1766	0	0	0		0	
1767	1767	0	0	0		0	
1768	1768	0	0	0		0	
1769	1769	0	1	0		2.00299448663399	
1770	1770	0	0	0		0.387078559840911	
1771	1771	0	0	0		0.518838090699596	
1772	1772	0	0	0		1.26704005495468	
1773	1773	0	0	0		-0.236383457712079	
1774	1774	0	0	0		-1.10305651330328	
1775	1775	0	0	0		0	
1776	1776	0	0	0		0	
1777	1777	0	0	0		0	
1778	1778	0	0	0		0	
1779	1779	0	0	0		0	
1780	1780	0	0	0		0	
1781	1781	0	0	0		0	
1782	1782	0	0	0		0	
1783	1783	0	0	0		0	
1784	1784	0	0	0		0	
1785	1785	0	0	0		0	
1786	1786	0	0.4	0		0.801197794653595	
1787	1787	0	0	0		0.154831423936365	
1788	1788	0	0	0		0.207535236279838	
1789	1789	0	0	0		0.50681602198187	
1790	1790	0	0	0		-0.0945533830848314	
1791	1791	0	0	0		-0.441222605321312	
1792	1792	0	0	0		0	
1793	1793	0	0	0		0	
1794	1794	0	0	0		0	
1795	1795	0	0	0		0	
1796	1796	0	0	0		0	
1797	1797	0	0	0		0	
1798	1798	0	0	0		0	
1799	1799	0	0	0		0	
1800	1800	0	0	0		0	
1801	1801	0	0	0		0	
1802	1802	0	0	0		0	
1803	1803	0	0	0		0	
1804	1804	0	0	0		0	
1805	1805	0	0	0		0	
1806	1806	0	0	0		0	
1807	1807	0	0	0		0	
1808	1808	0	0	0		0	
1809	1809	0	0	0		0	
1810	1810	0	0	0		0	
1811	1811	0	0	0.0441941738241592		0.394204269709418	
1812	1812	0	0	0		0.506647815219712	
1813	1813	0	0	0.442945115804588		3.44242518785771	
1814	1814	0	0	1.69879765193659		20.3243659731246	
1815	1815	0	3.4	1.33645238423328		33.514669108707	
1816	1816	0	0	0.134394823218118		-1.41255588798068	
1817	1817	0	0	0.440065822302699	0.17723076923077	-0.493984756805809	0.671215526036579
1818	1818	1	0	0.197154751838196	0.0386571428571429	21.6058596276835	-21.5672024848264
1819	1819	1	0	0.312376720014444	4.88735	-12.714525574777	17.601875574777
1820	1820	1	0	0.261501984201679	21.7795000000001	-17.1702020897926	38.9497020897927
1821	1821	1	0	0.27442727648303	6.12352142857142	4.37242179901099	1.75109962956043
1822	1822	1	0	0.69650740214721	7.43725714285714	2.48755736155768	4.94969978129946
1823	1823	1	0	0.981847871376813	10.5916357142857	14.1674619215706	-3.57582620728489
1824	1824	1	0	0.806382927667599	11.4718	8.91912811208717	2.55267188791286
1825	1825	1	0	0.754594914931067	24.5556	4.90472903515535	19.6508709648447
1826	1826	1	0	0.315798781871953	13.12575	6.70657286228193	6.41917713771804
1827	1827	1	0	0.441940326579797	7.33337142857142	-0.427803665952844	7.76117509452427
1828	1828	1	0	0.346060277476452	9.48424285714284	-0.612389236690518	10.0966320938334
1829	1829	1	0	0.263705394739464	5.7464	-2.7759226899578	8.5223226899578
1830	1830	1	0	0.369387144459465	5.07292857142856	-4.68895631028583	9.76188488171439
1831	1831	1	0	0.370763117305509	4.34299285714286	4.75060866334824	-0.407615806205377
1832	1832	1	0	0.472816296169285	1.93528571428572	1.5917774601181	0.343508254167615
1833	1833	1	0	0.312337433451622	2.83510714285714	2.16155455533928	0.673552587517868
1834	1834	1	0	0.511935544817899	1.78525	3.08537415274869	-1.3001241527487
1835	1835	1	0.2	0.55997234660736	0.677942857142856	6.75722965433216	-6.0792867971893
1836	1836	1	0	0.470140416260808	0.228642857142857	4.46408335048593	-4.23544049334308
1837	1837	1	0	0.588911370144166	0	1.44816678923196	-1.44816678923196
1838	1838	1	0	0.647744348402277	0	8.75996452706862	-8.75996452706862
1839	1839	1	0	0.511086839600731	0	3.92726276532362	-3.92726276532362
1840	1840	1	0	0.83883684486865	0	3.1692784876833	-3.1692784876833
1841	1841	1	0	1.2136058233403	0	14.5694313696494	-14.5694313696494
1842	1842	1	0	1.08386669897804	0	12.4792125789176	-12.4792125789176
1843	1843	1	0	0.872019147818484	0	3.38177594799189	-3.38177594799189
1844	1844	1	0	0.90543044331563	0	8.50999477435645	-8.50999477435645
1845	1845	1	0	0.855424304055848	0	9.33421192182947	-9.33421192182947
1846	1846	1	0	0.760068648590298	0	0.495622580170338	-0.495622580170338
1847	1847	1	1	0.623995601867982	0	0.760354781150463	-0.760354781150463
1848	1848	1	0	0.763772929766841	0	3.17742903472667	-3.17742903472667
1849	1849	1	0	0.637231806432688	0	4.20763189826485	-4.20763189826485
1850	1850	1	3.2	0.324045417623026	0	5.06949161025053	-5.06949161025053
1851	1851	1	6.2	0.357426870464959	0.349421428571428	9.39590708261516	-9.04648565404373
1852	1852	1	0	0.456091975923439	0.189671428571429	6.77191952376975	-6.58224809519832
1853	1853	1	0	0.534330840095379	0	8.69678830997674	-8.69678830997674
1854	1854	1	0	0.510185084117584	0	7.08804842855855	-7.08804842855855
1855	1855	1	0.2	0.462542729179393	0	-1.18723329295159	1.18723329295159
1856	1856	1	0	0.56908154250619	0	-2.08152637290696	2.08152637290696
1857	1857	1	0	0.46171821964381	0	4.84312598907253	-4.84312598907253
1858	1858	1	0	0.512663495254603	0	1.54243305176376	-1.54243305176376
1859	1859	1	0.8	0.322324092152471	0.543771428571428	3.10126718784074	-2.55749575926931
1860	1860	1	0.8	0.320214232550711	0.870685714285711	1.88662875995933	-1.01594304567362
1861	1861	1	0.2	0.267328343148012	0.284342857142858	0.604572718605333	-0.320229861462474
1862	1862	1	0	0.276080624768593	0.137807142857143	2.09129976239073	-1.95349261953358
1863	1863	1	0	0.253003766677487	2.53202142857143	-0.467526531491692	2.99954796006312
1864	1864	1	0.8	0.16581796028294	2.29669285714286	0.85283084076201	1.44386201638085
1865	1865	1	3.8	0.128963211164471	15.3164	5.56075589141515	9.75564410858486
1866	1866	1	2.2	0.103423154324169	25.2163428571429	5.78679003734984	19.429552819793
1867	1867	1	0	0.170128639563735	1.04091428571429	3.7559863422283	-2.71507205651402
1868	1868	0	0	0.00886018836140678		4.76048246314454	
1869	1869	0	0	0.0674461838406621		-1.23146490964169	
1870	1870	0	0	0.120683774779764		-3.51072987175721	
1871	1871	0	0	0.147139153491814		-0.414952883797052	
1872	1872	0	0	0.278917626674719		0.562087654421055	
1873	1873	0	0	0.203173508248934		4.06312830124048	
1874	1874	0	0	0.281142625463854		2.07535879051936	
1875	1875	0	0	0.326039712307228		3.99665337709195	
1876	1876	0	0	0.306270017794315		4.1063338708629	
1877	1877	0	0	0.269002108000365		0.60438561158381	
1878	1878	0	0	0.221033347166951		1.87691190230831	
1879	1879	0	0	0.243989748368211		1.20906091377362	
1880	1880	0	0	0.169942675275834		0.457613377869324	
1881	1881	0	0	0.196040443419761		-0.581597755454511	
1882	1882	0	0	0.123240547150566		0.0648532199335503	
1883	1883	0	0	0.0543240945293633		-0.940476761701285	
1884	1884	0	0	0.0196273179791575		-2.1569017387848	
1885	1885	0	0	0.00857189109404999		-0.709257073722144	
1886	1886	0	0	0.00924845527419649		-1.61987817540559	
1887	1887	0	0	0.0108895724261586		-1.12860719414704	
1888	1888	0	0	0.0170660332112504		-0.412717746083698	
1889	1889	0	0	0.0261695466461376		0.119583458536517	
1890	1890	0	0	0.0259227245433777		0.319405988292399	
1891	1891	0	0	0.0750470501305216		0.668377663076797	
1892	1892	0	0	0.124056951712404		1.72385347000831	
1893	1893	0	0	0.141015302563538		1.86582694870509	
1894	1894	0	0	0.134716888450001		1.41066161452834	
1895	1895	0	0	0.0868680855999102		1.27443179336794	
1896	1896	0	0	0.0803989555812166		0.519473489971277	
1897	1897	0	0	0.100188047757769		0.60962913288684	
1898	1898	0	0	0.0317465132406838		-0.10246583141177	
1899	1899	0	0	0.067406655620367		-1.15887140982422	
1900	1900	0	0	0.0588086629373734		0.631727228471121	
1901	1901	0	0	0.0960278864754684		0.58479818951388	
1902	1902	0	0	0.127328733572803		0.552225683140521	
1903	1903	0	0	0.0868039573331814		1.41504721932682	
1904	1904	0	0	0.036537048298193		-0.371394102210214	
1905	1905	0	0	0.0248862928806588		-0.0538385085756339	
1906	1906	0	0	0.00205613612827449		-0.146504017493815	
1907	1907	0	0	0		-1.2209591480395	
1908	1908	0	0	0		-0.884664404231255	
1909	1909	0	0	2.89587684818571e-05		-0.292700386271736	
1910	1910	0	0	0.00322874673140916		-0.310049724112876	
1911	1911	0	0	0.0141275610449867		0.133114385025751	
1912	1912	0	0	0.00761137645028498		0.192758541592737	
1913	1913	0	0	0		-0.0682260717585684	
1914	1914	0	0	0.00072342552746818		-0.0220637475956672	
1915	1915	0	0	0.000188088097061723		0.109246989309089	
1916	1916	0	0	0.000882553225459048		-0.131709679112113	
1917	1917	0	0	0.000173614311343329		-0.0984772284915878	
1918	1918	0	0	0		-0.00112963261048472	
1919	1919	0	0	0		-0.00881476334733033	
1920	1920	0	0	0		0.0057596147724413	
1921	1921	0	0	0		-0.0111044952405758	
1922	1922	0	0	0.000998264958809614		0.00640648473981798	
1923	1923	0	0	0.00296568549960341		0.0378976345075305	
1924	1924	0	0	0.00467223435344266		0.0641869162685115	
1925	1925	0	0	0		0.0215452008154652	
1926	1926	0	0	0		-0.0383372189713494	
1927	1927	0	0	0		0.0227273893913142	
1928	1928	0	0	4.33923345966036e-05		0.000593330468645799	
1929	1929	0	0	0.00182242768983087		-0.0504682446038246	
1930	1930	0	0	0		0.0203932102364087	
1931	1931	0	0	0		-0.0208799971058226	
1932	1932	0	0	0		0.00425005033332393	
1933	1933	0	0	0		0.0160992450652853	
1934	1934	0	0	0		-0.0262200470290733	
1935	1935	0	0	0		0	
1936	1936	0	0	0		0	
1937	1937	0	0	0		0	
1938	1938	0	0	0		0	
1939	1939	0	0	0		0	
1940	1940	0	0	0		0	
1941	1941	0	0	0		0	
1942	1942	0	0	0		0	
1943	1943	0	0	0		0	
1944	1944	0	0	0		0	
1945	1945	0	0	0		0	
1946	1946	0	0	0		0	
1947	1947	0	0	0		0	
1948	1948	0	0	0		0	
1949	1949	0	0	0		0	
1950	1950	0	0	0		0	
1951	1951	0	0	0		0	
1952	1952	0	0	0		0	
1953	1953	0	0	0		0	
1954	1954	0	0	0		0	
1955	1955	0	0	0		0	
1956	1956	0	0	0		0	
1957	1957	0	0	0		0	
1958	1958	0	0	0		0	
1959	1959	0	0	0		0	
1960	1960	0	0	0		0	
1961	1961	0	0	0		0	
1962	1962	0	0	0		0	
1963	1963	0	0	0		0	
1964	1964	0	0	0		0	
1965	1965	0	0	0		0	
1966	1966	0	0	0		0	
1967	1967	0	0	0		0	
1968	1968	0	0	0		0	
1969	1969	0	0	0		0	
1970	1970	0	0	0		0	
1971	1971	0	0	0		0	
1972	1972	0	0	0		0	
1973	1973	0	0	0		0	
1974	1974	0	0	0		0	
1975	1975	0	0	0		0	
1976	1976	0	0	0		0	
1977	1977	0	0	0		0	
1978	1978	0	0	0		0	
1979	1979	0	0	0		0	
1980	1980	0	0	0		0	
1981	1981	0	0	0		0	
1982	1982	0	0	0		0	
1983	1983	0	0	0		0	
1984	1984	0	0	0		0	
1985	1985	0	0	0		0	
1986	1986	0	0	0		0	
1987	1987	0	0	0		0	
1988	1988	0	0	0		0	
1989	1989	0	0	0		0	
1990	1990	0	0	0		0	
1991	1991	0	0	0		0	
1992	1992	0	0	0		0	
1993	1993	0	0	0		0	
1994	1994	0	0	0		0	
1995	1995	0	0	0		0	
1996	1996	0	0	0		0	
1997	1997	0	0	0		0	
1998	1998	0	0	0		0	
1999	1999	0	0	0		0	
2000	2000	0	0	0		0	
2001	2001	0	0	0		0	
2002	2002	0	0	0		0	
2003	2003	0	0	0		0	
2004	2004	0	0	0		0	
2005	2005	0	0	0		0	
2006	2006	0	0	0		0	
2007	2007	0	0	0		0	
2008	2008	0	0	0		0	
2009	2009	0	0	0		0	
2010	2010	0	0	0		0	
2011	2011	0	0	0		0	
2012	2012	0	0	0		0	
2013	2013	0	0	0		0	
2014	2014	0	0	0		0	
2015	2015	0	0	0		0	
2016	2016	0	0	0		0	
2017	2017	0	0	0		0	
2018	2018	0	0	0		0	
2019	2019	0	0	0		0	
2020	2020	0	0	0		0	
2021	2021	0	0	0		0	
2022	2022	0	0	0		0	
2023	2023	0	0	0		0	
2024	2024	0	0	0		0	
2025	2025	0	0	0		0	
2026	2026	0	0	0		0	
2027	2027	0	0	0		0	
2028	2028	0	0	0		0	
2029	2029	0	0	0		0	
2030	2030	0	0	0		0	
2031	2031	0	0	0		0	
2032	2032	0	0	0		0	
2033	2033	0	0	0		0	
2034	2034	0	0	0		0	
2035	2035	0	0	0		0	
2036	2036	0	0	0		0	
2037	2037	0	0	0		0	
2038	2038	0	0	0		0	
2039	2039	0	0	0		0	
2040	2040	0	0	0		0	
2041	2041	0	0	0		0	
2042	2042	0	0	0		0	
2043	2043	0	0	0		0	
2044	2044	0	0	0		0	
2045	2045	0	0	0		0	
2046	2046	0	0	0		0	
2047	2047	0	0	0		0	
2048	2048	0	0	0		0	
2049	2049	0	0	0		0	
2050	2050	0	0	0		0	
2051	2051	0	0	0		0	
2052	2052	0	0	0		0	
2053	2053	0	0	0		0	
2054	2054	0	0	0		0	
2055	2055	0	0	0		0	
2056	2056	0	0	0		0	
2057	2057	0	0	0		0	
2058	2058	0	0	0		0	
2059	2059	0	0	0		0	
2060	2060	0	0	0		0	
2061	2061	0	0	0		0	
2062	2062	0	0	0		0	
2063	2063	0	0	0		0	
2064	2064	0	0	0		0	
2065	2065	0	0	0		0	
2066	2066	0	0	0		0	
2067	2067	0	0	0		0	
2068	2068	0	0	0		0	
2069	2069	0	0	0		0	
2070	2070	0	0	0		0	
2071	2071	0	0	0		0	
2072	2072	0	0	0		0	
2073	2073	0	0	0		0	
2074	2074	0	0	0		0	
2075	2075	0	0	0		0	
2076	2076	0	0	0		0	
2077	2077	0	0	0		0	
2078	2078	0	0	0		0	
2079	2079	0	0	0		0	
2080	2080	0	0	0		0	
2081	2081	0	0	0		0	
2082	2082	0	0	0		0	
2083	2083	0	0	0		0	
2084	2084	0	0	0		0	
2085	2085	0	0	0		0	
2086	2086	0	0	0		0	
2087	2087	0	0	0		0	
2088	2088	0	0	0		0	
2089	2089	0	0	0		0	
2090	2090	0	0	0		0	
2091	2091	0	0	0		0	
2092	2092	0	0	0		0	
2093	2093	0	0	0		0	
2094	2094	0	0	0		0	
2095	2095	0	0	0		0	
2096	2096	0	0	0		0	
2097	2097	0	0	0		0	
2098	2098	0	0	0		0	
2099	2099	0	0	0		0	
2100	2100	0	0	0		0	
2101	2101	0	0	0		0	
2102	2102	0	0	0		0	
2103	2103	0	0	0		0	
2104	2104	0	0	0		0	
2105	2105	0	0	0		0	
2106	2106	0	0	0		0	
2107	2107	0	0	0		0	
2108	2108	0	0	0		0	
2109	2109	0	0	0		0	
2110	2110	0	0	0		0	
2111	2111	0	0	0		0	
2112	2112	0	0	0		0	
2113	2113	0	0	0		0	
2114	2114	0	0	0		0	
2115	2115	0	0	0		0	
2116	2116	0	0	-33.7599666996652		-301.13297447775	
2117	2117	0	0	0		-387.028693834871	
2118	2118	0	0	0		388.495112789649	
2119	2119	0	0	0		-71.3546288516137	
2120	2120	0	0	0		-309.799102378405	
2121	2121	0	0	0		485.71908751415	
2122	2122	0	0	0		0	
2123	2123	0	0	0		0	
2124	2124	0	0	0		0	
2125	2125	0	0	0		0	
2126	2126	0	0	0		0	
2127	2127	0	0	0		0	
2128	2128	0	0	0		0	
2129	2129	0	0	0		0	
2130	2130	0	0	0		0	
2131	2131	0	0	0		0	
2132	2132	0	0	0		0	
2133	2133	0	0	0		0	
2134	2134	0	0	0		0	
2135	2135	0	0	0		0	
2136	2136	0	0	0		0	
2137	2137	0	0	0		0	
2138	2138	0	0	0		0	
2139	2139	0	0	0		0	
2140	2140	0	0	0		0	
2141	2141	0	0	0		0	
2142	2142	0	0	0		0	
2143	2143	0	0	0		0	
2144	2144	0	0	0		0	
2145	2145	0	0	0		0	
2146	2146	0	0	0		0	
2147	2147	0	0	0		0	
2148	2148	0	0	0		0	
2149	2149	0	0	0		0	
2150	2150	0	0	0		0	
2151	2151	0	0	0		0	
2152	2152	0	0	0		0	
2153	2153	0	0	0		0	
2154	2154	0	0	0		0	
2155	2155	0	0	0		0	
2156	2156	0	0	0		0	
2157	2157	0	0	0		0	
2158	2158	0	0	0		0	
2159	2159	0	0	0		0	
2160	2160	0	0	0		0	
2161	2161	0	0	0		0	
2162	2162	0	0.6	0		1.20179669198039	
2163	2163	0	0.4	0		1.03344493055814	
2164	2164	0	0.2	0		0.86673317568292	
2165	2165	0	0	0		1.04517498122083	
2166	2166	0	0	0		0.468753565494542	
2167	2167	0	0	0		-0.502979280075864	
2168	2168	0	0	0		-0.488499296863727	
2169	2169	0	0	0		-0.220611302660656	
2170	2170	0	0	0		0	
2171	2171	0	0	0		0	
2172	2172	0	0	0		0	
2173	2173	0	0	0		0	
2174	2174	0	0	0		0	
2175	2175	0	0	0.214239206262533		1.91097609797786	
2176	2176	0	0	0		2.45606640864459	
2177	2177	0	0	0.168493566047339		-0.962439215825749	
2178	2178	0	0	0.185811146398261		4.04184838969615	
2179	2179	0	0	0.248749633205743		4.37598622062451	
2180	2180	0	0	0.447463094639127		1.97853098314569	
2181	2181	0	0	0		4.20618546273604	
2182	2182	0	0	0		-5.34254681166157	
2183	2183	0	0.2	0		0.955663296976532	
2184	2184	0	0.2	0		1.00530245779479	
2185	2185	0	0	0.308642837843759		-3.5036197776646	
2186	2186	0	0	0		3.89549767354634	
2187	2187	0	0	0.0212693683748715		-3.15587809678014	
2188	2188	0	0	0.306708115375397		3.36407287747467	
2189	2189	0	0	0.172926378762479		7.42551307995095	
2190	2190	0	0	0.965632661874227		2.67063808065804	
2191	2191	0	0	0.733946276078894		16.4702826861774	
2192	2192	0	0.8	0.478529714520777		6.04676707058532	
2193	2193	0	0.2	0.366989172576004		0.238802197936204	
2194	2194	0	0	0.0786078810863549		7.81859716827965	
2195	2195	0	0	0.127764039164432		-7.21143073957215	
2196	2196	0	0	0.545228327450756		0.0950636064164936	
2197	2197	0	0	0.254085385224815		2.76600824128193	
2198	2198	0	0	0.115734673787818		-6.83830499466562	
2199	2199	0	0	0.0277456906935152		-0.155768728138464	
2200	2200	0	0	0.279740961837853		5.18363169711924	
2201	2201	0	0	0.245832869559166		-0.187709890757548	
2202	2202	0	0	0.118584385138504		-1.87807630266598	
2203	2203	0	0.6	0.508990893315989		3.45317614674587	
2204	2204	0	0.2	0.523264202622824		12.4582407777295	
2205	2205	0	4.8	0.422016940142376		12.3907077635732	
2206	2206	0	0.2	0.700234391005721		6.81218087126334	
2207	2207	0	0	0.308318346014692		12.6713590731629	
2208	2208	0	0	0.262764185693046		1.6675124391911	
2209	2209	0	0	0.45701329431537		0.26323165672	
2210	2210	0	0	0.499970229921185		2.33881858842152	
2211	2211	0	0.2	0.611966385417041		-0.578673402931365	
2212	2212	0	0	0.882062732148388		8.14877294276549	
2213	2213	0	7	0.518626559104558		23.2906478288663	
2214	2214	0	9.4	0.300264182478649		19.5708026106574	
2215	2215	0	0	0.475502013319858		9.22541469127795	
2216	2216	0	1.2	0.424708333036069		22.0993801735869	
2217	2217	0	0.4	0.193271760674962		5.34538384607659	
2218	2218	0	1.4	0.2446420078098		-10.552580334388	
2219	2219	0	0	0.130241681579554		-5.41550102372737	
2220	2220	0	0.2	0.1286470832024		-1.35989787624569	
2221	2221	0	0.2	0.322681399981146		-0.131852672331622	
2222	2222	0	0	0.224055750146354		3.36596529260878	
2223	2223	0	0	0.263432802057762		-2.03469944336471	
2224	2224	0	0	0.608492735091925		6.06417644415656	
2225	2225	0	0	0.687777552574143		11.3950906784032	
2226	2226	0	0	0.549210309738335		3.53103437644202	
2227	2227	0	0	0.639345764988647		4.56433765564199	
2228	2228	0	0	0.643260754308336		9.99464653835879	
2229	2229	0	0	0.414471045376764		2.43168466670518	
2230	2230	0	7.6	0.244770202506515		11.2510528379045	
2231	2231	0	0.2	0.0775842838868641		1.39579297768292	
2232	2232	0	0	0.0981547636266562		0.549211601549965	
2233	2233	0	0	0.0857932529441641		5.79686384158011	
2234	2234	0	0	0.0883420758014601		-4.45413977989533	
2235	2235	0	0	0.156560894750665		-9.61071809507677	
2236	2236	0	0.2	0.166640343496141		2.41043505588008	
2237	2237	0	0	0.316749252255622		2.57332288578022	
2238	2238	0	1.2	0.145723980012836		5.42805717906238	
2239	2239	0	0.2	0.121041908059816		0.741637273145783	
2240	2240	0	0	0.0826615960680677		1.04693081280141	
2241	2241	0	0.4	0.201716366503117		4.37595325809777	
2242	2242	0	0	0.340719072417279		1.56086756126141	
2243	2243	0	1.2	0.335214196215556		5.00388232677946	
2244	2244	0	3.6	0.390948333698802		10.8141707079326	
2245	2245	0	0	0.142022324449297		5.19463873117231	
2246	2246	0	0	0.218184882578651		2.95545249736406	
2247	2247	0	0	0.327125656709907		7.06288900518115	
2248	2248	0	0	0.390371319111029		1.61168222291466	
2249	2249	0	0	0.234122951088345		-5.03213762428361	
2250	2250	0	0	0.298782035800571		1.50712619719145	
2251	2251	0	4	0.236632080136289		11.5416258073752	
2252	2252	0	0.2	0.137511741085639		1.82061410229666	
2253	2253	0	0	0.028233046132442		-1.57850798447654	
2254	2254	0	0	0.101142480798586		4.68883821082923	
2255	2255	0	0	0.073342370333414		-1.03991006692837	
2256	2256	0	0	0.0206089613291311		-6.6817462111569	
2257	2257	0	0	0		-2.33392541105359	
2258	2258	0	0	0		0.439791820555311	
2259	2259	0	0	0		-0.738593388494078	
2260	2260	0	0	0		-0.866089464301651	
2261	2261	0	0	0.000938235448032287		-0.288141050218216	
2262	2262	0	0	0		0.010756054447326	
2263	2263	0	0	0		-0.0107968082270106	
2264	2264	0	0	0		0.00198304230467251	
2265	2265	0	0	0		0.00860973893149265	
2266	2266	0	0	0		-0.0134987948816961	
2267	2267	0	0	0		0	
2268	2268	0	0	0		0	
2269	2269	0	0	0		0	
2270	2270	0	0	0		0	
2271	2271	0	0	0		0	
2272	2272	0	0	0		0	
2273	2273	0	0.2	0		0.400598897326798	
2274	2274	0	0	0		0.0774157119681823	
2275	2275	0	0	0		0.103767618139919	
2276	2276	0	0	0		0.253408010990935	
2277	2277	0	0	0		-0.0472766915424157	
2278	2278	0	0	0		-0.220611302660656	
2279	2279	0	0	0		0	
2280	2280	0	0	0		0	
2281	2281	0	0	0		0	
2282	2282	0	0	0		0	
2283	2283	0	0	0		0	
2284	2284	0	0	0		0	
2285	2285	0	0	0		0	
2286	2286	0	0	0		0	
2287	2287	0	0	0		0	
2288	2288	0	0	0		0	
2289	2289	0	0	0		0	
2290	2290	0	0	0		0	
2291	2291	0	0	0		0	
2292	2292	0	0	0		0	
2293	2293	0	0	0		0	
2294	2294	0	0	0		0	
2295	2295	0	0	0		0	
2296	2296	0	0	0		0	
2297	2297	0	0	0		0	
2298	2298	0	0	0		0	
2299	2299	0	0	0		0	
2300	2300	0	0	0		0	
2301	2301	0	0	0		0	
2302	2302	0	0	0		0	
2303	2303	0	0	0		0	
2304	2304	0	0	0		0	
2305	2305	0	0	0		0	
2306	2306	0	0	0		0	
2307	2307	0	0	0		0	
2308	2308	0	0	0		0	
2309	2309	0	0	0		0	
2310	2310	0	0	0		0	
2311	2311	0	0	0		0	
2312	2312	0	0	0		0	
2313	2313	0	0	0		0	
2314	2314	0	0	0		0	
2315	2315	0	0	0		0	
2316	2316	0	0	0		0	
2317	2317	0	0	0		0	
2318	2318	0	0	0		0	
2319	2319	0	0	0		0	
2320	2320	0	0	0		0	
2321	2321	0	0	0		0	
2322	2322	0	0	0		0	
2323	2323	0	0	0		0	
2324	2324	0	0	0		0	
2325	2325	0	0	0		0	
2326	2326	0	0	0		0	
2327	2327	0	0	0		0	
2328	2328	0	0	0		0	
2329	2329	0	0	0		0	
2330	2330	0	0	0		0	
2331	2331	0	0	0		0	
2332	2332	0	0	0		0	
2333	2333	0	0	0		0	
2334	2334	0	0	0		0	
2335	2335	0	0	0		0	
2336	2336	0	0	0		0	
2337	2337	0	0	0		0	
2338	2338	0	0	0		0	
2339	2339	0	0	0		0	
2340	2340	0	0	0		0	
2341	2341	0	0	0		0	
2342	2342	0	0	0		0	
2343	2343	0	0	0		0	
2344	2344	0	0	0		0	
2345	2345	0	0	0		0	
2346	2346	0	0	0		0	
2347	2347	0	0	0		0	
2348	2348	0	0	0		0	
2349	2349	0	0	0		0	
2350	2350	0	0	0		0	
2351	2351	0	0	0		0	
2352	2352	0	0	0		0	
2353	2353	0	0	0		0	
2354	2354	0	0	0		0	
2355	2355	0	0	0		0	
2356	2356	0	0	0		0	
2357	2357	0	0	0		0	
2358	2358	0	0	0		0	
2359	2359	0	0	0		0	
2360	2360	0	0	0		0	
2361	2361	0	0	0		0	
2362	2362	0	0	0		0	
2363	2363	0	0	0		0	
2364	2364	0	0	0		0	
2365	2365	0	0	0		0	
2366	2366	0	0	0		0	
2367	2367	0	0	0		0	
2368	2368	0	0	0		0	
2369	2369	0	0	0		0	
2370	2370	0	0	0		0	
2371	2371	0	0	0		0	
2372	2372	0	0	0		0	
2373	2373	0	0	0		0	
2374	2374	0	0	0		0	
2375	2375	0	0	0		0	
2376	2376	0	0	0		0	
2377	2377	0	0	0		0	
2378	2378	0	0	0		0	
2379	2379	0	0	0		0	
2380	2380	0	0	0		0	
2381	2381	0	0	0		0	
2382	2382	0	0	0		0	
2383	2383	0	0	0		0	
2384	2384	0	0	0		0	
2385	2385	0	0	0		0	
2386	2386	0	0	0		0	
2387	2387	0	0	0		0	
2388	2388	0	0	0		0	
2389	2389	0	0	0		0	
2390	2390	0	0	0		0	
2391	2391	0	0	0		0	
2392	2392	0	0	0		0	
2393	2393	0	0	0		0	
2394	2394	0	0	0		0	
2395	2395	0	0	0		0	
2396	2396	0	0	0		0	
2397	2397	0	0	0		0	
2398	2398	0	0	0		0	
2399	2399	0	0	0		0	
2400	2400	0	0	0		0	
2401	2401	0	0	0		0	
2402	2402	0	0	0		0	
2403	2403	0	0	0		0	
2404	2404	0	0	0		0	
2405	2405	0	0	0		0	
2406	2406	0	0	0		0	
2407	2407	0	0	0		0	
2408	2408	0	0	0		0	
2409	2409	0	0	0		0	
2410	2410	0	0	0		0	
2411	2411	0	0	0		0	
2412	2412	0	0	0		0	
2413	2413	0	0	0		0	
2414	2414	0	0	0		0	
2415	2415	0	0	0		0	
2416	2416	0	0	0		0	
2417	2417	0	0	0		0	
2418	2418	0	0	0		0	
2419	2419	0	0	0		0	
2420	2420	0	0	0		0	
2421	2421	0	0	0		0	
2422	2422	0	0	0		0	
2423	2423	0	0	0		0	
2424	2424	0	0	0		0	
2425	2425	0	0	0		0	
2426	2426	0	0	0		0	
2427	2427	0	0	0		0	
2428	2428	0	0	0		0	
2429	2429	0	0	0		0	
2430	2430	0	0	0		0	
2431	2431	0	0	0		0	
2432	2432	0	0	0		0	
2433	2433	0	0	0		0	
2434	2434	0	0	0		0	
2435	2435	0	0	0		0	
2436	2436	0	0	0		0	
2437	2437	0	0	0		0	
2438	2438	0	0	0		0	
2439	2439	0	0	0		0	
2440	2440	0	0	0		0	
2441	2441	0	0	0		0	
2442	2442	0	0	0		0	
2443	2443	0	0	0		0	
2444	2444	0	0	0		0	
2445	2445	0	0	0		0	
2446	2446	0	0	0		0	
2447	2447	0	0	0		0	
2448	2448	0	0	0		0	
2449	2449	0	0	0		0	
2450	2450	0	0	0		0	
2451	2451	0	0	0		0	
2452	2452	0	0	0		0	
2453	2453	0	0	0		0	
2454	2454	0	0	0		0	
2455	2455	0	0	0		0	
2456	2456	0	0	0		0	
2457	2457	0	0	0		0	
2458	2458	0	0	0		0	
2459	2459	0	0	0		0	
2460	2460	0	0	0		0	
2461	2461	0	0	0		0	
2462	2462	0	0	0		0	
2463	2463	0	0	0		0	
2464	2464	0	0	0		0	
2465	2465	0	0	0		0	
2466	2466	0	0	0		0	
2467	2467	0	0	0		0	
2468	2468	0	0	0		0	
2469	2469	0	0	0		0	
2470	2470	0	0	0		0	
2471	2471	0	0	0		0	
2472	2472	0	0	0		0	
2473	2473	0	0	0		0	
2474	2474	0	0	0		0	
2475	2475	0	0	0		0	
2476	2476	0	0	0		0	
2477	2477	0	0	0		0	
2478	2478	0	0	0		0	
2479	2479	0	0	0		0	
2480	2480	0	0	0		0	
2481	2481	0	0	-23.4195973292134		-208.898695533581	
2482	2482	0	0	0		-268.485340791346	
2483	2483	0	0	0		269.502609017418	
2484	2484	0	0	0		-49.4993579272944	
2485	2485	0	0	0		-214.910467631651	
2486	2486	0	0	0		336.947768518005	
2487	2487	0	0	0		0	
2488	2488	0	0	0		0	
2489	2489	0	0	0		0	
2490	2490	0	0	0		0	
2491	2491	0	0	0		0	
2492	2492	0	0	0		0	
2493	2493	0	0	0		0	
2494	2494	0	0	0		0	
2495	2495	0	0	0		0	
2496	2496	0	0	0		0	
2497	2497	0	0	0		0	
2498	2498	0	0	0		0	
2499	2499	0	0	0		0	
2500	2500	0	0	0		0	
2501	2501	0	0	0		0	
2502	2502	0	0	0		0	
2503	2503	0	0	0		0	
2504	2504	0	0	0		0	
2505	2505	0	0	0		0	
2506	2506	0	0	0		0	
2507	2507	0	0	0		0	
2508	2508	0	0	0		0	
2509	2509	0	0	0		0	
2510	2510	0	0	0		0	
2511	2511	0	0	0		0	
2512	2512	0	0	0		0	
2513	2513	0	0	0		0	
2514	2514	0	0	0		0	
2515	2515	0	0	0		0	
2516	2516	0	0	0		0	
2517	2517	0	0	0		0	
2518	2518	0	0	0		0	
2519	2519	0	0	0		0	
2520	2520	0	0	0		0	
2521	2521	0	0	0		0	
2522	2522	0	0	0		0	
2523	2523	0	0	0		0	
2524	2524	0	0.2	0		0.400598897326798	
2525	2525	0	0	0		0.0774157119681823	
2526	2526	0	0	0		0.103767618139919	
2527	2527	0	0	0		0.253408010990935	
2528	2528	0	0	0		-0.0472766915424157	
2529	2529	0	0	0		-0.220611302660656	
2530	2530	0	0	0		0	
2531	2531	0	0	0		0	
2532	2532	0	0	0		0	
2533	2533	0	0	0		0	
2534	2534	0	0	0		0	
2535	2535	0	0	0		0	
2536	2536	0	0	0		0	
2537	2537	0	0	0		0	
2538	2538	0	0	0		0	
2539	2539	0	0	0		0	
2540	2540	0	0	0		0	
2541	2541	0	0	0		0	
2542	2542	0	0	0		0	
2543	2543	0	0	0		0	
2544	2544	0	0	0		0	
2545	2545	0	0	0		0	
2546	2546	0	0	0		0	
2547	2547	0	0	0		0	
2548	2548	0	0	0.391561377691927		3.49265872813035	
2549	2549	0	0	0		4.48891107957734	
2550	2550	0	0	0		-4.50591918362301	
2551	2551	0	0	0		0.827599062119664	
2552	2552	0	0	0		3.59317188947978	
2553	2553	0	0	0.665871392038612		0.305894787094787	
2554	2554	0	0	0.629488427302683		13.2485633535926	
2555	2555	0	0	0		-0.446022292743128	
2556	2556	0	0	0.0577694094927599	0	-5.32121074071781	5.32121074071781
2557	2557	1	0	0.346726003693034	0	11.1958737380449	-11.1958737380449
2558	2558	1	0	0.556917181998272	0	4.47406873238463	-4.47406873238463
2559	2559	1	0	0.374205237720953	0	-3.20217501359953	3.20217501359953
2560	2560	1	0	0.361130390971551	65.7108214285713	2.36535322966628	63.3454681989051
2561	2561	1	0	0.327325644433196	18.8592857142857	6.28122009056681	12.5780656237189
2562	2562	1	0	0.185242101783778	12.4430285714287	2.16208182941228	10.2809467420164
2563	2563	1	0	0.712475709045931	12.1958571428571	0.896653472023068	11.2992036708341
2564	2564	1	0	1.17650535653037	19.1336785714286	15.1523518407134	3.98132673071525
2565	2565	1	0	1.44711476744287	10.9639285714286	16.396257970634	-5.43232939920547
2566	2566	1	0.4	0.822290090042698	9.39000000000001	9.68346310496793	-0.293463104967922
2567	2567	1	0	0.305204584470689	11.3268571428572	2.01081141192056	9.31604573093659
2568	2568	1	0	0.483094106347217	11.7894857142857	2.15713445967304	9.63235125461268
2569	2569	1	0	0.27570827303666	8.89758571428575	3.08275445754308	5.81483125674267
2570	2570	1	0	0.10451508468252	9.21595714285713	-14.1901988313668	23.406155974224
2571	2571	1	0	0.269142026388909	6.96274285714284	-8.02394116874464	14.9866840258875
2572	2572	1	0	0.172100587091917	2.75142857142857	4.0426206566549	-1.29119208522633
2573	2573	1	0	0.244474285131542	1.69165714285714	-3.14305540297006	4.8347125458272
2574	2574	1	0	0.298030930774189	1.45337857142857	1.04181693252438	0.411561638904192
2575	2575	1	0	0.221340193598284	1.43285714285714	3.90751119715525	-2.47465405429811
2576	2576	1	0	0.27483481259007	0.792799999999999	-0.216918745637979	1.00971874563798
2577	2577	1	0	0.408317655988677	0.503099999999999	4.64303022427323	-4.13993022427323
2578	2578	1	0	0.213710947665321	0.38925	3.10994431180817	-2.72069431180817
2579	2579	1	0	0.361317141617329	0.619142857142856	-0.701725268620253	1.32086812576311
2580	2580	1	0	0.217457433859586	0	3.82310278519938	-3.82310278519938
2581	2581	1	0	0.471128846568442	0	2.78193248664015	-2.78193248664015
2582	2582	1	0	0.542557092964598	0	4.58834854423305	-4.58834854423305
2583	2583	1	0	0.575713799409865	0	6.63416387909353	-6.63416387909353
2584	2584	1	1	0.422386038309764	0	3.92000035710308	-3.92000035710308
2585	2585	1	0.2	0.534553924178756	0	6.11444100212809	-6.11444100212809
2586	2586	1	2.6	0.296975052539825	0	9.13784156546676	-9.13784156546676
2587	2587	1	0.6	0.299648529198794	0	1.8747656385627	-1.8747656385627
2588	2588	1	0.4	0.365087693684414	0	2.39653668459798	-2.39653668459798
2589	2589	1	0	0.27293197925226	0	5.2377781946898	-5.2377781946898
2590	2590	1	0	0.176391161956005	0	-3.69873870351823	3.69873870351823
2591	2591	1	0	0.520730818861844	0	0.271923623691909	-0.271923623691909
2592	2592	1	0	0.472872989359768	0	7.01737937677419	-7.01737937677419
2593	2593	1	0.2	0.322022634161456	0	-0.114793878107663	0.114793878107663
2594	2594	1	0	0.198296900412409	0	-1.11124080303129	1.11124080303129
2595	2595	1	0.6	0.182743375394544	0	4.74334879293548	-4.74334879293548
2596	2596	1	2.2	0.400481765047765	0	5.80552452658002	-5.80552452658002
2597	2597	1	0	0.410280751747703	0	3.83421474421367	-3.83421474421367
2598	2598	1	1.6	0.189326842332012	0	4.24239380383026	-4.24239380383026
2599	2599	1	0	0.160200855192745	0	1.81350083673562	-1.81350083673562
2600	2600	1	1	0.117928096232298	0	4.2740149385155	-4.2740149385155
2601	2601	1	0.2	0.162584705652385	0	-0.249927920216782	0.249927920216782
2602	2602	1	0.4	0.244435155272029	0	-0.120540648009974	0.120540648009974
2603	2603	1	0.2	0.238862777059488	0	2.21865556911234	-2.21865556911234
2604	2604	1	0	0.0576352562197151	0	-0.137499516748163	0.137499516748163
2605	2605	1	0	0.00597151944941032	0	-2.26256091477149	2.26256091477149
2606	2606	1	0.6	0.00994015728232966	0	1.04266743182757	-1.04266743182757
2607	2607	0	0.4	0.0765298116022883		0.0697693781795437	
2608	2608	0	0	0.0729372377222326		-1.23603731488126	
2609	2609	0	0.2	0.142733501021887		1.84359007245233	
2610	2610	0	0	0.108808633243804		2.37699463918551	
2611	2611	0	0	0.0829183310840733		0.405301739186614	
2612	2612	0	0	0.0997738655003602		0.270537413778682	
2613	2613	0	0	0.166170211072284		2.11495926740969	
2614	2614	0	0	0.077858645534512		0.350888784416057	
2615	2615	0	0	0.0478298824556163		-1.18669277614722	
2616	2616	0	0	0.0560615965001716		0.226234836907499	
2617	2617	0	0	0.0648199123363504		0.924410567461373	
2618	2618	0	0	0.0496187722887065		-1.03463558940726	
2619	2619	0	0	0.114254340402631		0.279262646476365	
2620	2620	0	0	0.0560922996242645		1.20247289296413	
2621	2621	0	0	0.00998796370241806		-0.689536401203494	
2622	2622	0	0	0.0779058400550063		-0.0718537403325839	
2623	2623	0	0	0.0815101955122444		1.95836924744538	
2624	2624	0	0	0.162677501144334		0.3810081879176	
2625	2625	0	0.2	0.112630426558727		1.78150628589936	
2626	2626	0	0.2	0.140312844519038		1.89225064292886	
2627	2627	0	0	0.304240608185534		3.1783672861964	
2628	2628	0	1.6	0.179522152861949		7.59461352971307	
2629	2629	0	0	0.14177146427717		-0.36336210010868	
2630	2630	0	0.2	0.0811470420287428		1.55625340224059	
2631	2631	0	0.2	0.0568906938024618		3.24352360190924	
2632	2632	0	0	0.0336807995765085		-2.60841046988505	
2633	2633	0	0	0.0606154477375789		-2.24596968878012	
2634	2634	0	0	0.114418638861654		0.359209238456871	
2635	2635	0	0	0.0383005462610129		0.113668904116815	
2636	2636	0	0	0.0451858409185419		-1.07648141721981	
2637	2637	0	1.6	0.0244086524846061		3.81327506224456	
2638	2638	0	0	0.0123575010559271		0.748213692811469	
2639	2639	0	0	0.000500248472455667		-0.503833015803083	
2640	2640	0	0	0		1.80598657880852	
2641	2641	0	0	0		-0.783972995810673	
2642	2642	0	0	0.000543735696933112		-1.99676191438572	
2643	2643	0	0	0		-0.166968656772627	
2644	2644	0	0	0		-0.0134543643517221	
2645	2645	0	0	0		0.00114923273453408	
2646	2646	0	0	0		0.00498960299160025	
2647	2647	0	0	0		-0.00782295814781833	
2648	2648	0	0	0		0	
2649	2649	0	0	0		0	
2650	2650	0	0	0		0	
2651	2651	0	0	0		0	
2652	2652	0	0	0		0	
2653	2653	0	0	0		0	
2654	2654	0	0	0		0	
2655	2655	0	0	0		0	
2656	2656	0	0	0		0	
2657	2657	0	0	0		0	
2658	2658	0	0	0		0	
2659	2659	0	0	0		0	
2660	2660	0	0	0		0	
2661	2661	0	0	0		0	
2662	2662	0	0	0		0	
2663	2663	0	0	0		0	
2664	2664	0	0	0		0	
2665	2665	0	0	0		0	
2666	2666	0	0	0		0	
2667	2667	0	0	0		0	
2668	2668	0	0	0		0	
2669	2669	0	0	0		0	
2670	2670	0	0	0		0	
2671	2671	0	0	0		0	
2672	2672	0	0	0		0	
2673	2673	0	0	0		0	
2674	2674	0	0	0		0	
2675	2675	0	0	0		0	
2676	2676	0	0	0		0	
2677	2677	0	0	0		0	
2678	2678	0	0	0		0	
2679	2679	0	0	0		0	
2680	2680	0	0	0		0	
2681	2681	0	0	0		0	
2682	2682	0	0	0		0	
2683	2683	0	0	0		0	
2684	2684	0	0	0		0	
2685	2685	0	0	0		0	
2686	2686	0	0	0		0	
2687	2687	0	0	0		0	
2688	2688	0	0	0		0	
2689	2689	0	0	0		0	
2690	2690	0	0	0		0	
2691	2691	0	0	0		0	
2692	2692	0	0	0		0	
2693	2693	0	0	0		0	
2694	2694	0	0	0		0	
2695	2695	0	0	0		0	
2696	2696	0	0	0		0	
2697	2697	0	0	0		0	
2698	2698	0	0	0		0	
2699	2699	0	0	0		0	
2700	2700	0	0	0		0	
2701	2701	0	0	0		0	
2702	2702	0	0	0		0	
2703	2703	0	0	0		0	
2704	2704	0	0	0		0	
2705	2705	0	0	0		0	
2706	2706	0	0	0		0	
2707	2707	0	0	0		0	
2708	2708	0	0	0		0	
2709	2709	0	0	0		0	
2710	2710	0	0	0		0	
2711	2711	0	0	0		0	
2712	2712	0	0	0		0	
2713	2713	0	0	0		0	
2714	2714	0	0	0		0	
2715	2715	0	0	0		0	
2716	2716	0	0	0		0	
2717	2717	0	0	0		0	
2718	2718	0	0	0		0	
2719	2719	0	0	0		0	
2720	2720	0	0	0		0	
2721	2721	0	0	0		0	
2722	2722	0	0	0		0	
2723	2723	0	0	0		0	
2724	2724	0	0	0		0	
2725	2725	0	0	0		0	
2726	2726	0	0	0		0	
2727	2727	0	0	0		0	
2728	2728	0	0	0		0	
2729	2729	0	0	0		0	
2730	2730	0	0	0		0	
2731	2731	0	0	0		0	
2732	2732	0	0	0		0	
2733	2733	0	0	0		0	
2734	2734	0	0	0		0	
2735	2735	0	0	0		0	
2736	2736	0	0	0		0	
2737	2737	0	0	0		0	
2738	2738	0	0	0		0	
2739	2739	0	0	0		0	
2740	2740	0	0	0		0	
2741	2741	0	0	0		0	
2742	2742	0	0	0		0	
2743	2743	0	0	0		0	
2744	2744	0	0	0		0	
2745	2745	0	0	0		0	
2746	2746	0	0	0		0	
2747	2747	0	0	0		0	
2748	2748	0	0	0		0	
2749	2749	0	0	0		0	
2750	2750	0	0	0		0	
2751	2751	0	0	0		0	
2752	2752	0	0	0		0	
2753	2753	0	0	0		0	
2754	2754	0	0	0		0	
2755	2755	0	0	0		0	
2756	2756	0	0	0		0	
2757	2757	0	0	0		0	
2758	2758	0	0	0		0	
2759	2759	0	0	0		0	
2760	2760	0	0	0		0	
2761	2761	0	0	0		0	
2762	2762	0	0	0		0	
2763	2763	0	0	0		0	
2764	2764	0	0	0		0	
2765	2765	0	0	0		0	
2766	2766	0	0	0		0	
2767	2767	0	0	0		0	
2768	2768	0	0	0		0	
2769	2769	0	0	0		0	
2770	2770	0	0	0		0	
2771	2771	0	0	0		0	
2772	2772	0	0	0		0	
2773	2773	0	0	0		0	
2774	2774	0	0	0		0	
2775	2775	0	0	0		0	
2776	2776	0	0	0		0	
2777	2777	0	0	0		0	
2778	2778	0	0	0		0	
2779	2779	0	0	0		0	
2780	2780	0	0	0		0	
2781	2781	0	0	0		0	
2782	2782	0	0	0		0	
2783	2783	0	0	0		0	
2784	2784	0	0	0		0	
2785	2785	0	0	0		0	
2786	2786	0	0	0		0	
2787	2787	0	0	0		0	
2788	2788	0	0	0		0	
2789	2789	0	0	0		0	
2790	2790	0	0	0		0	
2791	2791	0	0	0		0	
2792	2792	0	0	0		0	
2793	2793	0	0	0		0	
2794	2794	0	0	0		0	
2795	2795	0	0	0		0	
2796	2796	0	0	0		0	
2797	2797	0	0	0		0	
2798	2798	0	0	0		0	
2799	2799	0	0	0		0	
2800	2800	0	0	0		0	
2801	2801	0	0	0		0	
2802	2802	0	0	0		0	
2803	2803	0	0	0		0	
2804	2804	0	0	0		0	
2805	2805	0	0	0		0	
2806	2806	0	0	0		0	
2807	2807	0	0	0		0	
2808	2808	0	0	0		0	
2809	2809	0	0	0		0	
2810	2810	0	0	0		0	
2811	2811	0	0	0		0	
2812	2812	0	0	0		0	
2813	2813	0	0	0		0	
2814	2814	0	0	0		0	
2815	2815	0	0	0		0	
2816	2816	0	0	0		0	
2817	2817	0	0	0		0	
2818	2818	0	0	0		0	
2819	2819	0	0	0		0	
2820	2820	0	0	0		0	
2821	2821	0	0	0		0	
2822	2822	0	0	0		0	
2823	2823	0	0	0		0	
2824	2824	0	0	0		0	
2825	2825	0	0	0		0	
2826	2826	0	0	0		0	
2827	2827	0	0	0		0	
2828	2828	0	0	0		0	
2829	2829	0	0	0		0	
2830	2830	0	0	0		0	
2831	2831	0	0	0		0	
2832	2832	0	0	0		0	
2833	2833	0	0	0		0	
2834	2834	0	0	0		0	
2835	2835	0	0	0		0	
2836	2836	0	0	0		0	
2837	2837	0	0	0		0	
2838	2838	0	0	0		0	
2839	2839	0	0	0		0	
2840	2840	0	0	0		0	
2841	2841	0	0	0		0	
2842	2842	0	0	0		0	
2843	2843	0	0	0		0	
2844	2844	0	0	0		0	
2845	2845	0	0	0		0	
2846	2846	0	0	-22.4505750552742		-200.255187017046	
2847	2847	0	0	0		-257.376342126863	
2848	2848	0	0	0		258.351519297492	
2849	2849	0	0	0		-47.4512449856852	
2850	2850	0	0	0		-206.018212691896	
2851	2851	0	0	0		323.00603039765	
2852	2852	0	0	0		0	
2853	2853	0	0	0		0	
2854	2854	0	0	0		0	
2855	2855	0	0	0		0	
2856	2856	0	0	0		0	
2857	2857	0	0	0		0	
2858	2858	0	0	0		0	
2859	2859	0	0	0		0	
2860	2860	0	0	0		0	
2861	2861	0	0	0		0	
2862	2862	0	0	0		0	
2863	2863	0	0	0		0	
2864	2864	0	0	0		0	
2865	2865	0	0	0		0	
2866	2866	0	0	0		0	
2867	2867	0	0	0		0	
2868	2868	0	0	0		0	
2869	2869	0	0	0		0	
2870	2870	0	0	0		0	
2871	2871	0	0	0		0	
2872	2872	0	0	0		0	
2873	2873	0	0	0		0	
2874	2874	0	0	0		0	
2875	2875	0	0	0		0	
2876	2876	0	0	0		0	
2877	2877	0	0	0		0	
2878	2878	0	0	0		0	
2879	2879	0	0	0		0	
2880	2880	0	0	0		0	
2881	2881	0	0	0		0	
2882	2882	0	0	0		0	
2883	2883	0	0.2	0		0.400598897326798	
2884	2884	0	0	0		0.0774157119681823	
2885	2885	0	0	0		0.103767618139919	
2886	2886	0	0	0		0.253408010990935	
2887	2887	0	0	0		-0.0472766915424157	
2888	2888	0	0	0		-0.220611302660656	
2889	2889	0	0	0		0	
2890	2890	0	0	0		0	
2891	2891	0	0	0		0	
2892	2892	0	0	0		0	
2893	2893	0	0	0		0	
2894	2894	0	0	0		0	
2895	2895	0	0.8	0.744117556236916		8.23979351875951	
2896	2896	0	0	0.615885890449893		14.3339182682645	
2897	2897	0	0	0		-1.08731614583035	
2898	2898	0	0	0		-4.50095948643832	
2899	2899	0	0	0		7.94103336566075	
2900	2900	0	0	0		-5.93669203226181	
2901	2901	0	0	0		-8.86101385654294	
2902	2902	0	0	0		0	
2903	2903	0	0.2	0		0.400598897326798	
2904	2904	0	0	0.000358982043123568		0.080617768753119	
2905	2905	0	0	0.291163853985544		2.70501348261535	
2906	2906	0	0	0.0555362527529812		4.08259129969231	
2907	2907	0	0	0		-2.76043090509115	
2908	2908	0	0	0		-0.241004146422469	
2909	2909	0	0.4	0		3.58528540109276	
2910	2910	0	0	0		-3.5246378518393	
2911	2911	0	0	0		-0.591488597218218	
2912	2912	0	0	0		0.50681602198187	
2913	2913	0	0	0.412645949795494		3.58617602561289	
2914	2914	0	0	1.03422011649608		13.5144666020221	
2915	2915	0	0	1.12013013964725		17.0992481096586	
2916	2916	0	0	0.325321311925993		4.71393287786964	
2917	2917	0	0	0.269205470204336		-0.786612775650372	
2918	2918	0	0	0.206726197184575		7.10763427177787	
2919	2919	0	0.6	0.241690048367232		-1.28360724832334	
2920	2920	0	0	0.245147096232328		-9.75071714781689	
2921	2921	0	0	0.124921860236359		-0.31851522763496	
2922	2922	0	0	0.349034832871105		1.01931349764225	
2923	2923	0	0	0.491554938448671		6.56834373206048	
2924	2924	0	0	0.233614808121908		2.07701045961905	
2925	2925	0	1.8	0.0603212594050557		-0.47793829131519	
2926	2926	0	0.4	0.394514966398986		5.46470195593588	
2927	2927	0	0	0.818481644958087		12.200889753296	
2928	2928	0	1.8	0.392599602678597		9.6378448203337	
2929	2929	0	3.6	0.166045842708089		2.57829227424395	
2930	2930	0	4	0.0527390382893369		10.5977819144689	
2931	2931	0	0.2	0.347943899036981		10.1181549029377	
2932	2932	0	0	0.497851194809892		6.28914964196958	
2933	2933	0	0	0.14726935744901		1.3391994159402	
2934	2934	0	0	0.376765707410453		-6.51278842567786	
2935	2935	0	0	0.398509625284262		5.20610039358367	
2936	2936	0	0	0.538974727193038		4.6936499721903	
2937	2937	0	0	0.552777898585367		1.50863180741765	
2938	2938	0	0	0.639772197799488		8.02234239178358	
2939	2939	0	1.2	0.608139954245093		8.17681144645442	
2940	2940	0	0	0.301338772504234		3.14268701506079	
2941	2941	0	1	0.302363475305482		0.449337857328481	
2942	2942	0	0	0.548670867618455		6.00342129699169	
2943	2943	0	0.2	0.377185234551229		3.82360902617849	
2944	2944	0	0.2	0.546420129155297		-2.0396639203435	
2945	2945	0	0	0.588834901492024		6.71967029151381	
2946	2946	0	0.2	0.229468329385821		3.64592091519853	
2947	2947	0	0.2	0.428334939454821		-2.91839138772065	
2948	2948	0	0	0.663224297029924		8.9310704151324	
2949	2949	0	0	0.845487863407275		8.37924256508292	
2950	2950	0	0	0.767061303572195		3.64809352223388	
2951	2951	0	0	0.470792208926433		5.02662687125587	
2952	2952	0	0	0.308217153049782		0.809312188609574	
2953	2953	0	0	0.29297579749592		0.566858930366616	
2954	2954	0	0	0.37465704093491		-0.976621672161974	
2955	2955	0	0	0.463086401712268		-1.01003200518679	
2956	2956	0	0	0.562595189386748		2.68984486695331	
2957	2957	0	0	0.612279997102171		5.62801423124338	
2958	2958	0	0	0.517967084287591		5.36698547860784	
2959	2959	0	0	0.486625887194108		3.2810721010222	
2960	2960	0	1.6	0.337087307612553		5.62390483304918	
2961	2961	0	2.2	0.39445655337429		5.42800155762237	
2962	2962	0	0	0.386817275415918		2.74763116733467	
2963	2963	0	0	0.52921897282938		5.51031944870548	
2964	2964	0	0	0.503210985396688		5.43925068108596	
2965	2965	0	0	0.304183559133801		-0.305324385192592	
2966	2966	0	0	0.313491920523237		-2.94099312807201	
2967	2967	0	0	0.195234145936269		2.18961837101177	
2968	2968	0	3	0.0997273975158635		3.17574030066124	
2969	2969	0	2.8	0.179898488760163		3.48492898197216	
2970	2970	0	0.2	0.119374324446806		3.93348232314258	
2971	2971	0	0.2	0.0968716599810975		3.38629917727898	
2972	2972	0	1	0.0711993716190307		3.88113141756865	
2973	2973	0	0	0.0389433027466275		-2.70961001670571	
2974	2974	0	0	0.0489673414757519		-3.58777786110607	
2975	2975	0	0	0.0818815857437869		1.16468833157039	
2976	2976	0	0	0.0705820491727671		-0.110270343094656	
2977	2977	0	0.4	0.117185382547195		0.046803299417272	
2978	2978	0	0	0.107248362545949		1.70478869720659	
2979	2979	0	0.6	0.236130941444525		3.59262446372732	
2980	2980	0	0	0.161046029378472		3.36574764562575	
2981	2981	0	0.2	0.113703357215634		1.04706125534371	
2982	2982	0	0.2	0.165951647193474		1.52479177476477	
2983	2983	0	0.2	0.213817862038997		3.9054299793846	
2984	2984	0	0	0.0726957732919118		-0.716425241440488	
2985	2985	0	0	0.0850661478081101		-1.48133909614002	
2986	2986	0	0.6	0.0811373947242089		2.38858883735612	
2987	2987	0	1.2	0.0453427019640813		2.45180269532206	
2988	2988	0	0.2	0.0403775832504785		-1.32733367387664	
2989	2989	0	1.6	0.122872601431336		5.60834554252667	
2990	2990	0	0	0.0425278925167234		3.04154432601356	
2991	2991	0	0.2	0.0787008463819276		-0.351696489274927	
2992	2992	0	1.2	0.0646522975534793		4.1047229404944	
2993	2993	0	3.6	0.106616876084242		8.60324816714508	
2994	2994	0	0.2	0.114617656738101		1.1946321133319	
2995	2995	0	0	0.156278082813042		5.14644957013357	
2996	2996	0	0	0.081570987212519		5.04738581419508	
2997	2997	0	0	0.0604806018593287		-1.9545577424993	
2998	2998	0	0	0.0745827567154294		-3.75018491519549	
2999	2999	0	0	0.0517645205971249		0.357604504167686	
3000	3000	0	0	0.0724155168190244		-0.9909678014097	
3001	3001	0	0.2	0.0415970478612451		0.545176586941426	
3002	3002	0	0	0.0765884355130986		0.327777529249065	
3003	3003	0	0	0.0291488337773806		0.31812989067678	
3004	3004	0	0.2	0.0589701057907703		0.640512636798923	
3005	3005	0	0	0.103721737775214		0.797647114447383	
3006	3006	0	0	0.0473585547234165		0.98201302448008	
3007	3007	0	0.6	0.0266409754528674		0.332390061143435	
3008	3008	0	0	0.00509010056296688		0.331795796403489	
3009	3009	0	0	0		0.0459454646366948	
3010	3010	0	0	0		-0.29974479576709	
3011	3011	0	0	0.00114221034394291		-0.557779663516028	
3012	3012	0	0	0		-0.98532514900378	
3013	3013	0	0	0		-0.086377518175338	
3014	3014	0	0	0		0.00241416100577281	
3015	3015	0	0	0		0.0104815192037601	
3016	3016	0	0	0		-0.0164334689943481	
3017	3017	0	0	0		0	
3018	3018	0	0	0		0	
3019	3019	0	0	0		0	
3020	3020	0	0	0		0	
3021	3021	0	0	0		0	
3022	3022	0	0	0		0	
3023	3023	0	0	0		0	
3024	3024	0	0	0		0	
3025	3025	0	0	0		0	
3026	3026	0	0	0		0	
3027	3027	0	0	0		0	
3028	3028	0	0	0		0	
3029	3029	0	0	0		0	
3030	3030	0	0	0		0	
3031	3031	0	0	0		0	
3032	3032	0	0	0		0	
3033	3033	0	0	0		0	
3034	3034	0	0	0		0	
3035	3035	0	0	0		0	
3036	3036	0	0	0		0	
3037	3037	0	0	0		0	
3038	3038	0	0	0		0	
3039	3039	0	0	0		0	
3040	3040	0	0	0		0	
3041	3041	0	0	0		0	
3042	3042	0	0	0		0	
3043	3043	0	0	0		0	
3044	3044	0	0	0		0	
3045	3045	0	0	0		0	
3046	3046	0	0	0		0	
3047	3047	0	0	0		0	
3048	3048	0	0	0		0	
3049	3049	0	0	0		0	
3050	3050	0	0	0		0	
3051	3051	0	0	0		0	
3052	3052	0	0	0		0	
3053	3053	0	0	0		0	
3054	3054	0	0	0		0	
3055	3055	0	0	0		0	
3056	3056	0	0	0		0	
3057	3057	0	0	0		0	
3058	3058	0	0	0		0	
3059	3059	0	0	0		0	
3060	3060	0	0	0		0	
3061	3061	0	0	0		0	
3062	3062	0	0	0		0	
3063	3063	0	0	0		0	
3064	3064	0	0	0		0	
3065	3065	0	0	0		0	
3066	3066	0	0	0		0	
3067	3067	0	0	0		0	
3068	3068	0	0	0		0	
3069	3069	0	0	0		0	
3070	3070	0	0	0		0	
3071	3071	0	0	0		0	
3072	3072	0	0	0		0	
3073	3073	0	0	0		0	
3074	3074	0	0	0		0	
3075	3075	0	0	0		0	
3076	3076	0	0	0		0	
3077	3077	0	0	0		0	
3078	3078	0	0	0		0	
3079	3079	0	0	0		0	
3080	3080	0	0	0		0	
3081	3081	0	0	0		0	
3082	3082	0	0	0		0	
3083	3083	0	0	0		0	
3084	3084	0	0	0		0	
3085	3085	0	0	0		0	
3086	3086	0	0	0		0	
3087	3087	0	0	0		0	
3088	3088	0	0	0		0	
3089	3089	0	0	0		0	
3090	3090	0	0	0		0	
3091	3091	0	0	0		0	
3092	3092	0	0	0		0	
3093	3093	0	0	0		0	
3094	3094	0	0	0		0	
3095	3095	0	0	0		0	
3096	3096	0	0	0		0	
3097	3097	0	0	0		0	
3098	3098	0	0	0		0	
3099	3099	0	0	0		0	
3100	3100	0	0	0		0	
3101	3101	0	0	0		0	
3102	3102	0	0	0		0	
3103	3103	0	0	0		0	
3104	3104	0	0	0		0	
3105	3105	0	0	0		0	
3106	3106	0	0	0		0	
3107	3107	0	0	0		0	
3108	3108	0	0	0		0	
3109	3109	0	0	0		0	
3110	3110	0	0	0		0	
3111	3111	0	0	0		0	
3112	3112	0	0	0		0	
3113	3113	0	0	0		0	
3114	3114	0	0	0		0	
3115	3115	0	0	0		0	
3116	3116	0	0	0		0	
3117	3117	0	0	0		0	
3118	3118	0	0	0		0	
3119	3119	0	0	0		0	
3120	3120	0	0	0		0	
3121	3121	0	0	0		0	
3122	3122	0	0	0		0	
3123	3123	0	0	0		0	
3124	3124	0	0	0		0	
3125	3125	0	0	0		0	
3126	3126	0	0	0		0	
3127	3127	0	0	0		0	
3128	3128	0	0	0		0	
3129	3129	0	0	0		0	
3130	3130	0	0	0		0	
3131	3131	0	0	0		0	
3132	3132	0	0	0		0	
3133	3133	0	0	0		0	
3134	3134	0	0	0		0	
3135	3135	0	0	0		0	
3136	3136	0	0	0		0	
3137	3137	0	0	0		0	
3138	3138	0	0	0		0	
3139	3139	0	0	0		0	
3140	3140	0	0	0		0	
3141	3141	0	0	0		0	
3142	3142	0	0	0		0	
3143	3143	0	0	0		0	
3144	3144	0	0	0		0	
3145	3145	0	0	0		0	
3146	3146	0	0	0		0	
3147	3147	0	0	0		0	
3148	3148	0	0	0		0	
3149	3149	0	0	0		0	
3150	3150	0	0	0		0	
3151	3151	0	0	0		0	
3152	3152	0	0	0		0	
3153	3153	0	0	0		0	
3154	3154	0	0	0		0	
3155	3155	0	0	0		0	
3156	3156	0	0	0		0	
3157	3157	0	0	0		0	
3158	3158	0	0	0		0	
3159	3159	0	0	0		0	
3160	3160	0	0	0		0	
3161	3161	0	0	0		0	
3162	3162	0	0	0		0	
3163	3163	0	0	0		0	
3164	3164	0	0	0		0	
3165	3165	0	0	0		0	
3166	3166	0	0	0		0	
3167	3167	0	0	0		0	
3168	3168	0	0	0		0	
3169	3169	0	0	0		0	
3170	3170	0	0	0		0	
3171	3171	0	0	0		0	
3172	3172	0	0	0		0	
3173	3173	0	0	0		0	
3174	3174	0	0	0		0	
3175	3175	0	0	0		0	
3176	3176	0	0	0		0	
3177	3177	0	0	0		0	
3178	3178	0	0	0		0	
3179	3179	0	0	0		0	
3180	3180	0	0	0		0	
3181	3181	0	0	0		0	
3182	3182	0	0	0		0	
3183	3183	0	0	0		0	
3184	3184	0	0	0		0	
3185	3185	0	0	0		0	
3186	3186	0	0	0		0	
3187	3187	0	0	0		0	
3188	3188	0	0	0		0	
3189	3189	0	0	0		0	
3190	3190	0	0	0		0	
3191	3191	0	0	0		0	
3192	3192	0	0	0		0	
3193	3193	0	0	0		0	
3194	3194	0	0	0		0	
3195	3195	0	0	0		0	
3196	3196	0	0	0		0	
3197	3197	0	0	0		0	
3198	3198	0	0	0		0	
3199	3199	0	0	0		0	
3200	3200	0	0	0		0	
3201	3201	0	0	0		0	
3202	3202	0	0	0		0	
3203	3203	0	0	0		0	
3204	3204	0	0	0		0	
3205	3205	0	0	0		0	
3206	3206	0	0	0		0	
3207	3207	0	0	0		0	
3208	3208	0	0	0		0	
3209	3209	0	0	0		0	
3210	3210	0	0	0		0	
3211	3211	0	0	0		0	
3212	3212	0	0	-29.0697571584285		-259.2971290031	
3213	3213	0	0	0		-333.259515425857	
3214	3214	0	0	0		334.522207515785	
3215	3215	0	0	0		-61.441462644179	
3216	3216	0	0	0		-266.759287832137	
3217	3217	0	0	0		418.239035804198	
3218	3218	0	0	0		0	
3219	3219	0	0	0		0	
3220	3220	0	0	0		0	
3221	3221	0	0	0		0	
3222	3222	0	0	0		0	
3223	3223	0	0	0		0	
3224	3224	0	0	0		0	
3225	3225	0	0	0		0	
3226	3226	0	0	0		0	
3227	3227	0	0	0		0	
3228	3228	0	0	0		0	
3229	3229	0	0	0		0	
3230	3230	0	0	0		0	
3231	3231	0	0	0		0	
3232	3232	0	0	0		0	
3233	3233	0	0	0		0	
3234	3234	0	0	0		0	
3235	3235	0	0	0		0	
3236	3236	0	0	0		0	
3237	3237	0	0	0		0	
3238	3238	0	0	0		0	
3239	3239	0	0	0		0	
3240	3240	0	0	0		0	
3241	3241	0	0	0		0	
3242	3242	0	0	0		0	
3243	3243	0	0	0		0	
3244	3244	0	0	0		0	
3245	3245	0	0	0		0	
3246	3246	0	0	0		0	
3247	3247	0	0	0		0	
3248	3248	0	0	0		0	
3249	3249	0	0	0		0	
3250	3250	0	0	0		0	
3251	3251	0	0	0		0	
3252	3252	0	0	0		0	
3253	3253	0	0	0		0	
3254	3254	0	0	0		0	
3255	3255	0	0.8	0		1.60239558930719	
3256	3256	0	0.2	0		0.710261745199527	
3257	3257	0	0	0		0.492486184527859	
3258	3258	0	0	0		1.11739966210366	
3259	3259	0	0	0		0.0643012448212723	
3260	3260	0	0	0.237992909558247		1.19313305787628	
3261	3261	0	0	0.390124316761808		5.98761107846363	
3262	3262	0	0	0		1.73371683178102	
3263	3263	0	0	0		-3.98636337259342	
3264	3264	0	0	0		3.0085090570633	
3265	3265	0	0	0		0.155878835134619	
3266	3266	0	0	0		-5.61288548772489	
3267	3267	0	0	0		0	
3268	3268	0	0	0		0	
3269	3269	0	0	0		0	
3270	3270	0	0	0		0	
3271	3271	0	0	0		0	
3272	3272	0	0	0		0	
3273	3273	0	0	0		0	
3274	3274	0	0	0		0	
3275	3275	0	0	0.0435760630613407		0.388690830249595	
3276	3276	0	0	0.166249690480599		1.98247975671695	
3277	3277	0	6.2	0.312804060108128		16.6131768880503	
3278	3278	0	0.6	0.307995462152853		8.11394822583766	
3279	3279	0	0.6	0.590695301885724		10.6022847309164	
3280	3280	0	1	0.570348685383136		20.2769179714765	
3281	3281	0	0	0.703897460685247		7.14227901391405	
3282	3282	0	0	0.152378162788567		-3.26191775010937	
3283	3283	0	3.6	0.269508187502506		5.9196052728899	
3284	3284	0	0	0.134340901901813		1.25271807577519	
3285	3285	0	0	0.760266596047677	19.4444720496894	4.56046806762234	14.8840039820671
3286	3286	1	0	1.09434621200788	16.1816714285714	13.3332360305812	2.84843539799021
3287	3287	1	0	1.26680119905448	11.6691142857143	14.8103323574787	-3.14121807176439
3288	3288	1	0.6	0.364863913056372	5.53620714285713	1.3769695634231	4.15923757943403
3289	3289	1	0.4	0.303633031629519	5.58770000000001	0.703624803170676	4.88407519682933
3290	3290	1	0.2	0.149112695867312	7.71565714285716	3.26049159368226	4.4551655491749
3291	3291	1	0	0.195822047502922	5.75691428571427	-2.3415825473845	8.09849683309878
3292	3292	1	0	0.254278906392514	3.45911428571429	-10.9701921470182	14.4293064327325
3293	3293	1	0.2	0.450722202417857	4.08757142857141	2.43163861149829	1.65593281707313
3294	3294	1	0	0.399353963951034	3.33955714285715	2.80581501742179	0.533742125435351
3295	3295	1	0	0.482777899119856	2.30537142857143	3.77003822745989	-1.46466679888846
3296	3296	1	0	0.562818147271178	3.4858	6.68134460653055	-3.19554460653055
3297	3297	1	0	0.941578913569497	2.48559999999999	10.5697760263568	-8.08417602635682
3298	3298	1	0	1.07267642628159	0.427142857142857	11.8655309757748	-11.438388118632
3299	3299	1	0	0.507920865070364	0	5.8666961802156	-5.8666961802156
3300	3300	1	0.6	0.247407349252562	0	-2.90350827984138	2.90350827984138
3301	3301	1	0	0.358570999523023	0	3.23212375308063	-3.23212375308063
3302	3302	1	0	0.260057433351987	0	1.26469348902331	-1.26469348902331
3303	3303	1	0	0.306093872717391	0	-7.9036103749242	7.9036103749242
3304	3304	1	0	0.303512326180352	0	-1.19754629319193	1.19754629319193
3305	3305	1	0	0.419676134560387	0	3.31924619724438	-3.31924619724438
3306	3306	1	3.2	0.383154794042177	0	9.0202540383627	-9.0202540383627
3307	3307	1	0.2	0.607712823514586	0	6.33184672989209	-6.33184672989209
3308	3308	1	0	0.780386770914742	0	10.5246366437301	-10.5246366437301
3309	3309	1	0	0.735207965902966	0	12.9636184642213	-12.9636184642213
3310	3310	1	0	0.618893502349195	0	3.22799169133537	-3.22799169133537
3311	3311	1	0	0.47067720424662	0	0.969415179798636	-0.969415179798636
3312	3312	1	0	0.510623248197017	0	2.57974319859113	-2.57974319859113
3313	3313	1	0	0.63463640348148	0	2.9253268461753	-2.9253268461753
3314	3314	1	2	0.393917741681769	0	5.01554534622274	-5.01554534622274
3315	3315	1	1.2	0.362529976482708	0	0.118398509651495	-0.118398509651495
3316	3316	1	5.2	0.347926713818673	0	13.8995138461011	-13.8995138461011
3317	3317	1	0.2	0.295027916138803	0	7.32830928765951	-7.32830928765951
3318	3318	1	0.2	0.475477392432921	0	3.09352542056172	-3.09352542056172
3319	3319	1	1.4	0.179526145889387	0	9.1361087665706	-9.1361087665706
3320	3320	1	0.8	0.12916094909674	0	-3.7123140314723	3.7123140314723
3321	3321	1	1	0.146752912862667	0	-3.06039018729018	3.06039018729018
3322	3322	1	1.6	0.121000427818746	0	7.2862574986509	-7.2862574986509
3323	3323	1	1.4	0.10085440664092	0	0.0819612024544059	-0.0819612024544059
3324	3324	1	0.2	0.313568855621106	0.1197	2.77957460154545	-2.65987460154545
3325	3325	1	8.2	0.171987195138694	0.3696	21.84921297999	-21.47961297999
3326	3326	1	0	0.253715105301257	0	3.40889168681086	-3.40889168681086
3327	3327	1	0.4	0.354404441713712	0	7.15130812807901	-7.15130812807901
3328	3328	1	0.2	0.276517136660274	0	14.753328657836	-14.753328657836
3329	3329	1	0.2	0.260723312559769	0	-2.45306001369892	2.45306001369892
3330	3330	1	0	0.105245140719191	0	-7.00853562409156	7.00853562409156
3331	3331	1	0	0.220612435930768	0.568192857142859	0.623034977371433	-0.0548421202285742
3332	3332	1	0	0.167088802987639	0.646564285714286	0.562884686174919	0.0836795995393669
3333	3333	1	8	0.160659242775566	0	15.2025433156565	-15.2025433156565
3334	3334	1	1.6	0.169253307345919	0.1482	5.19048118923743	-5.04228118923743
3335	3335	1	0.2	0.106017262168354	0.176142857142857	7.07123456309881	-6.89509170595596
3336	3336	1	0.2	0.0985546922125984	0.0542142857142857	10.2900843973398	-10.2358701116255
3337	3337	1	0.2	0.0563381891884056	0.00377142857142857	0.558395180758767	-0.554623752187339
3338	3338	1	0	0.0553971312679487	0	-9.29643777184703	9.29643777184703
3339	3339	1	0.2	0.113124365037326	0	-1.31252468751321	1.31252468751321
3340	3340	1	0.4	0.141158263791937	0	2.28077610115775	-2.28077610115775
3341	3341	1	0.2	0.132658953466688	0	1.10720187655216	-1.10720187655216
3342	3342	0	0	0.156667506939822		1.54851525148704	
3343	3343	0	0	0.259173948786167		3.68398436949008	
3344	3344	0	0	0.263645283617283		3.40641478533424	
3345	3345	0	0	0.0797304688287284		-0.219741213153088	
3346	3346	0	0	0.213028008927338		-0.363485818392175	
3347	3347	0	0	0.0846755096052512		2.9614784003838	
3348	3348	0	4.2	0.14566813923399		7.09022565478373	
3349	3349	0	3.2	0.24149109731049		8.27364418022442	
3350	3350	0	0.2	0.125678143137357		7.0183059437273	
3351	3351	0	0	0.037032456937947		4.07138827602225	
3352	3352	0	4	0.0981007059042618		11.6596761212545	
3353	3353	0	0.2	0.0641504284873129		-1.53035645967211	
3354	3354	0	0	0		-4.06063715856206	
3355	3355	0	0	0		2.9520894573169	
3356	3356	0	1.8	0.0069584758659893		3.47834170891351	
3357	3357	0	0.4	0.00854079041573641		-3.62834727906179	
3358	3358	0	2	0.015836058644453		4.11025046321154	
3359	3359	0	1.4	0.0277542608589449		6.41209014413078	
3360	3360	0	0	0.0654345056079499		2.46242654990859	
3361	3361	0	0.2	0.104466895389432		2.9553203902835	
3362	3362	0	0	0.177024927513592		3.04204471815197	
3363	3363	0	0	0.0243782394053049		-1.22340653223067	
3364	3364	0	0	0.0907555784982321		-1.81704965779862	
3365	3365	0	0	0.0765583860267718		1.78687650113184	
3366	3366	0	0	0.000677183766832457		-0.208282659984342	
3367	3367	0	0	0.00203145088987355		-2.98652342484697	
3368	3368	0	0	0.000231647114393496		0.661455615751196	
3369	3369	0	0.4	0		0.178708081988025	
3370	3370	0	0	0		-0.938804691151756	
3371	3371	0	0	0		0.216923565290797	
3372	3372	0	0.2	0		0.880313281069771	
3373	3373	0	0.2	0		0.380128420048654	
3374	3374	0	0	1.78189276880403e-05		-0.25988033350736	
3375	3375	0	0	0		0.357379907659029	
3376	3376	0	0	0		0.205926266926296	
3377	3377	0	0	0		-0.26785033234804	
3378	3378	0	0	0		-0.220447786865388	
3379	3379	0	0	0		-0.000256368537745074	
3380	3380	0	0	0		0	
3381	3381	0	0	0		0	
3382	3382	0	0.2	0		0.400598897326798	
3383	3383	0	0	0		0.0774157119681823	
3384	3384	0	0.2	0		0.504366515466717	
3385	3385	0	0	0		0.330823722959117	
3386	3386	0	0	0.00226290964441134		0.0766756832430938	
3387	3387	0	0	0.00367014904574248		0.0914760867931617	
3388	3388	0	0	1.7815058857451e-05		-0.0310833001110105	
3389	3389	0	0.2	1.78150472791572e-05		0.142899102734856	
3390	3390	0	0	0		0.105937759378246	
3391	3391	0	0	0		0.104722020753904	
3392	3392	0	0	0		0.200805140081494	
3393	3393	0	0	0		-0.0473695242310324	
3394	3394	0	0	0		-0.220867615369298	
3395	3395	0	0	0		0	
3396	3396	0	0	0		0	
3397	3397	0	0	0		0	
3398	3398	0	0	0		0	
3399	3399	0	0	0		0	
3400	3400	0	0	0		0	
3401	3401	0	0	0		0	
3402	3402	0	0	0		0	
3403	3403	0	0	0		0	
3404	3404	0	0	0		0	
3405	3405	0	0	0		0	
3406	3406	0	0	0		0	
3407	3407	0	0	0		0	
3408	3408	0	0	0		0	
3409	3409	0	0	0		0	
3410	3410	0	0	0		0	
3411	3411	0	0	0		0	
3412	3412	0	0	0		0	
3413	3413	0	0	0		0	
3414	3414	0	0	0		0	
3415	3415	0	0	0		0	
3416	3416	0	0	0		0	
3417	3417	0	0	0		0	
3418	3418	0	0	0		0	
3419	3419	0	0	0		0	
3420	3420	0	0	0		0	
3421	3421	0	0	0		0	
3422	3422	0	0	0		0	
3423	3423	0	0	0		0	
3424	3424	0	0	0		0	
3425	3425	0	0	0		0	
3426	3426	0	0	0		0	
3427	3427	0	0	0		0	
3428	3428	0	0	0		0	
3429	3429	0	0	0		0	
3430	3430	0	0	0		0	
3431	3431	0	0	0		0	
3432	3432	0	0	0		0	
3433	3433	0	0	0		0	
3434	3434	0	0	0		0	
3435	3435	0	0	0		0	
3436	3436	0	0	0		0	
3437	3437	0	0	0		0	
3438	3438	0	0	0		0	
3439	3439	0	0	0		0	
3440	3440	0	0	0		0	
3441	3441	0	0	0		0	
3442	3442	0	0	0		0	
3443	3443	0	0	0		0	
3444	3444	0	0	0		0	
3445	3445	0	0	0		0	
3446	3446	0	0	0		0	
3447	3447	0	0	0		0	
3448	3448	0	0	0		0	
3449	3449	0	0	0		0	
3450	3450	0	0	0		0	
3451	3451	0	0	0		0	
3452	3452	0	0	0		0	
3453	3453	0	0	0		0	
3454	3454	0	0	0		0	
3455	3455	0	0	0		0	
3456	3456	0	0	0		0	
3457	3457	0	0	0		0	
3458	3458	0	0	0		0	
3459	3459	0	0	0		0	
3460	3460	0	0	0		0	
3461	3461	0	0	0		0	
3462	3462	0	0	0		0	
3463	3463	0	0	0		0	
3464	3464	0	0	0		0	
3465	3465	0	0	0		0	
3466	3466	0	0	0		0	
3467	3467	0	0	0		0	
3468	3468	0	0	0		0	
3469	3469	0	0	0		0	
3470	3470	0	0	0		0	
3471	3471	0	0	0		0	
3472	3472	0	0	0		0	
3473	3473	0	0	0		0	
3474	3474	0	0	0		0	
3475	3475	0	0	0		0	
3476	3476	0	0	0		0	
3477	3477	0	0	0		0	
3478	3478	0	0	0		0	
3479	3479	0	0	0		0	
3480	3480	0	0	0		0	
3481	3481	0	0	0		0	
3482	3482	0	0	0		0	
3483	3483	0	0	0		0	
3484	3484	0	0	0		0	
3485	3485	0	0	0		0	
3486	3486	0	0	0		0	
3487	3487	0	0	0		0	
3488	3488	0	0	0		0	
3489	3489	0	0	0		0	
3490	3490	0	0	0		0	
3491	3491	0	0	0		0	
3492	3492	0	0	0		0	
3493	3493	0	0	0		0	
3494	3494	0	0	0		0	
3495	3495	0	0	0		0	
3496	3496	0	0	0		0	
3497	3497	0	0	0		0	
3498	3498	0	0	0		0	
3499	3499	0	0	0		0	
3500	3500	0	0	0		0	
3501	3501	0	0	0		0	
3502	3502	0	0	0		0	
3503	3503	0	0	0		0	
3504	3504	0	0	0		0	
3505	3505	0	0	0		0	
3506	3506	0	0	0		0	
3507	3507	0	0	0		0	
3508	3508	0	0	0		0	
3509	3509	0	0	0		0	
3510	3510	0	0	0		0	
3511	3511	0	0	0		0	
3512	3512	0	0	0		0	
3513	3513	0	0	0		0	
3514	3514	0	0	0		0	
3515	3515	0	0	0		0	
3516	3516	0	0	0		0	
3517	3517	0	0	0		0	
3518	3518	0	0	0		0	
3519	3519	0	0	0		0	
3520	3520	0	0	0		0	
3521	3521	0	0	0		0	
3522	3522	0	0	0		0	
3523	3523	0	0	0		0	
3524	3524	0	0	0		0	
3525	3525	0	0	0		0	
3526	3526	0	0	0		0	
3527	3527	0	0	0		0	
3528	3528	0	0	0		0	
3529	3529	0	0	0		0	
3530	3530	0	0	0		0	
3531	3531	0	0	0		0	
3532	3532	0	0	0		0	
3533	3533	0	0	0		0	
3534	3534	0	0	0		0	
3535	3535	0	0	0		0	
3536	3536	0	0	0		0	
3537	3537	0	0	0		0	
3538	3538	0	0	0		0	
3539	3539	0	0	0		0	
3540	3540	0	0	0		0	
3541	3541	0	0	0		0	
3542	3542	0	0	0		0	
3543	3543	0	0	0		0	
3544	3544	0	0	0		0	
3545	3545	0	0	0		0	
3546	3546	0	0	0		0	
3547	3547	0	0	0		0	
3548	3548	0	0	0		0	
3549	3549	0	0	0		0	
3550	3550	0	0	0		0	
3551	3551	0	0	0		0	
3552	3552	0	0	0		0	
3553	3553	0	0	0		0	
3554	3554	0	0	0		0	
3555	3555	0	0	0		0	
3556	3556	0	0	0		0	
3557	3557	0	0	0		0	
3558	3558	0	0	0		0	
3559	3559	0	0	0		0	
3560	3560	0	0	0		0	
3561	3561	0	0	0		0	
3562	3562	0	0	0		0	
3563	3563	0	0	0		0	
3564	3564	0	0	0		0	
3565	3565	0	0	0		0	
3566	3566	0	0	0		0	
3567	3567	0	0	0		0	
3568	3568	0	0	0		0	
3569	3569	0	0	0		0	
3570	3570	0	0	0		0	
3571	3571	0	0	0		0	
3572	3572	0	0	0		0	
3573	3573	0	0	0		0	
3574	3574	0	0	0		0	
3575	3575	0	0	0		0	
3576	3576	0	0	0		0	
3577	3577	0	0	-27.4083700719324		-244.477847942599	
3578	3578	0	0	0		-314.213155583118	
3579	3579	0	0	0		315.403682628082	
3580	3580	0	0	0		-57.9299763921215	
3581	3581	0	0	0		-251.513531440302	
3582	3582	0	0	0		394.335948847993	
3583	3583	0	0	0		0	
3584	3584	0	0	0		0	
3585	3585	0	0	0		0	
3586	3586	0	0	0		0	
3587	3587	0	0	0		0	
3588	3588	0	0	0		0	
3589	3589	0	0	0		0	
3590	3590	0	0	0		0	
3591	3591	0	0	0		0	
3592	3592	0	0	0		0	
3593	3593	0	0	0		0	
3594	3594	0	0	0		0	
3595	3595	0	0	0		0	
3596	3596	0	0	0		0	
3597	3597	0	0	0		0	
3598	3598	0	0	0		0	
3599	3599	0	0	0		0	
3600	3600	0	0	0		0	
3601	3601	0	0	0		0	
3602	3602	0	0	0		0	
3603	3603	0	0	0		0	
3604	3604	0	0	0		0	
3605	3605	0	0	0		0	
3606	3606	0	0	0		0	
3607	3607	0	0	0		0	
3608	3608	0	0	0		0	
3609	3609	0	0	0		0	
3610	3610	0	0	0		0	
3611	3611	0	0	0		0	
3612	3612	0	0	0		0	
3613	3613	0	0	0		0	
3614	3614	0	0	0		0	
3615	3615	0	0	0		0	
3616	3616	0	0	0		0	
3617	3617	0	0.2	0		0.400598897326798	
3618	3618	0	0	0		0.0774157119681823	
3619	3619	0	0	0		0.103767618139919	
3620	3620	0	0	0		0.253408010990935	
3621	3621	0	0	0		-0.0472766915424157	
3622	3622	0	0	0		-0.220611302660656	
3623	3623	0	0.2	0		0.400598897326798	
3624	3624	0	0.4	0		0.878613506621777	
3625	3625	0	0.4	0		1.05979683672988	
3626	3626	0	0	0		0.615774671207138	
3627	3627	0	0	0		0.667074566719293	
3628	3628	0	0.2	0.939581023648307		8.97314796759056	
3629	3629	0	0.2	0.507398589200472		15.2396252368392	
3630	3630	0	0	0.215156155522747		-3.33629258907135	
3631	3631	0	0	0		-1.02928341261532	
3632	3632	0	0	0		7.42472495761939	
3633	3633	0	0	0		-8.67513628541777	
3634	3634	0	0	0.0670936481605902		-4.94792301718036	
3635	3635	0	0	0.292865335822481		0.285934084656342	
3636	3636	0	0	0		2.58536196909619	
3637	3637	0	0	0		-3.22835950281948	
3638	3638	0	0	0		1.23468277345703	
3639	3639	0	0	0		1.72218038928261	
3640	3640	0	0	0.0228112662682634		-4.01010642047218	
3641	3641	0	0	0		0.261511353582378	
3642	3642	0	0	0		-0.262502197961338	
3643	3643	0	0	0		0.0482135972670676	
3644	3644	0	0	0		0.209328103812758	
3645	3645	0	0	0		-0.328195449226349	
3646	3646	0	0	0		0	
3647	3647	0	0	0		0	
3648	3648	0	0	0		0	
3649	3649	0	0	0		0	
3650	3650	0	0	0		0	
3651	3651	0	0	0.0722670671214298		0.644609548127166	
3652	3652	0	0	0.185169471304943		2.48015831936956	
3653	3653	0	0.4	0.171939220052963		3.626054401808	
3654	3654	0	0.2	0.126611999563818		1.67781338636611	
3655	3655	0	0	0.200124453371056		2.59745244319329	
3656	3656	0	0	0.0927722664398267		3.29823595392107	
3657	3657	0	0	0.156568089001212		-0.502680592022426	
3658	3658	0	0	0.525001973262787		4.0328353027496	
3659	3659	0	0	0.695726832076577		10.4130313753394	
3660	3660	0	0	0.989226139524613	0.0195490285714286	9.06110230152795	-9.04155327295653
3661	3661	1	0	0.367637084668678	0.36081	7.82538654597702	-7.46457654597702
3662	3662	1	1	0.4818040087446	2.17811428571429	3.16721408669607	-0.989099800981779
3663	3663	1	0.2	0.678260434971309	6.319125	9.05223775629623	-2.73311275629623
3664	3664	1	0.2	0.714328325176789	4.19911428571429	9.4447797707094	-5.2456654849951
3665	3665	1	0.6	0.362170964579861	1.53942285714286	-3.57590781973006	5.11533067687292
3666	3666	1	0	0.268894761477891	1.41557142857143	-0.751177031116139	2.16674845968757
3667	3667	1	0	0.680475976225244	15.4538314285714	5.20098870984457	10.2528427187269
3668	3668	1	0	0.698083115111318	10.87758	8.98796294929706	1.88961705070292
3669	3669	1	0	0.785274299731324	9.60644285714284	0.428815745134234	9.1776271120086
3670	3670	1	0	0.696852149623131	11.286	5.21826918467989	6.0677308153201
3671	3671	1	0	0.880699755462762	10.4607435714286	10.6590530682083	-0.198309496779784
3672	3672	1	0	1.04272488698072	12.8124692857143	9.65372921227522	3.15874007343904
3673	3673	1	0	0.941846899122456	10.2637342857143	8.85565637838124	1.40807790733307
3674	3674	1	0.4	0.561823187475865	3.384945	1.56882883825065	1.81611616174935
3675	3675	1	0.8	0.549811233992415	2.7729	2.52363535713321	0.249264642866788
3676	3676	1	0.2	0.481547719840933	1.58049	3.93926757819374	-2.35877757819374
3677	3677	1	0	0.321212265565654	0.269765714285713	-2.11379206826041	2.38355778254612
3678	3678	1	0	0.356386350795546	0.230657142857143	-4.89037077920918	5.12102792206632
3679	3679	1	0	0.158449041632601	0.0574671428571428	-0.594338063536479	0.651805206393622
3680	3680	1	0.2	0.215132280448152	0.0409314285714286	-3.70736618537647	3.74829761394789
3681	3681	1	0.2	0.221562504650958	0.0298571428571428	-0.350724321658348	0.380581464515491
3682	3682	1	1.4	0.190920475459762	0	3.7365900220918	-3.7365900220918
3683	3683	1	0	0.176624646696364	0	-1.10513262527967	1.10513262527967
3684	3684	1	0	0.122085408769539	0	2.01208659663147	-2.01208659663147
3685	3685	1	0	0.17176540959483	0	1.74666863799985	-1.74666863799985
3686	3686	1	0	0.205758838409466	0	0.785602729831932	-0.785602729831932
3687	3687	1	0	0.457912603984969	0	2.05444877046554	-2.05444877046554
3688	3688	1	0.2	0.324748132674351	0	5.12126794647603	-5.12126794647603
3689	3689	1	2	0.293466899119217	0	5.40917610662065	-5.40917610662065
3690	3690	1	0	0.179063223816208	0	2.48714548272323	-2.48714548272323
3691	3691	1	0.6	0.0925964734706994	0	3.92262761324621	-3.92262761324621
3692	3692	1	3.4	0.149680801275618	0	6.87745606691648	-6.87745606691648
3693	3693	1	0	0.157321298218012	0	1.38685128639293	-1.38685128639293
3694	3694	1	0.2	0.173351503742555	0	-0.0372309873927286	0.0372309873927286
3695	3695	1	0	0.13045348208556	0	4.17390067643447	-4.17390067643447
3696	3696	1	1.4	0.11869407357829	0	2.37567061816617	-2.37567061816617
3697	3697	1	0.2	0.200769571227795	0	-1.247589569372	1.247589569372
3698	3698	1	0.2	0.272200162650854	0	4.12389748508111	-4.12389748508111
3699	3699	1	0.2	0.156691029473738	0	3.29674974048333	-3.29674974048333
3700	3700	1	0	0.277798837379919	0	0.882188775325572	-0.882188775325572
3701	3701	1	0	0.340194080027192	0	3.89166381622527	-3.89166381622527
3702	3702	1	0.2	0.253697358465111	0	3.29276879913512	-3.29276879913512
3703	3703	1	0	0.119891031383016	0	-2.0186813938	2.0186813938
3704	3704	1	0	0.174544017375325	0	0.908941493149454	-0.908941493149454
3705	3705	1	0	0.146537949919736	0	1.84304156094651	-1.84304156094651
3706	3706	1	0.2	0.038599561925686	0	-1.94408141162341	1.94408141162341
3707	3707	1	1	0.0981075834109362	0	-0.689839368704287	0.689839368704287
