timestep	time	weight	P.V1	P.V2	Q	Qfitted	Qresidual
7	168	0	0.025	0.0800697338916531	646200	119895.197255055	526304.802744945
8	192	0	0	0.119847813275561	865800	76115.9317746177	789684.068225382
9	216	0	0	0.129664999994184	585000	60623.7072788635	524376.292721137
10	240	0	0	0.109828328430654	939600	44520.1198037085	895079.880196292
11	264	0	0.108333333333333	0.0721653115818517	561600	205680.050181785	355919.949818215
12	288	0	0.0833333333333333	0.0447645445491394	615600	274869.007219239	340730.992780761
13	312	0	0.00833333333333333	0.128336363649202	624600	215171.656284549	409428.343715451
14	336	0	0	0.164555566926647	664200	35147.8967739375	629052.103226063
15	360	0	0.0166666666666667	0.194939691629291	653400	88282.2679568076	565117.732043192
16	384	0	0	0.282623902269241	558000	128783.015073837	429216.984926163
17	408	0	0.0416666666666667	0.208156502350553	673200	109794.73806769	563405.26193231
18	432	0	0.00833333333333333	0.104859031623355	702000	136393.226439132	565606.773560869
19	456	0	0.383333333333333	0.227549888473444	1033200	780012.460882018	253187.539117982
20	480	0	0	0.19987075288214	696600	439788.914474359	256811.085525641
21	504	0	0	0.190024587567091	639000	251601.8271806	387398.1728194
22	528	0	0	0.202626961749913	581400	-105063.448119773	686463.448119773
23	552	0	0	0.22396727458381		62411.3244052588	
24	576	0	0	0.141908170691328		-13538.9148831144	
25	600	0	0.0666666666666667	0.171992806716615		247466.333079551	
26	624	0	0	0.37162237102511		267474.1944041	
27	648	0	0	0.322797012354446		132451.94693003	
28	672	0	0	0.246092539831806		161778.908690269	
29	696	0	0	0.330921647443462		186500.240311917	
30	720	0	0	0.340872844278876		98849.2072091546	
31	744	0	0	0.364619341239247		245077.706067733	
32	768	0	0	0.374091110262211		226219.201822242	
33	792	0	0	0.253432159578377		130182.988220467	
34	816	0	0	0.252014675218219		201089.322400124	
35	840	0	0	0.235206226362647		130838.079555668	
36	864	0	0	0.255120510054802		176692.340529473	
37	888	0	0	0.276176716768317		191655.232873356	
38	912	0	0	0.23370273291059		138072.166638497	
39	936	0	0.0166666666666667	0.0857471366154065		105722.346242274	
40	960	0	0.175	0.124006774884938		424668.465301538	
41	984	0	0.3	0.118630637465973		719050.275033257	
42	1008	0	0	0.173959884783841		499552.729093311	
43	1032	0	0	0.154472692369296		70235.2956803575	
44	1056	0	0	0.118091448251592		-125908.667540693	
45	1080	0	0	0.103886511918603		-1455.27014346825	
46	1104	0	0	0.064785002279061		-47921.0071855722	
47	1128	0	0	0.10348334101243		88991.4361350761	
48	1152	0	0.0333333333333333	0.043643457224249		74944.2020604703	
49	1176	0	0.075	0.0241425162463322		208592.748989693	
50	1200	0	0.05	0.0282483357305949		197216.123423501	
51	1224	0	0.0416666666666667	0.0413623175420241		138041.907048128	
52	1248	0	0	0.0353192881762059		44928.731392894	
53	1272	0	0	0.0210214092437333		-14368.2879654009	
54	1296	0	0	0.0243709576718576		-31956.2980775884	
55	1320	0	0.0166666666666667	0.0339960406910524		24611.017894772	
56	1344	0	0.0416666666666667	0.0583040346786827		107173.427816641	
57	1368	0	0	0.0286637282613213		61037.718069885	
58	1392	0	0	0.0399294672764494		35625.0607249924	
59	1416	0	0.025	0.090947104311077		53937.6309627882	
60	1440	0	0.0333333333333333	0.10013796293812		107720.230087386	
61	1464	0	0	0.104951618432766		99541.0197442032	
62	1488	0	0	0.0793901212885686		29786.5414977567	
63	1512	0	0	0.0792237225202291		21836.125387934	
64	1536	0	0	0.0751029476320841		31762.9636349679	
65	1560	0	0	0.0476493497018389		25218.6676677841	
66	1584	0	0	0.067419488973103		59479.8324083156	
67	1608	0	0	0.0763486138510672		36725.6263753963	
68	1632	0	0	0.0318252464506639		23083.8774642699	
69	1656	0	0.00833333333333333	0.0465202299280083		65967.0837327256	
70	1680	0	0	0.0205567020986255		7175.81359717586	
71	1704	0	0	0.0119600121556669		25730.4340218073	
72	1728	0	0	0.0531916201528162		38831.8314493976	
73	1752	0	0	0.0264132769185466		-2741.01427500262	
74	1776	0	0	0.00235073604655511		22374.1448697653	
75	1800	0	0	0.0202862133935415		17577.2821490477	
76	1824	0	0.00833333333333333	0.00754851865770689		1538.88335211295	
77	1848	0	0	0.00412352034504693		29203.2960137788	
78	1872	0	0	0.0181052307763547		17561.5810915317	
79	1896	0	0	0.0160145097219484		-4739.32359343696	
80	1920	0	0.025	0.000585446848626604		45438.710828971	
81	1944	0	0.0333333333333333	0		83536.5124197082	
82	1968	0	0.0166666666666667	0.00142330715640248		65406.252662214	
83	1992	0	0.0416666666666667	0.0203248144600305		90894.8364612301	
84	2016	0	0	0.0132693676490234		31512.6253389087	
85	2040	0	0	0		-5425.52126645807	
86	2064	0	0	0		-33047.1788243625	
87	2088	0	0	0		-13086.2966062307	
88	2112	0	0	0		-7302.32551196627	
89	2136	0	0	0		3728.22512704099	
90	2160	0	0	0		0	
91	2184	0	0	0.00547932236178284		3127.12793854617	
92	2208	0	0	0		-2230.3246694507	
93	2232	0	0	0		2679.89897050657	
94	2256	0	0	0		-1042.2568705916	
95	2280	0	0	0		-742.109732511536	
96	2304	0	0	0		1539.49666997582	
97	2328	0	0	0		0	
98	2352	0	0	0		0	
99	2376	0	0	0		0	
100	2400	0	0	0		0	
101	2424	0	0.0166666666666667	0		26413.1205016774	
102	2448	0	0	0		18160.4357197716	
103	2472	0	0	0		3942.27956432315	
104	2496	0	0	0		-10006.5790170546	
105	2520	0	0	0		-1489.24261621821	
106	2544	0	0	0		-4486.2812381214	
107	2568	0	0	0		0	
108	2592	0	0	0		0	
109	2616	0	0	0		0	
110	2640	0	0	0		0	
111	2664	0	0				
112	2688	0	0	0			
113	2712	0	0	0			
114	2736	0	0	0			
115	2760	0	0	0			
116	2784	0	0	0			
117	2808	0	0	0		0	
118	2832	0	0	0		0	
119	2856	0	0	0		0	
120	2880	0	0	0		0	
121	2904	0	0	0		0	
122	2928	0	0	0		0	
123	2952	0	0	0		0	
124	2976	0	0	0		0	
125	3000	0	0	0		0	
126	3024	0	0	0		0	
127	3048	0	0	0		0	
128	3072	0	0	0		0	
129	3096	0	0	0		0	
130	3120	0	0	0		0	
131	3144	0	0	0		0	
132	3168	0	0	0		0	
133	3192	0	0	0		0	
134	3216	0	0	0		0	
135	3240	0	0	0		0	
136	3264	0	0	0		0	
137	3288	0	0	0		0	
138	3312	0	0	0		0	
139	3336	0	0	0		0	
140	3360	0	0	0		0	
141	3384	0	0	0		0	
142	3408	0	0	0		0	
143	3432	0	0	0		0	
144	3456	0	0	0		0	
145	3480	0	0	0		0	
146	3504	0	0	0		0	
147	3528	0	0	0		0	
148	3552	0	0	0		0	
149	3576	0	0	0		0	
150	3600	0	0	0		0	
151	3624	0	0	0		0	
152	3648	0	0	0		0	
153	3672	0	0	0		0	
154	3696	0	0	0		0	
155	3720	0	0	0		0	
156	3744	0	0	0		0	
157	3768	0	0	0		0	
158	3792	0	0	0		0	
159	3816	0	0	0		0	
160	3840	0	0	0		0	
161	3864	0	0	0		0	
162	3888	0	0	0		0	
163	3912	0	0	0		0	
164	3936	0	0	0		0	
165	3960	0	0	0		0	
166	3984	0	0	0		0	
167	4008	0	0	0		0	
168	4032	0	0	0		0	
169	4056	0	0	0		0	
170	4080	0	0	0		0	
171	4104	0	0	0		0	
172	4128	0	0	0		0	
173	4152	0	0	0		0	
174	4176	0	0	0		0	
175	4200	0	0	0		0	
176	4224	0	0	0		0	
177	4248	0	0	0		0	
178	4272	0	0	0		0	
179	4296	0	0	0		0	
180	4320	0	0	0		0	
181	4344	0	0	0		0	
182	4368	0	0	0		0	
183	4392	0	0	0		0	
184	4416	0	0	0		0	
185	4440	0	0	0		0	
186	4464	0	0	0		0	
187	4488	0	0	0		0	
188	4512	0	0	0		0	
189	4536	0	0	0		0	
190	4560	0	0	0		0	
191	4584	0	0	0		0	
192	4608	0	0	0		0	
193	4632	0	0	0		0	
194	4656	0	0	0		0	
195	4680	0	0	0		0	
196	4704	0	0	0		0	
197	4728	0	0	0		0	
198	4752	0	0	0		0	
199	4776	0	0	0		0	
200	4800	0	0	0		0	
201	4824	0	0	0		0	
202	4848	0	0	0		0	
203	4872	0	0	0		0	
204	4896	0	0	0		0	
205	4920	0	0	0		0	
206	4944	0	0	0		0	
207	4968	0	0	0		0	
208	4992	0	0	0		0	
209	5016	0	0	0		0	
210	5040	0	0	0		0	
211	5064	0	0	0		0	
212	5088	0	0	0		0	
213	5112	0	0	0		0	
214	5136	0	0	0		0	
215	5160	0	0	0		0	
216	5184	0	0	0		0	
217	5208	0	0	0		0	
218	5232	0	0	0		0	
219	5256	0	0	0		0	
220	5280	0	0	0		0	
221	5304	0	0	0		0	
222	5328	0	0	0		0	
223	5352	0	0	0		0	
224	5376	0	0	0		0	
225	5400	0	0	0		0	
226	5424	0	0	0		0	
227	5448	0	0	0		0	
228	5472	0	0	0		0	
229	5496	0	0	0		0	
230	5520	0	0	0		0	
231	5544	0	0	0		0	
232	5568	0	0	0		0	
233	5592	0	0	0		0	
234	5616	0	0	0		0	
235	5640	0	0	0		0	
236	5664	0	0	0		0	
237	5688	0	0	0		0	
238	5712	0	0	0		0	
239	5736	0	0	0		0	
240	5760	0	0	0		0	
241	5784	0	0	0		0	
242	5808	0	0	0		0	
243	5832	0	0	0		0	
244	5856	0	0	0		0	
245	5880	0	0	0		0	
246	5904	0	0	0		0	
247	5928	0	0	0		0	
248	5952	0	0	0		0	
249	5976	0	0	0		0	
250	6000	0	0	0		0	
251	6024	0	0	0		0	
252	6048	0	0	0		0	
253	6072	0	0	0		0	
254	6096	0	0	0		0	
255	6120	0	0	0		0	
256	6144	0	0	0		0	
257	6168	0	0	0		0	
258	6192	0	0	0		0	
259	6216	0	0	0		0	
260	6240	0	0	0		0	
261	6264	0	0	0		0	
262	6288	0	0	0		0	
263	6312	0	0	0		0	
264	6336	0	0	0		0	
265	6360	0	0	0		0	
266	6384	0	0	0		0	
267	6408	0	0	0		0	
268	6432	0	0	0		0	
269	6456	0	0	0		0	
270	6480	0	0	0		0	
271	6504	0	0	0		0	
272	6528	0	0	0		0	
273	6552	0	0	0		0	
274	6576	0	0	0		0	
275	6600	0	0	0		0	
276	6624	0	0	0		0	
277	6648	0	0	0		0	
278	6672	0	0	0		0	
279	6696	0	0	0		0	
280	6720	0	0	0		0	
281	6744	0	0	0		0	
282	6768	0	0	0		0	
283	6792	0	0	0		0	
284	6816	0	0	0		0	
285	6840	0	0	0		0	
286	6864	0	0	0		0	
287	6888	0	0	0		0	
288	6912	0	0	0		0	
289	6936	0	0	0		0	
290	6960	0	0	0		0	
291	6984	0	0	0		0	
292	7008	0	0	0		0	
293	7032	0	0	0		0	
294	7056	0	0	0		0	
295	7080	0	0	0		0	
296	7104	0	0	0		0	
297	7128	0	0	0		0	
298	7152	0	0	0		0	
299	7176	0	0	0		0	
300	7200	0	0	0		0	
301	7224	0	0	0		0	
302	7248	0	0	0		0	
303	7272	0	0	0		0	
304	7296	0	0	0		0	
305	7320	0	0	0		0	
306	7344	0	0	0		0	
307	7368	0	0	0		0	
308	7392	0	0	0		0	
309	7416	0	0	0		0	
310	7440	0	0	0		0	
311	7464	0	0	0		0	
312	7488	0	0	0		0	
313	7512	0	0	0		0	
314	7536	0	0	0		0	
315	7560	0	0	0		0	
316	7584	0	0	0		0	
317	7608	0	0	0		0	
318	7632	0	0	0		0	
319	7656	0	0	0		0	
320	7680	0	0	0		0	
321	7704	0	0	0		0	
322	7728	0	0	0		0	
323	7752	0	0	0		0	
324	7776	0	0	0		0	
325	7800	0	0	0		0	
326	7824	0	0	0		0	
327	7848	0	0	0		0	
328	7872	0	0	0		0	
329	7896	0	0	0		0	
330	7920	0	0	0		0	
331	7944	0	0	0		0	
332	7968	0	0	0		0	
333	7992	0	0	0		0	
334	8016	0	0	0		0	
335	8040	0	0	0		0	
336	8064	0	0	0		0	
337	8088	0	0	0		0	
338	8112	0	0	0		0	
339	8136	0	0	0		0	
340	8160	0	0	0		0	
341	8184	0	0	0		0	
342	8208	0	0	0		0	
343	8232	0	0	0		0	
344	8256	0	0	0		0	
345	8280	0	0	0		0	
346	8304	0	0	0		0	
347	8328	0	0	0		0	
348	8352	0	0	0		0	
349	8376	0	0	0		0	
350	8400	0	0	0		0	
351	8424	0	0	0		0	
352	8448	0	0	0		0	
353	8472	0	0	0		0	
354	8496	0	0	0.429277109189932		244994.60934972	
355	8520	0	0	0		-174734.622904221	
356	8544	0	0	0		209956.488598678	
357	8568	0	0	0		-81655.5382033281	
358	8592	0	0	0		-58140.532649846	
359	8616	0	0	0		120611.753873834	
360	8640	0	0	0.125253029397534		71483.7021359571	
361	8664	0	0	0		-50983.4798801396	
362	8688	0	0	0		61260.3972484772	
363	8712	0	0	0		-23825.1779750216	
364	8736	0	0	0		-16964.0488376412	
365	8760	0	0	0.0892650658073996		86136.5460401204	
366	8784	0	0.00833333333333333	0.0617109959463631		12091.1123090217	
367	8808	0	0.00833333333333333	0.143016306091249		122448.08484409	
368	8832	0	0.0166666666666667	0.071567601301194	2116800	33297.9695475996	2083502.0304524
369	8856	0	0	0.121340218840781	1902600	101367.685379936	1801232.31462006
370	8880	0	0.0416666666666667	0.117957749773024	1724400	106678.048108235	1617721.95189177
371	8904	0	0	0.234369267229685	1571400	161852.752965667	1409547.24703433
372	8928	0	0.025	0.146911448208469	1324800	99289.8778277679	1225510.12217223
373	8952	0	0.00833333333333333	0.211776857658576	1044000	167873.947078883	876126.052921117
374	8976	0	0.0166666666666667	0.125449148463183	973800	68465.6538179432	905334.346182057
375	9000	0	0	0.197863918611209	819000	132799.533482736	686200.466517264
376	9024	0	0	0.186593179467579	473400	89682.2101479418	383717.789852058
377	9048	0	0	0.297846978678147	797400	162058.975082416	635341.024917584
378	9072	0	0	0.284861816025419	684000	133741.268357521	550258.731642479
379	9096	0	0	0.252243884344203	675000	142151.95322985	532848.04677015
380	9120	0	0	0.369173357976156	768600	221007.734326338	547592.265673663
381	9144	0	0	0.21271905146926	649800	52403.6733298174	597396.326670183
382	9168	0	0.075	0.0512641976501782	635400	239212.837713141	396187.162286859
383	9192	0	0.00833333333333333	0.0756263159154171	653400	196912.050649023	456487.949350977
384	9216	0	0.00833333333333333	0.211154667413558	657000	135234.589743792	521765.410256208
385	9240	0	0	0.275687915018548	871200	139563.03246431	731636.96753569
386	9264	0	0	0.331733523004784	894600	209086.629099512	685513.370900488
387	9288	0	0	0.357820854767205	943200	142079.951223397	801120.048776603
388	9312	0	0	0.304274995304878	896400	127475.70471443	768924.295285571
389	9336	0	0	0.252843769824305	909000	152100.070413581	756899.929586419
390	9360	0	0	0.178223939139146		112081.070421213	
391	9384	0	0	0.154890097619517		126381.918604327	
392	9408	0	0	0.242961808882304		174012.398896387	
393	9432	0	0	0.28714426718734		158081.655861231	
394	9456	0	0	0.217867291092664		143729.854351593	
395	9480	0	0	0.255164736825318		180266.215706158	
396	9504	0	0	0.236098453657832		93431.7311229665	
397	9528	0	0	0.122043845544286		86280.5393080264	
398	9552	0	0	0.100164700039019		125595.720760048	
399	9576	0	0	0.0530803086302072		30957.2568487628	
400	9600	0	0.025	0.0496236384163069		111825.267595622	
401	9624	0	0	0.0411844588185222		87260.4152235919	
402	9648	0	0.075	0.0319588305323331		161145.67354082	
403	9672	0	0	0.0202143839802558		96897.5430897953	
404	9696	0	0	0.0553895075801956		54879.4859622626	
405	9720	0	0	0.0406740847996323		-38919.5353182903	
406	9744	0	0.416666666666667	0.0262419578441246		682535.401866023	
407	9768	0	0	0.0333323863154513		457763.200203245	
408	9792	0	0	0.0811796383866242		134595.187694128	
409	9816	0	0.00833333333333333	0.0793594059425251		-203345.371800803	
410	9840	0	0.0666666666666667	0.05515980181206		117917.223900474	
411	9864	0	0	0.0369224121182876		-12693.4270517266	
412	9888	0	0	0.0975377938529167		61656.2278188733	
413	9912	0	0	0.137980139603407		17900.6697519032	
414	9936	0	0	0.138891970283174		70411.8292354179	
415	9960	0	0	0.0479888232096784		12336.7674502013	
416	9984	0	0.508333333333333	0.0655089452095509		862302.092085305	
417	10008	0	0.166666666666667	0.0445265502811498		822539.796389518	
418	10032	0	0.133333333333333	0.063479525935156		574121.258402369	
419	10056	0	0.00833333333333333	0.0780737699314749		-46727.9619435221	
420	10080	0	0	0.0963871704716137		-54450.6689666445	
421	10104	0	0.05	0.101517453219527		-93376.865791325	
422	10128	0	0.225	0.0983901812549668		400313.253379495	
423	10152	0	0.258333333333333	0.0583747862254373		661605.833811478	
424	10176	0	0.05	0.024026378142743		409328.263295219	
425	10200	0	0.075	0.0851604121855463		156878.95779263	
426	10224	0	0.05	0.0352605112426758		-14573.443913769	
427	10248	0	0.0583333333333333	0.0439050047647758		118523.495251978	
428	10272	0	0.00833333333333333	0.0249460258266154		-19880.0391315537	
429	10296	0	0	0.0302354159110969		-10217.2171323837	
430	10320	0	0	0.0470748915967594		-20147.7697317896	
431	10344	0	0	0.0296697532043098		-11899.7373775955	
432	10368	0	0.075	0.00750610846677979		120849.238825043	
433	10392	0	0	0		84894.285445572	
434	10416	0	0	0		17887.1183760323	
435	10440	0	0	0		-37249.4221338114	
436	10464	0	0.025	0.00369740076826552		42347.7906728267	
437	10488	0	0.00833333333333333	0.000974160502325459		21418.8634722899	
438	10512	0	0.116666666666667	0.00611619690457488		204787.929370775	
439	10536	0	0.00833333333333333	0.0139448333621424		132532.986616915	
440	10560	0	0	0.0172605426225711		35919.0209251285	
441	10584	0	0	0.00919922734890655		-70760.8013967855	
442	10608	0	0	0.0350401437565555		3817.11055373577	
443	10632	0	0	0		-45365.6528314856	
444	10656	0	0	0.00202365829410844		15880.1102064438	
445	10680	0	0	0.0230033122260291		9243.07115856122	
446	10704	0	0	0.0286637627539861		5824.10459299259	
447	10728	0	0	0.0481278375440386		36510.7143964218	
448	10752	0	0	0.0418024468083935		13636.6766882455	
449	10776	0	0.00833333333333333	0.0237473930831538		25283.83470014	
450	10800	0	0	0.00492424810147618		16095.8640890265	
451	10824	0	0	0		5165.09048810825	
452	10848	0	0	0.000565021780460029		1071.02772067883	
453	10872	0	0	0.000188333168024357		6724.91267925538	
454	10896	0	0	0		3961.79770413384	
455	10920	0	0	0		1368.17640754767	
456	10944	0	0	0		-112.349604576605	
457	10968	0	0	0		133.243715980029	
458	10992	0	0	0		52.9149894596008	
459	11016	0	0	0		0	
460	11040	0	0	0		0	
461	11064	0	0	0		0	
462	11088	0	0	0		0	
463	11112	0	0	0		0	
464	11136	0	0	0		0	
465	11160	0	0	0		0	
466	11184	0	0	0		0	
467	11208	0	0	0		0	
468	11232	0	0	0		0	
469	11256	0	0	0		0	
470	11280	0	0	0		0	
471	11304	0	0	0		0	
472	11328	0	0	0		0	
473	11352	0	0	0		0	
474	11376	0	0	0		0	
475	11400	0	0	0		0	
476	11424	0	0	0		0	
477	11448	0	0				
478	11472	0	0	0			
479	11496	0	0	0			
480	11520	0	0	0			
481	11544	0	0	0			
482	11568	0	0	0			
483	11592	0	0	0		0	
484	11616	0	0	0		0	
485	11640	0	0	0		0	
486	11664	0	0	0		0	
487	11688	0	0	0		0	
488	11712	0	0	0		0	
489	11736	0	0	0		0	
490	11760	0	0	0		0	
491	11784	0	0	0		0	
492	11808	0	0	0		0	
493	11832	0	0	0		0	
494	11856	0	0	0		0	
495	11880	0	0	0		0	
496	11904	0	0	0		0	
497	11928	0	0	0		0	
498	11952	0	0	0		0	
499	11976	0	0	0		0	
500	12000	0	0	0		0	
501	12024	0	0	0		0	
502	12048	0	0	0		0	
503	12072	0	0	0		0	
504	12096	0	0	0		0	
505	12120	0	0	0		0	
506	12144	0	0	0		0	
507	12168	0	0	0		0	
508	12192	0	0	0		0	
509	12216	0	0	0		0	
510	12240	0	0	0		0	
511	12264	0	0	0		0	
512	12288	0	0	0		0	
513	12312	0	0	0		0	
514	12336	0	0	0		0	
515	12360	0	0	0		0	
516	12384	0	0	0		0	
517	12408	0	0	0		0	
518	12432	0	0	0		0	
519	12456	0	0	0		0	
520	12480	0	0	0		0	
521	12504	0	0	0		0	
522	12528	0	0	0		0	
523	12552	0	0	0		0	
524	12576	0	0	0		0	
525	12600	0	0	0		0	
526	12624	0	0	0		0	
527	12648	0	0	0		0	
528	12672	0	0	0		0	
529	12696	0	0	0		0	
530	12720	0	0	0		0	
531	12744	0	0	0		0	
532	12768	0	0	0		0	
533	12792	0	0	0		0	
534	12816	0	0	0		0	
535	12840	0	0	0		0	
536	12864	0	0	0		0	
537	12888	0	0	0		0	
538	12912	0	0	0		0	
539	12936	0	0	0		0	
540	12960	0	0	0		0	
541	12984	0	0	0		0	
542	13008	0	0	0		0	
543	13032	0	0	0		0	
544	13056	0	0	0		0	
545	13080	0	0	0		0	
546	13104	0	0	0		0	
547	13128	0	0	0		0	
548	13152	0	0	0		0	
549	13176	0	0	0		0	
550	13200	0	0	0		0	
551	13224	0	0	0		0	
552	13248	0	0	0		0	
553	13272	0	0	0		0	
554	13296	0	0	0		0	
555	13320	0	0	0		0	
556	13344	0	0	0		0	
557	13368	0	0	0		0	
558	13392	0	0	0		0	
559	13416	0	0	0		0	
560	13440	0	0	0		0	
561	13464	0	0	0		0	
562	13488	0	0	0		0	
563	13512	0	0	0		0	
564	13536	0	0	0		0	
565	13560	0	0	0		0	
566	13584	0	0	0		0	
567	13608	0	0	0		0	
568	13632	0	0	0		0	
569	13656	0	0	0		0	
570	13680	0	0	0		0	
571	13704	0	0	0		0	
572	13728	0	0	0		0	
573	13752	0	0	0		0	
574	13776	0	0	0		0	
575	13800	0	0	0		0	
576	13824	0	0	0		0	
577	13848	0	0	0		0	
578	13872	0	0	0		0	
579	13896	0	0	0		0	
580	13920	0	0	0		0	
581	13944	0	0	0		0	
582	13968	0	0	0		0	
583	13992	0	0	0		0	
584	14016	0	0	0		0	
585	14040	0	0	0		0	
586	14064	0	0	0		0	
587	14088	0	0	0		0	
588	14112	0	0	0		0	
589	14136	0	0	0		0	
590	14160	0	0	0		0	
591	14184	0	0	0		0	
592	14208	0	0	0		0	
593	14232	0	0	0		0	
594	14256	0	0	0		0	
595	14280	0	0	0		0	
596	14304	0	0	0		0	
597	14328	0	0	0		0	
598	14352	0	0	0		0	
599	14376	0	0	0		0	
600	14400	0	0	0		0	
601	14424	0	0	0		0	
602	14448	0	0	0		0	
603	14472	0	0	0		0	
604	14496	0	0	0		0	
605	14520	0	0	0		0	
606	14544	0	0	0		0	
607	14568	0	0	0		0	
608	14592	0	0	0		0	
609	14616	0	0	0		0	
610	14640	0	0	0		0	
611	14664	0	0	0		0	
612	14688	0	0	0		0	
613	14712	0	0	0		0	
614	14736	0	0	0		0	
615	14760	0	0	0		0	
616	14784	0	0	0		0	
617	14808	0	0	0		0	
618	14832	0	0	0		0	
619	14856	0	0	0		0	
620	14880	0	0	0		0	
621	14904	0	0	0		0	
622	14928	0	0	0		0	
623	14952	0	0	0		0	
624	14976	0	0	0		0	
625	15000	0	0	0		0	
626	15024	0	0	0		0	
627	15048	0	0	0		0	
628	15072	0	0	0		0	
629	15096	0	0	0		0	
630	15120	0	0	0		0	
631	15144	0	0	0		0	
632	15168	0	0	0		0	
633	15192	0	0	0		0	
634	15216	0	0	0		0	
635	15240	0	0	0		0	
636	15264	0	0	0		0	
637	15288	0	0	0		0	
638	15312	0	0	0		0	
639	15336	0	0	0		0	
640	15360	0	0	0		0	
641	15384	0	0	0		0	
642	15408	0	0	0		0	
643	15432	0	0	0		0	
644	15456	0	0	0		0	
645	15480	0	0	0		0	
646	15504	0	0	0		0	
647	15528	0	0	0		0	
648	15552	0	0	0		0	
649	15576	0	0	0		0	
650	15600	0	0	0		0	
651	15624	0	0	0		0	
652	15648	0	0	0		0	
653	15672	0	0	0		0	
654	15696	0	0	0		0	
655	15720	0	0	0		0	
656	15744	0	0	0		0	
657	15768	0	0	0		0	
658	15792	0	0	0		0	
659	15816	0	0	0		0	
660	15840	0	0	0		0	
661	15864	0	0	0		0	
662	15888	0	0	0		0	
663	15912	0	0	0		0	
664	15936	0	0	0		0	
665	15960	0	0	0		0	
666	15984	0	0	0		0	
667	16008	0	0	0		0	
668	16032	0	0	0		0	
669	16056	0	0	0		0	
670	16080	0	0	0		0	
671	16104	0	0	0		0	
672	16128	0	0	0		0	
673	16152	0	0	0		0	
674	16176	0	0	0		0	
675	16200	0	0	0		0	
676	16224	0	0	0		0	
677	16248	0	0	0		0	
678	16272	0	0	0		0	
679	16296	0	0	0		0	
680	16320	0	0	0		0	
681	16344	0	0	0		0	
682	16368	0	0	0		0	
683	16392	0	0	0		0	
684	16416	0	0	0		0	
685	16440	0	0	0		0	
686	16464	0	0	0		0	
687	16488	0	0	0		0	
688	16512	0	0	0		0	
689	16536	0	0	0		0	
690	16560	0	0	0		0	
691	16584	0	0	0		0	
692	16608	0	0	0		0	
693	16632	0	0	0		0	
694	16656	0	0	0		0	
695	16680	0	0	0		0	
696	16704	0	0	0		0	
697	16728	0	0	0		0	
698	16752	0	0	0		0	
699	16776	0	0	0		0	
700	16800	0	0	0		0	
701	16824	0	0	0		0	
702	16848	0	0	0		0	
703	16872	0	0	0		0	
704	16896	0	0	0		0	
705	16920	0	0	0		0	
706	16944	0	0	0		0	
707	16968	0	0	0		0	
708	16992	0	0	0		0	
709	17016	0	0	0		0	
710	17040	0	0	0		0	
711	17064	0	0	0		0	
712	17088	0	0	0		0	
713	17112	0	0	0		0	
714	17136	0	0	0		0	
715	17160	0	0	0.357514051965317		204038.402288823	
716	17184	0	0	0		-145523.909185384	
717	17208	0	0	0		174857.669715885	
718	17232	0	0	0		-68005.0291606958	
719	17256	0	0	0		-48421.0710659429	
720	17280	0	0	0.0244989677979724		114430.774051545	
721	17304	0	0	0.0361349576785905		10650.584069673	
722	17328	0	0	0		-2726.23656239804	
723	17352	0	0	0		13013.2548633466	
724	17376	0	0	0.122214852543594		59558.2132239761	
725	17400	0	0	0.0962605647709928		7179.77038810255	
726	17424	0	0	0.0963163908732229		85713.9693658887	
727	17448	0	0	0.24291546082011		123263.457720141	
728	17472	0	0	0.276856335323305		71373.4182235793	
729	17496	0	0	0.0902145992205672		60582.12804013	
730	17520	0	0	0.0419886254999768		90445.1523090594	
731	17544	0	0	0.126807972083335		40902.1224752241	
732	17568	0	0	0.0364185959754901		3298.01931631386	
733	17592	0	0	0.267155486938691		257247.866736608	
734	17616	0	0	0.217695480775815		28849.3214399416	
735	17640	0	0	0.140653359386275		110020.45694921	
736	17664	0	0	0.0226890489900558		42048.9972611072	
737	17688	0	0	0.0259777425753316		7023.05488135161	
738	17712	0	0	0.00810989365230563	880200	23973.8315363654	856226.168463635
739	17736	0	0	0.0272073481718223	739800	62731.1717081481	677068.828291852
740	17760	0	0	0.0242745227989656	745200	38250.012331934	706949.987668066
741	17784	0	0	0.00640802552433373	754200	8397.09316604025	745802.90683396
742	17808	0	0	0.0263930187048764	685800	25352.1877101295	660447.812289871
743	17832	0	0	0.0352488492047236	730800	6484.29629077394	724315.703709226
744	17856	0	0	0.130980598317657	705600	76451.0207852781	629148.979214722
745	17880	0	0	0.247797893045296	720000	106278.943796072	613721.056203928
746	17904	0	0	0.277053580705341	770400	112836.447868394	657563.552131606
747	17928	0	0	0.315907440865436	750600	166443.006745917	584156.993254083
748	17952	0	0	0.318918051079729	831600	133956.609759738	697643.390240262
749	17976	0	0	0.351002491923051	887400	175556.178844323	711843.821155677
750	18000	0	0	0.349063995350212	874800	184331.11200453	690468.88799547
751	18024	0	0	0.300458343719935	914400	175457.354543107	738942.645456893
752	18048	0	0	0.182622019330193	907200	131448.82921204	775751.17078796
753	18072	0	0	0.226777423056721	856800	177709.966143348	679090.033856652
754	18096	0	0.025	0.0522002459045901	804600	60612.5565920149	743987.443407985
755	18120	0	0	0.0519725567873861	905400	169213.075056038	736186.924943962
756	18144	0	0	0.0447276817604623	923400	52363.2521193851	871036.747880615
757	18168	0	0.108333333333333	0.0583961330946439	952200	207882.900458358	744317.099541642
758	18192	0	0	0.080967457717315	963000	206885.003018158	756114.996981842
759	18216	0	0	0.0584747207699117	921600	46991.0196148304	874608.98038517
760	18240	0	0.00833333333333333	0.0268337940606314	927000	-23286.2020446339	950286.202044634
761	18264	0	0.00833333333333333	0.104911191092984	957600	79414.5749630264	878185.425036974
762	18288	0	0.0416666666666667	0.0836225274683535	846000	60386.9917689623	785613.008231038
763	18312	0	0.025	0.031462271650649	1022400	126942.960555012	895457.039444988
764	18336	0	0	0.171003059158993	1179000	149874.210755914	1029125.78924409
765	18360	0	0	0.183694229315565	1130400	5952.36582899521	1124447.634171
766	18384	0	0.00833333333333333	0.171329299478883	1103400	111041.369725859	992358.630274141
767	18408	0	0.383333333333333	0.107605987342391	952200	671355.956014462	280844.043985538
768	18432	0	0.291666666666667	0.0339572189314819	1170000	885274.633236788	284725.366763212
769	18456	0	0.2	0.0514785339018635	1126800	779197.999731761	347602.000268239
770	18480	0	0.3	0.0668714150491834	1155600	573212.70037673	582387.29962327
771	18504	0	0	0.0833049194818667	1294200	235190.171829101	1059009.8281709
772	18528	0	0.05	0.0549528180373011	1296000	-53122.4867388959	1349122.4867389
773	18552	0	0.0166666666666667	0.0607989707317245	1355400	-152681.743542245	1508081.74354225
774	18576	0	0.108333333333333	0.0865647441427644	1222200	162124.503979422	1060075.49602058
775	18600	0	0.0166666666666667	0.121667121195087	1224000	98616.2313390143	1125383.76866099
776	18624	0	0.408333333333333	0.121849216658227	1193400	743185.936884274	450214.063115727
777	18648	0	0.108333333333333	0.104300143479707	1267200	600740.822432687	666459.177567314
778	18672	0	0.00833333333333333	0.0881957385758856	964800	253352.873565375	711447.126434625
779	18696	0	0	0.0807241616763932		-195257.286649749	
780	18720	0	0	0.0888219807153963		-45233.1763257628	
781	18744	0	0	0.123338910199746		-47545.9420446626	
782	18768	0	0	0.145891190950737		48599.1551984469	
783	18792	0	0	0.158464323638683		86086.1851892449	
784	18816	0	0	0.174786551943368		93795.3150585028	
785	18840	0	0	0.136538988407715		64782.9280256333	
786	18864	0	0	0.105357341840735		74790.6265318329	
787	18888	0	0	0.119891233909195		78599.7639361632	
788	18912	0	0.00833333333333333	0.0375302422596828		32232.3294963847	
789	18936	0	0.0166666666666667	0.00900057168894541		94567.1938661702	
790	18960	0	0.025	0.087339770771429		125577.433465201	
791	18984	0	0.00833333333333333	0.0973196314602642		70003.8929732457	
792	19008	0	0	0.0336935165579533		53465.8619164618	
793	19032	0	0	0.0518581199609578		39420.885752589	
794	19056	0	0.00833333333333333	0.0323825106884712		-12477.0620663106	
795	19080	0	0.0416666666666667	0.046896609341573		111535.434803316	
796	19104	0	0	0.0407779032532147		78066.4447853601	
797	19128	0	0.00833333333333333	0.0255004869580855		35234.3131091034	
798	19152	0	0.0166666666666667	0.044331446416189		45861.2104140538	
799	19176	0	0	0.0479140643376361		30927.9680757134	
800	19200	0	0.00833333333333333	0.0471880080506804		32842.5988261221	
801	19224	0	0	0.0378850033341678		23748.2297139857	
802	19248	0	0	0.0153366849676857		6696.62118837951	
803	19272	0	0	0.0363956434901915		20558.7842129345	
804	19296	0	0	0.000815563287343226		-7727.96789181618	
805	19320	0	0	0.0231849153002361		33667.5151671829	
806	19344	0	0	0.0362759917412419		13308.9686875821	
807	19368	0	0	0.0387223501430949		17897.6368974442	
808	19392	0	0.00833333333333333	0.0449682998489074		46556.5426236943	
809	19416	0	0	0.0433665845883979		24653.6472846816	
810	19440	0	0.125	0.0289796349096942		215185.584439591	
811	19464	0	0.00833333333333333	0.050010766214756		178756.799252304	
812	19488	0	0.0333333333333333	0.0515108113371987		110484.213068592	
813	19512	0	0.00833333333333333	0.0563706592947639		11119.0087759668	
814	19536	0	0	0.0300625387409959		18944.2084224692	
815	19560	0	0	0.0043906740406694		-43023.5108340499	
816	19584	0	0.0833333333333333	0.0102809515810893		136976.466743082	
817	19608	0	0	0		80167.2395369592	
818	19632	0	0.0166666666666667	0.00071317042575636		60248.1125483663	
819	19656	0	0	0.00306997685957988		-24514.4267338198	
820	19680	0	0	0		-4563.55115097131	
821	19704	0	0	0		-28183.5518610891	
822	19728	0	0	0.00193390068455912		-1066.0881603164	
823	19752	0	0	0		-5488.88014594594	
824	19776	0	0	0		1808.41296634606	
825	19800	0	0	0		-367.859589642343	
826	19824	0	0	0		-261.924089323899	
827	19848	0	0.0583333333333333	0.00207866461125583		94175.6034973159	
828	19872	0	0.00833333333333333	0		75921.9775479725	
829	19896	0	0	0.000178149872466449		23996.5296234378	
830	19920	0	0	0		-33519.7976538891	
831	19944	0	0	0		-10410.0374446458	
832	19968	0	0	0		-15896.4610945592	
833	19992	0	0	0		-2267.26892279496	
834	20016	0	0	0		50.0538419370304	
835	20040	0	0	0		0	
836	20064	0	0	0		0	
837	20088	0	0	0		0	
838	20112	0	0	0		0	
839	20136	0	0	0		0	
840	20160	0	0	0		0	
841	20184	0	0	0		0	
842	20208	0	0				
843	20232	0	0	0			
844	20256	0	0	0			
845	20280	0	0	0			
846	20304	0	0	0			
847	20328	0	0	0			
848	20352	0	0	0		0	
849	20376	0	0	0		0	
850	20400	0	0	0		0	
851	20424	0	0	0		0	
852	20448	0	0	0		0	
853	20472	0	0	0		0	
854	20496	0	0	0		0	
855	20520	0	0	0		0	
856	20544	0	0	0		0	
857	20568	0	0	0		0	
858	20592	0	0	0		0	
859	20616	0	0	0		0	
860	20640	0	0	0		0	
861	20664	0	0	0		0	
862	20688	0	0	0		0	
863	20712	0	0	0		0	
864	20736	0	0	0		0	
865	20760	0	0	0		0	
866	20784	0	0	0		0	
867	20808	0	0	0		0	
868	20832	0	0	0		0	
869	20856	0	0	0		0	
870	20880	0	0	0		0	
871	20904	0	0	0		0	
872	20928	0	0	0		0	
873	20952	0	0	0		0	
874	20976	0	0	0		0	
875	21000	0	0	0		0	
876	21024	0	0	0		0	
877	21048	0	0	0		0	
878	21072	0	0	0		0	
879	21096	0	0	0		0	
880	21120	0	0	0		0	
881	21144	0	0	0		0	
882	21168	0	0	0		0	
883	21192	0	0	0		0	
884	21216	0	0	0		0	
885	21240	0	0	0		0	
886	21264	0	0	0		0	
887	21288	0	0	0		0	
888	21312	0	0	0		0	
889	21336	0	0	0		0	
890	21360	0	0	0		0	
891	21384	0	0	0		0	
892	21408	0	0	0		0	
893	21432	0	0	0		0	
894	21456	0	0	0		0	
895	21480	0	0	0		0	
896	21504	0	0	0		0	
897	21528	0	0	0		0	
898	21552	0	0	0		0	
899	21576	0	0	0		0	
900	21600	0	0	0		0	
901	21624	0	0	0		0	
902	21648	0	0	0		0	
903	21672	0	0	0		0	
904	21696	0	0	0		0	
905	21720	0	0	0		0	
906	21744	0	0	0		0	
907	21768	0	0	0		0	
908	21792	0	0	0		0	
909	21816	0	0	0		0	
910	21840	0	0	0		0	
911	21864	0	0	0		0	
912	21888	0	0	0		0	
913	21912	0	0	0		0	
914	21936	0	0	0		0	
915	21960	0	0	0		0	
916	21984	0	0	0		0	
917	22008	0	0	0		0	
918	22032	0	0	0		0	
919	22056	0	0	0		0	
920	22080	0	0	0		0	
921	22104	0	0	0		0	
922	22128	0	0	0		0	
923	22152	0	0	0		0	
924	22176	0	0	0		0	
925	22200	0	0	0		0	
926	22224	0	0	0		0	
927	22248	0	0	0		0	
928	22272	0	0	0		0	
929	22296	0	0	0		0	
930	22320	0	0	0		0	
931	22344	0	0	0		0	
932	22368	0	0	0		0	
933	22392	0	0	0		0	
934	22416	0	0	0		0	
935	22440	0	0	0		0	
936	22464	0	0	0		0	
937	22488	0	0	0		0	
938	22512	0	0	0		0	
939	22536	0	0	0		0	
940	22560	0	0	0		0	
941	22584	0	0	0		0	
942	22608	0	0	0		0	
943	22632	0	0	0		0	
944	22656	0	0	0		0	
945	22680	0	0	0		0	
946	22704	0	0	0		0	
947	22728	0	0	0		0	
948	22752	0	0	0		0	
949	22776	0	0	0		0	
950	22800	0	0	0		0	
951	22824	0	0	0		0	
952	22848	0	0	0		0	
953	22872	0	0	0		0	
954	22896	0	0	0		0	
955	22920	0	0	0		0	
956	22944	0	0	0		0	
957	22968	0	0	0		0	
958	22992	0	0	0		0	
959	23016	0	0	0		0	
960	23040	0	0	0		0	
961	23064	0	0	0		0	
962	23088	0	0	0		0	
963	23112	0	0	0		0	
964	23136	0	0	0		0	
965	23160	0	0	0		0	
966	23184	0	0	0		0	
967	23208	0	0	0		0	
968	23232	0	0	0		0	
969	23256	0	0	0		0	
970	23280	0	0	0		0	
971	23304	0	0	0		0	
972	23328	0	0	0		0	
973	23352	0	0	0		0	
974	23376	0	0	0		0	
975	23400	0	0	0		0	
976	23424	0	0	0		0	
977	23448	0	0	0		0	
978	23472	0	0	0		0	
979	23496	0	0	0		0	
980	23520	0	0	0		0	
981	23544	0	0	0		0	
982	23568	0	0	0		0	
983	23592	0	0	0		0	
984	23616	0	0	0		0	
985	23640	0	0	0		0	
986	23664	0	0	0		0	
987	23688	0	0	0		0	
988	23712	0	0	0		0	
989	23736	0	0	0		0	
990	23760	0	0	0		0	
991	23784	0	0	0		0	
992	23808	0	0	0		0	
993	23832	0	0	0		0	
994	23856	0	0	0		0	
995	23880	0	0	0		0	
996	23904	0	0	0		0	
997	23928	0	0	0		0	
998	23952	0	0	0		0	
999	23976	0	0	0		0	
1000	24000	0	0	0		0	
1001	24024	0	0	0		0	
1002	24048	0	0	0		0	
1003	24072	0	0	0		0	
1004	24096	0	0	0		0	
1005	24120	0	0	0		0	
1006	24144	0	0	0		0	
1007	24168	0	0	0		0	
1008	24192	0	0	0		0	
1009	24216	0	0	0		0	
1010	24240	0	0	0		0	
1011	24264	0	0	0		0	
1012	24288	0	0	0		0	
1013	24312	0	0	0		0	
1014	24336	0	0	0		0	
1015	24360	0	0	0		0	
1016	24384	0	0	0		0	
1017	24408	0	0	0		0	
1018	24432	0	0	0		0	
1019	24456	0	0	0		0	
1020	24480	0	0	0		0	
1021	24504	0	0	0		0	
1022	24528	0	0	0		0	
1023	24552	0	0	0		0	
1024	24576	0	0	0		0	
1025	24600	0	0	0		0	
1026	24624	0	0	0		0	
1027	24648	0	0	0		0	
1028	24672	0	0	0		0	
1029	24696	0	0	0		0	
1030	24720	0	0	0		0	
1031	24744	0	0	0		0	
1032	24768	0	0	0		0	
1033	24792	0	0	0		0	
1034	24816	0	0	0		0	
1035	24840	0	0	0		0	
1036	24864	0	0	0		0	
1037	24888	0	0	0		0	
1038	24912	0	0	0		0	
1039	24936	0	0	0		0	
1040	24960	0	0	0		0	
1041	24984	0	0	0		0	
1042	25008	0	0	0		0	
1043	25032	0	0	0		0	
1044	25056	0	0	0		0	
1045	25080	0	0	0		0	
1046	25104	0	0	0		0	
1047	25128	0	0	0		0	
1048	25152	0	0	0		0	
1049	25176	0	0	0		0	
1050	25200	0	0	0		0	
1051	25224	0	0	0		0	
1052	25248	0	0	0		0	
1053	25272	0	0	0		0	
1054	25296	0	0	0		0	
1055	25320	0	0	0		0	
1056	25344	0	0	0		0	
1057	25368	0	0	0		0	
1058	25392	0	0	0		0	
1059	25416	0	0	0		0	
1060	25440	0	0	0		0	
1061	25464	0	0	0		0	
1062	25488	0	0	0		0	
1063	25512	0	0	0		0	
1064	25536	0	0	0		0	
1065	25560	0	0	0		0	
1066	25584	0	0	0		0	
1067	25608	0	0	0		0	
1068	25632	0	0	0		0	
1069	25656	0	0	0		0	
1070	25680	0	0	0		0	
1071	25704	0	0	0		0	
1072	25728	0	0	0		0	
1073	25752	0	0	0		0	
1074	25776	0	0	0		0	
1075	25800	0	0	0		0	
1076	25824	0	0	0		0	
1077	25848	0	0	0		0	
1078	25872	0	0	0		0	
1079	25896	0	0	0		0	
1080	25920	0	0	0		0	
1081	25944	0	0	0		0	
1082	25968	0	0	0		0	
1083	25992	0	0	0		0	
1084	26016	0	0	0		0	
1085	26040	0	0	0.106266212054261		60647.6528842567	
1086	26064	0	0	0		-43255.0119567306	
1087	26088	0	0	0		51974.0751648687	
1088	26112	0	0	0		-20213.5742911939	
1089	26136	0	0	0		-14392.5078678784	
1090	26160	0	0	0		29857.0642109928	
1091	26184	0	0	0		0	
1092	26208	0	0	0		0	
1093	26232	0	0	0.231250937412569		131978.230052985	
1094	26256	0	0	0.521615025369186		203563.903491466	
1095	26280	0	0	0.270932483532439		55408.0977047647	
1096	26304	0	0	0.102524741878273		159361.54444404	
1097	26328	0	0	0.149185717768161	802800	45381.6397358373	757418.360264163
1098	26352	0	0	0.0707528716524024	997200	-27410.348610144	1024610.34861014
1099	26376	0	0.141666666666667	0.10631734313883	777600	419713.500876522	357886.499123478
1100	26400	0	0.05	0.0733431056435041	876600	300649.099885689	575950.900114311
1101	26424	0	0.00833333333333333	0.264380562612678	1470600	269370.28454971	1201229.71545029
1102	26448	0	0	0.172483271565445	1125000	-25343.0775328981	1150343.0775329
1103	26472	0	0	0.0875422669724313	876600	59881.4997915254	816718.500208475
1104	26496	0	0	0.147444418161367	876600	54919.5343057182	821680.465694282
1105	26520	0	0	0.159100288303065	774000	11387.7776007623	762612.222399238
1106	26544	0	0	0.15075891715996	702000	125419.21873372	576580.78126628
1107	26568	0	0	0.111148384855725	658800	88442.1558680109	570357.844131989
1108	26592	0	0	0.0589044522587905	655200	36473.7004894344	618726.299510566
1109	26616	0	0	0.274649353545262	637200	178333.157377893	458866.842622107
1110	26640	0	0	0.309909817409359	851400	97026.2200743894	754373.779925611
1111	26664	0	0	0.151978086173968	840600	111017.908895953	729582.091104047
1112	26688	0	0	0.208974843545768	876600	179986.019751701	696613.980248299
1113	26712	0	0	0.288782871168353	921600	74484.1677174682	847115.832282532
1114	26736	0	0	0.358787502471768	894600	195710.477970427	698889.522029574
1115	26760	0	0	0.349913329166093	988200	221639.687786213	766560.312213787
1116	26784	0	0	0.372480972867862	1126800	205096.738551188	921703.261448813
1117	26808	0	0	0.358651408209426	1126800	175566.685101063	951233.314898937
1118	26832	0	0	0.361657347161312	1195200	208579.092609348	986620.907390652
1119	26856	0	0	0.246455377888895	1308600	151422.184063458	1157177.81593654
1120	26880	0	0	0.236195993896777	1245600	191010.205465117	1054589.79453488
1121	26904	0	0	0.200273813336308	1346400	125982.414393817	1220417.58560618
1122	26928	0	0	0.173706019779162	1339200	138044.464719294	1201155.53528071
1123	26952	0	0.0833333333333333	0.118700688335443	1326600	250361.517710245	1076238.48228975
1124	26976	0	0.00833333333333333	0.0723173431270991	1195200	181083.274003644	1014116.72599636
1125	27000	0	0	0.0699718725340954	1211400	103541.224479342	1107858.77552066
1126	27024	0	0	0.0778753316202314	1031400	13435.7467197924	1017964.25328021
1127	27048	0	0.116666666666667	0.0697990773961754	1031400	233774.482733421	797625.517266579
1128	27072	0	0.00833333333333333	0.0804532041496255	1089000	182992.768878351	906007.231121649
1129	27096	0	0.0916666666666667	0.060660097814103		211743.64744269	
1130	27120	0	0.00833333333333333	0.0563221073744256		87651.0743288604	
1131	27144	0	0	0.0703760916085665		59365.5270633022	
1132	27168	0	0	0.09906689359385		-32598.0386029131	
1133	27192	0	0	0.124552814491772		53418.1390148952	
1134	27216	0	0	0.180530298677779		71395.0411236693	
1135	27240	0	0.00833333333333333	0.103052088440565		44659.6683714744	
1136	27264	0	0.0916666666666667	0.0531360785684871		213691.084745104	
1137	27288	0	0	0.0644176779011136		144016.259420527	
1138	27312	0	0	0.0846074083897595		55675.6361218075	
1139	27336	0	0	0.0961195678632212		22801.4400599996	
1140	27360	0	0	0.105923852281833		61778.3632112442	
1141	27384	0	0	0.160616261334685		60998.2599614448	
1142	27408	0	0	0.158478436412704		65231.1863913501	
1143	27432	0	0	0.186265858905468		110958.219320377	
1144	27456	0	0.025	0.180595710155206		126488.81325348	
1145	27480	0	0.0166666666666667	0.0817002339947486		95734.3404329609	
1146	27504	0	0	0.0355769513889914		87683.3316039044	
1147	27528	0	0	0.0471949642480727		26291.9779800658	
1148	27552	0	0.25	0.0541481439140288		425383.370731687	
1149	27576	0	0.125	0.0359038259086546		516727.548277732	
1150	27600	0	0	0.0246112631328224		225925.388737328	
1151	27624	0	0	0.0409784318350877		-96298.1541763208	
1152	27648	0	0.00833333333333333	0.032011148982539		-71458.1209108428	
1153	27672	0	0	0.0452527431291543		-30875.0968848114	
1154	27696	0	0	0.045999134840848		-9227.38593276481	
1155	27720	0	0	0.0632172698687654		29760.6607265806	
1156	27744	0	0.00833333333333333	0.0492242704918073		35890.7449732106	
1157	27768	0	0.00833333333333333	0.0209419677089269		36993.4790299214	
1158	27792	0	0	0.0135499081537152		28794.8635687166	
1159	27816	0	0	0.0287671327584782		13111.6709063237	
1160	27840	0	0	0.0222206291312741		8962.87646858098	
1161	27864	0	0	0.0106225654710403		16516.2540677432	
1162	27888	0	0	0.019965500768981		14272.3643406939	
1163	27912	0	0	0.0522318390178835		22562.1991521038	
1164	27936	0	0	0.0646123805965608		28431.9947280765	
1165	27960	0	0	0.0907651361235384		52053.8735233484	
1166	27984	0	0	0.0941558530194317		38737.2987414613	
1167	28008	0	0	0.109356335570018		54723.3533231053	
1168	28032	0	0.166666666666667	0.0808165449998591		300451.826844696	
1169	28056	0	0.00833333333333333	0.0840522216051749		251321.028789925	
1170	28080	0	0	0.0757886085288941		89018.6741443619	
1171	28104	0	0	0.0333430903850172		-72534.3746651083	
1172	28128	0	0.00833333333333333	0.0420883630010689		44618.3856590028	
1173	28152	0	0	0.0795689521486		4966.47807160718	
1174	28176	0	0	0.0792321589625562		40152.6417188042	
1175	28200	0	0	0.0421867534559315		34511.0643345324	
1176	28224	0	0.0833333333333333	0.0190608950509148		152311.89574672	
1177	28248	0	0.0166666666666667	0.0482388629096384		141354.816395075	
1178	28272	0	0.00833333333333333	0.0469502224355232		71161.1775779865	
1179	28296	0	0	0.0319745698718794		-1357.50240956315	
1180	28320	0	0.00833333333333333	0.0208562079741892		19671.4202836024	
1181	28344	0	0	0.000173679459797071		-22704.0955986303	
1182	28368	0	0	0		7982.65031081036	
1183	28392	0	0	0		-2267.89680757245	
1184	28416	0	0	0.00881343199619345		10411.2946435793	
1185	28440	0	0	0.00990429575555395		5658.26685684993	
1186	28464	0	0	0.000109803769946737		390.570479620993	
1187	28488	0	0	0.000127139804355636		3195.52951417719	
1188	28512	0	0	0.00242114803566018		-1693.89820755089	
1189	28536	0	0	0.0062958963760007		3783.78546229584	
1190	28560	0	0	0		1365.16346069624	
1191	28584	0	0	0		2632.36910355151	
1192	28608	0	0	0.00558235561509158		1696.1536706743	
1193	28632	0	0	0.0015696956570217		-1548.86359564977	
1194	28656	0	0	0		3860.28202527292	
1195	28680	0	0	0		-294.128107865028	
1196	28704	0	0	0		-1054.64620148545	
1197	28728	0	0	0		1355.84858224697	
1198	28752	0	0	0		441.029214436312	
1199	28776	0	0	0		0	
1200	28800	0	0	0		0	
1201	28824	0	0	0		0	
1202	28848	0	0	0		0	
1203	28872	0	0	0		0	
1204	28896	0	0	0		0	
1205	28920	0	0	0		0	
1206	28944	0	0	0		0	
1207	28968	0	0				
1208	28992	0	0	0			
1209	29016	0	0	0			
1210	29040	0	0	0			
1211	29064	0	0	0			
1212	29088	0	0	0			
1213	29112	0	0	0		0	
1214	29136	0	0	0		0	
1215	29160	0	0	0		0	
1216	29184	0	0	0		0	
1217	29208	0	0	0		0	
1218	29232	0	0	0		0	
1219	29256	0	0	0		0	
1220	29280	0	0	0		0	
1221	29304	0	0	0		0	
1222	29328	0	0	0		0	
1223	29352	0	0	0		0	
1224	29376	0	0	0		0	
1225	29400	0	0	0		0	
1226	29424	0	0	0		0	
1227	29448	0	0	0		0	
1228	29472	0	0	0		0	
1229	29496	0	0	0		0	
1230	29520	0	0	0		0	
1231	29544	0	0	0		0	
1232	29568	0	0	0		0	
1233	29592	0	0	0		0	
1234	29616	0	0	0		0	
1235	29640	0	0	0		0	
1236	29664	0	0	0		0	
1237	29688	0	0	0		0	
1238	29712	0	0	0		0	
1239	29736	0	0	0		0	
1240	29760	0	0	0		0	
1241	29784	0	0	0		0	
1242	29808	0	0	0		0	
1243	29832	0	0	0		0	
1244	29856	0	0	0		0	
1245	29880	0	0	0		0	
1246	29904	0	0	0		0	
1247	29928	0	0	0		0	
1248	29952	0	0	0		0	
1249	29976	0	0	0		0	
1250	30000	0	0	0		0	
1251	30024	0	0	0		0	
1252	30048	0	0	0		0	
1253	30072	0	0	0		0	
1254	30096	0	0	0		0	
1255	30120	0	0	0		0	
1256	30144	0	0	0		0	
1257	30168	0	0	0		0	
1258	30192	0	0	0		0	
1259	30216	0	0	0		0	
1260	30240	0	0	0		0	
1261	30264	0	0	0		0	
1262	30288	0	0	0		0	
1263	30312	0	0	0		0	
1264	30336	0	0	0		0	
1265	30360	0	0	0		0	
1266	30384	0	0	0		0	
1267	30408	0	0	0		0	
1268	30432	0	0	0		0	
1269	30456	0	0	0		0	
1270	30480	0	0	0		0	
1271	30504	0	0	0		0	
1272	30528	0	0	0		0	
1273	30552	0	0	0		0	
1274	30576	0	0	0		0	
1275	30600	0	0	0		0	
1276	30624	0	0	0		0	
1277	30648	0	0	0		0	
1278	30672	0	0	0		0	
1279	30696	0	0	0		0	
1280	30720	0	0	0		0	
1281	30744	0	0	0		0	
1282	30768	0	0	0		0	
1283	30792	0	0	0		0	
1284	30816	0	0	0		0	
1285	30840	0	0	0		0	
1286	30864	0	0	0		0	
1287	30888	0	0	0		0	
1288	30912	0	0	0		0	
1289	30936	0	0	0		0	
1290	30960	0	0	0		0	
1291	30984	0	0	0		0	
1292	31008	0	0	0		0	
1293	31032	0	0	0		0	
1294	31056	0	0	0		0	
1295	31080	0	0	0		0	
1296	31104	0	0	0		0	
1297	31128	0	0	0		0	
1298	31152	0	0	0		0	
1299	31176	0	0	0		0	
1300	31200	0	0	0		0	
1301	31224	0	0	0		0	
1302	31248	0	0	0		0	
1303	31272	0	0	0		0	
1304	31296	0	0	0		0	
1305	31320	0	0	0		0	
1306	31344	0	0	0		0	
1307	31368	0	0	0		0	
1308	31392	0	0	0		0	
1309	31416	0	0	0		0	
1310	31440	0	0	0		0	
1311	31464	0	0	0		0	
1312	31488	0	0	0		0	
1313	31512	0	0	0		0	
1314	31536	0	0	0		0	
1315	31560	0	0	0		0	
1316	31584	0	0	0		0	
1317	31608	0	0	0		0	
1318	31632	0	0	0		0	
1319	31656	0	0	0		0	
1320	31680	0	0	0		0	
1321	31704	0	0	0		0	
1322	31728	0	0	0		0	
1323	31752	0	0	0		0	
1324	31776	0	0	0		0	
1325	31800	0	0	0		0	
1326	31824	0	0	0		0	
1327	31848	0	0	0		0	
1328	31872	0	0	0		0	
1329	31896	0	0	0		0	
1330	31920	0	0	0		0	
1331	31944	0	0	0		0	
1332	31968	0	0	0		0	
1333	31992	0	0	0		0	
1334	32016	0	0	0		0	
1335	32040	0	0	0		0	
1336	32064	0	0	0		0	
1337	32088	0	0	0		0	
1338	32112	0	0	0		0	
1339	32136	0	0	0		0	
1340	32160	0	0	0		0	
1341	32184	0	0	0		0	
1342	32208	0	0	0		0	
1343	32232	0	0	0		0	
1344	32256	0	0	0		0	
1345	32280	0	0	0		0	
1346	32304	0	0	0		0	
1347	32328	0	0	0		0	
1348	32352	0	0	0		0	
1349	32376	0	0	0		0	
1350	32400	0	0	0		0	
1351	32424	0	0	0		0	
1352	32448	0	0	0		0	
1353	32472	0	0	0		0	
1354	32496	0	0	0		0	
1355	32520	0	0	0		0	
1356	32544	0	0	0		0	
1357	32568	0	0	0		0	
1358	32592	0	0	0		0	
1359	32616	0	0	0		0	
1360	32640	0	0	0		0	
1361	32664	0	0	0		0	
1362	32688	0	0	0		0	
1363	32712	0	0	0		0	
1364	32736	0	0	0		0	
1365	32760	0	0	0		0	
1366	32784	0	0	0		0	
1367	32808	0	0	0		0	
1368	32832	0	0	0		0	
1369	32856	0	0	0		0	
1370	32880	0	0	0		0	
1371	32904	0	0	0		0	
1372	32928	0	0	0		0	
1373	32952	0	0	0		0	
1374	32976	0	0	0		0	
1375	33000	0	0	0		0	
1376	33024	0	0	0		0	
1377	33048	0	0	0		0	
1378	33072	0	0	0		0	
1379	33096	0	0	0		0	
1380	33120	0	0	0		0	
1381	33144	0	0	0		0	
1382	33168	0	0	0		0	
1383	33192	0	0	0		0	
1384	33216	0	0	0		0	
1385	33240	0	0	0		0	
1386	33264	0	0	0		0	
1387	33288	0	0	0		0	
1388	33312	0	0	0		0	
1389	33336	0	0	0		0	
1390	33360	0	0	0		0	
1391	33384	0	0	0		0	
1392	33408	0	0	0		0	
1393	33432	0	0	0		0	
1394	33456	0	0	0		0	
1395	33480	0	0	0		0	
1396	33504	0	0	0		0	
1397	33528	0	0	0		0	
1398	33552	0	0	0		0	
1399	33576	0	0	0		0	
1400	33600	0	0	0		0	
1401	33624	0	0	0		0	
1402	33648	0	0	0		0	
1403	33672	0	0	0		0	
1404	33696	0	0	0		0	
1405	33720	0	0	0		0	
1406	33744	0	0	0		0	
1407	33768	0	0	0		0	
1408	33792	0	0	0		0	
1409	33816	0	0	0		0	
1410	33840	0	0	0		0	
1411	33864	0	0	0		0	
1412	33888	0	0	0		0	
1413	33912	0	0	0		0	
1414	33936	0	0	0		0	
1415	33960	0	0	0		0	
1416	33984	0	0	0		0	
1417	34008	0	0	0		0	
1418	34032	0	0	0		0	
1419	34056	0	0	0		0	
1420	34080	0	0	0		0	
1421	34104	0	0	0		0	
1422	34128	0	0	0		0	
1423	34152	0	0.075	0		118859.042257548	
1424	34176	0	0	0		81721.9607389722	
1425	34200	0	0	0		17740.2580394542	
1426	34224	0	0	0		-45029.6055767457	
1427	34248	0	0	0		-6701.59177298196	
1428	34272	0	0	0		-20188.2655715463	
1429	34296	0	0	0		0	
1430	34320	0	0	0		0	
1431	34344	0	0	0		0	
1432	34368	0	0	0		0	
1433	34392	0	0	0		0	
1434	34416	0	0.025	0		39619.6807525161	
1435	34440	0	0	0		27240.6535796574	
1436	34464	0	0.025	0		45533.1000990008	
1437	34488	0	0.0166666666666667	0		38643.9055557529	
1438	34512	0	0.00833333333333333	0		35046.5513927677	
1439	34536	0	0	0		-8716.79295855505	
1440	34560	0	0	0		-10269.3031592204	
1441	34584	0	0	0.105091963723257		46755.5385211321	
1442	34608	0	0	0.275130232959601		109012.830098477	
1443	34632	0	0	0.0240439652968436		-49111.2253751278	
1444	34656	0	0	0		104787.147016726	
1445	34680	0	0	0.0584014019282954		-21477.4899998685	
1446	34704	0	0	0.039979778553404		-13264.4665858845	
1447	34728	0	0	0		86335.6371606218	
1448	34752	0	0	0.0137603603708949		23053.6749805488	
1449	34776	0	0.0666666666666667	0.0051408909969568		87470.8003319263	
1450	34800	0	0	0		88273.21971974	
1451	34824	0	0	0		26898.9569991298	
1452	34848	0	0	0		-42867.8766278315	
1453	34872	0	0	0.0208771346315819		9127.81361093633	
1454	34896	0	0	0.00216902661416562		-23760.7309703731	
1455	34920	0	0	0.0131707744143372		16844.7243270729	
1456	34944	0	0	0.00365897223953171		-6183.17218010271	
1457	34968	0	0	0.0332741226514821		20702.2460332277	
1458	34992	0	0	0.224506849141248		119441.505687335	
1459	35016	0	0.00833333333333333	0.263241179619746		86461.6827306277	
1460	35040	0	0.025	0.188654158490711		155897.257960265	
1461	35064	0	0	0.189180865447961		142955.535838942	
1462	35088	0	0	0.121245570977919		14240.5193835127	
1463	35112	0	0	0.158553560077047		109449.58707756	
1464	35136	0	0.075	0.168586963253202		217784.375696936	
1465	35160	0	0.00833333333333333	0.247207380590457		242529.026794055	
1466	35184	0	0	0.22208453432298		141970.174528059	
1467	35208	0	0	0.0850536059972393		16515.6507013292	
1468	35232	0	0	0.0898074722848112		88240.9586225624	
1469	35256	0	0	0.155919890315853		44737.9397900943	
1470	35280	0	0.0333333333333333	0.153453609272182		141818.503257243	
1471	35304	0	0	0.237813518403025		219637.028371492	
1472	35328	0	0	0.296823259241387		137613.609467358	
1473	35352	0	0	0.173133926426349		49215.5598300957	
1474	35376	0	0	0.102192907475584		107834.074634123	
1475	35400	0	0	0.121307264890645		57786.2252505758	
1476	35424	0	0	0.114705703489296		59751.7605882631	
1477	35448	0	0.00833333333333333	0.128454507553765		139666.854997403	
1478	35472	0	0.216666666666667	0.1114681365681		431611.482867867	
1479	35496	0	0.0666666666666667	0.100277250561783		408856.811198119	
1480	35520	0	0.283333333333333	0.110352185000984		638705.152768214	
1481	35544	0	0.1	0.202855403402232		465671.871264088	
1482	35568	0	0	0.215623985786991		210732.676333754	
1483	35592	0	0	0.272338478025349		-47116.0973211534	
1484	35616	0	0	0.242872513267995		4557.65745831699	
1485	35640	0	0	0.275566701410479		68922.2326134032	
1486	35664	0	0	0.301048822725244		127502.991688249	
1487	35688	0	0	0.167654301984204		85419.7931068937	
1488	35712	0	0	0.193312516988926		180530.483186034	
1489	35736	0	0	0.302064526350189		149356.393319518	
1490	35760	0	0	0.197228693323005		88915.9799569673	
1491	35784	0	0	0.0618520314050617		127862.906037879	
1492	35808	0	0	0.0893060765690805		85720.3990181287	
1493	35832	0	0	0.112400042022772		33935.0269308468	
1494	35856	0	0	0.137856756237365		122995.991188797	
1495	35880	0	0	0.188943849789908		136743.017632789	
1496	35904	0	0	0.212545390259295		95721.5171842592	
1497	35928	0	0	0.223008603106599		116816.037336733	
1498	35952	0	0	0.197400235194224		102808.515578008	
1499	35976	0	0	0.139502357791118		81050.4761014064	
1500	36000	0	0.0166666666666667	0.117866203142379		115324.481761369	
1501	36024	0	0.0166666666666667	0.15171293080374		143376.354744837	
1502	36048	0	0	0.16685906695262		122611.704017871	
1503	36072	0	0	0.152799700540031		101571.9545619	
1504	36096	0	0	0.140286921432171		82354.7554848126	
1505	36120	0	0	0.0944115948968296		46366.0745184104	
1506	36144	0	0	0.150642416162922		102633.105651233	
1507	36168	0	0	0.15614889953498		73476.1388319834	
1508	36192	0	0	0.10222320546446		74431.459780586	
1509	36216	0	0	0.126560792989711		104966.177125988	
1510	36240	0	0	0.117538267096094		41983.1609464037	
1511	36264	0	0	0.0871570280079439		65530.7057135808	
1512	36288	0	0	0.13191430175277		103249.287339683	
1513	36312	0	0.025	0.117809754355395		85010.6411251851	
1514	36336	0	0	0.106006756573421		107366.128470519	
1515	36360	0	0.0333333333333333	0.0453723324128852		95232.3021288762	
1516	36384	0	0	0.0171174522917568		48671.2967992414	
1517	36408	0	0.0583333333333333	0.0771939305135803		158319.151503134	
1518	36432	0	0.0416666666666667	0.0716480349994662		130805.484209017	
1519	36456	0	0	0.10131933730904		143019.108155119	
1520	36480	0	0	0.0988525945910173		11823.9706822805	
1521	36504	0	0	0.07505344514062		2648.29240294814	
1522	36528	0	0	0.114139966042861		56226.6019897226	
1523	36552	0	0	0.090241999928292		18139.5320981237	
1524	36576	0	0	0.0408960972233388		43234.9608941121	
1525	36600	0	0	0.0195366568111179		34537.788672426	
1526	36624	0	0	0.055932673563964		32434.2574503734	
1527	36648	0	0	0.0475116912744369		25971.783641768	
1528	36672	0	0	0.0357525662321781		44521.1837555849	
1529	36696	0	0	0.0211556814379694		18963.6722773344	
1530	36720	0	0.2	0.0486203241354435		342456.995418761	
1531	36744	0	0.00833333333333333	0.0344064582698866		243804.030322814	
1532	36768	0	0	0.00176991713348507		71655.309138201	
1533	36792	0	0.0833333333333333	0.0442344075408432		53242.0764091661	
1534	36816	0	0.05	0.0405293589004856		145972.614300449	
1535	36840	0	0.00833333333333333	0.0365749001577598		67494.5893135631	
1536	36864	0	0	0.02843407682135		-9193.02140967265	
1537	36888	0	0	0.0618622735610916		-7077.60062670917	
1538	36912	0	0	0.0327335899650478		-24512.7009071554	
1539	36936	0	0	0.00893988014861513		8856.11468704613	
1540	36960	0	0	0.00446177262039882		7332.08809855486	
1541	36984	0	0	0.00026434588420976		-3908.84471998472	
1542	37008	0	0	0.029820256307552		30340.7000549702	
1543	37032	0	0	0.0170252266351838		4845.16051476546	
1544	37056	0	0.00833333333333333	0.0362373138497851		43399.7979113447	
1545	37080	0	0	0.0169454489037886		7873.47053819421	
1546	37104	0	0.00833333333333333	0.00383680274897635		20990.2907268464	
1547	37128	0	0	0		9982.72886462522	
1548	37152	0	0	0		-244.658042589417	
1549	37176	0	0	0		-89.905135627132	
1550	37200	0	0	0		3496.80344524739	
1551	37224	0	0	0.0134813055438006		6528.84049392135	
1552	37248	0	0.266666666666667	0.00735018082731109		421317.298748135	
1553	37272	0	0	0		294168.739384849	
1554	37296	0	0.0666666666666667	0.00206417161392736		170937.56526711	
1555	37320	0	0.00833333333333333	0.00163364379843145		-77388.8345926434	
1556	37344	0	0.316666666666667	0.00813206120796295		510648.712043617	
1557	37368	0	0	0		234374.003528912	
1558	37392	0	0	0		67330.073521993	
1559	37416	0	0	0		-210002.897117109	
1560	37440	0	0	0		-31181.1459279379	
1561	37464	0	0	0		-82954.5206350716	
1562	37488	0	0	0		0	
1563	37512	0	0.00833333333333333	0.000136029334990795		13284.1941452922	
1564	37536	0	0	0.000680122336023104		9413.00353238544	
1565	37560	0	0	0		1760.83115759266	
1566	37584	0	0	0		-4696.52134849816	
1567	37608	0	0	0		-892.41529019253	
1568	37632	0	0	0		-2297.03573183661	
1569	37656	0	0	0		191.090430960346	
1570	37680	0	0	0		0	
1571	37704	0	0	0		0	
1572	37728	0	0				
1573	37752	0	0	0			
1574	37776	0	0	0			
1575	37800	0	0	0			
1576	37824	0	0	0			
1577	37848	0	0	0			
1578	37872	0	0	0		0	
1579	37896	0	0	0		0	
1580	37920	0	0	0		0	
1581	37944	0	0	0		0	
1582	37968	0	0	0		0	
1583	37992	0	0	0		0	
1584	38016	0	0	0		0	
1585	38040	0	0	0		0	
1586	38064	0	0	0		0	
1587	38088	0	0	0		0	
1588	38112	0	0	0		0	
1589	38136	0	0	0		0	
1590	38160	0	0	0		0	
1591	38184	0	0	0		0	
1592	38208	0	0	0		0	
1593	38232	0	0	0		0	
1594	38256	0	0	0		0	
1595	38280	0	0	0		0	
1596	38304	0	0	0		0	
1597	38328	0	0	0		0	
1598	38352	0	0	0		0	
1599	38376	0	0	0		0	
1600	38400	0	0	0		0	
1601	38424	0	0	0		0	
1602	38448	0	0	0		0	
1603	38472	0	0	0		0	
1604	38496	0	0	0		0	
1605	38520	0	0	0		0	
1606	38544	0	0	0		0	
1607	38568	0	0	0		0	
1608	38592	0	0	0		0	
1609	38616	0	0	0		0	
1610	38640	0	0	0		0	
1611	38664	0	0	0		0	
1612	38688	0	0	0		0	
1613	38712	0	0	0		0	
1614	38736	0	0	0		0	
1615	38760	0	0	0		0	
1616	38784	0	0	0		0	
1617	38808	0	0	0		0	
1618	38832	0	0	0		0	
1619	38856	0	0	0		0	
1620	38880	0	0	0		0	
1621	38904	0	0	0		0	
1622	38928	0	0	0		0	
1623	38952	0	0	0		0	
1624	38976	0	0	0		0	
1625	39000	0	0	0		0	
1626	39024	0	0	0		0	
1627	39048	0	0	0		0	
1628	39072	0	0	0		0	
1629	39096	0	0	0		0	
1630	39120	0	0	0		0	
1631	39144	0	0	0		0	
1632	39168	0	0	0		0	
1633	39192	0	0	0		0	
1634	39216	0	0	0		0	
1635	39240	0	0	0		0	
1636	39264	0	0	0		0	
1637	39288	0	0	0		0	
1638	39312	0	0	0		0	
1639	39336	0	0	0		0	
1640	39360	0	0	0		0	
1641	39384	0	0	0		0	
1642	39408	0	0	0		0	
1643	39432	0	0	0		0	
1644	39456	0	0	0		0	
1645	39480	0	0	0		0	
1646	39504	0	0	0		0	
1647	39528	0	0	0		0	
1648	39552	0	0	0		0	
1649	39576	0	0	0		0	
1650	39600	0	0	0		0	
1651	39624	0	0	0		0	
1652	39648	0	0	0		0	
1653	39672	0	0	0		0	
1654	39696	0	0	0		0	
1655	39720	0	0	0		0	
1656	39744	0	0	0		0	
1657	39768	0	0	0		0	
1658	39792	0	0	0		0	
1659	39816	0	0	0		0	
1660	39840	0	0	0		0	
1661	39864	0	0	0		0	
1662	39888	0	0	0		0	
1663	39912	0	0	0		0	
1664	39936	0	0	0		0	
1665	39960	0	0	0		0	
1666	39984	0	0	0		0	
1667	40008	0	0	0		0	
1668	40032	0	0	0		0	
1669	40056	0	0	0		0	
1670	40080	0	0	0		0	
1671	40104	0	0	0		0	
1672	40128	0	0	0		0	
1673	40152	0	0	0		0	
1674	40176	0	0	0		0	
1675	40200	0	0	0		0	
1676	40224	0	0	0		0	
1677	40248	0	0	0		0	
1678	40272	0	0	0		0	
1679	40296	0	0	0		0	
1680	40320	0	0	0		0	
1681	40344	0	0	0		0	
1682	40368	0	0	0		0	
1683	40392	0	0	0		0	
1684	40416	0	0	0		0	
1685	40440	0	0	0		0	
1686	40464	0	0	0		0	
1687	40488	0	0	0		0	
1688	40512	0	0	0		0	
1689	40536	0	0	0		0	
1690	40560	0	0	0		0	
1691	40584	0	0	0		0	
1692	40608	0	0	0		0	
1693	40632	0	0	0		0	
1694	40656	0	0	0		0	
1695	40680	0	0	0		0	
1696	40704	0	0	0		0	
1697	40728	0	0	0		0	
1698	40752	0	0	0		0	
1699	40776	0	0	0		0	
1700	40800	0	0	0		0	
1701	40824	0	0	0		0	
1702	40848	0	0	0		0	
1703	40872	0	0	0		0	
1704	40896	0	0	0		0	
1705	40920	0	0	0		0	
1706	40944	0	0	0		0	
1707	40968	0	0	0		0	
1708	40992	0	0	0		0	
1709	41016	0	0	0		0	
1710	41040	0	0	0		0	
1711	41064	0	0	0		0	
1712	41088	0	0	0		0	
1713	41112	0	0	0		0	
1714	41136	0	0	0		0	
1715	41160	0	0	0		0	
1716	41184	0	0	0		0	
1717	41208	0	0	0		0	
1718	41232	0	0	0		0	
1719	41256	0	0	0		0	
1720	41280	0	0	0		0	
1721	41304	0	0	0		0	
1722	41328	0	0	0		0	
1723	41352	0	0	0		0	
1724	41376	0	0	0		0	
1725	41400	0	0	0		0	
1726	41424	0	0	0		0	
1727	41448	0	0	0		0	
1728	41472	0	0	0		0	
1729	41496	0	0	0		0	
1730	41520	0	0	0		0	
1731	41544	0	0	0		0	
1732	41568	0	0	0		0	
1733	41592	0	0	0		0	
1734	41616	0	0	0		0	
1735	41640	0	0	0		0	
1736	41664	0	0	0		0	
1737	41688	0	0	0		0	
1738	41712	0	0	0		0	
1739	41736	0	0	0		0	
1740	41760	0	0	0		0	
1741	41784	0	0	0		0	
1742	41808	0	0	0		0	
1743	41832	0	0	0		0	
1744	41856	0	0	0		0	
1745	41880	0	0	0		0	
1746	41904	0	0	0		0	
1747	41928	0	0	0		0	
1748	41952	0	0	0		0	
1749	41976	0	0	0		0	
1750	42000	0	0	0		0	
1751	42024	0	0	0		0	
1752	42048	0	0	0		0	
1753	42072	0	0	0		0	
1754	42096	0	0	0		0	
1755	42120	0	0	0		0	
1756	42144	0	0	0		0	
1757	42168	0	0	0		0	
1758	42192	0	0	0		0	
1759	42216	0	0	0		0	
1760	42240	0	0	0		0	
1761	42264	0	0	0		0	
1762	42288	0	0	0		0	
1763	42312	0	0	0		0	
1764	42336	0	0	0		0	
1765	42360	0	0	0		0	
1766	42384	0	0	0		0	
1767	42408	0	0	0		0	
1768	42432	0	0	0		0	
1769	42456	0	0	0		0	
1770	42480	0	0	0		0	
1771	42504	0	0	0		0	
1772	42528	0	0	0		0	
1773	42552	0	0.0416666666666667	0		66032.8012541934	
1774	42576	0	0	0		45401.089299429	
1775	42600	0	0	0		9855.69891080788	
1776	42624	0	0	0		-25016.4475426365	
1777	42648	0	0	0		-3723.10654054553	
1778	42672	0	0	0		-11215.7030953035	
1779	42696	0	0	0		0	
1780	42720	0	0	0		0	
1781	42744	0	0	0		0	
1782	42768	0	0	0		0	
1783	42792	0	0	0		0	
1784	42816	0	0	0		0	
1785	42840	0	0	0		0	
1786	42864	0	0	0		0	
1787	42888	0	0	0		0	
1788	42912	0	0	0		0	
1789	42936	0	0	0		0	
1790	42960	0	0.0166666666666667	0		26413.1205016774	
1791	42984	0	0	0		18160.4357197716	
1792	43008	0	0	0		3942.27956432315	
1793	43032	0	0	0		-10006.5790170546	
1794	43056	0	0	0		-1489.24261621821	
1795	43080	0	0	0		-4486.2812381214	
1796	43104	0	0	0		0	
1797	43128	0	0	0		0	
1798	43152	0	0	0		0	
1799	43176	0	0	0		0	
1800	43200	0	0	0		0	
1801	43224	0	0	0		0	
1802	43248	0	0	0		0	
1803	43272	0	0	0		0	
1804	43296	0	0	0		0	
1805	43320	0	0	0		0	
1806	43344	0	0	0		0	
1807	43368	0	0	0		0	
1808	43392	0	0	0		0	
1809	43416	0	0	0		0	
1810	43440	0	0	0		0	
1811	43464	0	0	0		0	
1812	43488	0	0	0		0	
1813	43512	0	0	0		0	
1814	43536	0	0	0		0	
1815	43560	0	0	0.0157539514138769		8991.00625151099	
1816	43584	0	0	0		-6412.54961101886	
1817	43608	0	0	0		7705.14954001033	
1818	43632	0	0	0.568630589421602		321528.981590883	
1819	43656	0	0.025	0.473068276833898		76015.2457692901	
1820	43680	0	0.116666666666667	0.198227044661384		415243.592739161	
1821	43704	0	0	0.181085688826328		278909.160491218	
1822	43728	0	0	0.0754086410862662		-88135.1098867112	
1823	43752	0	0	0.111591319383697		107267.606059719	
1824	43776	0	0	0.08301354209005		93304.7300854804	
1825	43800	0	0	0.0914501389971349		58401.2685592947	
1826	43824	0	0	0.151413792828754		109230.152272571	
1827	43848	0	0	0.340458164344063	687600	167682.845785936	519917.154214064
1828	43872	0.980096272384183	0	0.314999426953673	621000	117963.438183288	503036.561816712
1829	43896	0.935796415343286	0	0.280712010063505	579600	180640.18921944	398959.81078056
1830	43920	0.972582640076011	0	0.184894828878253	538200	85750.4171549059	452449.582845094
1831	43944	0.98991162063711	0	0.100653394067253	567000	55991.1873619013	511008.812638099
1832	43968	0.935807264954148	0	0.177864050899454	649800	150567.780232325	499232.219767675
1833	43992	0.999979492481594	0	0.0849378106873275	682200	40620.2229319925	641579.777068008
1834	44016	0.958469429545332	0	0.113888110938383	640800	152098.688871704	488701.311128296
1835	44040	0.996635667862065	0	0.146259221798373	662400	83141.242226074	579258.757773926
1836	44064	0.999893571933861	0	0.139147909742525	651600	63615.5858090236	587984.414190976
1837	44088	0.99698180781021	0	0.118931897244188	662400	99577.5420296633	562822.457970337
1838	44112	0.998252288177942	0	0.175626467932614	666000	100497.163020839	565502.836979161
1839	44136	0.995729383776381	0.00833333333333333	0.193106218689063	750600	95817.3937161138	654782.606283886
1840	44160	0.997081702661865	0	0.172289991960688	761400	114328.534413087	647071.465586913
1841	44184	0.993378061010031	0	0.179592975210346	801000	118365.474318901	682634.525681099
1842	44208	0.995551802421283	0	0.219211600910618	779400	104164.720076881	675235.279923119
1843	44232	0.994654694582682	0	0.209217935773688	799200	107686.518785325	691513.481214675
1844	44256	0.994420421262589	0	0.227477331472702	856800	146395.31747253	710404.682527471
1845	44280	0.992796930101237	0	0.378857536664018	981000	208339.264558856	772660.735441145
1846	44304	0.929060764136558	0	0.420679222442395	1094400	178106.622532645	916293.377467355
1847	44328	0.865149354792418	0	0.345303666425967	1198800	201116.195794972	997683.804205028
1848	44352	0.973838145547433	0	0.3094622346018	1013400	197720.95177453	815679.048225471
1849	44376	0.967099848294073	0	0.327656930310193	1013400	162500.70455988	850899.29544012
1850	44400	0.978695370744506	0	0.280678269514211	1013400	161959.388580548	851440.611419453
1851	44424	0.999748207468214	0.0416666666666667	0.252615417212247	1013400	268774.3753785	744625.624621501
1852	44448	0.976850509758243	0	0.223383593288416	1013400	200121.007178023	813278.992821977
1853	44472	0.983061103166771	0	0.272732592927165	1013400	187314.759077426	826085.240922574
1854	44496	0.893220693300984	0	0.161557338806075	1013400	71421.795705367	941978.204294633
1855	44520	0.265292977890273	0.358333333333333	0.105163712520728	2577600	693963.845138248	1883636.15486175
1856	44544	0.430017073399241	0.0333333333333333	0.162487868069196	1960200	549847.557163005	1410352.44283699
1857	44568	0.955872786525493	0	0.174910276890131	1013400	201292.497594167	812107.502405833
1858	44592	0.766808786224514	0	0.183191054174094	1013400	-59688.2273581573	1073088.22735816
1859	44616	0.886731971822384	0.00833333333333333	0.17112983519886	1013400	70062.4400820843	943337.559917916
1860	44640	0.765733610735523	0	0.186458484117718	1013400	10270.7855070957	1003129.2144929
1861	44664	0.881801246288422	0	0.188106966833868	1013400	95273.458176216	918126.541823784
1862	44688	0.892615613945778	0	0.181860815573666	1013400	105195.922465003	908204.077534997
1863	44712	0.879744265454976	0	0.146728236132668	1013400	93797.0393677484	919602.960632252
1864	44736	0.329143250739925	0.0666666666666667	0.104240333293063	1920600	179169.666459856	1741430.33354014
1865	44760	0.415736733322775	0	0.112386937942752	1710000	158434.453111354	1551565.54688865
1866	44784	0.55323185658195	0.00833333333333333	0.0975512719726214	1429200	90196.8192183081	1339003.18078169
1867	44808	0.832256286444865	0	0.0991344394428957	1013400	52287.0354448811	961112.964555119
1868	44832	0.690578434222382	0.0333333333333333	0.0641281192670906	1218600	98528.3442848695	1120071.65571513
1869	44856	0.803288233062489	0.00833333333333333	0.0552926521333905	1013400	76028.8683732451	937371.131626755
1870	44880	0.982221778728823	0.241666666666667	0.0404344205684701	1013400	430652.600970405	582747.399029595
1871	44904	0	0	0.043672529963704		280334.032902349	
1872	44928	0	0	0.0308326878851073		77427.8178334334	
1873	44952	0	0	0.0176676642725511		-133081.996714943	
1874	44976	0	0	0.0391032684378185		8119.87100013352	
1875	45000	0	0	0.0343384421657014		-53148.4129698266	
1876	45024	0	0	0.0866802017533067		59351.3623621139	
1877	45048	0	0	0.0821036557824648		27201.7256924343	
1878	45072	0	0	0.0881985247055948		52447.2449747775	
1879	45096	0	0	0.10814440811561		55823.1402643079	
1880	45120	0	0	0.117297879086857		48351.9764482246	
1881	45144	0	0	0.105613835967267		61879.9426110071	
1882	45168	0	0	0.0887961133168283		55609.284689136	
1883	45192	0	0	0.0728423500526602		44905.0770932724	
1884	45216	0	0	0.0750452921749254		51017.6343075945	
1885	45240	0	0	0.0676031422566439		45423.9977877068	
1886	45264	0	0	0.0610102981019107		47797.7174613267	
1887	45288	0	0	0.0259629528045195		23855.8926288623	
1888	45312	0	0	0.0121498445882597		23648.6567122171	
1889	45336	0	0	0.00257151938460609		9544.26190798857	
1890	45360	0	0	0.00377554398219715		12842.8385380244	
1891	45384	0	0	0.00388182106370572		13250.5812537919	
1892	45408	0	0	0.00441788076940242		7947.84617136349	
1893	45432	0	0	0.0107527856222447		8584.29603197606	
1894	45456	0	0	0.00337094101410606		-819.488592087616	
1895	45480	0	0	0.0184261831585974		14097.774666852	
1896	45504	0	0	0.0346332427822844		12361.0769211953	
1897	45528	0	0	0.0528553463236108		24223.8974788576	
1898	45552	0	0	0.0461984484764404		20850.1916464941	
1899	45576	0	0	0.0526476740098296		28956.8705874074	
1900	45600	0	0	0.017121323218662		1369.30614532834	
1901	45624	0	0	0.0366357818256731		33473.4383732595	
1902	45648	0	0	0.0186160630391576		2665.01034347462	
1903	45672	0	0	0.0122792729473904		19941.5856908587	
1904	45696	0	0	0.0272998664088764		25191.7466351917	
1905	45720	0	0	0.0260905905064064		6091.26237364257	
1906	45744	0	0	0.0418705404766442		32064.5998771656	
1907	45768	0	0	0.0417449953070612		17916.542902673	
1908	45792	0	0	0.0215440280083126		10571.7750422852	
1909	45816	0	0	0.0115215042555974		14395.4889387668	
1910	45840	0	0	0.000252925687977523		-289.28983604307	
1911	45864	0	0	0.000485189484551895		7821.29374324612	
1912	45888	0	0	0		6545.62084085191	
1913	45912	0	0	0		4681.85343108223	
1914	45936	0	0	0.000103229278698436		3169.50468706941	
1915	45960	0	0	0.00585680967473578		3305.89652834802	
1916	45984	0	0	0.00221813462936815		-931.247398946903	
1917	46008	0	0	0.00073241044174921		2360.0085393469	
1918	46032	0	0	0.000190832017537446		-232.380525303877	
1919	46056	0	0	0.000134096363542113		-829.087060480915	
1920	46080	0	0	0.000314604832063026		1424.12163837544	
1921	46104	0	0	6.18885067620313e-05		460.570281782772	
1922	46128	0	0	0		283.107998063924	
1923	46152	0	0	0		5.88155518795239	
1924	46176	0	0	0		-16.7053730333505	
1925	46200	0	0	0		80.0108114058786	
1926	46224	0	0	0		17.3884914555241	
1927	46248	0	0	0.00141303428767436		806.438954920776	
1928	46272	0	0	0.00166551711751062		375.367562613213	
1929	46296	0	0	0		13.1668139760966	
1930	46320	0	0	0		545.810725561066	
1931	46344	0	0	0		-508.187504259742	
1932	46368	0	0	0		171.438191776966	
1933	46392	0	0	0.000665111155349507		847.540156556231	
1934	46416	0	0	0		-270.729429618775	
1935	46440	0	0	0		325.301302388353	
1936	46464	0	0	0		-126.515037006253	
1937	46488	0	0	0		-90.0814788758406	
1938	46512	0	0				
1939	46536	0	0	0			
1940	46560	0	0	0			
1941	46584	0	0	0			
1942	46608	0	0	0			
1943	46632	0	0	0			
1944	46656	0	0	0		0	
1945	46680	0	0	0		0	
1946	46704	0	0	0		0	
1947	46728	0	0	0		0	
1948	46752	0	0	0		0	
1949	46776	0	0	0		0	
1950	46800	0	0	0		0	
1951	46824	0	0	0		0	
1952	46848	0	0	0		0	
1953	46872	0	0	0		0	
1954	46896	0	0	0		0	
1955	46920	0	0	0		0	
1956	46944	0	0	0		0	
1957	46968	0	0	0		0	
1958	46992	0	0	0		0	
1959	47016	0	0	0		0	
1960	47040	0	0	0		0	
1961	47064	0	0	0		0	
1962	47088	0	0	0		0	
1963	47112	0	0	0		0	
1964	47136	0	0	0		0	
1965	47160	0	0	0		0	
1966	47184	0	0	0		0	
1967	47208	0	0	0		0	
1968	47232	0	0	0		0	
1969	47256	0	0	0		0	
1970	47280	0	0	0		0	
1971	47304	0	0	0		0	
1972	47328	0	0	0		0	
1973	47352	0	0	0		0	
1974	47376	0	0	0		0	
1975	47400	0	0	0		0	
1976	47424	0	0	0		0	
1977	47448	0	0	0		0	
1978	47472	0	0	0		0	
1979	47496	0	0	0		0	
1980	47520	0	0	0		0	
1981	47544	0	0	0		0	
1982	47568	0	0	0		0	
1983	47592	0	0	0		0	
1984	47616	0	0	0		0	
1985	47640	0	0	0		0	
1986	47664	0	0	0		0	
1987	47688	0	0	0		0	
1988	47712	0	0	0		0	
1989	47736	0	0	0		0	
1990	47760	0	0	0		0	
1991	47784	0	0	0		0	
1992	47808	0	0	0		0	
1993	47832	0	0	0		0	
1994	47856	0	0	0		0	
1995	47880	0	0	0		0	
1996	47904	0	0	0		0	
1997	47928	0	0	0		0	
1998	47952	0	0	0		0	
1999	47976	0	0	0		0	
2000	48000	0	0	0		0	
2001	48024	0	0	0		0	
2002	48048	0	0	0		0	
2003	48072	0	0	0		0	
2004	48096	0	0	0		0	
2005	48120	0	0	0		0	
2006	48144	0	0	0		0	
2007	48168	0	0	0		0	
2008	48192	0	0	0		0	
2009	48216	0	0	0		0	
2010	48240	0	0	0		0	
2011	48264	0	0	0		0	
2012	48288	0	0	0		0	
2013	48312	0	0	0		0	
2014	48336	0	0	0		0	
2015	48360	0	0	0		0	
2016	48384	0	0	0		0	
2017	48408	0	0	0		0	
2018	48432	0	0	0		0	
2019	48456	0	0	0		0	
2020	48480	0	0	0		0	
2021	48504	0	0	0		0	
2022	48528	0	0	0		0	
2023	48552	0	0	0		0	
2024	48576	0	0	0		0	
2025	48600	0	0	0		0	
2026	48624	0	0	0		0	
2027	48648	0	0	0		0	
2028	48672	0	0	0		0	
2029	48696	0	0	0		0	
2030	48720	0	0	0		0	
2031	48744	0	0	0		0	
2032	48768	0	0	0		0	
2033	48792	0	0	0		0	
2034	48816	0	0	0		0	
2035	48840	0	0	0		0	
2036	48864	0	0	0		0	
2037	48888	0	0	0		0	
2038	48912	0	0	0		0	
2039	48936	0	0	0		0	
2040	48960	0	0	0		0	
2041	48984	0	0	0		0	
2042	49008	0	0	0		0	
2043	49032	0	0	0		0	
2044	49056	0	0	0		0	
2045	49080	0	0	0		0	
2046	49104	0	0	0		0	
2047	49128	0	0	0		0	
2048	49152	0	0	0		0	
2049	49176	0	0	0		0	
2050	49200	0	0	0		0	
2051	49224	0	0	0		0	
2052	49248	0	0	0		0	
2053	49272	0	0	0		0	
2054	49296	0	0	0		0	
2055	49320	0	0	0		0	
2056	49344	0	0	0		0	
2057	49368	0	0	0		0	
2058	49392	0	0	0		0	
2059	49416	0	0	0		0	
2060	49440	0	0	0		0	
2061	49464	0	0	0		0	
2062	49488	0	0	0		0	
2063	49512	0	0	0		0	
2064	49536	0	0	0		0	
2065	49560	0	0	0		0	
2066	49584	0	0	0		0	
2067	49608	0	0	0		0	
2068	49632	0	0	0		0	
2069	49656	0	0	0		0	
2070	49680	0	0	0		0	
2071	49704	0	0	0		0	
2072	49728	0	0	0		0	
2073	49752	0	0	0		0	
2074	49776	0	0	0		0	
2075	49800	0	0	0		0	
2076	49824	0	0	0		0	
2077	49848	0	0	0		0	
2078	49872	0	0	0		0	
2079	49896	0	0	0		0	
2080	49920	0	0	0		0	
2081	49944	0	0	0		0	
2082	49968	0	0	0		0	
2083	49992	0	0	0		0	
2084	50016	0	0	0		0	
2085	50040	0	0	0		0	
2086	50064	0	0	0		0	
2087	50088	0	0	0		0	
2088	50112	0	0	0		0	
2089	50136	0	0	0		0	
2090	50160	0	0	0		0	
2091	50184	0	0	0		0	
2092	50208	0	0	0		0	
2093	50232	0	0	0		0	
2094	50256	0	0	0		0	
2095	50280	0	0	0		0	
2096	50304	0	0	0		0	
2097	50328	0	0	0		0	
2098	50352	0	0	0		0	
2099	50376	0	0	0		0	
2100	50400	0	0	0		0	
2101	50424	0	0	0		0	
2102	50448	0	0	0		0	
2103	50472	0	0	0		0	
2104	50496	0	0	0		0	
2105	50520	0	0	0		0	
2106	50544	0	0	0		0	
2107	50568	0	0	0		0	
2108	50592	0	0	0		0	
2109	50616	0	0	0		0	
2110	50640	0	0	0		0	
2111	50664	0	0	0		0	
2112	50688	0	0	0		0	
2113	50712	0	0	0		0	
2114	50736	0	0	0		0	
2115	50760	0	0	0		0	
2116	50784	0	0	0		0	
2117	50808	0	0	0		0	
2118	50832	0	0	0		0	
2119	50856	0	0	0		0	
2120	50880	0	0	0		0	
2121	50904	0	0	0		0	
2122	50928	0	0	0		0	
2123	50952	0	0	0		0	
2124	50976	0	0	0		0	
2125	51000	0	0	0		0	
2126	51024	0	0	0		0	
2127	51048	0	0	0		0	
2128	51072	0	0	0		0	
2129	51096	0	0	0		0	
2130	51120	0	0	0		0	
2131	51144	0	0	0		0	
2132	51168	0	0	0		0	
2133	51192	0	0	0		0	
2134	51216	0	0	0		0	
2135	51240	0	0	0		0	
2136	51264	0	0	0		0	
2137	51288	0	0	0		0	
2138	51312	0	0	0		0	
2139	51336	0	0	0		0	
2140	51360	0	0	0		0	
2141	51384	0	0	0		0	
2142	51408	0	0	0		0	
2143	51432	0	0	0		0	
2144	51456	0	0	0		0	
2145	51480	0	0	0		0	
2146	51504	0	0	0		0	
2147	51528	0	0	0		0	
2148	51552	0	0	0		0	
2149	51576	0	0	0		0	
2150	51600	0	0	0		0	
2151	51624	0	0	0		0	
2152	51648	0	0	0		0	
2153	51672	0	0	0		0	
2154	51696	0	0	0		0	
2155	51720	0	0	0		0	
2156	51744	0	0	0		0	
2157	51768	0	0	0		0	
2158	51792	0	0	0		0	
2159	51816	0	0	0		0	
2160	51840	0	0	0		0	
2161	51864	0	0	0		0	
2162	51888	0	0	0		0	
2163	51912	0	0	0		0	
2164	51936	0	0	0		0	
2165	51960	0	0	0		0	
2166	51984	0	0	0		0	
2167	52008	0	0.0416666666666667	0		66032.8012541934	
2168	52032	0	0	0		45401.089299429	
2169	52056	0	0.00833333333333333	0		23062.2591616466	
2170	52080	0	0	0		-15936.2296827507	
2171	52104	0	0	0		-1751.96675838396	
2172	52128	0	0	0		-16218.9926038308	
2173	52152	0	0	0		-744.621308109107	
2174	52176	0	0	0		-2243.1406190607	
2175	52200	0	0	0		0	
2176	52224	0	0	0		0	
2177	52248	0	0	0		0	
2178	52272	0	0	0		0	
2179	52296	0	0	0.0763701129437667		43585.5199033542	
2180	52320	0	0	0		-31085.9875840191	
2181	52344	0	0	0.0600631084002652		71630.9765140669	
2182	52368	0	0	0.0662363275340779		-1173.14450758095	
2183	52392	0	0	0		-7928.0710580816	
2184	52416	0	0	0.248179806049343		184067.837557154	
2185	52440	0	0	0		-121754.148525431	
2186	52464	0	0	0		129287.72793784	
2187	52488	0	0	0		-28597.7885549873	
2188	52512	0	0.0166666666666667	0		-7199.91361484735	
2189	52536	0	0	0.110022291421898		150681.524714476	
2190	52560	0	0	0		-40841.6215361611	
2191	52584	0	0	0.000110614663603736		43867.6981706155	
2192	52608	0	0	0.116803921727679		44199.3653304014	
2193	52632	0	0	0.0146712205061899		-58504.6510604701	
2194	52656	0	0	0.238759717577785		218311.114293501	
2195	52680	0	0	0.330083229931146		76140.1474875371	
2196	52704	0	0.0333333333333333	0.221706381836435		143195.290709244	
2197	52728	0	0	0.118210195278696		160397.078610125	
2198	52752	0	0.00833333333333333	0.0734881284588986		32347.8471306765	
2199	52776	0	0	0.00709843286597267		1226.13919633321	
2200	52800	0	0	0.18073069436846		175420.152535787	
2201	52824	0	0	0.104439865963567		7838.81139352392	
2202	52848	0	0	0.0749714322452581		109834.747602113	
2203	52872	0	0	0.0116653248733551		10286.8253553812	
2204	52896	0	0	0.0284453828298483		5804.29296906664	
2205	52920	0	0	0.161623982318774		108741.055036009	
2206	52944	0	0	0.0108693506996267		-28701.3266991034	
2207	52968	0	0	0.161769749802048		181022.820892453	
2208	52992	0	0.0333333333333333	0.154014062354972		48874.4389508561	
2209	53016	0	0	0.182711933052357		141061.743086164	
2210	53040	0	0.2	0.226576324514391		468275.07891447	
2211	53064	0	0.00833333333333333	0.141649289186988		240944.657304941	
2212	53088	0	0	0.107424496575651		157714.647550075	
2213	53112	0	0	0.103013943727824		-67307.8040121993	
2214	53136	0	0	0.204956280823701		98411.1876727785	
2215	53160	0	0	0.167741325636237		32150.9403047814	
2216	53184	0	0.00833333333333333	0.281498447958787		209237.394556855	
2217	53208	0	0	0.270300932270645		108048.182686723	
2218	53232	0	0.566666666666667	0.122683766239983		966966.468098855	
2219	53256	0	0.116666666666667	0.12386098415306		931618.558958701	
2220	53280	0	0	0.198120868558887		340661.379445815	
2221	53304	0	0.0666666666666667	0.0766031277817305		-166418.603663284	
2222	53328	0	0	0.091247882687096		105525.224832623	
2223	53352	0	0.0583333333333333	0.059066729072633		-40700.3471297275	
2224	53376	0	0.00833333333333333	0.0529012403784046		49511.5260985386	
2225	53400	0	0	0.0766955661666318		95981.6465145127	
2226	53424	0	0.00833333333333333	0.103962413398841		14126.4333475338	
2227	53448	0	0	0.0810846982627025		47909.6575592207	
2228	53472	0	0	0.139506824223154		77827.4217290895	
2229	53496	0	0	0.258700240053161		107970.60076253	
2230	53520	0	0	0.203024259514024		70098.3482751157	
2231	53544	0	0	0.213314548315373		155078.58983717	
2232	53568	0	0	0.234697875915501		101093.201175719	
2233	53592	0	0	0.196808982277987		86660.1210144742	
2234	53616	0	0.05	0.103182326938116		177418.715647455	
2235	53640	0	0.266666666666667	0.0618724385714966		550169.254690239	
2236	53664	0	0.00833333333333333	0.037948623076506		353249.684802464	
2237	53688	0	0	0.0190186591933967		87465.2164190812	
2238	53712	0	0	0.0413051289522679		-98657.02844571	
2239	53736	0	0	0.0431088332956993		-11806.0318748403	
2240	53760	0	0	0.0514701837400047		-31868.8582698778	
2241	53784	0	0.00833333333333333	0.0896681510447284		62501.3930243109	
2242	53808	0	0.0416666666666667	0.0750495294808102		98168.977818889	
2243	53832	0	0.00833333333333333	0.0574650319205396		102658.764066526	
2244	53856	0	0.00833333333333333	0.0378277816664871		50128.1481130579	
2245	53880	0	0.00833333333333333	0.0294153293264055		16033.9491074896	
2246	53904	0	0.00833333333333333	0.106828457556737		84883.1216312783	
2247	53928	0	0	0.120080004824513		39629.9410808746	
2248	53952	0	0.158333333333333	0.134987334339443		330742.221970326	
2249	53976	0	0.0416666666666667	0.101399930188117		278544.614377031	
2250	54000	0	0	0.0389046039573149		97770.3871276174	
2251	54024	0	0	0.112012801975049		-1689.68958487034	
2252	54048	0	0	0.139427233789215		10010.6002588973	
2253	54072	0	0	0.103781721821655		27711.5982194676	
2254	54096	0	0	0.0897035293881814		67842.5466992691	
2255	54120	0	0	0.103595044893302		42607.4985308719	
2256	54144	0	0.175	0.0771856696191566		315941.278185423	
2257	54168	0	0	0.00987505792347676		223625.133245282	
2258	54192	0	0	0.0362549898070892		93120.826037901	
2259	54216	0	0	0.021074020412593		-106478.557498385	
2260	54240	0	0	0.0171494323448727		20078.6672440038	
2261	54264	0	0	0		-30326.6635103362	
2262	54288	0	0	0		2243.27767363693	
2263	54312	0	0	0		4070.04466356006	
2264	54336	0	0	0		3598.36897634105	
2265	54360	0	0	0.000334453942320678		5009.26436552352	
2266	54384	0	0	0		-136.137432532833	
2267	54408	0	0	0		163.579128316775	
2268	54432	0	0	0		-63.6186185561006	
2269	54456	0	0	0		-45.297850589004	
2270	54480	0	0	0		93.9697824778893	
2271	54504	0	0	0		0	
2272	54528	0	0	0		0	
2273	54552	0	0	0		0	
2274	54576	0	0	0		0	
2275	54600	0	0	0		0	
2276	54624	0	0	0		0	
2277	54648	0	0.00833333333333333	0		13206.5602508387	
2278	54672	0	0	0		9080.2178598858	
2279	54696	0	0	0		1971.13978216158	
2280	54720	0	0	0		-5003.2895085273	
2281	54744	0	0	0		-744.621308109107	
2282	54768	0	0	0		-2243.1406190607	
2283	54792	0	0	0		0	
2284	54816	0	0	0		0	
2285	54840	0	0	0		0	
2286	54864	0	0	0		0	
2287	54888	0	0	0		0	
2288	54912	0	0	0		0	
2289	54936	0	0	0		0	
2290	54960	0	0	0		0	
2291	54984	0	0	0		0	
2292	55008	0	0	0		0	
2293	55032	0	0	0		0	
2294	55056	0	0	0		0	
2295	55080	0	0	0		0	
2296	55104	0	0	0		0	
2297	55128	0	0	0		0	
2298	55152	0	0	0		0	
2299	55176	0	0	0		0	
2300	55200	0	0	0		0	
2301	55224	0	0	0		0	
2302	55248	0	0	0		0	
2303	55272	0	0				
2304	55296	0	0	0			
2305	55320	0	0	0			
2306	55344	0	0	0			
2307	55368	0	0	0			
2308	55392	0	0	0			
2309	55416	0	0	0		0	
2310	55440	0	0	0		0	
2311	55464	0	0	0		0	
2312	55488	0	0	0		0	
2313	55512	0	0	0		0	
2314	55536	0	0	0		0	
2315	55560	0	0	0		0	
2316	55584	0	0	0		0	
2317	55608	0	0	0		0	
2318	55632	0	0	0		0	
2319	55656	0	0	0		0	
2320	55680	0	0	0		0	
2321	55704	0	0	0		0	
2322	55728	0	0	0		0	
2323	55752	0	0	0		0	
2324	55776	0	0	0		0	
2325	55800	0	0	0		0	
2326	55824	0	0	0		0	
2327	55848	0	0	0		0	
2328	55872	0	0	0		0	
2329	55896	0	0	0		0	
2330	55920	0	0	0		0	
2331	55944	0	0	0		0	
2332	55968	0	0	0		0	
2333	55992	0	0	0		0	
2334	56016	0	0	0		0	
2335	56040	0	0	0		0	
2336	56064	0	0	0		0	
2337	56088	0	0	0		0	
2338	56112	0	0	0		0	
2339	56136	0	0	0		0	
2340	56160	0	0	0		0	
2341	56184	0	0	0		0	
2342	56208	0	0	0		0	
2343	56232	0	0	0		0	
2344	56256	0	0	0		0	
2345	56280	0	0	0		0	
2346	56304	0	0	0		0	
2347	56328	0	0	0		0	
2348	56352	0	0	0		0	
2349	56376	0	0	0		0	
2350	56400	0	0	0		0	
2351	56424	0	0	0		0	
2352	56448	0	0	0		0	
2353	56472	0	0	0		0	
2354	56496	0	0	0		0	
2355	56520	0	0	0		0	
2356	56544	0	0	0		0	
2357	56568	0	0	0		0	
2358	56592	0	0	0		0	
2359	56616	0	0	0		0	
2360	56640	0	0	0		0	
2361	56664	0	0	0		0	
2362	56688	0	0	0		0	
2363	56712	0	0	0		0	
2364	56736	0	0	0		0	
2365	56760	0	0	0		0	
2366	56784	0	0	0		0	
2367	56808	0	0	0		0	
2368	56832	0	0	0		0	
2369	56856	0	0	0		0	
2370	56880	0	0	0		0	
2371	56904	0	0	0		0	
2372	56928	0	0	0		0	
2373	56952	0	0	0		0	
2374	56976	0	0	0		0	
2375	57000	0	0	0		0	
2376	57024	0	0	0		0	
2377	57048	0	0	0		0	
2378	57072	0	0	0		0	
2379	57096	0	0	0		0	
2380	57120	0	0	0		0	
2381	57144	0	0	0		0	
2382	57168	0	0	0		0	
2383	57192	0	0	0		0	
2384	57216	0	0	0		0	
2385	57240	0	0	0		0	
2386	57264	0	0	0		0	
2387	57288	0	0	0		0	
2388	57312	0	0	0		0	
2389	57336	0	0	0		0	
2390	57360	0	0	0		0	
2391	57384	0	0	0		0	
2392	57408	0	0	0		0	
2393	57432	0	0	0		0	
2394	57456	0	0	0		0	
2395	57480	0	0	0		0	
2396	57504	0	0	0		0	
2397	57528	0	0	0		0	
2398	57552	0	0	0		0	
2399	57576	0	0	0		0	
2400	57600	0	0	0		0	
2401	57624	0	0	0		0	
2402	57648	0	0	0		0	
2403	57672	0	0	0		0	
2404	57696	0	0	0		0	
2405	57720	0	0	0		0	
2406	57744	0	0	0		0	
2407	57768	0	0	0		0	
2408	57792	0	0	0		0	
2409	57816	0	0	0		0	
2410	57840	0	0	0		0	
2411	57864	0	0	0		0	
2412	57888	0	0	0		0	
2413	57912	0	0	0		0	
2414	57936	0	0	0		0	
2415	57960	0	0	0		0	
2416	57984	0	0	0		0	
2417	58008	0	0	0		0	
2418	58032	0	0	0		0	
2419	58056	0	0	0		0	
2420	58080	0	0	0		0	
2421	58104	0	0	0		0	
2422	58128	0	0	0		0	
2423	58152	0	0	0		0	
2424	58176	0	0	0		0	
2425	58200	0	0	0		0	
2426	58224	0	0	0		0	
2427	58248	0	0	0		0	
2428	58272	0	0	0		0	
2429	58296	0	0	0		0	
2430	58320	0	0	0		0	
2431	58344	0	0	0		0	
2432	58368	0	0	0		0	
2433	58392	0	0	0		0	
2434	58416	0	0	0		0	
2435	58440	0	0	0		0	
2436	58464	0	0	0		0	
2437	58488	0	0	0		0	
2438	58512	0	0	0		0	
2439	58536	0	0	0		0	
2440	58560	0	0	0		0	
2441	58584	0	0	0		0	
2442	58608	0	0	0		0	
2443	58632	0	0	0		0	
2444	58656	0	0	0		0	
2445	58680	0	0	0		0	
2446	58704	0	0	0		0	
2447	58728	0	0	0		0	
2448	58752	0	0	0		0	
2449	58776	0	0	0		0	
2450	58800	0	0	0		0	
2451	58824	0	0	0		0	
2452	58848	0	0	0		0	
2453	58872	0	0	0		0	
2454	58896	0	0	0		0	
2455	58920	0	0	0		0	
2456	58944	0	0	0		0	
2457	58968	0	0	0		0	
2458	58992	0	0	0		0	
2459	59016	0	0	0		0	
2460	59040	0	0	0		0	
2461	59064	0	0	0		0	
2462	59088	0	0	0		0	
2463	59112	0	0	0		0	
2464	59136	0	0	0		0	
2465	59160	0	0	0		0	
2466	59184	0	0	0		0	
2467	59208	0	0	0		0	
2468	59232	0	0	0		0	
2469	59256	0	0	0		0	
2470	59280	0	0	0		0	
2471	59304	0	0	0		0	
2472	59328	0	0	0		0	
2473	59352	0	0	0		0	
2474	59376	0	0	0		0	
2475	59400	0	0	0		0	
2476	59424	0	0	0		0	
2477	59448	0	0	0		0	
2478	59472	0	0	0		0	
2479	59496	0	0	0		0	
2480	59520	0	0	0		0	
2481	59544	0	0	0		0	
2482	59568	0	0	0		0	
2483	59592	0	0	0		0	
2484	59616	0	0	0		0	
2485	59640	0	0	0		0	
2486	59664	0	0	0		0	
2487	59688	0	0	0		0	
2488	59712	0	0	0		0	
2489	59736	0	0	0		0	
2490	59760	0	0	0		0	
2491	59784	0	0	0		0	
2492	59808	0	0	0		0	
2493	59832	0	0	0		0	
2494	59856	0	0	0		0	
2495	59880	0	0	0		0	
2496	59904	0	0	0		0	
2497	59928	0	0	0		0	
2498	59952	0	0	0		0	
2499	59976	0	0	0		0	
2500	60000	0	0	0		0	
2501	60024	0	0	0		0	
2502	60048	0	0	0		0	
2503	60072	0	0	0		0	
2504	60096	0	0	0		0	
2505	60120	0	0	0		0	
2506	60144	0	0	0		0	
2507	60168	0	0	0		0	
2508	60192	0	0	0		0	
2509	60216	0	0	0		0	
2510	60240	0	0	0		0	
2511	60264	0	0	0		0	
2512	60288	0	0	0		0	
2513	60312	0	0	0		0	
2514	60336	0	0	0		0	
2515	60360	0	0	0		0	
2516	60384	0	0	0		0	
2517	60408	0	0	0		0	
2518	60432	0	0	0		0	
2519	60456	0	0	0		0	
2520	60480	0	0	0		0	
2521	60504	0	0	0		0	
2522	60528	0	0	0		0	
2523	60552	0	0	0		0	
2524	60576	0	0	0		0	
2525	60600	0	0	0		0	
2526	60624	0	0	0		0	
2527	60648	0	0	0		0	
2528	60672	0	0.00833333333333333	0		13206.5602508387	
2529	60696	0	0	0		9080.2178598858	
2530	60720	0	0	0		1971.13978216158	
2531	60744	0	0	0		-5003.2895085273	
2532	60768	0	0	0		-744.621308109107	
2533	60792	0	0	0		-2243.1406190607	
2534	60816	0	0	0		0	
2535	60840	0	0	0		0	
2536	60864	0	0	0		0	
2537	60888	0	0	0		0	
2538	60912	0	0	0		0	
2539	60936	0	0	0		0	
2540	60960	0	0	0		0	
2541	60984	0	0	0		0	
2542	61008	0	0	0		0	
2543	61032	0	0	0		0	
2544	61056	0	0	0		0	
2545	61080	0	0	0		0	
2546	61104	0	0	0		0	
2547	61128	0	0	0		0	
2548	61152	0	0	0		0	
2549	61176	0	0	0		0	
2550	61200	0	0	0		0	
2551	61224	0	0	0		0	
2552	61248	0	0	0.139580365146167		79660.5183453807	
2553	61272	0	0	0		-56815.3343062557	
2554	61296	0	0	0		68267.7988554109	
2555	61320	0	0	0		-26550.4719320698	
2556	61344	0	0	0		-18904.5178588071	
2557	61368	0	0	0		39217.1683190794	
2558	61392	0	0	0.461758505512222		263532.208566528	
2559	61416	0	0	0		-187955.976701744	
2560	61440	0	0	0.0205931323431547		237595.712951213	
2561	61464	0	0	0.0421675924003514	923400	-72150.6901056697	995550.69010567
2562	61488	0.902702665454614	0	0.236152924733382	923400	65144.0080923597	858255.99190764
2563	61512	0.98726760619423	0	0.141058642833707	923400	130824.200003725	792575.799996276
2564	61536	0.112987151906393	0	0.128625255434439	2950200	120681.93260125	2829518.06739875
2565	61560	0.586011690541914	0	0.152926549669328	1312200	59066.7541868276	1253133.24581317
2566	61584	0	0	0.0345847367218277	941400	-26568.2717740946	967968.271774095
2567	61608	0.95151791922652	0	0.164501418012212	1035000	177380.435183449	857619.564816551
2568	61632	0.997175918725088	0	0.335848581196398	765000	134752.068254716	630247.931745284
2569	61656	0.925173032028252	0	0.47176376058779	680400	221842.237577129	458557.762422871
2570	61680	0.912811501178819	0	0.431630323449073	644400	225562.320791366	418837.679208634
2571	61704	0.995836776562511	0.0166666666666667	0.177162996431324	586800	106119.930449425	480680.069550575
2572	61728	0.971790836435622	0	0.158268610741328	651600	158476.092545125	493123.907454875
2573	61752	0.987281475434787	0	0.142202813134394	651600	55690.0213473597	595909.97865264
2574	61776	0.981199827746734	0	0.0432743096127783	651600	74606.4517751687	576993.548224831
2575	61800	0.960529262697095	0	0.084235434078372	718200	165694.004845947	552505.995154053
2576	61824	0.982526568262004	0	0.0649708663708984	718200	20762.8136424219	697437.186357578
2577	61848	0.994819109993911	0	0.0686418858714135	599400	70904.6158414343	528495.384158566
2578	61872	0.997579302281237	0	0.0886513540983316	622800	72501.1739553912	550298.826044609
2579	61896	0.999356746787502	0	0.107120474928663	621000	47013.8127335464	573986.187266454
2580	61920	0.999708979041062	0	0.0823384776122676	619200	48558.6267371562	570641.373262844
2581	61944	0.701381707832783	0	0.132936768716868	1197000	86840.2883931938	1110159.71160681
2582	61968	0.594334934776603	0	0.100527624717932	1258200	30435.7456173716	1227764.25438263
2583	61992	0.612438143152021	0	0.102701767078566	1297800	77450.253667947	1220349.74633205
2584	62016	0.614182323219032	0	0.104540652730761	1287000	60684.6495760529	1226315.35042395
2585	62040	0.548172866492729	0	0.100187929172145	1357200	50864.2769688767	1306335.72303112
2586	62064	0.999552928754702	0	0.20050868050769	775800	128982.123955579	646817.876044421
2587	62088	0.990295327861931	0	0.208599963482389	759600	80886.0229836017	678713.977016398
2588	62112	0.986141557582908	0	0.173049869426359	792000	107559.519125562	684440.480874438
2589	62136	0.988598760630527	0.0416666666666667	0.149178012329614	824400	160419.685278783	663980.314721217
2590	62160	0.999522788724903	0.108333333333333	0.146591827586891	799200	285977.548421015	513222.451578985
2591	62184	0.901631986473163	0.025	0.115062040464992	1063800	241644.954953536	822155.045046464
2592	62208	0.893708203569661	0.0166666666666667	0.120085921319004	1042200	154454.235417897	887745.764582103
2593	62232	0.888732340863673	0.00833333333333333	0.117242014446453	921600	43354.4078907303	878245.59210927
2594	62256	0.925944006559583	0	0.0880896293369054	855000	38574.3662786609	816425.633721339
2595	62280	0.950224413506724	0	0.0938405028542179	804600	38372.944477364	766227.055522636
2596	62304	0.954133392822028	0	0.208423991306764	907200	104378.246244491	802821.753755509
2597	62328	0.935527580230673	0	0.117445444691419	801000	23960.7078135605	777039.29218644
2598	62352	0.983942093774717	0.00833333333333333	0.117964876583756	826200	135581.135854221	690618.864145779
2599	62376	0.938995744551534	0	0.0490803257999186	772200	18910.7790218667	753289.220978133
2600	62400	0.999895231025246	0.116666666666667	0.0940229887298232	784800	254038.471079101	530761.528920899
2601	62424	0.901312392436142	0	0.174829779867209	1085400	227845.341923688	857554.658076312
2602	62448	0.882227453543656	0	0.10887592666277	939600	71496.194418867	868103.805581133
2603	62472	0.913166353337307	0.0666666666666667	0.0376179784296742	874800	104635.085894965	770164.914105035
2604	62496	0.892241460087417	0.00833333333333333	0.0715995854769176	941400	122024.864900594	819375.135099406
2605	62520	0.820943819951366	0.0416666666666667	0.0324286254532895	941400	49268.7009061306	892131.29909387
2606	62544	0.909779245610165	0.00833333333333333	0.0755129118506721	941400	112687.262519029	828712.737480971
2607	62568	0.88341332305243	0.00833333333333333	0.0906791585579843	941400	69933.6394085398	871466.36059146
2608	62592	0.784183722888005	0.00833333333333333	0.0545339047596291	941400	6401.00687074559	934998.993129254
2609	62616	0	0	0.00301961954755914	941400	25319.1170732059	916080.882926794
2610	62640	0	0.025	0.000765831085873358		32142.6237447262	
2611	62664	0	0.0166666666666667	0.0194736940839144		56503.5904727846	
2612	62688	0	0	0.0330343395482728		49904.4738195766	
2613	62712	0	0.00833333333333333	0.027291491299521		26316.9624592817	
2614	62736	0	0	0.0504058139556189		27695.5990951164	
2615	62760	0	0	0.0411913175725136		1385.67070636512	
2616	62784	0	0	0.0213906565465152		6410.86896630007	
2617	62808	0	0	0.069869923395407		46567.7654197158	
2618	62832	0	0	0.0260908427047806		-12325.0134164938	
2619	62856	0	0	0.0193404526471443		39105.1826538784	
2620	62880	0	0	0.0225203403037488		13126.9139808717	
2621	62904	0	0	0.0275851764977206		7619.82892138306	
2622	62928	0	0	0.00984302241617296		17822.1406840616	
2623	62952	0	0	0.0477243597728503		37149.5896109349	
2624	62976	0	0	0.0199892024803408		-6066.91057012732	
2625	63000	0	0	0.000854755977964139		16412.0268497146	
2626	63024	0	0	0.026039525434542		21629.1764256235	
2627	63048	0	0	0.0206045602627123		-5922.28990126873	
2628	63072	0	0	0.0517145431190631		44401.9991617217	
2629	63096	0	0.00833333333333333	0.0441292733555478		27966.5817386447	
2630	63120	0	0	0.0342952242046115		28777.7561183289	
2631	63144	0	0.00833333333333333	0.0861553600617561		66660.055813485	
2632	63168	0	0.00833333333333333	0.0935008571520859		42741.2354469522	
2633	63192	0	0.0583333333333333	0.0459053424717588		135060.200941874	
2634	63216	0	0	0.0567070013872373		109060.599966538	
2635	63240	0	0.00833333333333333	0.0187880634420265		11530.6214804306	
2636	63264	0	0.00833333333333333	0.0142895757350443		15329.7785352238	
2637	63288	0	0	0.0171102964089185		26000.0980659397	
2638	63312	0	0	0.0283545207568441		-883.818503492241	
2639	63336	0	0	0.0269379469838604		17122.8939142823	
2640	63360	0	0	0.020365189336184		11626.7897327778	
2641	63384	0	0.0666666666666667	0.00791742814884611		109117.555581437	
2642	63408	0	0	0.00518089443718761		78179.3532916385	
2643	63432	0	0	0.000186077502958071		18083.2252471513	
2644	63456	0	0	0		-34263.7529409347	
2645	63480	0	0	0		-2201.87350070898	
2646	63504	0	0	0.000186073176465129		-16351.497934172	
2647	63528	0	0	7.75295513300021e-06		1359.13169598335	
2648	63552	0	0	0		140.132547862186	
2649	63576	0	0	0		-31.6022490905119	
2650	63600	0	0	0		-26.6761610866982	
2651	63624	0	0	0		51.2299648653322	
2652	63648	0	0	0		2.17830742957824	
2653	63672	0	0	0		0	
2654	63696	0	0	0		0	
2655	63720	0	0	0		0	
2656	63744	0	0	0		0	
2657	63768	0	0	0		0	
2658	63792	0	0	0		0	
2659	63816	0	0	0		0	
2660	63840	0	0	0		0	
2661	63864	0	0	0		0	
2662	63888	0	0	0		0	
2663	63912	0	0	0		0	
2664	63936	0	0	0		0	
2665	63960	0	0	0		0	
2666	63984	0	0	0		0	
2667	64008	0	0	0		0	
2668	64032	0	0				
2669	64056	0	0	0			
2670	64080	0	0	0			
2671	64104	0	0	0			
2672	64128	0	0	0			
2673	64152	0	0	0			
2674	64176	0	0	0		0	
2675	64200	0	0	0		0	
2676	64224	0	0	0		0	
2677	64248	0	0	0		0	
2678	64272	0	0	0		0	
2679	64296	0	0	0		0	
2680	64320	0	0	0		0	
2681	64344	0	0	0		0	
2682	64368	0	0	0		0	
2683	64392	0	0	0		0	
2684	64416	0	0	0		0	
2685	64440	0	0	0		0	
2686	64464	0	0	0		0	
2687	64488	0	0	0		0	
2688	64512	0	0	0		0	
2689	64536	0	0	0		0	
2690	64560	0	0	0		0	
2691	64584	0	0	0		0	
2692	64608	0	0	0		0	
2693	64632	0	0	0		0	
2694	64656	0	0	0		0	
2695	64680	0	0	0		0	
2696	64704	0	0	0		0	
2697	64728	0	0	0		0	
2698	64752	0	0	0		0	
2699	64776	0	0	0		0	
2700	64800	0	0	0		0	
2701	64824	0	0	0		0	
2702	64848	0	0	0		0	
2703	64872	0	0	0		0	
2704	64896	0	0	0		0	
2705	64920	0	0	0		0	
2706	64944	0	0	0		0	
2707	64968	0	0	0		0	
2708	64992	0	0	0		0	
2709	65016	0	0	0		0	
2710	65040	0	0	0		0	
2711	65064	0	0	0		0	
2712	65088	0	0	0		0	
2713	65112	0	0	0		0	
2714	65136	0	0	0		0	
2715	65160	0	0	0		0	
2716	65184	0	0	0		0	
2717	65208	0	0	0		0	
2718	65232	0	0	0		0	
2719	65256	0	0	0		0	
2720	65280	0	0	0		0	
2721	65304	0	0	0		0	
2722	65328	0	0	0		0	
2723	65352	0	0	0		0	
2724	65376	0	0	0		0	
2725	65400	0	0	0		0	
2726	65424	0	0	0		0	
2727	65448	0	0	0		0	
2728	65472	0	0	0		0	
2729	65496	0	0	0		0	
2730	65520	0	0	0		0	
2731	65544	0	0	0		0	
2732	65568	0	0	0		0	
2733	65592	0	0	0		0	
2734	65616	0	0	0		0	
2735	65640	0	0	0		0	
2736	65664	0	0	0		0	
2737	65688	0	0	0		0	
2738	65712	0	0	0		0	
2739	65736	0	0	0		0	
2740	65760	0	0	0		0	
2741	65784	0	0	0		0	
2742	65808	0	0	0		0	
2743	65832	0	0	0		0	
2744	65856	0	0	0		0	
2745	65880	0	0	0		0	
2746	65904	0	0	0		0	
2747	65928	0	0	0		0	
2748	65952	0	0	0		0	
2749	65976	0	0	0		0	
2750	66000	0	0	0		0	
2751	66024	0	0	0		0	
2752	66048	0	0	0		0	
2753	66072	0	0	0		0	
2754	66096	0	0	0		0	
2755	66120	0	0	0		0	
2756	66144	0	0	0		0	
2757	66168	0	0	0		0	
2758	66192	0	0	0		0	
2759	66216	0	0	0		0	
2760	66240	0	0	0		0	
2761	66264	0	0	0		0	
2762	66288	0	0	0		0	
2763	66312	0	0	0		0	
2764	66336	0	0	0		0	
2765	66360	0	0	0		0	
2766	66384	0	0	0		0	
2767	66408	0	0	0		0	
2768	66432	0	0	0		0	
2769	66456	0	0	0		0	
2770	66480	0	0	0		0	
2771	66504	0	0	0		0	
2772	66528	0	0	0		0	
2773	66552	0	0	0		0	
2774	66576	0	0	0		0	
2775	66600	0	0	0		0	
2776	66624	0	0	0		0	
2777	66648	0	0	0		0	
2778	66672	0	0	0		0	
2779	66696	0	0	0		0	
2780	66720	0	0	0		0	
2781	66744	0	0	0		0	
2782	66768	0	0	0		0	
2783	66792	0	0	0		0	
2784	66816	0	0	0		0	
2785	66840	0	0	0		0	
2786	66864	0	0	0		0	
2787	66888	0	0	0		0	
2788	66912	0	0	0		0	
2789	66936	0	0	0		0	
2790	66960	0	0	0		0	
2791	66984	0	0	0		0	
2792	67008	0	0	0		0	
2793	67032	0	0	0		0	
2794	67056	0	0	0		0	
2795	67080	0	0	0		0	
2796	67104	0	0	0		0	
2797	67128	0	0	0		0	
2798	67152	0	0	0		0	
2799	67176	0	0	0		0	
2800	67200	0	0	0		0	
2801	67224	0	0	0		0	
2802	67248	0	0	0		0	
2803	67272	0	0	0		0	
2804	67296	0	0	0		0	
2805	67320	0	0	0		0	
2806	67344	0	0	0		0	
2807	67368	0	0	0		0	
2808	67392	0	0	0		0	
2809	67416	0	0	0		0	
2810	67440	0	0	0		0	
2811	67464	0	0	0		0	
2812	67488	0	0	0		0	
2813	67512	0	0	0		0	
2814	67536	0	0	0		0	
2815	67560	0	0	0		0	
2816	67584	0	0	0		0	
2817	67608	0	0	0		0	
2818	67632	0	0	0		0	
2819	67656	0	0	0		0	
2820	67680	0	0	0		0	
2821	67704	0	0	0		0	
2822	67728	0	0	0		0	
2823	67752	0	0	0		0	
2824	67776	0	0	0		0	
2825	67800	0	0	0		0	
2826	67824	0	0	0		0	
2827	67848	0	0	0		0	
2828	67872	0	0	0		0	
2829	67896	0	0	0		0	
2830	67920	0	0	0		0	
2831	67944	0	0	0		0	
2832	67968	0	0	0		0	
2833	67992	0	0	0		0	
2834	68016	0	0	0		0	
2835	68040	0	0	0		0	
2836	68064	0	0	0		0	
2837	68088	0	0	0		0	
2838	68112	0	0	0		0	
2839	68136	0	0	0		0	
2840	68160	0	0	0		0	
2841	68184	0	0	0		0	
2842	68208	0	0	0		0	
2843	68232	0	0	0		0	
2844	68256	0	0	0		0	
2845	68280	0	0	0		0	
2846	68304	0	0	0		0	
2847	68328	0	0	0		0	
2848	68352	0	0	0		0	
2849	68376	0	0	0		0	
2850	68400	0	0	0		0	
2851	68424	0	0	0		0	
2852	68448	0	0	0		0	
2853	68472	0	0	0		0	
2854	68496	0	0	0		0	
2855	68520	0	0	0		0	
2856	68544	0	0	0		0	
2857	68568	0	0	0		0	
2858	68592	0	0	0		0	
2859	68616	0	0	0		0	
2860	68640	0	0	0		0	
2861	68664	0	0	0		0	
2862	68688	0	0	0		0	
2863	68712	0	0	0		0	
2864	68736	0	0	0		0	
2865	68760	0	0	0		0	
2866	68784	0	0	0		0	
2867	68808	0	0	0		0	
2868	68832	0	0	0		0	
2869	68856	0	0	0		0	
2870	68880	0	0	0		0	
2871	68904	0	0	0		0	
2872	68928	0	0	0		0	
2873	68952	0	0	0		0	
2874	68976	0	0	0		0	
2875	69000	0	0	0		0	
2876	69024	0	0	0		0	
2877	69048	0	0	0		0	
2878	69072	0	0	0		0	
2879	69096	0	0	0		0	
2880	69120	0	0	0		0	
2881	69144	0	0	0		0	
2882	69168	0	0	0		0	
2883	69192	0	0	0		0	
2884	69216	0	0	0		0	
2885	69240	0	0	0		0	
2886	69264	0	0	0		0	
2887	69288	0	0.00833333333333333	0		13206.5602508387	
2888	69312	0	0	0		9080.2178598858	
2889	69336	0	0	0		1971.13978216158	
2890	69360	0	0	0		-5003.2895085273	
2891	69384	0	0	0		-744.621308109107	
2892	69408	0	0	0		-2243.1406190607	
2893	69432	0	0	0		0	
2894	69456	0	0	0		0	
2895	69480	0	0	0		0	
2896	69504	0	0	0		0	
2897	69528	0	0	0		0	
2898	69552	0	0	0		0	
2899	69576	0	0	0		0	
2900	69600	0	0.0333333333333333	0.48480209873494		329509.759059147	
2901	69624	0	0	0		-161014.859006182	
2902	69648	0	0	0		244997.939126325	
2903	69672	0	0	0		-112230.458809841	
2904	69696	0	0	0		-68639.2242907157	
2905	69720	0	0	0		127239.758559179	
2906	69744	0	0	0		0	
2907	69768	0	0	0		0	
2908	69792	0	0.00833333333333333	0		13206.5602508387	
2909	69816	0	0	0.0531440181632364		39410.2720147555	
2910	69840	0	0	0.0705725614059374		20615.9660907252	
2911	69864	0	0	0		-7737.04454915482	
2912	69888	0	0	0		23663.0714257768	
2913	69912	0	0	0		-22864.9297096971	
2914	69936	0	0.0166666666666667	0		31786.4955980538	
2915	69960	0	0	0		37988.8407856772	
2916	69984	0	0	0		3942.27956432315	
2917	70008	0	0	0.0386409136374457		12046.345163754	
2918	70032	0	0	0.339445372449668		176508.557196479	
2919	70056	0	0	0.391663218635639		99771.3828211979	
2920	70080	0	0	0.228905126842636		129885.591363799	
2921	70104	0	0	0.0937428214852473		82084.2070870071	
2922	70128	0	0	0.0821709033337562		11076.6939244959	
2923	70152	0	0	0.0788140928116346		56166.6611635443	
2924	70176	0	0.025	0.0801208668015385		154663.889104279	
2925	70200	0	0	0.064489723360639		105968.255167034	
2926	70224	0	0	0.0760808154566086		62487.8705905226	
2927	70248	0	0	0.170277602138262		79915.6421645	
2928	70272	0	0	0.138645070487379		43818.5710777054	
2929	70296	0	0	0.0304723019712756		36813.4880889417	
2930	70320	0	0.0833333333333333	0.0494504943496805		191119.999375649	
2931	70344	0	0.00833333333333333	0.23443787256982		204522.440544774	
2932	70368	0	0	0.274182983199229		137299.012259118	
2933	70392	0	0.075	0.0659585834939062		136919.219969614	
2934	70416	0	0.3	0.034111727127653		628699.889946728	
2935	70440	0	0.025	0.0485873375291988		337164.06808021	
2936	70464	0	0	0.183324640600859		168649.103596689	
2937	70488	0	0	0.0966603642991744		-114984.736125119	
2938	70512	0	0	0.110746749127254		56187.9722021047	
2939	70536	0	0	0.111743562736329		-48883.8753531894	
2940	70560	0	0	0.187151331380002		79197.2522610876	
2941	70584	0	0	0.1859350915927		101940.445678731	
2942	70608	0	0	0.223449525741972		134279.901309037	
2943	70632	0	0	0.208835011237265		99553.2911078529	
2944	70656	0	0.05	0.181884809110381		178006.909858654	
2945	70680	0	0.0333333333333333	0.0597598346040415		154414.469992353	
2946	70704	0	0.00833333333333333	0.188374057387492		215749.551861691	
2947	70728	0	0.00833333333333333	0.174867581875635		52402.3911420169	
2948	70752	0	0.00833333333333333	0.115606388239897		109382.765482297	
2949	70776	0	0	0.246882862466347		176157.623965822	
2950	70800	0	0.00833333333333333	0.138117290277578		-6652.43967884285	
2951	70824	0	0.00833333333333333	0.102664547705173		144669.266440632	
2952	70848	0	0	0.179982487837886		123058.372378307	
2953	70872	0	0	0.304627207765121		118303.360535288	
2954	70896	0	0	0.285575866671485		152396.445458936	
2955	70920	0	0	0.246277780247302		160981.442994788	
2956	70944	0	0	0.104088596132125		43112.5760297207	
2957	70968	0	0	0.107740167858064		94562.370431881	
2958	70992	0	0	0.120171917769193		75703.4419262413	
2959	71016	0	0	0.15225316081541		117754.778080167	
2960	71040	0	0	0.157942296065562		121545.343207539	
2961	71064	0	0	0.248163219053548		143601.267887006	
2962	71088	0	0	0.186406145545049		67654.1121793039	
2963	71112	0	0	0.180116120459552		131394.26863405	
2964	71136	0	0.0666666666666667	0.149988530535931		183289.533785137	
2965	71160	0	0.0833333333333333	0.100328379269328		264315.770498194	
2966	71184	0	0.00833333333333333	0.161034670492718		254420.535194313	
2967	71208	0	0	0.159953440799468		63023.4481028842	
2968	71232	0	0	0.202650372396477		86497.6391954129	
2969	71256	0	0	0.133975228172858		39733.259646655	
2970	71280	0	0	0.117539264432235		64439.1538595202	
2971	71304	0	0	0.0901508096822301		51923.7876714726	
2972	71328	0	0.0333333333333333	0.0438033258388248		90628.1338385945	
2973	71352	0	0.15	0.0431099711707805		341339.060160578	
2974	71376	0	0.0666666666666667	0.0660552978915767		323130.776625237	
2975	71400	0	0.00833333333333333	0.0298178366280499		125012.933200813	
2976	71424	0	0.0333333333333333	0.03008403912267		33173.6344495109	
2977	71448	0	0.00833333333333333	0.0195263541450981		-3517.69051243101	
2978	71472	0	0	0.0198594807930945		-18777.9789115869	
2979	71496	0	0	0.020443828566096		-14799.391513751	
2980	71520	0	0	0.0338540387290305		11076.671730877	
2981	71544	0	0	0.0163273860495661		-2149.71101580752	
2982	71568	0	0.0166666666666667	0.0487329336653382		60802.1141507798	
2983	71592	0	0.0166666666666667	0.0536192889488518		59695.3701758074	
2984	71616	0	0.00833333333333333	0.0883973946121817		85821.6060851162	
2985	71640	0	0	0.038279574665598		13136.4668880713	
2986	71664	0	0.0166666666666667	0.0505625111344479		61186.133159481	
2987	71688	0	0.00833333333333333	0.0708960347994392		48606.1881912104	
2988	71712	0	0	0.0567033216525132		31836.3177504994	
2989	71736	0	0	0.0232182571600745		24600.6564240991	
2990	71760	0	0.025	0.0246052437482867		55873.5988767437	
2991	71784	0	0.0333333333333333	0.0301562543503344		87205.426772436	
2992	71808	0	0.025	0.00719075052609419		91297.0316194289	
2993	71832	0	0.0583333333333333	0.031361107317176		150388.443058057	
2994	71856	0	0.00833333333333333	0.0349108119305921		68564.9925024584	
2995	71880	0	0.00833333333333333	0.0129700691163439		21358.5543518378	
2996	71904	0	0.0166666666666667	0.0304760982413619		21956.9700924444	
2997	71928	0	0.15	0.0258663440663618		240737.602250902	
2998	71952	0	0.0416666666666667	0.0433809907149527		242720.163443717	
2999	71976	0	0	0.0492361385795128		93235.1326256467	
3000	72000	0	0	0.0484942825929853		-60487.1349183681	
3001	72024	0	0	0.0164028107659124		-32395.192795137	
3002	72048	0	0	0.0285360295797297		-18745.5916718688	
3003	72072	0	0	0.0216828936445879		-6138.21002033336	
3004	72096	0	0	0.0234591246896159		22664.9044914403	
3005	72120	0	0	0.0207932791670693		18898.6822425909	
3006	72144	0	0.00833333333333333	0.0259580487416482		27650.41247249	
3007	72168	0	0	0.00883543880873106		14345.1318074823	
3008	72192	0	0	0.0192098789384687		20993.630692541	
3009	72216	0	0.00833333333333333	0.0380482588790674		25257.3840996049	
3010	72240	0	0	0.0203806974690117		14521.083959166	
3011	72264	0	0.00833333333333333	0.0105646279260974		31719.8562015155	
3012	72288	0	0.0166666666666667	0.00262899528600613		30301.5393673911	
3013	72312	0	0	0		19851.2929870735	
3014	72336	0	0	0		3902.00322870576	
3015	72360	0	0	0.000407165123949227		-6723.49940542119	
3016	72384	0	0	0		-1285.89529065601	
3017	72408	0	0	0		-3548.48445497788	
3018	72432	0	0	0		-77.4494763916908	
3019	72456	0	0	0		-55.1457244657662	
3020	72480	0	0	0		114.399064530704	
3021	72504	0	0	0		0	
3022	72528	0	0	0		0	
3023	72552	0	0	0		0	
3024	72576	0	0	0		0	
3025	72600	0	0	0		0	
3026	72624	0	0	0		0	
3027	72648	0	0	0		0	
3028	72672	0	0	0		0	
3029	72696	0	0	0		0	
3030	72720	0	0	0		0	
3031	72744	0	0	0		0	
3032	72768	0	0	0		0	
3033	72792	0	0				
3034	72816	0	0	0			
3035	72840	0	0	0			
3036	72864	0	0	0			
3037	72888	0	0	0			
3038	72912	0	0	0			
3039	72936	0	0	0		0	
3040	72960	0	0	0		0	
3041	72984	0	0	0		0	
3042	73008	0	0	0		0	
3043	73032	0	0	0		0	
3044	73056	0	0	0		0	
3045	73080	0	0	0		0	
3046	73104	0	0	0		0	
3047	73128	0	0	0		0	
3048	73152	0	0	0		0	
3049	73176	0	0	0		0	
3050	73200	0	0	0		0	
3051	73224	0	0	0		0	
3052	73248	0	0	0		0	
3053	73272	0	0	0		0	
3054	73296	0	0	0		0	
3055	73320	0	0	0		0	
3056	73344	0	0	0		0	
3057	73368	0	0	0		0	
3058	73392	0	0	0		0	
3059	73416	0	0	0		0	
3060	73440	0	0	0		0	
3061	73464	0	0	0		0	
3062	73488	0	0	0		0	
3063	73512	0	0	0		0	
3064	73536	0	0	0		0	
3065	73560	0	0	0		0	
3066	73584	0	0	0		0	
3067	73608	0	0	0		0	
3068	73632	0	0	0		0	
3069	73656	0	0	0		0	
3070	73680	0	0	0		0	
3071	73704	0	0	0		0	
3072	73728	0	0	0		0	
3073	73752	0	0	0		0	
3074	73776	0	0	0		0	
3075	73800	0	0	0		0	
3076	73824	0	0	0		0	
3077	73848	0	0	0		0	
3078	73872	0	0	0		0	
3079	73896	0	0	0		0	
3080	73920	0	0	0		0	
3081	73944	0	0	0		0	
3082	73968	0	0	0		0	
3083	73992	0	0	0		0	
3084	74016	0	0	0		0	
3085	74040	0	0	0		0	
3086	74064	0	0	0		0	
3087	74088	0	0	0		0	
3088	74112	0	0	0		0	
3089	74136	0	0	0		0	
3090	74160	0	0	0		0	
3091	74184	0	0	0		0	
3092	74208	0	0	0		0	
3093	74232	0	0	0		0	
3094	74256	0	0	0		0	
3095	74280	0	0	0		0	
3096	74304	0	0	0		0	
3097	74328	0	0	0		0	
3098	74352	0	0	0		0	
3099	74376	0	0	0		0	
3100	74400	0	0	0		0	
3101	74424	0	0	0		0	
3102	74448	0	0	0		0	
3103	74472	0	0	0		0	
3104	74496	0	0	0		0	
3105	74520	0	0	0		0	
3106	74544	0	0	0		0	
3107	74568	0	0	0		0	
3108	74592	0	0	0		0	
3109	74616	0	0	0		0	
3110	74640	0	0	0		0	
3111	74664	0	0	0		0	
3112	74688	0	0	0		0	
3113	74712	0	0	0		0	
3114	74736	0	0	0		0	
3115	74760	0	0	0		0	
3116	74784	0	0	0		0	
3117	74808	0	0	0		0	
3118	74832	0	0	0		0	
3119	74856	0	0	0		0	
3120	74880	0	0	0		0	
3121	74904	0	0	0		0	
3122	74928	0	0	0		0	
3123	74952	0	0	0		0	
3124	74976	0	0	0		0	
3125	75000	0	0	0		0	
3126	75024	0	0	0		0	
3127	75048	0	0	0		0	
3128	75072	0	0	0		0	
3129	75096	0	0	0		0	
3130	75120	0	0	0		0	
3131	75144	0	0	0		0	
3132	75168	0	0	0		0	
3133	75192	0	0	0		0	
3134	75216	0	0	0		0	
3135	75240	0	0	0		0	
3136	75264	0	0	0		0	
3137	75288	0	0	0		0	
3138	75312	0	0	0		0	
3139	75336	0	0	0		0	
3140	75360	0	0	0		0	
3141	75384	0	0	0		0	
3142	75408	0	0	0		0	
3143	75432	0	0	0		0	
3144	75456	0	0	0		0	
3145	75480	0	0	0		0	
3146	75504	0	0	0		0	
3147	75528	0	0	0		0	
3148	75552	0	0	0		0	
3149	75576	0	0	0		0	
3150	75600	0	0	0		0	
3151	75624	0	0	0		0	
3152	75648	0	0	0		0	
3153	75672	0	0	0		0	
3154	75696	0	0	0		0	
3155	75720	0	0	0		0	
3156	75744	0	0	0		0	
3157	75768	0	0	0		0	
3158	75792	0	0	0		0	
3159	75816	0	0	0		0	
3160	75840	0	0	0		0	
3161	75864	0	0	0		0	
3162	75888	0	0	0		0	
3163	75912	0	0	0		0	
3164	75936	0	0	0		0	
3165	75960	0	0	0		0	
3166	75984	0	0	0		0	
3167	76008	0	0	0		0	
3168	76032	0	0	0		0	
3169	76056	0	0	0		0	
3170	76080	0	0	0		0	
3171	76104	0	0	0		0	
3172	76128	0	0	0		0	
3173	76152	0	0	0		0	
3174	76176	0	0	0		0	
3175	76200	0	0	0		0	
3176	76224	0	0	0		0	
3177	76248	0	0	0		0	
3178	76272	0	0	0		0	
3179	76296	0	0	0		0	
3180	76320	0	0	0		0	
3181	76344	0	0	0		0	
3182	76368	0	0	0		0	
3183	76392	0	0	0		0	
3184	76416	0	0	0		0	
3185	76440	0	0	0		0	
3186	76464	0	0	0		0	
3187	76488	0	0	0		0	
3188	76512	0	0	0		0	
3189	76536	0	0	0		0	
3190	76560	0	0	0		0	
3191	76584	0	0	0		0	
3192	76608	0	0	0		0	
3193	76632	0	0	0		0	
3194	76656	0	0	0		0	
3195	76680	0	0	0		0	
3196	76704	0	0	0		0	
3197	76728	0	0	0		0	
3198	76752	0	0	0		0	
3199	76776	0	0	0		0	
3200	76800	0	0	0		0	
3201	76824	0	0	0		0	
3202	76848	0	0	0		0	
3203	76872	0	0	0		0	
3204	76896	0	0	0		0	
3205	76920	0	0	0		0	
3206	76944	0	0	0		0	
3207	76968	0	0	0		0	
3208	76992	0	0	0		0	
3209	77016	0	0	0		0	
3210	77040	0	0	0		0	
3211	77064	0	0	0		0	
3212	77088	0	0	0		0	
3213	77112	0	0	0		0	
3214	77136	0	0	0		0	
3215	77160	0	0	0		0	
3216	77184	0	0	0		0	
3217	77208	0	0	0		0	
3218	77232	0	0	0		0	
3219	77256	0	0	0		0	
3220	77280	0	0	0		0	
3221	77304	0	0	0		0	
3222	77328	0	0	0		0	
3223	77352	0	0	0		0	
3224	77376	0	0	0		0	
3225	77400	0	0	0		0	
3226	77424	0	0	0		0	
3227	77448	0	0	0		0	
3228	77472	0	0	0		0	
3229	77496	0	0	0		0	
3230	77520	0	0	0		0	
3231	77544	0	0	0		0	
3232	77568	0	0	0		0	
3233	77592	0	0	0		0	
3234	77616	0	0	0		0	
3235	77640	0	0	0		0	
3236	77664	0	0	0		0	
3237	77688	0	0	0		0	
3238	77712	0	0	0		0	
3239	77736	0	0	0		0	
3240	77760	0	0	0		0	
3241	77784	0	0	0		0	
3242	77808	0	0	0		0	
3243	77832	0	0	0		0	
3244	77856	0	0	0		0	
3245	77880	0	0	0		0	
3246	77904	0	0	0		0	
3247	77928	0	0	0		0	
3248	77952	0	0	0		0	
3249	77976	0	0	0		0	
3250	78000	0	0	0		0	
3251	78024	0	0	0		0	
3252	78048	0	0	0		0	
3253	78072	0	0	0		0	
3254	78096	0	0	0		0	
3255	78120	0	0	0		0	
3256	78144	0	0	0		0	
3257	78168	0	0	0		0	
3258	78192	0	0	0		0	
3259	78216	0	0.0333333333333333	0		52826.2410033547	
3260	78240	0	0	0		36320.8714395432	
3261	78264	0	0.00833333333333333	0		21091.119379485	
3262	78288	0	0	0		-10932.9401742234	
3263	78312	0	0	0		-1007.34545027485	
3264	78336	0	0	0		-13975.8519847701	
3265	78360	0	0	0.223905718999003		127041.587140891	
3266	78384	0	0	0		-93382.5946868966	
3267	78408	0	0	0		109510.750822246	
3268	78432	0	0	0		-42590.5355777482	
3269	78456	0	0	0		-30325.3946862305	
3270	78480	0	0	0		62909.623860011	
3271	78504	0	0	0		0	
3272	78528	0	0	0		0	
3273	78552	0	0	0		0	
3274	78576	0	0	0		0	
3275	78600	0	0	0		0	
3276	78624	0	0	0		0	
3277	78648	0	0	0		0	
3278	78672	0	0	0		0	
3279	78696	0	0	0		0	
3280	78720	0	0	0.0670096672156504		38243.3791383211	
3281	78744	0	0	0.078883246581748		17743.9259760269	
3282	78768	0	0.275	0.0950096831509003		490704.903684453	
3283	78792	0	0.00833333333333333	0.17395564952657		399294.543855739	
3284	78816	0	0.0583333333333333	0.183239116681565		222731.390998047	
3285	78840	0	0.00833333333333333	0.282179223695041		75239.7095497996	
3286	78864	0	0	0.129664916018978		18271.9569758254	
3287	78888	0	0	0.0581208770523671		-21138.0701174938	
3288	78912	0	0.15	0.0824682355350597		282468.304520474	
3289	78936	0	0	0.118702536381857		198202.382798531	
3290	78960	0	0	0.39135245854506		299270.645747495	
3291	78984	0	0	0.395699266141933	768600	47403.6895110843	721196.310488916
3292	79008	0.93665761477696	0	0.299852646113729	570600	170649.262849116	399950.737150884
3293	79032	0.993428178683521	0.025	0.120323735405603	669600	72046.4030366362	597553.596963364
3294	79056	0.999344100955389	0.025	0.072015165289387	696600	110717.920008153	585882.079991847
3295	79080	0.987125399258718	0	0.0413194479777128	658650	85598.4238353777	573051.576164622
3296	79104	0.994509635801635	0	0.0779103355399679	730800	101449.896839113	629350.103160887
3297	79128	0.99210468625296	0	0.142874757192005	705600	107046.213818767	598553.786181233
3298	79152	0.972638461498617	0.00833333333333333	0.143694874884801	802800	82394.6074964984	720405.392503502
3299	79176	0.980128836139082	0	0.152838637917459	786600	100784.614940204	685815.385059796
3300	79200	0.999691050986895	0	0.181934351203437	680400	87751.982969659	592648.017030341
3301	79224	0.975276695084331	0	0.265810583276902	873000	122601.927983847	750398.072016153
3302	79248	0.957959706351961	0	0.413147908209076	730800	207439.675525814	523360.324474186
3303	79272	0.997052832914619	0	0.285965790866611	765000	107864.555926643	657135.444073357
3304	79296	0.925914825644408	0	0.0668153294757845	887400	91539.5300754618	795860.469924538
3305	79320	0.984778996761218	0.025	0.152269243528363	927000	175717.790769261	751282.209230739
3306	79344	0.958644690302157	0	0.108069256650817	815400	23947.9997191461	791452.000280854
3307	79368	0.990601869027058	0	0.0837334827767444	759600	148826.177102719	610773.822897281
3308	79392	0.947143440216396	0	0.119082726545616	966600	114057.94735829	852542.05264171
3309	79416	0.915433166543239	0	0.126126785049038	856800	39823.2143206104	816976.78567939
3310	79440	0.959908859422952	0	0.137151472207304	858600	90666.4073896781	767933.592610322
3311	79464	0.965140296269706	0.141666666666667	0.146709217434075	1006200	310473.11392731	695726.88607269
3312	79488	0.782637246746017	0	0.29464940851596	1314000	313293.531343979	1000706.46865602
3313	79512	0.844822466080387	0	0.234876079488299	1063800	109662.966259101	954137.033740899
3314	79536	0.567719596152797	0	0.252783830399919	0	96672.7079702185	-96672.7079702185
3315	79560	0.571961066655931	0	0.200002529835003	0	76085.4728007775	-76085.4728007775
3316	79584	0.618843477770408	0	0.160403245257243	0	52272.1264264015	-52272.1264264015
3317	79608	0.464823257057075	0	0.234745263486572	0	169392.480336576	-169392.480336576
3318	79632	0.569179634380213	0	0.1724393230219	0	75025.6560637284	-75025.6560637284
3319	79656	0.461508545859639	0.0916666666666667	0.125566980436112	0	274981.009283744	-274981.009283744
3320	79680	0.453579576573474	0.0916666666666667	0.131889192522991	0	343469.775734995	-343469.775734995
3321	79704	0.433883781318281	0.175	0.099497350562169	0	443889.92191238	-443889.92191238
3322	79728	0.494893849647236	0	0.157649635962381	1672200	290025.530126268	1382174.46987373
3323	79752	0.513430564816089	0.0583333333333333	0.107183116585016	1495800	122632.256468279	1373167.74353172
3324	79776	0.504706188274595	0.00833333333333333	0.0552601688426177	1321200	2339.55461049957	1318860.4453895
3325	79800	0.62270147919684	0.0583333333333333	0.0512203242311076	55050	127766.842334031	-72716.842334031
3326	79824	0.643338030350438	0.0833333333333333	0.0523232077305256	0	137724.82311956	-137724.82311956
3327	79848	0.573331033531627	0.025	0.0305055744358071	0	174433.75187316	-174433.75187316
3328	79872	0.615547712922819	0.0333333333333333	0.0621032865936968	0	109813.109611605	-109813.109611605
3329	79896	0.483791491751249	0.216666666666667	0.10855335569634	0	378346.975542274	-378346.975542274
3330	79920	0.509445537961546	0.133333333333333	0.0485168991812266	0	432496.609085427	-432496.609085427
3331	79944	0.623196926683653	0.0166666666666667	0.134177889786856	1422000	286945.550469476	1135054.44953052
3332	79968	0.779320189978629	0	0.111981844149142	0	-77560.9165660021	77560.9165660021
3333	79992	0.708931193697072	0.00833333333333333	0.085907347035361	0	-28646.1388319709	28646.1388319709
3334	80016	0.692889170108464	0.00833333333333333	0.0678922260793211	0	-1001.04320089965	1001.04320089965
3335	80040	0.715273399799363	0	0.057160900308185	0	-5166.06678697859	5166.06678697859
3336	80064	0.622353065891073	0	0.0789226271160092	0	53654.1276510576	-53654.1276510576
3337	80088	0.662794665361628	0	0.0483282730733574	0	24579.362590032	-24579.362590032
3338	80112	0.796921179417908	0.341666666666667	0.0690177548162527	1454400	600868.216483065	853531.783516935
3339	80136	0.496595685167439	0.0583333333333333	0.0400554485337636	0	477216.881963023	-477216.881963023
3340	80160	0.554805845451644	0.0166666666666667	0.0475430484253341	0	211554.891976904	-211554.891976904
3341	80184	0.854042315410898	0	0.0247793291177221	0	-156295.122804126	156295.122804126
3342	80208	0.648323474323861	0.00833333333333333	0.0125366398402456	1126800	-31470.4176258365	1158270.41762584
3343	80232	0.616094075429848	0.00833333333333333	0.0325455729521788	1083600	-54387.1990501537	1137987.19905015
3344	80256	0.635091234911882	0.0166666666666667	0.0405276712589107	1170000	36388.6731155014	1133611.3268845
3345	80280	0	0.00833333333333333	0.0572802301945998		63577.6702968579	
3346	80304	0	0	0.0479178789414494		30201.7241099439	
3347	80328	0	0	0.07497031015372		31679.5316654959	
3348	80352	0	0	0.0980057442796802		32877.2378841287	
3349	80376	0	0	0.0508482096654017		15077.8760933858	
3350	80400	0	0	0.0630174550038092		56301.5439661674	
3351	80424	0	0	0.0475937217991742		11048.1536382088	
3352	80448	0	0	0.037323998629617		30868.14371377	
3353	80472	0	0.275	0.0630091974520859		488524.4189402	
3354	80496	0	0.0333333333333333	0.0839323489841473		389680.708443126	
3355	80520	0	0.00833333333333333	0.0193475806875334		126430.243861724	
3356	80544	0	0	0.0139643560096054		-110667.014517607	
3357	80568	0	0.175	0.0474547265707468		251572.568378485	
3358	80592	0	0	0		98848.3646174365	
3359	80616	0	0	0		73191.9164195147	
3360	80640	0	0	0		-112794.205348393	
3361	80664	0	0.0916666666666667	0.00544715573925991		130240.193401201	
3362	80688	0	0	0.00404926965293839		66203.2957426518	
3363	80712	0	0.141666666666667	0.00920830023990149		252465.307057771	
3364	80736	0	0	0.0165461871110129		105966.814995604	
3365	80760	0	0	0.0301242314557992		38771.5748875958	
3366	80784	0	0.00833333333333333	0.0650427500567616		-64341.8710811565	
3367	80808	0	0	0.0203523413380378		-6961.47937127311	
3368	80832	0	0	0.0217196365473971		-5622.77614613953	
3369	80856	0	0	0.0392099662149192		6684.47322367325	
3370	80880	0	0	0.0015310752288773		-9424.84186761874	
3371	80904	0	0	0.000800383631640145		28154.5674133783	
3372	80928	0	0	8.25755313336172e-05		-4211.58152226938	
3373	80952	0	0	0		858.53936614499	
3374	80976	0	0.0166666666666667	0		37110.5154460273	
3375	81000	0	0	0		18466.5041910077	
3376	81024	0	0.00833333333333333	0		17362.5355521219	
3377	81048	0	0	0		-903.160340148754	
3378	81072	0	0.00833333333333333	0		13688.457416782	
3379	81096	0	0	6.35193503484287e-06		-405.727746243728	
3380	81120	0	0	0		1223.93295772918	
3381	81144	0	0	0		-7243.32343974658	
3382	81168	0	0	0		-745.829550204478	
3383	81192	0	0	0		-2244.00091391075	
3384	81216	0	0	0		1.78467010852443	
3385	81240	0	0	0		0	
3386	81264	0	0	0		0	
3387	81288	0	0.00833333333333333	0		13206.5602508387	
3388	81312	0	0.00833333333333333	0		22286.7781107245	
3389	81336	0	0	0		11051.3576420474	
3390	81360	0	0	0.000438273542798129		-2782.02072319394	
3391	81384	0	0	0.00036838863701405		-5716.06269873839	
3392	81408	0	0	0.00131465309321577		-2173.06429238675	
3393	81432	0	0.00833333333333333	6.35055178044296e-06		10528.7320258099	
3394	81456	0	0	0		9591.18816685678	
3395	81480	0	0	0		1797.42276899447	
3396	81504	0	0	0		-5079.047541041	
3397	81528	0	0	0		-376.110182175096	
3398	81552	0	0	0		-2241.35633759796	
3399	81576	0	0				
3400	81600	0	0	0			
3401	81624	0	0	0			
3402	81648	0	0	0			
3403	81672	0	0	0			
3404	81696	0	0	0			
3405	81720	0	0	0		0	
3406	81744	0	0	0		0	
3407	81768	0	0	0		0	
3408	81792	0	0	0		0	
3409	81816	0	0	0		0	
3410	81840	0	0	0		0	
3411	81864	0	0	0		0	
3412	81888	0	0	0		0	
3413	81912	0	0	0		0	
3414	81936	0	0	0		0	
3415	81960	0	0	0		0	
3416	81984	0	0	0		0	
3417	82008	0	0	0		0	
3418	82032	0	0	0		0	
3419	82056	0	0	0		0	
3420	82080	0	0	0		0	
3421	82104	0	0	0		0	
3422	82128	0	0	0		0	
3423	82152	0	0	0		0	
3424	82176	0	0	0		0	
3425	82200	0	0	0		0	
3426	82224	0	0	0		0	
3427	82248	0	0	0		0	
3428	82272	0	0	0		0	
3429	82296	0	0	0		0	
3430	82320	0	0	0		0	
3431	82344	0	0	0		0	
3432	82368	0	0	0		0	
3433	82392	0	0	0		0	
3434	82416	0	0	0		0	
3435	82440	0	0	0		0	
3436	82464	0	0	0		0	
3437	82488	0	0	0		0	
3438	82512	0	0	0		0	
3439	82536	0	0	0		0	
3440	82560	0	0	0		0	
3441	82584	0	0	0		0	
3442	82608	0	0	0		0	
3443	82632	0	0	0		0	
3444	82656	0	0	0		0	
3445	82680	0	0	0		0	
3446	82704	0	0	0		0	
3447	82728	0	0	0		0	
3448	82752	0	0	0		0	
3449	82776	0	0	0		0	
3450	82800	0	0	0		0	
3451	82824	0	0	0		0	
3452	82848	0	0	0		0	
3453	82872	0	0	0		0	
3454	82896	0	0	0		0	
3455	82920	0	0	0		0	
3456	82944	0	0	0		0	
3457	82968	0	0	0		0	
3458	82992	0	0	0		0	
3459	83016	0	0	0		0	
3460	83040	0	0	0		0	
3461	83064	0	0	0		0	
3462	83088	0	0	0		0	
3463	83112	0	0	0		0	
3464	83136	0	0	0		0	
3465	83160	0	0	0		0	
3466	83184	0	0	0		0	
3467	83208	0	0	0		0	
3468	83232	0	0	0		0	
3469	83256	0	0	0		0	
3470	83280	0	0	0		0	
3471	83304	0	0	0		0	
3472	83328	0	0	0		0	
3473	83352	0	0	0		0	
3474	83376	0	0	0		0	
3475	83400	0	0	0		0	
3476	83424	0	0	0		0	
3477	83448	0	0	0		0	
3478	83472	0	0	0		0	
3479	83496	0	0	0		0	
3480	83520	0	0	0		0	
3481	83544	0	0	0		0	
3482	83568	0	0	0		0	
3483	83592	0	0	0		0	
3484	83616	0	0	0		0	
3485	83640	0	0	0		0	
3486	83664	0	0	0		0	
3487	83688	0	0	0		0	
3488	83712	0	0	0		0	
3489	83736	0	0	0		0	
3490	83760	0	0	0		0	
3491	83784	0	0	0		0	
3492	83808	0	0	0		0	
3493	83832	0	0	0		0	
3494	83856	0	0	0		0	
3495	83880	0	0	0		0	
3496	83904	0	0	0		0	
3497	83928	0	0	0		0	
3498	83952	0	0	0		0	
3499	83976	0	0	0		0	
3500	84000	0	0	0		0	
3501	84024	0	0	0		0	
3502	84048	0	0	0		0	
3503	84072	0	0	0		0	
3504	84096	0	0	0		0	
3505	84120	0	0	0		0	
3506	84144	0	0	0		0	
3507	84168	0	0	0		0	
3508	84192	0	0	0		0	
3509	84216	0	0	0		0	
3510	84240	0	0	0		0	
3511	84264	0	0	0		0	
3512	84288	0	0	0		0	
3513	84312	0	0	0		0	
3514	84336	0	0	0		0	
3515	84360	0	0	0		0	
3516	84384	0	0	0		0	
3517	84408	0	0	0		0	
3518	84432	0	0	0		0	
3519	84456	0	0	0		0	
3520	84480	0	0	0		0	
3521	84504	0	0	0		0	
3522	84528	0	0	0		0	
3523	84552	0	0	0		0	
3524	84576	0	0	0		0	
3525	84600	0	0	0		0	
3526	84624	0	0	0		0	
3527	84648	0	0	0		0	
3528	84672	0	0	0		0	
3529	84696	0	0	0		0	
3530	84720	0	0	0		0	
3531	84744	0	0	0		0	
3532	84768	0	0	0		0	
3533	84792	0	0	0		0	
3534	84816	0	0	0		0	
3535	84840	0	0	0		0	
3536	84864	0	0	0		0	
3537	84888	0	0	0		0	
3538	84912	0	0	0		0	
3539	84936	0	0	0		0	
3540	84960	0	0	0		0	
3541	84984	0	0	0		0	
3542	85008	0	0	0		0	
3543	85032	0	0	0		0	
3544	85056	0	0	0		0	
3545	85080	0	0	0		0	
3546	85104	0	0	0		0	
3547	85128	0	0	0		0	
3548	85152	0	0	0		0	
3549	85176	0	0	0		0	
3550	85200	0	0	0		0	
3551	85224	0	0	0		0	
3552	85248	0	0	0		0	
3553	85272	0	0	0		0	
3554	85296	0	0	0		0	
3555	85320	0	0	0		0	
3556	85344	0	0	0		0	
3557	85368	0	0	0		0	
3558	85392	0	0	0		0	
3559	85416	0	0	0		0	
3560	85440	0	0	0		0	
3561	85464	0	0	0		0	
3562	85488	0	0	0		0	
3563	85512	0	0	0		0	
3564	85536	0	0	0		0	
3565	85560	0	0	0		0	
3566	85584	0	0	0		0	
3567	85608	0	0	0		0	
3568	85632	0	0	0		0	
3569	85656	0	0	0		0	
3570	85680	0	0	0		0	
3571	85704	0	0	0		0	
3572	85728	0	0	0		0	
3573	85752	0	0	0		0	
3574	85776	0	0	0		0	
3575	85800	0	0	0		0	
3576	85824	0	0	0		0	
3577	85848	0	0	0		0	
3578	85872	0	0	0		0	
3579	85896	0	0	0		0	
3580	85920	0	0	0		0	
3581	85944	0	0	0		0	
3582	85968	0	0	0		0	
3583	85992	0	0	0		0	
3584	86016	0	0	0		0	
3585	86040	0	0	0		0	
3586	86064	0	0	0		0	
3587	86088	0	0	0		0	
3588	86112	0	0	0		0	
3589	86136	0	0	0		0	
3590	86160	0	0	0		0	
3591	86184	0	0	0		0	
3592	86208	0	0	0		0	
3593	86232	0	0	0		0	
3594	86256	0	0	0		0	
3595	86280	0	0	0		0	
3596	86304	0	0	0		0	
3597	86328	0	0	0		0	
3598	86352	0	0	0		0	
3599	86376	0	0	0		0	
3600	86400	0	0	0		0	
3601	86424	0	0	0		0	
3602	86448	0	0	0		0	
3603	86472	0	0	0		0	
3604	86496	0	0	0		0	
3605	86520	0	0	0		0	
3606	86544	0	0	0		0	
3607	86568	0	0	0		0	
3608	86592	0	0	0		0	
3609	86616	0	0	0		0	
3610	86640	0	0	0		0	
3611	86664	0	0	0		0	
3612	86688	0	0	0		0	
3613	86712	0	0	0		0	
3614	86736	0	0	0		0	
3615	86760	0	0	0		0	
3616	86784	0	0	0		0	
3617	86808	0	0	0		0	
3618	86832	0	0	0		0	
3619	86856	0	0	0		0	
3620	86880	0	0	0		0	
3621	86904	0	0.00833333333333333	0		13206.5602508387	
3622	86928	0	0	0		9080.2178598858	
3623	86952	0	0	0		1971.13978216158	
3624	86976	0	0	0		-5003.2895085273	
3625	87000	0	0	0		-744.621308109107	
3626	87024	0	0	0		-2243.1406190607	
3627	87048	0	0	0		0	
3628	87072	0	0.00833333333333333	0		13206.5602508387	
3629	87096	0	0.0333333333333333	0		61906.4588632405	
3630	87120	0	0	0		38292.0112217048	
3631	87144	0	0	0		2881.269620119	
3632	87168	0	0.00833333333333333	0.119978519488891		60922.244513532	
3633	87192	0	0.00833333333333333	0.351851667845772		169035.427768515	
3634	87216	0	0	0.11920549822057		-14427.3152685033	
3635	87240	0	0	0.00146789291142901		98550.0852541877	
3636	87264	0	0	0		-31220.4458936622	
3637	87288	0	0	0		-38889.092005788	
3638	87312	0	0	0		80190.591014213	
3639	87336	0	0	0.128315021052794		106524.96397692	
3640	87360	0	0	0		-51817.4186367315	
3641	87384	0	0	0		62757.9963570575	
3642	87408	0	0	0		-24407.6189466731	
3643	87432	0	0	0		-17378.7595734224	
3644	87456	0	0	0.0030064661237067		37767.8366350131	
3645	87480	0	0	0.00512509397534822		1701.20105716544	
3646	87504	0	0	0		-615.696218243702	
3647	87528	0	0	0		1934.7691912767	
3648	87552	0	0	0		-1382.06728480185	
3649	87576	0	0	0		150.577464186822	
3650	87600	0	0	0		1439.97096491225	
3651	87624	0	0	0		0	
3652	87648	0	0	0		0	
3653	87672	0	0	0		0	
3654	87696	0	0	0		0	
3655	87720	0	0	0.0182423343860218		10411.1621394491	
3656	87744	0	0	0.0520779857319247		22296.2234542168	
3657	87768	0	0	0.081895215830649		34462.9503096752	
3658	87792	0	0.025	0.00729291701544021		32447.9009172742	
3659	87816	0	0	0.110023795550287		114741.868665879	
3660	87840	0	0	0.023522937747079		-39385.0082356942	
3661	87864	0	0	0.0230529434781847		44536.897694368	
3662	87888	0	0	0.142772932062803		82463.6502408017	
3663	87912	0	0	0.222477432384524		56075.0067307915	
3664	87936	0	0	0.364442322683597	698400	210605.508850918	487794.491149082
3665	87960	0.965303627465473	0	0.154802613785073	698400	25145.357363506	673254.642636494
3666	87984	0.97173105158347	0.00833333333333333	0.160147346158733	599400	164661.031707765	434738.968292235
3667	88008	0.883686415717641	0.0416666666666667	0.212856419376421	471600	147778.449062631	323821.550937369
3668	88032	0.819216924643348	0.00833333333333333	0.257205249387986	442800	182757.490622265	260042.509377735
3669	88056	0.815725436236357	0	0.19983328050179	482400	178359.759920638	304040.240079362
3670	88080	0.944065302862001	0.025	0.100408058897437	475200	98905.7130167448	376294.286983255
3671	88104	0.937634186555071	0	0.166907821101262	552600	135636.623557327	416963.376442673
3672	88128	0.955120108269772	0	0.25034560532049	594000	104957.182618011	489042.817381989
3673	88152	0.906766151488101	0	0.253157094845579	538200	133060.497088474	405139.502911526
3674	88176	0.849318986652847	0	0.267317248538312	502200	180522.622221979	321677.377778021
3675	88200	0.961229321185267	0	0.270983585300704	577800	120917.941236489	456882.058763511
3676	88224	0.863991069282145	0	0.343445922166293	538200	181284.567685766	356915.432314235
3677	88248	0.938123393220972	0	0.364235761477645	684000	185816.259754233	498183.740245767
3678	88272	0.970130324243015	0.0166666666666667	0.268669137988747	702000	182841.297025142	519158.702974859
3679	88296	0.893636365626163	0.025	0.201591030700956	586800	214692.250714671	372107.749285329
3680	88320	0.964717396243262	0.0166666666666667	0.188501749186551	676800	174862.073447769	501937.926552231
3681	88344	0.961145537478779	0	0.143931226135967	621000	114138.692084639	506861.307915361
3682	88368	0.999906159690977	0	0.12834274460956	802800	121902.237613556	680897.762386444
3683	88392	0.995787895256781	0	0.0733657743777547	630000	55626.1373774671	574373.862622533
3684	88416	0.998815867339165	0	0.0712482969471582	649800	69083.7888438385	580716.211156162
3685	88440	0.994431310791621	0.0166666666666667	0.067855356425528	608100	76590.0501570617	531509.949842938
3686	88464	0.99997500405527	0	0.0846062840750372	658800	82775.1224708553	576024.877529145
3687	88488	0.999935078800523	0.0583333333333333	0.0475313269773281	671400	134834.7992085	536565.200791501
3688	88512	0.954904040249986	0	0.0714867559863866	820800	114442.736796183	706357.263203817
3689	88536	0.922986297247032	0	0.048575148528407	811800	28914.8217040354	782885.178295965
3690	88560	0.919397168557218	0	0.0798454172092047	811800	19815.8863498432	791984.113650157
3691	88584	0.95062858771142	0	0.104025416984479	811800	49149.5088529441	762650.491147056
3692	88608	0.94949965213633	0	0.151267493969456	811800	61770.2825145655	750029.717485435
3693	88632	0.985303022106692	0.0916666666666667	0.103790644941823	811800	192131.005995209	619668.994004791
3694	88656	0.973299122124628	0	0.0954172617340259	811800	169121.389541084	642678.610458916
3695	88680	0.940199196051994	0.025	0.0233479199067812	802800	66122.6679194432	736677.332080557
3696	88704	0.978628169972064	0.108333333333333	0.0542970879866829	831600	201039.576741376	630560.423258624
3697	88728	0.948172246170605	0.0333333333333333	0.053793362032108	914400	198904.004252292	715495.995747708
3698	88752	0.639552806730842	0.00833333333333333	0.0566140277336515	0	84235.5609434515	-84235.5609434515
3699	88776	0.6895325816892	0	0.0595264069004209	0	244.789443012447	-244.789443012447
3700	88800	0.721270245873399	0	0.0387225599135457	0	-19918.6605164096	19918.6605164096
3701	88824	0.632650573668243	0.0666666666666667	0.0569106103639259	0	111542.734248233	-111542.734248233
3702	88848	0.626397086189666	0	0.0960725442677478	0	109651.801035457	-109651.801035457
3703	88872	0.641776661969345	0.0166666666666667	0.0758004011161218	0	72407.054590663	-72407.054590663
3704	88896	0.691259336785117	0	0.047921316341979	0	22272.8143819752	-22272.8143819752
3705	88920	0.596699920493162	0	0.145930811169767	0	83734.7272634776	-83734.7272634776
3706	88944	0.728110497531212	0	0.0861264883603123	0	-26200.8337580958	26200.8337580958
3707	88968	0.5964732398219	0.00833333333333333	0.0835947573480969	0	103353.854486645	-103353.854486645
3708	88992	0.675969682980749	0	0.0448903029824211	0	25359.0514169652	-25359.0514169652
3709	89016	0.664090324831966	0	0.0579962085267836	0	35000.6302034102	-35000.6302034102
3710	89040	0.656775461878885	0	0.0291120439043917	0	23395.4175059302	-23395.4175059302
3711	89064	0.621581288857207	0.05	0.0176199923507534	0	109404.104769169	-109404.104769169
3712	89088	0.642683425498737	0	0.0319172337751548	0	83895.672322984	-83895.672322984
