timestep	time	weight	P.V1	P.V2	Q	Qfitted	Qresidual
9	216	0.925944006559583	0.00833333333333333	0.163580291391012	308262.5	89959.2476660338	218303.252333966
10	240	0.985920933155191	0.0166666666666667	0.114419407400027	344925	205697.358393345	139227.641606655
11	264	0.902474011858591	0	0.315122924133833	538825	263435.584745056	275389.415254944
12	288	0.900608483236418	0.025	0.245011897968388	522812.5	223029.782045616	299782.717954384
13	312	0.86056243831554	0.025	0.138971530164841	493937.5	149684.769731311	344252.730268689
14	336	0.801627752605066	0.383333333333333	0.153998149679023	775425	488803.036129172	286621.963870828
15	360	0.906908206811592	0	0.223795743938282	788812.5	520243.270209924	268569.229790076
16	384	0	0	0.1854785058633		155581.785718368	
17	408	0	0	0.192964552893678		334466.037519235	
18	432	0	0	0.223520911655388		430869.400948444	
19	456	0	0	0.193061662695786		253639.687642251	
20	480	0	0.0666666666666667	0.12992451221561		204775.124110997	
21	504	0	0	0.257863317443161		230482.46697548	
22	528	0	0	0.407920090351185		245767.379001236	
23	552	0	0	0.276662528659961		243447.554933297	
24	576	0	0	0.264436841823875		200836.598002954	
25	600	0	0	0.348808150325437		251578.743346702	
26	624	0	0	0.355364664993029		303805.830265621	
27	648	0	0	0.354852490837626		287839.273349335	
28	672	0	0	0.341466869233702		261922.777952975	
29	696	0	0	0.229542098134862		245248.960225843	
30	720	0	0	0.257483435558922		255421.666314355	
31	744	0	0	0.222854732260782		270635.525431274	
32	768	0	0	0.272876304455059		257273.401777382	
33	792	0	0	0.276875686732579		247285.225179419	
34	816	0	0	0.152272148303741		180930.676650152	
35	840	0	0.0833333333333333	0.09389598997633		217319.741210275	
36	864	0	0.408333333333333	0.128423001069207		598242.343318225	
37	888	0	0	0.128438456008349		503435.175511624	
38	912	0	0	0.172876373494661		105403.449322412	
39	936	0	0	0.141494438117416		346617.579405505	
40	960	0	0	0.0970910942088565		389851.440265695	
41	984	0	0	0.095145798827092		187401.701905174	
42	1008	0	0	0.08217463792543		108974.197929577	
43	1032	0	0.0166666666666667	0.0831121550221266		118422.929880381	
44	1056	0	0.0916666666666667	0.0295249783237743		166951.784314705	
45	1080	0	0	0.0246753407869189		122133.361772345	
46	1104	0	0.0833333333333333	0.0290589918303805		118015.720089415	
47	1128	0	0.00833333333333333	0.0455427917776223		180336.589424859	
48	1152	0	0	0.0243500489766309		94218.6534376528	
49	1176	0	0	0.0258182925206949		72168.3739230561	
50	1200	0	0.0166666666666667	0.0255571441716072		101232.973419671	
51	1224	0	0.025	0.0464039348828465		93076.8782757993	
52	1248	0	0.0166666666666667	0.0480881023543152		69702.9145692945	
53	1272	0	0	0.0215648494045997		36094.0510760719	
54	1296	0	0.025	0.0682806401653408		72559.1779786827	
55	1320	0	0.0333333333333333	0.105421784456162		139178.042343578	
56	1344	0	0	0.0993409843941446		98492.0955542191	
57	1368	0	0	0.100146076851752		58212.3054162012	
58	1392	0	0	0.0690340450793094		84609.9221517386	
59	1416	0	0	0.0860205518403133		99453.3931497756	
60	1440	0	0	0.0555006054917779		84441.1640075349	
61	1464	0	0	0.0526721453861558		62901.2363179916	
62	1488	0	0	0.0783185342129364		70302.765094844	
63	1512	0	0	0.0605269764442848		64012.7149381671	
64	1536	0	0	0.0282989581408959		42500.7113050865	
65	1560	0	0.00833333333333333	0.0414036022126059		47131.2106401452	
66	1584	0	0	0.0109155359347337		49470.6800414857	
67	1608	0	0	0.0212802184403174		33360.4463449851	
68	1632	0	0	0.0564194837324035		46442.102538938	
69	1656	0	0	0.0119865599702305		32708.8220994328	
70	1680	0	0	0.0055321904261092		9076.35584186472	
71	1704	0	0	0.0196284208731097		18736.1134331389	
72	1728	0	0.00833333333333333	0.00527735633182758		30873.6152899508	
73	1752	0	0	0.00879752682596724		22231.5068097635	
74	1776	0	0	0.0208596657783034		11198.0094778683	
75	1800	0	0	0.00799854294817238		14442.4404671642	
76	1824	0	0.05	0.000585446848626604		53770.1244231642	
77	1848	0	0.00833333333333333	0		54480.6474676735	
78	1872	0	0.0416666666666667	0.0135998463987761		44545.6721845201	
79	1896	0	0.0166666666666667	0.0173378110614433		81748.1458220248	
80	1920	0	0	0.00407983180523708		46708.7805915562	
81	1944	0	0	0		29833.5692651794	
82	1968	0	0	0		42300.3003252246	
83	1992	0	0	0		28260.3136949147	
84	2016	0	0	0		8310.47520672678	
85	2040	0	0	0		864.599388252304	
86	2064	0	0	0		0	
87	2088	0	0	0.00547932236178284		1612.3496729714	
88	2112	0	0	0		975.834969844977	
89	2136	0	0	0		-1016.47877357722	
90	2160	0	0	0		655.648712239063	
91	2184	0	0	0		1322.00913877048	
92	2208	0	0	0		1161.17991823913	
93	2232	0	0	0		0	
94	2256	0	0	0		0	
95	2280	0	0	0		0	
96	2304	0	0	0		0	
97	2328	0	0.0166666666666667	0		14589.6119574144	
98	2352	0	0	0		13667.4785259433	
99	2376	0	0	0		-3503.24089418071	
100	2400	0	0	0		6932.36627414471	
101	2424	0	0	0		11577.1834060251	
102	2448	0	0	0		3651.88947722488	
103	2472	0	0	0		0	
104	2496	0	0	0		0	
105	2520	0	0	0		0	
106	2544	0	0	0		0	
107	2568	0	0				
108	2592	0	0	0			
109	2616	0	0	0			
110	2640	0	0	0			
111	2664	0	0	0			
112	2688	0	0	0			
113	2712	0	0	0		0	
114	2736	0	0	0		0	
115	2760	0	0	0		0	
116	2784	0	0	0		0	
117	2808	0	0	0		0	
118	2832	0	0	0		0	
119	2856	0	0	0		0	
120	2880	0	0	0		0	
121	2904	0	0	0		0	
122	2928	0	0	0		0	
123	2952	0	0	0		0	
124	2976	0	0	0		0	
125	3000	0	0	0		0	
126	3024	0	0	0		0	
127	3048	0	0	0		0	
128	3072	0	0	0		0	
129	3096	0	0	0		0	
130	3120	0	0	0		0	
131	3144	0	0	0		0	
132	3168	0	0	0		0	
133	3192	0	0	0		0	
134	3216	0	0	0		0	
135	3240	0	0	0		0	
136	3264	0	0	0		0	
137	3288	0	0	0		0	
138	3312	0	0	0		0	
139	3336	0	0	0		0	
140	3360	0	0	0		0	
141	3384	0	0	0		0	
142	3408	0	0	0		0	
143	3432	0	0	0		0	
144	3456	0	0	0		0	
145	3480	0	0	0		0	
146	3504	0	0	0		0	
147	3528	0	0	0		0	
148	3552	0	0	0		0	
149	3576	0	0	0		0	
150	3600	0	0	0		0	
151	3624	0	0	0		0	
152	3648	0	0	0		0	
153	3672	0	0	0		0	
154	3696	0	0	0		0	
155	3720	0	0	0		0	
156	3744	0	0	0		0	
157	3768	0	0	0		0	
158	3792	0	0	0		0	
159	3816	0	0	0		0	
160	3840	0	0	0		0	
161	3864	0	0	0		0	
162	3888	0	0	0		0	
163	3912	0	0	0		0	
164	3936	0	0	0		0	
165	3960	0	0	0		0	
166	3984	0	0	0		0	
167	4008	0	0	0		0	
168	4032	0	0	0		0	
169	4056	0	0	0		0	
170	4080	0	0	0		0	
171	4104	0	0	0		0	
172	4128	0	0	0		0	
173	4152	0	0	0		0	
174	4176	0	0	0		0	
175	4200	0	0	0		0	
176	4224	0	0	0		0	
177	4248	0	0	0		0	
178	4272	0	0	0		0	
179	4296	0	0	0		0	
180	4320	0	0	0		0	
181	4344	0	0	0		0	
182	4368	0	0	0		0	
183	4392	0	0	0		0	
184	4416	0	0	0		0	
185	4440	0	0	0		0	
186	4464	0	0	0		0	
187	4488	0	0	0		0	
188	4512	0	0	0		0	
189	4536	0	0	0		0	
190	4560	0	0	0		0	
191	4584	0	0	0		0	
192	4608	0	0	0		0	
193	4632	0	0	0		0	
194	4656	0	0	0		0	
195	4680	0	0	0		0	
196	4704	0	0	0		0	
197	4728	0	0	0		0	
198	4752	0	0	0		0	
199	4776	0	0	0		0	
200	4800	0	0	0		0	
201	4824	0	0	0		0	
202	4848	0	0	0		0	
203	4872	0	0	0		0	
204	4896	0	0	0		0	
205	4920	0	0	0		0	
206	4944	0	0	0		0	
207	4968	0	0	0		0	
208	4992	0	0	0		0	
209	5016	0	0	0		0	
210	5040	0	0	0		0	
211	5064	0	0	0		0	
212	5088	0	0	0		0	
213	5112	0	0	0		0	
214	5136	0	0	0		0	
215	5160	0	0	0		0	
216	5184	0	0	0		0	
217	5208	0	0	0		0	
218	5232	0	0	0		0	
219	5256	0	0	0		0	
220	5280	0	0	0		0	
221	5304	0	0	0		0	
222	5328	0	0	0		0	
223	5352	0	0	0		0	
224	5376	0	0	0		0	
225	5400	0	0	0		0	
226	5424	0	0	0		0	
227	5448	0	0	0		0	
228	5472	0	0	0		0	
229	5496	0	0	0		0	
230	5520	0	0	0		0	
231	5544	0	0	0		0	
232	5568	0	0	0		0	
233	5592	0	0	0		0	
234	5616	0	0	0		0	
235	5640	0	0	0		0	
236	5664	0	0	0		0	
237	5688	0	0	0		0	
238	5712	0	0	0		0	
239	5736	0	0	0		0	
240	5760	0	0	0		0	
241	5784	0	0	0		0	
242	5808	0	0	0		0	
243	5832	0	0	0		0	
244	5856	0	0	0		0	
245	5880	0	0	0		0	
246	5904	0	0	0		0	
247	5928	0	0	0		0	
248	5952	0	0	0		0	
249	5976	0	0	0		0	
250	6000	0	0	0		0	
251	6024	0	0	0		0	
252	6048	0	0	0		0	
253	6072	0	0	0		0	
254	6096	0	0	0		0	
255	6120	0	0	0		0	
256	6144	0	0	0		0	
257	6168	0	0	0		0	
258	6192	0	0	0		0	
259	6216	0	0	0		0	
260	6240	0	0	0		0	
261	6264	0	0	0		0	
262	6288	0	0	0		0	
263	6312	0	0	0		0	
264	6336	0	0	0		0	
265	6360	0	0	0		0	
266	6384	0	0	0		0	
267	6408	0	0	0		0	
268	6432	0	0	0		0	
269	6456	0	0	0		0	
270	6480	0	0	0		0	
271	6504	0	0	0		0	
272	6528	0	0	0		0	
273	6552	0	0	0		0	
274	6576	0	0	0		0	
275	6600	0	0	0		0	
276	6624	0	0	0		0	
277	6648	0	0	0		0	
278	6672	0	0	0		0	
279	6696	0	0	0		0	
280	6720	0	0	0		0	
281	6744	0	0	0		0	
282	6768	0	0	0		0	
283	6792	0	0	0		0	
284	6816	0	0	0		0	
285	6840	0	0	0		0	
286	6864	0	0	0		0	
287	6888	0	0	0		0	
288	6912	0	0	0		0	
289	6936	0	0	0		0	
290	6960	0	0	0		0	
291	6984	0	0	0		0	
292	7008	0	0	0		0	
293	7032	0	0	0		0	
294	7056	0	0	0		0	
295	7080	0	0	0		0	
296	7104	0	0	0		0	
297	7128	0	0	0		0	
298	7152	0	0	0		0	
299	7176	0	0	0		0	
300	7200	0	0	0		0	
301	7224	0	0	0		0	
302	7248	0	0	0		0	
303	7272	0	0	0		0	
304	7296	0	0	0		0	
305	7320	0	0	0		0	
306	7344	0	0	0		0	
307	7368	0	0	0		0	
308	7392	0	0	0		0	
309	7416	0	0	0		0	
310	7440	0	0	0		0	
311	7464	0	0	0		0	
312	7488	0	0	0		0	
313	7512	0	0	0		0	
314	7536	0	0	0		0	
315	7560	0	0	0		0	
316	7584	0	0	0		0	
317	7608	0	0	0		0	
318	7632	0	0	0		0	
319	7656	0	0	0		0	
320	7680	0	0	0		0	
321	7704	0	0	0		0	
322	7728	0	0	0		0	
323	7752	0	0	0		0	
324	7776	0	0	0		0	
325	7800	0	0	0		0	
326	7824	0	0	0		0	
327	7848	0	0	0		0	
328	7872	0	0	0		0	
329	7896	0	0	0		0	
330	7920	0	0	0		0	
331	7944	0	0	0		0	
332	7968	0	0	0		0	
333	7992	0	0	0		0	
334	8016	0	0	0		0	
335	8040	0	0	0		0	
336	8064	0	0	0		0	
337	8088	0	0	0		0	
338	8112	0	0	0		0	
339	8136	0	0	0		0	
340	8160	0	0	0		0	
341	8184	0	0	0		0	
342	8208	0	0	0		0	
343	8232	0	0	0		0	
344	8256	0	0	0		0	
345	8280	0	0	0		0	
346	8304	0	0	0		0	
347	8328	0	0	0		0	
348	8352	0	0	0		0	
349	8376	0	0	0		0	
350	8400	0	0	0.429277109189932		126319.417058588	
351	8424	0	0	0		76451.7192533266	
352	8448	0	0	0		-79635.9550804346	
353	8472	0	0	0		51366.7503480318	
354	8496	0	0	0		103572.709167893	
355	8520	0	0	0.0104246777435177		94040.1294684972	
356	8544	0	0	0.114828351654016		35646.0539155313	
357	8568	0	0	0		18516.3512432886	
358	8592	0	0	0		-20054.6068049499	
359	8616	0	0	0		16255.4006235138	
360	8640	0	0	0.0161022514131738		34652.3719522138	
361	8664	0	0	0.0966362600650779		55638.4417983521	
362	8688	0	0.0166666666666667	0.0708170037753482		49651.4691272358	
363	8712	0	0.0166666666666667	0.155039740644307		70490.9073458699	
364	8736	0	0	0.0606719603391394		57940.2910572563	
365	8760	0	0.0416666666666667	0.0971222824080572		85727.9828916503	
366	8784	0	0	0.206340442633728		175554.922610758	
367	8808	0	0.025	0.170451273679465		156917.502526622	
368	8832	0	0	0.251987919298704		166828.042916237	
369	8856	0	0.025	0.0962050358962147		148119.708984406	
370	8880	0	0	0.165190927219364		149787.946008977	
371	8904	0	0	0.208294592593505		199981.681625111	
372	8928	0	0	0.229874121558851	514850	198402.088662358	316447.911337642
373	8952	0	0	0.348377035676956	484662.5	218557.12106356	266105.37893644
374	8976	0	0	0.206593259865483	512225	170837.744921116	341387.255078884
375	9000	0.841572045887666	0	0.330674790172438	552387.5	182239.117086333	370148.382913667
376	9024	0.909724956511713	0	0.327855486195791	595962.5	258331.248875163	337631.251124837
377	9048	0.842826538957627	0	0.109045332374636	600425	186622.272821772	413802.727178228
378	9072	0.755647514426783	0.0833333333333333	0.0486564344017646	633762.5	209106.573312522	424655.926687478
379	9096	0.864710555555812	0.00833333333333333	0.141764134376561	660187.5	268578.83267559	391608.66732441
380	9120	0.865122671695454	0	0.255309586008536	627725	242893.562867282	384831.437132718
381	9144	0.862365606557264	0	0.319601184863037	602700	247737.563293519	354962.436706481
382	9168	0.827224067674436	0	0.334028965437276	602700	221011.570146225	381688.429853775
383	9192	0	0	0.33099234633206		196709.989033813	
384	9216	0	0	0.274427447571001		209445.584645942	
385	9240	0	0	0.209091596360557		220184.104075937	
386	9264	0	0	0.162390208414849		222041.607273886	
387	9288	0	0	0.200464588926701		232605.136372076	
388	9312	0	0	0.295285664213151		253842.665872687	
389	9336	0	0	0.236764068337529		213106.665784844	
390	9360	0	0	0.22753935074017		161821.597416434	
391	9384	0	0	0.266424006519584		193112.893995062	
392	9408	0	0	0.15012108299817		191469.749381814	
393	9432	0	0	0.117958193674306		158950.100102004	
394	9456	0	0	0.0723206306183028		151393.596834545	
395	9480	0	0.025	0.0618543064830641		161547.228682496	
396	9504	0	0	0.0556071702784058		141259.252459114	
397	9528	0	0.075	0.0256313774957535		135296.869506552	
398	9552	0	0	0.0307116342800668		125036.564507608	
399	9576	0	0	0.022626672708256		45877.8041129401	
400	9600	0	0	0.0597337151998216		82174.7578482665	
401	9624	0	0.183333333333333	0.0431244411810958		253356.945986337	
402	9648	0	0.233333333333333	0.0162892929261789		387971.693555738	
403	9672	0	0	0.0596637477339517		184381.957606651	
404	9696	0	0	0.0821107900720115		83343.9109152961	
405	9720	0	0.0666666666666667	0.0764059584632424		333811.67221091	
406	9744	0	0.00833333333333333	0.0316265020839319		292105.834609512	
407	9768	0	0	0.0635847860437994		81788.5453050447	
408	9792	0	0	0.123511675418713		109377.140743813	
409	9816	0	0	0.135564602750367		139487.218463406	
410	9840	0	0	0.105875687696971		84212.651635745	
411	9864	0	0.508333333333333	0.0371058850094777		488257.723375436	
412	9888	0	0.00833333333333333	0.0719604247906762		491791.537959278	
413	9912	0	0.291666666666667	0.0456482329302386		246219.315733715	
414	9936	0	0	0.0880525295473547		528270.82641656	
415	9960	0	0.00833333333333333	0.0726880021267213		371161.477488662	
416	9984	0	0	0.107568646936034		304272.891806755	
417	10008	0	0.258333333333333	0.111432923864342		504077.009090393	
418	10032	0	0.1	0.0524287087070387		421692.033060106	
419	10056	0	0.191666666666667	0.0470207239913023		252844.503341027	
420	10080	0	0.108333333333333	0.0568410396793606		410332.048575021	
421	10104	0	0	0.0609094131198091		344870.512343789	
422	10128	0	0.05	0.0357155581963209		279490.926139829	
423	10152	0	0.0666666666666667	0.0453706360151145		337139.364655338	
424	10176	0	0	0.0122569080918691		197437.089754611	
425	10200	0	0	0.0484684112202114		69565.0755827399	
426	10224	0	0	0.0274598067447744		103853.610949873	
427	10248	0	0.025	0.03395697616204		105022.176027251	
428	10272	0	0.05	0.00116825722196623		98546.6862275021	
429	10296	0	0	0		47233.5978090504	
430	10320	0	0	0		20632.0852491162	
431	10344	0	0.0166666666666667	0		66904.4503445608	
432	10368	0	0.0166666666666667	0.00369740076826552		77032.5174582762	
433	10392	0	0.116666666666667	0.00116764598881147		124496.844917707	
434	10416	0	0.00833333333333333	0.00757612872561353		108147.678098056	
435	10440	0	0	0.0147144750919015		6725.57359126651	
436	10464	0	0	0.0198666314433176		70096.8866590514	
437	10488	0	0	0.0118347189830477		94421.0966913033	
438	10512	0	0	0.0273755042643842		41665.628807937	
439	10536	0	0	0		12038.8288228443	
440	10560	0	0	0.00548799457888016		5864.11689475692	
441	10584	0	0	0.0329398662193512		21011.5423390913	
442	10608	0	0	0.0342887629263391		24051.1171248194	
443	10632	0	0	0.0508062842359056		21404.3032204782	
444	10656	0	0	0.0268119307786794		15842.6738024175	
445	10680	0	0.00833333333333333	0.0176963495217279		21065.4778027224	
446	10704	0	0	0.00426147055030235		27598.3840976226	
447	10728	0	0	0		18457.3623252118	
448	10752	0	0	0.000753354948484386		22250.6994911267	
449	10776	0	0	0		16384.3160150091	
450	10800	0	0	0		6464.58026880937	
451	10824	0	0	0		993.237825350448	
452	10848	0	0	0		181.763740272122	
453	10872	0	0	0		159.651245122492	
454	10896	0	0	0		0	
455	10920	0	0	0		0	
456	10944	0	0	0		0	
457	10968	0	0	0		0	
458	10992	0	0	0		0	
459	11016	0	0	0		0	
460	11040	0	0	0		0	
461	11064	0	0	0		0	
462	11088	0	0	0		0	
463	11112	0	0	0		0	
464	11136	0	0	0		0	
465	11160	0	0	0		0	
466	11184	0	0	0		0	
467	11208	0	0	0		0	
468	11232	0	0	0		0	
469	11256	0	0	0		0	
470	11280	0	0	0		0	
471	11304	0	0	0		0	
472	11328	0	0	0		0	
473	11352	0	0				
474	11376	0	0	0			
475	11400	0	0	0			
476	11424	0	0	0			
477	11448	0	0	0			
478	11472	0	0	0			
479	11496	0	0	0		0	
480	11520	0	0	0		0	
481	11544	0	0	0		0	
482	11568	0	0	0		0	
483	11592	0	0	0		0	
484	11616	0	0	0		0	
485	11640	0	0	0		0	
486	11664	0	0	0		0	
487	11688	0	0	0		0	
488	11712	0	0	0		0	
489	11736	0	0	0		0	
490	11760	0	0	0		0	
491	11784	0	0	0		0	
492	11808	0	0	0		0	
493	11832	0	0	0		0	
494	11856	0	0	0		0	
495	11880	0	0	0		0	
496	11904	0	0	0		0	
497	11928	0	0	0		0	
498	11952	0	0	0		0	
499	11976	0	0	0		0	
500	12000	0	0	0		0	
501	12024	0	0	0		0	
502	12048	0	0	0		0	
503	12072	0	0	0		0	
504	12096	0	0	0		0	
505	12120	0	0	0		0	
506	12144	0	0	0		0	
507	12168	0	0	0		0	
508	12192	0	0	0		0	
509	12216	0	0	0		0	
510	12240	0	0	0		0	
511	12264	0	0	0		0	
512	12288	0	0	0		0	
513	12312	0	0	0		0	
514	12336	0	0	0		0	
515	12360	0	0	0		0	
516	12384	0	0	0		0	
517	12408	0	0	0		0	
518	12432	0	0	0		0	
519	12456	0	0	0		0	
520	12480	0	0	0		0	
521	12504	0	0	0		0	
522	12528	0	0	0		0	
523	12552	0	0	0		0	
524	12576	0	0	0		0	
525	12600	0	0	0		0	
526	12624	0	0	0		0	
527	12648	0	0	0		0	
528	12672	0	0	0		0	
529	12696	0	0	0		0	
530	12720	0	0	0		0	
531	12744	0	0	0		0	
532	12768	0	0	0		0	
533	12792	0	0	0		0	
534	12816	0	0	0		0	
535	12840	0	0	0		0	
536	12864	0	0	0		0	
537	12888	0	0	0		0	
538	12912	0	0	0		0	
539	12936	0	0	0		0	
540	12960	0	0	0		0	
541	12984	0	0	0		0	
542	13008	0	0	0		0	
543	13032	0	0	0		0	
544	13056	0	0	0		0	
545	13080	0	0	0		0	
546	13104	0	0	0		0	
547	13128	0	0	0		0	
548	13152	0	0	0		0	
549	13176	0	0	0		0	
550	13200	0	0	0		0	
551	13224	0	0	0		0	
552	13248	0	0	0		0	
553	13272	0	0	0		0	
554	13296	0	0	0		0	
555	13320	0	0	0		0	
556	13344	0	0	0		0	
557	13368	0	0	0		0	
558	13392	0	0	0		0	
559	13416	0	0	0		0	
560	13440	0	0	0		0	
561	13464	0	0	0		0	
562	13488	0	0	0		0	
563	13512	0	0	0		0	
564	13536	0	0	0		0	
565	13560	0	0	0		0	
566	13584	0	0	0		0	
567	13608	0	0	0		0	
568	13632	0	0	0		0	
569	13656	0	0	0		0	
570	13680	0	0	0		0	
571	13704	0	0	0		0	
572	13728	0	0	0		0	
573	13752	0	0	0		0	
574	13776	0	0	0		0	
575	13800	0	0	0		0	
576	13824	0	0	0		0	
577	13848	0	0	0		0	
578	13872	0	0	0		0	
579	13896	0	0	0		0	
580	13920	0	0	0		0	
581	13944	0	0	0		0	
582	13968	0	0	0		0	
583	13992	0	0	0		0	
584	14016	0	0	0		0	
585	14040	0	0	0		0	
586	14064	0	0	0		0	
587	14088	0	0	0		0	
588	14112	0	0	0		0	
589	14136	0	0	0		0	
590	14160	0	0	0		0	
591	14184	0	0	0		0	
592	14208	0	0	0		0	
593	14232	0	0	0		0	
594	14256	0	0	0		0	
595	14280	0	0	0		0	
596	14304	0	0	0		0	
597	14328	0	0	0		0	
598	14352	0	0	0		0	
599	14376	0	0	0		0	
600	14400	0	0	0		0	
601	14424	0	0	0		0	
602	14448	0	0	0		0	
603	14472	0	0	0		0	
604	14496	0	0	0		0	
605	14520	0	0	0		0	
606	14544	0	0	0		0	
607	14568	0	0	0		0	
608	14592	0	0	0		0	
609	14616	0	0	0		0	
610	14640	0	0	0		0	
611	14664	0	0	0		0	
612	14688	0	0	0		0	
613	14712	0	0	0		0	
614	14736	0	0	0		0	
615	14760	0	0	0		0	
616	14784	0	0	0		0	
617	14808	0	0	0		0	
618	14832	0	0	0		0	
619	14856	0	0	0		0	
620	14880	0	0	0		0	
621	14904	0	0	0		0	
622	14928	0	0	0		0	
623	14952	0	0	0		0	
624	14976	0	0	0		0	
625	15000	0	0	0		0	
626	15024	0	0	0		0	
627	15048	0	0	0		0	
628	15072	0	0	0		0	
629	15096	0	0	0		0	
630	15120	0	0	0		0	
631	15144	0	0	0		0	
632	15168	0	0	0		0	
633	15192	0	0	0		0	
634	15216	0	0	0		0	
635	15240	0	0	0		0	
636	15264	0	0	0		0	
637	15288	0	0	0		0	
638	15312	0	0	0		0	
639	15336	0	0	0		0	
640	15360	0	0	0		0	
641	15384	0	0	0		0	
642	15408	0	0	0		0	
643	15432	0	0	0		0	
644	15456	0	0	0		0	
645	15480	0	0	0		0	
646	15504	0	0	0		0	
647	15528	0	0	0		0	
648	15552	0	0	0		0	
649	15576	0	0	0		0	
650	15600	0	0	0		0	
651	15624	0	0	0		0	
652	15648	0	0	0		0	
653	15672	0	0	0		0	
654	15696	0	0	0		0	
655	15720	0	0	0		0	
656	15744	0	0	0		0	
657	15768	0	0	0		0	
658	15792	0	0	0		0	
659	15816	0	0	0		0	
660	15840	0	0	0		0	
661	15864	0	0	0		0	
662	15888	0	0	0		0	
663	15912	0	0	0		0	
664	15936	0	0	0		0	
665	15960	0	0	0		0	
666	15984	0	0	0		0	
667	16008	0	0	0		0	
668	16032	0	0	0		0	
669	16056	0	0	0		0	
670	16080	0	0	0		0	
671	16104	0	0	0		0	
672	16128	0	0	0		0	
673	16152	0	0	0		0	
674	16176	0	0	0		0	
675	16200	0	0	0		0	
676	16224	0	0	0		0	
677	16248	0	0	0		0	
678	16272	0	0	0		0	
679	16296	0	0	0		0	
680	16320	0	0	0		0	
681	16344	0	0	0		0	
682	16368	0	0	0		0	
683	16392	0	0	0		0	
684	16416	0	0	0		0	
685	16440	0	0	0		0	
686	16464	0	0	0		0	
687	16488	0	0	0		0	
688	16512	0	0	0		0	
689	16536	0	0	0		0	
690	16560	0	0	0		0	
691	16584	0	0	0		0	
692	16608	0	0	0		0	
693	16632	0	0	0		0	
694	16656	0	0	0		0	
695	16680	0	0	0		0	
696	16704	0	0	0		0	
697	16728	0	0	0		0	
698	16752	0	0	0		0	
699	16776	0	0	0		0	
700	16800	0	0	0		0	
701	16824	0	0	0		0	
702	16848	0	0	0		0	
703	16872	0	0	0		0	
704	16896	0	0	0		0	
705	16920	0	0	0		0	
706	16944	0	0	0		0	
707	16968	0	0	0		0	
708	16992	0	0	0		0	
709	17016	0	0	0		0	
710	17040	0	0	0.204194548177305		60086.4470527511	
711	17064	0	0	0.153319503788012		81481.7605311652	
712	17088	0	0	0		-10575.1928287619	
713	17112	0	0	0		-4008.91335951131	
714	17136	0	0	0		67612.5202235239	
715	17160	0	0	0		80264.7416739701	
716	17184	0	0	0.0244989677979724		39700.6084379103	
717	17208	0	0	0.0361349576785905		14996.2223926432	
718	17232	0	0	0		1890.57586166099	
719	17256	0	0	0		-3771.94466976879	
720	17280	0	0	0.131211079954434		48845.061847359	
721	17304	0	0	0.102671851045388		67490.4148715776	
722	17328	0	0	0.123361232044517		37902.1566302828	
723	17352	0	0	0.271801343970587		98604.0964402519	
724	17376	0	0	0.295732696536866		156486.98070755	
725	17400	0	0	0.000508133000346246		69734.8508592268	
726	17424	0	0	0.0765202864651144		51790.8336621948	
727	17448	0	0	0.0928759530292785		167971.205999702	
728	17472	0	0	0.146465176564053		174457.372440282	
729	17496	0	0	0.265073778497026		158806.513120001	
730	17520	0	0	0.178443707344668		102229.379226576	
731	17544	0	0	0.0718313317401935		59893.0535810277	
732	17568	0	0	0.0266566111298659		74272.019605693	
733	17592	0	0	0.021765043987108		114172.705285837	
734	17616	0	0	0.0107752247994024		109925.148134829	
735	17640	0	0	0.0249148350293855		63549.2563394481	
736	17664	0	0	0.0247788590045688		33988.1028014378	
737	17688	0	0	0.0212846609943393		18243.9463533945	
738	17712	0	0	0.00988551949192517		12296.3204455821	
739	17736	0	0	0.0737205087280853		30764.8095456133	
740	17760	0	0	0.176760641937497		77114.3418349728	
741	17784	0	0	0.280441204655593		111896.286707601	
742	17808	0	0	0.305457998127324		122755.110498631	
743	17832	0	0	0.324133902712147		138787.635893297	
744	17856	0	0	0.344569541119658		194281.156595756	
745	17880	0	0	0.34585773328839		244680.122251646	
746	17904	0	0	0.335822527762206		268408.140260251	
747	17928	0	0	0.202648397108329		239446.880953268	
748	17952	0	0	0.238494631588368		237181.64677329	
749	17976	0	0.00833333333333333	0.135477806796491		248692.745575724	
750	18000	0	0.0166666666666667	0.0389256362967503		191329.517009249	
751	18024	0	0	0.0651602198879919		161488.705536565	
752	18048	0	0.00833333333333333	0.0342734248562033		138425.147641893	
753	18072	0	0.1	0.0747444204689672		210989.338213573	
754	18096	0	0	0.0749058312315674		168550.817548238	
755	18120	0	0.00833333333333333	0.0351741615687393		31289.736296599	
756	18144	0	0.00833333333333333	0.0592261146041837		102329.483966837	
757	18168	0	0	0.13201961354846		153502.095401937	
758	18192	0	0.0583333333333333	0.0345307248981825		135496.81929165	
759	18216	0	0.00833333333333333	0.0757386294043343		99778.7351865128	
760	18240	0	0	0.188641233438831		102320.440605983	
761	18264	0	0	0.201205555832624		151625.800875278	
762	18288	0	0.00833333333333333	0.149607813551216		141514.936841752	
763	18312	0	0.625	0.0440272133198843		622952.116525992	
764	18336	0	0.183333333333333	0.0507059876150562		753738.736687081	
765	18360	0	0.358333333333334	0.0609412730280532		461333.207198331	
766	18384	0	0.00833333333333333	0.0735244673592206		635448.387328863	
767	18408	0	0	0.0658209280227844		513292.784071508	
768	18432	0	0.0666666666666667	0.0532190648433444		512546.895173554	
769	18456	0	0.108333333333333	0.0734668708779278		495181.586229552	
770	18480	0	0	0.0982496088771318		229782.289384263	
771	18504	0	0.0333333333333333	0.150528260179221		121957.065667241	
772	18528	0	0.5	0.0890756490257853		626765.672635635	
773	18552	0	0.00833333333333333	0.113273529391677		562203.123148595	
774	18576	0	0	0.0571078480739109		17077.9535788998	
775	18600	0	0	0.0920957962670759		313428.994807728	
776	18624	0	0	0.107449833238397		462456.937148353	
777	18648	0	0	0.131948430601637		209264.020095423	
778	18672	0	0	0.160226382137281		101343.890899579	
779	18696	0	0	0.157119034802992		97471.1528989281	
780	18720	0	0	0.182735563872408		113260.433889393	
781	18744	0	0	0.0995854053656071		106479.576798319	
782	18768	0	0	0.11960674828366		104452.971559483	
783	18792	0	0.00833333333333333	0.078626075571373		126987.986111487	
784	18816	0	0.0166666666666667	0.0286361713509624		110966.261563106	
785	18840	0	0.025	0.0377374854239481		112483.391907808	
786	18864	0	0.00833333333333333	0.0994716055109617		117808.309341643	
787	18888	0	0	0.0643273562948749		91687.384150971	
788	18912	0	0	0.0326127967228782		52737.0952484466	
789	18936	0	0	0.0524292257883516		60862.6232243203	
790	18960	0	0.05	0.0336263604277711		107911.880202774	
791	18984	0	0	0.0496003845435897		94189.1235479467	
792	19008	0	0	0.0344141608652588		29986.9224346742	
793	19032	0	0.025	0.0330124162411973		72908.0067057181	
794	19056	0	0	0.0421973644865901		92303.9326057595	
795	19080	0	0.00833333333333333	0.0488909984445094		51984.4936522975	
796	19104	0	0	0.0461424208138261		54454.0248975298	
797	19128	0	0	0.0231937493932577		41894.3306720703	
798	19152	0	0	0.0185713499423858		33006.8408495251	
799	19176	0	0	0.0312170520756556		40239.1510592001	
800	19200	0	0	0.00145815308549935		28638.6143548444	
801	19224	0	0	0.0349455610592084		22348.4191267571	
802	19248	0	0	0.0359624840586559		29666.8160588526	
803	19272	0	0.00833333333333333	0.0383123664504854		30132.4663104708	
804	19296	0	0	0.0502109663011528		32909.4816119751	
805	19320	0	0	0.0372463241342676		24087.0297062582	
806	19344	0	0.133333333333333	0.0368398190729593		149009.05653349	
807	19368	0	0.00833333333333333	0.0538034096895732		160779.860208047	
808	19392	0	0.025	0.0589503023641438		47303.323459808	
809	19416	0	0.00833333333333333	0.042075152888664		118437.376601901	
810	19440	0	0	0.0147326476788035		121774.862427836	
811	19464	0	0.0416666666666667	0.00830256052447354		105228.447813157	
812	19488	0	0.0416666666666667	0.00528443043315896		124260.963494785	
813	19512	0	0.0166666666666667	1.32073516763142e-05		75078.6523332146	
814	19536	0	0	0.00376993993365993		37662.2462038165	
815	19560	0	0	0		49197.2418223878	
816	19584	0	0	0		47341.7292786051	
817	19608	0	0	0		22281.0782157228	
818	19632	0	0	0.00193390068455912		5133.34188261334	
819	19656	0	0	0		1143.34329073773	
820	19680	0	0	0		-358.761333293995	
821	19704	0	0	0		231.408084742958	
822	19728	0	0.0583333333333333	0.00207866461125583		52141.908139104	
823	19752	0	0	0		48616.2056502373	
824	19776	0	0.00833333333333333	0		-5352.15389606609	
825	19800	0	0	0.000178149872466449		31398.1740941666	
826	19824	0	0	0		39301.7732695707	
827	19848	0	0	0		16655.2587437802	
828	19872	0	0	0		5809.90888910893	
829	19896	0	0	0		1868.92738207108	
830	19920	0	0	0		37.7535835065551	
831	19944	0	0	0		0	
832	19968	0	0	0		0	
833	19992	0	0	0		0	
834	20016	0	0	0		0	
835	20040	0	0	0		0	
836	20064	0	0	0		0	
837	20088	0	0	0		0	
838	20112	0	0				
839	20136	0	0	0			
840	20160	0	0	0			
841	20184	0	0	0			
842	20208	0	0	0			
843	20232	0	0	0			
844	20256	0	0	0		0	
845	20280	0	0	0		0	
846	20304	0	0	0		0	
847	20328	0	0	0		0	
848	20352	0	0	0		0	
849	20376	0	0	0		0	
850	20400	0	0	0		0	
851	20424	0	0	0		0	
852	20448	0	0	0		0	
853	20472	0	0	0		0	
854	20496	0	0	0		0	
855	20520	0	0	0		0	
856	20544	0	0	0		0	
857	20568	0	0	0		0	
858	20592	0	0	0		0	
859	20616	0	0	0		0	
860	20640	0	0	0		0	
861	20664	0	0	0		0	
862	20688	0	0	0		0	
863	20712	0	0	0		0	
864	20736	0	0	0		0	
865	20760	0	0	0		0	
866	20784	0	0	0		0	
867	20808	0	0	0		0	
868	20832	0	0	0		0	
869	20856	0	0	0		0	
870	20880	0	0	0		0	
871	20904	0	0	0		0	
872	20928	0	0	0		0	
873	20952	0	0	0		0	
874	20976	0	0	0		0	
875	21000	0	0	0		0	
876	21024	0	0	0		0	
877	21048	0	0	0		0	
878	21072	0	0	0		0	
879	21096	0	0	0		0	
880	21120	0	0	0		0	
881	21144	0	0	0		0	
882	21168	0	0	0		0	
883	21192	0	0	0		0	
884	21216	0	0	0		0	
885	21240	0	0	0		0	
886	21264	0	0	0		0	
887	21288	0	0	0		0	
888	21312	0	0	0		0	
889	21336	0	0	0		0	
890	21360	0	0	0		0	
891	21384	0	0	0		0	
892	21408	0	0	0		0	
893	21432	0	0	0		0	
894	21456	0	0	0		0	
895	21480	0	0	0		0	
896	21504	0	0	0		0	
897	21528	0	0	0		0	
898	21552	0	0	0		0	
899	21576	0	0	0		0	
900	21600	0	0	0		0	
901	21624	0	0	0		0	
902	21648	0	0	0		0	
903	21672	0	0	0		0	
904	21696	0	0	0		0	
905	21720	0	0	0		0	
906	21744	0	0	0		0	
907	21768	0	0	0		0	
908	21792	0	0	0		0	
909	21816	0	0	0		0	
910	21840	0	0	0		0	
911	21864	0	0	0		0	
912	21888	0	0	0		0	
913	21912	0	0	0		0	
914	21936	0	0	0		0	
915	21960	0	0	0		0	
916	21984	0	0	0		0	
917	22008	0	0	0		0	
918	22032	0	0	0		0	
919	22056	0	0	0		0	
920	22080	0	0	0		0	
921	22104	0	0	0		0	
922	22128	0	0	0		0	
923	22152	0	0	0		0	
924	22176	0	0	0		0	
925	22200	0	0	0		0	
926	22224	0	0	0		0	
927	22248	0	0	0		0	
928	22272	0	0	0		0	
929	22296	0	0	0		0	
930	22320	0	0	0		0	
931	22344	0	0	0		0	
932	22368	0	0	0		0	
933	22392	0	0	0		0	
934	22416	0	0	0		0	
935	22440	0	0	0		0	
936	22464	0	0	0		0	
937	22488	0	0	0		0	
938	22512	0	0	0		0	
939	22536	0	0	0		0	
940	22560	0	0	0		0	
941	22584	0	0	0		0	
942	22608	0	0	0		0	
943	22632	0	0	0		0	
944	22656	0	0	0		0	
945	22680	0	0	0		0	
946	22704	0	0	0		0	
947	22728	0	0	0		0	
948	22752	0	0	0		0	
949	22776	0	0	0		0	
950	22800	0	0	0		0	
951	22824	0	0	0		0	
952	22848	0	0	0		0	
953	22872	0	0	0		0	
954	22896	0	0	0		0	
955	22920	0	0	0		0	
956	22944	0	0	0		0	
957	22968	0	0	0		0	
958	22992	0	0	0		0	
959	23016	0	0	0		0	
960	23040	0	0	0		0	
961	23064	0	0	0		0	
962	23088	0	0	0		0	
963	23112	0	0	0		0	
964	23136	0	0	0		0	
965	23160	0	0	0		0	
966	23184	0	0	0		0	
967	23208	0	0	0		0	
968	23232	0	0	0		0	
969	23256	0	0	0		0	
970	23280	0	0	0		0	
971	23304	0	0	0		0	
972	23328	0	0	0		0	
973	23352	0	0	0		0	
974	23376	0	0	0		0	
975	23400	0	0	0		0	
976	23424	0	0	0		0	
977	23448	0	0	0		0	
978	23472	0	0	0		0	
979	23496	0	0	0		0	
980	23520	0	0	0		0	
981	23544	0	0	0		0	
982	23568	0	0	0		0	
983	23592	0	0	0		0	
984	23616	0	0	0		0	
985	23640	0	0	0		0	
986	23664	0	0	0		0	
987	23688	0	0	0		0	
988	23712	0	0	0		0	
989	23736	0	0	0		0	
990	23760	0	0	0		0	
991	23784	0	0	0		0	
992	23808	0	0	0		0	
993	23832	0	0	0		0	
994	23856	0	0	0		0	
995	23880	0	0	0		0	
996	23904	0	0	0		0	
997	23928	0	0	0		0	
998	23952	0	0	0		0	
999	23976	0	0	0		0	
1000	24000	0	0	0		0	
1001	24024	0	0	0		0	
1002	24048	0	0	0		0	
1003	24072	0	0	0		0	
1004	24096	0	0	0		0	
1005	24120	0	0	0		0	
1006	24144	0	0	0		0	
1007	24168	0	0	0		0	
1008	24192	0	0	0		0	
1009	24216	0	0	0		0	
1010	24240	0	0	0		0	
1011	24264	0	0	0		0	
1012	24288	0	0	0		0	
1013	24312	0	0	0		0	
1014	24336	0	0	0		0	
1015	24360	0	0	0		0	
1016	24384	0	0	0		0	
1017	24408	0	0	0		0	
1018	24432	0	0	0		0	
1019	24456	0	0	0		0	
1020	24480	0	0	0		0	
1021	24504	0	0	0		0	
1022	24528	0	0	0		0	
1023	24552	0	0	0		0	
1024	24576	0	0	0		0	
1025	24600	0	0	0		0	
1026	24624	0	0	0		0	
1027	24648	0	0	0		0	
1028	24672	0	0	0		0	
1029	24696	0	0	0		0	
1030	24720	0	0	0		0	
1031	24744	0	0	0		0	
1032	24768	0	0	0		0	
1033	24792	0	0	0		0	
1034	24816	0	0	0		0	
1035	24840	0	0	0		0	
1036	24864	0	0	0		0	
1037	24888	0	0	0		0	
1038	24912	0	0	0		0	
1039	24936	0	0	0		0	
1040	24960	0	0	0		0	
1041	24984	0	0	0		0	
1042	25008	0	0	0		0	
1043	25032	0	0	0		0	
1044	25056	0	0	0		0	
1045	25080	0	0	0		0	
1046	25104	0	0	0		0	
1047	25128	0	0	0		0	
1048	25152	0	0	0		0	
1049	25176	0	0	0		0	
1050	25200	0	0	0		0	
1051	25224	0	0	0		0	
1052	25248	0	0	0		0	
1053	25272	0	0	0		0	
1054	25296	0	0	0		0	
1055	25320	0	0	0		0	
1056	25344	0	0	0		0	
1057	25368	0	0	0		0	
1058	25392	0	0	0		0	
1059	25416	0	0	0		0	
1060	25440	0	0	0		0	
1061	25464	0	0	0		0	
1062	25488	0	0	0		0	
1063	25512	0	0	0		0	
1064	25536	0	0	0		0	
1065	25560	0	0	0		0	
1066	25584	0	0	0		0	
1067	25608	0	0	0		0	
1068	25632	0	0	0		0	
1069	25656	0	0	0		0	
1070	25680	0	0	0		0	
1071	25704	0	0	0		0	
1072	25728	0	0	0		0	
1073	25752	0	0	0		0	
1074	25776	0	0	0		0	
1075	25800	0	0	0		0	
1076	25824	0	0	0		0	
1077	25848	0	0	0		0	
1078	25872	0	0	0		0	
1079	25896	0	0	0		0	
1080	25920	0	0	0.0763701129437667		22472.729016368	
1081	25944	0	0	0.0298960991104943		22398.315773765	
1082	25968	0	0	0		-8843.23581817815	
1083	25992	0	0	0		3592.27195388986	
1084	26016	0	0	0		22003.3278137211	
1085	26040	0	0	0		23397.4840823025	
1086	26064	0	0	0		6335.5918175067	
1087	26088	0	0	0		0	
1088	26112	0	0	0		0	
1089	26136	0	0	0.491346598745502		144584.033479854	
1090	26160	0	0	0.431109359994173		214364.505575391	
1091	26184	0	0	0.110964885720563		18280.0703818967	
1092	26208	0	0	0.120284391779889		33975.2171117497	
1093	26232	0	0	0.129416319934079	543200	209053.153096084	334146.846903916
1094	26256	0	0	0.101422230404949	652487.5	251997.738038943	400489.761961057
1095	26280	0	0.175	0.0789034747677297	611450	302990.259392492	308459.740607508
1096	26304	0.939204121834463	0.025	0.197329384081985	522812.5	286719.277206506	236093.222793494
1097	26328	0.898066411051823	0	0.246291177140869	414050	145548.046178081	268501.953821919
1098	26352	0.953067123790307	0	0.067977003837568	358050	156131.856530267	201918.143469733
1099	26376	0.970925865022936	0	0.137900181733525	341950	203096.827537318	138853.172462682
1100	26400	0.99757843770309	0	0.150305623293017	333550	205690.608331807	127859.391668193
1101	26424	0.991378211784012	0	0.143670492367014	334250	158316.275165212	175933.724834788
1102	26448	0.957937749777295	0	0.137927002019679	342650	123385.957738465	219264.042261535
1103	26472	0.944042122326931	0	0.0776865188165195	360150	86434.1078177888	273715.892182211
1104	26496	0.919824752529842	0	0.157936108623609	419475	117402.708796005	302072.291203995
1105	26520	0.878162316983073	0	0.360602994109107	582750	202847.754369584	379902.245630417
1106	26544	0.885477782646592	0	0.172646597450345	533137.5	158745.927168734	374391.572831266
1107	26568	0.93271928084033	0	0.187840299173253	305375	85996.8570646431	219378.142935357
1108	26592	0.989726596322118	0	0.255940132760752	345450	174456.684697397	170993.315302603
1109	26616	0.981774657891562	0	0.324103281289943	483525	247237.814390664	236287.185609336
1110	26640	0.939373642665664	0	0.358257182411345	512400	256212.711491776	256187.288508224
1111	26664	0	0	0.359375772770672		221962.184886863	
1112	26688	0	0	0.375185099557656		248284.292192823	
1113	26712	0	0	0.373751378797638		285434.878287462	
1114	26736	0	0	0.275819287536246		276248.551770866	
1115	26760	0	0	0.257755957419489		263157.582352562	
1116	26784	0	0	0.206896026921073		267021.931098099	
1117	26808	0	0	0.202026787282636		251168.183684249	
1118	26832	0	0.0166666666666667	0.139953641075147		229966.457755533	
1119	26856	0	0.0666666666666667	0.0978547029783988		233665.32602374	
1120	26880	0	0.00833333333333333	0.0568379006857782		195367.238622031	
1121	26904	0	0	0.0905985394347128		127717.670600209	
1122	26928	0	0	0.0691231442246796		151775.928363358	
1123	26952	0	0.116666666666667	0.0667350760459167		230764.746557495	
1124	26976	0	0.0333333333333333	0.0757816860319495		211900.991711345	
1125	27000	0	0.0666666666666667	0.0580877561828323		123380.960970897	
1126	27024	0	0.00833333333333333	0.0626665669130189		162074.420718311	
1127	27048	0	0	0.0857989310433647		153175.507064517	
1128	27072	0	0	0.105551417415242		148787.232904476	
1129	27096	0	0	0.155856155635539		143395.676682024	
1130	27120	0	0	0.152097215420778		111024.706054918	
1131	27144	0	0.0916666666666667	0.065213832604897		146044.529964013	
1132	27168	0	0.00833333333333333	0.0621942785229681		146464.379789164	
1133	27192	0	0	0.0692742503184851		85101.1471044548	
1134	27216	0	0	0.097481857286768		143390.398021139	
1135	27240	0	0	0.0926322862678557		154317.375164245	
1136	27264	0	0	0.131406054831745		100070.031922569	
1137	27288	0	0	0.164052299648509		97877.1169827855	
1138	27312	0	0	0.165923804173703		102948.80886698	
1139	27336	0	0.025	0.195087777023911		137139.399588472	
1140	27360	0	0	0.149216373696438		139338.514328558	
1141	27384	0	0.0166666666666667	0.0385659083544621		98349.7982132553	
1142	27408	0	0	0.0356147583795927		111875.827921728	
1143	27432	0	0.00833333333333333	0.0627079549637486		138885.143787035	
1144	27456	0	0.366666666666667	0.0514227409890751		441867.665462257	
1145	27480	0	0	0.0159589446853445		357919.696354344	
1146	27504	0	0	0.0358891180573657		-41820.4848172677	
1147	27528	0	0.00833333333333333	0.0373143827789786		208837.052175197	
1148	27552	0	0	0.0356804513437634		301450.299774998	
1149	27576	0	0	0.0351795756721245		107416.561992883	
1150	27600	0	0	0.0522324808390646		34988.3542914489	
1151	27624	0	0	0.0753526598375114		51616.0370485982	
1152	27648	0	0.0166666666666667	0.042183337167824		53284.5100460601	
1153	27672	0	0	0.00296361802974587		30372.6989387985	
1154	27696	0	0	0.0202516808068545		24232.4578604267	
1155	27720	0	0	0.0230747093188146		51076.5123967419	
1156	27744	0	0	0.0230450803120625		45212.0501126739	
1157	27768	0	0	0.0126289466228773		19269.4928766916	
1158	27792	0	0	0.030386170430674		15190.7778971689	
1159	27816	0	0	0.0497379143122512		30321.2750271933	
1160	27840	0	0	0.0901471989088822		41709.1273148448	
1161	27864	0	0	0.10407264248656		49018.9204369691	
1162	27888	0	0	0.0957076823061786		45933.6241017282	
1163	27912	0	0.15	0.109130264302396		190384.269227102	
1164	27936	0	0.025	0.059554001096318		208840.390908002	
1165	27960	0	0	0.093448572587814		62497.7065057862	
1166	27984	0	0	0.0439623465583097		133872.619778212	
1167	28008	0	0.00833333333333333	0.0347884446627678		176357.185243229	
1168	28032	0	0	0.055269288781016		120047.783954604	
1169	28056	0	0	0.091654552730505		74513.7646181224	
1170	28080	0	0	0.0628995643573127		62618.3844819697	
1171	28104	0	0	0.0291876469443455		32899.8737372391	
1172	28128	0	0.1	0.0313753225373645		123800.280503364	
1173	28152	0	0.00833333333333333	0.0515675828800006		145999.982601106	
1174	28176	0	0	0.039478257271595		38886.5363021984	
1175	28200	0	0.00833333333333333	0.0257143679734409		76294.7660882757	
1176	28224	0	0	0.0130337792353572		100780.214921793	
1177	28248	0	0	0		47314.0499844654	
1178	28272	0	0	0		26404.3901675726	
1179	28296	0	0	0		21918.6099324863	
1180	28320	0	0	0.0108262531786636		13605.7752492511	
1181	28344	0	0	0.00789147457308381		7012.36632218626	
1182	28368	0	0	0.000109803769946737		-570.661374236945	
1183	28392	0	0	0.00192427326281575		417.287783557276	
1184	28416	0	0	0.00135776311001301		4278.22786851044	
1185	28440	0	0	0.00556214784318776		5732.99341859787	
1186	28464	0	0	0		2667.81742347819	
1187	28488	0	0	0.000554324218866142		-218.716158643906	
1188	28512	0	0	0.00659772705324713		3441.1170851978	
1189	28536	0	0	0		2701.91285296751	
1190	28560	0	0	0		21.1060468670248	
1191	28584	0	0	0		923.218711246478	
1192	28608	0	0	0		1709.32188183932	
1193	28632	0	0	0		1398.19263303225	
1194	28656	0	0	0		0	
1195	28680	0	0	0		0	
1196	28704	0	0	0		0	
1197	28728	0	0	0		0	
1198	28752	0	0	0		0	
1199	28776	0	0	0		0	
1200	28800	0	0	0		0	
1201	28824	0	0	0		0	
1202	28848	0	0	0		0	
1203	28872	0	0				
1204	28896	0	0	0			
1205	28920	0	0	0			
1206	28944	0	0	0			
1207	28968	0	0	0			
1208	28992	0	0	0			
1209	29016	0	0	0		0	
1210	29040	0	0	0		0	
1211	29064	0	0	0		0	
1212	29088	0	0	0		0	
1213	29112	0	0	0		0	
1214	29136	0	0	0		0	
1215	29160	0	0	0		0	
1216	29184	0	0	0		0	
1217	29208	0	0	0		0	
1218	29232	0	0	0		0	
1219	29256	0	0	0		0	
1220	29280	0	0	0		0	
1221	29304	0	0	0		0	
1222	29328	0	0	0		0	
1223	29352	0	0	0		0	
1224	29376	0	0	0		0	
1225	29400	0	0	0		0	
1226	29424	0	0	0		0	
1227	29448	0	0	0		0	
1228	29472	0	0	0		0	
1229	29496	0	0	0		0	
1230	29520	0	0	0		0	
1231	29544	0	0	0		0	
1232	29568	0	0	0		0	
1233	29592	0	0	0		0	
1234	29616	0	0	0		0	
1235	29640	0	0	0		0	
1236	29664	0	0	0		0	
1237	29688	0	0	0		0	
1238	29712	0	0	0		0	
1239	29736	0	0	0		0	
1240	29760	0	0	0		0	
1241	29784	0	0	0		0	
1242	29808	0	0	0		0	
1243	29832	0	0	0		0	
1244	29856	0	0	0		0	
1245	29880	0	0	0		0	
1246	29904	0	0	0		0	
1247	29928	0	0	0		0	
1248	29952	0	0	0		0	
1249	29976	0	0	0		0	
1250	30000	0	0	0		0	
1251	30024	0	0	0		0	
1252	30048	0	0	0		0	
1253	30072	0	0	0		0	
1254	30096	0	0	0		0	
1255	30120	0	0	0		0	
1256	30144	0	0	0		0	
1257	30168	0	0	0		0	
1258	30192	0	0	0		0	
1259	30216	0	0	0		0	
1260	30240	0	0	0		0	
1261	30264	0	0	0		0	
1262	30288	0	0	0		0	
1263	30312	0	0	0		0	
1264	30336	0	0	0		0	
1265	30360	0	0	0		0	
1266	30384	0	0	0		0	
1267	30408	0	0	0		0	
1268	30432	0	0	0		0	
1269	30456	0	0	0		0	
1270	30480	0	0	0		0	
1271	30504	0	0	0		0	
1272	30528	0	0	0		0	
1273	30552	0	0	0		0	
1274	30576	0	0	0		0	
1275	30600	0	0	0		0	
1276	30624	0	0	0		0	
1277	30648	0	0	0		0	
1278	30672	0	0	0		0	
1279	30696	0	0	0		0	
1280	30720	0	0	0		0	
1281	30744	0	0	0		0	
1282	30768	0	0	0		0	
1283	30792	0	0	0		0	
1284	30816	0	0	0		0	
1285	30840	0	0	0		0	
1286	30864	0	0	0		0	
1287	30888	0	0	0		0	
1288	30912	0	0	0		0	
1289	30936	0	0	0		0	
1290	30960	0	0	0		0	
1291	30984	0	0	0		0	
1292	31008	0	0	0		0	
1293	31032	0	0	0		0	
1294	31056	0	0	0		0	
1295	31080	0	0	0		0	
1296	31104	0	0	0		0	
1297	31128	0	0	0		0	
1298	31152	0	0	0		0	
1299	31176	0	0	0		0	
1300	31200	0	0	0		0	
1301	31224	0	0	0		0	
1302	31248	0	0	0		0	
1303	31272	0	0	0		0	
1304	31296	0	0	0		0	
1305	31320	0	0	0		0	
1306	31344	0	0	0		0	
1307	31368	0	0	0		0	
1308	31392	0	0	0		0	
1309	31416	0	0	0		0	
1310	31440	0	0	0		0	
1311	31464	0	0	0		0	
1312	31488	0	0	0		0	
1313	31512	0	0	0		0	
1314	31536	0	0	0		0	
1315	31560	0	0	0		0	
1316	31584	0	0	0		0	
1317	31608	0	0	0		0	
1318	31632	0	0	0		0	
1319	31656	0	0	0		0	
1320	31680	0	0	0		0	
1321	31704	0	0	0		0	
1322	31728	0	0	0		0	
1323	31752	0	0	0		0	
1324	31776	0	0	0		0	
1325	31800	0	0	0		0	
1326	31824	0	0	0		0	
1327	31848	0	0	0		0	
1328	31872	0	0	0		0	
1329	31896	0	0	0		0	
1330	31920	0	0	0		0	
1331	31944	0	0	0		0	
1332	31968	0	0	0		0	
1333	31992	0	0	0		0	
1334	32016	0	0	0		0	
1335	32040	0	0	0		0	
1336	32064	0	0	0		0	
1337	32088	0	0	0		0	
1338	32112	0	0	0		0	
1339	32136	0	0	0		0	
1340	32160	0	0	0		0	
1341	32184	0	0	0		0	
1342	32208	0	0	0		0	
1343	32232	0	0	0		0	
1344	32256	0	0	0		0	
1345	32280	0	0	0		0	
1346	32304	0	0	0		0	
1347	32328	0	0	0		0	
1348	32352	0	0	0		0	
1349	32376	0	0	0		0	
1350	32400	0	0	0		0	
1351	32424	0	0	0		0	
1352	32448	0	0	0		0	
1353	32472	0	0	0		0	
1354	32496	0	0	0		0	
1355	32520	0	0	0		0	
1356	32544	0	0	0		0	
1357	32568	0	0	0		0	
1358	32592	0	0	0		0	
1359	32616	0	0	0		0	
1360	32640	0	0	0		0	
1361	32664	0	0	0		0	
1362	32688	0	0	0		0	
1363	32712	0	0	0		0	
1364	32736	0	0	0		0	
1365	32760	0	0	0		0	
1366	32784	0	0	0		0	
1367	32808	0	0	0		0	
1368	32832	0	0	0		0	
1369	32856	0	0	0		0	
1370	32880	0	0	0		0	
1371	32904	0	0	0		0	
1372	32928	0	0	0		0	
1373	32952	0	0	0		0	
1374	32976	0	0	0		0	
1375	33000	0	0	0		0	
1376	33024	0	0	0		0	
1377	33048	0	0	0		0	
1378	33072	0	0	0		0	
1379	33096	0	0	0		0	
1380	33120	0	0	0		0	
1381	33144	0	0	0		0	
1382	33168	0	0	0		0	
1383	33192	0	0	0		0	
1384	33216	0	0	0		0	
1385	33240	0	0	0		0	
1386	33264	0	0	0		0	
1387	33288	0	0	0		0	
1388	33312	0	0	0		0	
1389	33336	0	0	0		0	
1390	33360	0	0	0		0	
1391	33384	0	0	0		0	
1392	33408	0	0	0		0	
1393	33432	0	0	0		0	
1394	33456	0	0	0		0	
1395	33480	0	0	0		0	
1396	33504	0	0	0		0	
1397	33528	0	0	0		0	
1398	33552	0	0	0		0	
1399	33576	0	0	0		0	
1400	33600	0	0	0		0	
1401	33624	0	0	0		0	
1402	33648	0	0	0		0	
1403	33672	0	0	0		0	
1404	33696	0	0	0		0	
1405	33720	0	0	0		0	
1406	33744	0	0	0		0	
1407	33768	0	0	0		0	
1408	33792	0	0	0		0	
1409	33816	0	0	0		0	
1410	33840	0	0	0		0	
1411	33864	0	0	0		0	
1412	33888	0	0	0		0	
1413	33912	0	0	0		0	
1414	33936	0	0	0		0	
1415	33960	0	0	0		0	
1416	33984	0	0	0		0	
1417	34008	0	0	0		0	
1418	34032	0	0	0		0	
1419	34056	0	0.075	0		65653.2538083646	
1420	34080	0	0	0		61503.6533667446	
1421	34104	0	0	0		-15764.5840238132	
1422	34128	0	0	0		31195.6482336512	
1423	34152	0	0	0		52097.325327113	
1424	34176	0	0	0		16433.502647512	
1425	34200	0	0	0		0	
1426	34224	0	0	0		0	
1427	34248	0	0	0		0	
1428	34272	0	0	0		0	
1429	34296	0	0.00833333333333333	0		7294.80597870718	
1430	34320	0	0.0166666666666667	0		21423.351220386	
1431	34344	0	0	0		11915.8580788529	
1432	34368	0	0.0333333333333333	0		29142.1661577204	
1433	34392	0	0.00833333333333333	0		47350.721007751	
1434	34416	0	0.00833333333333333	0		20525.1915979549	
1435	34440	0	0	0		22598.7408413956	
1436	34464	0	0	0		24868.9295020322	
1437	34488	0	0	0.197710521119262		74737.0059865543	
1438	34512	0	0	0.183163858198433		96723.5530394376	
1439	34536	0	0	0.0233917826620065		4652.00280090936	
1440	34560	0	0	0		-6155.32425759385	
1441	34584	0	0	0.0584014019282954		82465.0320643582	
1442	34608	0	0	0.039979778553404		111055.719365642	
1443	34632	0	0	0		40745.9554647718	
1444	34656	0	0.0666666666666667	0.0137603603708949		66936.2947630899	
1445	34680	0	0	0.0051408909969568		77507.8900236555	
1446	34704	0	0	0		6372.35185681357	
1447	34728	0	0	0		36894.8451668549	
1448	34752	0	0	0.000237878504422917		50313.8792616145	
1449	34776	0	0	0.020639256127159		24879.7016748106	
1450	34800	0	0	0.00216902661416562		5359.31931553974	
1451	34824	0	0	0.0131707744143372		461.572554558461	
1452	34848	0	0	0.00608509610060348		6260.92287360509	
1453	34872	0	0	0.140599427152632		45302.9198524958	
1454	34896	0	0	0.26265524325201		107673.410574126	
1455	34920	0	0.00833333333333333	0.169801832431191		82320.8657096486	
1456	34944	0	0.025	0.240730659763897		102154.083256986	
1457	34968	0	0	0.146307654911414		139815.97826921	
1458	34992	0	0	0.134527427624778		132681.232767809	
1459	35016	0	0.075	0.166403280346688		253059.109676665	
1460	35040	0	0.00833333333333333	0.208818028012747		265689.266037405	
1461	35064	0	0	0.222038422435014		170616.782385193	
1462	35088	0	0	0.160638026644498		160893.955787048	
1463	35112	0	0	0.0690367764493121		156940.781733787	
1464	35136	0	0	0.148236776745474		160552.259905907	
1465	35160	0	0.025	0.132621391513311		193374.86645463	
1466	35184	0	0.00833333333333333	0.181302525692635		171338.49867316	
1467	35208	0	0	0.297765011509861		165322.481015149	
1468	35232	0	0	0.261734969761442		171326.74823077	
1469	35256	0	0	0.127454211283549		134817.970498889	
1470	35280	0	0	0.0765950850869239		115427.925610728	
1471	35304	0	0	0.136799365825788		173660.548912794	
1472	35328	0	0.00833333333333333	0.109101428214669		191055.839857116	
1473	35352	0	0.216666666666667	0.141311051162478		327516.840534836	
1474	35376	0	0	0.119612912326239		277909.711512876	
1475	35400	0	0.075	0.0770976013277629		103644.499653891	
1476	35424	0	0.375	0.139984395722784		590635.048676617	
1477	35448	0	0	0.211363410499157		588434.850864953	
1478	35472	0	0	0.285895132889469		163680.21923289	
1479	35496	0	0	0.23716230044531		350269.25182665	
1480	35520	0	0	0.248963953738036		414785.145522575	
1481	35544	0	0	0.289589218946296		282596.417237274	
1482	35568	0	0	0.26448461510643		225365.181408856	
1483	35592	0	0	0.158881457869607		187731.940606263	
1484	35616	0	0	0.242623000855417		195604.794162646	
1485	35640	0	0	0.280020112038208		250412.580140981	
1486	35664	0	0	0.100415512959948		178603.08796729	
1487	35688	0	0	0.0696026538059761		109833.05351757	
1488	35712	0	0	0.0914029154724698		146379.14737514	
1489	35736	0	0	0.12956533309242		172485.666353306	
1490	35760	0	0	0.16598064008507		146858.112019313	
1491	35784	0	0	0.207957595892106		115728.487440545	
1492	35808	0	0	0.219988324120339		123285.434203167	
1493	35832	0	0	0.228975889507844		138470.370117945	
1494	35856	0	0	0.155490880200179		138111.714202892	
1495	35880	0	0	0.12730758721975		134348.537064926	
1496	35904	0	0.0333333333333333	0.12808549689686		185243.619308021	
1497	35928	0	0	0.157515980417129		193351.348204007	
1498	35952	0	0	0.161320905463851		146029.001780705	
1499	35976	0	0	0.162911555501488		140306.480306703	
1500	36000	0	0	0.104481765501024		129716.634821633	
1501	36024	0	0	0.110166597378882		112558.695142782	
1502	36048	0	0	0.176126485107991		143861.44966947	
1503	36072	0	0	0.123306115318714		133209.436863225	
1504	36096	0	0	0.102929184927277		92489.8104491871	
1505	36120	0	0	0.138545588611683		106021.917479032	
1506	36144	0	0	0.0934902759957321		113685.750275732	
1507	36168	0	0	0.112247389750705		103369.75484632	
1508	36192	0	0	0.138238772883382		110868.533010298	
1509	36216	0	0.025	0.105667739636834		123201.526945601	
1510	36240	0	0.0333333333333333	0.0769737692675907		130853.315024765	
1511	36264	0	0	0.0147120933508038		83951.414361211	
1512	36288	0	0	0.039971369029649		73279.4413605831	
1513	36312	0	0.1	0.0938258148877882		214767.734359368	
1514	36336	0	0	0.074769613241342		184658.720573536	
1515	36360	0	0	0.109326514275002		39009.9259335423	
1516	36384	0	0	0.0873503379940992		96886.596429576	
1517	36408	0	0	0.0787015818891526		127952.274524828	
1518	36432	0	0	0.126496957094268		107951.514825918	
1519	36456	0	0	0.0568302666800698		77326.1111113432	
1520	36480	0	0	0.023497748898679		47229.9947431178	
1521	36504	0	0	0.0258885377733797		53896.4048962782	
1522	36528	0	0	0.0639871066246815		73079.3084236555	
1523	36552	0	0	0.037701551118273		61017.7492198545	
1524	36576	0	0	0.0367241483005714		26461.1762031699	
1525	36600	0	0.2	0.0286021372165095		201920.55906695	
1526	36624	0	0.00833333333333333	0.0545775384222011		211081.63634131	
1527	36648	0	0	0.0111276863193019		-465.927721074988	
1528	36672	0	0	0.0221991878496102		100098.868581016	
1529	36696	0	0.133333333333333	0.0440127133641521		295163.90119155	
1530	36720	0	0.00833333333333333	0.0387192078231706		201920.590000899	
1531	36744	0	0	0.0298505159304661		5055.59998786984	
1532	36768	0	0	0.0467422932529882		78575.8045369443	
1533	36792	0	0	0.0517710815419878		134061.35644583	
1534	36816	0	0	0.0144313951550057		62040.1193571854	
1535	36840	0	0	0.00747872600410381		17993.2581345305	
1536	36864	0	0	0.00440114298011985		23748.2246542226	
1537	36888	0	0	0.00487835690173632		24955.3524956186	
1538	36912	0	0	0.0290611966854684		23952.0507708513	
1539	36936	0	0.00833333333333333	0.0195903006911085		22719.449608023	
1540	36960	0	0	0.0403846664735656		20045.5921220881	
1541	36984	0	0.00833333333333333	0.0066176656075676		16635.6745968872	
1542	37008	0	0	0.00353112091752194		15415.3666405422	
1543	37032	0	0	0		19155.823239301	
1544	37056	0	0	0		19324.2127388304	
1545	37080	0	0	0		16366.113735846	
1546	37104	0	0	0.0030881495757562		4989.04600303866	
1547	37128	0	0.266666666666667	0.0177433367953554		239953.257042166	
1548	37152	0	0	0		221266.751880059	
1549	37176	0	0	0		-58973.9280370369	
1550	37200	0	0.075	0.0036978154123588		180527.466444324	
1551	37224	0	0.291666666666667	0.00561794695267004		509303.91648213	
1552	37248	0	0.025	0.00251411425529291		308545.454055823	
1553	37272	0	0	0		-9761.82011606589	
1554	37296	0	0	0		169256.893078731	
1555	37320	0	0	0		231872.69512709	
1556	37344	0	0	0		83070.9845768563	
1557	37368	0	0	0		6010.62619131346	
1558	37392	0	0	0		0	
1559	37416	0	0.00833333333333333	0.000816151671013899		7534.96740615532	
1560	37440	0	0	0		6979.09105808186	
1561	37464	0	0	0		-1903.0261857619	
1562	37488	0	0	0		3563.84280313331	
1563	37512	0	0	0		5985.50655789109	
1564	37536	0	0	0		1998.90388721605	
1565	37560	0	0	0		0	
1566	37584	0	0	0		0	
1567	37608	0	0	0		0	
1568	37632	0	0				
1569	37656	0	0	0			
1570	37680	0	0	0			
1571	37704	0	0	0			
1572	37728	0	0	0			
1573	37752	0	0	0			
1574	37776	0	0	0		0	
1575	37800	0	0	0		0	
1576	37824	0	0	0		0	
1577	37848	0	0	0		0	
1578	37872	0	0	0		0	
1579	37896	0	0	0		0	
1580	37920	0	0	0		0	
1581	37944	0	0	0		0	
1582	37968	0	0	0		0	
1583	37992	0	0	0		0	
1584	38016	0	0	0		0	
1585	38040	0	0	0		0	
1586	38064	0	0	0		0	
1587	38088	0	0	0		0	
1588	38112	0	0	0		0	
1589	38136	0	0	0		0	
1590	38160	0	0	0		0	
1591	38184	0	0	0		0	
1592	38208	0	0	0		0	
1593	38232	0	0	0		0	
1594	38256	0	0	0		0	
1595	38280	0	0	0		0	
1596	38304	0	0	0		0	
1597	38328	0	0	0		0	
1598	38352	0	0	0		0	
1599	38376	0	0	0		0	
1600	38400	0	0	0		0	
1601	38424	0	0	0		0	
1602	38448	0	0	0		0	
1603	38472	0	0	0		0	
1604	38496	0	0	0		0	
1605	38520	0	0	0		0	
1606	38544	0	0	0		0	
1607	38568	0	0	0		0	
1608	38592	0	0	0		0	
1609	38616	0	0	0		0	
1610	38640	0	0	0		0	
1611	38664	0	0	0		0	
1612	38688	0	0	0		0	
1613	38712	0	0	0		0	
1614	38736	0	0	0		0	
1615	38760	0	0	0		0	
1616	38784	0	0	0		0	
1617	38808	0	0	0		0	
1618	38832	0	0	0		0	
1619	38856	0	0	0		0	
1620	38880	0	0	0		0	
1621	38904	0	0	0		0	
1622	38928	0	0	0		0	
1623	38952	0	0	0		0	
1624	38976	0	0	0		0	
1625	39000	0	0	0		0	
1626	39024	0	0	0		0	
1627	39048	0	0	0		0	
1628	39072	0	0	0		0	
1629	39096	0	0	0		0	
1630	39120	0	0	0		0	
1631	39144	0	0	0		0	
1632	39168	0	0	0		0	
1633	39192	0	0	0		0	
1634	39216	0	0	0		0	
1635	39240	0	0	0		0	
1636	39264	0	0	0		0	
1637	39288	0	0	0		0	
1638	39312	0	0	0		0	
1639	39336	0	0	0		0	
1640	39360	0	0	0		0	
1641	39384	0	0	0		0	
1642	39408	0	0	0		0	
1643	39432	0	0	0		0	
1644	39456	0	0	0		0	
1645	39480	0	0	0		0	
1646	39504	0	0	0		0	
1647	39528	0	0	0		0	
1648	39552	0	0	0		0	
1649	39576	0	0	0		0	
1650	39600	0	0	0		0	
1651	39624	0	0	0		0	
1652	39648	0	0	0		0	
1653	39672	0	0	0		0	
1654	39696	0	0	0		0	
1655	39720	0	0	0		0	
1656	39744	0	0	0		0	
1657	39768	0	0	0		0	
1658	39792	0	0	0		0	
1659	39816	0	0	0		0	
1660	39840	0	0	0		0	
1661	39864	0	0	0		0	
1662	39888	0	0	0		0	
1663	39912	0	0	0		0	
1664	39936	0	0	0		0	
1665	39960	0	0	0		0	
1666	39984	0	0	0		0	
1667	40008	0	0	0		0	
1668	40032	0	0	0		0	
1669	40056	0	0	0		0	
1670	40080	0	0	0		0	
1671	40104	0	0	0		0	
1672	40128	0	0	0		0	
1673	40152	0	0	0		0	
1674	40176	0	0	0		0	
1675	40200	0	0	0		0	
1676	40224	0	0	0		0	
1677	40248	0	0	0		0	
1678	40272	0	0	0		0	
1679	40296	0	0	0		0	
1680	40320	0	0	0		0	
1681	40344	0	0	0		0	
1682	40368	0	0	0		0	
1683	40392	0	0	0		0	
1684	40416	0	0	0		0	
1685	40440	0	0	0		0	
1686	40464	0	0	0		0	
1687	40488	0	0	0		0	
1688	40512	0	0	0		0	
1689	40536	0	0	0		0	
1690	40560	0	0	0		0	
1691	40584	0	0	0		0	
1692	40608	0	0	0		0	
1693	40632	0	0	0		0	
1694	40656	0	0	0		0	
1695	40680	0	0	0		0	
1696	40704	0	0	0		0	
1697	40728	0	0	0		0	
1698	40752	0	0	0		0	
1699	40776	0	0	0		0	
1700	40800	0	0	0		0	
1701	40824	0	0	0		0	
1702	40848	0	0	0		0	
1703	40872	0	0	0		0	
1704	40896	0	0	0		0	
1705	40920	0	0	0		0	
1706	40944	0	0	0		0	
1707	40968	0	0	0		0	
1708	40992	0	0	0		0	
1709	41016	0	0	0		0	
1710	41040	0	0	0		0	
1711	41064	0	0	0		0	
1712	41088	0	0	0		0	
1713	41112	0	0	0		0	
1714	41136	0	0	0		0	
1715	41160	0	0	0		0	
1716	41184	0	0	0		0	
1717	41208	0	0	0		0	
1718	41232	0	0	0		0	
1719	41256	0	0	0		0	
1720	41280	0	0	0		0	
1721	41304	0	0	0		0	
1722	41328	0	0	0		0	
1723	41352	0	0	0		0	
1724	41376	0	0	0		0	
1725	41400	0	0	0		0	
1726	41424	0	0	0		0	
1727	41448	0	0	0		0	
1728	41472	0	0	0		0	
1729	41496	0	0	0		0	
1730	41520	0	0	0		0	
1731	41544	0	0	0		0	
1732	41568	0	0	0		0	
1733	41592	0	0	0		0	
1734	41616	0	0	0		0	
1735	41640	0	0	0		0	
1736	41664	0	0	0		0	
1737	41688	0	0	0		0	
1738	41712	0	0	0		0	
1739	41736	0	0	0		0	
1740	41760	0	0	0		0	
1741	41784	0	0	0		0	
1742	41808	0	0	0		0	
1743	41832	0	0	0		0	
1744	41856	0	0	0		0	
1745	41880	0	0	0		0	
1746	41904	0	0	0		0	
1747	41928	0	0	0		0	
1748	41952	0	0	0		0	
1749	41976	0	0	0		0	
1750	42000	0	0	0		0	
1751	42024	0	0	0		0	
1752	42048	0	0	0		0	
1753	42072	0	0	0		0	
1754	42096	0	0	0		0	
1755	42120	0	0	0		0	
1756	42144	0	0	0		0	
1757	42168	0	0	0		0	
1758	42192	0	0	0		0	
1759	42216	0	0	0		0	
1760	42240	0	0	0		0	
1761	42264	0	0	0		0	
1762	42288	0	0	0		0	
1763	42312	0	0	0		0	
1764	42336	0	0	0		0	
1765	42360	0	0	0		0	
1766	42384	0	0	0		0	
1767	42408	0	0	0		0	
1768	42432	0	0	0		0	
1769	42456	0	0.0416666666666667	0		36474.0298935359	
1770	42480	0	0	0		34168.6963148581	
1771	42504	0	0	0		-8758.10223545179	
1772	42528	0	0	0		17330.9156853618	
1773	42552	0	0	0		28942.9585150628	
1774	42576	0	0	0		9129.7236930622	
1775	42600	0	0	0		0	
1776	42624	0	0	0		0	
1777	42648	0	0	0		0	
1778	42672	0	0	0		0	
1779	42696	0	0	0		0	
1780	42720	0	0	0		0	
1781	42744	0	0	0		0	
1782	42768	0	0	0		0	
1783	42792	0	0	0		0	
1784	42816	0	0	0		0	
1785	42840	0	0	0		0	
1786	42864	0	0.0166666666666667	0		14589.6119574144	
1787	42888	0	0	0		13667.4785259433	
1788	42912	0	0	0		-3503.24089418071	
1789	42936	0	0	0		6932.36627414471	
1790	42960	0	0	0		11577.1834060251	
1791	42984	0	0	0		3651.88947722488	
1792	43008	0	0	0		0	
1793	43032	0	0	0		0	
1794	43056	0	0	0		0	
1795	43080	0	0	0		0	
1796	43104	0	0	0		0	
1797	43128	0	0	0		0	
1798	43152	0	0	0		0	
1799	43176	0	0	0		0	
1800	43200	0	0	0		0	
1801	43224	0	0	0		0	
1802	43248	0	0	0		0	
1803	43272	0	0	0		0	
1804	43296	0	0	0		0	
1805	43320	0	0	0		0	
1806	43344	0	0	0		0	
1807	43368	0	0	0		0	
1808	43392	0	0	0		0	
1809	43416	0	0	0		0	
1810	43440	0	0	0		0	
1811	43464	0	0	0.0157539514138769		4635.77003377968	
1812	43488	0	0	0		2805.6857559842	
1813	43512	0	0	0.157897189370805		43540.4067657963	
1814	43536	0	0	0.605572485122168		208201.887023392	
1815	43560	0	0.141666666666667	0.476406822581248		346557.636732368	
1816	43584	0	0	0.0479078876704193		125007.759925781	
1817	43608	0	0	0.156870804080393		47094.6783058549	
1818	43632	0	0	0.0702799964952847	1302962.5	335231.820539363	967730.679460637
1819	43656	0	0	0.111353312984518	813662.5	363597.581624338	450064.918375663
1820	43680	0	0	0.093217933434782	562625	196555.154832763	366069.845167237
1821	43704	0.858920134078277	0	0.0978254282466715	480812.5	81141.2636489276	399671.236351072
1822	43728	0.912577212397958	0	0.248284848959761	444762.5	136714.73406573	308047.76593427
1823	43752	0.978344858347073	0	0.350000516426286	405300	181976.302018544	223323.697981456
1824	43776	0.964257288873914	0	0.287452312469988	379137.5	158653.818127688	220483.681872312
1825	43800	0.960794492442128	0	0.268991375973726	333112.5	138484.756676827	194627.743323173
1826	43824	0.984909304482548	0	0.112573179577182	334512.5	150221.951209197	184290.548790803
1827	43848	0.977497833158203	0	0.157539010921956	388062.5	187963.351394553	200099.148605447
1828	43872	0.992841078741477	0	0.123360532076663	397425	219186.984642548	178238.015357452
1829	43896	0.976964177499722	0	0.0940033858949904	373275	159693.498834326	213581.501165674
1830	43920	0.96525014722259	0	0.131675888995666	349300	135620.130038438	213679.869961562
1831	43944	0.96960979542471	0	0.132166383725801	360062.5	121530.870786076	238531.629213924
1832	43968	0.94932382485863	0	0.168545405717444	379925	123104.465054761	256820.534945239
1833	43992	0.945178143857704	0	0.111339308455224	367762.5	102840.510645471	264921.989354529
1834	44016	0.941489407506365	0	0.182490292321948	373887.5	109767.29943849	264120.200561511
1835	44040	0.986953461301732	0.00833333333333333	0.199614030045392	343175	157839.904468868	185335.095531132
1836	44064	0.983629968392333	0	0.167591531520467	140525	139842.154701166	682.845298833854
1837	44088	0.925568458006342	0	0.209929959302896	0	137256.700740471	-137256.700740471
1838	44112	0.875770927723079	0	0.230902223309906	0	169219.228929781	-169219.228929781
1839	44136	0.884399171646172	0	0.182187753330968	0	168465.694579691	-168465.694579691
1840	44160	0.885807445904727	0	0.299021200188302	0	187285.073818117	-187285.073818117
1841	44184	0.790931075737235	0	0.432615558163223	0	260553.552100067	-260553.552100067
1842	44208	0.805824914346511	0	0.386367293181184	0	257266.180242975	-257266.180242975
1843	44232	0.890558541635348	0	0.310849736468947	0	208695.591138887	-208695.591138887
1844	44256	0.838935186630713	0	0.322759902004138	0	241181.478207713	-241181.478207713
1845	44280	0.747872230499438	0	0.304934152134288	0	303524.589992373	-303524.589992373
1846	44304	0.776682210839832	0	0.270942604533018	0	296254.673993749	-296254.673993749
1847	44328	0.803540674707456	0.0416666666666667	0.222436478469187	0	289112.351874173	-289112.351874173
1848	44352	0.795012973911665	0	0.272263074192906	0	283873.088940912	-283873.088940912
1849	44376	0.831349264218967	0	0.227154804564526	0	239700.735763968	-239700.735763968
1850	44400	0.808211032311903	0.133333333333333	0.115512867950297	0	314594.827826476	-314594.827826476
1851	44424	0.913759372881066	0.258333333333333	0.127412395437537	713212.5	524011.195340215	189201.304659785
1852	44448	0.910635620172986	0	0.162583666741817	603487.5	382063.5393445	221423.9606555
1853	44472	0.960582184144457	0	0.190473570731102	0	188852.679010842	-188852.679010842
1854	44496	0.798714996016777	0	0.181866303446528	0	348601.094907935	-348601.094907935
1855	44520	0.808962329987982	0.00833333333333333	0.164883174676538	0	336204.315695851	-336204.315695851
1856	44544	0.894234263832445	0	0.202861196293611	0	207778.552509471	-207778.552509471
1857	44568	0.890938560361973	0	0.164589260749885	0	154393.845023371	-154393.845023371
1858	44592	0.904214077802856	0	0.182749785708049	0	152895.766043894	-152895.766043894
1859	44616	0.689482999333492	0.0333333333333333	0.114899264946008	741650	173388.6146014	568261.3853986
1860	44640	0.311638360914719	0.0333333333333333	0.114147160702844	1329387.5	182071.247678602	1147316.2523214
1861	44664	0.356173544045146	0.00833333333333333	0.0952948627631951	1203562.5	159247.455955858	1044315.04404414
1862	44688	0.847933899007501	0	0.0984147993403503	515900	131168.405334394	384731.594665606
1863	44712	0.541651795383475	0	0.0901885633980583	883837.5	141764.333475296	742073.166524704
1864	44736	0.647978312556738	0.0333333333333333	0.0591093319277647	747862.5	141594.969431316	606267.530568684
1865	44760	0.872416451003365	0.158333333333333	0.0459716742515965	0	245310.599077539	-245310.599077539
1866	44784	0.86013092575752	0.0916666666666667	0.036867378826349	0	267705.347315349	-267705.347315349
1867	44808	0	0	0.0606459650645394		121327.436120516	
1868	44832	0	0	0.00315840222556751		113509.924127923	
1869	44856	0	0	0.0240426239781044		179831.458759353	
1870	44880	0	0	0.043020293396328		140616.804708547	
1871	44904	0	0	0.0524508747332177		61544.1725772184	
1872	44928	0	0	0.0994261088936863		47108.6839979511	
1873	44952	0	0	0.0724255099840985		40906.839844972	
1874	44976	0	0	0.100219256944365		45695.3738786918	
1875	45000	0	0	0.116223776625384		72281.797065121	
1876	45024	0	0	0.109176449345032		78003.7898350459	
1877	45048	0	0	0.0958915117755073		76636.7132627098	
1878	45072	0	0	0.0787920286952222		73445.3666156696	
1879	45096	0	0	0.0869753252220669		84180.8200410057	
1880	45120	0	0	0.0605796741464637		81144.8666520633	
1881	45144	0	0	0.0698827776049864		70918.5348318491	
1882	45168	0	0	0.0439317091830844		63873.9060967324	
1883	45192	0	0	0.0193649766872781		45489.5180415832	
1884	45216	0	0	0.00699657414252641		38767.8837993307	
1885	45240	0	0	0.00305563254464403		33508.4322907849	
1886	45264	0	0	0.00329680820876454		27942.6437343132	
1887	45288	0	0	0.00388181925523057		15982.0117888309	
1888	45312	0	0	0.00608354981603121		8027.42832219346	
1889	45336	0	0	0.00932869042934925		5722.83692474232	
1890	45360	0	0	0.00924070545127975		5159.46483133634	
1891	45384	0	0	0.02675211411837		10150.4175363277	
1892	45408	0	0	0.0442227339197938		19469.8384115329	
1893	45432	0	0	0.0502678980726792		22350.5611664172	
1894	45456	0	0	0.0480226946591262		22287.3641379811	
1895	45480	0	0	0.0309659731484668		22043.8188534906	
1896	45504	0	0	0.0286599144265587		27393.6049298579	
1897	45528	0	0	0.0357141564158905		37115.1716251149	
1898	45552	0	0	0.0113167185598666		30318.4846559964	
1899	45576	0	0	0.0240285333048718		23538.3285084775	
1900	45600	0	0	0.0209635962947665		26099.3956328886	
1901	45624	0	0	0.0342311786148794		25393.4130825277	
1902	45648	0	0	0.0453890300173434		28737.7802053624	
1903	45672	0	0	0.0309431132664742		21542.7180426298	
1904	45696	0	0	0.0130244064746279		15169.2897161801	
1905	45720	0	0	0.00887124738372335		17322.5623715126	
1906	45744	0	0	0.000732953370597755		21287.4315769694	
1907	45768	0	0	0		17127.8754361517	
1908	45792	0	0	0		10625.4556047443	
1909	45816	0	0	1.03229677606009e-05		4991.26565666336	
1910	45840	0	0	0.00115095531227105		2397.3587303117	
1911	45864	0	0	0.00503606903445863		1840.30865401895	
1912	45888	0	0	0.0027132367100613		1483.01279907809	
1913	45912	0	0	0		-310.826133989984	
1914	45936	0	0	0.000257880386149267		455.037705279904	
1915	45960	0	0	6.70479949302914e-05		1849.29421557677	
1916	45984	0	0	0.000314604832063026		1778.55146131928	
1917	46008	0	0	6.18885067620313e-05		667.650145307889	
1918	46032	0	0	0		22.9013709581058	
1919	46056	0	0	0		96.991097110731	
1920	46080	0	0	0		97.5197903754999	
1921	46104	0	0	0		81.6031536701484	
1922	46128	0	0	0.000355852735745898		117.828937722453	
1923	46152	0	0	0.00105718155192847		374.462339994814	
1924	46176	0	0	0.00166551711751062		612.359290738365	
1925	46200	0	0	0		143.08003343556	
1926	46224	0	0	0		-96.6145939567371	
1927	46248	0	0	0		529.774794259602	
1928	46272	0	0	1.54681187982675e-05		630.433222644312	
1929	46296	0	0	0.00064964303655124		546.876219586845	
1930	46320	0	0	0		112.828072111496	
1931	46344	0	0	0		-118.665532333123	
1932	46368	0	0	0		81.4674854420409	
1933	46392	0	0	0		160.018929766991	
1934	46416	0	0				
1935	46440	0	0	0			
1936	46464	0	0	0			
1937	46488	0	0	0			
1938	46512	0	0	0			
1939	46536	0	0	0			
1940	46560	0	0	0		0	
1941	46584	0	0	0		0	
1942	46608	0	0	0		0	
1943	46632	0	0	0		0	
1944	46656	0	0	0		0	
1945	46680	0	0	0		0	
1946	46704	0	0	0		0	
1947	46728	0	0	0		0	
1948	46752	0	0	0		0	
1949	46776	0	0	0		0	
1950	46800	0	0	0		0	
1951	46824	0	0	0		0	
1952	46848	0	0	0		0	
1953	46872	0	0	0		0	
1954	46896	0	0	0		0	
1955	46920	0	0	0		0	
1956	46944	0	0	0		0	
1957	46968	0	0	0		0	
1958	46992	0	0	0		0	
1959	47016	0	0	0		0	
1960	47040	0	0	0		0	
1961	47064	0	0	0		0	
1962	47088	0	0	0		0	
1963	47112	0	0	0		0	
1964	47136	0	0	0		0	
1965	47160	0	0	0		0	
1966	47184	0	0	0		0	
1967	47208	0	0	0		0	
1968	47232	0	0	0		0	
1969	47256	0	0	0		0	
1970	47280	0	0	0		0	
1971	47304	0	0	0		0	
1972	47328	0	0	0		0	
1973	47352	0	0	0		0	
1974	47376	0	0	0		0	
1975	47400	0	0	0		0	
1976	47424	0	0	0		0	
1977	47448	0	0	0		0	
1978	47472	0	0	0		0	
1979	47496	0	0	0		0	
1980	47520	0	0	0		0	
1981	47544	0	0	0		0	
1982	47568	0	0	0		0	
1983	47592	0	0	0		0	
1984	47616	0	0	0		0	
1985	47640	0	0	0		0	
1986	47664	0	0	0		0	
1987	47688	0	0	0		0	
1988	47712	0	0	0		0	
1989	47736	0	0	0		0	
1990	47760	0	0	0		0	
1991	47784	0	0	0		0	
1992	47808	0	0	0		0	
1993	47832	0	0	0		0	
1994	47856	0	0	0		0	
1995	47880	0	0	0		0	
1996	47904	0	0	0		0	
1997	47928	0	0	0		0	
1998	47952	0	0	0		0	
1999	47976	0	0	0		0	
2000	48000	0	0	0		0	
2001	48024	0	0	0		0	
2002	48048	0	0	0		0	
2003	48072	0	0	0		0	
2004	48096	0	0	0		0	
2005	48120	0	0	0		0	
2006	48144	0	0	0		0	
2007	48168	0	0	0		0	
2008	48192	0	0	0		0	
2009	48216	0	0	0		0	
2010	48240	0	0	0		0	
2011	48264	0	0	0		0	
2012	48288	0	0	0		0	
2013	48312	0	0	0		0	
2014	48336	0	0	0		0	
2015	48360	0	0	0		0	
2016	48384	0	0	0		0	
2017	48408	0	0	0		0	
2018	48432	0	0	0		0	
2019	48456	0	0	0		0	
2020	48480	0	0	0		0	
2021	48504	0	0	0		0	
2022	48528	0	0	0		0	
2023	48552	0	0	0		0	
2024	48576	0	0	0		0	
2025	48600	0	0	0		0	
2026	48624	0	0	0		0	
2027	48648	0	0	0		0	
2028	48672	0	0	0		0	
2029	48696	0	0	0		0	
2030	48720	0	0	0		0	
2031	48744	0	0	0		0	
2032	48768	0	0	0		0	
2033	48792	0	0	0		0	
2034	48816	0	0	0		0	
2035	48840	0	0	0		0	
2036	48864	0	0	0		0	
2037	48888	0	0	0		0	
2038	48912	0	0	0		0	
2039	48936	0	0	0		0	
2040	48960	0	0	0		0	
2041	48984	0	0	0		0	
2042	49008	0	0	0		0	
2043	49032	0	0	0		0	
2044	49056	0	0	0		0	
2045	49080	0	0	0		0	
2046	49104	0	0	0		0	
2047	49128	0	0	0		0	
2048	49152	0	0	0		0	
2049	49176	0	0	0		0	
2050	49200	0	0	0		0	
2051	49224	0	0	0		0	
2052	49248	0	0	0		0	
2053	49272	0	0	0		0	
2054	49296	0	0	0		0	
2055	49320	0	0	0		0	
2056	49344	0	0	0		0	
2057	49368	0	0	0		0	
2058	49392	0	0	0		0	
2059	49416	0	0	0		0	
2060	49440	0	0	0		0	
2061	49464	0	0	0		0	
2062	49488	0	0	0		0	
2063	49512	0	0	0		0	
2064	49536	0	0	0		0	
2065	49560	0	0	0		0	
2066	49584	0	0	0		0	
2067	49608	0	0	0		0	
2068	49632	0	0	0		0	
2069	49656	0	0	0		0	
2070	49680	0	0	0		0	
2071	49704	0	0	0		0	
2072	49728	0	0	0		0	
2073	49752	0	0	0		0	
2074	49776	0	0	0		0	
2075	49800	0	0	0		0	
2076	49824	0	0	0		0	
2077	49848	0	0	0		0	
2078	49872	0	0	0		0	
2079	49896	0	0	0		0	
2080	49920	0	0	0		0	
2081	49944	0	0	0		0	
2082	49968	0	0	0		0	
2083	49992	0	0	0		0	
2084	50016	0	0	0		0	
2085	50040	0	0	0		0	
2086	50064	0	0	0		0	
2087	50088	0	0	0		0	
2088	50112	0	0	0		0	
2089	50136	0	0	0		0	
2090	50160	0	0	0		0	
2091	50184	0	0	0		0	
2092	50208	0	0	0		0	
2093	50232	0	0	0		0	
2094	50256	0	0	0		0	
2095	50280	0	0	0		0	
2096	50304	0	0	0		0	
2097	50328	0	0	0		0	
2098	50352	0	0	0		0	
2099	50376	0	0	0		0	
2100	50400	0	0	0		0	
2101	50424	0	0	0		0	
2102	50448	0	0	0		0	
2103	50472	0	0	0		0	
2104	50496	0	0	0		0	
2105	50520	0	0	0		0	
2106	50544	0	0	0		0	
2107	50568	0	0	0		0	
2108	50592	0	0	0		0	
2109	50616	0	0	0		0	
2110	50640	0	0	0		0	
2111	50664	0	0	0		0	
2112	50688	0	0	0		0	
2113	50712	0	0	0		0	
2114	50736	0	0	0		0	
2115	50760	0	0	0		0	
2116	50784	0	0	0		0	
2117	50808	0	0	0		0	
2118	50832	0	0	0		0	
2119	50856	0	0	0		0	
2120	50880	0	0	0		0	
2121	50904	0	0	0		0	
2122	50928	0	0	0		0	
2123	50952	0	0	0		0	
2124	50976	0	0	0		0	
2125	51000	0	0	0		0	
2126	51024	0	0	0		0	
2127	51048	0	0	0		0	
2128	51072	0	0	0		0	
2129	51096	0	0	0		0	
2130	51120	0	0	0		0	
2131	51144	0	0	0		0	
2132	51168	0	0	0		0	
2133	51192	0	0	0		0	
2134	51216	0	0	0		0	
2135	51240	0	0	0		0	
2136	51264	0	0	0		0	
2137	51288	0	0	0		0	
2138	51312	0	0	0		0	
2139	51336	0	0	0		0	
2140	51360	0	0	0		0	
2141	51384	0	0	0		0	
2142	51408	0	0	0		0	
2143	51432	0	0	0		0	
2144	51456	0	0	0		0	
2145	51480	0	0	0		0	
2146	51504	0	0	0		0	
2147	51528	0	0	0		0	
2148	51552	0	0	0		0	
2149	51576	0	0	0		0	
2150	51600	0	0	0		0	
2151	51624	0	0	0		0	
2152	51648	0	0	0		0	
2153	51672	0	0	0		0	
2154	51696	0	0	0		0	
2155	51720	0	0	0		0	
2156	51744	0	0	0		0	
2157	51768	0	0	0		0	
2158	51792	0	0	0		0	
2159	51816	0	0	0		0	
2160	51840	0	0	0		0	
2161	51864	0	0	0		0	
2162	51888	0	0.025	0		21884.4179361215	
2163	51912	0	0.0166666666666667	0		35090.8297463292	
2164	51936	0	0.00833333333333333	0		15707.4231633794	
2165	51960	0	0	0		13729.047780008	
2166	51984	0	0	0		22546.520936092	
2167	52008	0	0	0		20521.2007589348	
2168	52032	0	0	0		9440.48118023744	
2169	52056	0	0	0		1825.94473861244	
2170	52080	0	0	0		0	
2171	52104	0	0	0		0	
2172	52128	0	0	0		0	
2173	52152	0	0	0		0	
2174	52176	0	0	0		0	
2175	52200	0	0	0.0763701129437667		22472.729016368	
2176	52224	0	0	0		13601.0663255245	
2177	52248	0	0	0.0600631084002652		3506.66253509629	
2178	52272	0	0	0.0662363275340779		39325.9886151298	
2179	52296	0	0	0.0886720872152776		45172.6019458406	
2180	52320	0	0	0.159507718834066		73812.6788952608	
2181	52344	0	0	0		34374.9909493104	
2182	52368	0	0	0		9729.42117251205	
2183	52392	0	0.00833333333333333	0		61812.2469623184	
2184	52416	0	0.00833333333333333	0		71404.7718011403	
2185	52440	0	0	0.110022291421898		71260.2958906698	
2186	52464	0	0	0		21308.8833637943	
2187	52488	0	0	0.00758191786353524		-8924.59379091298	
2188	52512	0	0	0.109332618527748		54302.2596883318	
2189	52536	0	0	0.0616432785923586		64575.4429499986	
2190	52560	0	0	0.3442202607825		116209.544504724	
2191	52584	0	0	0.261630730325408		141767.614682377	
2192	52608	0	0.0333333333333333	0.170582074973321		97474.6778520891	
2193	52632	0	0.00833333333333333	0.130821081013641		134200.941847571	
2194	52656	0	0	0.0280214479019238		127147.05592813	
2195	52680	0	0	0.0455442039361491		162719.769849962	
2196	52704	0	0	0.194358211430871		198980.897001892	
2197	52728	0	0	0.0905741292898596		136976.186300667	
2198	52752	0	0	0.0412560812881959		33975.1859951839	
2199	52776	0	0	0.00989054043343484		33638.8246370388	
2200	52800	0	0	0.0997196041903514		90834.5230666449	
2201	52824	0	0	0.0876323448963743		109689.569398229	
2202	52848	0	0	0.042271921392842		39878.5555058437	
2203	52872	0	0.025	0.181440608785008		89608.4594176079	
2204	52896	0	0.00833333333333333	0.186528632881346		143797.214702354	
2205	52920	0	0.2	0.150436896892539		267816.262507241	
2206	52944	0	0.00833333333333333	0.249613413254925		296072.657748565	
2207	52968	0	0	0.109906619421112		109569.540809159	
2208	52992	0	0	0.0936678719504024		194989.727905364	
2209	53016	0	0	0.162912090240373		294143.59479396	
2210	53040	0	0	0.17822500182722		218949.830277251	
2211	53064	0	0.00833333333333333	0.218148408908951		165455.754300388	
2212	53088	0	0	0.314429985308626		170531.033155974	
2213	53112	0	0.291666666666667	0.184875446401328		403979.701261892	
2214	53136	0	0.391666666666667	0.107035541854846		695222.581246793	
2215	53160	0	0	0.169502786608189		428338.451789582	
2216	53184	0	0.05	0.151396301022404		283681.433807505	
2217	53208	0	0.0166666666666667	0.0688958218669838		560941.916679299	
2218	53232	0	0.0583333333333333	0.0872078369461918		485325.339713968	
2219	53256	0	0	0.0464274121704307		249056.655363043	
2220	53280	0	0.00833333333333333	0.0458589837287482		122975.069486607	
2221	53304	0	0.00833333333333333	0.115026634906473		153468.683804329	
2222	53328	0	0	0.0798694283968225		125931.487940038	
2223	53352	0	0	0.0939062144469985		70184.7662112717	
2224	53376	0	0	0.216910152511889		109657.708955758	
2225	53400	0	0	0.245172908762128		147997.293344729	
2226	53424	0	0	0.195777673546828		117743.567310657	
2227	53448	0	0	0.227908369966927		121987.007952391	
2228	53472	0	0	0.229303951017351		173317.376090757	
2229	53496	0	0	0.147747002519027		170581.776702024	
2230	53520	0	0.316666666666667	0.087253534667151		413116.306434502	
2231	53544	0	0.00833333333333333	0.0276565649512373		387161.157900347	
2232	53568	0	0	0.0349893491247846		60609.417967481	
2233	53592	0	0	0.0305828262317673		234745.534347752	
2234	53616	0	0	0.0314914082456825		287326.852755794	
2235	53640	0	0	0.0558094544097303		120882.330861381	
2236	53664	0	0.00833333333333333	0.0594024878816679		48660.3351040527	
2237	53688	0	0	0.112911994922033		58847.2009749277	
2238	53712	0	0.05	0.0519464061053219		87149.3229687123	
2239	53736	0	0.00833333333333333	0.0431479576064593		80011.9968574596	
2240	53760	0	0	0.0294664806594476		48501.4085826396	
2241	53784	0	0.0166666666666667	0.0719060808765856		99910.5091775922	
2242	53808	0	0	0.121456546150179		136569.391601174	
2243	53832	0	0.05	0.119494216170521		125408.418609227	
2244	53856	0	0.15	0.139361832601115		245683.139810621	
2245	53880	0	0	0.050626872400926		179751.040207335	
2246	53904	0	0	0.0777766330254952		57810.5171673453	
2247	53928	0	0	0.116610884560155		207142.161697969	
2248	53952	0	0	0.139156143502433		227443.107949543	
2249	53976	0	0	0.0834580958792124		111630.773135193	
2250	54000	0	0	0.106507199208425		63836.9109541038	
2251	54024	0	0.166666666666667	0.0843525281921629		235472.28815027	
2252	54048	0	0.00833333333333333	0.0490189792102509		221931.545360333	
2253	54072	0	0	0.0100642686252268		30215.1215866816	
2254	54096	0	0	0.0360543843340011		124357.452930562	
2255	54120	0	0	0.0261444448177368		180273.861267453	
2256	54144	0	0	0.00734650175295393		73344.153176561	
2257	54168	0	0	0		15414.7820481258	
2258	54192	0	0	0		12597.2987404669	
2259	54216	0	0	0		14827.6631816197	
2260	54240	0	0	0		7313.04787445061	
2261	54264	0	0	0.000334453942320678		1655.28990822367	
2262	54288	0	0	0		59.5642729464888	
2263	54312	0	0	0		-62.0451418371331	
2264	54336	0	0	0		40.020331367122	
2265	54360	0	0	0		80.6944981608798	
2266	54384	0	0	0		70.8775968553013	
2267	54408	0	0	0		0	
2268	54432	0	0	0		0	
2269	54456	0	0	0		0	
2270	54480	0	0	0		0	
2271	54504	0	0	0		0	
2272	54528	0	0	0		0	
2273	54552	0	0.00833333333333333	0		7294.80597870718	
2274	54576	0	0	0		6833.73926297163	
2275	54600	0	0	0		-1751.62044709036	
2276	54624	0	0	0		3466.18313707235	
2277	54648	0	0	0		5788.59170301255	
2278	54672	0	0	0		1825.94473861244	
2279	54696	0	0	0		0	
2280	54720	0	0	0		0	
2281	54744	0	0	0		0	
2282	54768	0	0	0		0	
2283	54792	0	0	0		0	
2284	54816	0	0	0		0	
2285	54840	0	0	0		0	
2286	54864	0	0	0		0	
2287	54888	0	0	0		0	
2288	54912	0	0	0		0	
2289	54936	0	0	0		0	
2290	54960	0	0	0		0	
2291	54984	0	0	0		0	
2292	55008	0	0	0		0	
2293	55032	0	0	0		0	
2294	55056	0	0	0		0	
2295	55080	0	0	0		0	
2296	55104	0	0	0		0	
2297	55128	0	0	0		0	
2298	55152	0	0	0		0	
2299	55176	0	0				
2300	55200	0	0	0			
2301	55224	0	0	0			
2302	55248	0	0	0			
2303	55272	0	0	0			
2304	55296	0	0	0			
2305	55320	0	0	0		0	
2306	55344	0	0	0		0	
2307	55368	0	0	0		0	
2308	55392	0	0	0		0	
2309	55416	0	0	0		0	
2310	55440	0	0	0		0	
2311	55464	0	0	0		0	
2312	55488	0	0	0		0	
2313	55512	0	0	0		0	
2314	55536	0	0	0		0	
2315	55560	0	0	0		0	
2316	55584	0	0	0		0	
2317	55608	0	0	0		0	
2318	55632	0	0	0		0	
2319	55656	0	0	0		0	
2320	55680	0	0	0		0	
2321	55704	0	0	0		0	
2322	55728	0	0	0		0	
2323	55752	0	0	0		0	
2324	55776	0	0	0		0	
2325	55800	0	0	0		0	
2326	55824	0	0	0		0	
2327	55848	0	0	0		0	
2328	55872	0	0	0		0	
2329	55896	0	0	0		0	
2330	55920	0	0	0		0	
2331	55944	0	0	0		0	
2332	55968	0	0	0		0	
2333	55992	0	0	0		0	
2334	56016	0	0	0		0	
2335	56040	0	0	0		0	
2336	56064	0	0	0		0	
2337	56088	0	0	0		0	
2338	56112	0	0	0		0	
2339	56136	0	0	0		0	
2340	56160	0	0	0		0	
2341	56184	0	0	0		0	
2342	56208	0	0	0		0	
2343	56232	0	0	0		0	
2344	56256	0	0	0		0	
2345	56280	0	0	0		0	
2346	56304	0	0	0		0	
2347	56328	0	0	0		0	
2348	56352	0	0	0		0	
2349	56376	0	0	0		0	
2350	56400	0	0	0		0	
2351	56424	0	0	0		0	
2352	56448	0	0	0		0	
2353	56472	0	0	0		0	
2354	56496	0	0	0		0	
2355	56520	0	0	0		0	
2356	56544	0	0	0		0	
2357	56568	0	0	0		0	
2358	56592	0	0	0		0	
2359	56616	0	0	0		0	
2360	56640	0	0	0		0	
2361	56664	0	0	0		0	
2362	56688	0	0	0		0	
2363	56712	0	0	0		0	
2364	56736	0	0	0		0	
2365	56760	0	0	0		0	
2366	56784	0	0	0		0	
2367	56808	0	0	0		0	
2368	56832	0	0	0		0	
2369	56856	0	0	0		0	
2370	56880	0	0	0		0	
2371	56904	0	0	0		0	
2372	56928	0	0	0		0	
2373	56952	0	0	0		0	
2374	56976	0	0	0		0	
2375	57000	0	0	0		0	
2376	57024	0	0	0		0	
2377	57048	0	0	0		0	
2378	57072	0	0	0		0	
2379	57096	0	0	0		0	
2380	57120	0	0	0		0	
2381	57144	0	0	0		0	
2382	57168	0	0	0		0	
2383	57192	0	0	0		0	
2384	57216	0	0	0		0	
2385	57240	0	0	0		0	
2386	57264	0	0	0		0	
2387	57288	0	0	0		0	
2388	57312	0	0	0		0	
2389	57336	0	0	0		0	
2390	57360	0	0	0		0	
2391	57384	0	0	0		0	
2392	57408	0	0	0		0	
2393	57432	0	0	0		0	
2394	57456	0	0	0		0	
2395	57480	0	0	0		0	
2396	57504	0	0	0		0	
2397	57528	0	0	0		0	
2398	57552	0	0	0		0	
2399	57576	0	0	0		0	
2400	57600	0	0	0		0	
2401	57624	0	0	0		0	
2402	57648	0	0	0		0	
2403	57672	0	0	0		0	
2404	57696	0	0	0		0	
2405	57720	0	0	0		0	
2406	57744	0	0	0		0	
2407	57768	0	0	0		0	
2408	57792	0	0	0		0	
2409	57816	0	0	0		0	
2410	57840	0	0	0		0	
2411	57864	0	0	0		0	
2412	57888	0	0	0		0	
2413	57912	0	0	0		0	
2414	57936	0	0	0		0	
2415	57960	0	0	0		0	
2416	57984	0	0	0		0	
2417	58008	0	0	0		0	
2418	58032	0	0	0		0	
2419	58056	0	0	0		0	
2420	58080	0	0	0		0	
2421	58104	0	0	0		0	
2422	58128	0	0	0		0	
2423	58152	0	0	0		0	
2424	58176	0	0	0		0	
2425	58200	0	0	0		0	
2426	58224	0	0	0		0	
2427	58248	0	0	0		0	
2428	58272	0	0	0		0	
2429	58296	0	0	0		0	
2430	58320	0	0	0		0	
2431	58344	0	0	0		0	
2432	58368	0	0	0		0	
2433	58392	0	0	0		0	
2434	58416	0	0	0		0	
2435	58440	0	0	0		0	
2436	58464	0	0	0		0	
2437	58488	0	0	0		0	
2438	58512	0	0	0		0	
2439	58536	0	0	0		0	
2440	58560	0	0	0		0	
2441	58584	0	0	0		0	
2442	58608	0	0	0		0	
2443	58632	0	0	0		0	
2444	58656	0	0	0		0	
2445	58680	0	0	0		0	
2446	58704	0	0	0		0	
2447	58728	0	0	0		0	
2448	58752	0	0	0		0	
2449	58776	0	0	0		0	
2450	58800	0	0	0		0	
2451	58824	0	0	0		0	
2452	58848	0	0	0		0	
2453	58872	0	0	0		0	
2454	58896	0	0	0		0	
2455	58920	0	0	0		0	
2456	58944	0	0	0		0	
2457	58968	0	0	0		0	
2458	58992	0	0	0		0	
2459	59016	0	0	0		0	
2460	59040	0	0	0		0	
2461	59064	0	0	0		0	
2462	59088	0	0	0		0	
2463	59112	0	0	0		0	
2464	59136	0	0	0		0	
2465	59160	0	0	0		0	
2466	59184	0	0	0		0	
2467	59208	0	0	0		0	
2468	59232	0	0	0		0	
2469	59256	0	0	0		0	
2470	59280	0	0	0		0	
2471	59304	0	0	0		0	
2472	59328	0	0	0		0	
2473	59352	0	0	0		0	
2474	59376	0	0	0		0	
2475	59400	0	0	0		0	
2476	59424	0	0	0		0	
2477	59448	0	0	0		0	
2478	59472	0	0	0		0	
2479	59496	0	0	0		0	
2480	59520	0	0	0		0	
2481	59544	0	0	0		0	
2482	59568	0	0	0		0	
2483	59592	0	0	0		0	
2484	59616	0	0	0		0	
2485	59640	0	0	0		0	
2486	59664	0	0	0		0	
2487	59688	0	0	0		0	
2488	59712	0	0	0		0	
2489	59736	0	0	0		0	
2490	59760	0	0	0		0	
2491	59784	0	0	0		0	
2492	59808	0	0	0		0	
2493	59832	0	0	0		0	
2494	59856	0	0	0		0	
2495	59880	0	0	0		0	
2496	59904	0	0	0		0	
2497	59928	0	0	0		0	
2498	59952	0	0	0		0	
2499	59976	0	0	0		0	
2500	60000	0	0	0		0	
2501	60024	0	0	0		0	
2502	60048	0	0	0		0	
2503	60072	0	0	0		0	
2504	60096	0	0	0		0	
2505	60120	0	0	0		0	
2506	60144	0	0	0		0	
2507	60168	0	0	0		0	
2508	60192	0	0	0		0	
2509	60216	0	0	0		0	
2510	60240	0	0	0		0	
2511	60264	0	0	0		0	
2512	60288	0	0	0		0	
2513	60312	0	0	0		0	
2514	60336	0	0	0		0	
2515	60360	0	0	0		0	
2516	60384	0	0	0		0	
2517	60408	0	0	0		0	
2518	60432	0	0	0		0	
2519	60456	0	0	0		0	
2520	60480	0	0	0		0	
2521	60504	0	0	0		0	
2522	60528	0	0	0		0	
2523	60552	0	0	0		0	
2524	60576	0	0.00833333333333333	0		7294.80597870718	
2525	60600	0	0	0		6833.73926297163	
2526	60624	0	0	0		-1751.62044709036	
2527	60648	0	0	0		3466.18313707235	
2528	60672	0	0	0		5788.59170301255	
2529	60696	0	0	0		1825.94473861244	
2530	60720	0	0	0		0	
2531	60744	0	0	0		0	
2532	60768	0	0	0		0	
2533	60792	0	0	0		0	
2534	60816	0	0	0		0	
2535	60840	0	0	0		0	
2536	60864	0	0	0		0	
2537	60888	0	0	0		0	
2538	60912	0	0	0		0	
2539	60936	0	0	0		0	
2540	60960	0	0	0		0	
2541	60984	0	0	0		0	
2542	61008	0	0	0		0	
2543	61032	0	0	0		0	
2544	61056	0	0	0		0	
2545	61080	0	0	0		0	
2546	61104	0	0	0		0	
2547	61128	0	0	0		0	
2548	61152	0	0	0.139580365146167		41073.0271440764	
2549	61176	0	0	0		24858.4391317036	
2550	61200	0	0	0		-25893.8001839105	
2551	61224	0	0	0		16702.0081352114	
2552	61248	0	0	0		33676.8866900749	
2553	61272	0	0	0.237363992815097		99426.8336863394	
2554	61296	0	0	0.224394512697125		108303.63040398	
2555	61320	0	0	0		-4070.47556326813	
2556	61344	0	0	0.0205931323431547		-7165.39930513876	
2557	61368	0	0	0.123597844318604		124157.649181423	
2558	61392	0	0	0.198524951765425		181052.343807277	
2559	61416	0	0	0.133393400617243		101697.625506904	
2560	61440	0	0	0.128732593940473		44566.9303259707	
2561	61464	0	0	0.116682174429462		90455.5490889727	
2562	61488	0	0	0.0660334795015618		106383.228464002	
2563	61512	0	0	0.253977090929149		154509.351683681	
2564	61536	0	0	0.419390309199835		229682.388163206	
2565	61560	0	0	0.515854778218213		242705.753123243	
2566	61584	0	0.0166666666666667	0.293122758175955		185962.953371305	
2567	61608	0	0	0.108796653019798		127643.571551381	
2568	61632	0	0	0.1722091493328		228906.213889282	
2569	61656	0	0	0.0982820666612176		294752.843056284	
2570	61680	0	0	0.0372566205820899		201157.997200469	
2571	61704	0	0	0.0959413886552931		129261.013515895	
2572	61728	0	0	0.0613489076214755		104593.473372731	
2573	61752	0	0	0.0871480486371072		83437.3255358669	
2574	61776	0	0	0.106239451877307		76698.90028706	
2575	61800	0	0	0.0789014106194075		64355.5964691391	
2576	61824	0	0	0.0979707031432056		68733.8963536878	
2577	61848	0	0	0.145553496247446		92381.5252639745	
2578	61872	0	0	0.0761818039529137		83707.1496048886	
2579	61896	0	0	0.128799165172504		77740.2682349799	
2580	61920	0	0	0.0775173184872964		89391.2411753171	
2581	61944	0	0	0.167943878486031		104326.754195067	
2582	61968	0	0	0.193405993193294		137079.493729814	
2583	61992	0	0	0.205225405056523		120174.466750707	
2584	62016	0	0.0416666666666667	0.150568469769524		147544.672975957	
2585	62040	0	0.00833333333333333	0.190553093788252		166369.862872738	
2586	62064	0	0.108333333333333	0.105863061666477		236874.87960606	
2587	62088	0	0.025	0.106816079174149		249756.569910107	
2588	62112	0	0.0166666666666667	0.130143258498125		185030.224343579	
2589	62136	0	0	0.0972923978065836		190933.91660954	
2590	62160	0	0	0.0628783741121337		174365.067473071	
2591	62184	0	0	0.185625554461057		159586.208784048	
2592	62208	0	0	0.168565615208674		153729.762845044	
2593	62232	0	0.00833333333333333	0.114791803845759		98888.1568220308	
2594	62256	0	0	0.0706871396001008		74807.8002752634	
2595	62280	0	0.025	0.0651427554371376		108877.359737106	
2596	62304	0	0.0916666666666667	0.142760226581205		238451.146530969	
2597	62328	0	0	0.146253283403361		203958.382231879	
2598	62352	0	0.0666666666666667	0.0674895719808833		119914.268293383	
2599	62376	0	0	0.0571069955784162		159635.53942426	
2600	62400	0	0.0416666666666667	0.0420379732805198		167383.501178719	
2601	62424	0	0.00833333333333333	0.0579567696791505		176841.849841354	
2602	62448	0	0.0166666666666667	0.0871340999680355		141248.117547052	
2603	62472	0	0.00833333333333333	0.0851477074636877		114082.139203791	
2604	62496	0	0	0.0205453105611717		69964.9917286235	
2605	62520	0	0	0.00212867487120239		41906.9684024211	
2606	62544	0	0.025	0.00354338007301891		79858.0509587828	
2607	62568	0	0.0166666666666667	0.0272806759210535		94262.8093077687	
2608	62592	0	0	0.0260000266983225		45346.8012321484	
2609	62616	0	0.00833333333333333	0.0508803863870888		34023.3377842754	
2610	62640	0	0	0.0387871471102415		51354.0024881179	
2611	62664	0	0	0.0295579993058759		31914.1265620459	
2612	62688	0	0	0.0355665123579731		33795.2360125823	
2613	62712	0	0	0.0592348991992093		46497.1156724251	
2614	62736	0	0	0.0277543669846914		37622.0747753979	
2615	62760	0	0	0.0170499769344108		18578.4156752029	
2616	62784	0	0	0.0199843461484788		25701.4788436682	
2617	62808	0	0	0.0231064337498808		32345.5048517642	
2618	62832	0	0	0.0176876646899817		26902.1953241485	
2619	62856	0	0	0.040728385028519		23235.0246802937	
2620	62880	0	0	0.0199952909288275		21055.8391043472	
2621	62904	0	0	0.00356042168629589		8979.65831080017	
2622	62928	0	0	0.0277711904733682		19134.4754980886	
2623	62952	0	0	0.0290560394893848		28803.059228694	
2624	62976	0	0	0.0579898486021193		30968.4851597645	
2625	63000	0	0.00833333333333333	0.0401495064664026		32466.1492316795	
2626	63024	0	0.00833333333333333	0.0500174919909337		36171.0778326899	
2627	63048	0	0	0.108453023209659		58289.8956055674	
2628	63072	0	0.0666666666666667	0.0639944822852563		113893.240177378	
2629	63096	0	0	0.0505374479673115		98034.8305577515	
2630	63120	0	0.00833333333333333	0.0289265857211651		40090.7171475631	
2631	63144	0	0.00833333333333333	0.0202798954819654		89851.8371419574	
2632	63168	0	0	0.0120062359853135		97640.0746002835	
2633	63192	0	0	0.0216076630912418		50272.8306186944	
2634	63216	0	0	0.040786952701966		42993.4407933681	
2635	63240	0	0	0.0136530427590227		27347.29289132	
2636	63264	0	0	0.0161074522007869		11210.8438838674	
2637	63288	0	0.0666666666666667	0.00870098232519645		73892.8604027647	
2638	63312	0	0	0.00440509357651031		70581.2063360612	
2639	63336	0	0	0.000178324187285028		-925.018622827807	
2640	63360	0	0	0		34764.8162330196	
2641	63384	0	0	0		52315.5638826823	
2642	63408	0	0	0.000193826131598129		17592.6740152251	
2643	63432	0	0	0		1011.07296774254	
2644	63456	0	0	0		1.83349619063775	
2645	63480	0	0	0		23.1929872326846	
2646	63504	0	0	0		46.7648917852468	
2647	63528	0	0	0		41.0757018443595	
2648	63552	0	0	0		0	
2649	63576	0	0	0		0	
2650	63600	0	0	0		0	
2651	63624	0	0	0		0	
2652	63648	0	0	0		0	
2653	63672	0	0	0		0	
2654	63696	0	0	0		0	
2655	63720	0	0	0		0	
2656	63744	0	0	0		0	
2657	63768	0	0	0		0	
2658	63792	0	0	0		0	
2659	63816	0	0	0		0	
2660	63840	0	0	0		0	
2661	63864	0	0	0		0	
2662	63888	0	0	0		0	
2663	63912	0	0	0		0	
2664	63936	0	0				
2665	63960	0	0	0			
2666	63984	0	0	0			
2667	64008	0	0	0			
2668	64032	0	0	0			
2669	64056	0	0	0			
2670	64080	0	0	0		0	
2671	64104	0	0	0		0	
2672	64128	0	0	0		0	
2673	64152	0	0	0		0	
2674	64176	0	0	0		0	
2675	64200	0	0	0		0	
2676	64224	0	0	0		0	
2677	64248	0	0	0		0	
2678	64272	0	0	0		0	
2679	64296	0	0	0		0	
2680	64320	0	0	0		0	
2681	64344	0	0	0		0	
2682	64368	0	0	0		0	
2683	64392	0	0	0		0	
2684	64416	0	0	0		0	
2685	64440	0	0	0		0	
2686	64464	0	0	0		0	
2687	64488	0	0	0		0	
2688	64512	0	0	0		0	
2689	64536	0	0	0		0	
2690	64560	0	0	0		0	
2691	64584	0	0	0		0	
2692	64608	0	0	0		0	
2693	64632	0	0	0		0	
2694	64656	0	0	0		0	
2695	64680	0	0	0		0	
2696	64704	0	0	0		0	
2697	64728	0	0	0		0	
2698	64752	0	0	0		0	
2699	64776	0	0	0		0	
2700	64800	0	0	0		0	
2701	64824	0	0	0		0	
2702	64848	0	0	0		0	
2703	64872	0	0	0		0	
2704	64896	0	0	0		0	
2705	64920	0	0	0		0	
2706	64944	0	0	0		0	
2707	64968	0	0	0		0	
2708	64992	0	0	0		0	
2709	65016	0	0	0		0	
2710	65040	0	0	0		0	
2711	65064	0	0	0		0	
2712	65088	0	0	0		0	
2713	65112	0	0	0		0	
2714	65136	0	0	0		0	
2715	65160	0	0	0		0	
2716	65184	0	0	0		0	
2717	65208	0	0	0		0	
2718	65232	0	0	0		0	
2719	65256	0	0	0		0	
2720	65280	0	0	0		0	
2721	65304	0	0	0		0	
2722	65328	0	0	0		0	
2723	65352	0	0	0		0	
2724	65376	0	0	0		0	
2725	65400	0	0	0		0	
2726	65424	0	0	0		0	
2727	65448	0	0	0		0	
2728	65472	0	0	0		0	
2729	65496	0	0	0		0	
2730	65520	0	0	0		0	
2731	65544	0	0	0		0	
2732	65568	0	0	0		0	
2733	65592	0	0	0		0	
2734	65616	0	0	0		0	
2735	65640	0	0	0		0	
2736	65664	0	0	0		0	
2737	65688	0	0	0		0	
2738	65712	0	0	0		0	
2739	65736	0	0	0		0	
2740	65760	0	0	0		0	
2741	65784	0	0	0		0	
2742	65808	0	0	0		0	
2743	65832	0	0	0		0	
2744	65856	0	0	0		0	
2745	65880	0	0	0		0	
2746	65904	0	0	0		0	
2747	65928	0	0	0		0	
2748	65952	0	0	0		0	
2749	65976	0	0	0		0	
2750	66000	0	0	0		0	
2751	66024	0	0	0		0	
2752	66048	0	0	0		0	
2753	66072	0	0	0		0	
2754	66096	0	0	0		0	
2755	66120	0	0	0		0	
2756	66144	0	0	0		0	
2757	66168	0	0	0		0	
2758	66192	0	0	0		0	
2759	66216	0	0	0		0	
2760	66240	0	0	0		0	
2761	66264	0	0	0		0	
2762	66288	0	0	0		0	
2763	66312	0	0	0		0	
2764	66336	0	0	0		0	
2765	66360	0	0	0		0	
2766	66384	0	0	0		0	
2767	66408	0	0	0		0	
2768	66432	0	0	0		0	
2769	66456	0	0	0		0	
2770	66480	0	0	0		0	
2771	66504	0	0	0		0	
2772	66528	0	0	0		0	
2773	66552	0	0	0		0	
2774	66576	0	0	0		0	
2775	66600	0	0	0		0	
2776	66624	0	0	0		0	
2777	66648	0	0	0		0	
2778	66672	0	0	0		0	
2779	66696	0	0	0		0	
2780	66720	0	0	0		0	
2781	66744	0	0	0		0	
2782	66768	0	0	0		0	
2783	66792	0	0	0		0	
2784	66816	0	0	0		0	
2785	66840	0	0	0		0	
2786	66864	0	0	0		0	
2787	66888	0	0	0		0	
2788	66912	0	0	0		0	
2789	66936	0	0	0		0	
2790	66960	0	0	0		0	
2791	66984	0	0	0		0	
2792	67008	0	0	0		0	
2793	67032	0	0	0		0	
2794	67056	0	0	0		0	
2795	67080	0	0	0		0	
2796	67104	0	0	0		0	
2797	67128	0	0	0		0	
2798	67152	0	0	0		0	
2799	67176	0	0	0		0	
2800	67200	0	0	0		0	
2801	67224	0	0	0		0	
2802	67248	0	0	0		0	
2803	67272	0	0	0		0	
2804	67296	0	0	0		0	
2805	67320	0	0	0		0	
2806	67344	0	0	0		0	
2807	67368	0	0	0		0	
2808	67392	0	0	0		0	
2809	67416	0	0	0		0	
2810	67440	0	0	0		0	
2811	67464	0	0	0		0	
2812	67488	0	0	0		0	
2813	67512	0	0	0		0	
2814	67536	0	0	0		0	
2815	67560	0	0	0		0	
2816	67584	0	0	0		0	
2817	67608	0	0	0		0	
2818	67632	0	0	0		0	
2819	67656	0	0	0		0	
2820	67680	0	0	0		0	
2821	67704	0	0	0		0	
2822	67728	0	0	0		0	
2823	67752	0	0	0		0	
2824	67776	0	0	0		0	
2825	67800	0	0	0		0	
2826	67824	0	0	0		0	
2827	67848	0	0	0		0	
2828	67872	0	0	0		0	
2829	67896	0	0	0		0	
2830	67920	0	0	0		0	
2831	67944	0	0	0		0	
2832	67968	0	0	0		0	
2833	67992	0	0	0		0	
2834	68016	0	0	0		0	
2835	68040	0	0	0		0	
2836	68064	0	0	0		0	
2837	68088	0	0	0		0	
2838	68112	0	0	0		0	
2839	68136	0	0	0		0	
2840	68160	0	0	0		0	
2841	68184	0	0	0		0	
2842	68208	0	0	0		0	
2843	68232	0	0	0		0	
2844	68256	0	0	0		0	
2845	68280	0	0	0		0	
2846	68304	0	0	0		0	
2847	68328	0	0	0		0	
2848	68352	0	0	0		0	
2849	68376	0	0	0		0	
2850	68400	0	0	0		0	
2851	68424	0	0	0		0	
2852	68448	0	0	0		0	
2853	68472	0	0	0		0	
2854	68496	0	0	0		0	
2855	68520	0	0	0		0	
2856	68544	0	0	0		0	
2857	68568	0	0	0		0	
2858	68592	0	0	0		0	
2859	68616	0	0	0		0	
2860	68640	0	0	0		0	
2861	68664	0	0	0		0	
2862	68688	0	0	0		0	
2863	68712	0	0	0		0	
2864	68736	0	0	0		0	
2865	68760	0	0	0		0	
2866	68784	0	0	0		0	
2867	68808	0	0	0		0	
2868	68832	0	0	0		0	
2869	68856	0	0	0		0	
2870	68880	0	0	0		0	
2871	68904	0	0	0		0	
2872	68928	0	0	0		0	
2873	68952	0	0	0		0	
2874	68976	0	0	0		0	
2875	69000	0	0	0		0	
2876	69024	0	0	0		0	
2877	69048	0	0	0		0	
2878	69072	0	0	0		0	
2879	69096	0	0	0		0	
2880	69120	0	0	0		0	
2881	69144	0	0	0		0	
2882	69168	0	0	0		0	
2883	69192	0	0.00833333333333333	0		7294.80597870718	
2884	69216	0	0	0		6833.73926297163	
2885	69240	0	0	0		-1751.62044709036	
2886	69264	0	0	0		3466.18313707235	
2887	69288	0	0	0		5788.59170301255	
2888	69312	0	0	0		1825.94473861244	
2889	69336	0	0	0		0	
2890	69360	0	0	0		0	
2891	69384	0	0	0		0	
2892	69408	0	0	0		0	
2893	69432	0	0	0		0	
2894	69456	0	0	0		0	
2895	69480	0	0.0333333333333333	0.265256499053747		107233.808271075	
2896	69504	0	0	0.219545599681193		139179.233248876	
2897	69528	0	0	0		-17114.908257912	
2898	69552	0	0	0		4876.69413060447	
2899	69576	0	0	0		113423.979168843	
2900	69600	0	0	0		116487.318366494	
2901	69624	0	0	0		46526.1805484686	
2902	69648	0	0	0		0	
2903	69672	0	0.00833333333333333	0		7294.80597870718	
2904	69696	0	0	0.000127966769744858		6871.39486447236	
2905	69720	0	0	0.103791536581636		28812.9482086227	
2906	69744	0	0	0.0197970762177925		27752.6069034202	
2907	69768	0	0	0		-9924.90489483717	
2908	69792	0	0	0		10603.7916346653	
2909	69816	0	0.0166666666666667	0		42027.6544621011	
2910	69840	0	0	0		40439.5050571412	
2911	69864	0	0	0		692.162446985461	
2912	69888	0	0	0		6932.36627414471	
2913	69912	0	0	0.147096408455939		54861.8873182132	
2914	69936	0	0	0.368669714957464		138333.92950524	
2915	69960	0	0	0.399294166408317		155866.398352098	
2916	69984	0	0	0.115967687559284		54445.4743332218	
2917	70008	0	0	0.0959640045500885		54422.6844309895	
2918	70032	0	0	0.0736919413717151		185163.471531667	
2919	70056	0	0.025	0.0861555483386702		230902.078484973	
2920	70080	0	0	0.0873878864364219		171970.407646504	
2921	70104	0	0	0.0445310489234414		63976.5388145969	
2922	70128	0	0	0.124420875490971		87155.7873536522	
2923	70152	0	0	0.175225192541971		129685.76587919	
2924	70176	0	0	0.0832769575319636		82778.9383988275	
2925	70200	0	0.075	0.021502793415082		98456.908684742	
2926	70224	0	0.0166666666666667	0.140633234539601		166280.354390662	
2927	70248	0	0	0.291765157079845		183423.993913528	
2928	70272	0	0.075	0.139950462482113		220199.336562655	
2929	70296	0	0.15	0.0591905654557001		279719.901307878	
2930	70320	0	0.166666666666667	0.0187999497429368		344660.689339633	
2931	70344	0	0.00833333333333333	0.124031988967446		293097.535777515	
2932	70368	0	0	0.177469626778905		259793.87904699	
2933	70392	0	0	0.0524972886977313		258433.965869784	
2934	70416	0	0	0.134306134391735		199973.906867497	
2935	70440	0	0	0.142057215497907		153434.992213962	
2936	70464	0	0	0.192128982867533		134131.332459045	
2937	70488	0	0	0.197049416324156		132194.139412056	
2938	70512	0	0	0.228060380994668		127088.365670243	
2939	70536	0	0.05	0.2167843962902		197347.797711405	
2940	70560	0	0	0.107418602280871		168950.567394495	
2941	70584	0	0.0416666666666667	0.107783879346773		152143.474836481	
2942	70608	0	0	0.195585377951915		234510.754902888	
2943	70632	0	0.00833333333333333	0.134455683746791		201159.007367637	
2944	70656	0	0.00833333333333333	0.19478305444803		172149.96577297	
2945	70680	0	0	0.209902700428563		177710.767725918	
2946	70704	0	0.00833333333333333	0.081798857165003		129576.913409458	
2947	70728	0	0.00833333333333333	0.152689081865998		141138.657163721	
2948	70752	0	0	0.236420379606697		194890.629724519	
2949	70776	0	0	0.301392096934266		207717.997492334	
2950	70800	0	0	0.273435284841448		182022.485340395	
2951	70824	0	0	0.16782387685239		132248.212118662	
2952	70848	0	0	0.109870547040646		138783.340949909	
2953	70872	0	0	0.10443744230986		174704.629904318	
2954	70896	0	0	0.133554455463741		187442.342113933	
2955	70920	0	0	0.165076978291966		164571.302881885	
2956	70944	0	0	0.200548998031832		138207.891023686	
2957	70968	0	0	0.218260202451466		133780.918767691	
2958	70992	0	0	0.184640362603485		130107.392723583	
2959	71016	0	0	0.173468127588344		135567.248536541	
2960	71040	0	0.0666666666666667	0.120161926490404		199844.921596146	
2961	71064	0	0.0916666666666667	0.140612411976956		282763.65095926	
2962	71088	0	0	0.137889229182045		216043.722391397	
2963	71112	0	0	0.188651337129381		157806.871375569	
2964	71136	0	0	0.179380237911245		227817.613752061	
2965	71160	0	0	0.108432686864131		183029.370002466	
2966	71184	0	0	0.11175084987936		124644.632906776	
2967	71208	0	0	0.0695953557509075		116468.111783466	
2968	71232	0	0.125	0.0355499478584758		207779.940493666	
2969	71256	0	0.116666666666667	0.0641286352050372		294472.492471363	
2970	71280	0	0.00833333333333333	0.0425535120281229		152309.854104612	
2971	71304	0	0.00833333333333333	0.0345319595925932		92169.4979665862	
2972	71328	0	0.0416666666666667	0.0253805274344003		213635.286177657	
2973	71352	0	0	0.0138821669527598		174609.853130883	
2974	71376	0	0	0.0174554483481266		56949.4983958175	
2975	71400	0	0	0.029188429421291		54454.4338471323	
2976	71424	0	0	0.0251604697439056		55235.5062100119	
2977	71448	0	0.0166666666666667	0.0417732172211327		45894.4195341315	
2978	71472	0	0	0.0382309554985536		38335.4309290932	
2979	71496	0	0.025	0.0841738866673065		55961.7309600092	
2980	71520	0	0	0.0574082758582826		69479.8467388927	
2981	71544	0	0.00833333333333333	0.040531975375238		40138.3336895255	
2982	71568	0	0.00833333333333333	0.0591569874649327		70303.9684240564	
2983	71592	0	0.00833333333333333	0.0762199158509897		90467.735998279	
2984	71616	0	0	0.0259139515763245		60790.7908602278	
2985	71640	0	0	0.0303236341710296		35925.5187844456	
2986	71664	0	0.025	0.0289231467346713		74052.0777990673	
2987	71688	0	0.05	0.0161633686503162		110193.64658936	
2988	71712	0	0.00833333333333333	0.0143934466852755		72650.1276659336	
2989	71736	0	0.0666666666666667	0.0438005471207088		93803.545638605	
2990	71760	0	0	0.0151599700700107		116011.257023231	
2991	71784	0	0.00833333333333333	0.0280545873549975		51538.6382713411	
2992	71808	0	0.05	0.0230466839023986		116181.244499767	
2993	71832	0	0.15	0.0380058487440778		244207.803207838	
2994	71856	0	0.00833333333333333	0.0408578968487792		168679.079378721	
2995	71880	0	0	0.0557086400910283		31248.3876780033	
2996	71904	0	0	0.0290777099814346		124148.957465668	
2997	71928	0	0	0.0215595944154305		138747.432136778	
2998	71952	0	0	0.0265866068745364		69502.4912714789	
2999	71976	0	0	0.0184525622244784		33570.1469494664	
3000	72000	0	0	0.0258140482072786		27351.4622855206	
3001	72024	0	0.00833333333333333	0.0148281507325869		27377.5239058174	
3002	72048	0	0	0.0273015736585318		25911.0587590495	
3003	72072	0	0	0.0103907205716105		16592.6264272047	
3004	72096	0	0.00833333333333333	0.0210211460269694		25645.4586158653	
3005	72120	0	0	0.0369738152358074		37633.4325455415	
3006	72144	0	0	0.0168819621589194		18700.0148180708	
3007	72168	0	0.025	0.00949674123500266		35100.7359824204	
3008	72192	0	0	0.00181447439836191		37081.3156069603	
3009	72216	0	0	0		10528.1163383259	
3010	72240	0	0	0		23106.966047317	
3011	72264	0	0	0.000407165123949227		23571.6382162924	
3012	72288	0	0	0		8000.68321088189	
3013	72312	0	0	0		308.990129785077	
3014	72336	0	0	0		48.7208584492021	
3015	72360	0	0	0		98.2376978956122	
3016	72384	0	0	0		86.2865759888154	
3017	72408	0	0	0		0	
3018	72432	0	0	0		0	
3019	72456	0	0	0		0	
3020	72480	0	0	0		0	
3021	72504	0	0	0		0	
3022	72528	0	0	0		0	
3023	72552	0	0	0		0	
3024	72576	0	0	0		0	
3025	72600	0	0	0		0	
3026	72624	0	0	0		0	
3027	72648	0	0	0		0	
3028	72672	0	0	0		0	
3029	72696	0	0				
3030	72720	0	0	0			
3031	72744	0	0	0			
3032	72768	0	0	0			
3033	72792	0	0	0			
3034	72816	0	0	0			
3035	72840	0	0	0		0	
3036	72864	0	0	0		0	
3037	72888	0	0	0		0	
3038	72912	0	0	0		0	
3039	72936	0	0	0		0	
3040	72960	0	0	0		0	
3041	72984	0	0	0		0	
3042	73008	0	0	0		0	
3043	73032	0	0	0		0	
3044	73056	0	0	0		0	
3045	73080	0	0	0		0	
3046	73104	0	0	0		0	
3047	73128	0	0	0		0	
3048	73152	0	0	0		0	
3049	73176	0	0	0		0	
3050	73200	0	0	0		0	
3051	73224	0	0	0		0	
3052	73248	0	0	0		0	
3053	73272	0	0	0		0	
3054	73296	0	0	0		0	
3055	73320	0	0	0		0	
3056	73344	0	0	0		0	
3057	73368	0	0	0		0	
3058	73392	0	0	0		0	
3059	73416	0	0	0		0	
3060	73440	0	0	0		0	
3061	73464	0	0	0		0	
3062	73488	0	0	0		0	
3063	73512	0	0	0		0	
3064	73536	0	0	0		0	
3065	73560	0	0	0		0	
3066	73584	0	0	0		0	
3067	73608	0	0	0		0	
3068	73632	0	0	0		0	
3069	73656	0	0	0		0	
3070	73680	0	0	0		0	
3071	73704	0	0	0		0	
3072	73728	0	0	0		0	
3073	73752	0	0	0		0	
3074	73776	0	0	0		0	
3075	73800	0	0	0		0	
3076	73824	0	0	0		0	
3077	73848	0	0	0		0	
3078	73872	0	0	0		0	
3079	73896	0	0	0		0	
3080	73920	0	0	0		0	
3081	73944	0	0	0		0	
3082	73968	0	0	0		0	
3083	73992	0	0	0		0	
3084	74016	0	0	0		0	
3085	74040	0	0	0		0	
3086	74064	0	0	0		0	
3087	74088	0	0	0		0	
3088	74112	0	0	0		0	
3089	74136	0	0	0		0	
3090	74160	0	0	0		0	
3091	74184	0	0	0		0	
3092	74208	0	0	0		0	
3093	74232	0	0	0		0	
3094	74256	0	0	0		0	
3095	74280	0	0	0		0	
3096	74304	0	0	0		0	
3097	74328	0	0	0		0	
3098	74352	0	0	0		0	
3099	74376	0	0	0		0	
3100	74400	0	0	0		0	
3101	74424	0	0	0		0	
3102	74448	0	0	0		0	
3103	74472	0	0	0		0	
3104	74496	0	0	0		0	
3105	74520	0	0	0		0	
3106	74544	0	0	0		0	
3107	74568	0	0	0		0	
3108	74592	0	0	0		0	
3109	74616	0	0	0		0	
3110	74640	0	0	0		0	
3111	74664	0	0	0		0	
3112	74688	0	0	0		0	
3113	74712	0	0	0		0	
3114	74736	0	0	0		0	
3115	74760	0	0	0		0	
3116	74784	0	0	0		0	
3117	74808	0	0	0		0	
3118	74832	0	0	0		0	
3119	74856	0	0	0		0	
3120	74880	0	0	0		0	
3121	74904	0	0	0		0	
3122	74928	0	0	0		0	
3123	74952	0	0	0		0	
3124	74976	0	0	0		0	
3125	75000	0	0	0		0	
3126	75024	0	0	0		0	
3127	75048	0	0	0		0	
3128	75072	0	0	0		0	
3129	75096	0	0	0		0	
3130	75120	0	0	0		0	
3131	75144	0	0	0		0	
3132	75168	0	0	0		0	
3133	75192	0	0	0		0	
3134	75216	0	0	0		0	
3135	75240	0	0	0		0	
3136	75264	0	0	0		0	
3137	75288	0	0	0		0	
3138	75312	0	0	0		0	
3139	75336	0	0	0		0	
3140	75360	0	0	0		0	
3141	75384	0	0	0		0	
3142	75408	0	0	0		0	
3143	75432	0	0	0		0	
3144	75456	0	0	0		0	
3145	75480	0	0	0		0	
3146	75504	0	0	0		0	
3147	75528	0	0	0		0	
3148	75552	0	0	0		0	
3149	75576	0	0	0		0	
3150	75600	0	0	0		0	
3151	75624	0	0	0		0	
3152	75648	0	0	0		0	
3153	75672	0	0	0		0	
3154	75696	0	0	0		0	
3155	75720	0	0	0		0	
3156	75744	0	0	0		0	
3157	75768	0	0	0		0	
3158	75792	0	0	0		0	
3159	75816	0	0	0		0	
3160	75840	0	0	0		0	
3161	75864	0	0	0		0	
3162	75888	0	0	0		0	
3163	75912	0	0	0		0	
3164	75936	0	0	0		0	
3165	75960	0	0	0		0	
3166	75984	0	0	0		0	
3167	76008	0	0	0		0	
3168	76032	0	0	0		0	
3169	76056	0	0	0		0	
3170	76080	0	0	0		0	
3171	76104	0	0	0		0	
3172	76128	0	0	0		0	
3173	76152	0	0	0		0	
3174	76176	0	0	0		0	
3175	76200	0	0	0		0	
3176	76224	0	0	0		0	
3177	76248	0	0	0		0	
3178	76272	0	0	0		0	
3179	76296	0	0	0		0	
3180	76320	0	0	0		0	
3181	76344	0	0	0		0	
3182	76368	0	0	0		0	
3183	76392	0	0	0		0	
3184	76416	0	0	0		0	
3185	76440	0	0	0		0	
3186	76464	0	0	0		0	
3187	76488	0	0	0		0	
3188	76512	0	0	0		0	
3189	76536	0	0	0		0	
3190	76560	0	0	0		0	
3191	76584	0	0	0		0	
3192	76608	0	0	0		0	
3193	76632	0	0	0		0	
3194	76656	0	0	0		0	
3195	76680	0	0	0		0	
3196	76704	0	0	0		0	
3197	76728	0	0	0		0	
3198	76752	0	0	0		0	
3199	76776	0	0	0		0	
3200	76800	0	0	0		0	
3201	76824	0	0	0		0	
3202	76848	0	0	0		0	
3203	76872	0	0	0		0	
3204	76896	0	0	0		0	
3205	76920	0	0	0		0	
3206	76944	0	0	0		0	
3207	76968	0	0	0		0	
3208	76992	0	0	0		0	
3209	77016	0	0	0		0	
3210	77040	0	0	0		0	
3211	77064	0	0	0		0	
3212	77088	0	0	0		0	
3213	77112	0	0	0		0	
3214	77136	0	0	0		0	
3215	77160	0	0	0		0	
3216	77184	0	0	0		0	
3217	77208	0	0	0		0	
3218	77232	0	0	0		0	
3219	77256	0	0	0		0	
3220	77280	0	0	0		0	
3221	77304	0	0	0		0	
3222	77328	0	0	0		0	
3223	77352	0	0	0		0	
3224	77376	0	0	0		0	
3225	77400	0	0	0		0	
3226	77424	0	0	0		0	
3227	77448	0	0	0		0	
3228	77472	0	0	0		0	
3229	77496	0	0	0		0	
3230	77520	0	0	0		0	
3231	77544	0	0	0		0	
3232	77568	0	0	0		0	
3233	77592	0	0	0		0	
3234	77616	0	0	0		0	
3235	77640	0	0	0		0	
3236	77664	0	0	0		0	
3237	77688	0	0	0		0	
3238	77712	0	0	0		0	
3239	77736	0	0	0		0	
3240	77760	0	0	0		0	
3241	77784	0	0	0		0	
3242	77808	0	0	0		0	
3243	77832	0	0	0		0	
3244	77856	0	0	0		0	
3245	77880	0	0	0		0	
3246	77904	0	0	0		0	
3247	77928	0	0	0		0	
3248	77952	0	0	0		0	
3249	77976	0	0	0		0	
3250	78000	0	0	0		0	
3251	78024	0	0	0		0	
3252	78048	0	0	0		0	
3253	78072	0	0	0		0	
3254	78096	0	0	0		0	
3255	78120	0	0.0333333333333333	0		29179.2239148287	
3256	78144	0	0.00833333333333333	0		34629.7630305937	
3257	78168	0	0	0		-172.742525389801	
3258	78192	0	0	0		12113.1121011991	
3259	78216	0	0	0		26620.5499491226	
3260	78240	0	0	0.0848376247273168		38056.7562973413	
3261	78264	0	0	0.139068094271686		57857.3108485112	
3262	78288	0	0	0		9028.82903715201	
3263	78312	0	0	0		-15647.2061408744	
3264	78336	0	0	0		37109.685960821	
3265	78360	0	0	0		51532.1090893361	
3266	78384	0	0	0		29471.3593531894	
3267	78408	0	0	0		0	
3268	78432	0	0	0		0	
3269	78456	0	0	0		0	
3270	78480	0	0	0		0	
3271	78504	0	0	0		0	
3272	78528	0	0	0		0	
3273	78552	0	0	0		0	
3274	78576	0	0	0		0	
3275	78600	0	0	0.0155336127112103		4570.93299523174	
3276	78624	0	0	0.0592632313214933		20205.2894175846	
3277	78648	0	0.258333333333333	0.11150564743249		266623.487889189	
3278	78672	0	0.025	0.109791520614379		276760.876707876	
3279	78696	0	0.025	0.210565879641491		59753.4881669472	
3280	78720	0	0.0416666666666667	0.203312896271015		267065.089050724	
3281	78744	0	0	0.250919192201862		342340.613371773	
3282	78768	0	0	0.0543184308107741		173880.606743581	
3283	78792	0	0.15	0.0960719145571059		261275.507895812	
3284	78816	0	0	0.0478886662725802		302254.639676652	
3285	78840	0	0	0.271013167106231		158181.004469616	
3286	78864	0	0	0.390102938059856	487112.5	294341.488436838	192771.011563162
3287	78888	0	0	0.451578179068379	405562.5	296696.273887294	108866.226112706
3288	78912	0	0.025	0.130063487142843	374237.5	165421.624761006	208815.875238994
3289	78936	0.915955859395821	0.0166666666666667	0.108236439648628	380712.5	128546.835779329	252165.664220671
3290	78960	0.99704244748348	0.00833333333333333	0.053154385807336	308437.5	232086.174985918	76351.3250140817
3291	78984	0.994044291218662	0	0.0698049257443185	298200	230844.5724492	67355.4275507997
3292	79008	0.992232757802392	0	0.0906431140181554	326987.5	191821.082763642	135166.417236358
3293	79032	0.983410578696092	0.00833333333333333	0.160669496986159	321562.5	138326.055681677	183236.444318323
3294	79056	0.992866318967002	0	0.142358197939306	262850	114078.537200162	148771.462799838
3295	79080	0.985396680037879	0	0.172096430554157	247800	85215.3624303359	162584.637569664
3296	79104	0.991039338619453	0	0.200628476102688	281137.5	122631.783416313	158505.716583687
3297	79128	0.999210973985597	0	0.335645791586129	301175	183369.450891594	117805.549108406
3298	79152	0.999990893098499	0	0.382378282931341	319900	225891.543922687	94008.4560773127
3299	79176	0.987636570192197	0	0.181059174502288	150150	154809.346663172	-4659.34666317233
3300	79200	0.947356868005092	0.025	0.088193601606152	0	134186.027365247	-134186.027365247
3301	79224	0.839699070061137	0	0.127820244527864	0	209486.067401552	-209486.067401552
3302	79248	0.81676165964169	0	0.0927029926194728	0	213479.875018598	-213479.875018598
3303	79272	0.895362889770896	0	0.109113658693153	0	170575.567398909	-170575.567398909
3304	79296	0.92166741883502	0	0.108193411628936	0	126381.466372574	-126381.466372574
3305	79320	0.926370825855488	0	0.1496024670522	0	109148.948296363	-109148.948296363
3306	79344	0.867799401715632	0.133333333333333	0.136583659949193	0	225991.058925509	-225991.058925509
3307	79368	0.858064897598973	0.00833333333333333	0.216632136474176	0	235870.749360875	-235870.749360875
3308	79392	0.946151742375818	0	0.27818543054882	0	141038.629273624	-141038.629273624
3309	79416	0.868617340905755	0	0.26208048644636	0	215549.445898315	-215549.445898315
3310	79440	0.859430511533064	0	0.220617726788306	0	246650.708118284	-246650.708118284
3311	79464	0.893540529218747	0	0.167782880992951	0	189546.850865953	-189546.850865953
3312	79488	0.865977856889306	0	0.182022496333992	0	188729.41792327	-188729.41792327
3313	79512	0.835187806514374	0	0.226229618087335	0	216446.709044739	-216446.709044739
3314	79536	0.831408108492131	0.0833333333333333	0.140420341111258	0	249636.941098496	-249636.941098496
3315	79560	0.868656005513775	0.05	0.129231505906338	0	242189.110123735	-242189.110123735
3316	79584	0.819612234260056	0.216666666666667	0.124025862931572	0	353156.831203347	-353156.831203347
3317	79608	0.789961974031466	0.00833333333333333	0.105168963562505	0	348145.293796812	-348145.293796812
3318	79632	0.961453200926171	0.00833333333333333	0.169494009970388	0	190152.470341792	-190152.470341792
3319	79656	0.831705781214783	0.0583333333333333	0.0639959056846511	0	304543.504464179	-304543.504464179
3320	79680	0.846995152362559	0.0333333333333333	0.0460421621351346	0	303586.761297469	-303586.761297469
3321	79704	0.929594625182722	0.0416666666666667	0.0523131910618391	0	191937.953071268	-191937.953071268
3322	79728	0.883367022793258	0.0666666666666667	0.0431331710939871	0	201705.523916705	-201705.523916705
3323	79752	0.901076050350161	0.0583333333333333	0.0359516941852611	0	218611.517916524	-218611.517916524
3324	79776	0.941576808742927	0.00833333333333333	0.111778275028176	0	156608.415421814	-156608.415421814
3325	79800	0.540861983450347	0.341666666666667	0.0613084866526634	1038537.5	416454.174944222	622083.325055778
3326	79824	0.676499364807695	0	0.0904421351508038	878762.5	400724.502510893	478037.997489107
3327	79848	0.998729680377686	0.0166666666666667	0.126334986549015	0	74466.4461051187	-74466.4461051187
3328	79872	0.862826924442049	0.00833333333333333	0.0985704032704166	0	258296.837948439	-258296.837948439
3329	79896	0.827718038710009	0.00833333333333333	0.0929403593983764	0	320552.717971513	-320552.717971513
3330	79920	0.947786734164384	0	0.0375168645539965	0	146114.909059722	-146114.909059722
3331	79944	0.945128729330414	0	0.078641985949977	0	87315.4802796433	-87315.4802796433
3332	79968	0.929138202812929	0	0.0595623507873135	0	99155.7767749662	-99155.7767749662
3333	79992	0.804206454437639	0.333333333333333	0.0572703975629683	0	360080.132879924	-360080.132879924
3334	80016	0.775032985367141	0.0666666666666667	0.0603339343139382	0	388595.81276136	-388595.81276136
3335	80040	0.997084348777238	0.00833333333333333	0.0377921036351516	0	37193.3019058751	-37193.3019058751
3336	80064	0.520063606837875	0.00833333333333333	0.0351319121589295	873600	182528.236744477	691071.763255523
3337	80088	0.315516709820555	0.00833333333333333	0.0200829434837129	1400087.5	310465.307693596	1089622.1923064
3338	80112	0.353397482687187	0	0.0197474834111819	1158675	161980.835002752	996694.164997248
3339	80136	0.797156139315327	0.00833333333333333	0.0403255813224277	507237.5	67171.0621872791	440066.437812721
3340	80160	0.953594775343204	0.0166666666666667	0.0503188596373256	0	69717.6703850932	-69717.6703850932
3341	80184	0	0.00833333333333333	0.0472891000484648		56874.7353381551	
3342	80208	0	0	0.0558474585877189		37989.3262536597	
3343	80232	0	0	0.0923880557913694		59264.3700989235	
3344	80256	0	0	0.0939819580094508		76962.8378186057	
3345	80280	0	0	0.0284216181329935		46158.1887701661	
3346	80304	0	0	0.0759383559423306		46349.5964757184	
3347	80328	0	0	0.0301843828911501		62505.3684045136	
3348	80352	0	0.175	0.0519265004743126		205414.114185364	
3349	80376	0	0.133333333333333	0.0860846280111609		325065.722576184	
3350	80400	0	0.00833333333333333	0.044800642017881		126688.635662035	
3351	80424	0	0	0.0132010054008056		77080.214171327	
3352	80448	0	0.166666666666667	0.0349700791021004		354720.044598448	
3353	80472	0	0.00833333333333333	0.0228677820200822		326041.108080242	
3354	80496	0	0	0		35022.1511507556	
3355	80520	0	0	0		82019.4251156322	
3356	80544	0	0.075	0.0024804964370091		199592.389257567	
3357	80568	0	0.0166666666666667	0.00304454604765425		132666.639665746	
3358	80592	0	0.0833333333333333	0.00564509927178669		79266.2331391675	
3359	80616	0	0.0583333333333333	0.00989359545082991		150742.111712015	
3360	80640	0	0	0.0233255185681322		97890.9876375306	
3361	80664	0	0.00833333333333333	0.0372394424856068		72918.5643785239	
3362	80688	0	0	0.063104293298716		116699.975819086	
3363	80712	0	0	0.00869014093747112		70289.7483551323	
3364	80736	0	0	0.032351752515801		27789.2037577439	
3365	80760	0	0	0.0272908618812391		39447.7348161489	
3366	80784	0	0	0.000241396528949167		24912.6587252717	
3367	80808	0	0	0.000724153793349558		14534.2496715159	
3368	80832	0	0	8.25755313336172e-05		13021.2760155707	
3369	80856	0	0.0166666666666667	0		27939.3902289084	
3370	80880	0	0	0		19580.5424548894	
3371	80904	0	0	0		-3267.48486635087	
3372	80928	0	0.00833333333333333	0		14400.5583737785	
3373	80952	0	0.00833333333333333	0		25723.2280832895	
3374	80976	0	0	6.35193503484287e-06		8735.87741846508	
3375	81000	0	0	0		1715.69393211814	
3376	81024	0	0	0		9253.5964813924	
3377	81048	0	0	0		7615.29650605465	
3378	81072	0	0	0		1827.47728508635	
3379	81096	0	0	0		1.34610430221507	
3380	81120	0	0	0		0	
3381	81144	0	0	0		0	
3382	81168	0	0.00833333333333333	0		7294.80597870718	
3383	81192	0	0	0		6833.73926297163	
3384	81216	0	0.00833333333333333	0		5543.18553161682	
3385	81240	0	0	0		10299.922400044	
3386	81264	0	0	0.000806662179812179		4274.34029828593	
3387	81288	0	0	0.00130830253730707		5820.77177374965	
3388	81312	0	0	6.35055590869625e-06		5873.81605553726	
3389	81336	0	0.00833333333333333	6.35055178044296e-06		8977.5690822992	
3390	81360	0	0	0		7184.86726851833	
3391	81384	0	0	0		-1265.43325250287	
3392	81408	0	0	0		3745.73118265373	
3393	81432	0	0	0		5791.4697277827	
3394	81456	0	0	0		1827.2905497749	
3395	81480	0	0				
3396	81504	0	0	0			
3397	81528	0	0	0			
3398	81552	0	0	0			
3399	81576	0	0	0			
3400	81600	0	0	0			
3401	81624	0	0	0		0	
3402	81648	0	0	0		0	
3403	81672	0	0	0		0	
3404	81696	0	0	0		0	
3405	81720	0	0	0		0	
3406	81744	0	0	0		0	
3407	81768	0	0	0		0	
3408	81792	0	0	0		0	
3409	81816	0	0	0		0	
3410	81840	0	0	0		0	
3411	81864	0	0	0		0	
3412	81888	0	0	0		0	
3413	81912	0	0	0		0	
3414	81936	0	0	0		0	
3415	81960	0	0	0		0	
3416	81984	0	0	0		0	
3417	82008	0	0	0		0	
3418	82032	0	0	0		0	
3419	82056	0	0	0		0	
3420	82080	0	0	0		0	
3421	82104	0	0	0		0	
3422	82128	0	0	0		0	
3423	82152	0	0	0		0	
3424	82176	0	0	0		0	
3425	82200	0	0	0		0	
3426	82224	0	0	0		0	
3427	82248	0	0	0		0	
3428	82272	0	0	0		0	
3429	82296	0	0	0		0	
3430	82320	0	0	0		0	
3431	82344	0	0	0		0	
3432	82368	0	0	0		0	
3433	82392	0	0	0		0	
3434	82416	0	0	0		0	
3435	82440	0	0	0		0	
3436	82464	0	0	0		0	
3437	82488	0	0	0		0	
3438	82512	0	0	0		0	
3439	82536	0	0	0		0	
3440	82560	0	0	0		0	
3441	82584	0	0	0		0	
3442	82608	0	0	0		0	
3443	82632	0	0	0		0	
3444	82656	0	0	0		0	
3445	82680	0	0	0		0	
3446	82704	0	0	0		0	
3447	82728	0	0	0		0	
3448	82752	0	0	0		0	
3449	82776	0	0	0		0	
3450	82800	0	0	0		0	
3451	82824	0	0	0		0	
3452	82848	0	0	0		0	
3453	82872	0	0	0		0	
3454	82896	0	0	0		0	
3455	82920	0	0	0		0	
3456	82944	0	0	0		0	
3457	82968	0	0	0		0	
3458	82992	0	0	0		0	
3459	83016	0	0	0		0	
3460	83040	0	0	0		0	
3461	83064	0	0	0		0	
3462	83088	0	0	0		0	
3463	83112	0	0	0		0	
3464	83136	0	0	0		0	
3465	83160	0	0	0		0	
3466	83184	0	0	0		0	
3467	83208	0	0	0		0	
3468	83232	0	0	0		0	
3469	83256	0	0	0		0	
3470	83280	0	0	0		0	
3471	83304	0	0	0		0	
3472	83328	0	0	0		0	
3473	83352	0	0	0		0	
3474	83376	0	0	0		0	
3475	83400	0	0	0		0	
3476	83424	0	0	0		0	
3477	83448	0	0	0		0	
3478	83472	0	0	0		0	
3479	83496	0	0	0		0	
3480	83520	0	0	0		0	
3481	83544	0	0	0		0	
3482	83568	0	0	0		0	
3483	83592	0	0	0		0	
3484	83616	0	0	0		0	
3485	83640	0	0	0		0	
3486	83664	0	0	0		0	
3487	83688	0	0	0		0	
3488	83712	0	0	0		0	
3489	83736	0	0	0		0	
3490	83760	0	0	0		0	
3491	83784	0	0	0		0	
3492	83808	0	0	0		0	
3493	83832	0	0	0		0	
3494	83856	0	0	0		0	
3495	83880	0	0	0		0	
3496	83904	0	0	0		0	
3497	83928	0	0	0		0	
3498	83952	0	0	0		0	
3499	83976	0	0	0		0	
3500	84000	0	0	0		0	
3501	84024	0	0	0		0	
3502	84048	0	0	0		0	
3503	84072	0	0	0		0	
3504	84096	0	0	0		0	
3505	84120	0	0	0		0	
3506	84144	0	0	0		0	
3507	84168	0	0	0		0	
3508	84192	0	0	0		0	
3509	84216	0	0	0		0	
3510	84240	0	0	0		0	
3511	84264	0	0	0		0	
3512	84288	0	0	0		0	
3513	84312	0	0	0		0	
3514	84336	0	0	0		0	
3515	84360	0	0	0		0	
3516	84384	0	0	0		0	
3517	84408	0	0	0		0	
3518	84432	0	0	0		0	
3519	84456	0	0	0		0	
3520	84480	0	0	0		0	
3521	84504	0	0	0		0	
3522	84528	0	0	0		0	
3523	84552	0	0	0		0	
3524	84576	0	0	0		0	
3525	84600	0	0	0		0	
3526	84624	0	0	0		0	
3527	84648	0	0	0		0	
3528	84672	0	0	0		0	
3529	84696	0	0	0		0	
3530	84720	0	0	0		0	
3531	84744	0	0	0		0	
3532	84768	0	0	0		0	
3533	84792	0	0	0		0	
3534	84816	0	0	0		0	
3535	84840	0	0	0		0	
3536	84864	0	0	0		0	
3537	84888	0	0	0		0	
3538	84912	0	0	0		0	
3539	84936	0	0	0		0	
3540	84960	0	0	0		0	
3541	84984	0	0	0		0	
3542	85008	0	0	0		0	
3543	85032	0	0	0		0	
3544	85056	0	0	0		0	
3545	85080	0	0	0		0	
3546	85104	0	0	0		0	
3547	85128	0	0	0		0	
3548	85152	0	0	0		0	
3549	85176	0	0	0		0	
3550	85200	0	0	0		0	
3551	85224	0	0	0		0	
3552	85248	0	0	0		0	
3553	85272	0	0	0		0	
3554	85296	0	0	0		0	
3555	85320	0	0	0		0	
3556	85344	0	0	0		0	
3557	85368	0	0	0		0	
3558	85392	0	0	0		0	
3559	85416	0	0	0		0	
3560	85440	0	0	0		0	
3561	85464	0	0	0		0	
3562	85488	0	0	0		0	
3563	85512	0	0	0		0	
3564	85536	0	0	0		0	
3565	85560	0	0	0		0	
3566	85584	0	0	0		0	
3567	85608	0	0	0		0	
3568	85632	0	0	0		0	
3569	85656	0	0	0		0	
3570	85680	0	0	0		0	
3571	85704	0	0	0		0	
3572	85728	0	0	0		0	
3573	85752	0	0	0		0	
3574	85776	0	0	0		0	
3575	85800	0	0	0		0	
3576	85824	0	0	0		0	
3577	85848	0	0	0		0	
3578	85872	0	0	0		0	
3579	85896	0	0	0		0	
3580	85920	0	0	0		0	
3581	85944	0	0	0		0	
3582	85968	0	0	0		0	
3583	85992	0	0	0		0	
3584	86016	0	0	0		0	
3585	86040	0	0	0		0	
3586	86064	0	0	0		0	
3587	86088	0	0	0		0	
3588	86112	0	0	0		0	
3589	86136	0	0	0		0	
3590	86160	0	0	0		0	
3591	86184	0	0	0		0	
3592	86208	0	0	0		0	
3593	86232	0	0	0		0	
3594	86256	0	0	0		0	
3595	86280	0	0	0		0	
3596	86304	0	0	0		0	
3597	86328	0	0	0		0	
3598	86352	0	0	0		0	
3599	86376	0	0	0		0	
3600	86400	0	0	0		0	
3601	86424	0	0	0		0	
3602	86448	0	0	0		0	
3603	86472	0	0	0		0	
3604	86496	0	0	0		0	
3605	86520	0	0	0		0	
3606	86544	0	0	0		0	
3607	86568	0	0	0		0	
3608	86592	0	0	0		0	
3609	86616	0	0	0		0	
3610	86640	0	0	0		0	
3611	86664	0	0	0		0	
3612	86688	0	0	0		0	
3613	86712	0	0	0		0	
3614	86736	0	0	0		0	
3615	86760	0	0	0		0	
3616	86784	0	0	0		0	
3617	86808	0	0.00833333333333333	0		7294.80597870718	
3618	86832	0	0	0		6833.73926297163	
3619	86856	0	0	0		-1751.62044709036	
3620	86880	0	0	0		3466.18313707235	
3621	86904	0	0	0		5788.59170301255	
3622	86928	0	0	0		1825.94473861244	
3623	86952	0	0.00833333333333333	0		7294.80597870718	
3624	86976	0	0.0166666666666667	0		21423.351220386	
3625	87000	0	0.0166666666666667	0		26505.4700362673	
3626	87024	0	0	0		13630.4207688349	
3627	87048	0	0	0		9217.71708297655	
3628	87072	0	0.00833333333333333	0.334933601312498		126188.123224257	
3629	87096	0	0.00833333333333333	0.180872998181588		142231.145062857	
3630	87120	0	0	0.0766969789725759		1381.21027517851	
3631	87144	0	0	0		21897.4991705063	
3632	87168	0	0	0		97479.8412098968	
3633	87192	0	0	0		131410.903774856	
3634	87216	0	0	0.0239169551513118		65699.2984247806	
3635	87240	0	0	0.104398065901482		51233.3755638331	
3636	87264	0	0	0		14155.8026941313	
3637	87288	0	0	0		-16505.1973901951	
3638	87312	0	0	0		18262.6398198616	
3639	87336	0	0	0		30256.8592012733	
3640	87360	0	0	0.00813156009905491		24516.8739899719	
3641	87384	0	0	0		1448.1828554931	
3642	87408	0	0	0		-1508.50008285832	
3643	87432	0	0	0		973.012090806277	
3644	87456	0	0	0		1961.92084597743	
3645	87480	0	0	0		1723.24307049986	
3646	87504	0	0	0		0	
3647	87528	0	0	0		0	
3648	87552	0	0	0		0	
3649	87576	0	0	0		0	
3650	87600	0	0	0		0	
3651	87624	0	0	0.0257611301612796		7580.49025927322	
3652	87648	0	0	0.0660075888255808		24011.349806375	
3653	87672	0	0.0166666666666667	0.061291384914939		39601.8318695538	
3654	87696	0	0.00833333333333333	0.0451335349650046		35996.3070592463	
3655	87720	0	0	0.0713386096475191		35104.2292268007	
3656	87744	0	0	0.0330706437428482		47963.487219563	
3657	87768	0	0	0.0558120189530564		58299.0804277171	
3658	87792	0	0	0.187148098115369		100730.278123495	
3659	87816	0	0	0.248006598188136		128514.6867178	
3660	87840	0	0	0.352630656733501		142991.239951171	
3661	87864	0	0	0.131052043032957	494391.041666666	98224.9159182262	396166.12574844
3662	87888	0	0.0416666666666667	0.171749266656145	415937.083333333	131593.084192262	284343.99914107
3663	87912	0	0.00833333333333333	0.241780330163154	341694.0625	260578.771664547	81115.2908354532
3664	87936	0.993970200928343	0.00833333333333333	0.254637495276342	296450	244817.613356442	51632.3866435579
3665	87960	0.993240943021906	0.025	0.12910352849246	310699.375	209684.044494727	101015.330505274
3666	87984	0.976503736052997	0	0.095853245828819	316887.8125	153260.988940466	163626.823559534
3667	88008	0.995925527981373	0	0.242570106874645	334967.5	202830.857185424	132136.642814576
3668	88032	0.996103917258754	0	0.248846545295064	325014.375	244780.793443483	80233.5815565171
3669	88056	0.997253421135944	0	0.279927693947989	296878.75	197463.612835563	99415.1371644373
3670	88080	0.997155622207308	0	0.248407741515854	267373.75	161776.032366726	105597.717633274
3671	88104	0.999869665778562	0	0.313944123335756	277305	193306.893768342	83998.1062316583
3672	88128	0.992901203677261	0	0.371701420936045	300912.5	264147.316505044	36765.1834949565
3673	88152	0.989691619674014	0	0.33574132072528	276686.59375	256751.62360699	19934.9701430099
3674	88176	0.999593569967446	0.0166666666666667	0.200273801562634	267573.03125	221183.351508524	46389.6797414757
3675	88200	0.999866818801791	0.0333333333333333	0.195991885753619	300610.625	246769.062063645	53841.562936355
3676	88224	0.997267306005103	0.00833333333333333	0.17165790703593	338651.25	275777.37509069	62873.8749093105
3677	88248	0.996436281706711	0	0.114502930757274	345804.375	218406.514219514	127397.860780486
3678	88272	0.992031291616658	0	0.127041480113216	323817.8125	192544.44858763	131273.36391237
3679	88296	0.997026159816219	0	0.0564825244473912	294155.3125	158546.616415944	135608.696084056
3680	88320	0.989419368177748	0.00833333333333333	0.0766884681954174	280560	126097.354981345	154462.645018655
3681	88344	0.985373584169914	0.00833333333333333	0.0789806581133536	128590	121580.810190679	7009.18980932111
3682	88368	0.916450297505121	0.0583333333333333	0.0680576563389259	0	137687.563535114	-137687.563535114
3683	88392	0.939551598081068	0	0.0629616047042517	0	115273.486058823	-115273.486058823
3684	88416	0.975554584153281	0	0.0435199355858806	0	48310.5661333304	-48310.5661333304
3685	88440	0.946694919709993	0	0.061229426487488	0	89417.152835589	-89417.152835589
3686	88464	0.93120236228547	0	0.0733471058012274	0	107452.349098004	-107452.349098004
3687	88488	0.940050300061046	0	0.163232668262655	0	97339.7313995587	-97339.7313995587
3688	88512	0.938062208147	0.00833333333333333	0.115763365647583	0	87993.0864418394	-87993.0864418394
3689	88536	0.939141943689241	0.0833333333333333	0.104612505908593	0	133672.698373845	-133672.698373845
3690	88560	0.928780248645853	0	0.0638308872847544	0	132728.706887992	-132728.706887992
3691	88584	0.967023470446319	0.025	0.0330079786072686	0	78287.778499486	-78287.778499486
3692	88608	0.850491837673292	0.141666666666667	0.0533568990398718	0	269741.956409978	-269741.956409978
3693	88632	0.853729375386683	0	0.0560805163675155	0	247922.688339674	-247922.688339674
3694	88656	0.991009869042782	0.00833333333333333	0.0617948234160632	0	65968.1659491618	-65968.1659491618
3695	88680	0.938174612538745	0	0.0465029129568997	0	125285.90466044	-125285.90466044
3696	88704	0.904431667219504	0.0583333333333333	0.0423110221656717	0	189043.747662678	-189043.747662678
3697	88728	0.931055104276162	0.00833333333333333	0.0715685756021199	0	141838.937100417	-141838.937100417
3698	88752	0.963059626858142	0.00833333333333333	0.0970315262440043	0	73463.5806881119	-73463.5806881119
3699	88776	0.952012740582518	0.00833333333333333	0.0558558436942693	0	88284.5967180351	-88284.5967180351
3700	88800	0.950935312614777	0	0.0990272926998878	0	98782.5973469781	-98782.5973469781
3701	88824	0.936753897497827	0	0.12126940146819	0	101088.611859637	-101088.611859637
3702	88848	0.938091814386038	0.00833333333333333	0.0904358089143278	0	93475.3774455422	-93475.3774455422
3703	88872	0.963403585309583	0	0.0427377031841951	0	66522.3950508306	-66522.3950508306
3704	88896	0.960155582441249	0	0.0622199202151519	0	59458.1145761823	-59458.1145761823
3705	88920	0.934413497140172	0	0.0522365629575958	0	83056.2974880949	-83056.2974880949
3706	88944	0	0.00833333333333333	0.0137596332402028	0	67525.8700715907	-67525.8700715907
3707	88968	0.955424465604128	0.0416666666666667	0.0349725307353497	0	85106.5422514242	-85106.5422514242
