timestep	time	weight	P.V1	P.V2	Q	Qfitted	Qresidual
6	144	0.982066694103746	0	0.0458397818219734	85575	74591.303965494	10983.6960345061
7	168	0.965737937058385	0.191666666666667	0.0714592648638534	63875	145494.640205124	-81619.6402051237
8	192	0.968203290494018	0	0.0724303102763297	65187.5	70770.9194302321	-5583.41943023207
9	216	0.931446792921197	0.00833333333333333	0.163580291391012	35612.5	134611.69234821	-98999.19234821
10	240	0.962742958451123	0.0166666666666667	0.114419407400027	39812.5	118858.771200901	-79046.2712009008
11	264	0.846838677283047	0	0.315122924133833	81462.5	172646.281718767	-91183.7817187674
12	288	0.859446286548994	0.025	0.245011897968388	100712.5	270818.864587149	-170106.364587149
13	312	0.897943674691149	0.025	0.138971530164841	80587.5	153593.144636573	-73005.6446365733
14	336	0.858879262941352	0.383333333333333	0.153998149679023	45500	310830.752335401	-265330.752335401
15	360	0.823933231663693	0	0.223795743938282	53725	164522.792901045	-110797.792901045
16	384	0	0	0.1854785058633		153766.707937334	
17	408	0	0	0.192964552893678		189249.527421462	
18	432	0	0	0.223520911655388		109873.609992679	
19	456	0	0	0.193061662695786		251530.998264093	
20	480	0	0.0666666666666667	0.12992451221561		210797.461853179	
21	504	0	0	0.257863317443161		271573.11095767	
22	528	0	0	0.407920090351185		409014.870163366	
23	552	0	0	0.276662528659961		292847.839067826	
24	576	0	0	0.264436841823875		259178.731385763	
25	600	0	0	0.348808150325437		444773.421221063	
26	624	0	0	0.355364664993029		444553.668103079	
27	648	0	0	0.354852490837626		401679.972129937	
28	672	0	0	0.341466869233702		418479.978214361	
29	696	0	0	0.229542098134862		356190.784029103	
30	720	0	0	0.257483435558922		368773.295044953	
31	744	0	0	0.222854732260782		355472.085248999	
32	768	0	0	0.272876304455059		342343.310870279	
33	792	0	0	0.276875686732579		340360.036195712	
34	816	0	0	0.152272148303741		237363.971521736	
35	840	0	0.0833333333333333	0.09389598997633		214791.816010287	
36	864	0	0.408333333333333	0.128423001069207		316319.038313708	
37	888	0	0	0.128438456008349		37444.8119388344	
38	912	0	0	0.172876373494661		106206.933989027	
39	936	0	0	0.141494438117416		118440.514718538	
40	960	0	0	0.0970910942088565		-35401.5831655752	
41	984	0	0	0.095145798827092		149757.041487103	
42	1008	0	0	0.08217463792543		144078.628398654	
43	1032	0	0.0166666666666667	0.0831121550221266		125619.909766625	
44	1056	0	0.0916666666666667	0.0295249783237743		91571.1652540954	
45	1080	0	0	0.0246753407869189		22167.294090672	
46	1104	0	0.0833333333333333	0.0290589918303805		70637.1542014976	
47	1128	0	0.00833333333333333	0.0455427917776223		21377.4409059658	
48	1152	0	0	0.0243500489766309		-24046.782612634	
49	1176	0	0	0.0258182925206949		26179.6116519329	
50	1200	0	0.0166666666666667	0.0255571441716072		9600.76382711484	
51	1224	0	0.025	0.0464039348828465		48197.5231891082	
52	1248	0	0.0166666666666667	0.0480881023543152		42375.2318780326	
53	1272	0	0	0.0215648494045997		17324.8240089575	
54	1296	0	0.025	0.0682806401653408		63126.566570784	
55	1320	0	0.0333333333333333	0.105421784456162		95840.0502003297	
56	1344	0	0	0.0993409843941446		67389.5383893732	
57	1368	0	0	0.100146076851752		90640.205927886	
58	1392	0	0	0.0690340450793094		87685.5012321416	
59	1416	0	0	0.0860205518403133		100578.285002269	
60	1440	0	0	0.0555006054917779		96847.3479339188	
61	1464	0	0	0.0526721453861558		78828.7308674562	
62	1488	0	0	0.0783185342129364		100464.57220523	
63	1512	0	0	0.0605269764442848		83085.9832431088	
64	1536	0	0	0.0282989581408959		47141.2145082766	
65	1560	0	0.00833333333333333	0.0414036022126059		66572.8483369445	
66	1584	0	0	0.0109155359347337		43516.3713991734	
67	1608	0	0	0.0212802184403174		32753.7847452125	
68	1632	0	0	0.0564194837324035		62214.4140993897	
69	1656	0	0	0.0119865599702305		20690.7264727984	
70	1680	0	0	0.0055321904261092		7967.94514568093	
71	1704	0	0	0.0196284208731097		37955.4980564621	
72	1728	0	0.00833333333333333	0.00527735633182758		23566.6272223619	
73	1752	0	0	0.00879752682596724		5827.59888600985	
74	1776	0	0	0.0208596657783034		21932.3292276588	
75	1800	0	0	0.00799854294817238		12465.3496441877	
76	1824	0	0.05	0.000585446848626604		12486.1413271498	
77	1848	0	0.00833333333333333	0		-8303.84728323792	
78	1872	0	0.0416666666666667	0.0135998463987761		15349.3321673726	
79	1896	0	0.0166666666666667	0.0173378110614433		977.01765757492	
80	1920	0	0	0.00407983180523708		-32530.8231555273	
81	1944	0	0	0		-5264.9896779452	
82	1968	0	0	0		-9523.52066396077	
83	1992	0	0	0		-1812.60745772352	
84	2016	0	0	0		874.246035364425	
85	2040	0	0	0		0	
86	2064	0	0	0		0	
87	2088	0	0	0.00547932236178284		3989.44656393019	
88	2112	0	0	0		522.499996451732	
89	2136	0	0	0		-691.404093064324	
90	2160	0	0	0		1951.01036755468	
91	2184	0	0	0		1174.13562125851	
92	2208	0	0	0		0	
93	2232	0	0	0		0	
94	2256	0	0	0		0	
95	2280	0	0	0		0	
96	2304	0	0	0		0	
97	2328	0	0.0166666666666667	0		4385.40263359812	
98	2352	0	0	0		-6285.2393726816	
99	2376	0	0	0		-3205.84766983614	
100	2400	0	0	0		-645.052363482101	
101	2424	0	0	0		-6980.53404464798	
102	2448	0	0	0		0	
103	2472	0	0	0		0	
104	2496	0	0	0		0	
105	2520	0	0	0		0	
106	2544	0	0	0		0	
107	2568	0	0				
108	2592	0	0	0			
109	2616	0	0	0			
110	2640	0	0	0			
111	2664	0	0	0			
112	2688	0	0	0		0	
113	2712	0	0	0		0	
114	2736	0	0	0		0	
115	2760	0	0	0		0	
116	2784	0	0	0		0	
117	2808	0	0	0		0	
118	2832	0	0	0		0	
119	2856	0	0	0		0	
120	2880	0	0	0		0	
121	2904	0	0	0		0	
122	2928	0	0	0		0	
123	2952	0	0	0		0	
124	2976	0	0	0		0	
125	3000	0	0	0		0	
126	3024	0	0	0		0	
127	3048	0	0	0		0	
128	3072	0	0	0		0	
129	3096	0	0	0		0	
130	3120	0	0	0		0	
131	3144	0	0	0		0	
132	3168	0	0	0		0	
133	3192	0	0	0		0	
134	3216	0	0	0		0	
135	3240	0	0	0		0	
136	3264	0	0	0		0	
137	3288	0	0	0		0	
138	3312	0	0	0		0	
139	3336	0	0	0		0	
140	3360	0	0	0		0	
141	3384	0	0	0		0	
142	3408	0	0	0		0	
143	3432	0	0	0		0	
144	3456	0	0	0		0	
145	3480	0	0	0		0	
146	3504	0	0	0		0	
147	3528	0	0	0		0	
148	3552	0	0	0		0	
149	3576	0	0	0		0	
150	3600	0	0	0		0	
151	3624	0	0	0		0	
152	3648	0	0	0		0	
153	3672	0	0	0		0	
154	3696	0	0	0		0	
155	3720	0	0	0		0	
156	3744	0	0	0		0	
157	3768	0	0	0		0	
158	3792	0	0	0		0	
159	3816	0	0	0		0	
160	3840	0	0	0		0	
161	3864	0	0	0		0	
162	3888	0	0	0		0	
163	3912	0	0	0		0	
164	3936	0	0	0		0	
165	3960	0	0	0		0	
166	3984	0	0	0		0	
167	4008	0	0	0		0	
168	4032	0	0	0		0	
169	4056	0	0	0		0	
170	4080	0	0	0		0	
171	4104	0	0	0		0	
172	4128	0	0	0		0	
173	4152	0	0	0		0	
174	4176	0	0	0		0	
175	4200	0	0	0		0	
176	4224	0	0	0		0	
177	4248	0	0	0		0	
178	4272	0	0	0		0	
179	4296	0	0	0		0	
180	4320	0	0	0		0	
181	4344	0	0	0		0	
182	4368	0	0	0		0	
183	4392	0	0	0		0	
184	4416	0	0	0		0	
185	4440	0	0	0		0	
186	4464	0	0	0		0	
187	4488	0	0	0		0	
188	4512	0	0	0		0	
189	4536	0	0	0		0	
190	4560	0	0	0		0	
191	4584	0	0	0		0	
192	4608	0	0	0		0	
193	4632	0	0	0		0	
194	4656	0	0	0		0	
195	4680	0	0	0		0	
196	4704	0	0	0		0	
197	4728	0	0	0		0	
198	4752	0	0	0		0	
199	4776	0	0	0		0	
200	4800	0	0	0		0	
201	4824	0	0	0		0	
202	4848	0	0	0		0	
203	4872	0	0	0		0	
204	4896	0	0	0		0	
205	4920	0	0	0		0	
206	4944	0	0	0		0	
207	4968	0	0	0		0	
208	4992	0	0	0		0	
209	5016	0	0	0		0	
210	5040	0	0	0		0	
211	5064	0	0	0		0	
212	5088	0	0	0		0	
213	5112	0	0	0		0	
214	5136	0	0	0		0	
215	5160	0	0	0		0	
216	5184	0	0	0		0	
217	5208	0	0	0		0	
218	5232	0	0	0		0	
219	5256	0	0	0		0	
220	5280	0	0	0		0	
221	5304	0	0	0		0	
222	5328	0	0	0		0	
223	5352	0	0	0		0	
224	5376	0	0	0		0	
225	5400	0	0	0		0	
226	5424	0	0	0		0	
227	5448	0	0	0		0	
228	5472	0	0	0		0	
229	5496	0	0	0		0	
230	5520	0	0	0		0	
231	5544	0	0	0		0	
232	5568	0	0	0		0	
233	5592	0	0	0		0	
234	5616	0	0	0		0	
235	5640	0	0	0		0	
236	5664	0	0	0		0	
237	5688	0	0	0		0	
238	5712	0	0	0		0	
239	5736	0	0	0		0	
240	5760	0	0	0		0	
241	5784	0	0	0		0	
242	5808	0	0	0		0	
243	5832	0	0	0		0	
244	5856	0	0	0		0	
245	5880	0	0	0		0	
246	5904	0	0	0		0	
247	5928	0	0	0		0	
248	5952	0	0	0		0	
249	5976	0	0	0		0	
250	6000	0	0	0		0	
251	6024	0	0	0		0	
252	6048	0	0	0		0	
253	6072	0	0	0		0	
254	6096	0	0	0		0	
255	6120	0	0	0		0	
256	6144	0	0	0		0	
257	6168	0	0	0		0	
258	6192	0	0	0		0	
259	6216	0	0	0		0	
260	6240	0	0	0		0	
261	6264	0	0	0		0	
262	6288	0	0	0		0	
263	6312	0	0	0		0	
264	6336	0	0	0		0	
265	6360	0	0	0		0	
266	6384	0	0	0		0	
267	6408	0	0	0		0	
268	6432	0	0	0		0	
269	6456	0	0	0		0	
270	6480	0	0	0		0	
271	6504	0	0	0		0	
272	6528	0	0	0		0	
273	6552	0	0	0		0	
274	6576	0	0	0		0	
275	6600	0	0	0		0	
276	6624	0	0	0		0	
277	6648	0	0	0		0	
278	6672	0	0	0		0	
279	6696	0	0	0		0	
280	6720	0	0	0		0	
281	6744	0	0	0		0	
282	6768	0	0	0		0	
283	6792	0	0	0		0	
284	6816	0	0	0		0	
285	6840	0	0	0		0	
286	6864	0	0	0		0	
287	6888	0	0	0		0	
288	6912	0	0	0		0	
289	6936	0	0	0		0	
290	6960	0	0	0		0	
291	6984	0	0	0		0	
292	7008	0	0	0		0	
293	7032	0	0	0		0	
294	7056	0	0	0		0	
295	7080	0	0	0		0	
296	7104	0	0	0		0	
297	7128	0	0	0		0	
298	7152	0	0	0		0	
299	7176	0	0	0		0	
300	7200	0	0	0		0	
301	7224	0	0	0		0	
302	7248	0	0	0		0	
303	7272	0	0	0		0	
304	7296	0	0	0		0	
305	7320	0	0	0		0	
306	7344	0	0	0		0	
307	7368	0	0	0		0	
308	7392	0	0	0		0	
309	7416	0	0	0		0	
310	7440	0	0	0		0	
311	7464	0	0	0		0	
312	7488	0	0	0		0	
313	7512	0	0	0		0	
314	7536	0	0	0		0	
315	7560	0	0	0		0	
316	7584	0	0	0		0	
317	7608	0	0	0		0	
318	7632	0	0	0		0	
319	7656	0	0	0		0	
320	7680	0	0	0		0	
321	7704	0	0	0		0	
322	7728	0	0	0		0	
323	7752	0	0	0		0	
324	7776	0	0	0		0	
325	7800	0	0	0		0	
326	7824	0	0	0		0	
327	7848	0	0	0		0	
328	7872	0	0	0		0	
329	7896	0	0	0		0	
330	7920	0	0	0		0	
331	7944	0	0	0		0	
332	7968	0	0	0		0	
333	7992	0	0	0		0	
334	8016	0	0	0		0	
335	8040	0	0	0		0	
336	8064	0	0	0		0	
337	8088	0	0	0		0	
338	8112	0	0	0		0	
339	8136	0	0	0		0	
340	8160	0	0	0		0	
341	8184	0	0	0		0	
342	8208	0	0	0		0	
343	8232	0	0	0		0	
344	8256	0	0	0		0	
345	8280	0	0	0		0	
346	8304	0	0	0		0	
347	8328	0	0	0		0	
348	8352	0	0	0		0	
349	8376	0	0	0		0	
350	8400	0	0	0.429277109189932		312552.898908913	
351	8424	0	0	0		40935.2239599877	
352	8448	0	0	0		-54168.0030404648	
353	8472	0	0	0		152851.764376015	
354	8496	0	0	0		91987.5692670108	
355	8520	0	0	0.0104246777435177		7590.11645199574	
356	8544	0	0	0.114828351654016		84599.5976190483	
357	8568	0	0	0		9634.43013304667	
358	8592	0	0	0		-10777.6352764509	
359	8616	0	0	0		43120.531051969	
360	8640	0	0	0.0161022514131738		36329.8810392378	
361	8664	0	0	0.0966362600650779		71895.500203014	
362	8688	0	0.0166666666666667	0.0708170037753482		63129.8812630969	
363	8712	0	0.0166666666666667	0.155039740644307		111275.763739053	
364	8736	0	0	0.0606719603391394		78391.5345319233	
365	8760	0	0.0416666666666667	0.0971222824080572		109971.84538104	
366	8784	0	0	0.206340442633728		198881.244573686	
367	8808	0	0.025	0.170451273679465		177934.040059623	
368	8832	0	0	0.251987919298704		210229.97228687	
369	8856	0	0.025	0.0962050358962147		151167.991255236	
370	8880	0	0	0.165190927219364		192163.532598262	
371	8904	0	0	0.208294592593505		266240.605165302	
372	8928	0	0	0.229874121558851	5987362.5	253672.628319667	5733689.87168033
373	8952	0.069922155040944	0	0.348377035676956	5399362.5	318250.875455312	5081111.62454469
374	8976	0.093338034976091	0	0.206593259865483	4552712.5	264197.874865071	4288514.62513493
375	9000	0.0950343316380499	0	0.330674790172438	4759037.5	342987.297656218	4416050.20234378
376	9024	0.186106762547238	0	0.327855486195791	3492300	417476.933461149	3074823.06653885
377	9048	0.538015348504334	0	0.109045332374636	1674487.5	217145.937773278	1457341.56222672
378	9072	0.967059587883785	0.0833333333333333	0.0486564344017646	664825	188393.994837831	476431.005162169
379	9096	0.84519085452307	0.00833333333333333	0.141764134376561	1010275	252461.107792096	757813.892207904
380	9120	0.880359530955932	0	0.255309586008536	1005987.5	283177.542497733	722809.957502267
381	9144	0.936617812187144	0	0.319601184863037	346325	275019.926869735	71305.0731302653
382	9168	0.902494889929849	0	0.334028965437276	1199362.5	267142.993120648	932219.506879353
383	9192	0	0	0.33099234633206		350311.660639994	
384	9216	0	0	0.274427447571001		357730.631408424	
385	9240	0	0	0.209091596360557		324063.382502013	
386	9264	0	0	0.162390208414849		292978.192733676	
387	9288	0	0	0.200464588926701		303699.153458525	
388	9312	0	0	0.295285664213151		346876.24839763	
389	9336	0	0	0.236764068337529		277875.454511604	
390	9360	0	0	0.22753935074017		257163.224848832	
391	9384	0	0	0.266424006519584		333901.144613059	
392	9408	0	0	0.15012108299817		253575.062720933	
393	9432	0	0	0.117958193674306		198335.52658751	
394	9456	0	0	0.0723206306183028		188584.664938122	
395	9480	0	0.025	0.0618543064830641		154169.512909879	
396	9504	0	0	0.0556071702784058		102001.631455658	
397	9528	0	0.075	0.0256313774957535		82112.799884362	
398	9552	0	0	0.0307116342800668		26058.6791705495	
399	9576	0	0	0.022626672708256		24325.8692452768	
400	9600	0	0	0.0597337151998216		59913.4616133557	
401	9624	0	0.183333333333333	0.0431244411810958		67494.381591599	
402	9648	0	0.233333333333333	0.0162892929261789		15330.5914668183	
403	9672	0	0	0.0596637477339517		-57587.5196709724	
404	9696	0	0	0.0821107900720115		39595.9511073306	
405	9720	0	0.0666666666666667	0.0764059584632424		2697.85558580448	
406	9744	0	0.00833333333333333	0.0316265020839319		-75988.9941747265	
407	9768	0	0	0.0635847860437994		65726.1890866004	
408	9792	0	0	0.123511675418713		132618.017970787	
409	9816	0	0	0.135564602750367		101847.044455241	
410	9840	0	0	0.105875687696971		100356.48024121	
411	9864	0	0.508333333333333	0.0371058850094777		211365.069357658	
412	9888	0	0.00833333333333333	0.0719604247906762		-72197.9559870418	
413	9912	0	0.291666666666667	0.0456482329302386		77987.8737149053	
414	9936	0	0	0.0880525295473547		-35985.9944934747	
415	9960	0	0.00833333333333333	0.0726880021267213		-178004.46051918	
416	9984	0	0	0.107568646936034		87892.957511992	
417	10008	0	0.258333333333333	0.111432923864342		67564.7073192597	
418	10032	0	0.1	0.0524287087070387		8544.35145108443	
419	10056	0	0.191666666666667	0.0470207239913023		38591.2794693824	
420	10080	0	0.108333333333333	0.0568410396793606		28973.0855208648	
421	10104	0	0	0.0609094131198091		-103408.723442828	
422	10128	0	0.05	0.0357155581963209		-4365.89280281617	
423	10152	0	0.0666666666666667	0.0453706360151145		-26714.0599758154	
424	10176	0	0	0.0122569080918691		-37520.0346923041	
425	10200	0	0	0.0484684112202114		41743.7426754031	
426	10224	0	0	0.0274598067447744		23355.0051664486	
427	10248	0	0.025	0.03395697616204		13968.8504215469	
428	10272	0	0.05	0.00116825722196623		24236.5494317758	
429	10296	0	0	0		-7674.32294297969	
430	10320	0	0	0		7242.66909528924	
431	10344	0	0.0166666666666667	0		-328.112102697964	
432	10368	0	0.0166666666666667	0.00369740076826552		-19899.0540040549	
433	10392	0	0.116666666666667	0.00116764598881147		22409.4628129292	
434	10416	0	0.00833333333333333	0.00757612872561353		-40493.9701394626	
435	10440	0	0	0.0147144750919015		-20604.0242629483	
436	10464	0	0	0.0198666314433176		3021.1161211163	
437	10488	0	0	0.0118347189830477		-37583.9673897486	
438	10512	0	0	0.0273755042643842		21926.0835088095	
439	10536	0	0	0		11344.0890861289	
440	10560	0	0	0.00548799457888016		9012.48388796272	
441	10584	0	0	0.0329398662193512		36790.0914940773	
442	10608	0	0	0.0342887629263391		33280.1007446976	
443	10632	0	0	0.0508062842359056		38058.9417451095	
444	10656	0	0	0.0268119307786794		32944.4620926374	
445	10680	0	0.00833333333333333	0.0176963495217279		30490.6903136148	
446	10704	0	0	0.00426147055030235		23702.4185233098	
447	10728	0	0	0		17004.3246809627	
448	10752	0	0	0.000753354948484386		11734.7449832521	
449	10776	0	0	0		1891.00342964604	
450	10800	0	0	0		818.106944830891	
451	10824	0	0	0		268.2454540717	
452	10848	0	0	0		161.432531627703	
453	10872	0	0	0		0	
454	10896	0	0	0		0	
455	10920	0	0	0		0	
456	10944	0	0	0		0	
457	10968	0	0	0		0	
458	10992	0	0	0		0	
459	11016	0	0	0		0	
460	11040	0	0	0		0	
461	11064	0	0	0		0	
462	11088	0	0	0		0	
463	11112	0	0	0		0	
464	11136	0	0	0		0	
465	11160	0	0	0		0	
466	11184	0	0	0		0	
467	11208	0	0	0		0	
468	11232	0	0	0		0	
469	11256	0	0	0		0	
470	11280	0	0	0		0	
471	11304	0	0	0		0	
472	11328	0	0	0		0	
473	11352	0	0				
474	11376	0	0	0			
475	11400	0	0	0			
476	11424	0	0	0			
477	11448	0	0	0			
478	11472	0	0	0		0	
479	11496	0	0	0		0	
480	11520	0	0	0		0	
481	11544	0	0	0		0	
482	11568	0	0	0		0	
483	11592	0	0	0		0	
484	11616	0	0	0		0	
485	11640	0	0	0		0	
486	11664	0	0	0		0	
487	11688	0	0	0		0	
488	11712	0	0	0		0	
489	11736	0	0	0		0	
490	11760	0	0	0		0	
491	11784	0	0	0		0	
492	11808	0	0	0		0	
493	11832	0	0	0		0	
494	11856	0	0	0		0	
495	11880	0	0	0		0	
496	11904	0	0	0		0	
497	11928	0	0	0		0	
498	11952	0	0	0		0	
499	11976	0	0	0		0	
500	12000	0	0	0		0	
501	12024	0	0	0		0	
502	12048	0	0	0		0	
503	12072	0	0	0		0	
504	12096	0	0	0		0	
505	12120	0	0	0		0	
506	12144	0	0	0		0	
507	12168	0	0	0		0	
508	12192	0	0	0		0	
509	12216	0	0	0		0	
510	12240	0	0	0		0	
511	12264	0	0	0		0	
512	12288	0	0	0		0	
513	12312	0	0	0		0	
514	12336	0	0	0		0	
515	12360	0	0	0		0	
516	12384	0	0	0		0	
517	12408	0	0	0		0	
518	12432	0	0	0		0	
519	12456	0	0	0		0	
520	12480	0	0	0		0	
521	12504	0	0	0		0	
522	12528	0	0	0		0	
523	12552	0	0	0		0	
524	12576	0	0	0		0	
525	12600	0	0	0		0	
526	12624	0	0	0		0	
527	12648	0	0	0		0	
528	12672	0	0	0		0	
529	12696	0	0	0		0	
530	12720	0	0	0		0	
531	12744	0	0	0		0	
532	12768	0	0	0		0	
533	12792	0	0	0		0	
534	12816	0	0	0		0	
535	12840	0	0	0		0	
536	12864	0	0	0		0	
537	12888	0	0	0		0	
538	12912	0	0	0		0	
539	12936	0	0	0		0	
540	12960	0	0	0		0	
541	12984	0	0	0		0	
542	13008	0	0	0		0	
543	13032	0	0	0		0	
544	13056	0	0	0		0	
545	13080	0	0	0		0	
546	13104	0	0	0		0	
547	13128	0	0	0		0	
548	13152	0	0	0		0	
549	13176	0	0	0		0	
550	13200	0	0	0		0	
551	13224	0	0	0		0	
552	13248	0	0	0		0	
553	13272	0	0	0		0	
554	13296	0	0	0		0	
555	13320	0	0	0		0	
556	13344	0	0	0		0	
557	13368	0	0	0		0	
558	13392	0	0	0		0	
559	13416	0	0	0		0	
560	13440	0	0	0		0	
561	13464	0	0	0		0	
562	13488	0	0	0		0	
563	13512	0	0	0		0	
564	13536	0	0	0		0	
565	13560	0	0	0		0	
566	13584	0	0	0		0	
567	13608	0	0	0		0	
568	13632	0	0	0		0	
569	13656	0	0	0		0	
570	13680	0	0	0		0	
571	13704	0	0	0		0	
572	13728	0	0	0		0	
573	13752	0	0	0		0	
574	13776	0	0	0		0	
575	13800	0	0	0		0	
576	13824	0	0	0		0	
577	13848	0	0	0		0	
578	13872	0	0	0		0	
579	13896	0	0	0		0	
580	13920	0	0	0		0	
581	13944	0	0	0		0	
582	13968	0	0	0		0	
583	13992	0	0	0		0	
584	14016	0	0	0		0	
585	14040	0	0	0		0	
586	14064	0	0	0		0	
587	14088	0	0	0		0	
588	14112	0	0	0		0	
589	14136	0	0	0		0	
590	14160	0	0	0		0	
591	14184	0	0	0		0	
592	14208	0	0	0		0	
593	14232	0	0	0		0	
594	14256	0	0	0		0	
595	14280	0	0	0		0	
596	14304	0	0	0		0	
597	14328	0	0	0		0	
598	14352	0	0	0		0	
599	14376	0	0	0		0	
600	14400	0	0	0		0	
601	14424	0	0	0		0	
602	14448	0	0	0		0	
603	14472	0	0	0		0	
604	14496	0	0	0		0	
605	14520	0	0	0		0	
606	14544	0	0	0		0	
607	14568	0	0	0		0	
608	14592	0	0	0		0	
609	14616	0	0	0		0	
610	14640	0	0	0		0	
611	14664	0	0	0		0	
612	14688	0	0	0		0	
613	14712	0	0	0		0	
614	14736	0	0	0		0	
615	14760	0	0	0		0	
616	14784	0	0	0		0	
617	14808	0	0	0		0	
618	14832	0	0	0		0	
619	14856	0	0	0		0	
620	14880	0	0	0		0	
621	14904	0	0	0		0	
622	14928	0	0	0		0	
623	14952	0	0	0		0	
624	14976	0	0	0		0	
625	15000	0	0	0		0	
626	15024	0	0	0		0	
627	15048	0	0	0		0	
628	15072	0	0	0		0	
629	15096	0	0	0		0	
630	15120	0	0	0		0	
631	15144	0	0	0		0	
632	15168	0	0	0		0	
633	15192	0	0	0		0	
634	15216	0	0	0		0	
635	15240	0	0	0		0	
636	15264	0	0	0		0	
637	15288	0	0	0		0	
638	15312	0	0	0		0	
639	15336	0	0	0		0	
640	15360	0	0	0		0	
641	15384	0	0	0		0	
642	15408	0	0	0		0	
643	15432	0	0	0		0	
644	15456	0	0	0		0	
645	15480	0	0	0		0	
646	15504	0	0	0		0	
647	15528	0	0	0		0	
648	15552	0	0	0		0	
649	15576	0	0	0		0	
650	15600	0	0	0		0	
651	15624	0	0	0		0	
652	15648	0	0	0		0	
653	15672	0	0	0		0	
654	15696	0	0	0		0	
655	15720	0	0	0		0	
656	15744	0	0	0		0	
657	15768	0	0	0		0	
658	15792	0	0	0		0	
659	15816	0	0	0		0	
660	15840	0	0	0		0	
661	15864	0	0	0		0	
662	15888	0	0	0		0	
663	15912	0	0	0		0	
664	15936	0	0	0		0	
665	15960	0	0	0		0	
666	15984	0	0	0		0	
667	16008	0	0	0		0	
668	16032	0	0	0		0	
669	16056	0	0	0		0	
670	16080	0	0	0		0	
671	16104	0	0	0		0	
672	16128	0	0	0		0	
673	16152	0	0	0		0	
674	16176	0	0	0		0	
675	16200	0	0	0		0	
676	16224	0	0	0		0	
677	16248	0	0	0		0	
678	16272	0	0	0		0	
679	16296	0	0	0		0	
680	16320	0	0	0		0	
681	16344	0	0	0		0	
682	16368	0	0	0		0	
683	16392	0	0	0		0	
684	16416	0	0	0		0	
685	16440	0	0	0		0	
686	16464	0	0	0		0	
687	16488	0	0	0		0	
688	16512	0	0	0		0	
689	16536	0	0	0		0	
690	16560	0	0	0		0	
691	16584	0	0	0		0	
692	16608	0	0	0		0	
693	16632	0	0	0		0	
694	16656	0	0	0		0	
695	16680	0	0	0		0	
696	16704	0	0	0		0	
697	16728	0	0	0		0	
698	16752	0	0	0		0	
699	16776	0	0	0		0	
700	16800	0	0	0		0	
701	16824	0	0	0		0	
702	16848	0	0	0		0	
703	16872	0	0	0		0	
704	16896	0	0	0		0	
705	16920	0	0	0		0	
706	16944	0	0	0		0	
707	16968	0	0	0		0	
708	16992	0	0	0		0	
709	17016	0	0	0		0	
710	17040	0	0	0.204194548177305		148672.259964308	
711	17064	0	0	0.153319503788012		131102.273390416	
712	17088	0	0	0		-11145.8136925749	
713	17112	0	0	0		53360.6035055963	
714	17136	0	0	0		98347.9340217488	
715	17160	0	0	0		32854.0426981944	
716	17184	0	0	0.0244989677979724		17837.4836244634	
717	17208	0	0	0.0361349576785905		28645.7307989188	
718	17232	0	0	0		354.392116262712	
719	17256	0	0	0		4163.63210999794	
720	17280	0	0	0.131211079954434		113649.889310201	
721	17304	0	0	0.102671851045388		95009.7400346622	
722	17328	0	0	0.123361232044517		83052.0961035675	
723	17352	0	0	0.271801343970587		243424.192315725	
724	17376	0	0	0.295732696536866		290347.395940804	
725	17400	0	0	0.000508133000346246		60199.5354769672	
726	17424	0	0	0.0765202864651144		141659.552429892	
727	17448	0	0	0.0928759530292785		238398.708167948	
728	17472	0	0	0.146465176564053	54950	169392.827449423	-114442.827449423
729	17496	0.901512501298264	0	0.265073778497026	164587.5	222600.409999815	-58012.909999815
730	17520	0.996358118383641	0	0.178443707344668	411075	186186.016237566	224888.983762434
731	17544	0.836662794957221	0	0.0718313317401935	939750	107921.199805224	831828.800194776
732	17568	0	0	0.0266566111298659	906150	129510.89767225	776639.10232775
733	17592	0	0	0.021765043987108	628425	129664.240234921	498760.759765079
734	17616	0	0	0.0107752247994024	705075	70371.7886225795	634703.211377421
735	17640	0	0	0.0249148350293855	701137.5	41305.3024577134	659832.197542287
736	17664	0.960931648790313	0	0.0247788590045688	370125	32519.3868825612	337605.613117439
737	17688	0	0	0.0212846609943393	1038625	23216.8200433106	1015408.17995669
738	17712	0	0	0.00988551949192517	1850800	17280.870331565	1833519.12966844
739	17736	0.358415081801244	0	0.0737205087280853	1885012.5	66093.9610070619	1818918.53899294
740	17760	0.300088928833966	0	0.176760641937497	2290575	147368.870544827	2143206.12945517
741	17784	0.301092782903101	0	0.280441204655593	2493662.5	219820.9420354	2273841.5579646
742	17808	0.55398094191975	0	0.305457998127324	1834612.5	255207.155781992	1579405.34421801
743	17832	0.381784876368168	0	0.324133902712147	2428825	308475.774797056	2120349.22520294
744	17856	0.4993085234821	0	0.344569541119658	2170087.5	380976.213988629	1789111.28601137
745	17880	0.51726209286629	0	0.34585773328839	2144537.5	412631.088777626	1731906.41122237
746	17904	0.65339400096251	0	0.335822527762206	1845200	414879.336126365	1430320.66387364
747	17928	0.967749015698413	0	0.202648397108329	949900	328075.363756365	621824.636243635
748	17952	0.999068339845674	0	0.238494631588368	715662.5	347579.422210211	368083.077789789
749	17976	0.999345721534051	0.00833333333333333	0.135477806796491	491400	291692.022014932	199707.977985068
750	18000	0.982405654674971	0.0166666666666667	0.0389256362967503	491400	156527.140191349	334872.859808651
751	18024	0.982269941320535	0	0.0651602198879919	491400	154515.888195369	336884.111804631
752	18048	0.943433562184723	0.00833333333333333	0.0342734248562033	491400	124265.354389049	367134.645610951
753	18072	0.955491403359415	0.1	0.0747444204689672	491400	111392.308311156	380007.691688844
754	18096	0.961240205845301	0	0.0749058312315674	491400	42588.7657202185	448811.234279782
755	18120	0.939623212657201	0.00833333333333333	0.0351741615687393	491400	32122.9383240287	459277.061675971
756	18144	0.949640776934224	0.00833333333333333	0.0592261146041837	491400	62672.093336966	428727.906663034
757	18168	0.974270258525639	0	0.13201961354846	491400	93391.0152879963	398008.984712004
758	18192	0.939121052510257	0.0583333333333333	0.0345307248981825	491400	72256.3382773898	419143.66172261
759	18216	0.971646807863038	0.00833333333333333	0.0757386294043343	491400	46786.0093057079	444613.990694292
760	18240	0.998105437919752	0	0.188641233438831	491400	182058.957297834	309341.042702166
761	18264	0.998416580856492	0	0.201205555832624	491400	191651.99852253	299748.00147747
762	18288	0.997207007471848	0.00833333333333333	0.149607813551216	491400	116117.053851026	375282.946148974
763	18312	0.920382717177785	0.625	0.0440272133198843	681362.5	262151.660279351	419210.839720649
764	18336	0.923639373785318	0.183333333333333	0.0507059876150562	736312.5	-54755.3875091932	791067.887509193
765	18360	0.637910348546104	0.358333333333334	0.0609412730280532	1201900	44643.048173945	1157256.95182606
766	18384	0.519640970080171	0.00833333333333333	0.0735244673592206	1346275	-95203.1500026116	1441478.15000261
767	18408	0.806785590431087	0	0.0658209280227844	565950	-266199.817121413	832149.817121413
768	18432	0.981179961164802	0.0666666666666667	0.0532190648433444	240975	-6403.77255359417	247378.772553594
769	18456	0.96715067560769	0.108333333333333	0.0734668708779278	346937.5	-57541.4501886187	404478.950188619
770	18480	0.997109329500798	0	0.0982496088771318	219975	53849.1410204541	166125.858979546
771	18504	0.165088361296926	0.0333333333333333	0.150528260179221	3188150	128103.489673038	3060046.51032696
772	18528	0.121051317740806	0.5	0.0890756490257853	3644462.5	191251.647562236	3453210.85243776
773	18552	0.840596720507595	0.00833333333333333	0.113273529391677	939312.5	-115449.995893872	1054762.49589387
774	18576	0	0	0.0571078480739109		15184.8904218771	
775	18600	0	0	0.0920957962670759		87263.858157146	
776	18624	0	0	0.107449833238397		-70508.6403035106	
777	18648	0	0	0.131948430601637		135812.511522253	
778	18672	0	0	0.160226382137281		160713.048721839	
779	18696	0	0	0.157119034802992		171020.287612758	
780	18720	0	0	0.182735563872408		197820.213398843	
781	18744	0	0	0.0995854053656071		155432.710466462	
782	18768	0	0	0.11960674828366		163801.707112015	
783	18792	0	0.00833333333333333	0.078626075571373		157013.548652024	
784	18816	0	0.0166666666666667	0.0286361713509624		89114.3235565164	
785	18840	0	0.025	0.0377374854239481		82903.3594421829	
786	18864	0	0.00833333333333333	0.0994716055109617		115272.155200619	
787	18888	0	0	0.0643273562948749		66517.855284146	
788	18912	0	0	0.0326127967228782		27349.8682610793	
789	18936	0	0	0.0524292257883516		65877.9498159284	
790	18960	0	0.05	0.0336263604277711		79253.5078112496	
791	18984	0	0	0.0496003845435897		39245.4483279972	
792	19008	0	0	0.0344141608652588		41582.5952962277	
793	19032	0	0.025	0.0330124162411973		48909.9463126647	
794	19056	0	0	0.0421973644865901		24026.2795276067	
795	19080	0	0.00833333333333333	0.0488909984445094		55721.6531086405	
796	19104	0	0	0.0461424208138261		47952.3156734895	
797	19128	0	0	0.0231937493932577		25143.4231466187	
798	19152	0	0	0.0185713499423858		36039.1521488153	
799	19176	0	0	0.0312170520756556		44989.2756728525	
800	19200	0	0	0.00145815308549935		19841.2366220863	
801	19224	0	0	0.0349455610592084		33226.2326443541	
802	19248	0	0	0.0359624840586559		44427.2759748917	
803	19272	0	0.00833333333333333	0.0383123664504854		36315.8911583554	
804	19296	0	0	0.0502109663011528		45286.505947434	
805	19320	0	0	0.0372463241342676		45762.8109624997	
806	19344	0	0.133333333333333	0.0368398190729593		80147.3809623698	
807	19368	0	0.00833333333333333	0.0538034096895732		12495.6693246641	
808	19392	0	0.025	0.0589503023641438		45213.5750235727	
809	19416	0	0.00833333333333333	0.042075152888664		36567.116173015	
810	19440	0	0	0.0147326476788035		-29765.9762457112	
811	19464	0	0.0416666666666667	0.00830256052447354		39562.9808024914	
812	19488	0	0.0416666666666667	0.00528443043315896		14851.0833308087	
813	19512	0	0.0166666666666667	1.32073516763142e-05		-9104.8142621352	
814	19536	0	0	0.00376993993365993		-7719.92419763497	
815	19560	0	0	0		-18251.2560744086	
816	19584	0	0	0		-17435.0185046944	
817	19608	0	0	0		-5635.34961653262	
818	19632	0	0	0.00193390068455912		2215.89704080873	
819	19656	0	0	0		184.413880787142	
820	19680	0	0	0		-244.027775808579	
821	19704	0	0	0		688.599800535968	
822	19728	0	0.0583333333333333	0.00207866461125583		17276.7722588944	
823	19752	0	0	0		-21800.1194517694	
824	19776	0	0.00833333333333333	0		-9290.06022858432	
825	19800	0	0	0.000178149872466449		-4530.44802225932	
826	19824	0	0	0		-25572.3786075884	
827	19848	0	0	0		-345.005886870521	
828	19872	0	0	0		-3426.83358563028	
829	19896	0	0	0		38.1748138500578	
830	19920	0	0	0		0	
831	19944	0	0	0		0	
832	19968	0	0	0		0	
833	19992	0	0	0		0	
834	20016	0	0	0		0	
835	20040	0	0	0		0	
836	20064	0	0	0		0	
837	20088	0	0	0		0	
838	20112	0	0				
839	20136	0	0	0			
840	20160	0	0	0			
841	20184	0	0	0			
842	20208	0	0	0			
843	20232	0	0	0		0	
844	20256	0	0	0		0	
845	20280	0	0	0		0	
846	20304	0	0	0		0	
847	20328	0	0	0		0	
848	20352	0	0	0		0	
849	20376	0	0	0		0	
850	20400	0	0	0		0	
851	20424	0	0	0		0	
852	20448	0	0	0		0	
853	20472	0	0	0		0	
854	20496	0	0	0		0	
855	20520	0	0	0		0	
856	20544	0	0	0		0	
857	20568	0	0	0		0	
858	20592	0	0	0		0	
859	20616	0	0	0		0	
860	20640	0	0	0		0	
861	20664	0	0	0		0	
862	20688	0	0	0		0	
863	20712	0	0	0		0	
864	20736	0	0	0		0	
865	20760	0	0	0		0	
866	20784	0	0	0		0	
867	20808	0	0	0		0	
868	20832	0	0	0		0	
869	20856	0	0	0		0	
870	20880	0	0	0		0	
871	20904	0	0	0		0	
872	20928	0	0	0		0	
873	20952	0	0	0		0	
874	20976	0	0	0		0	
875	21000	0	0	0		0	
876	21024	0	0	0		0	
877	21048	0	0	0		0	
878	21072	0	0	0		0	
879	21096	0	0	0		0	
880	21120	0	0	0		0	
881	21144	0	0	0		0	
882	21168	0	0	0		0	
883	21192	0	0	0		0	
884	21216	0	0	0		0	
885	21240	0	0	0		0	
886	21264	0	0	0		0	
887	21288	0	0	0		0	
888	21312	0	0	0		0	
889	21336	0	0	0		0	
890	21360	0	0	0		0	
891	21384	0	0	0		0	
892	21408	0	0	0		0	
893	21432	0	0	0		0	
894	21456	0	0	0		0	
895	21480	0	0	0		0	
896	21504	0	0	0		0	
897	21528	0	0	0		0	
898	21552	0	0	0		0	
899	21576	0	0	0		0	
900	21600	0	0	0		0	
901	21624	0	0	0		0	
902	21648	0	0	0		0	
903	21672	0	0	0		0	
904	21696	0	0	0		0	
905	21720	0	0	0		0	
906	21744	0	0	0		0	
907	21768	0	0	0		0	
908	21792	0	0	0		0	
909	21816	0	0	0		0	
910	21840	0	0	0		0	
911	21864	0	0	0		0	
912	21888	0	0	0		0	
913	21912	0	0	0		0	
914	21936	0	0	0		0	
915	21960	0	0	0		0	
916	21984	0	0	0		0	
917	22008	0	0	0		0	
918	22032	0	0	0		0	
919	22056	0	0	0		0	
920	22080	0	0	0		0	
921	22104	0	0	0		0	
922	22128	0	0	0		0	
923	22152	0	0	0		0	
924	22176	0	0	0		0	
925	22200	0	0	0		0	
926	22224	0	0	0		0	
927	22248	0	0	0		0	
928	22272	0	0	0		0	
929	22296	0	0	0		0	
930	22320	0	0	0		0	
931	22344	0	0	0		0	
932	22368	0	0	0		0	
933	22392	0	0	0		0	
934	22416	0	0	0		0	
935	22440	0	0	0		0	
936	22464	0	0	0		0	
937	22488	0	0	0		0	
938	22512	0	0	0		0	
939	22536	0	0	0		0	
940	22560	0	0	0		0	
941	22584	0	0	0		0	
942	22608	0	0	0		0	
943	22632	0	0	0		0	
944	22656	0	0	0		0	
945	22680	0	0	0		0	
946	22704	0	0	0		0	
947	22728	0	0	0		0	
948	22752	0	0	0		0	
949	22776	0	0	0		0	
950	22800	0	0	0		0	
951	22824	0	0	0		0	
952	22848	0	0	0		0	
953	22872	0	0	0		0	
954	22896	0	0	0		0	
955	22920	0	0	0		0	
956	22944	0	0	0		0	
957	22968	0	0	0		0	
958	22992	0	0	0		0	
959	23016	0	0	0		0	
960	23040	0	0	0		0	
961	23064	0	0	0		0	
962	23088	0	0	0		0	
963	23112	0	0	0		0	
964	23136	0	0	0		0	
965	23160	0	0	0		0	
966	23184	0	0	0		0	
967	23208	0	0	0		0	
968	23232	0	0	0		0	
969	23256	0	0	0		0	
970	23280	0	0	0		0	
971	23304	0	0	0		0	
972	23328	0	0	0		0	
973	23352	0	0	0		0	
974	23376	0	0	0		0	
975	23400	0	0	0		0	
976	23424	0	0	0		0	
977	23448	0	0	0		0	
978	23472	0	0	0		0	
979	23496	0	0	0		0	
980	23520	0	0	0		0	
981	23544	0	0	0		0	
982	23568	0	0	0		0	
983	23592	0	0	0		0	
984	23616	0	0	0		0	
985	23640	0	0	0		0	
986	23664	0	0	0		0	
987	23688	0	0	0		0	
988	23712	0	0	0		0	
989	23736	0	0	0		0	
990	23760	0	0	0		0	
991	23784	0	0	0		0	
992	23808	0	0	0		0	
993	23832	0	0	0		0	
994	23856	0	0	0		0	
995	23880	0	0	0		0	
996	23904	0	0	0		0	
997	23928	0	0	0		0	
998	23952	0	0	0		0	
999	23976	0	0	0		0	
1000	24000	0	0	0		0	
1001	24024	0	0	0		0	
1002	24048	0	0	0		0	
1003	24072	0	0	0		0	
1004	24096	0	0	0		0	
1005	24120	0	0	0		0	
1006	24144	0	0	0		0	
1007	24168	0	0	0		0	
1008	24192	0	0	0		0	
1009	24216	0	0	0		0	
1010	24240	0	0	0		0	
1011	24264	0	0	0		0	
1012	24288	0	0	0		0	
1013	24312	0	0	0		0	
1014	24336	0	0	0		0	
1015	24360	0	0	0		0	
1016	24384	0	0	0		0	
1017	24408	0	0	0		0	
1018	24432	0	0	0		0	
1019	24456	0	0	0		0	
1020	24480	0	0	0		0	
1021	24504	0	0	0		0	
1022	24528	0	0	0		0	
1023	24552	0	0	0		0	
1024	24576	0	0	0		0	
1025	24600	0	0	0		0	
1026	24624	0	0	0		0	
1027	24648	0	0	0		0	
1028	24672	0	0	0		0	
1029	24696	0	0	0		0	
1030	24720	0	0	0		0	
1031	24744	0	0	0		0	
1032	24768	0	0	0		0	
1033	24792	0	0	0		0	
1034	24816	0	0	0		0	
1035	24840	0	0	0		0	
1036	24864	0	0	0		0	
1037	24888	0	0	0		0	
1038	24912	0	0	0		0	
1039	24936	0	0	0		0	
1040	24960	0	0	0		0	
1041	24984	0	0	0		0	
1042	25008	0	0	0		0	
1043	25032	0	0	0		0	
1044	25056	0	0	0		0	
1045	25080	0	0	0		0	
1046	25104	0	0	0		0	
1047	25128	0	0	0		0	
1048	25152	0	0	0		0	
1049	25176	0	0	0		0	
1050	25200	0	0	0		0	
1051	25224	0	0	0		0	
1052	25248	0	0	0		0	
1053	25272	0	0	0		0	
1054	25296	0	0	0		0	
1055	25320	0	0	0		0	
1056	25344	0	0	0		0	
1057	25368	0	0	0		0	
1058	25392	0	0	0		0	
1059	25416	0	0	0		0	
1060	25440	0	0	0		0	
1061	25464	0	0	0		0	
1062	25488	0	0	0		0	
1063	25512	0	0	0		0	
1064	25536	0	0	0		0	
1065	25560	0	0	0		0	
1066	25584	0	0	0		0	
1067	25608	0	0	0		0	
1068	25632	0	0	0		0	
1069	25656	0	0	0		0	
1070	25680	0	0	0		0	
1071	25704	0	0	0		0	
1072	25728	0	0	0		0	
1073	25752	0	0	0		0	
1074	25776	0	0	0		0	
1075	25800	0	0	0		0	
1076	25824	0	0	0		0	
1077	25848	0	0	0		0	
1078	25872	0	0	0		0	
1079	25896	0	0	0		0	
1080	25920	0	0	0.0763701129437667		55604.40955172	
1081	25944	0	0	0.0298960991104943		29049.6275093447	
1082	25968	0	0	0		-6785.85681639892	
1083	25992	0	0	0		23420.5232617858	
1084	26016	0	0	0		27009.9949499366	
1085	26040	0	0	0		6406.28029975681	
1086	26064	0	0	0		0	
1087	26088	0	0	0		0	
1088	26112	0	0	0		0	
1089	26136	0	0	0.491346598745502		357745.149972565	
1090	26160	0	0	0.431109359994173		360741.022429067	
1091	26184	0	0	0.110964885720563		59902.3108998829	
1092	26208	0	0	0.120284391779889		218712.964652609	
1093	26232	0	0	0.129416319934079	798787.5	350487.297342918	448300.202657082
1094	26256	0.837731700936712	0	0.101422230404949	877887.5	202898.807514925	674988.692485075
1095	26280	0.990707521105427	0.175	0.0789034747677297	426037.5	163444.321002426	262593.178997574
1096	26304	0.137429628404923	0.025	0.197329384081985	3663012.5	150839.222275819	3512173.27772418
1097	26328	0.0290532808141849	0	0.246291177140869	7842187.5	208938.99326272	7633248.50673728
1098	26352	0.0420205771137092	0	0.067977003837568	6305600	86325.9736804402	6219274.02631956
1099	26376	0.0841241430163526	0	0.137900181733525	4571787.5	88715.3098756895	4483072.19012431
1100	26400	0.124549527946982	0	0.150305623293017	3771162.5	233518.789050952	3537643.71094905
1101	26424	0.117639164342154	0	0.143670492367014	3845625	178518.201449835	3667106.79855017
1102	26448	0.0568618222643919	0	0.137927002019679	5557562.5	158825.70166504	5398736.79833496
1103	26472	0.0740152774806253	0	0.0776865188165195	4783450	134655.346652163	4648794.65334784
1104	26496	0.128706291434253	0	0.157936108623609	3719800	188360.405957599	3531439.5940424
1105	26520	0.177997165612041	0	0.360602994109107	3453625	347707.388400374	3105917.61159963
1106	26544	0.331308610135912	0	0.172646597450345	2278062.5	197377.32233974	2080685.17766026
1107	26568	0.764425448906648	0	0.187840299173253	1320375	180608.791669857	1139766.20833014
1108	26592	0.996579866103904	0	0.255940132760752	787412.5	344717.091114242	442695.408885758
1109	26616	0.938731154033582	0	0.324103281289943	436275	375425.987907109	60849.0120928909
1110	26640	0.87053360680369	0	0.358257182411345	384300	363333.739642831	20966.2603571686
1111	26664	0	0	0.359375772770672		386307.864771622	
1112	26688	0	0	0.375185099557656		432478.944703826	
1113	26712	0	0	0.373751378797638		459568.90382694	
1114	26736	0	0	0.275819287536246		393850.758361676	
1115	26760	0	0	0.257755957419489		377410.15056342	
1116	26784	0	0	0.206896026921073		353891.671821023	
1117	26808	0	0	0.202026787282636		312598.110771748	
1118	26832	0	0.0166666666666667	0.139953641075147		250324.86650473	
1119	26856	0	0.0666666666666667	0.0978547029783988		199258.904066606	
1120	26880	0	0.00833333333333333	0.0568379006857782		123170.324774655	
1121	26904	0	0	0.0905985394347128		135549.458161779	
1122	26928	0	0	0.0691231442246796		105464.434229982	
1123	26952	0	0.116666666666667	0.0667350760459167		87408.6773407106	
1124	26976	0	0.0333333333333333	0.0757816860319495		58540.0738011521	
1125	27000	0	0.0666666666666667	0.0580877561828323		67655.3172064307	
1126	27024	0	0.00833333333333333	0.0626665669130189		46302.6212322836	
1127	27048	0	0	0.0857989310433647		36279.3608212337	
1128	27072	0	0	0.105551417415242		95903.0311295423	
1129	27096	0	0	0.155856155635539		119232.46341791	
1130	27120	0	0	0.152097215420778		152772.39980266	
1131	27144	0	0.0916666666666667	0.065213832604897		122407.379696046	
1132	27168	0	0.00833333333333333	0.0621942785229681		78046.8450116215	
1133	27192	0	0	0.0692742503184851		114919.520931333	
1134	27216	0	0	0.097481857286768		120395.597367555	
1135	27240	0	0	0.0926322862678557		65403.4137668528	
1136	27264	0	0	0.131406054831745		126711.553452958	
1137	27288	0	0	0.164052299648509		169841.564731828	
1138	27312	0	0	0.165923804173703		173742.335519589	
1139	27336	0	0.025	0.195087777023911		210380.396632041	
1140	27360	0	0	0.149216373696438		183453.652972366	
1141	27384	0	0.0166666666666667	0.0385659083544621		111502.224878631	
1142	27408	0	0	0.0356147583795927		108546.241427923	
1143	27432	0	0.00833333333333333	0.0627079549637486		127638.423875865	
1144	27456	0	0.366666666666667	0.0514227409890751		177324.231715551	
1145	27480	0	0	0.0159589446853445		-117302.957652982	
1146	27504	0	0	0.0358891180573657		-19727.5538051139	
1147	27528	0	0.00833333333333333	0.0373143827789786		44835.4689721851	
1148	27552	0	0	0.0356804513437634		-115004.562392271	
1149	27576	0	0	0.0351795756721245		38903.6841346652	
1150	27600	0	0	0.0522324808390646		57536.7907056845	
1151	27624	0	0	0.0753526598375114		72615.6138286004	
1152	27648	0	0.0166666666666667	0.042183337167824		55865.4160581015	
1153	27672	0	0	0.00296361802974587		16523.5220355439	
1154	27696	0	0	0.0202516808068545		44522.2428640378	
1155	27720	0	0	0.0230747093188146		48879.7095735566	
1156	27744	0	0	0.0230450803120625		19537.8117839584	
1157	27768	0	0	0.0126289466228773		16326.9354177369	
1158	27792	0	0	0.030386170430674		32976.0451992732	
1159	27816	0	0	0.0497379143122512		50667.9166412766	
1160	27840	0	0	0.0901471989088822		75979.0350653045	
1161	27864	0	0	0.10407264248656		91620.2690814621	
1162	27888	0	0	0.0957076823061786		92454.3466282526	
1163	27912	0	0.15	0.109130264302396		157676.22392172	
1164	27936	0	0.025	0.059554001096318		48075.4894893747	
1165	27960	0	0	0.093448572587814		78046.673530453	
1166	27984	0	0	0.0439623465583097		82157.175599608	
1167	28008	0	0.00833333333333333	0.0347884446627678		720.147740063345	
1168	28032	0	0	0.055269288781016		70433.230949407	
1169	28056	0	0	0.091654552730505		101688.783606131	
1170	28080	0	0	0.0628995643573127		69047.532758033	
1171	28104	0	0	0.0291876469443455		39327.9026479345	
1172	28128	0	0.1	0.0313753225373645		88481.4766276642	
1173	28152	0	0.00833333333333333	0.0515675828800006		43372.7433560547	
1174	28176	0	0	0.039478257271595		31195.6077000228	
1175	28200	0	0.00833333333333333	0.0257143679734409		30125.6533031456	
1176	28224	0	0	0.0130337792353572		-13303.2074430229	
1177	28248	0	0	0		18012.0304035704	
1178	28272	0	0	0		15648.4666800825	
1179	28296	0	0	0		6660.84111840402	
1180	28320	0	0	0.0108262531786636		10675.4410785712	
1181	28344	0	0	0.00789147457308381		6778.08876995598	
1182	28368	0	0	0.000109803769946737		-533.636069948521	
1183	28392	0	0	0.00192427326281575		4270.61790746657	
1184	28416	0	0	0.00135776311001301		6288.01762429855	
1185	28440	0	0	0.00556214784318776		5666.53320523559	
1186	28464	0	0	0		1067.77088000275	
1187	28488	0	0	0.000554324218866142		597.541545522531	
1188	28512	0	0	0.00659772705324713		7128.0566257169	
1189	28536	0	0	0		1751.08628548977	
1190	28560	0	0	0		-635.152115855695	
1191	28584	0	0	0		2468.02155474533	
1192	28608	0	0	0		1413.79277236718	
1193	28632	0	0	0		0	
1194	28656	0	0	0		0	
1195	28680	0	0	0		0	
1196	28704	0	0	0		0	
1197	28728	0	0	0		0	
1198	28752	0	0	0		0	
1199	28776	0	0	0		0	
1200	28800	0	0	0		0	
1201	28824	0	0	0		0	
1202	28848	0	0	0		0	
1203	28872	0	0				
1204	28896	0	0	0			
1205	28920	0	0	0			
1206	28944	0	0	0			
1207	28968	0	0	0			
1208	28992	0	0	0		0	
1209	29016	0	0	0		0	
1210	29040	0	0	0		0	
1211	29064	0	0	0		0	
1212	29088	0	0	0		0	
1213	29112	0	0	0		0	
1214	29136	0	0	0		0	
1215	29160	0	0	0		0	
1216	29184	0	0	0		0	
1217	29208	0	0	0		0	
1218	29232	0	0	0		0	
1219	29256	0	0	0		0	
1220	29280	0	0	0		0	
1221	29304	0	0	0		0	
1222	29328	0	0	0		0	
1223	29352	0	0	0		0	
1224	29376	0	0	0		0	
1225	29400	0	0	0		0	
1226	29424	0	0	0		0	
1227	29448	0	0	0		0	
1228	29472	0	0	0		0	
1229	29496	0	0	0		0	
1230	29520	0	0	0		0	
1231	29544	0	0	0		0	
1232	29568	0	0	0		0	
1233	29592	0	0	0		0	
1234	29616	0	0	0		0	
1235	29640	0	0	0		0	
1236	29664	0	0	0		0	
1237	29688	0	0	0		0	
1238	29712	0	0	0		0	
1239	29736	0	0	0		0	
1240	29760	0	0	0		0	
1241	29784	0	0	0		0	
1242	29808	0	0	0		0	
1243	29832	0	0	0		0	
1244	29856	0	0	0		0	
1245	29880	0	0	0		0	
1246	29904	0	0	0		0	
1247	29928	0	0	0		0	
1248	29952	0	0	0		0	
1249	29976	0	0	0		0	
1250	30000	0	0	0		0	
1251	30024	0	0	0		0	
1252	30048	0	0	0		0	
1253	30072	0	0	0		0	
1254	30096	0	0	0		0	
1255	30120	0	0	0		0	
1256	30144	0	0	0		0	
1257	30168	0	0	0		0	
1258	30192	0	0	0		0	
1259	30216	0	0	0		0	
1260	30240	0	0	0		0	
1261	30264	0	0	0		0	
1262	30288	0	0	0		0	
1263	30312	0	0	0		0	
1264	30336	0	0	0		0	
1265	30360	0	0	0		0	
1266	30384	0	0	0		0	
1267	30408	0	0	0		0	
1268	30432	0	0	0		0	
1269	30456	0	0	0		0	
1270	30480	0	0	0		0	
1271	30504	0	0	0		0	
1272	30528	0	0	0		0	
1273	30552	0	0	0		0	
1274	30576	0	0	0		0	
1275	30600	0	0	0		0	
1276	30624	0	0	0		0	
1277	30648	0	0	0		0	
1278	30672	0	0	0		0	
1279	30696	0	0	0		0	
1280	30720	0	0	0		0	
1281	30744	0	0	0		0	
1282	30768	0	0	0		0	
1283	30792	0	0	0		0	
1284	30816	0	0	0		0	
1285	30840	0	0	0		0	
1286	30864	0	0	0		0	
1287	30888	0	0	0		0	
1288	30912	0	0	0		0	
1289	30936	0	0	0		0	
1290	30960	0	0	0		0	
1291	30984	0	0	0		0	
1292	31008	0	0	0		0	
1293	31032	0	0	0		0	
1294	31056	0	0	0		0	
1295	31080	0	0	0		0	
1296	31104	0	0	0		0	
1297	31128	0	0	0		0	
1298	31152	0	0	0		0	
1299	31176	0	0	0		0	
1300	31200	0	0	0		0	
1301	31224	0	0	0		0	
1302	31248	0	0	0		0	
1303	31272	0	0	0		0	
1304	31296	0	0	0		0	
1305	31320	0	0	0		0	
1306	31344	0	0	0		0	
1307	31368	0	0	0		0	
1308	31392	0	0	0		0	
1309	31416	0	0	0		0	
1310	31440	0	0	0		0	
1311	31464	0	0	0		0	
1312	31488	0	0	0		0	
1313	31512	0	0	0		0	
1314	31536	0	0	0		0	
1315	31560	0	0	0		0	
1316	31584	0	0	0		0	
1317	31608	0	0	0		0	
1318	31632	0	0	0		0	
1319	31656	0	0	0		0	
1320	31680	0	0	0		0	
1321	31704	0	0	0		0	
1322	31728	0	0	0		0	
1323	31752	0	0	0		0	
1324	31776	0	0	0		0	
1325	31800	0	0	0		0	
1326	31824	0	0	0		0	
1327	31848	0	0	0		0	
1328	31872	0	0	0		0	
1329	31896	0	0	0		0	
1330	31920	0	0	0		0	
1331	31944	0	0	0		0	
1332	31968	0	0	0		0	
1333	31992	0	0	0		0	
1334	32016	0	0	0		0	
1335	32040	0	0	0		0	
1336	32064	0	0	0		0	
1337	32088	0	0	0		0	
1338	32112	0	0	0		0	
1339	32136	0	0	0		0	
1340	32160	0	0	0		0	
1341	32184	0	0	0		0	
1342	32208	0	0	0		0	
1343	32232	0	0	0		0	
1344	32256	0	0	0		0	
1345	32280	0	0	0		0	
1346	32304	0	0	0		0	
1347	32328	0	0	0		0	
1348	32352	0	0	0		0	
1349	32376	0	0	0		0	
1350	32400	0	0	0		0	
1351	32424	0	0	0		0	
1352	32448	0	0	0		0	
1353	32472	0	0	0		0	
1354	32496	0	0	0		0	
1355	32520	0	0	0		0	
1356	32544	0	0	0		0	
1357	32568	0	0	0		0	
1358	32592	0	0	0		0	
1359	32616	0	0	0		0	
1360	32640	0	0	0		0	
1361	32664	0	0	0		0	
1362	32688	0	0	0		0	
1363	32712	0	0	0		0	
1364	32736	0	0	0		0	
1365	32760	0	0	0		0	
1366	32784	0	0	0		0	
1367	32808	0	0	0		0	
1368	32832	0	0	0		0	
1369	32856	0	0	0		0	
1370	32880	0	0	0		0	
1371	32904	0	0	0		0	
1372	32928	0	0	0		0	
1373	32952	0	0	0		0	
1374	32976	0	0	0		0	
1375	33000	0	0	0		0	
1376	33024	0	0	0		0	
1377	33048	0	0	0		0	
1378	33072	0	0	0		0	
1379	33096	0	0	0		0	
1380	33120	0	0	0		0	
1381	33144	0	0	0		0	
1382	33168	0	0	0		0	
1383	33192	0	0	0		0	
1384	33216	0	0	0		0	
1385	33240	0	0	0		0	
1386	33264	0	0	0		0	
1387	33288	0	0	0		0	
1388	33312	0	0	0		0	
1389	33336	0	0	0		0	
1390	33360	0	0	0		0	
1391	33384	0	0	0		0	
1392	33408	0	0	0		0	
1393	33432	0	0	0		0	
1394	33456	0	0	0		0	
1395	33480	0	0	0		0	
1396	33504	0	0	0		0	
1397	33528	0	0	0		0	
1398	33552	0	0	0		0	
1399	33576	0	0	0		0	
1400	33600	0	0	0		0	
1401	33624	0	0	0		0	
1402	33648	0	0	0		0	
1403	33672	0	0	0		0	
1404	33696	0	0	0		0	
1405	33720	0	0	0		0	
1406	33744	0	0	0		0	
1407	33768	0	0	0		0	
1408	33792	0	0	0		0	
1409	33816	0	0	0		0	
1410	33840	0	0	0		0	
1411	33864	0	0	0		0	
1412	33888	0	0	0		0	
1413	33912	0	0	0		0	
1414	33936	0	0	0		0	
1415	33960	0	0	0		0	
1416	33984	0	0	0		0	
1417	34008	0	0	0		0	
1418	34032	0	0	0		0	
1419	34056	0	0.075	0		19734.3118511916	
1420	34080	0	0	0		-28283.5771770672	
1421	34104	0	0	0		-14426.3145142626	
1422	34128	0	0	0		-2902.73563566946	
1423	34152	0	0	0		-31412.4032009159	
1424	34176	0	0	0		0	
1425	34200	0	0	0		0	
1426	34224	0	0	0		0	
1427	34248	0	0	0		0	
1428	34272	0	0	0		0	
1429	34296	0	0.00833333333333333	0		2192.70131679906	
1430	34320	0	0.0166666666666667	0		1242.78294725732	
1431	34344	0	0	0		-7888.16320759967	
1432	34368	0	0.0333333333333333	0		5242.43141561906	
1433	34392	0	0.00833333333333333	0		-14513.0968143702	
1434	34416	0	0.00833333333333333	0		-14342.147753862	
1435	34440	0	0	0		-6035.64824822307	
1436	34464	0	0	0		-15886.5181059551	
1437	34488	0	0	0.197710521119262		140138.503517131	
1438	34512	0	0	0.183163858198433		148723.111976215	
1439	34536	0	0	0.0233917826620065		9549.6331891571	
1440	34560	0	0	0		49516.5685940927	
1441	34584	0	0	0.0584014019282954		147154.994100908	
1442	34608	0	0	0.039979778553404		82256.2925933258	
1443	34632	0	0	0		1455.57982538201	
1444	34656	0	0.0666666666666667	0.0137603603708949		43310.4503995413	
1445	34680	0	0	0.0051408909969568		6664.2942260737	
1446	34704	0	0	0		-5502.44375814194	
1447	34728	0	0	0		1670.71267287858	
1448	34752	0	0	0.000237878504422917		-22969.7966926511	
1449	34776	0	0	0.020639256127159		16151.5600575151	
1450	34800	0	0	0.00216902661416562		3517.36137829318	
1451	34824	0	0	0.0131707744143372		7276.71265923406	
1452	34848	0	0	0.00608509610060348		12812.7022117624	
1453	34872	0	0	0.140599427152632		106482.531524896	
1454	34896	0	0	0.26265524325201		209030.966011146	
1455	34920	0	0.00833333333333333	0.169801832431191		138117.911223592	
1456	34944	0	0.025	0.240730659763897		213125.340471926	
1457	34968	0	0	0.146307654911414		220675.342915265	
1458	34992	0	0	0.134527427624778		193136.208870527	
1459	35016	0	0.075	0.166403280346688		252902.247546574	
1460	35040	0	0.00833333333333333	0.208818028012747		218050.000552591	
1461	35064	0	0	0.222038422435014		222262.796760312	
1462	35088	0	0	0.160638026644498		195355.22783445	
1463	35112	0	0	0.0690367764493121		115841.673707469	
1464	35136	0	0	0.148236776745474		214560.158977711	
1465	35160	0	0.025	0.132621391513311		213340.356992622	
1466	35184	0	0.00833333333333333	0.181302525692635		177715.120679505	
1467	35208	0	0	0.297765011509861		276978.591340335	
1468	35232	0	0	0.261734969761442		272500.44163979	
1469	35256	0	0	0.127454211283549		162365.11879024	
1470	35280	0	0	0.0765950850869239		176279.877480798	
1471	35304	0	0	0.136799365825788		247825.622393287	
1472	35328	0	0.00833333333333333	0.109101428214669		186476.560339804	
1473	35352	0	0.216666666666667	0.141311051162478		204481.325893972	
1474	35376	0	0	0.119612912326239		68609.4237563494	
1475	35400	0	0.075	0.0770976013277629		95606.2709440097	
1476	35424	0	0.375	0.139984395722784		226387.191897383	
1477	35448	0	0	0.211363410499157		-16207.9735948323	
1478	35472	0	0	0.285895132889469		188698.113036582	
1479	35496	0	0	0.23716230044531		193706.297238227	
1480	35520	0	0	0.248963953738036		116002.68026821	
1481	35544	0	0	0.289589218946296		351752.086209476	
1482	35568	0	0	0.26448461510643		334477.249850336	
1483	35592	0	0	0.158881457869607		243827.794203015	
1484	35616	0	0	0.242623000855417		314891.187978422	
1485	35640	0	0	0.280020112038208		363197.054824545	
1486	35664	0	0	0.100415512959948		182446.369862529	
1487	35688	0	0	0.0696026538059761		145354.559991172	
1488	35712	0	0	0.0914029154724698		212212.589356915	
1489	35736	0	0	0.12956533309242		190027.46370862	
1490	35760	0	0	0.16598064008507		167971.383974245	
1491	35784	0	0	0.207957595892106		198351.09484902	
1492	35808	0	0	0.219988324120339		224778.258828247	
1493	35832	0	0	0.228975889507844		248316.374517754	
1494	35856	0	0	0.155490880200179		216901.426957295	
1495	35880	0	0	0.12730758721975		201518.688401985	
1496	35904	0	0.0333333333333333	0.12808549689686		223219.201022593	
1497	35928	0	0	0.157515980417129		202696.713320142	
1498	35952	0	0	0.161320905463851		188552.230417678	
1499	35976	0	0	0.162911555501488		185718.864996417	
1500	36000	0	0	0.104481765501024		140823.186702194	
1501	36024	0	0	0.110166597378882		160812.155884401	
1502	36048	0	0	0.176126485107991		218133.704073673	
1503	36072	0	0	0.123306115318714		164784.040451151	
1504	36096	0	0	0.102929184927277		126091.375160197	
1505	36120	0	0	0.138545588611683		181449.717213056	
1506	36144	0	0	0.0934902759957321		149939.482525775	
1507	36168	0	0	0.112247389750705		136231.563892492	
1508	36192	0	0	0.138238772883382		170944.970773474	
1509	36216	0	0.025	0.105667739636834		145509.346295994	
1510	36240	0	0.0333333333333333	0.0769737692675907		108020.86742097	
1511	36264	0	0	0.0147120933508038		60614.2873303342	
1512	36288	0	0	0.039971369029649		80660.9291916624	
1513	36312	0	0.1	0.0938258148877882		134871.31397146	
1514	36336	0	0	0.074769613241342		28402.7419388676	
1515	36360	0	0	0.109326514275002		73040.2669882857	
1516	36384	0	0	0.0873503379940992		102692.778789988	
1517	36408	0	0	0.0787015818891526		56681.5440151241	
1518	36432	0	0	0.126496957094268		143533.601973208	
1519	36456	0	0	0.0568302666800698		98038.9380736428	
1520	36480	0	0	0.023497748898679		53306.7850618216	
1521	36504	0	0	0.0258885377733797		75824.8941852974	
1522	36528	0	0	0.0639871066246815		93433.9052850294	
1523	36552	0	0	0.037701551118273		50829.8142304606	
1524	36576	0	0	0.0367241483005714		36512.8161004524	
1525	36600	0	0.2	0.0286021372165095		100525.685779123	
1526	36624	0	0.00833333333333333	0.0545775384222011		-8263.52052576401	
1527	36648	0	0	0.0111276863193019		-10760.369490764	
1528	36672	0	0	0.0221991878496102		19047.5047531985	
1529	36696	0	0.133333333333333	0.0440127133641521		9314.60885705929	
1530	36720	0	0.00833333333333333	0.0387192078231706		-6335.21673747976	
1531	36744	0	0	0.0298505159304661		1371.90387872603	
1532	36768	0	0	0.0467422932529882		45658.5180707589	
1533	36792	0	0	0.0517710815419878		5435.80314827232	
1534	36816	0	0	0.0144313951550057		24981.5245150604	
1535	36840	0	0	0.00747872600410381		23328.5958305269	
1536	36864	0	0	0.00440114298011985		30546.7593756128	
1537	36888	0	0	0.00487835690173632		19260.190437398	
1538	36912	0	0	0.0290611966854684		26824.4030621345	
1539	36936	0	0.00833333333333333	0.0195903006911085		21781.5709093675	
1540	36960	0	0	0.0403846664735656		27142.2628748456	
1541	36984	0	0.00833333333333333	0.0066176656075676		18180.1909674955	
1542	37008	0	0	0.00353112091752194		7843.82386505761	
1543	37032	0	0	0		12986.0707541883	
1544	37056	0	0	0		10242.0608951028	
1545	37080	0	0	0		-814.883193688071	
1546	37104	0	0	0.0030881495757562		3005.12024643481	
1547	37128	0	0.266666666666667	0.0177433367953554		83379.6913996019	
1548	37152	0	0	0		-99261.5276552859	
1549	37176	0	0	0		-52432.9013862637	
1550	37200	0	0.075	0.0036978154123588		19085.3958453606	
1551	37224	0	0.291666666666667	0.00561794695267004		-54982.4519551198	
1552	37248	0	0.025	0.00251411425529291		-115940.282016103	
1553	37272	0	0	0		-67585.4099953276	
1554	37296	0	0	0		-45034.0768034588	
1555	37320	0	0	0		-121027.888377705	
1556	37344	0	0	0		-9932.06453932355	
1557	37368	0	0	0		0	
1558	37392	0	0	0		0	
1559	37416	0	0.00833333333333333	0.000816151671013899		2786.93419170384	
1560	37440	0	0	0		-3064.7926820048	
1561	37464	0	0	0		-1705.90930805543	
1562	37488	0	0	0		-31.9208355852373	
1563	37512	0	0	0		-3315.37810613778	
1564	37536	0	0	0		0	
1565	37560	0	0	0		0	
1566	37584	0	0	0		0	
1567	37608	0	0	0		0	
1568	37632	0	0				
1569	37656	0	0	0			
1570	37680	0	0	0			
1571	37704	0	0	0			
1572	37728	0	0	0			
1573	37752	0	0	0		0	
1574	37776	0	0	0		0	
1575	37800	0	0	0		0	
1576	37824	0	0	0		0	
1577	37848	0	0	0		0	
1578	37872	0	0	0		0	
1579	37896	0	0	0		0	
1580	37920	0	0	0		0	
1581	37944	0	0	0		0	
1582	37968	0	0	0		0	
1583	37992	0	0	0		0	
1584	38016	0	0	0		0	
1585	38040	0	0	0		0	
1586	38064	0	0	0		0	
1587	38088	0	0	0		0	
1588	38112	0	0	0		0	
1589	38136	0	0	0		0	
1590	38160	0	0	0		0	
1591	38184	0	0	0		0	
1592	38208	0	0	0		0	
1593	38232	0	0	0		0	
1594	38256	0	0	0		0	
1595	38280	0	0	0		0	
1596	38304	0	0	0		0	
1597	38328	0	0	0		0	
1598	38352	0	0	0		0	
1599	38376	0	0	0		0	
1600	38400	0	0	0		0	
1601	38424	0	0	0		0	
1602	38448	0	0	0		0	
1603	38472	0	0	0		0	
1604	38496	0	0	0		0	
1605	38520	0	0	0		0	
1606	38544	0	0	0		0	
1607	38568	0	0	0		0	
1608	38592	0	0	0		0	
1609	38616	0	0	0		0	
1610	38640	0	0	0		0	
1611	38664	0	0	0		0	
1612	38688	0	0	0		0	
1613	38712	0	0	0		0	
1614	38736	0	0	0		0	
1615	38760	0	0	0		0	
1616	38784	0	0	0		0	
1617	38808	0	0	0		0	
1618	38832	0	0	0		0	
1619	38856	0	0	0		0	
1620	38880	0	0	0		0	
1621	38904	0	0	0		0	
1622	38928	0	0	0		0	
1623	38952	0	0	0		0	
1624	38976	0	0	0		0	
1625	39000	0	0	0		0	
1626	39024	0	0	0		0	
1627	39048	0	0	0		0	
1628	39072	0	0	0		0	
1629	39096	0	0	0		0	
1630	39120	0	0	0		0	
1631	39144	0	0	0		0	
1632	39168	0	0	0		0	
1633	39192	0	0	0		0	
1634	39216	0	0	0		0	
1635	39240	0	0	0		0	
1636	39264	0	0	0		0	
1637	39288	0	0	0		0	
1638	39312	0	0	0		0	
1639	39336	0	0	0		0	
1640	39360	0	0	0		0	
1641	39384	0	0	0		0	
1642	39408	0	0	0		0	
1643	39432	0	0	0		0	
1644	39456	0	0	0		0	
1645	39480	0	0	0		0	
1646	39504	0	0	0		0	
1647	39528	0	0	0		0	
1648	39552	0	0	0		0	
1649	39576	0	0	0		0	
1650	39600	0	0	0		0	
1651	39624	0	0	0		0	
1652	39648	0	0	0		0	
1653	39672	0	0	0		0	
1654	39696	0	0	0		0	
1655	39720	0	0	0		0	
1656	39744	0	0	0		0	
1657	39768	0	0	0		0	
1658	39792	0	0	0		0	
1659	39816	0	0	0		0	
1660	39840	0	0	0		0	
1661	39864	0	0	0		0	
1662	39888	0	0	0		0	
1663	39912	0	0	0		0	
1664	39936	0	0	0		0	
1665	39960	0	0	0		0	
1666	39984	0	0	0		0	
1667	40008	0	0	0		0	
1668	40032	0	0	0		0	
1669	40056	0	0	0		0	
1670	40080	0	0	0		0	
1671	40104	0	0	0		0	
1672	40128	0	0	0		0	
1673	40152	0	0	0		0	
1674	40176	0	0	0		0	
1675	40200	0	0	0		0	
1676	40224	0	0	0		0	
1677	40248	0	0	0		0	
1678	40272	0	0	0		0	
1679	40296	0	0	0		0	
1680	40320	0	0	0		0	
1681	40344	0	0	0		0	
1682	40368	0	0	0		0	
1683	40392	0	0	0		0	
1684	40416	0	0	0		0	
1685	40440	0	0	0		0	
1686	40464	0	0	0		0	
1687	40488	0	0	0		0	
1688	40512	0	0	0		0	
1689	40536	0	0	0		0	
1690	40560	0	0	0		0	
1691	40584	0	0	0		0	
1692	40608	0	0	0		0	
1693	40632	0	0	0		0	
1694	40656	0	0	0		0	
1695	40680	0	0	0		0	
1696	40704	0	0	0		0	
1697	40728	0	0	0		0	
1698	40752	0	0	0		0	
1699	40776	0	0	0		0	
1700	40800	0	0	0		0	
1701	40824	0	0	0		0	
1702	40848	0	0	0		0	
1703	40872	0	0	0		0	
1704	40896	0	0	0		0	
1705	40920	0	0	0		0	
1706	40944	0	0	0		0	
1707	40968	0	0	0		0	
1708	40992	0	0	0		0	
1709	41016	0	0	0		0	
1710	41040	0	0	0		0	
1711	41064	0	0	0		0	
1712	41088	0	0	0		0	
1713	41112	0	0	0		0	
1714	41136	0	0	0		0	
1715	41160	0	0	0		0	
1716	41184	0	0	0		0	
1717	41208	0	0	0		0	
1718	41232	0	0	0		0	
1719	41256	0	0	0		0	
1720	41280	0	0	0		0	
1721	41304	0	0	0		0	
1722	41328	0	0	0		0	
1723	41352	0	0	0		0	
1724	41376	0	0	0		0	
1725	41400	0	0	0		0	
1726	41424	0	0	0		0	
1727	41448	0	0	0		0	
1728	41472	0	0	0		0	
1729	41496	0	0	0		0	
1730	41520	0	0	0		0	
1731	41544	0	0	0		0	
1732	41568	0	0	0		0	
1733	41592	0	0	0		0	
1734	41616	0	0	0		0	
1735	41640	0	0	0		0	
1736	41664	0	0	0		0	
1737	41688	0	0	0		0	
1738	41712	0	0	0		0	
1739	41736	0	0	0		0	
1740	41760	0	0	0		0	
1741	41784	0	0	0		0	
1742	41808	0	0	0		0	
1743	41832	0	0	0		0	
1744	41856	0	0	0		0	
1745	41880	0	0	0		0	
1746	41904	0	0	0		0	
1747	41928	0	0	0		0	
1748	41952	0	0	0		0	
1749	41976	0	0	0		0	
1750	42000	0	0	0		0	
1751	42024	0	0	0		0	
1752	42048	0	0	0		0	
1753	42072	0	0	0		0	
1754	42096	0	0	0		0	
1755	42120	0	0	0		0	
1756	42144	0	0	0		0	
1757	42168	0	0	0		0	
1758	42192	0	0	0		0	
1759	42216	0	0	0		0	
1760	42240	0	0	0		0	
1761	42264	0	0	0		0	
1762	42288	0	0	0		0	
1763	42312	0	0	0		0	
1764	42336	0	0	0		0	
1765	42360	0	0	0		0	
1766	42384	0	0	0		0	
1767	42408	0	0	0		0	
1768	42432	0	0	0		0	
1769	42456	0	0.0416666666666667	0		10963.5065839953	
1770	42480	0	0	0		-15713.098431704	
1771	42504	0	0	0		-8014.61917459035	
1772	42528	0	0	0		-1612.63090870525	
1773	42552	0	0	0		-17451.33511162	
1774	42576	0	0	0		0	
1775	42600	0	0	0		0	
1776	42624	0	0	0		0	
1777	42648	0	0	0		0	
1778	42672	0	0	0		0	
1779	42696	0	0	0		0	
1780	42720	0	0	0		0	
1781	42744	0	0	0		0	
1782	42768	0	0	0		0	
1783	42792	0	0	0		0	
1784	42816	0	0	0		0	
1785	42840	0	0	0		0	
1786	42864	0	0.0166666666666667	0		4385.40263359812	
1787	42888	0	0	0		-6285.2393726816	
1788	42912	0	0	0		-3205.84766983614	
1789	42936	0	0	0		-645.052363482101	
1790	42960	0	0	0		-6980.53404464798	
1791	42984	0	0	0		0	
1792	43008	0	0	0		0	
1793	43032	0	0	0		0	
1794	43056	0	0	0		0	
1795	43080	0	0	0		0	
1796	43104	0	0	0		0	
1797	43128	0	0	0		0	
1798	43152	0	0	0		0	
1799	43176	0	0	0		0	
1800	43200	0	0	0		0	
1801	43224	0	0	0		0	
1802	43248	0	0	0		0	
1803	43272	0	0	0		0	
1804	43296	0	0	0		0	
1805	43320	0	0	0		0	
1806	43344	0	0	0		0	
1807	43368	0	0	0		0	
1808	43392	0	0	0		0	
1809	43416	0	0	0		0	
1810	43440	0	0	0		0	
1811	43464	0	0	0.0157539514138769		11470.3138794639	
1812	43488	0	0	0		1502.27327657596	
1813	43512	0	0	0.157897189370805		112975.658708769	
1814	43536	0	0	0.605572485122168		461578.331482361	
1815	43560	0	0.141666666666667	0.476406822581248		425341.736883799	
1816	43584	0	0	0.0479078876704193		6694.62931265746	
1817	43608	0	0	0.156870804080393		280879.792251688	
1818	43632	0	0	0.0702799964952847	43050	353999.180891033	-310949.180891033
1819	43656	0.985559508742359	0	0.111353312984518	117162.5	127793.213324297	-10630.713324297
1820	43680	0.998124781686484	0	0.093217933434782	263375	135743.996448959	127631.003551041
1821	43704	0.999950759750806	0	0.0978254282466715	313862.5	124703.404505801	189159.095494199
1822	43728	0.989114635697205	0	0.248284848959761	690200	233049.142553518	457150.857446483
1823	43752	0.752413408057515	0	0.350000516426286	1457837.5	323217.583816865	1134619.91618314
1824	43776	0.619034697117589	0	0.287452312469988	1713775	266145.076465715	1447629.92353428
1825	43800	0.615799894668494	0	0.268991375973726	1790512.5	288465.487747161	1502047.01225284
1826	43824	0.659386082442051	0	0.112573179577182	1448562.5	249169.806680171	1199392.69331983
1827	43848	0.77738810441242	0	0.157539010921956	1230600	268847.428883913	961752.571116087
1828	43872	0.657427474177793	0	0.123360532076663	1335425	248011.286688773	1087413.71331123
1829	43896	0.826557777372172	0	0.0940033858949904	914200	158052.033643108	756147.966356892
1830	43920	0.814528831432596	0	0.131675888995666	1002312.5	169487.22439159	832825.275608411
1831	43944	0.836934095782577	0	0.132166383725801	933362.5	174606.790676927	758755.709323074
1832	43968	0.996847602872987	0	0.168545405717444	515375	178610.070176727	336764.929823273
1833	43992	0.922463944372989	0	0.111339308455224	738937.5	147489.144074677	591448.355925323
1834	44016	0.989757892435371	0	0.182490292321948	624837.5	197495.299549562	427342.200450438
1835	44040	0.959239533121533	0.00833333333333333	0.199614030045392	259525	239217.507863114	20307.4921368862
1836	44064	0.912762939347811	0	0.167591531520467	93362.5	190647.870114663	-97285.3701146632
1837	44088	0.823247439686038	0	0.209929959302896	0	230875.617911726	-230875.617911726
1838	44112	0.81064060903909	0	0.230902223309906	0	276847.588683542	-276847.588683542
1839	44136	0.844806386667286	0	0.182187753330968	0	227135.887000225	-227135.887000225
1840	44160	0.737174960532537	0	0.299021200188302	0	316613.270273739	-316613.270273739
1841	44184	0.630490016055601	0	0.432615558163223	0	447710.242704703	-447710.242704703
1842	44208	0.639333013039167	0	0.386367293181184	0	399182.488758193	-399182.488758193
1843	44232	0.646293065335274	0	0.310849736468947	0	354093.009912124	-354093.009912124
1844	44256	0.630615115334275	0	0.322759902004138	0	434003.543700237	-434003.543700237
1845	44280	0.674090666588826	0	0.304934152134288	0	443849.356588269	-443849.356588269
1846	44304	0.713679217363581	0	0.270942604533018	0	379098.023811464	-379098.023811464
1847	44328	0.756760732627357	0.0416666666666667	0.222436478469187	0	341811.151150426	-341811.151150426
1848	44352	0.728192100885555	0	0.272263074192906	0	347281.571026017	-347281.571026017
1849	44376	0.78368791928964	0	0.227154804564526	0	317086.128908648	-317086.128908648
1850	44400	0.876037874258198	0.133333333333333	0.115512867950297	0	242141.691848689	-242141.691848689
1851	44424	0.905800155529851	0.258333333333333	0.127412395437537	80762.5	219968.998823418	-139206.498823418
1852	44448	0.892491548749983	0	0.162583666741817	68337.5	132106.064075798	-63768.5640757977
1853	44472	0.884124334710556	0	0.190473570731102	0	173063.621057976	-173063.621057976
1854	44496	0.909595330349135	0	0.181866303446528	0	134340.564902967	-134340.564902967
1855	44520	0.907150475919034	0.00833333333333333	0.164883174676538	0	92545.5091046205	-92545.5091046205
1856	44544	0.832462533849345	0	0.202861196293611	0	239993.912887152	-239993.912887152
1857	44568	0.866410419003047	0	0.164589260749885	0	222344.290814942	-222344.290814942
1858	44592	0.849817789667086	0	0.182749785708049	0	220513.872899395	-220513.872899395
1859	44616	0.953224977351596	0.0333333333333333	0.114899264946008	138775	193160.168146114	-54385.1681461136
1860	44640	0.959258268108722	0.0333333333333333	0.114147160702844	148137.5	169281.368658552	-21143.8686585519
1861	44664	0.946911457684982	0.00833333333333333	0.0952948627631951	54425	149320.60658307	-94895.6065830695
1862	44688	0.950037178027065	0	0.0984147993403503	28612.5	135566.572655304	-106954.072655304
1863	44712	0.959311664005321	0	0.0901885633980583	544162.5	111436.683827162	432725.816172838
1864	44736	0.958958892824213	0.0333333333333333	0.0591093319277647	493587.5	92097.4860425209	401490.013957479
1865	44760	0.614341191199823	0.158333333333333	0.0459716742515965	1218350	108790.940824124	1109559.05917588
1866	44784	0.647436000239166	0.0916666666666667	0.036867378826349	1135662.5	34968.2277635633	1100694.27223644
1867	44808	0	0	0.0606459650645394		15929.0101957061	
1868	44832	0	0	0.00315840222556751		-5255.32951597876	
1869	44856	0	0	0.0240426239781044		-36730.7025665499	
1870	44880	0	0	0.043020293396328		24318.0855839303	
1871	44904	0	0	0.0524508747332177		53377.688068664	
1872	44928	0	0	0.0994261088936863		81202.0347116143	
1873	44952	0	0	0.0724255099840985		76065.142032061	
1874	44976	0	0	0.100219256944365		95223.8078314414	
1875	45000	0	0	0.116223776625384		131681.178011683	
1876	45024	0	0	0.109176449345032		125021.150587594	
1877	45048	0	0	0.0958915117755073		116767.603716443	
1878	45072	0	0	0.0787920286952222		115594.522389653	
1879	45096	0	0	0.0869753252220669		122518.676534929	
1880	45120	0	0	0.0605796741464637		99997.7925156377	
1881	45144	0	0	0.0698827776049864		94286.3115495631	
1882	45168	0	0	0.0439317091830844		78859.0600989378	
1883	45192	0	0	0.0193649766872781		49678.5918022128	
1884	45216	0	0	0.00699657414252641		39261.5834832038	
1885	45240	0	0	0.00305563254464403		31065.8939038109	
1886	45264	0	0	0.00329680820876454		18118.0439037388	
1887	45288	0	0	0.00388181925523057		9396.00011501205	
1888	45312	0	0	0.00608354981603121		6970.81061255298	
1889	45336	0	0	0.00932869042934925		8711.09452497619	
1890	45360	0	0	0.00924070545127975		8938.64540474464	
1891	45384	0	0	0.02675211411837		22179.9971909382	
1892	45408	0	0	0.0442227339197938		38208.4539486705	
1893	45432	0	0	0.0502678980726792		42730.2492482361	
1894	45456	0	0	0.0480226946591262		45683.8726455026	
1895	45480	0	0	0.0309659731484668		42261.2742393654	
1896	45504	0	0	0.0286599144265587		45135.2359790062	
1897	45528	0	0	0.0357141564158905		52699.6969748448	
1898	45552	0	0	0.0113167185598666		29345.3439856877	
1899	45576	0	0	0.0240285333048718		30907.9576320791	
1900	45600	0	0	0.0209635962947665		34984.7907185198	
1901	45624	0	0	0.0342311786148794		35572.9771338721	
1902	45648	0	0	0.0453890300173434		44647.1019741781	
1903	45672	0	0	0.0309431132664742		35151.6165305523	
1904	45696	0	0	0.0130244064746279		23387.0668970972	
1905	45720	0	0	0.00887124738372335		27293.3273491097	
1906	45744	0	0	0.000732953370597755		20480.1582060251	
1907	45768	0	0	0		10218.6933469042	
1908	45792	0	0	0		5857.21118906721	
1909	45816	0	0	1.03229677606009e-05		2169.47084449155	
1910	45840	0	0	0.00115095531227105		996.045636154132	
1911	45864	0	0	0.00503606903445863		3775.16848687858	
1912	45888	0	0	0.0027132367100613		2314.15914026992	
1913	45912	0	0	0		35.2878925954276	
1914	45936	0	0	0.000257880386149267		1885.20712967186	
1915	45960	0	0	6.70479949302914e-05		2118.65758624543	
1916	45984	0	0	0.000314604832063026		784.319624821116	
1917	46008	0	0	6.18885067620313e-05		158.423232985768	
1918	46032	0	0	0		45.3369121598921	
1919	46056	0	0	0		118.578670578356	
1920	46080	0	0	0		89.4515463607391	
1921	46104	0	0	0		13.2617677037267	
1922	46128	0	0	0.000355852735745898		259.093256456025	
1923	46152	0	0	0.00105718155192847		803.658203005085	
1924	46176	0	0	0.00166551711751062		1268.55665751825	
1925	46200	0	0	0		152.129288550543	
1926	46224	0	0	0		242.520169704639	
1927	46248	0	0	0		819.575010439502	
1928	46272	0	0	1.54681187982675e-05		368.157242024152	
1929	46296	0	0	0.00064964303655124		474.474414957002	
1930	46320	0	0	0		59.9971569361767	
1931	46344	0	0	0		-76.4670093664552	
1932	46368	0	0	0		234.631562793791	
1933	46392	0	0	0		139.208642958757	
1934	46416	0	0				
1935	46440	0	0	0			
1936	46464	0	0	0			
1937	46488	0	0	0			
1938	46512	0	0	0			
1939	46536	0	0	0		0	
1940	46560	0	0	0		0	
1941	46584	0	0	0		0	
1942	46608	0	0	0		0	
1943	46632	0	0	0		0	
1944	46656	0	0	0		0	
1945	46680	0	0	0		0	
1946	46704	0	0	0		0	
1947	46728	0	0	0		0	
1948	46752	0	0	0		0	
1949	46776	0	0	0		0	
1950	46800	0	0	0		0	
1951	46824	0	0	0		0	
1952	46848	0	0	0		0	
1953	46872	0	0	0		0	
1954	46896	0	0	0		0	
1955	46920	0	0	0		0	
1956	46944	0	0	0		0	
1957	46968	0	0	0		0	
1958	46992	0	0	0		0	
1959	47016	0	0	0		0	
1960	47040	0	0	0		0	
1961	47064	0	0	0		0	
1962	47088	0	0	0		0	
1963	47112	0	0	0		0	
1964	47136	0	0	0		0	
1965	47160	0	0	0		0	
1966	47184	0	0	0		0	
1967	47208	0	0	0		0	
1968	47232	0	0	0		0	
1969	47256	0	0	0		0	
1970	47280	0	0	0		0	
1971	47304	0	0	0		0	
1972	47328	0	0	0		0	
1973	47352	0	0	0		0	
1974	47376	0	0	0		0	
1975	47400	0	0	0		0	
1976	47424	0	0	0		0	
1977	47448	0	0	0		0	
1978	47472	0	0	0		0	
1979	47496	0	0	0		0	
1980	47520	0	0	0		0	
1981	47544	0	0	0		0	
1982	47568	0	0	0		0	
1983	47592	0	0	0		0	
1984	47616	0	0	0		0	
1985	47640	0	0	0		0	
1986	47664	0	0	0		0	
1987	47688	0	0	0		0	
1988	47712	0	0	0		0	
1989	47736	0	0	0		0	
1990	47760	0	0	0		0	
1991	47784	0	0	0		0	
1992	47808	0	0	0		0	
1993	47832	0	0	0		0	
1994	47856	0	0	0		0	
1995	47880	0	0	0		0	
1996	47904	0	0	0		0	
1997	47928	0	0	0		0	
1998	47952	0	0	0		0	
1999	47976	0	0	0		0	
2000	48000	0	0	0		0	
2001	48024	0	0	0		0	
2002	48048	0	0	0		0	
2003	48072	0	0	0		0	
2004	48096	0	0	0		0	
2005	48120	0	0	0		0	
2006	48144	0	0	0		0	
2007	48168	0	0	0		0	
2008	48192	0	0	0		0	
2009	48216	0	0	0		0	
2010	48240	0	0	0		0	
2011	48264	0	0	0		0	
2012	48288	0	0	0		0	
2013	48312	0	0	0		0	
2014	48336	0	0	0		0	
2015	48360	0	0	0		0	
2016	48384	0	0	0		0	
2017	48408	0	0	0		0	
2018	48432	0	0	0		0	
2019	48456	0	0	0		0	
2020	48480	0	0	0		0	
2021	48504	0	0	0		0	
2022	48528	0	0	0		0	
2023	48552	0	0	0		0	
2024	48576	0	0	0		0	
2025	48600	0	0	0		0	
2026	48624	0	0	0		0	
2027	48648	0	0	0		0	
2028	48672	0	0	0		0	
2029	48696	0	0	0		0	
2030	48720	0	0	0		0	
2031	48744	0	0	0		0	
2032	48768	0	0	0		0	
2033	48792	0	0	0		0	
2034	48816	0	0	0		0	
2035	48840	0	0	0		0	
2036	48864	0	0	0		0	
2037	48888	0	0	0		0	
2038	48912	0	0	0		0	
2039	48936	0	0	0		0	
2040	48960	0	0	0		0	
2041	48984	0	0	0		0	
2042	49008	0	0	0		0	
2043	49032	0	0	0		0	
2044	49056	0	0	0		0	
2045	49080	0	0	0		0	
2046	49104	0	0	0		0	
2047	49128	0	0	0		0	
2048	49152	0	0	0		0	
2049	49176	0	0	0		0	
2050	49200	0	0	0		0	
2051	49224	0	0	0		0	
2052	49248	0	0	0		0	
2053	49272	0	0	0		0	
2054	49296	0	0	0		0	
2055	49320	0	0	0		0	
2056	49344	0	0	0		0	
2057	49368	0	0	0		0	
2058	49392	0	0	0		0	
2059	49416	0	0	0		0	
2060	49440	0	0	0		0	
2061	49464	0	0	0		0	
2062	49488	0	0	0		0	
2063	49512	0	0	0		0	
2064	49536	0	0	0		0	
2065	49560	0	0	0		0	
2066	49584	0	0	0		0	
2067	49608	0	0	0		0	
2068	49632	0	0	0		0	
2069	49656	0	0	0		0	
2070	49680	0	0	0		0	
2071	49704	0	0	0		0	
2072	49728	0	0	0		0	
2073	49752	0	0	0		0	
2074	49776	0	0	0		0	
2075	49800	0	0	0		0	
2076	49824	0	0	0		0	
2077	49848	0	0	0		0	
2078	49872	0	0	0		0	
2079	49896	0	0	0		0	
2080	49920	0	0	0		0	
2081	49944	0	0	0		0	
2082	49968	0	0	0		0	
2083	49992	0	0	0		0	
2084	50016	0	0	0		0	
2085	50040	0	0	0		0	
2086	50064	0	0	0		0	
2087	50088	0	0	0		0	
2088	50112	0	0	0		0	
2089	50136	0	0	0		0	
2090	50160	0	0	0		0	
2091	50184	0	0	0		0	
2092	50208	0	0	0		0	
2093	50232	0	0	0		0	
2094	50256	0	0	0		0	
2095	50280	0	0	0		0	
2096	50304	0	0	0		0	
2097	50328	0	0	0		0	
2098	50352	0	0	0		0	
2099	50376	0	0	0		0	
2100	50400	0	0	0		0	
2101	50424	0	0	0		0	
2102	50448	0	0	0		0	
2103	50472	0	0	0		0	
2104	50496	0	0	0		0	
2105	50520	0	0	0		0	
2106	50544	0	0	0		0	
2107	50568	0	0	0		0	
2108	50592	0	0	0		0	
2109	50616	0	0	0		0	
2110	50640	0	0	0		0	
2111	50664	0	0	0		0	
2112	50688	0	0	0		0	
2113	50712	0	0	0		0	
2114	50736	0	0	0		0	
2115	50760	0	0	0		0	
2116	50784	0	0	0		0	
2117	50808	0	0	0		0	
2118	50832	0	0	0		0	
2119	50856	0	0	0		0	
2120	50880	0	0	0		0	
2121	50904	0	0	0		0	
2122	50928	0	0	0		0	
2123	50952	0	0	0		0	
2124	50976	0	0	0		0	
2125	51000	0	0	0		0	
2126	51024	0	0	0		0	
2127	51048	0	0	0		0	
2128	51072	0	0	0		0	
2129	51096	0	0	0		0	
2130	51120	0	0	0		0	
2131	51144	0	0	0		0	
2132	51168	0	0	0		0	
2133	51192	0	0	0		0	
2134	51216	0	0	0		0	
2135	51240	0	0	0		0	
2136	51264	0	0	0		0	
2137	51288	0	0	0		0	
2138	51312	0	0	0		0	
2139	51336	0	0	0		0	
2140	51360	0	0	0		0	
2141	51384	0	0	0		0	
2142	51408	0	0	0		0	
2143	51432	0	0	0		0	
2144	51456	0	0	0		0	
2145	51480	0	0	0		0	
2146	51504	0	0	0		0	
2147	51528	0	0	0		0	
2148	51552	0	0	0		0	
2149	51576	0	0	0		0	
2150	51600	0	0	0		0	
2151	51624	0	0	0		0	
2152	51648	0	0	0		0	
2153	51672	0	0	0		0	
2154	51696	0	0	0		0	
2155	51720	0	0	0		0	
2156	51744	0	0	0		0	
2157	51768	0	0	0		0	
2158	51792	0	0	0		0	
2159	51816	0	0	0		0	
2160	51840	0	0	0		0	
2161	51864	0	0	0		0	
2162	51888	0	0.025	0		6578.10395039719	
2163	51912	0	0.0166666666666667	0		-5042.45642542428	
2164	51936	0	0.00833333333333333	0		-8901.30956063675	
2165	51960	0	0	0		-7316.04590140009	
2166	51984	0	0	0		-12718.7772653721	
2167	52008	0	0	0		-7303.06022638903	
2168	52032	0	0	0		-3490.26702232399	
2169	52056	0	0	0		0	
2170	52080	0	0	0		0	
2171	52104	0	0	0		0	
2172	52128	0	0	0		0	
2173	52152	0	0	0		0	
2174	52176	0	0	0		0	
2175	52200	0	0	0.0763701129437667		55604.40955172	
2176	52224	0	0	0		7282.53990319213	
2177	52248	0	0	0.0600631084002652		34094.7183637712	
2178	52272	0	0	0.0662363275340779		81146.5571801363	
2179	52296	0	0	0.0886720872152776		79663.5052210571	
2180	52320	0	0	0.159507718834066		137620.369001755	
2181	52344	0	0	0		40476.635734105	
2182	52368	0	0	0		25639.3572226126	
2183	52392	0	0.00833333333333333	0		77989.3495041353	
2184	52416	0	0.00833333333333333	0		33230.1648931314	
2185	52440	0	0	0.110022291421898		75360.722087469	
2186	52464	0	0	0		8566.11136299449	
2187	52488	0	0	0.00758191786353524		-12175.5438186913	
2188	52512	0	0	0.109332618527748		116012.251603172	
2189	52536	0	0	0.0616432785923586		77927.1145255929	
2190	52560	0	0	0.3442202607825		245405.588698443	
2191	52584	0	0	0.261630730325408		256091.477645431	
2192	52608	0	0.0333333333333333	0.170582074973321		159861.172698996	
2193	52632	0	0.00833333333333333	0.130821081013641		203899.660014057	
2194	52656	0	0	0.0280214479019238		168717.451290676	
2195	52680	0	0	0.0455442039361491		133234.114740121	
2196	52704	0	0	0.194358211430871		211168.404306266	
2197	52728	0	0	0.0905741292898596		113253.218578085	
2198	52752	0	0	0.0412560812881959		36371.6591411712	
2199	52776	0	0	0.00989054043343484		78670.4432410103	
2200	52800	0	0	0.0997196041903514		142240.797184424	
2201	52824	0	0	0.0876323448963743		106164.048290397	
2202	52848	0	0	0.042271921392842		38913.5182117358	
2203	52872	0	0.025	0.181440608785008		169282.921937504	
2204	52896	0	0.00833333333333333	0.186528632881346		193114.015359394	
2205	52920	0	0.2	0.150436896892539		182927.325919473	
2206	52944	0	0.00833333333333333	0.249613413254925		170412.522204955	
2207	52968	0	0	0.109906619421112		137732.736930797	
2208	52992	0	0	0.0936678719504024		127884.183737161	
2209	53016	0	0	0.162912090240373		150705.123098574	
2210	53040	0	0	0.17822500182722		222612.015315443	
2211	53064	0	0.00833333333333333	0.218148408908951		214366.413057917	
2212	53088	0	0	0.314429985308626		302183.572721936	
2213	53112	0	0.291666666666667	0.184875446401328		310574.273815699	
2214	53136	0	0.391666666666667	0.107035541854846		164494.267127606	
2215	53160	0	0	0.169502786608189		61700.4414560598	
2216	53184	0	0.05	0.151396301022404		172623.796052843	
2217	53208	0	0.0166666666666667	0.0688958218669838		-30849.6878339043	
2218	53232	0	0.0583333333333333	0.0872078369461918		-30344.6055990571	
2219	53256	0	0	0.0464274121704307		96515.7171386488	
2220	53280	0	0.00833333333333333	0.0458589837287482		53171.6131252037	
2221	53304	0	0.00833333333333333	0.115026634906473		117891.618652846	
2222	53328	0	0	0.0798694283968225		69375.5284705462	
2223	53352	0	0	0.0939062144469985		85826.1210373711	
2224	53376	0	0	0.216910152511889		203778.247827367	
2225	53400	0	0	0.245172908762128		236940.117726242	
2226	53424	0	0	0.195777673546828		189104.475734298	
2227	53448	0	0	0.227908369966927		251027.598225338	
2228	53472	0	0	0.229303951017351		297761.878741581	
2229	53496	0	0	0.147747002519027		222927.898926909	
2230	53520	0	0.316666666666667	0.087253534667151		255108.594164036	
2231	53544	0	0.00833333333333333	0.0276565649512373		23071.7427052729	
2232	53568	0	0	0.0349893491247846		54793.2907693302	
2233	53592	0	0	0.0305828262317673		70982.9945924655	
2234	53616	0	0	0.0314914082456825		-82978.1054061022	
2235	53640	0	0	0.0558094544097303		54672.9738890711	
2236	53664	0	0.00833333333333333	0.0594024878816679		65178.5655850815	
2237	53688	0	0	0.112911994922033		95456.3855641815	
2238	53712	0	0.05	0.0519464061053219		79266.5502108913	
2239	53736	0	0.00833333333333333	0.0431479576064593		38246.3581415396	
2240	53760	0	0	0.0294664806594476		55696.9432617518	
2241	53784	0	0.0166666666666667	0.0719060808765856		93258.5666694755	
2242	53808	0	0	0.121456546150179		90515.6553367677	
2243	53832	0	0.05	0.119494216170521		115709.303267283	
2244	53856	0	0.15	0.139361832601115		149422.531303708	
2245	53880	0	0	0.050626872400926		20561.9499480845	
2246	53904	0	0	0.0777766330254952		81657.4747638176	
2247	53928	0	0	0.116610884560155		134412.700393319	
2248	53952	0	0	0.139156143502433		87688.9420645845	
2249	53976	0	0	0.0834580958792124		97862.701207015	
2250	54000	0	0	0.106507199208425		126133.821296562	
2251	54024	0	0.166666666666667	0.0843525281921629		179432.601366616	
2252	54048	0	0.00833333333333333	0.0490189792102509		29170.590096853	
2253	54072	0	0	0.0100642686252268		21964.6163702492	
2254	54096	0	0	0.0360543843340011		65829.8220236059	
2255	54120	0	0	0.0261444448177368		-13394.637786394	
2256	54144	0	0	0.00734650175295393		13889.8422956939	
2257	54168	0	0	0		12395.9607454276	
2258	54192	0	0	0		16108.0901310662	
2259	54216	0	0	0		8218.21058711215	
2260	54240	0	0	0		1574.24382619728	
2261	54264	0	0	0.000334453942320678		243.512982607213	
2262	54288	0	0	0		31.8930283961176	
2263	54312	0	0	0		-42.2028143981614	
2264	54336	0	0	0		119.088286078657	
2265	54360	0	0	0		71.6684037588319	
2266	54384	0	0	0		0	
2267	54408	0	0	0		0	
2268	54432	0	0	0		0	
2269	54456	0	0	0		0	
2270	54480	0	0	0		0	
2271	54504	0	0	0		0	
2272	54528	0	0	0		0	
2273	54552	0	0.00833333333333333	0		2192.70131679906	
2274	54576	0	0	0		-3142.6196863408	
2275	54600	0	0	0		-1602.92383491807	
2276	54624	0	0	0		-322.526181741051	
2277	54648	0	0	0		-3490.26702232399	
2278	54672	0	0	0		0	
2279	54696	0	0	0		0	
2280	54720	0	0	0		0	
2281	54744	0	0	0		0	
2282	54768	0	0	0		0	
2283	54792	0	0	0		0	
2284	54816	0	0	0		0	
2285	54840	0	0	0		0	
2286	54864	0	0	0		0	
2287	54888	0	0	0		0	
2288	54912	0	0	0		0	
2289	54936	0	0	0		0	
2290	54960	0	0	0		0	
2291	54984	0	0	0		0	
2292	55008	0	0	0		0	
2293	55032	0	0	0		0	
2294	55056	0	0	0		0	
2295	55080	0	0	0		0	
2296	55104	0	0	0		0	
2297	55128	0	0	0		0	
2298	55152	0	0	0		0	
2299	55176	0	0				
2300	55200	0	0	0			
2301	55224	0	0	0			
2302	55248	0	0	0			
2303	55272	0	0	0			
2304	55296	0	0	0		0	
2305	55320	0	0	0		0	
2306	55344	0	0	0		0	
2307	55368	0	0	0		0	
2308	55392	0	0	0		0	
2309	55416	0	0	0		0	
2310	55440	0	0	0		0	
2311	55464	0	0	0		0	
2312	55488	0	0	0		0	
2313	55512	0	0	0		0	
2314	55536	0	0	0		0	
2315	55560	0	0	0		0	
2316	55584	0	0	0		0	
2317	55608	0	0	0		0	
2318	55632	0	0	0		0	
2319	55656	0	0	0		0	
2320	55680	0	0	0		0	
2321	55704	0	0	0		0	
2322	55728	0	0	0		0	
2323	55752	0	0	0		0	
2324	55776	0	0	0		0	
2325	55800	0	0	0		0	
2326	55824	0	0	0		0	
2327	55848	0	0	0		0	
2328	55872	0	0	0		0	
2329	55896	0	0	0		0	
2330	55920	0	0	0		0	
2331	55944	0	0	0		0	
2332	55968	0	0	0		0	
2333	55992	0	0	0		0	
2334	56016	0	0	0		0	
2335	56040	0	0	0		0	
2336	56064	0	0	0		0	
2337	56088	0	0	0		0	
2338	56112	0	0	0		0	
2339	56136	0	0	0		0	
2340	56160	0	0	0		0	
2341	56184	0	0	0		0	
2342	56208	0	0	0		0	
2343	56232	0	0	0		0	
2344	56256	0	0	0		0	
2345	56280	0	0	0		0	
2346	56304	0	0	0		0	
2347	56328	0	0	0		0	
2348	56352	0	0	0		0	
2349	56376	0	0	0		0	
2350	56400	0	0	0		0	
2351	56424	0	0	0		0	
2352	56448	0	0	0		0	
2353	56472	0	0	0		0	
2354	56496	0	0	0		0	
2355	56520	0	0	0		0	
2356	56544	0	0	0		0	
2357	56568	0	0	0		0	
2358	56592	0	0	0		0	
2359	56616	0	0	0		0	
2360	56640	0	0	0		0	
2361	56664	0	0	0		0	
2362	56688	0	0	0		0	
2363	56712	0	0	0		0	
2364	56736	0	0	0		0	
2365	56760	0	0	0		0	
2366	56784	0	0	0		0	
2367	56808	0	0	0		0	
2368	56832	0	0	0		0	
2369	56856	0	0	0		0	
2370	56880	0	0	0		0	
2371	56904	0	0	0		0	
2372	56928	0	0	0		0	
2373	56952	0	0	0		0	
2374	56976	0	0	0		0	
2375	57000	0	0	0		0	
2376	57024	0	0	0		0	
2377	57048	0	0	0		0	
2378	57072	0	0	0		0	
2379	57096	0	0	0		0	
2380	57120	0	0	0		0	
2381	57144	0	0	0		0	
2382	57168	0	0	0		0	
2383	57192	0	0	0		0	
2384	57216	0	0	0		0	
2385	57240	0	0	0		0	
2386	57264	0	0	0		0	
2387	57288	0	0	0		0	
2388	57312	0	0	0		0	
2389	57336	0	0	0		0	
2390	57360	0	0	0		0	
2391	57384	0	0	0		0	
2392	57408	0	0	0		0	
2393	57432	0	0	0		0	
2394	57456	0	0	0		0	
2395	57480	0	0	0		0	
2396	57504	0	0	0		0	
2397	57528	0	0	0		0	
2398	57552	0	0	0		0	
2399	57576	0	0	0		0	
2400	57600	0	0	0		0	
2401	57624	0	0	0		0	
2402	57648	0	0	0		0	
2403	57672	0	0	0		0	
2404	57696	0	0	0		0	
2405	57720	0	0	0		0	
2406	57744	0	0	0		0	
2407	57768	0	0	0		0	
2408	57792	0	0	0		0	
2409	57816	0	0	0		0	
2410	57840	0	0	0		0	
2411	57864	0	0	0		0	
2412	57888	0	0	0		0	
2413	57912	0	0	0		0	
2414	57936	0	0	0		0	
2415	57960	0	0	0		0	
2416	57984	0	0	0		0	
2417	58008	0	0	0		0	
2418	58032	0	0	0		0	
2419	58056	0	0	0		0	
2420	58080	0	0	0		0	
2421	58104	0	0	0		0	
2422	58128	0	0	0		0	
2423	58152	0	0	0		0	
2424	58176	0	0	0		0	
2425	58200	0	0	0		0	
2426	58224	0	0	0		0	
2427	58248	0	0	0		0	
2428	58272	0	0	0		0	
2429	58296	0	0	0		0	
2430	58320	0	0	0		0	
2431	58344	0	0	0		0	
2432	58368	0	0	0		0	
2433	58392	0	0	0		0	
2434	58416	0	0	0		0	
2435	58440	0	0	0		0	
2436	58464	0	0	0		0	
2437	58488	0	0	0		0	
2438	58512	0	0	0		0	
2439	58536	0	0	0		0	
2440	58560	0	0	0		0	
2441	58584	0	0	0		0	
2442	58608	0	0	0		0	
2443	58632	0	0	0		0	
2444	58656	0	0	0		0	
2445	58680	0	0	0		0	
2446	58704	0	0	0		0	
2447	58728	0	0	0		0	
2448	58752	0	0	0		0	
2449	58776	0	0	0		0	
2450	58800	0	0	0		0	
2451	58824	0	0	0		0	
2452	58848	0	0	0		0	
2453	58872	0	0	0		0	
2454	58896	0	0	0		0	
2455	58920	0	0	0		0	
2456	58944	0	0	0		0	
2457	58968	0	0	0		0	
2458	58992	0	0	0		0	
2459	59016	0	0	0		0	
2460	59040	0	0	0		0	
2461	59064	0	0	0		0	
2462	59088	0	0	0		0	
2463	59112	0	0	0		0	
2464	59136	0	0	0		0	
2465	59160	0	0	0		0	
2466	59184	0	0	0		0	
2467	59208	0	0	0		0	
2468	59232	0	0	0		0	
2469	59256	0	0	0		0	
2470	59280	0	0	0		0	
2471	59304	0	0	0		0	
2472	59328	0	0	0		0	
2473	59352	0	0	0		0	
2474	59376	0	0	0		0	
2475	59400	0	0	0		0	
2476	59424	0	0	0		0	
2477	59448	0	0	0		0	
2478	59472	0	0	0		0	
2479	59496	0	0	0		0	
2480	59520	0	0	0		0	
2481	59544	0	0	0		0	
2482	59568	0	0	0		0	
2483	59592	0	0	0		0	
2484	59616	0	0	0		0	
2485	59640	0	0	0		0	
2486	59664	0	0	0		0	
2487	59688	0	0	0		0	
2488	59712	0	0	0		0	
2489	59736	0	0	0		0	
2490	59760	0	0	0		0	
2491	59784	0	0	0		0	
2492	59808	0	0	0		0	
2493	59832	0	0	0		0	
2494	59856	0	0	0		0	
2495	59880	0	0	0		0	
2496	59904	0	0	0		0	
2497	59928	0	0	0		0	
2498	59952	0	0	0		0	
2499	59976	0	0	0		0	
2500	60000	0	0	0		0	
2501	60024	0	0	0		0	
2502	60048	0	0	0		0	
2503	60072	0	0	0		0	
2504	60096	0	0	0		0	
2505	60120	0	0	0		0	
2506	60144	0	0	0		0	
2507	60168	0	0	0		0	
2508	60192	0	0	0		0	
2509	60216	0	0	0		0	
2510	60240	0	0	0		0	
2511	60264	0	0	0		0	
2512	60288	0	0	0		0	
2513	60312	0	0	0		0	
2514	60336	0	0	0		0	
2515	60360	0	0	0		0	
2516	60384	0	0	0		0	
2517	60408	0	0	0		0	
2518	60432	0	0	0		0	
2519	60456	0	0	0		0	
2520	60480	0	0	0		0	
2521	60504	0	0	0		0	
2522	60528	0	0	0		0	
2523	60552	0	0	0		0	
2524	60576	0	0.00833333333333333	0		2192.70131679906	
2525	60600	0	0	0		-3142.6196863408	
2526	60624	0	0	0		-1602.92383491807	
2527	60648	0	0	0		-322.526181741051	
2528	60672	0	0	0		-3490.26702232399	
2529	60696	0	0	0		0	
2530	60720	0	0	0		0	
2531	60744	0	0	0		0	
2532	60768	0	0	0		0	
2533	60792	0	0	0		0	
2534	60816	0	0	0		0	
2535	60840	0	0	0		0	
2536	60864	0	0	0		0	
2537	60888	0	0	0		0	
2538	60912	0	0	0		0	
2539	60936	0	0	0		0	
2540	60960	0	0	0		0	
2541	60984	0	0	0		0	
2542	61008	0	0	0		0	
2543	61032	0	0	0		0	
2544	61056	0	0	0		0	
2545	61080	0	0	0		0	
2546	61104	0	0	0		0	
2547	61128	0	0	0		0	
2548	61152	0	0	0.139580365146167		101627.239895284	
2549	61176	0	0	0		13310.1751417805	
2550	61200	0	0	0		-17612.8414065553	
2551	61224	0	0	0		49700.0763099167	
2552	61248	0	0	0		29909.9538091533	
2553	61272	0	0	0.237363992815097		172822.641745215	
2554	61296	0	0	0.224394512697125		186014.352825257	
2555	61320	0	0	0		-8553.66795305014	
2556	61344	0	0	0.0205931323431547		71196.3088929282	
2557	61368	0	0	0.123597844318604	0	222717.403027191	-222717.403027191
2558	61392	0.910199563158412	0	0.198524951765425	0	201816.192123921	-201816.192123921
2559	61416	0.920498286295792	0	0.133393400617243	0	107790.060629026	-107790.060629026
2560	61440	0.216875288062592	0	0.128732593940473	2824412.5	129820.560030669	2694591.93996933
2561	61464	0	0	0.116682174429462	3080350	177572.360804375	2902777.63919563
2562	61488	0.293843996060114	0	0.0660334795015618	2241575	132998.992994623	2108576.00700538
2563	61512	0.257814987289322	0	0.253977090929149	2716350	250913.611299119	2465436.38870088
2564	61536	0.539752903123468	0	0.419390309199835	2003312.5	390373.107117719	1612939.39288228
2565	61560	0.976509354056846	0	0.515854778218213	895387.5	432049.485588571	463338.014411429
2566	61584	0.998014365903468	0.0166666666666667	0.293122758175955	958562.5	318659.250407983	639903.249592017
2567	61608	0.664696731028643	0	0.108796653019798	1576750	239542.48719368	1337207.51280632
2568	61632	0.630235614519045	0	0.1722091493328	1641150	369113.603920422	1272036.39607958
2569	61656	0.638489422321817	0	0.0982820666612176	1329212.5	288517.874710169	1040694.62528983
2570	61680	0.135702916741669	0	0.0372566205820899	3421075	109338.381584954	3311736.61841505
2571	61704	0.132489344659522	0	0.0959413886552931	3553900	145636.780079458	3408263.21992054
2572	61728	0.425238822477808	0	0.0613489076214755	1685250	121012.119334842	1564237.88066516
2573	61752	0.599831002419955	0	0.0871480486371072	1295175	91521.8185197086	1203653.18148029
2574	61776	0.744086132505221	0	0.106239451877307	1047287.5	120066.225597658	927221.274402342
2575	61800	0.728764443721892	0	0.0789014106194075	1032500	98984.7061649916	933515.293835008
2576	61824	0.915806670152444	0	0.0979707031432056	693700	109626.542193014	584073.457806986
2577	61848	0.945843138050525	0	0.145553496247446	684775	161865.404331067	522909.595668933
2578	61872	0.775821438688978	0	0.0761818039529137	953662.5	107844.464713368	845818.035286632
2579	61896	0.918695812293233	0	0.128799165172504	758450	134467.158864034	623982.841135966
2580	61920	0.914464732279362	0	0.0775173184872964	676812.5	131929.384154238	544883.115845762
2581	61944	0.980707661507921	0	0.167943878486031	603662.5	171733.77099464	431928.72900536
2582	61968	0.999819381325929	0	0.193405993193294	461037.5	209236.463966651	251801.036033349
2583	61992	0.983852396292239	0	0.205225405056523	361550	201874.983732855	159675.016267145
2584	62016	0.984062707589673	0.0416666666666667	0.150568469769524	325675	192166.485692161	133508.514307839
2585	62040	0.908548995459355	0.00833333333333333	0.190553093788252	160737.5	218534.888035289	-57797.3880352891
2586	62064	0.908285560498089	0.108333333333333	0.105863061666477	0	208115.468127732	-208115.468127732
2587	62088	0.910652719908352	0.025	0.106816079174149	0	123919.767526497	-123919.767526497
2588	62112	0.913403893532821	0.0166666666666667	0.130143258498125	0	148043.77271691	-148043.77271691
2589	62136	0.947991639941135	0	0.0972923978065836	0	129519.450590911	-129519.450590911
2590	62160	0.968046704735348	0	0.0628783741121337	0	49808.5415561434	-49808.5415561434
2591	62184	0.888086138213954	0	0.185625554461057	0	186984.597138914	-186984.597138914
2592	62208	0.903269715453767	0	0.168565615208674	0	188047.745481219	-188047.745481219
2593	62232	0.917093285785777	0.00833333333333333	0.114791803845759	0	121660.003867264	-121660.003867264
2594	62256	0.931239020563944	0	0.0706871396001008	0	117569.286532271	-117569.286532271
2595	62280	0.950551850569101	0.025	0.0651427554371376	0	144458.283524263	-144458.283524263
2596	62304	0.920433651189811	0.0916666666666667	0.142760226581205	0	192598.832001373	-192598.832001373
2597	62328	0.917460242007306	0	0.146253283403361	0	118778.848426244	-118778.848426244
2598	62352	0.954682868923381	0.0666666666666667	0.0674895719808833	0	82355.2603185833	-82355.2603185833
2599	62376	0.95741216328824	0	0.0571069955784162	0	55191.8288986174	-55191.8288986174
2600	62400	0.979229103569103	0.0416666666666667	0.0420379732805198	0	69951.6138803852	-69951.6138803852
2601	62424	0.975861824874471	0.00833333333333333	0.0579567696791505	0	78270.6087607119	-78270.6087607119
2602	62448	0.969499003278654	0.0166666666666667	0.0871340999680355	0	63765.6976442518	-63765.6976442518
2603	62472	0.963740503936986	0.00833333333333333	0.0851477074636877	0	82888.4853384631	-82888.4853384631
2604	62496	0	0	0.0205453105611717	0	17605.7806674686	-17605.7806674686
2605	62520	0	0	0.00212867487120239	0	30471.4033320861	-30471.4033320861
2606	62544	0	0.025	0.00354338007301891		48455.3144027058	
2607	62568	0	0.0166666666666667	0.0272806759210535		36960.769036193	
2608	62592	0	0	0.0260000266983225		15151.2072330146	
2609	62616	0	0.00833333333333333	0.0508803863870888		35819.5971275575	
2610	62640	0	0	0.0387871471102415		26026.2561501222	
2611	62664	0	0	0.0295579993058759		25319.4517031847	
2612	62688	0	0	0.0355665123579731		47185.6991860213	
2613	62712	0	0	0.0592348991992093		64013.7091542268	
2614	62736	0	0	0.0277543669846914		40204.4789512262	
2615	62760	0	0	0.0170499769344108		26583.9644753891	
2616	62784	0	0	0.0199843461484788		41387.1292100619	
2617	62808	0	0	0.0231064337498808		39153.4077426326	
2618	62832	0	0	0.0176876646899817		24578.2068922554	
2619	62856	0	0	0.040728385028519		39194.3154971361	
2620	62880	0	0	0.0199952909288275		28720.0891010904	
2621	62904	0	0	0.00356042168629589		10609.1190999643	
2622	62928	0	0	0.0277711904733682		36328.6516487228	
2623	62952	0	0	0.0290560394893848		39201.5521408457	
2624	62976	0	0	0.0579898486021193		47040.7933604464	
2625	63000	0	0.00833333333333333	0.0401495064664026		43939.9877568976	
2626	63024	0	0.00833333333333333	0.0500174919909337		48275.4365777858	
2627	63048	0	0	0.108453023209659		100796.097525518	
2628	63072	0	0.0666666666666667	0.0639944822852563		92962.7729852803	
2629	63096	0	0	0.0505374479673115		26672.5278456054	
2630	63120	0	0.00833333333333333	0.0289265857211651		53018.9388114293	
2631	63144	0	0.00833333333333333	0.0202798954819654		53643.0657597179	
2632	63168	0	0	0.0120062359853135		6065.54214489641	
2633	63192	0	0	0.0216076630912418		33522.0280603868	
2634	63216	0	0	0.040786952701966		39848.8526592036	
2635	63240	0	0	0.0136530427590227		16233.9382514198	
2636	63264	0	0	0.0161074522007869		18149.5057378518	
2637	63288	0	0.0666666666666667	0.00870098232519645		42843.0188962157	
2638	63312	0	0	0.00440509357651031		-9535.00721773647	
2639	63336	0	0	0.000178324187285028		-4710.43280856478	
2640	63360	0	0	0		3430.66426447931	
2641	63384	0	0	0		-24511.6373579472	
2642	63408	0	0	0.000193826131598129		1148.56330774322	
2643	63432	0	0	0		56.6951372787133	
2644	63456	0	0	0		-24.4578018742753	
2645	63480	0	0	0		69.0152481059581	
2646	63504	0	0	0		41.5339982599702	
2647	63528	0	0	0		0	
2648	63552	0	0	0		0	
2649	63576	0	0	0		0	
2650	63600	0	0	0		0	
2651	63624	0	0	0		0	
2652	63648	0	0	0		0	
2653	63672	0	0	0		0	
2654	63696	0	0	0		0	
2655	63720	0	0	0		0	
2656	63744	0	0	0		0	
2657	63768	0	0	0		0	
2658	63792	0	0	0		0	
2659	63816	0	0	0		0	
2660	63840	0	0	0		0	
2661	63864	0	0	0		0	
2662	63888	0	0	0		0	
2663	63912	0	0	0		0	
2664	63936	0	0				
2665	63960	0	0	0			
2666	63984	0	0	0			
2667	64008	0	0	0			
2668	64032	0	0	0			
2669	64056	0	0	0		0	
2670	64080	0	0	0		0	
2671	64104	0	0	0		0	
2672	64128	0	0	0		0	
2673	64152	0	0	0		0	
2674	64176	0	0	0		0	
2675	64200	0	0	0		0	
2676	64224	0	0	0		0	
2677	64248	0	0	0		0	
2678	64272	0	0	0		0	
2679	64296	0	0	0		0	
2680	64320	0	0	0		0	
2681	64344	0	0	0		0	
2682	64368	0	0	0		0	
2683	64392	0	0	0		0	
2684	64416	0	0	0		0	
2685	64440	0	0	0		0	
2686	64464	0	0	0		0	
2687	64488	0	0	0		0	
2688	64512	0	0	0		0	
2689	64536	0	0	0		0	
2690	64560	0	0	0		0	
2691	64584	0	0	0		0	
2692	64608	0	0	0		0	
2693	64632	0	0	0		0	
2694	64656	0	0	0		0	
2695	64680	0	0	0		0	
2696	64704	0	0	0		0	
2697	64728	0	0	0		0	
2698	64752	0	0	0		0	
2699	64776	0	0	0		0	
2700	64800	0	0	0		0	
2701	64824	0	0	0		0	
2702	64848	0	0	0		0	
2703	64872	0	0	0		0	
2704	64896	0	0	0		0	
2705	64920	0	0	0		0	
2706	64944	0	0	0		0	
2707	64968	0	0	0		0	
2708	64992	0	0	0		0	
2709	65016	0	0	0		0	
2710	65040	0	0	0		0	
2711	65064	0	0	0		0	
2712	65088	0	0	0		0	
2713	65112	0	0	0		0	
2714	65136	0	0	0		0	
2715	65160	0	0	0		0	
2716	65184	0	0	0		0	
2717	65208	0	0	0		0	
2718	65232	0	0	0		0	
2719	65256	0	0	0		0	
2720	65280	0	0	0		0	
2721	65304	0	0	0		0	
2722	65328	0	0	0		0	
2723	65352	0	0	0		0	
2724	65376	0	0	0		0	
2725	65400	0	0	0		0	
2726	65424	0	0	0		0	
2727	65448	0	0	0		0	
2728	65472	0	0	0		0	
2729	65496	0	0	0		0	
2730	65520	0	0	0		0	
2731	65544	0	0	0		0	
2732	65568	0	0	0		0	
2733	65592	0	0	0		0	
2734	65616	0	0	0		0	
2735	65640	0	0	0		0	
2736	65664	0	0	0		0	
2737	65688	0	0	0		0	
2738	65712	0	0	0		0	
2739	65736	0	0	0		0	
2740	65760	0	0	0		0	
2741	65784	0	0	0		0	
2742	65808	0	0	0		0	
2743	65832	0	0	0		0	
2744	65856	0	0	0		0	
2745	65880	0	0	0		0	
2746	65904	0	0	0		0	
2747	65928	0	0	0		0	
2748	65952	0	0	0		0	
2749	65976	0	0	0		0	
2750	66000	0	0	0		0	
2751	66024	0	0	0		0	
2752	66048	0	0	0		0	
2753	66072	0	0	0		0	
2754	66096	0	0	0		0	
2755	66120	0	0	0		0	
2756	66144	0	0	0		0	
2757	66168	0	0	0		0	
2758	66192	0	0	0		0	
2759	66216	0	0	0		0	
2760	66240	0	0	0		0	
2761	66264	0	0	0		0	
2762	66288	0	0	0		0	
2763	66312	0	0	0		0	
2764	66336	0	0	0		0	
2765	66360	0	0	0		0	
2766	66384	0	0	0		0	
2767	66408	0	0	0		0	
2768	66432	0	0	0		0	
2769	66456	0	0	0		0	
2770	66480	0	0	0		0	
2771	66504	0	0	0		0	
2772	66528	0	0	0		0	
2773	66552	0	0	0		0	
2774	66576	0	0	0		0	
2775	66600	0	0	0		0	
2776	66624	0	0	0		0	
2777	66648	0	0	0		0	
2778	66672	0	0	0		0	
2779	66696	0	0	0		0	
2780	66720	0	0	0		0	
2781	66744	0	0	0		0	
2782	66768	0	0	0		0	
2783	66792	0	0	0		0	
2784	66816	0	0	0		0	
2785	66840	0	0	0		0	
2786	66864	0	0	0		0	
2787	66888	0	0	0		0	
2788	66912	0	0	0		0	
2789	66936	0	0	0		0	
2790	66960	0	0	0		0	
2791	66984	0	0	0		0	
2792	67008	0	0	0		0	
2793	67032	0	0	0		0	
2794	67056	0	0	0		0	
2795	67080	0	0	0		0	
2796	67104	0	0	0		0	
2797	67128	0	0	0		0	
2798	67152	0	0	0		0	
2799	67176	0	0	0		0	
2800	67200	0	0	0		0	
2801	67224	0	0	0		0	
2802	67248	0	0	0		0	
2803	67272	0	0	0		0	
2804	67296	0	0	0		0	
2805	67320	0	0	0		0	
2806	67344	0	0	0		0	
2807	67368	0	0	0		0	
2808	67392	0	0	0		0	
2809	67416	0	0	0		0	
2810	67440	0	0	0		0	
2811	67464	0	0	0		0	
2812	67488	0	0	0		0	
2813	67512	0	0	0		0	
2814	67536	0	0	0		0	
2815	67560	0	0	0		0	
2816	67584	0	0	0		0	
2817	67608	0	0	0		0	
2818	67632	0	0	0		0	
2819	67656	0	0	0		0	
2820	67680	0	0	0		0	
2821	67704	0	0	0		0	
2822	67728	0	0	0		0	
2823	67752	0	0	0		0	
2824	67776	0	0	0		0	
2825	67800	0	0	0		0	
2826	67824	0	0	0		0	
2827	67848	0	0	0		0	
2828	67872	0	0	0		0	
2829	67896	0	0	0		0	
2830	67920	0	0	0		0	
2831	67944	0	0	0		0	
2832	67968	0	0	0		0	
2833	67992	0	0	0		0	
2834	68016	0	0	0		0	
2835	68040	0	0	0		0	
2836	68064	0	0	0		0	
2837	68088	0	0	0		0	
2838	68112	0	0	0		0	
2839	68136	0	0	0		0	
2840	68160	0	0	0		0	
2841	68184	0	0	0		0	
2842	68208	0	0	0		0	
2843	68232	0	0	0		0	
2844	68256	0	0	0		0	
2845	68280	0	0	0		0	
2846	68304	0	0	0		0	
2847	68328	0	0	0		0	
2848	68352	0	0	0		0	
2849	68376	0	0	0		0	
2850	68400	0	0	0		0	
2851	68424	0	0	0		0	
2852	68448	0	0	0		0	
2853	68472	0	0	0		0	
2854	68496	0	0	0		0	
2855	68520	0	0	0		0	
2856	68544	0	0	0		0	
2857	68568	0	0	0		0	
2858	68592	0	0	0		0	
2859	68616	0	0	0		0	
2860	68640	0	0	0		0	
2861	68664	0	0	0		0	
2862	68688	0	0	0		0	
2863	68712	0	0	0		0	
2864	68736	0	0	0		0	
2865	68760	0	0	0		0	
2866	68784	0	0	0		0	
2867	68808	0	0	0		0	
2868	68832	0	0	0		0	
2869	68856	0	0	0		0	
2870	68880	0	0	0		0	
2871	68904	0	0	0		0	
2872	68928	0	0	0		0	
2873	68952	0	0	0		0	
2874	68976	0	0	0		0	
2875	69000	0	0	0		0	
2876	69024	0	0	0		0	
2877	69048	0	0	0		0	
2878	69072	0	0	0		0	
2879	69096	0	0	0		0	
2880	69120	0	0	0		0	
2881	69144	0	0	0		0	
2882	69168	0	0	0		0	
2883	69192	0	0.00833333333333333	0		2192.70131679906	
2884	69216	0	0	0		-3142.6196863408	
2885	69240	0	0	0		-1602.92383491807	
2886	69264	0	0	0		-322.526181741051	
2887	69288	0	0	0		-3490.26702232399	
2888	69312	0	0	0		0	
2889	69336	0	0	0		0	
2890	69360	0	0	0		0	
2891	69384	0	0	0		0	
2892	69408	0	0	0		0	
2893	69432	0	0	0		0	
2894	69456	0	0	0		0	
2895	69480	0	0.0333333333333333	0.265256499053747		201901.736217899	
2896	69504	0	0	0.219545599681193		172573.21076708	
2897	69528	0	0	0		-18947.3429194412	
2898	69552	0	0	0		65456.0053453552	
2899	69576	0	0	0		121052.496835845	
2900	69600	0	0	0		47045.2899201895	
2901	69624	0	0	0		0	
2902	69648	0	0	0		0	
2903	69672	0	0.00833333333333333	0		2192.70131679906	
2904	69696	0	0	0.000127966769744858		-3049.44820341864	
2905	69720	0	0	0.103791536581636		73978.9865315732	
2906	69744	0	0	0.0197970762177925		23972.8099292865	
2907	69768	0	0	0		-14653.7380560031	
2908	69792	0	0	0		34486.1685941629	
2909	69816	0	0.0166666666666667	0		33675.4554242902	
2910	69840	0	0	0		-2043.02640375585	
2911	69864	0	0	0		-3205.84766983614	
2912	69888	0	0	0		-645.052363482101	
2913	69912	0	0	0.147096408455939		100119.071076975	
2914	69936	0	0	0.368669714957464		282452.080434797	
2915	69960	0	0	0.399294166408317		307317.126985529	
2916	69984	0	0	0.115967687559284		128367.143739312	
2917	70008	0	0	0.0959640045500885		193336.376768353	
2918	70032	0	0	0.0736919413717151		269348.274516789	
2919	70056	0	0.025	0.0861555483386702		191080.253664581	
2920	70080	0	0	0.0873878864364219		112135.207278763	
2921	70104	0	0	0.0445310489234414		71878.5598266382	
2922	70128	0	0	0.124420875490971		129309.893559888	
2923	70152	0	0	0.175225192541971		172932.438269301	
2924	70176	0	0	0.0832769575319636		96224.4536151812	
2925	70200	0	0.075	0.021502793415082		75065.4146384429	
2926	70224	0	0.0166666666666667	0.140633234539601		159091.443066466	
2927	70248	0	0	0.291765157079845		269617.704248955	
2928	70272	0	0.075	0.139950462482113		151100.466596056	
2929	70296	0	0.15	0.0591905654557001		53435.7184514006	
2930	70320	0	0.166666666666667	0.0187999497429368		101576.635161626	
2931	70344	0	0.00833333333333333	0.124031988967446		104568.066495057	
2932	70368	0	0	0.177469626778905		117315.471795524	
2933	70392	0	0	0.0524972886977313		-12005.3843025191	
2934	70416	0	0	0.134306134391735		58463.7900959727	
2935	70440	0	0	0.142057215497907		195892.643997135	
2936	70464	0	0	0.192128982867533		193208.117572714	
2937	70488	0	0	0.197049416324156		202937.168756576	
2938	70512	0	0	0.228060380994668		239957.222346106	
2939	70536	0	0.05	0.2167843962902		266729.646893487	
2940	70560	0	0	0.107418602280871		162582.717215224	
2941	70584	0	0.0416666666666667	0.107783879346773		186140.627450428	
2942	70608	0	0	0.195585377951915		247539.144521668	
2943	70632	0	0.00833333333333333	0.134455683746791		160884.501079379	
2944	70656	0	0.00833333333333333	0.19478305444803		188795.533866924	
2945	70680	0	0	0.209902700428563		224977.579266355	
2946	70704	0	0.00833333333333333	0.081798857165003		145048.059694429	
2947	70728	0	0.00833333333333333	0.152689081865998		185890.465370853	
2948	70752	0	0	0.236420379606697		284616.920607474	
2949	70776	0	0	0.301392096934266		294898.136079622	
2950	70800	0	0	0.273435284841448		266076.737849241	
2951	70824	0	0	0.16782387685239		223644.917643306	
2952	70848	0	0	0.109870547040646		219473.320240084	
2953	70872	0	0	0.10443744230986		227285.607738908	
2954	70896	0	0	0.133554455463741		211684.60913089	
2955	70920	0	0	0.165076978291966		194831.770982446	
2956	70944	0	0	0.200548998031832		205637.39744331	
2957	70968	0	0	0.218260202451466		227141.083018529	
2958	70992	0	0	0.184640362603485		217339.166790889	
2959	71016	0	0	0.173468127588344		223149.190927175	
2960	71040	0	0.0666666666666667	0.120161926490404		218963.455369601	
2961	71064	0	0.0916666666666667	0.140612411976956		203441.280401206	
2962	71088	0	0	0.137889229182045		152581.825760606	
2963	71112	0	0	0.188651337129381		192506.236328095	
2964	71136	0	0	0.179380237911245		175541.749200611	
2965	71160	0	0	0.108432686864131		113085.581382441	
2966	71184	0	0	0.11175084987936		165790.074437231	
2967	71208	0	0	0.0695953557509075		151942.315465741	
2968	71232	0	0.125	0.0355499478584758		128357.291781756	
2969	71256	0	0.116666666666667	0.0641286352050372		87884.5339647718	
2970	71280	0	0.00833333333333333	0.0425535120281229		15491.552742971	
2971	71304	0	0.00833333333333333	0.0345319595925932		20450.9097513077	
2972	71328	0	0.0416666666666667	0.0253805274344003		-3796.77796190026	
2973	71352	0	0	0.0138821669527598		-29438.212919159	
2974	71376	0	0	0.0174554483481266		20417.1981514489	
2975	71400	0	0	0.029188429421291		32498.6203761569	
2976	71424	0	0	0.0251604697439056		11830.1996848463	
2977	71448	0	0.0166666666666667	0.0417732172211327		42706.3221269632	
2978	71472	0	0	0.0382309554985536		36492.4591752131	
2979	71496	0	0.025	0.0841738866673065		78246.5214961349	
2980	71520	0	0	0.0574082758582826		55193.7082946129	
2981	71544	0	0.00833333333333333	0.040531975375238		37331.5010999013	
2982	71568	0	0.00833333333333333	0.0591569874649327		75939.1620922589	
2983	71592	0	0.00833333333333333	0.0762199158509897		81476.4608237782	
2984	71616	0	0	0.0259139515763245		40337.0437320417	
2985	71640	0	0	0.0303236341710296		39265.3058584439	
2986	71664	0	0.025	0.0289231467346713		63261.5884427224	
2987	71688	0	0.05	0.0161633686503162		36498.0877341924	
2988	71712	0	0.00833333333333333	0.0143934466852755		3249.86042837774	
2989	71736	0	0.0666666666666667	0.0438005471207088		51834.1352355993	
2990	71760	0	0	0.0151599700700107		-13798.4226894389	
2991	71784	0	0.00833333333333333	0.0280545873549975		-6961.21723367053	
2992	71808	0	0.05	0.0230466839023986		40165.7570287897	
2993	71832	0	0.15	0.0380058487440778		32200.9914895165	
2994	71856	0	0.00833333333333333	0.0408578968487792		-20612.305732129	
2995	71880	0	0	0.0557086400910283		16458.5634101342	
2996	71904	0	0	0.0290777099814346		11449.1130069258	
2997	71928	0	0	0.0215595944154305		-29014.4671905817	
2998	71952	0	0	0.0265866068745364		42845.2316882978	
2999	71976	0	0	0.0184525622244784		35541.0798378427	
3000	72000	0	0	0.0258140482072786		31107.3700084094	
3001	72024	0	0.00833333333333333	0.0148281507325869		27208.6435117938	
3002	72048	0	0	0.0273015736585318		27159.5510499102	
3003	72072	0	0	0.0103907205716105		19840.4830402654	
3004	72096	0	0.00833333333333333	0.0210211460269694		25532.6887186106	
3005	72120	0	0	0.0369738152358074		33879.4833826493	
3006	72144	0	0	0.0168819621589194		21112.0294650446	
3007	72168	0	0.025	0.00949674123500266		19825.9252946928	
3008	72192	0	0	0.00181447439836191		4848.03275279475	
3009	72216	0	0	0		8099.96595488081	
3010	72240	0	0	0		5802.49560992145	
3011	72264	0	0	0.000407165123949227		-7493.26425489421	
3012	72288	0	0	0		427.640982969043	
3013	72312	0	0	0		-51.3778191287033	
3014	72336	0	0	0		144.978397999046	
3015	72360	0	0	0		87.2493064283545	
3016	72384	0	0	0		0	
3017	72408	0	0	0		0	
3018	72432	0	0	0		0	
3019	72456	0	0	0		0	
3020	72480	0	0	0		0	
3021	72504	0	0	0		0	
3022	72528	0	0	0		0	
3023	72552	0	0	0		0	
3024	72576	0	0	0		0	
3025	72600	0	0	0		0	
3026	72624	0	0	0		0	
3027	72648	0	0	0		0	
3028	72672	0	0	0		0	
3029	72696	0	0				
3030	72720	0	0	0			
3031	72744	0	0	0			
3032	72768	0	0	0			
3033	72792	0	0	0			
3034	72816	0	0	0		0	
3035	72840	0	0	0		0	
3036	72864	0	0	0		0	
3037	72888	0	0	0		0	
3038	72912	0	0	0		0	
3039	72936	0	0	0		0	
3040	72960	0	0	0		0	
3041	72984	0	0	0		0	
3042	73008	0	0	0		0	
3043	73032	0	0	0		0	
3044	73056	0	0	0		0	
3045	73080	0	0	0		0	
3046	73104	0	0	0		0	
3047	73128	0	0	0		0	
3048	73152	0	0	0		0	
3049	73176	0	0	0		0	
3050	73200	0	0	0		0	
3051	73224	0	0	0		0	
3052	73248	0	0	0		0	
3053	73272	0	0	0		0	
3054	73296	0	0	0		0	
3055	73320	0	0	0		0	
3056	73344	0	0	0		0	
3057	73368	0	0	0		0	
3058	73392	0	0	0		0	
3059	73416	0	0	0		0	
3060	73440	0	0	0		0	
3061	73464	0	0	0		0	
3062	73488	0	0	0		0	
3063	73512	0	0	0		0	
3064	73536	0	0	0		0	
3065	73560	0	0	0		0	
3066	73584	0	0	0		0	
3067	73608	0	0	0		0	
3068	73632	0	0	0		0	
3069	73656	0	0	0		0	
3070	73680	0	0	0		0	
3071	73704	0	0	0		0	
3072	73728	0	0	0		0	
3073	73752	0	0	0		0	
3074	73776	0	0	0		0	
3075	73800	0	0	0		0	
3076	73824	0	0	0		0	
3077	73848	0	0	0		0	
3078	73872	0	0	0		0	
3079	73896	0	0	0		0	
3080	73920	0	0	0		0	
3081	73944	0	0	0		0	
3082	73968	0	0	0		0	
3083	73992	0	0	0		0	
3084	74016	0	0	0		0	
3085	74040	0	0	0		0	
3086	74064	0	0	0		0	
3087	74088	0	0	0		0	
3088	74112	0	0	0		0	
3089	74136	0	0	0		0	
3090	74160	0	0	0		0	
3091	74184	0	0	0		0	
3092	74208	0	0	0		0	
3093	74232	0	0	0		0	
3094	74256	0	0	0		0	
3095	74280	0	0	0		0	
3096	74304	0	0	0		0	
3097	74328	0	0	0		0	
3098	74352	0	0	0		0	
3099	74376	0	0	0		0	
3100	74400	0	0	0		0	
3101	74424	0	0	0		0	
3102	74448	0	0	0		0	
3103	74472	0	0	0		0	
3104	74496	0	0	0		0	
3105	74520	0	0	0		0	
3106	74544	0	0	0		0	
3107	74568	0	0	0		0	
3108	74592	0	0	0		0	
3109	74616	0	0	0		0	
3110	74640	0	0	0		0	
3111	74664	0	0	0		0	
3112	74688	0	0	0		0	
3113	74712	0	0	0		0	
3114	74736	0	0	0		0	
3115	74760	0	0	0		0	
3116	74784	0	0	0		0	
3117	74808	0	0	0		0	
3118	74832	0	0	0		0	
3119	74856	0	0	0		0	
3120	74880	0	0	0		0	
3121	74904	0	0	0		0	
3122	74928	0	0	0		0	
3123	74952	0	0	0		0	
3124	74976	0	0	0		0	
3125	75000	0	0	0		0	
3126	75024	0	0	0		0	
3127	75048	0	0	0		0	
3128	75072	0	0	0		0	
3129	75096	0	0	0		0	
3130	75120	0	0	0		0	
3131	75144	0	0	0		0	
3132	75168	0	0	0		0	
3133	75192	0	0	0		0	
3134	75216	0	0	0		0	
3135	75240	0	0	0		0	
3136	75264	0	0	0		0	
3137	75288	0	0	0		0	
3138	75312	0	0	0		0	
3139	75336	0	0	0		0	
3140	75360	0	0	0		0	
3141	75384	0	0	0		0	
3142	75408	0	0	0		0	
3143	75432	0	0	0		0	
3144	75456	0	0	0		0	
3145	75480	0	0	0		0	
3146	75504	0	0	0		0	
3147	75528	0	0	0		0	
3148	75552	0	0	0		0	
3149	75576	0	0	0		0	
3150	75600	0	0	0		0	
3151	75624	0	0	0		0	
3152	75648	0	0	0		0	
3153	75672	0	0	0		0	
3154	75696	0	0	0		0	
3155	75720	0	0	0		0	
3156	75744	0	0	0		0	
3157	75768	0	0	0		0	
3158	75792	0	0	0		0	
3159	75816	0	0	0		0	
3160	75840	0	0	0		0	
3161	75864	0	0	0		0	
3162	75888	0	0	0		0	
3163	75912	0	0	0		0	
3164	75936	0	0	0		0	
3165	75960	0	0	0		0	
3166	75984	0	0	0		0	
3167	76008	0	0	0		0	
3168	76032	0	0	0		0	
3169	76056	0	0	0		0	
3170	76080	0	0	0		0	
3171	76104	0	0	0		0	
3172	76128	0	0	0		0	
3173	76152	0	0	0		0	
3174	76176	0	0	0		0	
3175	76200	0	0	0		0	
3176	76224	0	0	0		0	
3177	76248	0	0	0		0	
3178	76272	0	0	0		0	
3179	76296	0	0	0		0	
3180	76320	0	0	0		0	
3181	76344	0	0	0		0	
3182	76368	0	0	0		0	
3183	76392	0	0	0		0	
3184	76416	0	0	0		0	
3185	76440	0	0	0		0	
3186	76464	0	0	0		0	
3187	76488	0	0	0		0	
3188	76512	0	0	0		0	
3189	76536	0	0	0		0	
3190	76560	0	0	0		0	
3191	76584	0	0	0		0	
3192	76608	0	0	0		0	
3193	76632	0	0	0		0	
3194	76656	0	0	0		0	
3195	76680	0	0	0		0	
3196	76704	0	0	0		0	
3197	76728	0	0	0		0	
3198	76752	0	0	0		0	
3199	76776	0	0	0		0	
3200	76800	0	0	0		0	
3201	76824	0	0	0		0	
3202	76848	0	0	0		0	
3203	76872	0	0	0		0	
3204	76896	0	0	0		0	
3205	76920	0	0	0		0	
3206	76944	0	0	0		0	
3207	76968	0	0	0		0	
3208	76992	0	0	0		0	
3209	77016	0	0	0		0	
3210	77040	0	0	0		0	
3211	77064	0	0	0		0	
3212	77088	0	0	0		0	
3213	77112	0	0	0		0	
3214	77136	0	0	0		0	
3215	77160	0	0	0		0	
3216	77184	0	0	0		0	
3217	77208	0	0	0		0	
3218	77232	0	0	0		0	
3219	77256	0	0	0		0	
3220	77280	0	0	0		0	
3221	77304	0	0	0		0	
3222	77328	0	0	0		0	
3223	77352	0	0	0		0	
3224	77376	0	0	0		0	
3225	77400	0	0	0		0	
3226	77424	0	0	0		0	
3227	77448	0	0	0		0	
3228	77472	0	0	0		0	
3229	77496	0	0	0		0	
3230	77520	0	0	0		0	
3231	77544	0	0	0		0	
3232	77568	0	0	0		0	
3233	77592	0	0	0		0	
3234	77616	0	0	0		0	
3235	77640	0	0	0		0	
3236	77664	0	0	0		0	
3237	77688	0	0	0		0	
3238	77712	0	0	0		0	
3239	77736	0	0	0		0	
3240	77760	0	0	0		0	
3241	77784	0	0	0		0	
3242	77808	0	0	0		0	
3243	77832	0	0	0		0	
3244	77856	0	0	0		0	
3245	77880	0	0	0		0	
3246	77904	0	0	0		0	
3247	77928	0	0	0		0	
3248	77952	0	0	0		0	
3249	77976	0	0	0		0	
3250	78000	0	0	0		0	
3251	78024	0	0	0		0	
3252	78048	0	0	0		0	
3253	78072	0	0	0		0	
3254	78096	0	0	0		0	
3255	78120	0	0.0333333333333333	0		8770.80526719625	
3256	78144	0	0.00833333333333333	0		-10377.7774285641	
3257	78168	0	0	0		-9554.31502601308	
3258	78192	0	0	0		-2893.02856188227	
3259	78216	0	0	0		-14283.594271037	
3260	78240	0	0	0.0848376247273168		58279.2636081512	
3261	78264	0	0	0.139068094271686		109344.249143347	
3262	78288	0	0	0		2556.15509663605	
3263	78312	0	0	0		12659.7471781235	
3264	78336	0	0	0		67697.0885163877	
3265	78360	0	0	0		29800.1819355988	
3266	78384	0	0	0		0	
3267	78408	0	0	0		0	
3268	78432	0	0	0		0	
3269	78456	0	0	0		0	
3270	78480	0	0	0		0	
3271	78504	0	0	0		0	
3272	78528	0	0	0		0	
3273	78552	0	0	0		0	
3274	78576	0	0	0		0	
3275	78600	0	0	0.0155336127112103		11309.8872021825	
3276	78624	0	0	0.0592632313214933		44630.3011582354	
3277	78648	0	0.258333333333333	0.11150564743249		152851.181140531	
3278	78672	0	0.025	0.109791520614379		-2218.91674029022	
3279	78696	0	0.025	0.210565879641491		121600.424315714	
3280	78720	0	0.0416666666666667	0.203312896271015		193386.97402192	
3281	78744	0	0	0.250919192201862		108809.052627817	
3282	78768	0	0	0.0543184308107741		116870.561996191	
3283	78792	0	0.15	0.0960719145571059		188366.240652106	
3284	78816	0	0	0.0478886662725802		96067.0908997384	
3285	78840	0	0	0.271013167106231		234022.732097346	
3286	78864	0	0	0.390102938059856	1027075	343873.405810681	683201.594189319
3287	78888	0.90578413562846	0	0.451578179068379	1335950	306605.716824811	1029344.28317519
3288	78912	0.966725543051605	0.025	0.130063487142843	858462.5	201874.050745139	656588.449254861
3289	78936	0.929137825558644	0.0166666666666667	0.108236439648628	964075	226161.27073731	737913.72926269
3290	78960	0.570198026848165	0.00833333333333333	0.053154385807336	1476825	268094.833068975	1208730.16693102
3291	78984	0.753395566783681	0	0.0698049257443185	979475	177997.07145147	801477.92854853
3292	79008	0.921396377939381	0	0.0906431140181554	632450	119637.071615746	512812.928384254
3293	79032	0.893474648676516	0.00833333333333333	0.160669496986159	807625	153826.996415935	653798.003584065
3294	79056	0.936738561084638	0	0.142358197939306	705337.5	137145.806129715	568191.693870285
3295	79080	0.990816618727346	0	0.172096430554157	588350	164233.318069855	424116.681930145
3296	79104	0.974417179624181	0	0.200628476102688	736225	220833.487569901	515391.512430099
3297	79128	0.97245610790584	0	0.335645791586129	543725	323424.474068044	220300.525931956
3298	79152	0.775886567652291	0	0.382378282931341	201250	376880.007667446	-175630.007667446
3299	79176	0.796010125754158	0	0.181059174502288	0	234252.409421856	-234252.409421856
3300	79200	0.847164419264463	0.025	0.088193601606152	0	202310.81647113	-202310.81647113
3301	79224	0.862859574000433	0	0.127820244527864	0	277276.537607173	-277276.537607173
3302	79248	0.938600780183545	0	0.0927029926194728	0	210154.778212086	-210154.778212086
3303	79272	0.935192992331513	0	0.109113658693153	0	141389.375425547	-141389.375425547
3304	79296	0.935672192034024	0	0.108193411628936	0	131422.358733115	-131422.358733115
3305	79320	0.908873502905671	0	0.1496024670522	0	165871.474064137	-165871.474064137
3306	79344	0.912752042261933	0.133333333333333	0.136583659949193	0	193858.858177915	-193858.858177915
3307	79368	0.837318279398792	0.00833333333333333	0.216632136474176	0	165691.279645411	-165691.279645411
3308	79392	0.786198633357719	0	0.27818543054882	0	253630.814389977	-253630.814389977
3309	79416	0.793281014911462	0	0.26208048644636	0	263937.532477261	-263937.532477261
3310	79440	0.808835280057044	0	0.220617726788306	0	200755.560046392	-200755.560046392
3311	79464	0.823613000343242	0	0.167782880992951	0	252112.187672054	-252112.187672054
3312	79488	0.82887258280674	0	0.182022496333992	0	273619.372706964	-273619.372706964
3313	79512	0.81311832294549	0	0.226229618087335	0	295616.383854897	-295616.383854897
3314	79536	0.882455006492712	0.0833333333333333	0.140420341111258	0	229787.496604323	-229787.496604323
3315	79560	0.876990620999283	0.05	0.129231505906338	0	161431.678630203	-161431.678630203
3316	79584	0.896021593717853	0.216666666666667	0.124025862931572	0	226589.656514821	-226589.656514821
3317	79608	0.922451567915637	0.00833333333333333	0.105168963562505	0	78211.0656466355	-78211.0656466355
3318	79632	0.904372303670508	0.00833333333333333	0.169494009970388	0	114427.112282127	-114427.112282127
3319	79656	0.9715784036819	0.0583333333333333	0.0639959056846511	0	102616.940113951	-102616.940113951
3320	79680	0.978727774104688	0.0333333333333333	0.0460421621351346	0	-23637.8047669417	23637.8047669417
3321	79704	0.964520681510152	0.0416666666666667	0.0523131910618391	0	100651.256295208	-100651.256295208
3322	79728	0.982994305878205	0.0666666666666667	0.0431331710939871	0	79359.3394361926	-79359.3394361926
3323	79752	0.98712736906908	0.0583333333333333	0.0359516941852611	0	10266.9703969205	-10266.9703969205
3324	79776	0.967269287758549	0.00833333333333333	0.111778275028176	38587.5	59660.8098742285	-21073.3098742285
3325	79800	0.990109101853908	0.341666666666667	0.0613084866526634	47162.5	132835.023860588	-85672.5238605877
3326	79824	0.94960972970274	0	0.0904421351508038	0	-80994.3698646371	80994.3698646371
3327	79848	0.938674403834113	0.0166666666666667	0.126334986549015	0	54287.3375811263	-54287.3375811263
3328	79872	0.968946275806472	0.00833333333333333	0.0985704032704166	0	97378.9788817171	-97378.9788817171
3329	79896	0.977853868919678	0.00833333333333333	0.0929403593983764	0	-40788.598209115	40788.598209115
3330	79920	0.9693754350246	0	0.0375168645539965	0	82713.927407488	-82713.927407488
3331	79944	0.99970049574501	0	0.078641985949977	240012.5	102371.919245128	137640.580754872
3332	79968	0.999954871262286	0	0.0595623507873135	203087.5	96534.390167256	106553.109832744
3333	79992	0.974813871749652	0.333333333333333	0.0572703975629683	0	154946.514607667	-154946.514607667
3334	80016	0.966115904706436	0.0666666666666667	0.0603339343139382	31850	-30248.0032664429	62098.0032664429
3335	80040	0.990272408641312	0.00833333333333333	0.0377921036351516	59937.5	-22962.3572632865	82899.8572632865
3336	80064	0.996825104510547	0.00833333333333333	0.0351319121589295	30187.5	28050.9415326681	2136.55846733187
3337	80088	0.99999016641048	0.00833333333333333	0.0200829434837129	1925	-97785.0090250531	99710.0090250531
3338	80112	0.993960853292031	0	0.0197474834111819	0	5254.94807947045	-5254.94807947045
3339	80136	0.987016830183879	0.00833333333333333	0.0403255813224277	0	46094.2437169181	-46094.2437169181
3340	80160	0.984411568282378	0.0166666666666667	0.0503188596373256	0	50099.4018205002	-50099.4018205002
3341	80184	0	0.00833333333333333	0.0472891000484648		36289.8422323802	
3342	80208	0	0	0.0558474585877189		50741.2503552503	
3343	80232	0	0	0.0923880557913694		87445.1681412227	
3344	80256	0	0	0.0939819580094508		90507.9922035347	
3345	80280	0	0	0.0284216181329935		44526.1462862806	
3346	80304	0	0	0.0759383559423306		91004.9291434427	
3347	80328	0	0	0.0301843828911501		78893.3016515469	
3348	80352	0	0.175	0.0519265004743126		107409.002551652	
3349	80376	0	0.133333333333333	0.0860846280111609		66038.0369939781	
3350	80400	0	0.00833333333333333	0.044800642017881		-20454.9391602397	
3351	80424	0	0	0.0132010054008056		-7583.90413857158	
3352	80448	0	0.166666666666667	0.0349700791021004		26641.2043170236	
3353	80472	0	0.00833333333333333	0.0228677820200822		-64109.0274355336	
3354	80496	0	0	0		-26622.8476527492	
3355	80520	0	0	0		4341.49390944107	
3356	80544	0	0.075	0.0024804964370091		-32951.4885809942	
3357	80568	0	0.0166666666666667	0.00304454604765425		-20034.9792329215	
3358	80592	0	0.0833333333333333	0.00564509927178669		5302.93038126905	
3359	80616	0	0.0583333333333333	0.00989359545082991		-13945.0713759816	
3360	80640	0	0	0.0233255185681322		-51255.212615259	
3361	80664	0	0.00833333333333333	0.0372394424856068		11518.4591870986	
3362	80688	0	0	0.063104293298716		10982.9444023211	
3363	80712	0	0	0.00869014093747112		-7963.56304192509	
3364	80736	0	0	0.032351752515801		34356.4848170444	
3365	80760	0	0	0.0272908618812391		48817.6816978077	
3366	80784	0	0	0.000241396528949167		15312.4652690501	
3367	80808	0	0	0.000724153793349558		10488.1760446098	
3368	80832	0	0	8.25755313336172e-05		16748.6035544939	
3369	80856	0	0.0166666666666667	0		10235.8711590435	
3370	80880	0	0	0		-5986.08362796793	
3371	80904	0	0	0		-3021.27001314752	
3372	80928	0	0.00833333333333333	0		1565.34363641489	
3373	80952	0	0.00833333333333333	0		-7930.45241418972	
3374	80976	0	0	6.35193503484287e-06		-4740.91873305955	
3375	81000	0	0	0		-1924.84430562151	
3376	81024	0	0	0		-3813.59471811952	
3377	81048	0	0	0		-3488.00530266438	
3378	81072	0	0	0		1.36112327326226	
3379	81096	0	0	0		0	
3380	81120	0	0	0		0	
3381	81144	0	0	0		0	
3382	81168	0	0.00833333333333333	0		2192.70131679906	
3383	81192	0	0	0		-3142.6196863408	
3384	81216	0	0.00833333333333333	0		589.777481880991	
3385	81240	0	0	0		-3465.14586808185	
3386	81264	0	0	0.000806662179812179		-4505.86719766876	
3387	81288	0	0	0.00130830253730707		706.959523913809	
3388	81312	0	0	6.35055590869625e-06		-3462.67351135228	
3389	81336	0	0.00833333333333333	6.35055178044296e-06		2320.06996806774	
3390	81360	0	0	0		-2504.11555284434	
3391	81384	0	0	0		-1321.11456847876	
3392	81408	0	0	0		-318.904126866354	
3393	81432	0	0	0		-3488.90619546115	
3394	81456	0	0	0		0	
3395	81480	0	0				
3396	81504	0	0	0			
3397	81528	0	0	0			
3398	81552	0	0	0			
3399	81576	0	0	0			
3400	81600	0	0	0		0	
3401	81624	0	0	0		0	
3402	81648	0	0	0		0	
3403	81672	0	0	0		0	
3404	81696	0	0	0		0	
3405	81720	0	0	0		0	
3406	81744	0	0	0		0	
3407	81768	0	0	0		0	
3408	81792	0	0	0		0	
3409	81816	0	0	0		0	
3410	81840	0	0	0		0	
3411	81864	0	0	0		0	
3412	81888	0	0	0		0	
3413	81912	0	0	0		0	
3414	81936	0	0	0		0	
3415	81960	0	0	0		0	
3416	81984	0	0	0		0	
3417	82008	0	0	0		0	
3418	82032	0	0	0		0	
3419	82056	0	0	0		0	
3420	82080	0	0	0		0	
3421	82104	0	0	0		0	
3422	82128	0	0	0		0	
3423	82152	0	0	0		0	
3424	82176	0	0	0		0	
3425	82200	0	0	0		0	
3426	82224	0	0	0		0	
3427	82248	0	0	0		0	
3428	82272	0	0	0		0	
3429	82296	0	0	0		0	
3430	82320	0	0	0		0	
3431	82344	0	0	0		0	
3432	82368	0	0	0		0	
3433	82392	0	0	0		0	
3434	82416	0	0	0		0	
3435	82440	0	0	0		0	
3436	82464	0	0	0		0	
3437	82488	0	0	0		0	
3438	82512	0	0	0		0	
3439	82536	0	0	0		0	
3440	82560	0	0	0		0	
3441	82584	0	0	0		0	
3442	82608	0	0	0		0	
3443	82632	0	0	0		0	
3444	82656	0	0	0		0	
3445	82680	0	0	0		0	
3446	82704	0	0	0		0	
3447	82728	0	0	0		0	
3448	82752	0	0	0		0	
3449	82776	0	0	0		0	
3450	82800	0	0	0		0	
3451	82824	0	0	0		0	
3452	82848	0	0	0		0	
3453	82872	0	0	0		0	
3454	82896	0	0	0		0	
3455	82920	0	0	0		0	
3456	82944	0	0	0		0	
3457	82968	0	0	0		0	
3458	82992	0	0	0		0	
3459	83016	0	0	0		0	
3460	83040	0	0	0		0	
3461	83064	0	0	0		0	
3462	83088	0	0	0		0	
3463	83112	0	0	0		0	
3464	83136	0	0	0		0	
3465	83160	0	0	0		0	
3466	83184	0	0	0		0	
3467	83208	0	0	0		0	
3468	83232	0	0	0		0	
3469	83256	0	0	0		0	
3470	83280	0	0	0		0	
3471	83304	0	0	0		0	
3472	83328	0	0	0		0	
3473	83352	0	0	0		0	
3474	83376	0	0	0		0	
3475	83400	0	0	0		0	
3476	83424	0	0	0		0	
3477	83448	0	0	0		0	
3478	83472	0	0	0		0	
3479	83496	0	0	0		0	
3480	83520	0	0	0		0	
3481	83544	0	0	0		0	
3482	83568	0	0	0		0	
3483	83592	0	0	0		0	
3484	83616	0	0	0		0	
3485	83640	0	0	0		0	
3486	83664	0	0	0		0	
3487	83688	0	0	0		0	
3488	83712	0	0	0		0	
3489	83736	0	0	0		0	
3490	83760	0	0	0		0	
3491	83784	0	0	0		0	
3492	83808	0	0	0		0	
3493	83832	0	0	0		0	
3494	83856	0	0	0		0	
3495	83880	0	0	0		0	
3496	83904	0	0	0		0	
3497	83928	0	0	0		0	
3498	83952	0	0	0		0	
3499	83976	0	0	0		0	
3500	84000	0	0	0		0	
3501	84024	0	0	0		0	
3502	84048	0	0	0		0	
3503	84072	0	0	0		0	
3504	84096	0	0	0		0	
3505	84120	0	0	0		0	
3506	84144	0	0	0		0	
3507	84168	0	0	0		0	
3508	84192	0	0	0		0	
3509	84216	0	0	0		0	
3510	84240	0	0	0		0	
3511	84264	0	0	0		0	
3512	84288	0	0	0		0	
3513	84312	0	0	0		0	
3514	84336	0	0	0		0	
3515	84360	0	0	0		0	
3516	84384	0	0	0		0	
3517	84408	0	0	0		0	
3518	84432	0	0	0		0	
3519	84456	0	0	0		0	
3520	84480	0	0	0		0	
3521	84504	0	0	0		0	
3522	84528	0	0	0		0	
3523	84552	0	0	0		0	
3524	84576	0	0	0		0	
3525	84600	0	0	0		0	
3526	84624	0	0	0		0	
3527	84648	0	0	0		0	
3528	84672	0	0	0		0	
3529	84696	0	0	0		0	
3530	84720	0	0	0		0	
3531	84744	0	0	0		0	
3532	84768	0	0	0		0	
3533	84792	0	0	0		0	
3534	84816	0	0	0		0	
3535	84840	0	0	0		0	
3536	84864	0	0	0		0	
3537	84888	0	0	0		0	
3538	84912	0	0	0		0	
3539	84936	0	0	0		0	
3540	84960	0	0	0		0	
3541	84984	0	0	0		0	
3542	85008	0	0	0		0	
3543	85032	0	0	0		0	
3544	85056	0	0	0		0	
3545	85080	0	0	0		0	
3546	85104	0	0	0		0	
3547	85128	0	0	0		0	
3548	85152	0	0	0		0	
3549	85176	0	0	0		0	
3550	85200	0	0	0		0	
3551	85224	0	0	0		0	
3552	85248	0	0	0		0	
3553	85272	0	0	0		0	
3554	85296	0	0	0		0	
3555	85320	0	0	0		0	
3556	85344	0	0	0		0	
3557	85368	0	0	0		0	
3558	85392	0	0	0		0	
3559	85416	0	0	0		0	
3560	85440	0	0	0		0	
3561	85464	0	0	0		0	
3562	85488	0	0	0		0	
3563	85512	0	0	0		0	
3564	85536	0	0	0		0	
3565	85560	0	0	0		0	
3566	85584	0	0	0		0	
3567	85608	0	0	0		0	
3568	85632	0	0	0		0	
3569	85656	0	0	0		0	
3570	85680	0	0	0		0	
3571	85704	0	0	0		0	
3572	85728	0	0	0		0	
3573	85752	0	0	0		0	
3574	85776	0	0	0		0	
3575	85800	0	0	0		0	
3576	85824	0	0	0		0	
3577	85848	0	0	0		0	
3578	85872	0	0	0		0	
3579	85896	0	0	0		0	
3580	85920	0	0	0		0	
3581	85944	0	0	0		0	
3582	85968	0	0	0		0	
3583	85992	0	0	0		0	
3584	86016	0	0	0		0	
3585	86040	0	0	0		0	
3586	86064	0	0	0		0	
3587	86088	0	0	0		0	
3588	86112	0	0	0		0	
3589	86136	0	0	0		0	
3590	86160	0	0	0		0	
3591	86184	0	0	0		0	
3592	86208	0	0	0		0	
3593	86232	0	0	0		0	
3594	86256	0	0	0		0	
3595	86280	0	0	0		0	
3596	86304	0	0	0		0	
3597	86328	0	0	0		0	
3598	86352	0	0	0		0	
3599	86376	0	0	0		0	
3600	86400	0	0	0		0	
3601	86424	0	0	0		0	
3602	86448	0	0	0		0	
3603	86472	0	0	0		0	
3604	86496	0	0	0		0	
3605	86520	0	0	0		0	
3606	86544	0	0	0		0	
3607	86568	0	0	0		0	
3608	86592	0	0	0		0	
3609	86616	0	0	0		0	
3610	86640	0	0	0		0	
3611	86664	0	0	0		0	
3612	86688	0	0	0		0	
3613	86712	0	0	0		0	
3614	86736	0	0	0		0	
3615	86760	0	0	0		0	
3616	86784	0	0	0		0	
3617	86808	0	0.00833333333333333	0		2192.70131679906	
3618	86832	0	0	0		-3142.6196863408	
3619	86856	0	0	0		-1602.92383491807	
3620	86880	0	0	0		-322.526181741051	
3621	86904	0	0	0		-3490.26702232399	
3622	86928	0	0	0		0	
3623	86952	0	0.00833333333333333	0		2192.70131679906	
3624	86976	0	0.0166666666666667	0		1242.78294725732	
3625	87000	0	0.0166666666666667	0		-3502.76057400155	
3626	87024	0	0	0		-9813.61322425879	
3627	87048	0	0	0		-7341.16705564223	
3628	87072	0	0.00833333333333333	0.334933601312498		238429.333021739	
3629	87096	0	0.00833333333333333	0.180872998181588		155700.359463961	
3630	87120	0	0	0.0766969789725759		26081.2934722974	
3631	87144	0	0	0		101824.015892042	
3632	87168	0	0	0		122683.498813247	
3633	87192	0	0	0		62577.3974300115	
3634	87216	0	0	0.0239169551513118		33848.7238670774	
3635	87240	0	0	0.104398065901482		78292.0014462772	
3636	87264	0	0	0		6937.30097775649	
3637	87288	0	0	0		-4657.33186091114	
3638	87312	0	0	0		42297.8322170179	
3639	87336	0	0	0		22370.9210504527	
3640	87360	0	0	0.00813156009905491		5920.51760320434	
3641	87384	0	0	0		775.413425670542	
3642	87408	0	0	0		-1026.07467936159	
3643	87432	0	0	0		2895.38687635966	
3644	87456	0	0	0		1742.46991476483	
3645	87480	0	0	0		0	
3646	87504	0	0	0		0	
3647	87528	0	0	0		0	
3648	87552	0	0	0		0	
3649	87576	0	0	0		0	
3650	87600	0	0	0		0	
3651	87624	0	0	0.0257611301612796		18756.4529733993	
3652	87648	0	0	0.0660075888255808		50516.0895044199	
3653	87672	0	0.0166666666666667	0.061291384914939		52054.8591453922	
3654	87696	0	0.00833333333333333	0.0451335349650046		35457.0403433515	
3655	87720	0	0	0.0713386096475191		71185.8062719858	
3656	87744	0	0	0.0330706437428482		58906.3865357174	
3657	87768	0	0	0.0558120189530564		56689.3537196091	
3658	87792	0	0	0.187148098115369		168992.593809167	
3659	87816	0	0	0.248006598188136		218437.169008131	
3660	87840	0	0	0.352630656733501		283741.089365508	
3661	87864	0	0	0.131052043032957	110775	176346.737426783	-65571.7374267826
3662	87888	0.886816810678419	0.0416666666666667	0.171749266656145	164500	232423.305250291	-67923.3052502908
3663	87912	0.891082607509116	0.00833333333333333	0.241780330163154	226012.5	341063.272145365	-115050.772145365
3664	87936	0.928966186628094	0.00833333333333333	0.254637495276342	273612.5	300045.364475518	-26432.8644755182
3665	87960	0.975440925314123	0.025	0.12910352849246	273700	177228.912823033	96471.0871769674
3666	87984	0.987847415073231	0	0.095853245828819	289012.5	144058.602232055	144953.897767945
3667	88008	0.999456917402947	0	0.242570106874645	638050	303319.268577052	334730.731422948
3668	88032	0.958533777069579	0	0.248846545295064	831775	288295.659141709	543479.340858291
3669	88056	0.993461857251531	0	0.279927693947989	787150	248258.393066973	538891.606933027
3670	88080	0.958792540281755	0	0.248407741515854	970200	283067.779422309	687132.220577691
3671	88104	0.972604897051703	0	0.313944123335756	1032587.5	357530.632147047	675056.867852954
3672	88128	0.804326847705264	0	0.371701420936045	1540262.5	422221.928921303	1118040.5710787
3673	88152	0.687797157617512	0	0.33574132072528	1736612.5	388714.664492846	1347897.83550715
3674	88176	0.939790482931379	0.0166666666666667	0.200273801562634	1039237.5	300331.341720011	738906.158279989
3675	88200	0.992437902800763	0.0333333333333333	0.195991885753619	808762.5	321542.464023252	487220.035976748
3676	88224	0.998129569809108	0.00833333333333333	0.17165790703593	632712.5	304013.742297872	328698.757702128
3677	88248	0.979869878670502	0	0.114502930757274	242987.5	208062.493456811	34925.0065431892
3678	88272	0.980833729078825	0	0.127041480113216	241500	184584.571598213	56915.4284017872
3679	88296	0.99179782260384	0	0.0564825244473912	153037.5	127626.800937299	25410.6990627009
3680	88320	0.97529373623367	0.00833333333333333	0.0766884681954174	86450	121448.585981919	-34998.5859819194
3681	88344	0.976130816385226	0.00833333333333333	0.0789806581133536	73150	126512.523030141	-53362.5230301406
3682	88368	0.966486600540609	0.0583333333333333	0.0680576563389259	0	105344.820879718	-105344.820879718
3683	88392	0.964189418259956	0	0.0629616047042517	0	57851.4105189311	-57851.4105189311
3684	88416	0.976794119425628	0	0.0435199355858806	0	58624.9903660975	-58624.9903660975
3685	88440	0.974747358140918	0	0.061229426487488	0	76195.3900762612	-76195.3900762612
3686	88464	0.973701425097629	0	0.0733471058012274	0	66321.0564887914	-66321.0564887914
3687	88488	0.918025499619578	0	0.163232668262655	0	147104.121479179	-147104.121479179
3688	88512	0.937273910928779	0.00833333333333333	0.115763365647583	0	123916.857914907	-123916.857914907
3689	88536	0.928260168980974	0.0833333333333333	0.104612505908593	0	124630.555047961	-124630.555047961
3690	88560	0.944636752503846	0	0.0638308872847544	0	82652.8412252344	-82652.8412252344
3691	88584	0.973340867613646	0.025	0.0330079786072686	0	83343.4209999117	-83343.4209999117
3692	88608	0.975880536676288	0.141666666666667	0.0533568990398718	0	117129.843939734	-117129.843939734
3693	88632	0.979639466968771	0	0.0560805163675155	0	-6236.29931670154	6236.29931670154
3694	88656	0.976019220804593	0.00833333333333333	0.0617948234160632	0	43013.7108476541	-43013.7108476541
3695	88680	0.985683756424901	0	0.0465029129568997	0	39649.9659457837	-39649.9659457837
3696	88704	0.989430123919764	0.0583333333333333	0.0423110221656717	0	13256.6869607873	-13256.6869607873
3697	88728	0.96738758203821	0.00833333333333333	0.0715685756021199	0	64167.4226548783	-64167.4226548783
3698	88752	0.959296869683424	0.00833333333333333	0.0970315262440043	0	86272.7233461184	-86272.7233461184
3699	88776	0.975100478073165	0.00833333333333333	0.0558558436942693	0	61110.0419524518	-61110.0419524518
3700	88800	0.953618629239762	0	0.0990272926998878	0	70233.3222144939	-70233.3222144939
3701	88824	0.937550455759236	0	0.12126940146819	0	135160.302207664	-135160.302207664
3702	88848	0.951989264316232	0.00833333333333333	0.0904358089143278	0	103974.665411245	-103974.665411245
3703	88872	0.966464813078801	0	0.0427377031841951	0	65035.089174799	-65035.089174799
3704	88896	0.961271984112151	0	0.0622199202151519	0	100762.86203469	-100762.86203469
3705	88920	0.975112994168178	0	0.0522365629575958	0	96438.3051037296	-96438.3051037296
3706	88944	0	0.00833333333333333	0.0137596332402028	0	40447.2723571192	-40447.2723571192
3707	88968	0.982756454147194	0.0416666666666667	0.0349725307353497	0	59317.2997592782	-59317.2997592782
