time_cont,years,months,airtemp,P,Q,ThawDepth,dZ,dw30
2023.4430365,2023,6,1.003,0,0.000222882877512149,2.65161045678432,0.146177770024125,0.438533310072374
2023.4431507,2023,6,1.003,0,0.0001852599339314,2.79778822680844,0.168241973720391,0.504725921161172
2023.4432648,2023,6,1.221,0,0.000145653346370967,2.96603020052883,0.145317372213515,0.435952116640544
2023.443379,2023,6,1.112,0,0.000205575035921242,3.11134757274235,0.24320104910309,0.729603147309271
2023.4434932,2023,6,1.98,0,0.000120387831796922,3.35454862184544,0.250484226829357,0.75145268048807
2023.4436073,2023,6,2.195,0,0.000227491118708893,3.6050328486748,0.223093063571021,0.669279190713063
2023.4437215,2023,6,2.088,0,0.000191274454729268,3.82812591224582,0.168089856668439,0.504269570005316
2023.4438356,2023,6,1.656,0,0.000257201833645319,3.99621576891426,0.0555584281710937,0.166675284513281
2023.4439498,2023,6,0.563,0,0.000174380936682556,4.05177419708535,0.0334778366413504,0.100433509924051
2023.4440639,2023,6,0.343,0,0.000204091651618981,4.0852520337267,0,0
2023.4441781,2023,6,-0.102,0,0.000213487264565565,4.0852520337267,0,0
2023.4442922,2023,6,-0.325,0,0.000175864320984816,4.0852520337267,0.0224892186946466,0.0674676560839398
2023.4444064,2023,6,0.232,0,0.00018377654962914,4.10774125242135,0,0
2023.4445205,2023,6,-0.437,0,0.00018970513429378,4.10774125242135,0.0958428307610131,0.287528492283039
2023.4446347,2023,6,1.003,0,0.000163047124095102,4.20358408318236,0.133808056526299,0.401424169578898
2023.4447489,2023,6,1.439,0,0.000181955946483819,4.33739213970866,0.205955676535851,0.617867029607552
2023.444863,2023,6,2.303,0,0.000257201833645319,4.54334781624451,0.205970809501364,0.617912428504093
2023.4449772,2023,6,2.41,0,0.000272689072090906,4.74931862574587,0.180112659154632,0.540337977463897
2023.4450913,2023,6,2.195,0,0.000350869798381115,4.92943128490051,0.198754558626852,0.596263675880557
2023.4452055,2023,6,2.517,0,0.00034778310838697,5.12818584352736,0.215168044411132,0.645504133233396
2023.4453196,2023,6,2.837,0,0.000289996913681814,5.34335388793849,0.252080630628122,0.756241891884365
2023.4454338,2023,6,3.472,0,0.000247806220698735,5.59543451856661,0.241203566100464,0.723610698301392
2023.4455479,2023,6,3.472,0,0.00029155740268521,5.83663808466708,0.245415570438192,0.736246711314577
2023.4456621,2023,6,3.683,0,0.000225890137911083,6.08205365510527,0.23588977577258,0.707669327317739
2023.4457763,2023,6,3.683,0,0.00017887158138375,6.31794343087785,0.227393972798586,0.682181918395758
2023.4458904,2023,6,3.683,0,0.000115842997465703,6.54533740367643,0.225915441046589,0.677746323139767
2023.4460046,2023,6,3.788,0,0.000136914545003288,6.77125284472302,0.283422183817873,0.850266551453618
2023.4461187,2023,6,4.934,0,0.000111746496716189,7.0546750285409,0.272467281355054,0.817401844065161
2023.4462329,2023,6,4.934,0,0.000175864320984816,7.32714230989595,0.213561864297104,0.640685592891313
2023.446347,2023,6,3.998,0,0.000265036957588507,7.54070417419305,0.125862037102292,0.377586111306877
2023.4464612,2023,6,2.41,0,0.000438653770415824,7.66656621129535,0.0963570002289567,0.28907100068687
2023.4465753,2023,6,1.872,0,0.00034927582590829,7.7629232115243,0.0787855204846704,0.236356561454011
2023.4466895,2023,6,1.548,0,0.000355649131848471,7.84170873200897,0.0450913140447291,0.135273942134187
2023.4468037,2023,6,0.893,0,0.000391497677466724,7.8868000460537,0.0612394074728,0.1837182224184
2023.4469178,2023,6,1.221,0,0.000291590886154638,7.9480394535265,0,0
2023.447032,2023,6,-0.213,0,0.000325909842287808,7.9480394535265,0.0060430929061317,0.0181292787183951
2023.4471461,2023,6,0.121,0,0.000204091651618982,7.95408254643263,0.0335778647915124,0.100733594374537
2023.4472603,2023,6,0.674,0,0.000161563739792842,7.98766041122415,0.0604719829042377,0.181415948712713
2023.4473744,2023,6,1.221,0,0.000188267194330334,8.04813239412838,0.0706905786085539,0.212071735825662
2023.4474886,2023,6,1.439,0,0.000222882877512149,8.11882297273694,0.0962728392762422,0.288818517828727
2023.4476027,2023,6,1.98,0,0.000218055013967895,8.21509581201318,0.130918847860945,0.392756543582836
2023.4477169,2023,6,2.73,0,0.000266597446591903,8.34601465987413,0.143830537745977,0.431491613237931
2023.4478311,2023,6,3.049,0,0.000228974503011153,8.4898451976201,0.141434096683401,0.424302290050203
2023.4479452,2023,6,3.049,0,0.000239893992054411,8.6312792943035,0.124698307229618,0.374094921688854
2023.4480594,2023,6,2.73,0,0.000246282344602061,8.75597760153312,0.13720262464407,0.41160787393221
2023.4481735,2023,6,3.049,0,0.000255641344641923,8.89318022617719,0.162960622300275,0.488881866900826
2023.4482877,2023,6,3.683,0,0.000236886731655477,9.05614084847747,0.17811541336331,0.534346240089929
2023.4484018,2023,6,4.102,0,0.000196179422974658,9.23425626184078,0.157044033727392,0.471132101182175
2023.448516,2023,6,3.683,0,0.000238370115957737,9.39130029556817,0.14130622596347,0.423918677890411
2023.4486301,2023,6,3.367,0,0.000180269029552783,9.53260652153164,0.152207344854268,0.456622034562805
2023.4487443,2023,6,3.683,0,0.000150644250749584,9.68481386638591,0.137084396136945,0.411253188410836
2023.4488584,2023,6,3.367,0,0.000207098912017915,9.82189826252285,0.151973043973603,0.45591913192081
2023.4489726,2023,6,3.788,0,0.000236886731655477,9.97387130649646,0.0870120653676913,0.261036196103074
2023.4490868,2023,6,2.195,0,0.000343169153801817,10.0608833718641,0.0904915610215351,0.271474683064605
2023.4492009,2023,6,2.303,0,0.000325876358818379,10.1513749328857,0.0855034199970426,0.256510259991128
2023.4493151,2023,6,2.195,0,0.000243048453530631,10.2368783528827,0.0514627291635321,0.154388187490596
2023.4494292,2023,6,1.33,0,0.000343169153801817,10.2883410820463,0.0259815767662914,0.0779447302988743
2023.4495434,2023,6,0.674,0,0.000316550842247945,10.3143226588125,0.0469015979283096,0.140704793784929
2023.4496575,2023,6,1.221,0,0.000296235740258104,10.3612242567409,0.0383694394578136,0.115108318373441
2023.4497717,2023,6,1.003,0,0.000302476891728468,10.3995936961987,0.0340426869029571,0.102128060708871
2023.4498858,2023,6,0.893,0,0.000202567775522308,10.4336363831016,0.0669223672011974,0.200767101603592
2023.45,2023,6,1.764,0,0.000211963388468892,10.5005587503028,0.0987671973919344,0.296301592175803
2023.4501142,2023,6,2.624,0,0.00017738819708149,10.5993259476948,0.133211135896332,0.399633407688995
2023.4502283,2023,6,3.578,0,0.000169475968437166,10.7325370835911,0.184776200917719,0.554328602753158
2023.4503425,2023,6,5.037,0,0.000235362855558803,10.9173132845088,0.236519918609313,0.709559755827938
2023.4504566,2023,6,6.573,0,0.000233802366555407,11.1538332031181,0.270221544069987,0.81066463220996
2023.4505708,2023,6,7.682,0,0.000208659401021311,11.4240547471881,0.253744913125677,0.761234739377032
2023.4506849,2023,6,7.381,0,0.00028060130073523,11.6777996603138,0.228152579826185,0.684457739478555
2023.4507991,2023,6,6.775,0,0.000279077424638556,11.90595224014,0.279584062046258,0.838752186138773
2023.4509132,2023,6,8.481,0,0.00028060130073523,12.1855363021862,0.241397867061645,0.724193601184934
2023.4510274,2023,6,7.481,0,0.000307155229301361,12.4269341692479,0.2462321448916,0.7386964346748
2023.4511416,2023,6,7.782,0,0.000210183277117985,12.6731663141395,0.191753874779183,0.575261624337548
2023.4512557,2023,6,6.166,0,7.63496851498317e-05,12.8649201889187,0.195141639899791,0.585424919699374
2023.4513699,2023,6,6.37,0,4.69462828790132e-05,13.0600618288184,0.279031269733499,0.837093809200498
2023.451484,2023,6,9.275,0,4.58931596665357e-05,13.3390930985519,0.287686939259101,0.863060817777304
2023.4515982,2023,6,9.768,0,9.89421025092404e-05,13.6267800378111,0.207622160020192,0.622866480060575
2023.4517123,2023,6,7.179,0,0.000227491118708893,13.8344021978312,0.196007141934308,0.588021425802923
2023.4518265,2023,6,6.877,0,0.000203668496642694,14.0304093397655,0.181967089962692,0.545901269888075
2023.4519406,2023,6,6.471,0,0.000188181258197106,14.2123764297282,0.140045696231871,0.420137088695613
2023.4520548,2023,6,5.037,0,0.000193172162575724,14.3524221259601,0.147184747071776,0.441554241215329
2023.4521689,2023,6,5.347,0,0.000197703299071332,14.4996068730319,0.109082475629707,0.327247426889121
2023.4522831,2023,6,3.998,0,0.000186783810028074,14.6086893486616,0.0997720602653054,0.299316180795916
2023.4523973,2023,6,3.683,0,0.000257201833645319,14.7084614089269,0.0934402830082046,0.280320849024614
2023.4525114,2023,6,3.472,0,0.000174380936682556,14.8019016919351,0.10407388445458,0.312221653363741
2023.4526256,2023,6,3.893,0,0.000202567775522308,14.9059755763897,0.111657404636979,0.334972213910937
2023.4527397,2023,6,4.207,0,0.000157073095091648,15.0176329810267,0.108076985606413,0.324230956819239
2023.4528539,2023,6,4.102,0,0.000141248637803,15.1257099666331,0.142409859191355,0.427229577574066
2023.452968,2023,6,5.45,0,0.000194655546877984,15.2681198258244,0.143722123427322,0.431166370281966
2023.4530822,2023,6,5.552,0,0.000210106172416849,15.4118419492518,0.163263693215971,0.489791079647912
2023.4531963,2023,6,6.37,0,0.000332249664758559,15.5751056424677,0.114792321792546,0.344376965377638
2023.4533105,2023,6,4.519,0,0.000300916402725072,15.6898979642603,0.100862091611763,0.302586274835289
2023.4534247,2023,6,3.998,0,0.000371182575476882,15.790760055872,0.115832355001217,0.347497065003651
2023.4535388,2023,6,4.623,0,0.000282161789738626,15.9065924108733,0.11499493586544,0.344984807596319
2023.453653,2023,6,4.623,0,0.000268121322688577,16.0215873467387,0.121827279056134,0.365481837168403
2023.4537671,2023,6,4.934,0,0.000177347705287076,16.1434146257948,0.135996451799762,0.407989355399287
2023.4538813,2023,6,5.552,0,0.0652648891717991,16.2794110775946,0.0997533295170463,0.299259988551139
2023.4539954,2023,6,4.102,0,0.0714845710989586,16.3791644071116,0.0941121601474464,0.282336480442339
2023.4541096,2023,6,3.893,0,0.0492852168966215,16.4732765672591,0.116045694432337,0.348137083297011
2023.4542237,2023,6,4.831,0,0.0277779411369961,16.5893222616914,0.0929266061460616,0.278779818438185
2023.4543379,2023,6,3.893,0,0.00888334935543842,16.6822488678375,0.077444092235222,0.232332276705666
2023.4544521,2023,6,3.261,0,0.00367276786156459,16.7596929600727,0.0720870673821992,0.216261202146597
2023.4545662,2023,6,3.049,0,0.00264194473499084,16.8317800274549,0.0667985997143887,0.200395799143166
2023.4546804,2023,6,2.837,0,0.000981678141810173,16.8985786271693,0.0590437554591574,0.177131266377472
2023.4547945,2023,6,2.517,0,0.000960304390723591,16.9576223826284,0.0488247193327638,0.146474157998291
2023.4549087,2023,6,2.088,0,0.00101292779118448,17.0064471019612,0.0411394992437799,0.12341849773134
2023.4550228,2023,6,1.764,0,0.0010354186154839,17.047586601205,0.0309523507775751,0.0928570523327252
2023.455137,2023,6,1.33,0,0.000810438360293839,17.0785389519826,0.0334259896484284,0.100277968945285
2023.4552511,2023,6,1.439,0,0.00107537254239548,17.111964941631,0.0383859770913197,0.115157931273959
2023.4553653,2023,6,1.656,0,0.000801310685627308,17.1503509187223,0.0457838031631468,0.13735140948944
2023.4554795,2023,6,1.98,0,0.000939808464170325,17.1961347218855,0.045662229452013,0.136986688356039
2023.4555936,2023,6,1.98,0,0.00185403688055895,17.2417969513375,0.0504795759116021,0.151438727734806
2023.4557078,2023,6,2.195,0,0.00163762065845684,17.2922765272491,0.0723001533651626,0.216900460095488
2023.4558219,2023,6,3.155,0,0.00120344963228327,17.3645766806142,0.0840208512541878,0.252062553762563
2023.4559361,2023,6,3.683,0,0.000922524196512398,17.4485975318684,0.0788384617087381,0.236515385126214
2023.4560502,2023,6,3.472,0,0.00110291384287915,17.5274359935772,0.0713340859206291,0.214002257761887
2023.4561644,2023,6,3.155,0,0.000805089325074032,17.5987700794978,0.0805497608187231,0.241649282456169
2023.4562785,2023,6,3.578,0,0.000998981440944537,17.6793198403165,0.0730949487665384,0.219284846299615
2023.4563927,2023,6,3.261,0,0.000969349050112182,17.7524147890831,0.0892060973969642,0.267618292190893
2023.4565068,2023,6,3.998,0,0.175793083343885,17.84162088648,0.0933903576138668,0.2801710728416
2023.456621,2023,6,4.207,0,0.215962760829415,17.9350112440939,0.0929065723004463,0.278719716901339
2023.4567352,2023,6,4.207,0,0.252124895172864,18.0279178163943,0.0901290550692551,0.270387165207765
2023.4568493,2023,6,4.102,0,0.283786206905632,18.1180468714636,0.0874146016706945,0.262243805012083
2023.4569635,2023,6,3.998,0,0.280264327962047,18.2054614731343,0.0847173569370945,0.254152070811283
2023.4570776,2023,6,3.893,0,0.250750871759723,18.2901788300714,0.0683706071274557,0.205111821382367
2023.4571918,2023,6,3.155,0,0.221879465889017,18.3585494371988,0.0658324578551479,0.197497373565444
2023.4573059,2023,6,3.049,0,0.229008707415743,18.424381895054,0.0655980668473326,0.196794200541998
2023.4574201,2023,6,3.049,0,0.221467929397412,18.4899799619013,0.074416491291867,0.223249473875601
2023.4575342,2023,6,3.472,0,0.225095891339833,18.5643964531932,0.0560437174431101,0.16813115232933
2023.4576484,2023,6,2.624,0,0.214487591561145,18.6204401706363,0.0467518391959558,0.140255517587867
2023.4577626,2023,6,2.195,0,0.203055870202893,18.6671920098322,0.0420722800819959,0.126216840245988
2023.4578767,2023,6,1.98,0,0.18737675896505,18.7092642899142,0.0419778824799835,0.12593364743995
2023.4579909,2023,6,1.98,0,0.168649473142151,18.7512421723942,0.0418841174408762,0.125652352322629
2023.458105,2023,6,1.98,0,0.159748579739723,18.7931262898351,0.0440678193116959,0.132203457935088
2023.4582192,2023,6,2.088,0,0.148135824809954,18.8371941091468,0.0484861992625873,0.145458597787762
2023.4583333,2023,6,2.303,0,0.159718484772485,18.8856803084094,0.0483620364574229,0.145086109372269
2023.4584475,2023,6,2.303,0,0.15679473678885,18.9340423448668,0.0527150605041236,0.158145181512371
2023.4585616,2023,6,2.517,0,0.168638451854871,18.9867574053709,0.054800651871183,0.164401955613549
2023.4586758,2023,6,2.624,0,0.182997749144575,19.0415580572421,0.102618809849115,0.307856429547346
2023.45879,2023,6,4.934,0,0.211837614837939,19.1441768670912,0.106342129771782,0.319026389315347
2023.4589041,2023,6,5.141,0,0.265081957093904,19.250518996863,0.109983585438616,0.329950756315849
2023.4590183,2023,6,5.347,0,0.330023798938374,19.3605025823016,0.111462938937816,0.334388816813448
2023.4591324,2023,6,5.45,0,0.473440829153656,19.4719655212394,0.094051453195199,0.282154359585597
2023.4592466,2023,6,4.623,0,0.521117650586692,19.5660169744346,0.0998823163431233,0.29964694902937
2023.4593607,2023,6,4.934,0,0.648120876742183,19.6658992907778,0.0973081198592176,0.291924359577653
2023.4594749,2023,6,4.831,0,0.555859589338578,19.763207410637,0.0843506161014851,0.253051848304455
2023.459589,2023,6,4.207,0,0.417171934749163,19.8475580267385,0.0756441000270591,0.226932300081177
2023.4597032,2023,6,3.788,0,0.352998994445876,19.9232021267655,0.075357979981117,0.226073939943351
2023.4598174,2023,6,3.788,0,0.387364576456243,19.9985601067466,0.0646471934485042,0.193941580345513
2023.4599315,2023,6,3.261,0,0.411238571401665,20.0632073001951,0.0539607080728466,0.16188212421854
2023.4600457,2023,6,2.73,0,0.375587249762197,20.117168008268,0.0517294615937516,0.155188384781255
2023.4601598,2023,6,2.624,0,0.287605294256124,20.1688974698617,0.0431704731641389,0.129511419492417
2023.460274,2023,6,2.195,0,0.272606608235314,20.2120679430259,0.0367451048873662,0.110235314662098
2023.4603881,2023,6,1.872,0,0.254029956555583,20.2488130479133,0.0260658335534316,0.0781975006602948
2023.4605023,2023,6,1.33,0,0.223792364815079,20.2748788814667,0.0131965163554817,0.0395895490664451
2023.4606164,2023,6,0.674,0,0.191183735773346,20.2880753978222,0.0110166267035794,0.0330498801107382
2023.4607306,2023,6,0.563,0,0.171611514889836,20.2990920245257,0.0110106510545123,0.0330319531635368
2023.4608447,2023,6,0.563,0,0.1391742976579,20.3101026755803,0.00670516245162744,0.0201154873548823
2023.4609589,2023,6,0.343,0,0.129134812594764,20.3168078380319,0.0153177821746766,0.0459533465240298
2023.4610731,2023,6,0.784,0,0.112268139176799,20.3321256202066,0.0109927717290219,0.0329783151870657
2023.4611872,2023,6,0.563,0,0.108310391870876,20.3431183919356,0.0195692218311159,0.0587076654933476
2023.4613014,2023,6,1.003,0,0.11015480467508,20.3626876137667,0.0385760626275449,0.115728187882635
2023.4614155,2023,6,1.98,0,0.105158697503813,20.4012636763942,0.0406013499125955,0.121804049737786
2023.4615297,2023,6,2.088,0,0.0953912875306641,20.4418650263068,0.0509098524317864,0.152729557295359
2023.4616438,2023,6,2.624,0,0.0932593210236457,20.4927748787386,0.06309297105323,0.18927891315969
2023.461758,2023,6,3.261,0,0.106465085452872,20.5558678497919,0.0628999088680224,0.188699726604067
2023.4618721,2023,6,3.261,0,0.1602296458092,20.6187677586599,0.0647437840729168,0.19423135221875
2023.4619863,2023,6,3.367,0,0.178691150205797,20.6835115427328,0.0604838665523495,0.181451599657048
2023.4621005,2023,6,3.155,0,0.177588111423687,20.7439954092851,0.0643541502847285,0.193062450854185
2023.4622146,2023,6,3.367,0,0.201991597804538,20.8083495595699,0.062138988154576,0.186416964463728
2023.4623288,2023,6,3.261,0,0.175707824119518,20.8704885477244,0.0539094829642792,0.161728448892838
2023.4624429,2023,6,2.837,0,0.205632043206736,20.9243980306887,0.0436603379933302,0.130981013979991
2023.4625571,2023,6,2.303,0,0.202205795450371,20.9680583686821,0.037464345365624,0.112393036096872
2023.4626712,2023,6,1.98,0,0.182827880813183,21.0055227140477,0.0271860016549965,0.0815580049649895
2023.4627854,2023,6,1.439,0,0.159612573956529,21.0327087157027,0.00437972203916104,0.0131391661174831
2023.4628995,2023,6,0.232,0,0.126918658436791,21.0370884377418,0.00228388982586836,0.00685166947760507
2023.4630137,2023,6,0.121,0,0.120571010194809,21.0393723275677,0,0
2023.4631279,2023,6,-0.213,0,0.096898748157667,21.0393723275677,0,0
2023.463242,2023,6,-0.437,0,0.0727333451032903,21.0393723275677,0,0
2023.4633562,2023,6,-0.213,0,0.0573868869809822,21.0393723275677,0.00437833517769448,0.0131350055330834
2023.4634703,2023,6,0.232,0,0.0500053693012372,21.0437506627454,0.00647147362881384,0.0194144208864415
2023.4635845,2023,6,0.343,0,0.0450906501306005,21.0502221363742,0.012710747729848,0.0381322431895441
2023.4636986,2023,6,0.674,0,0.0498157290425049,21.0629328841041,0.0168289933232799,0.0504869799698398
2023.4638128,2023,6,0.893,0,0.0478650278650296,21.0797618774273,0.0126929464809535,0.0380788394428606
2023.4639269,2023,6,0.674,0,0.0475182260006015,21.0924548239083,0.0188746331901477,0.0566238995704431
2023.4640411,2023,6,1.003,0,0.0464080928721919,21.1113294570984,0.0270499243814619,0.0811497731443858
2023.4641553,2023,6,1.439,0,0.0456966287817835,21.1383793814799,0.0351376195103192,0.105412858530958
2023.4642694,2023,6,1.872,0,0.0448863431266428,21.1735170009902,0.0350794048794789,0.105238214638437
2023.4643836,2023,6,1.872,0,0.0462085299113698,21.2085964058697,0.037040187204763,0.111120561614289
2023.4644977,2023,6,1.98,0,0.0473285843463061,21.2456365930745,0.0469929180541051,0.140978754162315
2023.4646119,2023,6,2.517,0,0.0492295447672439,21.2926295111286,0.0488804629828543,0.146641388948563
2023.464726,2023,6,2.624,0,0.0526200508527983,21.3415099741114,0.0408031224363086,0.122409367308926
2023.4648402,2023,6,2.195,0,0.142393991034297,21.3823130965477,0.0387419549379473,0.116225864813842
2023.4649543,2023,6,2.088,0,0.169447721850051,21.4210550514857,0.040651891404007,0.121955674212021
2023.4650685,2023,6,2.195,0,0.163316605985854,21.4617069428897,0.0425694622406816,0.127708386722045
2023.4651826,2023,6,2.303,0,0.167409600717391,21.5042764051304,0.0385226207211744,0.115567862163523
2023.4652968,2023,6,2.088,0,0.166300985165186,21.5427990258515,0.0344790504971435,0.103437151491431
2023.465411,2023,6,1.872,0,0.165931429324128,21.5772780763487,0.0204550860005099,0.0613652580015298
2023.4655251,2023,6,1.112,0,0.161810467605391,21.5977331623492,0.0164125964080775,0.0492377892242324
2023.4656393,2023,6,0.893,0,0.157397946132566,21.6141457587573,0.0164001430356819,0.0492004291070458
2023.4657534,2023,6,0.893,0,0.149461966619814,21.630545901793,0.0163877179680405,0.0491631539041215
2023.4658676,2023,6,0.893,0,0.148058577375284,21.646933619761,0.0143772049948581,0.0431316149845742
2023.4659817,2023,6,0.784,0,0.132283512334119,21.6613108247559,0.0123523713044378,0.0370571139133133
2023.4660959,2023,6,0.674,0,0.125399020960459,21.6736631960603,0.00829815871416528,0.0248944761424958
2023.46621,2023,6,0.453,0,0.120603631003701,21.6819613547745,0.00221596857777939,0.00664790573333818
2023.4663242,2023,6,0.121,0,0.114663670033711,21.6841773233522,0.00628039946875703,0.0188411984062711
2023.4664384,2023,6,0.343,0,0.109818694497564,21.690457722821,0.0103047038296573,0.0309141114889719
2023.4665525,2023,6,0.563,0,0.102470205259159,21.7007624266507,0.0082878001926936,0.0248634005780808
2023.4666667,2023,6,0.453,0,0.102739212302795,21.7090502268433,0.0223228991233668,0.0669686973701005
2023.4667808,2023,6,1.221,0,0.096201262298705,21.7313731259667,0.032209847288577,0.096629541865731
2023.466895,2023,6,1.764,0,0.099006679372471,21.7635829732553,0.0458769257648157,0.137630777294447
2023.4670091,2023,6,2.517,0,0.0990573059469387,21.8094598990201,0.049650389123908,0.148951167371724
2023.4671233,2023,6,2.73,0,0.105659291296407,21.859110288144,0.0476165113154998,0.142849533946499
2023.4672374,2023,6,2.624,0,0.111961652476874,21.9067267994595,0.0397522905871845,0.119256871761554
2023.4673516,2023,6,2.195,0,0.112539635019427,21.9464790900467,0.0416309527838159,0.124892858351448
2023.4674658,2023,6,2.303,0,0.113752220470228,21.9881100428305,0.0415522800783776,0.124656840235133
2023.4675799,2023,6,2.303,0,0.117468211219081,22.0296623229089,0.0869105196956923,0.260731559087077
2023.4676941,2023,6,4.831,0,0.133755181371493,22.1165728426046,0.0809895608915099,0.24296868267453
2023.4678082,2023,6,4.519,0,0.156700501720801,22.1975624034961,0.0751331928163879,0.225399578449164
2023.4679224,2023,6,4.207,0,0.172378572348051,22.2726955963125,0.0730147474622456,0.219044242386737
2023.4680365,2023,6,4.102,0,0.171622703006835,22.3457103437747,0.0727769470699471,0.218330841209841
2023.4681507,2023,6,4.102,0,0.176616880425539,22.4184872908447,0.066996821554774,0.200990464664322
2023.4682648,2023,6,3.788,0,0.170099813719354,22.4854841123995,0.0519141740116105,0.155742522034831
2023.468379,2023,6,2.943,0,0.169702322176394,22.5373982864111,0.0499313974253432,0.14979419227603
2023.4684932,2023,6,2.837,0,0.175155723601674,22.5873296838364,0.0347828387427498,0.104348516228249
2023.4686073,2023,6,1.98,0,0.160348967370983,22.6221125225792,0.0347294401072631,0.104188320321789
2023.4687215,2023,6,1.98,0,0.151254264063676,22.6568419626864,0.0403280487470639,0.120984146241192
2023.4688356,2023,6,2.303,0,0.148080678288855,22.6971700114335,0.0346147681616031,0.103844304484809
2023.4689498,2023,6,1.98,0,0.144904238129845,22.7317847795951,0.0364458373372365,0.109337512011709
2023.4690639,2023,6,2.088,0,0.139334687675615,22.7682306169323,0.0269825752152215,0.0809477256456645
2023.4691781,2023,6,1.548,0,0.140724295078641,22.7952131921475,0.0344661138210967,0.10339834146329
2023.4692922,2023,6,1.98,0,0.135639547330289,22.8296793059686,0.0212281902721578,0.0636845708164735
2023.4694064,2023,6,1.221,0,0.140026729516346,22.8509074962408,0.0231008365931267,0.06930250977938
2023.4695205,2023,6,1.33,0,0.136626875043076,22.8740083328339,0.0362195876940454,0.108658763082136
2023.4696347,2023,6,2.088,0,0.138322704859928,22.910227920528,0.0305547440699954,0.0916642322099861
2023.4697489,2023,6,1.764,0,0.144904325470165,22.940782664598,0.023010425245019,0.0690312757350569
2023.469863,2023,6,1.33,0,0.148428082922294,22.963793089843,0.0154369277595912,0.0463107832787735
2023.4699772,2023,6,0.893,0,0.162219133601458,22.9792300176026,0.0192082069779786,0.0576246209339359
2023.4700913,2023,6,1.112,0,0.178990949699319,22.9984382245806,0.0360239338860815,0.108071801658244
2023.4702055,2023,6,2.088,0,0.189387174025309,23.0344621584666,0.0247940819036003,0.074382245710801
2023.4703196,2023,6,1.439,0,0.204231437699673,23.0592562403702,0.0172660129198725,0.0517980387596175
2023.4704338,2023,6,1.003,0,0.216565627501821,23.0765222532901,0.0210013259807837,0.0630039779423512
2023.4705479,2023,6,1.221,0,0.233986142358221,23.0975235792709,0.00589620070705621,0.0176886021211686
2023.4706621,2023,6,0.343,0,0.235058762067477,23.1034197799779,0,0
2023.4707763,2023,6,-0.325,0,0.226813560738548,23.1034197799779,0,0
2023.4708904,2023,6,-0.437,0,0.20927397501252,23.1034197799779,0,0
2023.4710046,2023,6,-0.662,0,0.203325545711805,23.1034197799779,0,0
2023.4711187,2023,6,-0.549,0,0.198334174163916,23.1034197799779,0,0
2023.4712329,2023,6,-1.228,0,0.186212028928724,23.1034197799779,0,0
2023.471347,2023,6,-1.799,0,0.173568313370132,23.1034197799779,0,0
2023.4714612,2023,6,-1.914,0,0.162563517685506,23.1034197799779,0,0
2023.4715753,2023,6,-2.261,0,0.155238938556341,23.1034197799779,0,0
2023.4716895,2023,6,-2.261,0,0.147330612846348,23.1034197799779,0,0
2023.4718037,2023,6,-2.261,0,0.140398904091605,23.1034197799779,0,0
2023.4719178,2023,6,-2.03,0,0.13298374509547,23.1034197799779,0,0
2023.472032,2023,6,-1.341,0,0.123172214749022,23.1034197799779,0,0
2023.4721461,2023,6,-1.228,0,0.117777444491504,23.1034197799779,0.00967475974831444,0.0290242792449433
2023.4722603,2023,6,0.563,0,0.114455600284534,23.1130945397263,0.0321399269662557,0.096419780898767
2023.4723744,2023,6,1.872,0,0.132660934662006,23.1452344666925,0.0209390349143561,0.0628171047430683
2023.4724886,2023,6,1.221,0,0.127368351103796,23.1661735016069,0.0558306223699816,0.167491867109945
2023.4726027,2023,6,3.261,0,0.12276261173586,23.2220041239769,0.0592959302258187,0.177887790677456
2023.4727169,2023,6,3.472,0,0.142904874473924,23.2813000542027,0.0716467551983051,0.214940265594915
2023.4728311,2023,6,4.207,0,0.158178834301951,23.352946809401,0.0872558009184132,0.26176740275524
2023.4729452,2023,6,5.141,0,0.175164333706893,23.4402026103194,0.0799435207106818,0.239830562132045
2023.4730594,2023,6,4.727,0,0.198606898511838,23.5201461310301,0.0918350447636875,0.275505134291063
2023.4731735,2023,6,5.45,0,0.223234387151996,23.6119811757938,0.0863020695417909,0.258906208625373
2023.4732877,2023,6,5.141,0,0.240960197471464,23.6982832453356,0.0842524873739912,0.252757462121973
2023.4734018,2023,6,5.037,0,0.221162192360214,23.7825357327095,0.0701412312393934,0.21042369371818
2023.473516,2023,6,4.207,0,0.213718678319819,23.8526769639489,0.0681925852205438,0.204577755661631
2023.4736301,2023,6,4.102,0,0.217488868310287,23.9208695491695,0.0399738837705748,0.119921651311724
2023.4737443,2023,6,2.41,0,0.210131484957292,23.9608434329401,0.0557359211368968,0.167207763410691
2023.4738584,2023,6,3.367,0,0.201255784276935,24.016579354077,0.0255815912357242,0.0767447737071727
2023.4739726,2023,6,1.548,0,0.189903314150246,24.0421609453127,0.021957295942709,0.065871887828127
2023.4740868,2023,6,1.33,0,0.180961982795987,24.0641182412554,0.0165455302576447,0.0496365907729341
2023.4742009,2023,6,1.003,0,0.160715720926065,24.080663771513,0.0111119489736851,0.0333358469210552
2023.4743151,2023,6,0.674,0,0.149856458996179,24.0917757204867,0.0219121180633053,0.0657363541899159
2023.4744292,2023,6,1.33,0,0.140727044038433,24.11368783855,0.0308080247079729,0.0924240741239188
2023.4745434,2023,6,1.872,0,0.13899552248774,24.144495863258,0.0431178464033337,0.129353539210001
2023.4746575,2023,6,2.624,0,0.130981542745498,24.1876137096613,0.0447782166441328,0.134334649932399
2023.4747717,2023,6,2.73,0,0.12737104718415,24.2323919263055,0.0359430774349754,0.107829232304926
2023.4748858,2023,6,2.195,0,0.125702735142585,24.2683350037404,0.0253164900843679,0.0759494702531036
2023.475,2023,6,1.548,0,0.127682867967117,24.2936514938248,0.0305800915565442,0.0917402746696325
2023.4751142,2023,6,1.872,0,0.12030526534265,24.3242315853813,0.0358075689993917,0.107422706998175
2023.4752283,2023,6,2.195,0,0.120899281581474,24.3600391543807,0.0582562265041666,0.1747686795125
2023.4753425,2023,6,3.578,0,0.127401075883161,24.4182953808849,0.0512539633557338,0.153761890067202
2023.4754566,2023,6,3.155,0,0.130962450019676,24.4695493442406,0.0596960098753492,0.179088029626048
2023.4755708,2023,6,3.683,0,0.130278670023991,24.529245354116,0.0595510819565597,0.178653245869679
2023.4756849,2023,6,3.683,0,0.134326724421419,24.5887964360725,0.0457738037470818,0.137321411241246
2023.4757991,2023,6,2.837,0,0.14349256572873,24.6345702398196,0.0542150027437529,0.162645008231259
2023.4759132,2023,6,3.367,0,0.136657046611418,24.6887852425634,0.0608519287694413,0.182555786308324
2023.4760274,2023,6,3.788,0,0.130650643719177,24.7496371713328,0.0539634940026055,0.161890482007816
2023.4761416,2023,6,3.367,0,0.123766129988686,24.8036006653354,0.0722428041893117,0.216728412567935
2023.4762557,2023,6,4.519,0,0.121550225875039,24.8758434695247,0.0786383522131224,0.235915056639367
2023.4763699,2023,6,4.934,0,0.12217947006864,24.9544818217379,0.0833083992833217,0.249925197849965
2023.476484,2023,6,5.244,0,0.121856705100439,25.0377902210212,0.0879003845093855,0.263701153528157
2023.4765982,2023,6,5.552,0,0.127010146197147,25.1256906055306,0.0875939416645899,0.26278182499377
2023.4767123,2023,6,5.552,0,0.121235605731926,25.2132845471952,0.0889072420771484,0.266721726231445
2023.4768265,2023,6,5.655,0,0.120899281581474,25.3021917892723,0.0789288802839039,0.236786640851712
2023.4769406,2023,6,5.037,0,0.11344031941139,25.3811206695562,0.077077638920418,0.231232916761254
2023.4770548,2023,6,4.934,0,0.113220053175523,25.4581983084766,0.0720081164085649,0.216024349225695
2023.4771689,2023,6,4.623,0,0.110103710944358,25.5302064248852,0.0766288885305961,0.229886665591788
2023.4772831,2023,6,4.934,0,0.110103710944358,25.6068353134158,0.0796005720571245,0.238801716171373
2023.4773973,2023,6,5.141,0,0.116849740311694,25.6864358854729,0.0841164857809957,0.252349457342987
2023.4775114,2023,6,5.45,0,0.113144582118999,25.7705523712539,0.0854093933473763,0.256228180042129
2023.4776256,2023,6,5.552,0,0.114975575091796,25.8559617646013,0.0882660845324317,0.264798253597295
2023.4777397,2023,6,5.757,0,0.117457398335512,25.9442278491337,0.0895379375002499,0.26861381250075
2023.4778539,2023,6,5.86,0,0.118097467135098,26.033765786634,0.100067204417709,0.300201613253126
2023.477968,2023,6,6.573,0,0.126402656234371,26.1338329910517,0.102743017304491,0.308229051913472
2023.4780822,2023,6,6.775,0,0.137655340606537,26.2365760083562,0.116013093779909,0.348039281339727
2023.4781963,2023,6,7.682,0,0.165916752356284,26.3525891021361,0.121505093337074,0.364515280011222
2023.4783105,2023,6,8.082,0,0.25532804128547,26.4740941954732,0.132847579982322,0.398542739946965
2023.4784247,2023,6,8.879,0,0.290921343731185,26.6069417754555,0.121834507092327,0.365503521276981
2023.4785388,2023,6,8.182,0,0.292984453671264,26.7287762825478,0.112406505679182,0.337219517037546
2023.478653,2023,6,7.582,0,0.310634416413507,26.841182788227,0.119303196928705,0.357909590786115
2023.4787671,2023,6,8.082,0,0.312694309216426,26.9604859851557,0.109962892369381,0.329888677108144
2023.4788813,2023,6,7.481,0,0.308171410588096,27.0704488775251,0.119757693053067,0.359273079159202
2023.4789954,2023,6,8.182,0,0.302291593077414,27.1902065705781,0.104644286738935,0.313932860216806
2023.4791096,2023,6,7.179,0,0.292881494220972,27.2948508573171,0.0821481565717832,0.24644446971535
2023.4792237,2023,6,5.655,0,0.286769156338833,27.3769990138889,0.0533693310434558,0.160107993130367
2023.4793379,2023,6,3.683,0,0.264050923055419,27.4303683449323,0.0456357921460473,0.136907376438142
2023.4794521,2023,6,3.155,0,0.249191925694973,27.4760041370784,0.0501336236131387,0.150400870839416
2023.4795662,2023,6,3.472,0,0.226350352495692,27.5261377606915,0.0545925302157784,0.163777590647335
2023.4796804,2023,6,3.788,0,0.212686863349011,27.5807302909073,0.0544846845361775,0.163454053608532
2023.4797945,2023,6,3.788,0,0.200511740147851,27.6352149754435,0.0528716191763934,0.15861485752918
2023.4799087,2023,6,3.683,0,0.188135141875727,27.6880865946198,0.0572795821742993,0.171838746522898
2023.4800228,2023,6,3.998,0,0.178576586723122,27.7453661767941,0.0541620142309007,0.162486042692702
2023.480137,2023,6,3.788,0,0.174690905421055,27.799528191025,0.0689224276304437,0.206767282891331
2023.4802511,2023,6,4.831,0,0.167417983174427,27.8684506186555,0.0613601394214776,0.184080418264433
2023.4803653,2023,6,4.311,0,0.166709581670907,27.929810758077,0.0612256300159899,0.18367689004797
2023.4804795,2023,6,4.311,0,0.167202359532966,27.991036388093,0.0640362447556839,0.192108734267052
2023.4805936,2023,6,4.519,0,0.160441079342754,28.0550726328486,0.0741270819465036,0.222381245839511
2023.4807078,2023,6,5.244,0,0.170900448895681,28.1291997147951,0.08115435086793,0.24346305260379
2023.4808219,2023,6,5.757,0,0.171983841783444,28.2103540656631,0.0937897354580208,0.281369206374062
2023.4809361,2023,6,6.674,0,0.177428847150178,28.3041438011211,0.0963184906192254,0.288955471857676
2023.4810502,2023,6,6.877,0,0.185758142735485,28.4004622917403,0.109994207565883,0.329982622697649
2023.4811644,2023,6,7.882,0,0.203908062764399,28.5104564993062,0.116508068900114,0.349524206700341
2023.4812785,2023,6,8.382,0,0.20840218135675,28.6269645682063,0.0994109491089894,0.298232847326968
2023.4813927,2023,6,7.179,0,0.217460304081542,28.7263755173153,0.103228160791925,0.309684482375776
2023.4815068,2023,6,7.481,0,0.213149884228142,28.8296036781072,0.106990796981805,0.320972390945414
2023.481621,2023,6,7.782,0,0.213975981465753,28.936594475089,0.114799130145496,0.344397390436487
2023.4817352,2023,6,8.382,0,0.211817953129711,29.0513936052345,0.117056584463835,0.351169753391506
2023.4818493,2023,6,8.581,0,0.202476597175659,29.1684501896984,0.113890172018341,0.341670516055022
2023.4819635,2023,6,8.382,0,0.197925301838085,29.2823403617167,0.106693791750988,0.320081375252965
2023.4820776,2023,6,7.882,0,0.188115378627555,29.3890341534677,0.0886793644522221,0.266038093356666
2023.4821918,2023,6,6.573,0,0.178193037964515,29.4777135179199,0.0924960909851364,0.277488272955409
2023.4823059,2023,6,6.877,0,0.166292568100737,29.5702096089051,0.0854195332981966,0.25625859989459
2023.4824201,2023,6,6.37,0,0.154877673577947,29.6556291422033,0.0865227194023461,0.259568158207038
2023.4825342,2023,6,6.471,0,0.144609187726716,29.7421518616056,0.0808529529375441,0.242558858812632
2023.4826484,2023,6,6.064,0,0.140376894201267,29.8230048145431,0.0833431979043802,0.25002959371314
2023.4827626,2023,6,6.268,0,0.128662141461074,29.9063480124475,0.0884870637133801,0.26546119114014
2023.4828767,2023,6,6.674,0,0.124422531289051,29.9948350761609,0.101529538022376,0.304588614067129
2023.4829909,2023,6,7.682,0,0.119640797101648,30.0963646141833,0.111693238271716,0.335079714815148
2023.483105,2023,6,8.481,0,0.118089349685605,30.208057852455,0.121679187891129,0.365037563673386
2023.4832192,2023,6,9.275,0,0.117449276888556,30.3297370403461,0.134022245642562,0.402066736927686
2023.4833333,2023,6,10.259,0,0.123136893587605,30.4637592859887,0.143582543128417,0.430747629385252
2023.4834475,2023,6,11.041,0,0.121569168042836,30.6073418291171,0.155461662320317,0.46638498696095
2023.4835616,2023,6,12.013,0,0.128645763685848,30.7628034914374,0.11440113955997,0.343203418679909
2023.4836758,2023,6,8.879,0,0.130617820303042,30.8772046309974,0.108878729955013,0.326636189865038
2023.48379,2023,6,8.481,0,0.13732994977662,30.9860833609524,0.0970145213439153,0.291043564031746
2023.4839041,2023,6,7.582,0,0.153785669549453,31.0830978822963,0.0954263264492887,0.286278979347866
2023.4840183,2023,6,7.481,0,0.162530099146946,31.1785242087456,0.0925828365991208,0.277748509797362
2023.4841324,2023,6,7.28,0,0.172011866733863,31.2711070453447,0.0833567774074702,0.25007033222241
2023.4842466,2023,6,6.573,0,0.175474738402828,31.3544638227522,0.0907894213345593,0.272368264003678
2023.4843607,2023,6,7.179,0,0.172776070825946,31.4452532440868,0.099378993411527,0.298136980234581
2023.4844749,2023,6,7.882,0,0.169346763639239,31.5446322374983,0.0672389755403451,0.201716926621035
2023.484589,2023,6,5.347,0,0.161479868305967,31.6118712130386,0.0722352364887442,0.216705709466233
2023.4847032,2023,6,5.757,0,0.152688116933465,31.6841064495274,0.0617779479206071,0.185333843761821
2023.4848174,2023,6,4.934,0,0.140037725335879,31.745884397448,0.051269214440218,0.153807643320654
2023.4849315,2023,6,4.102,0,0.131938897813714,31.7971536118882,0.0406989954322299,0.12209698629669
2023.4850457,2023,6,3.261,0,0.127072797113127,31.8378526073204,0.0432752793350168,0.129825838005051
2023.4851598,2023,6,3.472,0,0.11531995015026,31.8811278866554,0.0326668078366836,0.0980004235100509
2023.485274,2023,6,2.624,0,0.109818706638997,31.9137946944921,0.0379157852132295,0.113747355639688
2023.4853881,2023,6,3.049,0,0.103338748302183,31.9517104797054,0.0457399673397383,0.137219902019215
2023.4855023,2023,6,3.683,0,0.0964624064568284,31.9974504470451,0.0495781222986054,0.148734366895816
2023.4856164,2023,6,3.998,0,0.0915621700290146,32.0470285693437,0.0572331276313349,0.171699382894005
2023.4857306,2023,6,4.623,0,0.0877384620593297,32.104261696975,0.0558471564279159,0.167541469283748
2023.4858447,2023,6,4.519,0,0.0882714908083204,32.160108853403,0.0570322433215296,0.171096729964589
2023.4859589,2023,6,4.623,0,0.0846191190323375,32.2171410967245,0.0645713207832372,0.193713962349712
2023.4860731,2023,6,5.244,0,0.0840861300796462,32.2817124175077,0.0720038907036127,0.216011672110838
2023.4861872,2023,6,5.86,0,0.0825186048566595,32.3537163082113,0.0768401813955037,0.230520544186511
2023.4863014,2023,6,6.268,0,0.0853687852231631,32.4305564896068,0.0853305554854984,0.255991666456495
2023.4864155,2023,6,6.978,0,0.0861683129880403,32.5158870450923,0.0851072101880845,0.255321630564254
2023.4865297,2023,6,6.978,0,0.0890868538448516,32.6009942552804,0.0946519076545727,0.283955722963718
2023.4866438,2023,6,7.782,0,0.0945466354353871,32.695646162935,0.0870753223889196,0.261225967166759
2023.486758,2023,6,7.179,0,0.103946168693655,32.7827214853239,0.0917129568507633,0.27513887055229
2023.4868721,2023,6,7.582,0,0.106543900867659,32.8744344421747,0.107077455622452,0.321232366867356
2023.4869863,2023,6,8.879,0,0.103602401127186,32.9815118977971,0.111483082769517,0.334449248308552
2023.4871005,2023,6,9.275,0,0.101313834361293,33.0929949805666,0.111108779406834,0.333326338220502
2023.4872146,2023,6,9.275,0,0.102209074288679,33.2041037599735,0.0965151169760716,0.289545350928215
2023.4873288,2023,6,8.082,0,0.0984338897140829,33.3006188769495,0.0962361946378465,0.288708583913539
2023.4874429,2023,6,8.082,0,0.100157608940189,33.3968550715874,0.0780638146993979,0.234191444098194
2023.4875571,2023,6,6.573,0,0.108329206704407,33.4749188862868,0.0730649798844709,0.219194939653413
2023.4876712,2023,6,6.166,0,0.108339882713663,33.5479838661713,0.0571346982041732,0.171404094612519
2023.4877854,2023,6,4.831,0,0.105944340364961,33.6051185643754,0.0606944728266114,0.182083418479834
2023.4878995,2023,6,5.141,0,0.103610413921988,33.665813037202,0.049586410598323,0.148759231794969
2023.4880137,2023,6,4.207,0,0.0981568203173922,33.7153994478004,0.0383861288158158,0.115158386447447
2023.4881279,2023,6,3.261,0,0.0945254530394595,33.7537855766162,0.0420674597752111,0.126202379325633
2023.488242,2023,6,3.578,0,0.0890868668496693,33.7958530363914,0.0481639252408144,0.144491775722443
2023.4883562,2023,6,4.102,0,0.0856326691462028,33.8440169616322,0.0505441536382065,0.15163246091462
2023.4884703,2023,6,4.311,0,0.0827851037845281,33.8945611152704,0.0541185671609412,0.162355701482824
2023.4885845,2023,6,4.623,0,0.0794699979066544,33.9486796824314,0.0672732234563398,0.201819670369019
2023.4886986,2023,6,5.757,0,0.079725996866739,34.0159529058877,0.0860562744413045,0.258168823323913
2023.4888128,2023,6,7.381,0,0.0777353384551321,34.102009180329,0.102073872307969,0.306221616923906
2023.4889269,2023,6,8.779,0,0.0820065888251912,34.204083052637,0.107511011045986,0.322533033137958
2023.4890411,2023,6,9.275,0,0.0858886638969489,34.311594063683,0.11513499635776,0.34540498907328
2023.4891553,2023,6,9.965,0,0.0917968874252019,34.4267290600407,0.121510388405859,0.364531165217578
2023.4892694,2023,6,10.553,0,0.095362011476736,34.5482394484466,0.125562704717545,0.376688114152635
2023.4893836,2023,6,10.944,0,0.10715154331308,34.6738021531641,0.131773181316248,0.395319543948744
2023.4894977,2023,6,11.528,0,0.115930228525865,34.8055753344804,0.137890670092666,0.413672010277999
2023.4896119,2023,6,12.11,0,0.125729923134631,34.943466004573,0.124147589487229,0.372442768461688
2023.489726,2023,6,10.944,0,0.129614062431973,35.0676135940603,0.119297301840625,0.357891905521875
2023.4898402,2023,6,10.553,0,0.123462388957878,35.1869108959009,0.129858732754101,0.389576198262304
2023.4899543,2023,6,11.528,0,0.11651893649928,35.316769628655,0.12392676706002,0.37178030118006
2023.4900685,2023,6,11.041,0,0.110404834833623,35.440696395715,0.115856774550366,0.347570323651098
2023.4901826,2023,6,10.357,0,0.10711664137011,35.5565531702654,0.0800856067346416,0.240256820203925
2023.4902968,2023,6,7.179,0,0.100762378896214,35.636638777,0.0776712320986306,0.233013696295892
2023.490411,2023,6,6.978,0,0.0898864077915167,35.7143100090987,0.0897491254571463,0.269247376371439
2023.4905251,2023,6,8.082,0,0.0807265263383959,35.8040591345558,0.0739442981219582,0.221832894365875
2023.4906393,2023,6,6.674,0,0.0757680546148639,35.8780034326778,0.0681807508575574,0.204542252572672
2023.4907534,2023,6,6.166,0,0.0704663370664852,35.9461841835353,0.0725390465781004,0.217617139734301
2023.4908676,2023,6,6.573,0,0.0647041413514299,36.0187232301134,0.0723932516245824,0.217179754873747
2023.4909817,2023,6,6.573,0,0.0611485958681618,36.091116481738,0.0744663662744074,0.223399098823222
2023.4910959,2023,6,6.775,0,0.0587712918039266,36.1655828480124,0.079846474076227,0.239539422228681
2023.49121,2023,6,7.28,0,0.0560507364491787,36.2454293220886,0.085158318652077,0.255474955956231
2023.4913242,2023,6,7.782,0,0.0537999809322508,36.3305876407407,0.0936709568504526,0.281012870551358
2023.4914384,2023,6,8.581,0,0.0527568052430001,36.4242585975912,0.104194515233154,0.312583545699461
2023.4915525,2023,6,9.571,0,0.0527794208831467,36.5284531128243,0.108168912115332,0.324506736345995
2023.4916667,2023,6,9.965,0,0.0535752310540783,36.6366220249396,0.113145554917203,0.339436664751609
2023.4917808,2023,6,10.455,0,0.0570813528245415,36.7497675798569,0.126444403768829,0.379333211306488
2023.491895,2023,6,11.722,0,0.0596708625660727,36.8762119836257,0.111360559026529,0.334081677079588
2023.4920091,2023,6,10.357,0,0.0638120715379946,36.9875725426522,0.123558418359728,0.370675255079185
2023.4921233,2023,6,11.528,0,0.0690472504070925,37.1111309610119,0.134515432312256,0.403546296936767
2023.4922374,2023,6,12.594,0,0.0737981970409436,37.2456463933242,0.141201470538768,0.423604411616303
2023.4923516,2023,6,13.269,0,0.0784616372564541,37.386847863863,0.123270091739947,0.369810275219841
2023.4924658,2023,6,11.625,0,0.0762228203084989,37.5101179556029,0.117737743221426,0.353213229664277
2023.4925799,2023,6,11.139,0,0.0769751546421226,37.6278556988243,0.110173771018843,0.330521313056529
2023.4926941,2023,6,10.455,0,0.0752535014534348,37.7380294698432,0.1067682932091,0.320304879627301
2023.4928082,2023,6,10.161,0,0.0730744398179752,37.8447977630523,0.0982218701311837,0.294665610393551
2023.4929224,2023,6,9.373,0,0.0702207850513432,37.9430196331835,0.0928111853465623,0.278433556039687
2023.4930365,2023,6,8.879,0,0.0676514026476136,38.03583081853,0.0853254726405055,0.255976417921516
2023.4931507,2023,6,8.182,0,0.0644971027392591,38.1211562911705,0.0799377863506194,0.239813359051858
2023.4932648,2023,6,7.682,0,0.0602998485268231,38.2010940775211,0.0735152458520361,0.220545737556108
2023.493379,2023,6,7.079,0,0.0570762907374179,38.2746093233732,0.076501441460195,0.229504324380585
2023.4934932,2023,6,7.381,0,0.0531685178921629,38.3511107648334,0.0773825021611074,0.232147506483322
2023.4936073,2023,6,7.481,0,0.0496086645819759,38.4284932669945,0.0772269917717736,0.231680975315321
2023.4937215,2023,6,7.481,0,0.0452283110788139,38.5057202587663,0.0842865249384417,0.252859574815325
2023.4938356,2023,6,8.182,0,0.0445170796833895,38.5900067837047,0.0912588462881629,0.273776538864489
2023.4939498,2023,6,8.879,0,0.0426907102320309,38.6812656299929,0.100147962669233,0.300443888007699
2023.4940639,2023,6,9.768,0,0.0402269755340963,38.7814135926621,0.104904324353846,0.314712973061539
2023.4941781,2023,6,10.259,0,0.0403943689926735,38.8863179170159,0.114570968132931,0.343712904398792
2023.4942922,2023,6,11.236,0,0.0412754850724934,39.0008888851489,0.12409179370237,0.372275381107109
2023.4944064,2023,6,12.207,0,0.0426931568129035,39.1249806788512,0.124680843885848,0.374042531657544
2023.4945205,2023,6,12.304,0,0.047860045008527,39.2496615227371,0.122329431467804,0.366988294403413
2023.4946347,2023,6,12.11,0,0.0604967719843887,39.3719909542049,0.119024505339617,0.357073516018851
2023.4947489,2023,6,11.819,0,0.0635794521037014,39.4910154595445,0.110866390132067,0.3325991703962
2023.494863,2023,6,11.041,0,0.0716398433652488,39.6018818496766,0.108606958279047,0.325820874837142
2023.4949772,2023,6,10.846,0,0.0807526618638642,39.7104888079556,0.107333398428928,0.322000195286783
2023.4950913,2023,6,10.748,0,0.085131148418147,39.8178222063846,0.110933605781121,0.332800817343362
2023.4952055,2023,6,11.139,0,0.0869520887618359,39.9287558121657,0.0979990107418018,0.293997032225406
2023.4953196,2023,6,9.866,0,0.0885511793436088,40.0267548229075,0.101648865144526,0.304946595433577
2023.4954338,2023,6,10.259,0,0.0877437229911422,40.128403688052,0.101392029169624,0.304176087508871
2023.4955479,2023,6,10.259,0,0.0851180337177271,40.2297957172216,0.112675015451792,0.338025046355376
2023.4956621,2023,6,11.431,0,0.0814971697826058,40.3424707326734,0.105656402078992,0.316969206236976
2023.4957763,2023,6,10.748,0,0.0745427321276012,40.4481271347524,0.105381130274139,0.316143390822418
2023.4958904,2023,7,10.748,0,0.0704456712712898,40.5535082650266,0.0964928856151204,0.289478656845361
2023.4960046,2023,7,9.866,0,0.0658390990673172,40.6500011506417,0.0532047988679949,0.159614396603985
2023.4961187,2023,7,5.45,0,0.0609542161281111,40.7032059495097,0.0348918984922904,0.104675695476871
2023.4962329,2023,7,3.578,0,0.0566696191950751,40.738097848002,0.0389523308254311,0.116856992476293
2023.496347,2023,7,3.998,0,0.0519635238171269,40.7770501788274,0.0296812764524645,0.0890438293573936
2023.4964612,2023,7,3.049,0,0.0486357998815035,40.8067314552799,0.0337728112341154,0.101318433702346
2023.4965753,2023,7,3.472,0,0.0435964562397092,40.840504266514,0.0449255065319818,0.134776519595945
2023.4966895,2023,7,4.623,0,0.0428629792566647,40.8854297730459,0.0478933561335495,0.143680068400649
2023.4968037,2023,7,4.934,0,0.0393629885286394,40.9333231291795,0.058785394379953,0.176356183139859
2023.4969178,2023,7,6.064,0,0.0390037392553469,40.9921085235595,0.0567278004196154,0.170183401258846
2023.497032,2023,7,5.86,0,0.0393507632665971,41.0488363239791,0.0654879121176819,0.196463736353046
2023.4971461,2023,7,6.775,0,0.0386860053024727,41.1143242360967,0.0760572722743547,0.228171816823064
2023.4972603,2023,7,7.882,0,0.0417948242298413,41.1903815083711,0.0797660508565059,0.239298152569518
2023.4973744,2023,7,8.282,0,0.043404455963518,41.2701475592276,0.0748101882346504,0.224430564703951
2023.4974886,2023,7,7.782,0,0.0470992441776521,41.3449577474623,0.0698620052001004,0.209586015600301
2023.4976027,2023,7,7.28,0,0.048057095293531,41.4148197526624,0.0687775493796252,0.206332648138876
2023.4977169,2023,7,7.179,0,0.0550252026343228,41.483597302042,0.0725148479956701,0.21754454398701
2023.4978311,2023,7,7.582,0,0.0579250580719931,41.5561121500377,0.0733424316678111,0.220027295003433
2023.4979452,2023,7,7.682,0,0.0554596868838238,41.6294545817055,0.0684235266917312,0.205270580075194
2023.4980594,2023,7,7.179,0,0.0541840207117268,41.6978781083972,0.0557689309728886,0.167306792918666
2023.4981735,2023,7,5.86,0,0.0531785587387787,41.7536470393701,0.0508218566585157,0.152465569975547
2023.4982877,2023,7,5.347,0,0.0513748369214996,41.8044688960286,0.0419169145193976,0.125750743558193
2023.4984018,2023,7,4.415,0,0.0492070355399429,41.846385810548,0.0349350609028747,0.104805182708624
2023.498516,2023,7,3.683,0,0.0465354772130606,41.8813208714509,0.0349059443017481,0.104717832905244
2023.4986301,2023,7,3.683,0,0.0439582901500206,41.9162268157526,0.0288751777619325,0.0866255332857975
2023.4987443,2023,7,3.049,0,0.0407438568187386,41.9451019935146,0.0166966707481322,0.0500900122443966
2023.4988584,2023,7,1.764,0,0.0360412974618362,41.9617986642627,0.0136155513152261,0.0408466539456782
2023.4989726,2023,7,1.439,0,0.0314599838484695,41.9754142155779,0.0156633014500471,0.0469899043501414
2023.4990868,2023,7,1.656,0,0.0291977401583566,41.991077517028,0.0156574609819629,0.0469723829458886
2023.4992009,2023,7,1.656,0,0.0270855218308458,42.0067349780099,0.0227761010193603,0.068328303058081
2023.4993151,2023,7,2.41,0,0.0244848003929261,42.0295110790293,0.0267957282527647,0.080387184758294
2023.4994292,2023,7,2.837,0,0.0230632925103109,42.056306807282,0.0426471538688915,0.127941461606675
2023.4995434,2023,7,4.519,0,0.0224056381366214,42.0989539611509,0.0561991663210009,0.168597498963003
2023.4996575,2023,7,5.962,0,0.0227909537197578,42.1551531274719,0.0570838898914161,0.171251669674248
2023.4997717,2023,7,6.064,0,0.0267333150832023,42.2122370173634,0.0570067991460093,0.171020397438028
2023.4998858,2023,7,6.064,0,0.0277690661329248,42.2692438165094,0.0636000125742768,0.19080003772283
2023.5,2023,7,6.775,0,0.0274847475969711,42.3328438290836,0.0625585921937528,0.187675776581258
2023.5001142,2023,7,6.674,0,0.0279076681046784,42.3954024212774,0.0700134407741118,0.210040322322335
2023.5002283,2023,7,7.481,0,0.030533068067278,42.4654158620515,0.0652020554041286,0.195606166212386
2023.5003425,2023,7,6.978,0,0.0311709660114317,42.5306179174556,0.0874238207380316,0.262271462214095
2023.5004566,2023,7,9.373,0,0.0292144065975891,42.6180417381937,0.0844923791617234,0.25347713748517
2023.5005708,2023,7,9.077,0,0.0336150914173128,42.7025341173554,0.0815597421661209,0.244679226498363
2023.5006849,2023,7,8.779,0,0.037159794421414,42.7840938595215,0.0804874294622167,0.24146228838665
2023.5007991,2023,7,8.68,0,0.0414403977618246,42.8645812889837,0.0711073723579574,0.213322117073872
2023.5009132,2023,7,7.682,0,0.042496246359274,42.9356886613417,0.0616814981010165,0.18504449430305
2023.5010274,2023,7,6.674,0,0.0426759117415779,42.9973701594427,0.0512445671790687,0.153733701537206
2023.5011416,2023,7,5.552,0,0.0403845491643753,43.0486147266218,0.051183638731402,0.153550916194206
2023.5012557,2023,7,5.552,0,0.0361893609992525,43.0997983653532,0.0501842552126135,0.15055276563784
2023.5013699,2023,7,5.45,0,0.0331419741102662,43.1499826205658,0.0367769842986974,0.110330952896092
2023.501484,2023,7,3.998,0,0.0323462132830458,43.1867596048645,0.0290002631563198,0.0870007894689593
2023.5015982,2023,7,3.155,0,0.0287677117943618,43.2157598680208,0.0270340602372698,0.0811021807118095
2023.5017123,2023,7,2.943,0,0.0266412912432487,43.2427939282581,0.0299354465946209,0.0898063397838627
2023.5018265,2023,7,3.261,0,0.0252764539801226,43.2727293748527,0.0221101049135086,0.0663303147405259
2023.5019406,2023,7,2.41,0,0.023582557776945,43.2948394797662,0.0240605761636061,0.0721817284908184
2023.5020548,2023,7,2.624,0,0.0219143582245056,43.3189000559298,0.0259986379376045,0.0779959138128135
2023.5021689,2023,7,2.837,0,0.0214160942679418,43.3448986938674,0.0432842410494771,0.129852723148431
2023.5022831,2023,7,4.727,0,0.0192549013987658,43.3881829349169,0.0498510838418724,0.149553251525617
2023.5023973,2023,7,5.45,0,0.0197254328263958,43.4380340187588,0.0479128557806305,0.143738567341892
2023.5025114,2023,7,5.244,0,0.019024226941279,43.4859468745394,0.0590509221556559,0.177152766466968
2023.5026256,2023,7,6.471,0,0.0197300278411348,43.544997796695,0.0635879315511687,0.190763794653506
2023.5027397,2023,7,6.978,0,0.0211739063469521,43.6085857282462,0.0843763930963348,0.253129179289004
2023.5028539,2023,7,9.275,0,0.0221588474112757,43.6929621213426,0.0752054173188768,0.22561625195663
2023.502968,2023,7,8.282,0,0.0234370137331651,43.7681675386614,0.0549828330518096,0.164948499155429
2023.5030822,2023,7,6.064,0,0.0263617224088383,43.8231503717132,0.0659174300510514,0.197752290153154
2023.5031963,2023,7,7.28,0,0.0283471892073351,43.8890678017643,0.077570557001728,0.232711671005184
2023.5033105,2023,7,8.581,0,0.0304040953438421,43.966638358766,0.0647917627163821,0.194375288149146
2023.5034247,2023,7,7.179,0,0.031297548836517,44.0314301214824,0.0656060890052714,0.196818267015814
2023.5035388,2023,7,7.28,0,0.0309773782051369,44.0970362104877,0.06460044987098,0.19380134961294
2023.503653,2023,7,7.179,0,0.0317394362210696,44.1616366603587,0.0681244110065862,0.204373233019759
2023.5037671,2023,7,7.582,0,0.0312951260832107,44.2297610713652,0.0433519507715658,0.130055852314698
2023.5038813,2023,7,4.831,0,0.029360149240136,44.2731130221368,0.0414457103432682,0.124337131029804
2023.5039954,2023,7,4.623,0,0.0280533714135664,44.3145587324801,0.0469661715946827,0.140898514784048
2023.5041096,2023,7,5.244,0,0.0286219952301617,44.3615249040748,0.0515034967232069,0.154510490169621
2023.5042237,2023,7,5.757,0,0.0262607267863322,44.413028400798,0.0605343704502559,0.181603111350768
2023.5043379,2023,7,6.775,0,0.0242287371981418,44.4735627712482,0.0513738989301871,0.154121696790561
2023.5044521,2023,7,5.757,0,0.0239492095092129,44.5249366701784,0.0522322375589468,0.15669671267684
2023.5045662,2023,7,5.86,0,0.0220435544308581,44.5771689077374,0.0530786650293322,0.159235995087997
2023.5046804,2023,7,5.962,0,0.0209271084738179,44.6302475727667,0.0584452272841389,0.175335681852417
2023.5047945,2023,7,6.573,0,0.0200898469295713,44.6886928000508,0.0664260362592515,0.199278108777754
2023.5049087,2023,7,7.481,0,0.0189180569933586,44.7551188363101,0.0698801426804749,0.209640428041425
2023.5050228,2023,7,7.882,0,0.018458963744769,44.8249989789905,0.0768292150379466,0.23048764511384
2023.505137,2023,7,8.68,0,0.0173466335864731,44.9018281940285,0.0906362424098646,0.271908727229594
2023.5052511,2023,7,10.259,0,0.0176743791486481,44.9924644364384,0.0913172195056333,0.2739516585169
2023.5053653,2023,7,10.357,0,0.019026513074321,45.083781655944,0.0954308618927655,0.286292585678297
2023.5054795,2023,7,10.846,0,0.0183596212187419,45.1792125178368,0.100360416314089,0.301081248942268
2023.5055936,2023,7,11.431,0,0.0192709345925452,45.2795729341508,0.102684812537845,0.308054437613535
2023.5057078,2023,7,11.722,0,0.0214068448683313,45.3822577466887,0.105840259662919,0.317520778988758
2023.5058219,2023,7,12.11,0,0.0242404313885334,45.4880980063516,0.112326526874853,0.336979580624558
2023.5059361,2023,7,12.883,0,0.0272667884917572,45.6004245332265,0.110373914224503,0.33112174267351
2023.5060502,2023,7,12.69,0,0.0320428310995207,45.710798447451,0.117629803651468,0.352889410954404
2023.5061644,2023,7,13.558,0,0.0342266323466795,45.8284282511024,0.115660562882908,0.346981688648725
2023.5062785,2023,7,13.365,0,0.0345541454106645,45.9440888139853,0.112050750274669,0.336152250824007
2023.5063927,2023,7,12.98,0,0.0366818806537792,46.05613956426,0.101791735686561,0.305375207059683
2023.5065068,2023,7,11.819,0,0.0393458766269566,46.1579312999466,0.0948887859719392,0.284666357915818
2023.506621,2023,7,11.041,0,0.0397100477004367,46.2528200859185,0.0930237539704422,0.279071261911326
2023.5067352,2023,7,10.846,0,0.0386909036614997,46.345843839889,0.0827717446998975,0.248315234099692
2023.5068493,2023,7,9.669,0,0.0361602202695324,46.4286155845889,0.0741798883832558,0.222539665149768
2023.5069635,2023,7,8.68,0,0.0339257282058028,46.5027954729721,0.0681189720862321,0.204356916258696
2023.5070776,2023,7,7.983,0,0.0312927541127683,46.5709144450583,0.0680194803307757,0.204058440992327
2023.5071918,2023,7,7.983,0,0.0276233628240368,46.6389339253891,0.0645110182693145,0.193533054807943
2023.5073059,2023,7,7.582,0,0.0260868766163992,46.7034449436584,0.0635644484360824,0.190693345308247
2023.5074201,2023,7,7.481,0,0.0255466040014014,46.7670093920945,0.0574912600034807,0.172473780010442
2023.5075342,2023,7,6.775,0,0.0235615847163285,46.824500652098,0.0625534178475746,0.187660253542724
2023.5076484,2023,7,7.381,0,0.0236954489536879,46.8870540699456,0.0742928729865824,0.222878618959747
2023.5077626,2023,7,8.779,0,0.0235638939260764,46.9613469429322,0.0791901272614908,0.237570381784472
2023.5078767,2023,7,9.373,0,0.0233008120366039,47.0405370701936,0.0807256493459576,0.242176948037873
2023.5079909,2023,7,9.571,0,0.0242286813602373,47.1212627195396,0.0814120368132052,0.244236110439616
2023.508105,2023,7,9.669,0,0.0251590067969676,47.2026747563528,0.085403589183727,0.256210767551181
2023.5082192,2023,7,10.161,0,0.0273532534778288,47.2880783455365,0.0901698017523671,0.270509405257101
2023.5083333,2023,7,10.748,0,0.0306787846314781,47.3782481472889,0.0916381415537586,0.274914424661276
2023.5084475,2023,7,10.944,0,0.0319019412331247,47.4698862888427,0.093899483151425,0.281698449454275
2023.5085616,2023,7,11.236,0,0.0383267915278097,47.5637857719941,0.0953392549236298,0.286017764770889
2023.5086758,2023,7,11.431,0,0.0425208876825354,47.6591250269177,0.0959555084430548,0.287866525329164
2023.50879,2023,7,11.528,0,0.0467449407346211,47.7550805353608,0.0925347906624907,0.277604371987472
2023.5089041,2023,7,11.139,0,0.0499852981415791,47.8476153260233,0.0915444120953879,0.274633236286164
2023.5090183,2023,7,11.041,0,0.0531685388724664,47.9391597381186,0.0913699321506201,0.27410979645186
2023.5091324,2023,7,11.041,0,0.0531685388724664,48.0305296702693,0.0863605470111963,0.259081641033589
2023.5092466,2023,7,10.455,0,0.0472937865920273,48.1168902172805,0.078922843746227,0.236768531238681
2023.5093607,2023,7,9.571,0,0.0445245542842854,48.1958130610267,0.0747300792665939,0.224190237799782
2023.5094749,2023,7,9.077,0,0.0386909331053529,48.2705431402933,0.0639764770354319,0.191929431106296
2023.509589,2023,7,7.782,0,0.0334863940139426,48.3345196173287,0.0581235918943008,0.174370775682902
2023.5097032,2023,7,7.079,0,0.0318875374506382,48.392643209223,0.0505703899651166,0.15171116989535
2023.5098174,2023,7,6.166,0,0.0269516297910229,48.4432135991881,0.0488471365041292,0.146541409512388
2023.5099315,2023,7,5.962,0,0.0243555757627268,48.4920607356923,0.0504668193853988,0.151400458156196
2023.5100457,2023,7,6.166,0,0.0221588402634872,48.5425275550777,0.0512479383827653,0.153743815148296
2023.5101598,2023,7,6.268,0,0.0202051692209093,48.5937754934604,0.0520265886735345,0.156079766020603
2023.510274,2023,7,6.37,0,0.0186942332169949,48.645802082134,0.05775210389411,0.17325631168233
2023.5103881,2023,7,7.079,0,0.0180113161920415,48.7035541860281,0.0650450946488448,0.195135283946534
2023.5105023,2023,7,7.983,0,0.017776069570557,48.7685992806769,0.0714308496955027,0.214292549086508
2023.5106164,2023,7,8.779,0,0.0161552784038021,48.8400301303724,0.0777561601711838,0.233268480513551
2023.5107306,2023,7,9.571,0,0.0156375926398311,48.9177862905436,0.0847968999628037,0.254390699888411
2023.5108447,2023,7,10.455,0,0.0164830390592039,49.0025831905064,0.092545291958416,0.277635875875248
2023.5109589,2023,7,11.431,0,0.016607458774237,49.0951284824648,0.0994185450124618,0.298255635037386
2023.5110731,2023,7,12.304,0,0.0163677653050158,49.1945470274773,0.107764462143592,0.323293386430777
2023.5111872,2023,7,13.365,0,0.0189111758455776,49.3023114896209,0.10752942492298,0.32258827476894
2023.5113014,2023,7,13.365,0,0.0193817072732076,49.4098409145439,0.112692700697217,0.33807810209165
2023.5114155,2023,7,14.038,0,0.0220713306546833,49.5225336152411,0.112436840525611,0.337310521576832
2023.5115297,2023,7,14.038,0,0.0266601559875518,49.6349704557667,0.109883745361159,0.329651236083478
2023.5116438,2023,7,13.75,0,0.0290567667765467,49.7448542011278,0.111170840202703,0.33351252060811
2023.511758,2023,7,13.942,0,0.0299406438698741,49.8560250413305,0.108634641555064,0.325903924665191
2023.5118721,2023,7,13.654,0,0.0302296858837529,49.9646596828856,0.107637632990894,0.322912898972682
2023.5119863,2023,7,13.558,0,0.0286362572995606,50.0722973158765,0.0997775120663604,0.299332536199081
2023.5121005,2023,7,12.594,0,0.0276328620818518,50.1720748279429,0.0972886956750187,0.291866087025056
2023.5122146,2023,7,12.304,0,0.0260986400235677,50.2693635236179,0.0840665057449144,0.252199517234743
2023.5123288,2023,7,10.651,0,0.0256757870032743,50.3534300293628,0.0808400319759883,0.242520095927965
2023.5124429,2023,7,10.259,0,0.0221704490077405,50.4342700613388,0.0760724487868671,0.228217346360601
2023.5125571,2023,7,9.669,0,0.0206757006485393,50.5103425101257,0.0736344158538458,0.220903247561537
2023.5126712,2023,7,9.373,0,0.019388573087069,50.5839769259795,0.0727591647646548,0.218277494293964
2023.5127854,2023,7,9.275,0,0.0181380140945775,50.6567360907442,0.07110488255951,0.21331464767853
2023.5128995,2023,7,9.077,0,0.0168989704925187,50.7278409733037,0.0733191607976522,0.219957482392957
2023.5130137,2023,7,9.373,0,0.0157505793642814,50.8011601341013,0.0793638454154433,0.23809153624633
2023.5131279,2023,7,10.161,0,0.0158388147339094,50.8805239795168,0.0807675344042877,0.242302603212863
2023.513242,2023,7,10.357,0,0.0156330915663054,50.961291513921,0.0874777705125922,0.262433311537777
2023.5133562,2023,7,11.236,0,0.015942799546276,51.0487692844336,0.0880891406042892,0.264267421812868
2023.5134703,2023,7,11.334,0,0.0151198904379376,51.1368584250379,0.0886896047255021,0.266068814176506
2023.5135845,2023,7,11.431,0,0.0159540398718013,51.2255480297634,0.0892869554240292,0.267860866272088
2023.5136986,2023,7,11.528,0,0.0170256053684994,51.3148349851875,0.0958754098863963,0.287626229659189
2023.5138128,2023,7,12.401,0,0.0171318447972624,51.4107103950739,0.103868583589282,0.311605750767846
2023.5139269,2023,7,13.461,0,0.0198637144668434,51.5145789786631,0.110305900126029,0.330917700378087
2023.5140411,2023,7,14.325,0,0.0211646716950024,51.6248848787892,0.108604644557531,0.325813933672592
2023.5141553,2023,7,14.134,0,0.0230400533967551,51.7334895233467,0.0995369450879409,0.298610835263823
2023.5142694,2023,7,12.98,0,0.025556022814533,51.8330264684346,0.0904678593302961,0.271403577990888
2023.5143836,2023,7,11.819,0,0.0271980707610017,51.9234943277649,0.0858594068656302,0.257578220596891
2023.5144977,2023,7,11.236,0,0.0266389330921808,52.0093537346306,0.0849785035528328,0.254935510658498
2023.5146119,2023,7,11.139,0,0.0251425614933093,52.0943322381834,0.0781426143703428,0.234427843111028
2023.514726,2023,7,10.259,0,0.0231646031922542,52.1724748525537,0.0780257492440484,0.234077247732145
2023.5148402,2023,7,10.259,0,0.0210401147517147,52.2505006017978,0.0689389172180341,0.206816751654102
2023.5149543,2023,7,9.077,0,0.0192686561775062,52.3194395190158,0.0635798877963794,0.190739663389138
2023.5150685,2023,7,8.382,0,0.0176698458967488,52.3830194068122,0.0551583473826582,0.165475042147975
2023.5151826,2023,7,7.28,0,0.0172312963577297,52.4381777541949,0.0520517009195345,0.156155102758603
2023.5152968,2023,7,6.877,0,0.0161688058710217,52.4902294551144,0.0473972853838802,0.142191856151641
2023.515411,2023,7,6.268,0,0.0152238916882267,52.5376267404983,0.0557587900377214,0.167276370113164
2023.5155251,2023,7,7.381,0,0.0145296118252545,52.593385530536,0.0511288598699906,0.153386579609972
2023.5156393,2023,7,6.775,0,0.0135389519521887,52.644514390406,0.0571602253990164,0.171480676197049
2023.5157534,2023,7,7.582,0,0.013063697522527,52.701674615805,0.0653619601647861,0.196085880494358
2023.5158676,2023,7,8.68,0,0.0121419166592339,52.7670365759698,0.0719776222658126,0.215932866797438
2023.5159817,2023,7,9.571,0,0.0116200317817396,52.8390141982356,0.0755720655005589,0.226716196501677
2023.5160959,2023,7,10.063,0,0.0118722131594122,52.9145862637362,0.0754642880741017,0.226392864222305
2023.51621,2023,7,10.063,0,0.011615633148914,52.9900505518103,0.087770151108657,0.263310453325971
2023.5163242,2023,7,11.722,0,0.011104593410657,53.0778207029189,0.0912476532217781,0.273742959665334
2023.5164384,2023,7,12.207,0,0.0112662436844573,53.1690683561407,0.0802121437162455,0.240636431148737
2023.5165525,2023,7,10.748,0,0.0110849964472867,53.2492804998569,0.0851769842093333,0.255530952628
2023.5166667,2023,7,11.431,0,0.0127011574541405,53.3344574840663,0.0806923374094524,0.242077012228357
2023.5167808,2023,7,10.846,0,0.0134638932267531,53.4151498214757,0.0849129057578395,0.254738717273518
2023.516895,2023,7,11.431,0,0.0159450541626724,53.5000627272336,0.0905287147973795,0.271586144392138
2023.5170091,2023,7,12.207,0,0.0169216678277332,53.5905914420309,0.0860705904975845,0.258211771492753
2023.5171233,2023,7,11.625,0,0.0205718993375258,53.6766620325285,0.0852163345980088,0.255649003794026
2023.5172374,2023,7,11.528,0,0.0225464862440359,53.7618783671265,0.0843661344999092,0.253098403499727
2023.5173516,2023,7,11.431,0,0.0240831299105725,53.8462445016265,0.0763255341720921,0.228976602516276
2023.5174658,2023,7,10.357,0,0.0226919222484514,53.9225700357985,0.0689809738123728,0.206942921437118
2023.5175799,2023,7,9.373,0,0.0211831992570528,53.9915510096109,0.063075031885937,0.189225095657811
2023.5176941,2023,7,8.581,0,0.0202212700832345,54.0546260414969,0.0527130767645687,0.158139230293706
2023.5178082,2023,7,7.179,0,0.01870342305114,54.1073391182614,0.0467298882671301,0.14018966480139
2023.5179224,2023,7,6.37,0,0.0163948198925308,54.1540690065286,0.045194982987617,0.135584948962851
2023.5180365,2023,7,6.166,0,0.0155381169446778,54.1992639895162,0.0399155583558013,0.119746675067404
2023.5181507,2023,7,5.45,0,0.0151288594663601,54.239179547872,0.046616398504348,0.139849195513044
2023.5182648,2023,7,6.37,0,0.0144144198059915,54.2857959463763,0.0353271437481197,0.105981431244359
2023.518379,2023,7,4.831,0,0.0134416902135825,54.3211230901244,0.0360566421206769,0.108169926362031
2023.5184932,2023,7,4.934,0,0.0125044567276204,54.3571797322451,0.0367846897847741,0.110354069354322
2023.5186073,2023,7,5.037,0,0.0114365624311336,54.3939644220299,0.0405168816257699,0.12155064487731
2023.5187215,2023,7,5.552,0,0.0114322001526337,54.4344813036557,0.0427318881329342,0.128195664398802
2023.5188356,2023,7,5.86,0,0.0105827002269692,54.4772131917886,0.0596082049851319,0.178824614955396
2023.5189498,2023,7,8.182,0,0.0102442116804859,54.5368213967737,0.061717817119181,0.185153451357543
2023.5190639,2023,7,8.481,0,0.0107508701793033,54.5985392138929,0.0630938205358191,0.189281461607457
2023.5191781,2023,7,8.68,0,0.0104253460962349,54.6616330344287,0.0687677752242664,0.206303325672799
2023.5192922,2023,7,9.472,0,0.010660255724174,54.730400809653,0.0636594534969603,0.190978360490881
2023.5194064,2023,7,8.779,0,0.0113525051008063,54.79406026315,0.0664592768989607,0.199377830696882
2023.5195205,2023,7,9.176,0,0.0117062839583691,54.8605195400489,0.0720827175046352,0.216248152513906
2023.5196347,2023,7,9.965,0,0.0130747861640042,54.9326022575535,0.0662918665009542,0.198875599502863
2023.5197489,2023,7,9.176,0,0.0159697726338335,54.9988941240545,0.0690605074784116,0.207181522435235
2023.519863,2023,7,9.571,0,0.0181312024276391,55.0679546315329,0.061843512149963,0.185530536449889
2023.5199772,2023,7,8.581,0,0.0202051692209093,55.1297981436829,0.0596228907733618,0.178868672320085
2023.5200913,2023,7,8.282,0,0.0191372704210638,55.1894210344562,0.0523562552413992,0.157068765724198
2023.5202055,2023,7,7.28,0,0.0187935448678755,55.2417772896976,0.0479544688217075,0.143863406465123
2023.5203196,2023,7,6.674,0,0.0175681710160668,55.2897317585193,0.0413321915283191,0.123996574584957
2023.5204338,2023,7,5.757,0,0.0162592712598564,55.3310639500477,0.0353989360299778,0.106196808089933
2023.5205479,2023,7,4.934,0,0.0157572937763075,55.3664628860776,0.0309107124330126,0.0927321372990377
2023.5206621,2023,7,4.311,0,0.0156330915663054,55.3973735985107,0.0301483926613813,0.0904451779841438
2023.5207763,2023,7,4.207,0,0.0141270680301988,55.427521991172,0.029380155663965,0.088140466991895
2023.5208904,2023,7,4.102,0,0.0129797023587849,55.456902146836,0.0323488670190244,0.0970466010570732
2023.5210046,2023,7,4.519,0,0.0110980270461355,55.489251013855,0.0419202363910713,0.125760709173214
2023.5211187,2023,7,5.86,0,0.0109987442706573,55.5311712502461,0.0418886148513735,0.125665844554121
2023.5212329,2023,7,5.86,0,0.0110893587257866,55.5730598650975,0.038194044164733,0.114582132494199
2023.521347,2023,7,5.347,0,0.010660255724174,55.6112539092622,0.0410934022005307,0.123280206601592
2023.5214612,2023,7,5.757,0,0.00984112237899253,55.6523473114627,0.0417974761289059,0.125392428386718
2023.5215753,2023,7,5.86,0,0.00992305021189669,55.6941447875916,0.0424928415183743,0.127478524555123
2023.5216895,2023,7,5.962,0,0.00936904034017718,55.73663762911,0.0532733949599589,0.159820184879877
2023.5218037,2023,7,7.481,0,0.0101601360232466,55.78991102407,0.0496456376484957,0.148936912945487
2023.5219178,2023,7,6.978,0,0.0100803850457119,55.8395566617185,0.0438318828094495,0.131495648428348
2023.522032,2023,7,6.166,0,0.0100868768466707,55.8833885445279,0.0452459705752375,0.135737911725712
2023.5221461,2023,7,6.37,0,0.0105826812660294,55.9286345151032,0.0408603784478316,0.122581135343495
2023.5222603,2023,7,5.757,0,0.0107443407795492,55.969494893551,0.0349954024099191,0.104986207229757
2023.5223744,2023,7,4.934,0,0.0113546538951485,56.0044902959609,0.0335067143049415,0.100520142914824
2023.5224886,2023,7,4.727,0,0.0132493706596565,56.0379970102658,0.04005841791259,0.12017525373777
2023.5226027,2023,7,5.655,0,0.0137445813943471,56.0780554281784,0.0363925717437041,0.109177715231112
2023.5227169,2023,7,5.141,0,0.0130725477258469,56.1144479999221,0.0450598134595523,0.135179440378657
2023.5228311,2023,7,6.37,0,0.013063697522527,56.1595078133817,0.0319443852948211,0.0958331558844634
2023.5229452,2023,7,4.519,0,0.013256017076453,56.1914521986765,0.030457136507934,0.0913714095238021
2023.5230594,2023,7,4.311,0,0.0129929154287982,56.2219093351844,0.0326430875059955,0.0979292625179866
2023.5231735,2023,7,4.623,0,0.0130769987490249,56.2545524226904,0.0207707130196084,0.0623121390588253
2023.5232877,2023,7,2.943,0,0.0128095768778081,56.2753231357101,0.024494365844987,0.073483097534961
2023.5234018,2023,7,3.472,0,0.0120512838771926,56.299817501555,0.0229960959193747,0.068988287758124
2023.523516,2023,7,3.261,0,0.011876593764824,56.3228135974744,0.0259606932592078,0.0778820797776234
2023.5236301,2023,7,3.683,0,0.0114387572774357,56.3487742907336,0.0259487382998316,0.0778462148994947
2023.5237443,2023,7,3.683,0,0.0113459479760043,56.3747230290335,0.0237119000764494,0.0711357002293482
2023.5238584,2023,7,3.367,0.2,0.0111821403021701,56.3984349291099,0.0259259001031893,0.0777777003095679
2023.5239726,2023,7,3.683,0,0.0108414470356373,56.4243608292131,0.0295999481684248,0.0887998445052745
2023.5240868,2023,7,4.207,0,0.0101644607029512,56.4539607773815,0.0281150738773164,0.0843452216319491
2023.5242009,2023,7,3.998,0,0.00968376824825823,56.4820758512588,0.033954305752367,0.101862917257101
2023.5243151,2023,7,4.831,0,0.00992305021189669,56.5160301570112,0.0295519619934055,0.0886558859802165
2023.5244292,2023,7,4.207,0,0.00984764287500635,56.5455821190046,0.0382604351921074,0.114781305576322
2023.5245434,2023,7,5.45,0,0.0100782274872615,56.5838425541967,0.041825201474154,0.125475604422462
2023.5246575,2023,7,5.962,0,0.00897456145456143,56.6256677556709,0.0629251143608585,0.188775343082575
2023.5247717,2023,7,8.978,0,0.00905216460776102,56.6885928700317,0.0670045104542112,0.201013531362634
2023.5248858,2023,7,9.571,0,0.00921593228809212,56.7555973804859,0.064165009884924,0.192495029654772
2023.525,2023,7,9.176,0,0.00983897455465741,56.8197623903709,0.0578513856435379,0.173554156930614
2023.5251142,2023,7,8.282,0,0.0100825521669661,56.8776137760144,0.0654013356854932,0.19620400705648
2023.5252283,2023,7,9.373,0,0.010660255724174,56.9430151116999,0.0728626223706996,0.218587867112099
2023.5253425,2023,7,10.455,0,0.0114431378828476,57.0158777340706,0.0686724939208645,0.206017481762593
2023.5254566,2023,7,9.866,0,0.0125994970827087,57.0845502279915,0.0617319074525966,0.18519572235779
2023.5255708,2023,7,8.879,0,0.0145206261161256,57.1462821354441,0.0526616818354313,0.157985045506294
2023.5256849,2023,7,7.582,0,0.0148258661411994,57.1989438172795,0.0526132420775767,0.15783972623273
2023.5257991,2023,7,7.582,0,0.0138285505681897,57.2515570593571,0.0469724118159931,0.140917235447979
2023.5259132,2023,7,6.775,0,0.0145161581612288,57.2985294711731,0.034897573268843,0.104692719806529
2023.5260274,2023,7,5.037,0,0.0143149196292281,57.3334270444419,0.02985080609497,0.0895524182849101
2023.5261416,2023,7,4.311,0,0.0137334927528699,57.3632778505369,0.0262165636596876,0.0786496909790628
2023.5262557,2023,7,3.788,0,0.0126923424497707,57.3894944141966,0.0196268980399807,0.0588806941199422
2023.5263699,2023,7,2.837,0,0.011876593764824,57.4091213122365,0.0144408900778856,0.0433226702336569
2023.526484,2023,7,2.088,0,0.0109124920940278,57.4235622023144,0.0159236485255079,0.0477709455765236
2023.5265982,2023,7,2.303,0,0.0104964480503398,57.4394858508399,0.0225400065581667,0.0676200196745
2023.5267123,2023,7,3.261,0,0.0101731100623604,57.4620258573981,0.0369393004811442,0.110817901443433
2023.5268265,2023,7,5.347,0,0.00992950341901731,57.4989651578792,0.0362046983698079,0.108614095109424
2023.5269406,2023,7,5.244,0,0.010757371378398,57.535169856249,0.0439480068507905,0.131844020552371
2023.5270548,2023,7,6.37,0,0.0105826812660294,57.5791178630998,0.0494893026578254,0.148467907973476
2023.5271689,2023,7,7.179,0,0.010580523707579,57.6286071657577,0.0563518338396847,0.169055501519054
2023.5272831,2023,7,8.182,0,0.0104210217525096,57.6849589995973,0.0576722651426991,0.173016795428097
2023.5273973,2023,7,8.382,0,0.0111799637827799,57.74263126474,0.0555536242380796,0.166660872714239
2023.5275114,2023,7,8.082,0,0.0113503193416966,57.7981848889781,0.0582388916869192,0.174716675060758
2023.5276256,2023,7,8.481,0,0.0116975230470436,57.856423780665,0.0602235672637548,0.180670701791264
2023.5277397,2023,7,8.779,0,0.0136340097675086,57.9166473479288,0.0615239998546429,0.184571999563929
2023.5278539,2023,7,8.978,0,0.0158410611910386,57.9781713477834,0.0648385640711595,0.194515692213479
2023.527968,2023,7,9.472,0,0.016582506822626,58.0430099118546,0.0620667860823474,0.186200358247042
2023.5280822,2023,7,9.077,0,0.0173375200315378,58.105076697937,0.0586143312247813,0.175842993674344
2023.5281963,2023,7,8.581,0,0.0167949937238398,58.1636910291617,0.0524234571173992,0.157270371352197
2023.5283105,2023,7,7.682,0,0.0156443399355184,58.2161144862791,0.058502646244456,0.175507938733368
2023.5284247,2023,7,8.581,0,0.015219390614701,58.2746171325236,0.0523237583373231,0.156971275011969
2023.5285388,2023,7,7.682,0,0.0152261298667006,58.3269408908609,0.0570381125993649,0.171114337798095
2023.528653,2023,7,8.382,0,0.013925829498198,58.3839790034603,0.0563029519833691,0.168908855950107
2023.5287671,2023,7,8.282,0,0.0137290589210941,58.4402819554436,0.0555699141698369,0.166709742509511
2023.5288813,2023,7,8.182,0,0.013726837674339,58.4958518696135,0.0493994319040212,0.148198295712064
2023.5289954,2023,7,7.28,0,0.0130725477258469,58.5452513015175,0.0418076535046623,0.125422960513987
2023.5291096,2023,7,6.166,0,0.012230354594973,58.5870589550222,0.041777840881025,0.125333522643075
2023.5292237,2023,7,6.166,0,0.0120622669019536,58.6288367959032,0.0417480919437949,0.125244275831385
2023.5293379,2023,7,6.166,0,0.0114431009180801,58.670584887847,0.0430981390878173,0.129294417263452
2023.5294521,2023,7,6.37,0,0.0104942715309496,58.7136830269348,0.0423771699566657,0.127131509869997
2023.5295662,2023,7,6.268,0,0.0103304448961756,58.7560601968915,0.0416577596937273,0.124973279081182
2023.5296804,2023,7,6.166,0,0.010326120216471,58.7977179565852,0.0464265182235408,0.139279554670622
2023.5297945,2023,7,6.877,0,0.00983681699620702,58.8441444748087,0.0551888821332227,0.165566646399668
2023.5299087,2023,7,8.182,0,0.0100803850457119,58.899333356942,0.0517692759685318,0.155307827905595
2023.5300228,2023,7,7.682,0,0.0102506939186409,58.9511026329105,0.055088843543551,0.165266530630653
2023.530137,2023,7,8.182,0,0.0105007727300443,59.006191476454,0.063710160087318,0.191130480261954
2023.5302511,2023,7,9.472,0,0.00992088309064251,59.0699016365414,0.062318591266326,0.186955773798978
2023.5303653,2023,7,9.275,0,0.0101644607029512,59.1322202278077,0.0602605605368467,0.18078168161054
2023.5304795,2023,7,8.978,0,0.0103390939196055,59.1924807883445,0.06019927498361,0.18059782495083
2023.5305936,2023,7,8.978,0,0.0109103155746376,59.2526800633281,0.0700258633432256,0.210077590029677
2023.5307078,2023,7,10.455,0,0.0124204263649282,59.3227059266714,0.0686328304272763,0.205898491281829
2023.5308219,2023,7,10.259,0,0.0132515832446772,59.3913387570986,0.0724737231945554,0.217421169583666
2023.5309361,2023,7,10.846,0,0.0135345181204129,59.4638124802932,0.0678164588770187,0.203449376631056
2023.5310502,2023,7,10.161,0,0.013552261840421,59.5316289391702,0.0644611005396101,0.19338330161883
2023.5311644,2023,7,9.669,0,0.0152351317787844,59.5960900397098,0.0611099624993088,0.183329887497926
2023.5312785,2023,7,9.176,0,0.0148258325287742,59.6572000022091,0.0557674562423855,0.167302368727157
2023.5313927,2023,7,8.382,0,0.0151221286164115,59.7129674584515,0.0423463320341213,0.127038996102364
2023.5315068,2023,7,6.37,0,0.0149119290918597,59.7553137904856,0.0362065716897391,0.108619715069217
2023.531621,2023,7,5.45,0,0.013353270016562,59.7915203621754,0.0286242073422187,0.0858726220266561
2023.5317352,2023,7,4.311,0,0.0132538044914323,59.8201445695176,0.0237468315533036,0.0712404946599108
2023.5318493,2023,7,3.578,0,0.0123231911635378,59.8438914010709,0.0237374122398037,0.0712122367194112
2023.5319635,2023,7,3.578,0,0.0112705782379092,59.8676288133107,0.0251203562469939,0.0753610687409818
2023.5320776,2023,7,3.788,0,0.0108284164367885,59.8927491695577,0.0251098246249768,0.0753294738749304
2023.5321918,2023,7,3.788,0,0.010921198013172,59.9178589941827,0.0223102773464632,0.0669308320393895
2023.5323059,2023,7,3.367,0.2,0.0100114502128613,59.9401692715291,0.0257852900867519,0.0773558702602557
2023.5324201,2023,7,3.893,0.6,0.00999847650972683,59.9659545616159,0.0222923900878271,0.0668771702634814
2023.5325342,2023,7,3.367,1.2,0.0104101958737103,59.9882469517037,0.0243750945857002,0.0731252837571006
2023.5326484,2023,7,3.683,0.6,0.0117815803773709,60.0126220462894,0.0257541730671349,0.0772625192014047
2023.5327626,2023,7,3.893,0,0.0128780155869002,60.0383762193566,0.0285065710342707,0.085519713102812
2023.5328767,2023,7,4.311,0.4,0.0130614849375063,60.0668827903908,0.0278058320111114,0.0834174960333343
2023.5329909,2023,7,4.207,1.8,0.0152238752503042,60.0946886224019,0.0264125454631525,0.0792376363894576
2023.533105,2023,7,3.998,1,0.0171272957904082,60.1211011678651,0.0284673653689751,0.0854020961069253
2023.5332192,2023,7,4.311,1.2,0.0207034042302425,60.1495685332341,0.0291401639491298,0.0874204918473893
2023.5333333,2023,7,4.415,0.2,0.0269492780101602,60.1787086971832,0.0284401271714003,0.085320381514201
2023.5334475,2023,7,4.311,0,0.0300863732640507,60.2071488243546,0.0291123086555984,0.0873369259667953
2023.5335616,2023,7,4.415,0,0.0275463453791354,60.2362611330102,0.0318392810980725,0.0955178432942176
2023.5336758,2023,7,4.831,0,0.02448946824954,60.2681004141083,0.0325007619677962,0.0975022859033885
2023.53379,2023,7,4.934,0,0.0207956328920217,60.3006011760761,0.037228531989129,0.111685595967387
2023.5339041,2023,7,5.655,0,0.0181129444426221,60.3378297080652,0.0297334052023785,0.0892002156071356
2023.5340183,2023,7,4.519,0,0.0186850659361718,60.3675631132676,0.0269770197297774,0.0809310591893322
2023.5341324,2023,7,4.102,0,0.0174641862037002,60.3945401329973,0.0255913801203747,0.076774140361124
2023.5342466,2023,7,3.893,0,0.0171454443324965,60.4201315131177,0.0269535589047649,0.0808606767142948
2023.5343607,2023,7,4.102,0,0.0151378780591502,60.4470850720225,0.0241901438725307,0.0725704316175921
2023.5344749,2023,7,3.683,0,0.0138485495260073,60.471275215895,0.0207145186028868,0.0621435558086603
2023.534589,2023,7,3.155,0,0.0138329929296333,60.4919897344979,0.0220986077336889,0.0662958232010666
2023.5347032,2023,7,3.367,0,0.0138396821312852,60.5140883422316,0.0165145388285595,0.0495436164856784
2023.5348174,2023,7,2.517,0,0.0134416902135825,60.5306028810602,0.0172117914903538,0.0516353744710614
2023.5349315,2023,7,2.624,0,0.0128802456321525,60.5478146725505,0.0172069001232273,0.051620700369682
2023.5350457,2023,7,2.624,0,0.0123209873770143,60.5650215726737,0.0178968086712885,0.0536904260138655
2023.5351598,2023,7,2.73,0,0.0123297666152518,60.582918381345,0.0185926586175569,0.0557779758526706
2023.535274,2023,7,2.837,0,0.0117019036524554,60.6015110399626,0.0206700172114438,0.0620100516343314
2023.5353881,2023,7,3.155,0,0.0111734343830259,60.622181057174,0.0241203029335111,0.0723609088005333
2023.5355023,2023,7,3.683,0,0.0110031065491571,60.6463013601075,0.023423465098027,0.0702703952940809
2023.5356164,2023,7,3.578,0,0.0104964480503398,60.6697248252056,0.0268427219634262,0.0805281658902786
2023.5357306,2023,7,4.102,0,0.0108284164367885,60.696567547169,0.0268308561642243,0.0804925684926729
2023.5358447,2023,7,4.102,0,0.0109124920940278,60.7233984033332,0.029544702369904,0.0886341071097121
2023.5359589,2023,7,4.519,0,0.0105073021297984,60.7529431057031,0.0308892152108342,0.0926676456325026
2023.5360731,2023,7,4.727,0,0.011261872318765,60.783832320914,0.0308735258561228,0.0926205775683684
2023.5361872,2023,7,4.727,0,0.0124248157688373,60.8147058467701,0.0274640660302339,0.0823921980907016
2023.5363014,2023,7,4.207,0,0.0126016919290108,60.8421699128003,0.0254031773457939,0.0762095320373817
2023.5364155,2023,7,3.893,0,0.0116931424416318,60.8675730901461,0.0240230986258823,0.0720692958776468
2023.5365297,2023,7,3.683,0,0.0125994970827087,60.891596188772,0.0233291425592057,0.0699874276776171
2023.5366438,2023,7,3.578,0,0.01269012986475,60.9149253313312,0.0212544713861718,0.0637634141585153
2023.536758,2023,7,3.261,0,0.0122369480741009,60.9361798027174,0.019865998546841,0.059597995640523
2023.5368721,2023,7,3.049,0,0.0121441204457574,60.9560458012642,0.0205498361432888,0.0616495084298663
2023.5369863,2023,7,3.155,0,0.0119606510951513,60.9765956374075,0.0184726571185436,0.0554179713556309
2023.5371005,2023,7,2.837,0,0.0118722131594122,60.995068294526,0.021226554320215,0.0636796629606451
2023.5372146,2023,7,3.261,0,0.0116112708704142,61.0162948488463,0.0239645674892444,0.0718937024677331
2023.5373288,2023,7,3.683,0,0.0112575100402651,61.0402594163355,0.0232723462371425,0.0698170387114274
2023.5374429,2023,7,3.578,0,0.0113611550942432,61.0635317625726,0.0246285852224162,0.0738857556672485
2023.5375571,2023,7,3.788,0,0.0104964480503398,61.0881603477951,0.0327338846961354,0.0982016540884061
2023.5376712,2023,7,5.037,0,0.0105892296267233,61.1208942324912,0.0353981077120764,0.106194323136229
2023.5377854,2023,7,5.45,0,0.0108371223559327,61.1562923402033,0.0367079497293616,0.110123849188085
2023.5378995,2023,7,5.655,0,0.0112575100402651,61.1930002899326,0.0326778327729471,0.0980334983188413
2023.5380137,2023,7,5.037,0,0.0111712486239162,61.2256781227056,0.0359987302677851,0.107996190803355
2023.5381279,2023,7,5.552,0,0.0104964480503398,61.2616768529734,0.0359775890288532,0.10793276708656
2023.538242,2023,7,5.552,0,0.0109124920940278,61.2976544420022,0.0464894518006176,0.139468355401853
2023.5383562,2023,7,7.179,0,0.0104964480503398,61.3441438938028,0.0490609579729764,0.147182873918929
2023.5384703,2023,7,7.582,0,0.010914668613418,61.3932048517758,0.0457708241689687,0.137312472506906
2023.5385845,2023,7,7.079,0,0.0107552138199476,61.4389756759448,0.054151604263069,0.162454812789207
2023.5386986,2023,7,8.382,0,0.0115184523292632,61.4931272802078,0.0528135576723869,0.158440673017161
2023.5388128,2023,7,8.182,0,0.0118766117922379,61.5459408378802,0.0610837649567983,0.183251294870395
2023.5389269,2023,7,9.472,0,0.0126017096677294,61.607024602837,0.0711256971219285,0.213377091365786
2023.5390411,2023,7,11.041,0,0.0134416902135825,61.678150299959,0.0741755107483328,0.222526532244999
2023.5391553,2023,7,11.528,0,0.0147173966932296,61.7523258107073,0.0728404823062974,0.218521446918892
2023.5392694,2023,7,11.334,0,0.0146134285615694,61.8251662930136,0.0733770543545376,0.220131163063613
2023.5393836,2023,7,11.431,0,0.0144188877608883,61.8985433473681,0.0689135345993108,0.206740603797932
2023.5394977,2023,7,10.748,0,0.0139235997217752,61.9674568819674,0.0688369814716907,0.206510944415072
2023.5396119,2023,7,10.748,0,0.0136406733757072,62.0362938634391,0.0681404626479818,0.204421387943945
2023.539726,2023,7,10.651,0,0.014124838253776,62.1044343260871,0.0643100796373659,0.192930238912098
2023.5398402,2023,7,10.063,0,0.0135411731989438,62.1687444057245,0.0598406829798748,0.179522048939624
2023.5399543,2023,7,9.373,0,0.0125132717319902,62.2285850887043,0.0572649492513406,0.171794847754022
2023.5400685,2023,7,8.978,0,0.0118853546761495,62.2858500379557,0.059728282471518,0.179184847414554
2023.5401826,2023,7,9.373,0,0.0108262399173983,62.3455783204272,0.0609310238722358,0.182793071616707
2023.5402968,2023,7,9.571,0,0.010326120216471,62.4065093442994,0.0677366710981815,0.203210013294544
2023.540411,2023,7,10.651,0,0.00905644024551986,62.4742460153976,0.0719997497916864,0.215999249375059
2023.5405251,2023,7,11.334,0,0.00936473495739168,62.5462457651893,0.0799068658850928,0.239720597655278
2023.5406393,2023,7,12.594,0,0.00951780335195291,62.6261526310744,0.0883409633168313,0.265022889950494
2023.5407534,2023,7,13.942,0,0.00928928936264247,62.7144935943912,0.0966888974515427,0.290066692354628
2023.5408676,2023,7,15.282,0,0.0104166970728051,62.8111824918428,0.102568347483569,0.307705042450706
2023.5409817,2023,7,16.237,0,0.0105051350085442,62.9137508393263,0.103000046176959,0.309000138530877
2023.5410959,2023,7,16.332,0,0.0110052736704113,63.0167508855033,0.0986292936484929,0.295887880945479
2023.54121,2023,7,15.664,0,0.0113459479760043,63.1153801791518,0.103268268083283,0.30980480424985
2023.5413242,2023,7,16.427,0,0.0115250094540652,63.2186484472351,0.101908326567518,0.305724979702553
2023.5414384,2023,7,16.237,0,0.0134461240453583,63.3205567738026,0.103535253773373,0.310605761320119
2023.5415525,2023,7,16.523,0,0.0157640823498908,63.424092027576,0.109910794342504,0.329732383027512
2023.5416667,2023,7,17.57,0,0.0193771122584686,63.5340028219185,0.115654382671984,0.346963148015952
2023.5417808,2023,7,18.521,0,0.0203389753794062,63.6496572045905,0.11188859449549,0.335665783486469
2023.541895,2023,7,17.95,0,0.0222810883411222,63.761545799086,0.105183077857077,0.315549233571232
2023.5420091,2023,7,16.903,0,0.0200967428250131,63.866728876943,0.100875862410838,0.302627587232514
2023.5421233,2023,7,16.237,0,0.0200829357116465,63.9676047393539,0.0936136648219943,0.280840994465983
2023.5422374,2023,7,15.091,0,0.0177806185774112,64.0612184041759,0.0863646902621866,0.25909407078656
2023.5423516,2023,7,13.942,0,0.0172380922697132,64.147583094438,0.0767212663486703,0.230163799046011
2023.5424658,2023,7,12.401,0,0.0164717501173824,64.2243043607867,0.068230311885273,0.204690935655819
2023.5425799,2023,7,11.041,0,0.014131552665802,64.292534672672,0.0639376278930115,0.191812883679034
2023.5426941,2023,7,10.357,0,0.0136584933609293,64.356472300565,0.0578083220671886,0.173424966201566
2023.5428082,2023,7,9.373,0,0.0139347143531518,64.4142806226322,0.0534879895259195,0.160463968577758
2023.5429224,2023,7,8.68,0,0.0128780155869002,64.4677686121581,0.0571055027910319,0.171316508373096
2023.5430365,2023,7,9.275,0,0.0119628459414535,64.5248741149491,0.0612975174717008,0.183892552415102
2023.5431507,2023,7,9.965,0,0.0123231911635378,64.5861716324208,0.0660488246137731,0.198146473841319
2023.5432648,2023,7,10.748,0,0.0116068902650023,64.6522204570346,0.0701720465821722,0.210516139746517
2023.543379,2023,7,11.431,0,0.0118231988747481,64.7223925036168,0.0730684404988295,0.219205321496489
2023.5434932,2023,7,11.916,0,0.0125176523374021,64.7954609441156,0.0800868117027989,0.240260435108397
2023.5436073,2023,7,13.076,0,0.0117925544619106,64.8755477558184,0.081754817475101,0.245264452425303
2023.5437215,2023,7,13.365,0,0.0125176881035344,64.9573025732935,0.087513123253089,0.262539369759267
2023.5438356,2023,7,14.325,0,0.0131698353175897,65.0448156965466,0.0879808305400189,0.263942491620057
2023.5439498,2023,7,14.421,0,0.0163970332310312,65.1327965270866,0.0890311379190223,0.267093413757067
2023.5440639,2023,7,14.613,0,0.0186919319512145,65.2218276650056,0.0952996980144007,0.285899094043202
2023.5441781,2023,7,15.664,0,0.0200829432284682,65.31712736302,0.095743641027056,0.287230923081168
2023.5442922,2023,7,15.76,0,0.0215337250612426,65.4128710040471,0.0967615007422609,0.290284502226783
2023.5444064,2023,7,15.951,0,0.0220249975578873,65.5096325047894,0.0983498568243419,0.295049570473026
2023.5445205,2023,7,16.237,0,0.0215406512112295,65.6079823616137,0.0953198049969188,0.285959414990756
2023.5446347,2023,7,15.76,0,0.0214068448683313,65.7033021666106,0.0917235266444152,0.275170579933246
2023.5447489,2023,7,15.187,0,0.0205903531345411,65.795025693255,0.0869789849364224,0.260936954809267
2023.544863,2023,7,14.421,0,0.0197277114426162,65.8820046781915,0.082825100743591,0.248475302230773
2023.5449772,2023,7,13.75,0,0.0176698458967488,65.9648297789351,0.0751873665416127,0.225562099624838
2023.5450913,2023,7,12.497,0,0.0169057664045022,66.0400171454767,0.0692816193890167,0.20784485816705
2023.5452055,2023,7,11.528,0,0.0160580246841679,66.1092987648657,0.0633584161484322,0.190075248445297
2023.5453196,2023,7,10.553,0,0.0153503806929989,66.1726571810141,0.0585913947380163,0.175774184214049
2023.5454338,2023,7,9.768,0,0.0140208786517835,66.2312485757521,0.053807060580084,0.161421181740252
2023.5455479,2023,7,8.978,0,0.013344419813242,66.2850556363322,0.0531708087827383,0.159512426348215
2023.5456621,2023,7,8.879,0,0.0134505404169025,66.338226445115,0.0519379588304361,0.155813876491308
2023.5457763,2023,7,8.68,0,0.0125088643006674,66.3901644039454,0.0578079763541552,0.173423929062466
2023.5458904,2023,7,9.669,0,0.0115184523292632,66.4479723802995,0.0647851086519751,0.194355325955925
2023.5460046,2023,7,10.846,0,0.0106776675624624,66.5127574889515,0.0728392123834567,0.21851763715037
2023.5461187,2023,7,12.207,0,0.0115271952131749,66.585596701335,0.0663969936861406,0.199190981058422
2023.5462329,2023,7,11.139,0,0.0112596865596553,66.6519936950211,0.0680688415829849,0.204206524748955
2023.546347,2023,7,11.431,0,0.0109190308919178,66.7200625366041,0.0708830507773115,0.212649152331934
2023.5464612,2023,7,11.916,0,0.0112640302002997,66.7909455873814,0.0759806676046111,0.227942002813833
2023.5465753,2023,7,12.787,0,0.0115162665701535,66.866926254986,0.0816066201739289,0.244819860521787
2023.5466895,2023,7,13.75,0,0.011876593764824,66.94853287516,0.0832134142552121,0.249640242765636
2023.5468037,2023,7,14.038,0,0.0132207808171693,67.0317462894152,0.0887782101919043,0.266334630575713
2023.5469178,2023,7,14.996,0,0.015531353211068,67.1205244996071,0.082433192243542,0.247299576730626
2023.547032,2023,7,13.942,0,0.0162728148180743,67.2029576918506,0.0924942014679289,0.277482604403787
2023.5471461,2023,7,15.664,0,0.0169012331526028,67.2954518933185,0.101912816662946,0.305738449988837
2023.5472603,2023,7,17.284,0,0.0174505553722844,67.3973647099815,0.086608449702311,0.259825349106933
2023.5473744,2023,7,14.709,0,0.0190333942221021,67.4839731596838,0.0785985379495884,0.235795613848765
2023.5474886,2023,7,13.365,0,0.0190288068232797,67.5625716976334,0.0717086170606365,0.215125851181909
2023.5476027,2023,7,12.207,0,0.0176652968898946,67.634280314694,0.0486083976080636,0.145825192824191
2023.5477169,2023,7,8.282,0,0.0175613280529468,67.6828887123021,0.0391453995461433,0.11743619863843
2023.5478311,2023,7,6.674,0,0.0167972483402362,67.7220341118482,0.0409042862906119,0.122712858871836
2023.5479452,2023,7,6.978,0,0.0165870400745254,67.7629383981388,0.0396907115647736,0.119072134694321
2023.5480594,2023,7,6.775,0,0.0166955421633725,67.8026291097036,0.031911466680171,0.0957344000405129
2023.5481735,2023,7,5.45,0,0.0161575248609313,67.8345405763838,0.030088420901464,0.0902652627043921
2023.5482877,2023,7,5.141,0,0.0154273683987014,67.8646289972853,0.0288643847047467,0.0865931541142402
2023.5484018,2023,7,4.934,0,0.0158658199998406,67.89349338199,0.0252097321586859,0.0756291964760578
2023.548516,2023,7,4.311,0,0.0135500580538976,67.9187031141487,0.0252003784048043,0.0756011352144128
2023.5486301,2023,7,4.311,0,0.0129686483689415,67.9439034925535,0.0276214088168558,0.0828642264505675
2023.5487443,2023,7,4.727,0,0.0139280592746209,67.9715249013703,0.0263955063338699,0.0791865190016097
2023.5488584,2023,7,4.519,0,0.0142332574086141,67.9979204077042,0.0275994755327105,0.0827984265981314
2023.5489726,2023,7,4.727,0,0.0149343101360112,68.0255198832369,0.0312059708282675,0.0936179124848024
2023.5490868,2023,7,5.347,0,0.0149141672703336,68.0567258540652,0.0311916685475069,0.0935750056425206
2023.5492009,2023,7,5.347,0,0.0159563025318854,68.0879175226127,0.0299765016172415,0.0899295048517246
2023.5493151,2023,7,5.141,0,0.0161665432109375,68.1178940242299,0.0263388106262425,0.0790164318787276
2023.5494292,2023,7,4.519,0,0.0153346319555478,68.1442328348562,0.0281460358560679,0.0844381075682037
2023.5495434,2023,7,4.831,0,0.0160693543105544,68.1723788707123,0.0305390804454646,0.0916172413363938
2023.5496575,2023,7,5.244,0,0.0170323691021092,68.2029179511577,0.0388470967718462,0.116541290315539
2023.5497717,2023,7,6.674,0,0.0219050798776645,68.2417650479296,0.0394123781729405,0.118237134518822
2023.5498858,2023,7,6.775,0,0.0181106660275831,68.2811774261025,0.0434929980555125,0.130478994166538
2023.55,2023,7,7.481,0,0.0177874302443495,68.324670424158,0.0405437177828674,0.121631153348602
2023.5501142,2023,7,6.978,0,0.0188118181868122,68.3652141419409,0.0457672578877748,0.137301773663324
2023.5502283,2023,7,7.882,0,0.0214114841313961,68.4109813998287,0.0410785123823558,0.123235537147067
2023.5503425,2023,7,7.079,0,0.0224265540005534,68.452059912211,0.0375288131116065,0.112586439334819
2023.5504566,2023,7,6.471,0,0.0200783332763238,68.4895887253226,0.0375082604884227,0.112524781465268
2023.5505708,2023,7,6.471,0,0.0171205079221124,68.527096985811,0.0374877415951858,0.112463224785557
2023.5506849,2023,7,6.471,0,0.0159540643534115,68.5645847274062,0.0386423005269165,0.11592690158075
2023.5507991,2023,7,6.674,0,0.0149320888892561,68.6032270279331,0.039794909596381,0.119384728789143
2023.5509132,2023,7,6.877,0,0.0140253296749615,68.6430219375295,0.0332961104803076,0.0998883314409227
2023.5510274,2023,7,5.757,0,0.0128758118003767,68.6763180480098,0.0309103870109197,0.0927311610327592
2023.5511416,2023,7,5.347,0,0.0129708609539622,68.7072284350208,0.0303014550076171,0.0909043650228512
2023.5512557,2023,7,5.244,0,0.0124182225784048,68.7375298900284,0.0296933279601177,0.0890799838803531
2023.5513699,2023,7,5.141,0,0.011261872318765,68.7672232179885,0.0266905251340432,0.0800715754021297
2023.551484,2023,7,4.623,0,0.0108392612765276,68.7939137431225,0.0260800846238567,0.0782402538715701
2023.5515982,2023,7,4.519,0,0.0115206471755654,68.8199938277464,0.0254703378561345,0.0764110135684035
2023.5517123,2023,7,4.415,0,0.0104166970728051,68.8454641656025,0.0290471813298581,0.0871415439895742
2023.5518265,2023,7,5.037,0,0.0105848577854196,68.8745113469324,0.0302278909395994,0.0906836728187983
2023.5519406,2023,7,5.244,0,0.0111734343830259,68.904739237872,0.0296213029297832,0.0888639087893495
2023.5520548,2023,7,5.141,0,0.0112575100402651,68.9343605408018,0.0307947316977817,0.0923841950933451
2023.5521689,2023,7,5.347,0,0.0104101958737103,68.9651552724995,0.0319608339940203,0.0958825019820608
2023.5522831,2023,7,5.552,0,0.0103326309783696,68.9971161064936,0.0331253165826979,0.0993759497480937
2023.5523973,2023,7,5.757,0,0.0100803850457119,69.0302414230763,0.0360475043125916,0.108142512937775
2023.5525114,2023,7,6.268,0,0.0108436517556868,69.0662889273889,0.0301439932907357,0.0904319798722071
2023.5526256,2023,7,5.244,0,0.0104123629949645,69.0964329206796,0.0307225318102553,0.0921675954307659
2023.5527397,2023,7,5.347,0,0.00992303091497762,69.1271554524898,0.0301174630402699,0.0903523891208096
2023.5528539,2023,7,5.244,0,0.00967946286547272,69.1572729155301,0.0336397786861937,0.100919336058581
2023.552968,2023,7,5.86,0,0.0100027818925123,69.1909126942163,0.0312714701084502,0.0938144103253507
2023.5530822,2023,7,5.45,0,0.0100803946085157,69.2221841643248,0.0312573494420718,0.0937720483262154
2023.5531963,2023,7,5.45,0,0.00959755432948762,69.2534415137668,0.0300625666500309,0.0901876999500928
2023.5533105,2023,7,5.244,0,0.00977855292538264,69.2835040804169,0.0288636093583534,0.0865908280750602
2023.5534247,2023,7,5.037,0,0.00967730530702233,69.3123676897752,0.0276718761454191,0.0830156284362573
2023.5535388,2023,7,4.831,0,0.00889695830136184,69.3400395659206,0.0276608373959135,0.0829825121877406
2023.553653,2023,7,4.831,0,0.00905644024551986,69.3677004033165,0.0288285901838208,0.0864857705514623
2023.5537671,2023,7,5.037,0,0.0088278865986856,69.3965289935004,0.0300006079866648,0.0900018239599945
2023.5538813,2023,7,5.244,0,0.00951995117628803,69.426529601487,0.0323373932275075,0.0970121796825225
2023.5539954,2023,7,5.655,0,0.00921166656283044,69.4588669947145,0.0334937835392992,0.100481350617898
2023.5541096,2023,7,5.86,0,0.00852599514403688,69.4923607782538,0.0352253554269453,0.105676066280836
2023.5542237,2023,7,6.166,0,0.0085196219961394,69.5275861336808,0.0375308384573856,0.112592515372157
2023.5543379,2023,7,6.573,0,0.00793714732236244,69.5651169721382,0.0398211820681666,0.1194635462045
2023.5544521,2023,7,6.978,0,0.00801261256372408,69.6049381542063,0.0420961939305897,0.126288581791769
2023.5545662,2023,7,7.381,0,0.00852386733061316,69.6470343481369,0.0449254815653291,0.134776444695987
2023.5546804,2023,7,7.882,0,0.00815292456407613,69.6919598297023,0.0448965399327221,0.134689619798166
2023.5547945,2023,7,7.882,0,0.00867906353859812,69.736856369635,0.0460057628676083,0.138017288602825
2023.5549087,2023,7,8.082,0,0.0085993325719748,69.7828621325026,0.0448380932540147,0.134514279762044
2023.5550228,2023,7,7.882,0,0.00823261435260752,69.8277002257566,0.0448093200754869,0.134427960226461
2023.555137,2023,7,7.882,0,0.00837294714026357,69.8725095458321,0.0436446817580389,0.130934045274117
2023.5552511,2023,7,7.682,0,0.00808170465718824,69.9161542275901,0.0470230353917742,0.141069106175323
2023.5553653,2023,7,8.282,0,0.00787227977606803,69.9631772629819,0.0503775668017425,0.151132700405228
2023.5554795,2023,7,8.879,0,0.0085260155348248,70.0135548297836,0.0458240640367364,0.137472192110209
2023.5555936,2023,7,8.082,0,0.00874815563206228,70.0593788938204,0.0497420415067751,0.149226124520325
2023.5557078,2023,7,8.779,0,0.00953071915061605,70.1091209353272,0.04520126774311,0.13560380322933
2023.5558219,2023,7,7.983,0,0.00951780335195291,70.1543222030703,0.0417667322249144,0.125300196674743
2023.5559361,2023,7,7.381,0,0.00999631895127644,70.1960889352952,0.0371736087639505,0.111520826291851
2023.5560502,2023,7,6.573,0,0.00936900068265335,70.2332625440591,0.0342775181359656,0.102832554407897
2023.5561644,2023,7,6.064,0,0.00960185971227313,70.2675400621951,0.0342608052197306,0.102782415659192
2023.5562785,2023,7,6.064,0,0.00920524291481942,70.3018008674148,0.0336682486659328,0.101004745997798
2023.5563927,2023,7,5.962,0,0.00960184006566069,70.3354691160808,0.0301815550377,0.0905446651131001
2023.5565068,2023,7,5.347,0,0.00830807959396916,70.3656506711185,0.024911054840814,0.0747331645224421
2023.556621,2023,7,4.415,0,0.00905644024551986,70.3905617259593,0.0201819272735548,0.0605457818206645
2023.5567352,2023,7,3.578,0,0.00898522033863198,70.4107436532328,0.0189864871991716,0.0569594615975149
2023.5568493,2023,7,3.367,0,0.00830172723337568,70.429730140432,0.0219462189016326,0.0658386567048979
2023.5569635,2023,7,3.893,0,0.00815292456407612,70.4516763593336,0.0242946587221695,0.0728839761665085
2023.5570776,2023,7,4.311,0,0.00758734766465984,70.4759710180558,0.0254578560649747,0.0763735681949242
2023.5571918,2023,7,4.519,0,0.00772770165393823,70.5014288741208,0.0236919393993134,0.0710758181979401
2023.5573059,2023,7,4.207,0,0.00837294714026357,70.5251208135201,0.0254401205821608,0.0763203617464825
2023.5574201,2023,7,4.519,0,0.00837081932683984,70.5505609341023,0.0236754456515769,0.0710263369547306
2023.5575342,2023,7,4.207,0,0.00758734766465984,70.5742363797538,0.027756618011594,0.083269854034782
2023.5576484,2023,7,4.934,0,0.00831653837240456,70.6019929977654,0.0265818913593137,0.079745674077941
2023.5577626,2023,7,4.727,0,0.00801683711089384,70.6285748891247,0.0277352716800863,0.0832058150402588
2023.5578767,2023,7,4.934,0,0.0082304865391838,70.6563101608048,0.0277243888090055,0.0831731664270166
2023.5579909,2023,7,4.934,0,0.00830172723337568,70.6840345496138,0.0288759684882507,0.0866279054647521
2023.558105,2023,7,5.141,0,0.00823263513991152,70.7129105181021,0.0311712357386114,0.0935137072158341
2023.5582192,2023,7,5.552,0,0.00837081932683984,70.7440817538407,0.0363135596429061,0.108940678928718
2023.5583333,2023,7,6.471,0,0.00890981514558209,70.7803953134836,0.0317191332429445,0.0951573997288335
2023.5584475,2023,7,5.655,0,0.00883428985590869,70.8121144467265,0.0328540038405407,0.0985620115216221
2023.5585616,2023,7,5.86,0,0.00905644024551986,70.8449684505671,0.0334102367261693,0.100230710178508
2023.5586758,2023,7,5.962,0,0.00912977767345778,70.8783786872932,0.0328233028358937,0.0984699085076812
2023.55879,2023,7,5.86,0,0.00905002669592307,70.9112019901291,0.0385004035730958,0.115501210719287
2023.5589041,2023,7,6.877,0,0.00920523300232226,70.9497023937022,0.0379089451291748,0.113726835387524
2023.5590183,2023,7,6.775,0,0.00944234802308843,70.9876113388314,0.0350540495243337,0.105162148573001
2023.5591324,2023,7,6.268,0,0.00913404339871946,71.0226653883557,0.0401276107856319,0.120382832356896
2023.5592466,2023,7,7.179,0,0.00866842466543896,71.0627929991414,0.0412330955777094,0.123699286733128
2023.5593607,2023,7,7.381,0,0.00859722514933899,71.1040260947191,0.0445691994001152,0.133707598200346
2023.5594749,2023,7,7.983,0,0.00881935514816224,71.1485952941192,0.0489810667570509,0.146943200271153
2023.559589,2023,7,8.779,0,0.00882149306000019,71.1975763608763,0.0495047501032957,0.148514250309887
2023.5597032,2023,7,8.879,0,0.00808382217823827,71.2470811109796,0.0522217467084545,0.156665240125363
2023.5598174,2023,7,9.373,0,0.00852386733061316,71.299302857688,0.0543818229181312,0.163145468754394
2023.5599315,2023,7,9.768,0,0.00852386733061316,71.3536846806061,0.0592505913154184,0.177751773946255
2023.5600457,2023,7,10.651,0,0.00905002669592307,71.4129352719216,0.0608293618321767,0.18248808549653
2023.5601598,2023,7,10.944,0,0.0092030950904843,71.4737646337537,0.0645578708230516,0.193673612469155
2023.560274,2023,7,11.625,0,0.0103304448961756,71.5383225045768,0.0688031222627075,0.206409366788122
2023.5603881,2023,7,12.401,0,0.00968590616009617,71.6071256268395,0.0756786210606322,0.227035863181897
2023.5605023,2023,7,13.654,0,0.010162293581697,71.6828042479001,0.084081676054538,0.252245028163614
2023.5606164,2023,7,15.187,0,0.0106022033298577,71.7668859239547,0.0876750314957064,0.263025094487119
2023.5607306,2023,7,15.855,0,0.0111734343830259,71.8545609554504,0.0759482701012502,0.22784481030375
2023.5608447,2023,7,13.75,0,0.0111777966615257,71.9305092255516,0.0763975809182682,0.229192742754805
2023.5609589,2023,7,13.846,0,0.0118831508896261,72.0069068064699,0.0805418122769623,0.241625436830887
2023.5610731,2023,7,14.613,0,0.0121463152920596,72.0874486187468,0.0645426320028832,0.19362789600865
2023.5611872,2023,7,11.722,0,0.0126038957155343,72.1519912507497,0.0531951648978719,0.159585494693616
2023.5613014,2023,7,9.669,0,0.0112662436844573,72.2051864156476,0.0488143904677116,0.146443171403135
2023.5614155,2023,7,8.879,0,0.010418883154999,72.2540008061153,0.0405536951041228,0.121661085312368
2023.5615297,2023,7,7.381,0,0.0105007727300443,72.2945545012194,0.0349806420061185,0.104941926018356
2023.5616438,2023,7,6.37,0,0.0107508701793033,72.3295351432256,0.0299150692804204,0.0897452078412613
2023.561758,2023,7,5.45,0,0.0109124920940278,72.359450212506,0.0310272464762846,0.0930817394288539
2023.5618721,2023,7,5.655,0,0.00983681699620702,72.3904774589823,0.0281955506050622,0.0845866518151865
2023.5619863,2023,7,5.141,0,0.00905861781488164,72.4186730095873,0.0253452352136634,0.0760357056409902
2023.5621005,2023,7,4.623,0,0.00853448541646832,72.444018244801,0.0264761076863635,0.0794283230590906
2023.5622146,2023,7,4.831,0,0.00890550976279658,72.4704943524873,0.0321025254138476,0.0963075762415428
2023.5623288,2023,7,5.86,0,0.00897242354272348,72.5025968779012,0.0332051294448235,0.0996153883344704
2023.5624429,2023,7,6.064,0,0.00890122402662351,72.535802007346,0.0392909848188339,0.117872954456502
2023.5625571,2023,7,7.179,0,0.00859721505092477,72.5750929921649,0.0376181877063857,0.112854563119157
2023.5626712,2023,7,6.877,0,0.00807958713613821,72.6127111798712,0.0414520649141252,0.124356194742376
2023.5627854,2023,7,7.582,0,0.0077255841328882,72.6541632447854,0.0441596236597235,0.13247887097917
2023.5628995,2023,7,8.082,0,0.00859935296276272,72.6983228684451,0.050104688218056,0.150314064654168
2023.5630137,2023,7,9.176,0,0.00801683711089383,72.7484275566631,0.0559774808425431,0.167932442527629
2023.5631279,2023,7,10.259,0,0.00830172723337568,72.8044050375057,0.06337898748572,0.19013696245716
2023.563242,2023,7,11.625,0,0.00859295942407732,72.8677840249914,0.0627957568820676,0.188387270646203
2023.5633562,2023,7,11.528,0,0.00882149306000019,72.9305797818735,0.0622140315396393,0.186642094618918
2023.5634703,2023,7,11.431,0,0.0092030950904843,72.9927938134131,0.0605738306301191,0.181721491890357
2023.5635845,2023,7,11.139,0,0.0108392612765276,73.0533676440432,0.0557439976246741,0.167231992874022
2023.5636986,2023,7,10.259,0,0.0118875495224517,73.1091116416679,0.0557015264935927,0.167104579480778
2023.5638128,2023,7,10.259,0,0.0119672265468653,73.1648131681615,0.0545961708451301,0.16378851253539
2023.5639269,2023,7,10.063,0,0.0115184523292632,73.2194093390066,0.0556176814669271,0.166853044400781
2023.5640411,2023,7,10.259,0,0.0109190308919178,73.2750270204736,0.0459466574484679,0.137839972345404
2023.5641553,2023,7,8.481,0,0.0110937393311984,73.320973677922,0.0442995240401274,0.132898572120382
2023.5642694,2023,7,8.182,0,0.0104942715309496,73.3652732019622,0.0361150124511624,0.108345037353487
2023.5643836,2023,7,6.674,0,0.010252841742976,73.4013882144133,0.0300300005169873,0.090090001550962
2023.5644977,2023,7,5.552,0,0.0106645993648183,73.4314182149303,0.0404442831098635,0.12133284932959
2023.5646119,2023,7,7.481,0,0.009763538522712,73.4718624980402,0.030001207473461,0.0900036224203831
2023.564726,2023,7,5.552,0,0.00976567678424332,73.5018637055136,0.0344063364813962,0.103219009444189
2023.5648402,2023,7,6.37,0,0.00913191558529573,73.536270041995,0.0420111506791869,0.126033452037561
2023.5649543,2023,7,7.782,0,0.00912762984912266,73.5782811926742,0.0365553357478632,0.10966600724359
2023.5650685,2023,7,6.775,0,0.00890122402662351,73.6148365284221,0.0558473929517334,0.1675421788552
2023.5651826,2023,7,10.357,0,0.00898526074033129,73.6706839213738,0.0610671331752854,0.183201399525856
2023.5652968,2023,7,11.334,0,0.00951995117628803,73.7317510545491,0.0657143006970671,0.197142902091201
2023.565411,2023,7,12.207,0,0.00905002669592307,73.7974653552462,0.0708490140151099,0.21254704204533
2023.5655251,2023,7,13.173,0,0.00929784082407721,73.8683143692613,0.0749110214824213,0.224733064447264
2023.5656393,2023,7,13.942,0,0.00944450558153882,73.9432253907437,0.0789499674081782,0.236849902224535
2023.5657534,2023,7,14.709,0,0.00984114167591159,74.0221753581519,0.0798893917926904,0.239668175378071
2023.5658676,2023,7,14.9,0,0.0099273555946822,74.1020647499446,0.0813396649522247,0.244018994856674
2023.5659817,2023,7,15.187,0,0.0103239530952168,74.1834044148968,0.0853356343633607,0.256006903090082
2023.5660959,2023,7,15.951,0,0.00992303091497762,74.2687400492601,0.0943910198468103,0.283173059540431
2023.56621,2023,7,17.665,0,0.0110849964472867,74.363131069107,0.0983298435290862,0.294989530587259
2023.5663242,2023,7,18.426,0,0.012250187823054,74.461460912636,0.0971882328514226,0.291564698554268
2023.5664384,2023,7,18.236,0,0.0129730647404857,74.5586491454875,0.0940244589890256,0.282073376967077
2023.5665525,2023,7,17.665,0,0.0128868657902202,74.6526736044765,0.084289748171912,0.252869244515736
2023.5666667,2023,7,15.855,0,0.0123231911635378,74.7369633526484,0.0892524883497146,0.267757465049144
2023.5667808,2023,7,16.808,0,0.0127939940227053,74.8262158409981,0.0820694697176805,0.246208409153041
2023.566895,2023,7,15.473,0,0.0125972932961852,74.9082853107158,0.0692856411939573,0.207856923581872
2023.5670091,2023,7,13.076,0,0.0123231911635378,74.9775709519098,0.0671791838703371,0.201537551611011
2023.5671233,2023,7,12.69,0,0.0123275897963635,75.0447501357801,0.0666115679783559,0.199834703935068
2023.5672374,2023,7,12.594,0,0.0125110768856881,75.1113617037584,0.0650207146698563,0.195062144009569
2023.5673516,2023,7,12.304,0,0.0117837752236731,75.1763824184283,0.067001680207099,0.201005040621297
2023.5674658,2023,7,12.69,0,0.0113415764577849,75.2433840986354,0.0520501026518048,0.156150307955414
2023.5675799,2023,7,9.866,0,0.0112596865596553,75.2954342012872,0.0420896298571165,0.12626888957135
2023.5676941,2023,7,7.983,0,0.0117859609827827,75.3375238311443,0.045737830233719,0.137213490701157
2023.5678082,2023,7,8.68,0,0.0113459479760043,75.383261661378,0.0430883075008808,0.129264922502642
2023.5679224,2023,7,8.182,0,0.012230354594973,75.4263499688789,0.0441160441139203,0.132348132341761
2023.5680365,2023,7,8.382,0,0.0111778149884377,75.4704660129928,0.048265466691646,0.144796400074938
2023.5681507,2023,7,9.176,0,0.0120688600923861,75.5187314796845,0.0534105685614605,0.160231705684382
2023.5682648,2023,7,10.161,0,0.0116221716358605,75.572142048246,0.0636060858792717,0.190818257637815
2023.568379,2023,7,12.11,0,0.0124270727817247,75.6357481341252,0.0630438021877353,0.189131406563206
2023.5684932,2023,7,12.013,0,0.0122325494412752,75.698791936313,0.0665396983483078,0.199619095044923
2023.5686073,2023,7,12.69,0,0.0125088643006674,75.7653316346613,0.069010536992451,0.207031610977353
2023.5687215,2023,7,13.173,0,0.0131587466761124,75.8343421716537,0.0754766072671487,0.226429821801446
2023.5688356,2023,7,14.421,0,0.014122600075302,75.9098187789209,0.0759033307728458,0.227709992318538
2023.5689498,2023,7,14.517,0,0.0148168968699931,75.9857221096937,0.0728255885230027,0.218476765569008
2023.5690639,2023,7,13.942,0,0.0151266048499636,76.0585476982167,0.0662252410499775,0.198675723149933
2023.5691781,2023,7,12.69,0,0.0157415774521977,76.1247729392667,0.0696856258798846,0.209056877639654
2023.5692922,2023,7,13.365,0,0.0155358378466712,76.1944585651466,0.0605614131043524,0.181684239313057
2023.5694064,2023,7,11.625,0,0.0146246109284923,76.2550199782509,0.0559498476917355,0.167849543075206
2023.5695205,2023,7,10.748,0,0.0147129287383328,76.3109698259427,0.050297971587284,0.150893914761852
2023.5696347,2023,7,9.669,0,0.0134505750685363,76.3612677975299,0.0523123938674246,0.156937181602274
2023.5697489,2023,7,10.063,0,0.0134394689668275,76.4135801913974,0.0497215297467761,0.149164589240328
2023.569863,2023,7,9.571,0,0.013925829498198,76.4633017211441,0.0460976835722562,0.138293050716769
2023.5699772,2023,7,8.879,0,0.0131565340910917,76.5093994047164,0.0445241611797513,0.133572483539254
2023.5700913,2023,7,8.581,0,0.0133466323982627,76.5539235658962,0.0460431475741814,0.138129442722544
2023.5702055,2023,7,8.879,0,0.0134416902135825,76.5999667134703,0.0418861581136696,0.125658474341009
2023.5703196,2023,7,8.082,0,0.0131609679228675,76.641852871584,0.0470156168414348,0.141046850524305
2023.5704338,2023,7,9.077,0,0.0135389606139231,76.6888684884254,0.0495431609345047,0.148629482803514
2023.5705479,2023,7,9.571,0,0.0140275337303144,76.7384116493599,0.0454153573936793,0.136246072181038
2023.5706621,2023,7,8.779,0,0.014319370652406,76.7838270067536,0.054557053667736,0.163671161003208
2023.5707763,2023,7,10.553,0,0.013841911907708,76.8383840604214,0.0615569836717498,0.184670951015249
2023.5708904,2023,7,11.916,0,0.0148146670935702,76.8999410440931,0.0660017287865742,0.198005186359723
2023.5710046,2023,7,12.787,0,0.0151243750735408,76.9659427728797,0.0689247086648095,0.206774125994428
2023.5711187,2023,7,13.365,0,0.0167950016555709,77.0348674815445,0.0728234929173794,0.218470478752138
2023.5712329,2023,7,14.134,0,0.0162592632161687,77.1076909744619,0.0712729846480045,0.213818953944013
2023.571347,2023,7,13.846,0,0.015737076378672,77.1789639591099,0.0712072263966093,0.213621679189828
2023.5714612,2023,7,13.846,0,0.0155313367731455,77.2501711855065,0.0701555888602314,0.210466766580694
2023.5715753,2023,7,13.654,0,0.0169080210208986,77.3203267743667,0.0750125751036705,0.225037725311012
2023.5716895,2023,7,14.613,0,0.0184657988846653,77.3953393494704,0.0744478614331143,0.223343584299343
2023.5718037,2023,7,14.517,0,0.0188049830469159,77.4697872109035,0.0660083152771875,0.198024945831563
2023.5719178,2023,7,12.883,0,0.0181129444426221,77.5357955261807,0.0615001269931668,0.1845003809795
2023.572032,2023,7,12.013,0,0.017235829609629,77.5972956531739,0.0579793564036351,0.173938069210905
2023.5721461,2023,7,11.334,0,0.0163677653050158,77.6552750095775,0.0549416977872568,0.16482509336177
2023.5722603,2023,7,10.748,0,0.0161530237874056,77.7102167073648,0.0498984559543061,0.149695367862918
2023.5723744,2023,7,9.768,0,0.0164830311274728,77.7601151633191,0.0483558215766493,0.145067464729948
2023.5724886,2023,7,9.472,0,0.0154363703107851,77.8084709848957,0.0447911454980527,0.134373436494158
2023.5726027,2023,7,8.779,0,0.0158365601175129,77.8532621303938,0.0427415856782858,0.128224757034857
2023.5727169,2023,7,8.382,0,0.0161597875210154,77.896003716072,0.0371032343144719,0.111309702943416
2023.5728311,2023,7,7.28,0,0.0160535562515196,77.9331069503865,0.0365711874181471,0.109713562254441
2023.5729452,2023,7,7.179,0,0.0158568187930445,77.9696781378047,0.036044979477424,0.108134938432272
2023.5730594,2023,7,7.079,0,0.0153346319555478,78.0057231172821,0.0365371589461461,0.109611476838438
2023.5731735,2023,7,7.179,0,0.0162615258762528,78.0422602762282,0.0390782161818635,0.11723464854559
2023.5732877,2023,7,7.682,0,0.0152238916882267,78.0813384924101,0.0431200144731747,0.129360043419524
2023.5734018,2023,7,8.481,0,0.016584785458129,78.1244585068833,0.0496340462175624,0.148902138652687
2023.573516,2023,7,9.768,0,0.0163836112973792,78.1740925531008,0.0585366057622565,0.175609817286769
2023.5736301,2023,7,11.528,0,0.0158500795410448,78.2326291588631,0.0638994944518032,0.19169848335541
2023.5737443,2023,7,12.594,0,0.0176857315650249,78.2965286533149,0.0677544107206529,0.203263232161959
2023.5738584,2023,7,13.365,0,0.0183481910641066,78.3642830640355,0.0583946430391364,0.175183929117409
2023.5739726,2023,7,11.528,0,0.0178936696731126,78.4226777070747,0.0603143760250049,0.180943128075015
2023.5740868,2023,7,11.916,0,0.018011285316895,78.4829920830997,0.0680788856570445,0.204236656971133
2023.5742009,2023,7,13.461,0,0.0191395641700224,78.5510709687567,0.075772722392955,0.227318167178865
2023.5743151,2023,7,14.996,0,0.0190242193253624,78.6268436911497,0.0713503691111583,0.214051107333475
2023.5744292,2023,7,14.134,0,0.0189203431264007,78.6981940602608,0.0761100984163505,0.228330295249052
2023.5745434,2023,7,15.091,0,0.0208141018217752,78.7743041586772,0.0750747300355386,0.225224190106616
2023.5746575,2023,7,14.9,0,0.0204381374273548,78.8493788887127,0.0817299960928608,0.245189988278582
2023.5747717,2023,7,16.237,0,0.0206941695782928,78.9311088848056,0.0897767174743507,0.269330152423052
2023.5748858,2023,7,17.855,0,0.0211692963948076,79.0208856022799,0.0825065987176288,0.247519796152886
2023.575,2023,7,16.427,0,0.0210563046801704,79.1033922009976,0.078594264979202,0.235782794937606
2023.5751142,2023,7,15.664,0,0.0198407700551393,79.1819864659768,0.0828198485295246,0.248459545588574
